episode,end_step,length,extrinsic_return,shaped_return,success,tv_fraction
0,200,200,0.0,0.0,0,0.205
1,400,200,0.0,0.0,0,0.145
2,600,200,0.0,0.0,0,0.26
3,800,200,0.0,0.0,0,0.04
4,1000,200,0.0,0.0,0,0.025
5,1200,200,0.0,0.0,0,0.085
6,1400,200,0.0,0.0,0,0.085
7,1600,200,0.0,0.0,0,0.145
8,1800,200,0.0,0.0,0,0.105
9,2000,200,0.0,0.0,0,0.205
10,2200,200,0.0,0.0,0,0.23
11,2384,184,0.17199999999999993,0.17199999999999993,1,0.05434782608695652
12,2584,200,0.0,0.0,0,0.1
13,2725,141,0.36550000000000005,0.36550000000000005,1,0.04964539007092199
14,2925,200,0.0,0.0,0,0.065
15,3125,200,0.0,0.0,0,0.295
16,3325,200,0.0,0.0,0,0.165
17,3525,200,0.0,0.0,0,0.015
18,3725,200,0.0,0.0,0,0.19
19,3925,200,0.0,0.0,0,0.03
20,4125,200,0.0,0.0,0,0.16
21,4325,200,0.0,0.0,0,0.23
22,4525,200,0.0,0.0,0,0.085
23,4725,200,0.0,0.0,0,0.13
24,4925,200,0.0,0.0,0,0.185
25,5125,200,0.0,0.0,0,0.33
26,5325,200,0.0,0.0,0,0.025
27,5525,200,0.0,0.0,0,0.105
28,5725,200,0.0,0.0,0,0.34
29,5925,200,0.0,0.0,0,0.06
30,6125,200,0.0,0.0,0,0.085
31,6325,200,0.0,0.0,0,0.16
32,6525,200,0.0,0.0,0,0.125
33,6725,200,0.0,0.0,0,0.305
34,6925,200,0.0,0.0,0,0.095
35,7125,200,0.0,0.0,0,0.21
36,7325,200,0.0,0.0,0,0.325
37,7525,200,0.0,0.0,0,0.255
38,7725,200,0.0,0.0,0,0.135
39,7925,200,0.0,0.0,0,0.245
40,8125,200,0.0,0.0,0,0.16
41,8325,200,0.0,0.0,0,0.21
42,8525,200,0.0,0.0,0,0.37
43,8651,126,0.43299999999999994,0.43299999999999994,1,0.21428571428571427
44,8851,200,0.0,0.0,0,0.23
45,8991,140,0.37,0.37,1,0.04285714285714286
46,9191,200,0.0,0.0,0,0.17
47,9257,66,0.703,0.703,1,0.10606060606060606
48,9457,200,0.0,0.0,0,0.28
49,9657,200,0.0,0.0,0,0.26
50,9766,109,0.5095,0.5095,1,0.3394495412844037
51,9966,200,0.0,0.0,0,0.21
52,10166,200,0.0,0.0,0,0.1
53,10366,200,0.0,0.0,0,0.04
54,10566,200,0.0,0.0,0,0.345
55,10766,200,0.0,0.0,0,0.055
56,10930,164,0.262,0.262,1,0.1402439024390244
57,11069,139,0.37450000000000006,0.37450000000000006,1,0.19424460431654678
58,11179,110,0.5049999999999999,0.5049999999999999,1,0.02727272727272727
59,11350,171,0.23050000000000004,0.23050000000000004,1,0.07602339181286549
60,11550,200,0.0,0.0,0,0.22
61,11684,134,0.3969999999999999,0.3969999999999999,1,0.007462686567164179
62,11884,200,0.0,0.0,0,0.055
63,11953,69,0.6895,0.6895,1,0.08695652173913043
64,12153,200,0.0,0.0,0,0.24
65,12353,200,0.0,0.0,0,0.075
66,12553,200,0.0,0.0,0,0.115
67,12719,166,0.253,0.253,1,0.05421686746987952
68,12893,174,0.21699999999999997,0.21699999999999997,1,0.09195402298850575
69,12968,75,0.6625,0.6625,1,0.08
70,13081,113,0.49150000000000005,0.49150000000000005,1,0.13274336283185842
71,13281,200,0.0,0.0,0,0.085
72,13389,108,0.514,0.514,1,0.009259259259259259
73,13572,183,0.1765,0.1765,1,0.1366120218579235
74,13704,132,0.4059999999999999,0.4059999999999999,1,0.09848484848484848
75,13759,55,0.7525,0.7525,1,0.32727272727272727
76,13959,200,0.0,0.0,0,0.11
77,14159,200,0.0,0.0,0,0.1
78,14359,200,0.0,0.0,0,0.035
79,14559,200,0.0,0.0,0,0.105
80,14615,56,0.748,0.748,1,0.017857142857142856
81,14719,104,0.532,0.532,1,0.14423076923076922
82,14805,86,0.613,0.613,1,0.06976744186046512
83,15005,200,0.0,0.0,0,0.075
84,15122,117,0.47350000000000003,0.47350000000000003,1,0.05982905982905983
85,15254,132,0.4059999999999999,0.4059999999999999,1,0.08333333333333333
86,15329,75,0.6625,0.6625,1,0.08
87,15450,121,0.4555,0.4555,1,0.008264462809917356
88,15505,55,0.7525,0.7525,1,0.14545454545454545
89,15663,158,0.2889999999999999,0.2889999999999999,1,0.0189873417721519
90,15705,42,0.8109999999999999,0.8109999999999999,1,0.11904761904761904
91,15776,71,0.6805,0.6805,1,0.04225352112676056
92,15847,71,0.6805,0.6805,1,0.014084507042253521
93,16047,200,0.0,0.0,0,0.01
94,16116,69,0.6895,0.6895,1,0.14492753623188406
95,16210,94,0.577,0.577,1,0.07446808510638298
96,16290,80,0.6399999999999999,0.6399999999999999,1,0.05
97,16371,81,0.6355,0.6355,1,0.04938271604938271
98,16421,50,0.775,0.775,1,0.08
99,16611,190,0.14500000000000002,0.14500000000000002,1,0.09473684210526316
100,16685,74,0.667,0.667,1,0.12162162162162163
101,16795,110,0.5049999999999999,0.5049999999999999,1,0.00909090909090909
102,16851,56,0.748,0.748,1,0.16071428571428573
103,16943,92,0.586,0.586,1,0.010869565217391304
104,17011,68,0.694,0.694,1,0.17647058823529413
105,17078,67,0.6984999999999999,0.6984999999999999,1,0.014925373134328358
106,17198,120,0.45999999999999996,0.45999999999999996,1,0.016666666666666666
107,17326,128,0.42399999999999993,0.42399999999999993,1,0.046875
108,17465,139,0.37450000000000006,0.37450000000000006,1,0.050359712230215826
109,17532,67,0.6984999999999999,0.6984999999999999,1,0.014925373134328358
110,17589,57,0.7435,0.7435,1,0.10526315789473684
111,17649,60,0.73,0.73,1,0.05
112,17718,69,0.6895,0.6895,1,0.13043478260869565
113,17774,56,0.748,0.748,1,0.03571428571428571
114,17901,127,0.4285,0.4285,1,0.07086614173228346
115,17955,54,0.757,0.757,1,0.018518518518518517
116,17990,35,0.8425,0.8425,1,0.02857142857142857
117,18059,69,0.6895,0.6895,1,0.014492753623188406
118,18152,93,0.5814999999999999,0.5814999999999999,1,0.043010752688172046
119,18279,127,0.4285,0.4285,1,0.2125984251968504
120,18394,115,0.48250000000000004,0.48250000000000004,1,0.11304347826086956
121,18455,61,0.7255,0.7255,1,0.09836065573770492
122,18509,54,0.757,0.757,1,0.05555555555555555
123,18680,171,0.23050000000000004,0.23050000000000004,1,0.0935672514619883
124,18785,105,0.5275,0.5275,1,0.10476190476190476
125,18864,79,0.6445,0.6445,1,0.10126582278481013
126,18908,44,0.802,0.802,1,0.022727272727272728
127,18970,62,0.721,0.721,1,0.0967741935483871
128,19050,80,0.6399999999999999,0.6399999999999999,1,0.05
129,19101,51,0.7705,0.7705,1,0.09803921568627451
130,19207,106,0.5229999999999999,0.5229999999999999,1,0.08490566037735849
131,19296,89,0.5994999999999999,0.5994999999999999,1,0.20224719101123595
132,19336,40,0.82,0.82,1,0.05
133,19536,200,0.0,0.0,0,0.12
134,19616,80,0.6399999999999999,0.6399999999999999,1,0.1
135,19718,102,0.5409999999999999,0.5409999999999999,1,0.0392156862745098
136,19781,63,0.7164999999999999,0.7164999999999999,1,0.09523809523809523
137,19861,80,0.6399999999999999,0.6399999999999999,1,0.1
138,19910,49,0.7795,0.7795,1,0.12244897959183673
139,19988,78,0.649,0.649,1,0.10256410256410256
140,20082,94,0.577,0.577,1,0.010638297872340425
141,20171,89,0.5994999999999999,0.5994999999999999,1,0.06741573033707865
142,20206,35,0.8425,0.8425,1,0.05714285714285714
143,20279,73,0.6715,0.6715,1,0.0547945205479452
144,20358,79,0.6445,0.6445,1,0.11392405063291139
145,20396,38,0.829,0.829,1,0.02631578947368421
146,20445,49,0.7795,0.7795,1,0.20408163265306123
147,20595,150,0.32499999999999996,0.32499999999999996,1,0.18
148,20641,46,0.7929999999999999,0.7929999999999999,1,0.021739130434782608
149,20701,60,0.73,0.73,1,0.18333333333333332
150,20783,82,0.631,0.631,1,0.024390243902439025
151,20836,53,0.7615,0.7615,1,0.2830188679245283
152,20977,141,0.36550000000000005,0.36550000000000005,1,0.0425531914893617
153,21075,98,0.5589999999999999,0.5589999999999999,1,0.17346938775510204
154,21247,172,0.22599999999999998,0.22599999999999998,1,0.05232558139534884
155,21294,47,0.7885,0.7885,1,0.02127659574468085
156,21410,116,0.478,0.478,1,0.034482758620689655
157,21532,122,0.45099999999999996,0.45099999999999996,1,0.04918032786885246
158,21583,51,0.7705,0.7705,1,0.11764705882352941
159,21616,33,0.8514999999999999,0.8514999999999999,1,0.42424242424242425
160,21647,31,0.8605,0.8605,1,0.06451612903225806
161,21732,85,0.6174999999999999,0.6174999999999999,1,0.09411764705882353
162,21788,56,0.748,0.748,1,0.07142857142857142
163,21860,72,0.6759999999999999,0.6759999999999999,1,0.1388888888888889
164,21971,111,0.5005,0.5005,1,0.17117117117117117
165,22036,65,0.7075,0.7075,1,0.2923076923076923
166,22145,109,0.5095,0.5095,1,0.07339449541284404
167,22243,98,0.5589999999999999,0.5589999999999999,1,0.10204081632653061
168,22280,37,0.8335,0.8335,1,0.02702702702702703
169,22319,39,0.8245,0.8245,1,0.02564102564102564
170,22414,95,0.5725,0.5725,1,0.06315789473684211
171,22452,38,0.829,0.829,1,0.07894736842105263
172,22578,126,0.43299999999999994,0.43299999999999994,1,0.20634920634920634
173,22629,51,0.7705,0.7705,1,0.0196078431372549
174,22725,96,0.5680000000000001,0.5680000000000001,1,0.07291666666666667
175,22767,42,0.8109999999999999,0.8109999999999999,1,0.047619047619047616
176,22855,88,0.604,0.604,1,0.022727272727272728
177,22925,70,0.685,0.685,1,0.02857142857142857
178,23119,194,0.127,0.127,1,0.030927835051546393
179,23174,55,0.7525,0.7525,1,0.16363636363636364
180,23302,128,0.42399999999999993,0.42399999999999993,1,0.0234375
181,23366,64,0.712,0.712,1,0.171875
182,23402,36,0.838,0.838,1,0.08333333333333333
183,23521,119,0.4645,0.4645,1,0.01680672268907563
184,23557,36,0.838,0.838,1,0.08333333333333333
185,23621,64,0.712,0.712,1,0.03125
186,23638,17,0.9235,0.9235,1,0.23529411764705882
187,23675,37,0.8335,0.8335,1,0.08108108108108109
188,23740,65,0.7075,0.7075,1,0.03076923076923077
189,23816,76,0.6579999999999999,0.6579999999999999,1,0.02631578947368421
190,23938,122,0.45099999999999996,0.45099999999999996,1,0.08196721311475409
191,24121,183,0.1765,0.1765,1,0.04371584699453552
192,24321,200,0.0,0.0,0,0.01
193,24459,138,0.379,0.379,1,0.06521739130434782
194,24622,163,0.26650000000000007,0.26650000000000007,1,0.012269938650306749
195,24736,114,0.487,0.487,1,0.043859649122807015
196,24780,44,0.802,0.802,1,0.022727272727272728
197,24842,62,0.721,0.721,1,0.06451612903225806
198,24880,38,0.829,0.829,1,0.02631578947368421
199,24964,84,0.622,0.622,1,0.011904761904761904
200,25011,47,0.7885,0.7885,1,0.0425531914893617
201,25095,84,0.622,0.622,1,0.09523809523809523
202,25137,42,0.8109999999999999,0.8109999999999999,1,0.047619047619047616
203,25225,88,0.604,0.604,1,0.011363636363636364
204,25271,46,0.7929999999999999,0.7929999999999999,1,0.021739130434782608
205,25339,68,0.694,0.694,1,0.058823529411764705
206,25367,28,0.874,0.874,1,0.21428571428571427
207,25418,51,0.7705,0.7705,1,0.19607843137254902
208,25577,159,0.2845,0.2845,1,0.006289308176100629
209,25641,64,0.712,0.712,1,0.328125
210,25722,81,0.6355,0.6355,1,0.12345679012345678
211,25775,53,0.7615,0.7615,1,0.09433962264150944
212,25975,200,0.0,0.0,0,0.005
213,26064,89,0.5994999999999999,0.5994999999999999,1,0.02247191011235955
214,26105,41,0.8155,0.8155,1,0.07317073170731707
215,26208,103,0.5365,0.5365,1,0.04854368932038835
216,26321,113,0.49150000000000005,0.49150000000000005,1,0.035398230088495575
217,26369,48,0.784,0.784,1,0.2708333333333333
218,26504,135,0.39249999999999996,0.39249999999999996,1,0.06666666666666667
219,26581,77,0.6535,0.6535,1,0.23376623376623376
220,26618,37,0.8335,0.8335,1,0.08108108108108109
221,26655,37,0.8335,0.8335,1,0.16216216216216217
222,26719,64,0.712,0.712,1,0.390625
223,26813,94,0.577,0.577,1,0.18085106382978725
224,26901,88,0.604,0.604,1,0.022727272727272728
225,26927,26,0.883,0.883,1,0.038461538461538464
226,26959,32,0.856,0.856,1,0.28125
227,27030,71,0.6805,0.6805,1,0.04225352112676056
228,27092,62,0.721,0.721,1,0.04838709677419355
229,27187,95,0.5725,0.5725,1,0.031578947368421054
230,27231,44,0.802,0.802,1,0.022727272727272728
231,27398,167,0.24850000000000005,0.24850000000000005,1,0.03592814371257485
232,27478,80,0.6399999999999999,0.6399999999999999,1,0.0125
233,27643,165,0.25750000000000006,0.25750000000000006,1,0.030303030303030304
234,27762,119,0.4645,0.4645,1,0.025210084033613446
235,27878,116,0.478,0.478,1,0.008620689655172414
236,27980,102,0.5409999999999999,0.5409999999999999,1,0.029411764705882353
237,28028,48,0.784,0.784,1,0.020833333333333332
238,28062,34,0.847,0.847,1,0.058823529411764705
239,28097,35,0.8425,0.8425,1,0.14285714285714285
240,28168,71,0.6805,0.6805,1,0.1267605633802817
241,28214,46,0.7929999999999999,0.7929999999999999,1,0.2826086956521739
242,28289,75,0.6625,0.6625,1,0.10666666666666667
243,28330,41,0.8155,0.8155,1,0.024390243902439025
244,28352,22,0.901,0.901,1,0.045454545454545456
245,28370,18,0.919,0.919,1,0.05555555555555555
246,28410,40,0.82,0.82,1,0.075
247,28457,47,0.7885,0.7885,1,0.0851063829787234
248,28489,32,0.856,0.856,1,0.03125
249,28538,49,0.7795,0.7795,1,0.061224489795918366
250,28577,39,0.8245,0.8245,1,0.02564102564102564
251,28615,38,0.829,0.829,1,0.02631578947368421
252,28645,30,0.865,0.865,1,0.2
253,28669,24,0.892,0.892,1,0.041666666666666664
254,28697,28,0.874,0.874,1,0.2857142857142857
255,28739,42,0.8109999999999999,0.8109999999999999,1,0.07142857142857142
256,28762,23,0.8965,0.8965,1,0.043478260869565216
257,28810,48,0.784,0.784,1,0.020833333333333332
258,28925,115,0.48250000000000004,0.48250000000000004,1,0.008695652173913044
259,28984,59,0.7344999999999999,0.7344999999999999,1,0.0847457627118644
260,29024,40,0.82,0.82,1,0.075
261,29058,34,0.847,0.847,1,0.029411764705882353
262,29092,34,0.847,0.847,1,0.20588235294117646
263,29188,96,0.5680000000000001,0.5680000000000001,1,0.17708333333333334
264,29226,38,0.829,0.829,1,0.07894736842105263
265,29250,24,0.892,0.892,1,0.125
266,29285,35,0.8425,0.8425,1,0.02857142857142857
267,29354,69,0.6895,0.6895,1,0.2898550724637681
268,29426,72,0.6759999999999999,0.6759999999999999,1,0.5694444444444444
269,29463,37,0.8335,0.8335,1,0.1891891891891892
270,29519,56,0.748,0.748,1,0.39285714285714285
271,29561,42,0.8109999999999999,0.8109999999999999,1,0.23809523809523808
272,29593,32,0.856,0.856,1,0.03125
273,29631,38,0.829,0.829,1,0.13157894736842105
274,29682,51,0.7705,0.7705,1,0.4117647058823529
275,29754,72,0.6759999999999999,0.6759999999999999,1,0.06944444444444445
276,29783,29,0.8694999999999999,0.8694999999999999,1,0.06896551724137931
277,29865,82,0.631,0.631,1,0.3048780487804878
278,29916,51,0.7705,0.7705,1,0.09803921568627451
279,29976,60,0.73,0.73,1,0.35
280,30028,52,0.766,0.766,1,0.057692307692307696
281,30073,45,0.7975,0.7975,1,0.022222222222222223
282,30151,78,0.649,0.649,1,0.08974358974358974
283,30188,37,0.8335,0.8335,1,0.08108108108108109
284,30213,25,0.8875,0.8875,1,0.04
285,30241,28,0.874,0.874,1,0.03571428571428571
286,30269,28,0.874,0.874,1,0.10714285714285714
287,30304,35,0.8425,0.8425,1,0.08571428571428572
288,30332,28,0.874,0.874,1,0.03571428571428571
289,30365,33,0.8514999999999999,0.8514999999999999,1,0.030303030303030304
290,30397,32,0.856,0.856,1,0.03125
291,30415,18,0.919,0.919,1,0.05555555555555555
292,30455,40,0.82,0.82,1,0.125
293,30491,36,0.838,0.838,1,0.027777777777777776
294,30573,82,0.631,0.631,1,0.04878048780487805
295,30607,34,0.847,0.847,1,0.17647058823529413
296,30636,29,0.8694999999999999,0.8694999999999999,1,0.27586206896551724
297,30658,22,0.901,0.901,1,0.045454545454545456
298,30707,49,0.7795,0.7795,1,0.02040816326530612
299,30756,49,0.7795,0.7795,1,0.22448979591836735
300,30776,20,0.91,0.91,1,0.05
301,30834,58,0.739,0.739,1,0.034482758620689655
302,30865,31,0.8605,0.8605,1,0.06451612903225806
303,30883,18,0.919,0.919,1,0.05555555555555555
304,30933,50,0.775,0.775,1,0.02
305,30964,31,0.8605,0.8605,1,0.0967741935483871
306,30997,33,0.8514999999999999,0.8514999999999999,1,0.030303030303030304
307,31046,49,0.7795,0.7795,1,0.061224489795918366
308,31080,34,0.847,0.847,1,0.029411764705882353
309,31138,58,0.739,0.739,1,0.25862068965517243
310,31163,25,0.8875,0.8875,1,0.08
311,31189,26,0.883,0.883,1,0.038461538461538464
312,31223,34,0.847,0.847,1,0.029411764705882353
313,31255,32,0.856,0.856,1,0.03125
314,31286,31,0.8605,0.8605,1,0.1935483870967742
315,31309,23,0.8965,0.8965,1,0.043478260869565216
316,31323,14,0.9369999999999999,0.9369999999999999,1,0.07142857142857142
317,31362,39,0.8245,0.8245,1,0.05128205128205128
318,31410,48,0.784,0.784,1,0.020833333333333332
319,31440,30,0.865,0.865,1,0.16666666666666666
320,31469,29,0.8694999999999999,0.8694999999999999,1,0.034482758620689655
321,31495,26,0.883,0.883,1,0.11538461538461539
322,31517,22,0.901,0.901,1,0.045454545454545456
323,31560,43,0.8065,0.8065,1,0.046511627906976744
324,31580,20,0.91,0.91,1,0.15
325,31602,22,0.901,0.901,1,0.13636363636363635
326,31618,16,0.9279999999999999,0.9279999999999999,1,0.0625
327,31646,28,0.874,0.874,1,0.10714285714285714
328,31671,25,0.8875,0.8875,1,0.04
329,31693,22,0.901,0.901,1,0.045454545454545456
330,31716,23,0.8965,0.8965,1,0.043478260869565216
331,31738,22,0.901,0.901,1,0.045454545454545456
332,31773,35,0.8425,0.8425,1,0.14285714285714285
333,31819,46,0.7929999999999999,0.7929999999999999,1,0.021739130434782608
334,31863,44,0.802,0.802,1,0.06818181818181818
335,31891,28,0.874,0.874,1,0.03571428571428571
336,31931,40,0.82,0.82,1,0.125
337,31959,28,0.874,0.874,1,0.03571428571428571
338,32016,57,0.7435,0.7435,1,0.017543859649122806
339,32035,19,0.9145,0.9145,1,0.15789473684210525
340,32055,20,0.91,0.91,1,0.15
341,32114,59,0.7344999999999999,0.7344999999999999,1,0.23728813559322035
342,32155,41,0.8155,0.8155,1,0.07317073170731707
343,32221,66,0.703,0.703,1,0.015151515151515152
344,32268,47,0.7885,0.7885,1,0.02127659574468085
345,32293,25,0.8875,0.8875,1,0.04
346,32336,43,0.8065,0.8065,1,0.023255813953488372
347,32362,26,0.883,0.883,1,0.11538461538461539
348,32382,20,0.91,0.91,1,0.15
349,32406,24,0.892,0.892,1,0.125
350,32439,33,0.8514999999999999,0.8514999999999999,1,0.030303030303030304
351,32453,14,0.9369999999999999,0.9369999999999999,1,0.07142857142857142
352,32477,24,0.892,0.892,1,0.041666666666666664
353,32505,28,0.874,0.874,1,0.03571428571428571
354,32523,18,0.919,0.919,1,0.05555555555555555
355,32545,22,0.901,0.901,1,0.045454545454545456
356,32574,29,0.8694999999999999,0.8694999999999999,1,0.1724137931034483
357,32594,20,0.91,0.91,1,0.25
358,32614,20,0.91,0.91,1,0.05
359,32678,64,0.712,0.712,1,0.125
360,32706,28,0.874,0.874,1,0.03571428571428571
361,32731,25,0.8875,0.8875,1,0.2
362,32760,29,0.8694999999999999,0.8694999999999999,1,0.034482758620689655
363,32789,29,0.8694999999999999,0.8694999999999999,1,0.034482758620689655
364,32808,19,0.9145,0.9145,1,0.05263157894736842
365,32829,21,0.9055,0.9055,1,0.047619047619047616
366,32858,29,0.8694999999999999,0.8694999999999999,1,0.10344827586206896
367,32881,23,0.8965,0.8965,1,0.043478260869565216
368,32910,29,0.8694999999999999,0.8694999999999999,1,0.034482758620689655
369,32939,29,0.8694999999999999,0.8694999999999999,1,0.20689655172413793
370,32986,47,0.7885,0.7885,1,0.02127659574468085
371,33010,24,0.892,0.892,1,0.041666666666666664
372,33040,30,0.865,0.865,1,0.03333333333333333
373,33087,47,0.7885,0.7885,1,0.06382978723404255
374,33119,32,0.856,0.856,1,0.15625
375,33160,41,0.8155,0.8155,1,0.0975609756097561
376,33188,28,0.874,0.874,1,0.10714285714285714
377,33252,64,0.712,0.712,1,0.1875
378,33285,33,0.8514999999999999,0.8514999999999999,1,0.030303030303030304
379,33323,38,0.829,0.829,1,0.02631578947368421
380,33363,40,0.82,0.82,1,0.075
381,33415,52,0.766,0.766,1,0.36538461538461536
382,33438,23,0.8965,0.8965,1,0.08695652173913043
383,33470,32,0.856,0.856,1,0.03125
384,33500,30,0.865,0.865,1,0.03333333333333333
385,33542,42,0.8109999999999999,0.8109999999999999,1,0.07142857142857142
386,33564,22,0.901,0.901,1,0.045454545454545456
387,33580,16,0.9279999999999999,0.9279999999999999,1,0.0625
388,33600,20,0.91,0.91,1,0.05
389,33628,28,0.874,0.874,1,0.03571428571428571
390,33671,43,0.8065,0.8065,1,0.023255813953488372
391,33719,48,0.784,0.784,1,0.10416666666666667
392,33738,19,0.9145,0.9145,1,0.10526315789473684
393,33765,27,0.8785,0.8785,1,0.037037037037037035
394,33789,24,0.892,0.892,1,0.041666666666666664
395,33816,27,0.8785,0.8785,1,0.037037037037037035
396,33846,30,0.865,0.865,1,0.1
397,33893,47,0.7885,0.7885,1,0.1276595744680851
398,33923,30,0.865,0.865,1,0.03333333333333333
399,33950,27,0.8785,0.8785,1,0.2222222222222222
400,33979,29,0.8694999999999999,0.8694999999999999,1,0.034482758620689655
401,34014,35,0.8425,0.8425,1,0.2
402,34050,36,0.838,0.838,1,0.1111111111111111
403,34083,33,0.8514999999999999,0.8514999999999999,1,0.030303030303030304
404,34101,18,0.919,0.919,1,0.05555555555555555
405,34128,27,0.8785,0.8785,1,0.1111111111111111
406,34178,50,0.775,0.775,1,0.02
407,34223,45,0.7975,0.7975,1,0.1111111111111111
408,34253,30,0.865,0.865,1,0.1
409,34272,19,0.9145,0.9145,1,0.05263157894736842
410,34298,26,0.883,0.883,1,0.11538461538461539
411,34331,33,0.8514999999999999,0.8514999999999999,1,0.030303030303030304
412,34359,28,0.874,0.874,1,0.03571428571428571
413,34383,24,0.892,0.892,1,0.041666666666666664
414,34411,28,0.874,0.874,1,0.17857142857142858
415,34441,30,0.865,0.865,1,0.16666666666666666
416,34479,38,0.829,0.829,1,0.02631578947368421
417,34493,14,0.9369999999999999,0.9369999999999999,1,0.07142857142857142
418,34511,18,0.919,0.919,1,0.05555555555555555
419,34546,35,0.8425,0.8425,1,0.02857142857142857
420,34582,36,0.838,0.838,1,0.08333333333333333
421,34614,32,0.856,0.856,1,0.09375
422,34645,31,0.8605,0.8605,1,0.03225806451612903
423,34659,14,0.9369999999999999,0.9369999999999999,1,0.07142857142857142
424,34681,22,0.901,0.901,1,0.3181818181818182
425,34766,85,0.6174999999999999,0.6174999999999999,1,0.023529411764705882
426,34793,27,0.8785,0.8785,1,0.1111111111111111
427,34828,35,0.8425,0.8425,1,0.08571428571428572
428,34867,39,0.8245,0.8245,1,0.07692307692307693
429,34900,33,0.8514999999999999,0.8514999999999999,1,0.030303030303030304
430,34930,30,0.865,0.865,1,0.16666666666666666
431,34957,27,0.8785,0.8785,1,0.037037037037037035
432,34987,30,0.865,0.865,1,0.03333333333333333
433,35001,14,0.9369999999999999,0.9369999999999999,1,0.07142857142857142
434,35041,40,0.82,0.82,1,0.025
435,35082,41,0.8155,0.8155,1,0.024390243902439025
436,35120,38,0.829,0.829,1,0.02631578947368421
437,35138,18,0.919,0.919,1,0.05555555555555555
438,35300,162,0.2709999999999999,0.2709999999999999,1,0.24074074074074073
439,35392,92,0.586,0.586,1,0.16304347826086957
440,35422,30,0.865,0.865,1,0.03333333333333333
441,35506,84,0.622,0.622,1,0.5952380952380952
442,35572,66,0.703,0.703,1,0.16666666666666666
443,35616,44,0.802,0.802,1,0.4090909090909091
444,35650,34,0.847,0.847,1,0.08823529411764706
445,35755,105,0.5275,0.5275,1,0.2761904761904762
446,35793,38,0.829,0.829,1,0.34210526315789475
447,35975,182,0.18099999999999994,0.18099999999999994,1,0.016483516483516484
448,36004,29,0.8694999999999999,0.8694999999999999,1,0.034482758620689655
449,36036,32,0.856,0.856,1,0.03125
450,36050,14,0.9369999999999999,0.9369999999999999,1,0.07142857142857142
451,36092,42,0.8109999999999999,0.8109999999999999,1,0.023809523809523808
452,36116,24,0.892,0.892,1,0.041666666666666664
453,36143,27,0.8785,0.8785,1,0.1111111111111111
454,36172,29,0.8694999999999999,0.8694999999999999,1,0.034482758620689655
455,36199,27,0.8785,0.8785,1,0.18518518518518517
456,36224,25,0.8875,0.8875,1,0.12
457,36238,14,0.9369999999999999,0.9369999999999999,1,0.07142857142857142
458,36260,22,0.901,0.901,1,0.045454545454545456
459,36283,23,0.8965,0.8965,1,0.043478260869565216
460,36307,24,0.892,0.892,1,0.041666666666666664
461,36340,33,0.8514999999999999,0.8514999999999999,1,0.06060606060606061
462,36382,42,0.8109999999999999,0.8109999999999999,1,0.023809523809523808
463,36407,25,0.8875,0.8875,1,0.04
464,36421,14,0.9369999999999999,0.9369999999999999,1,0.07142857142857142
465,36437,16,0.9279999999999999,0.9279999999999999,1,0.0625
466,36470,33,0.8514999999999999,0.8514999999999999,1,0.030303030303030304
467,36506,36,0.838,0.838,1,0.08333333333333333
468,36524,18,0.919,0.919,1,0.05555555555555555
469,36570,46,0.7929999999999999,0.7929999999999999,1,0.13043478260869565
470,36594,24,0.892,0.892,1,0.125
471,36610,16,0.9279999999999999,0.9279999999999999,1,0.0625
472,36639,29,0.8694999999999999,0.8694999999999999,1,0.034482758620689655
473,36661,22,0.901,0.901,1,0.13636363636363635
474,36679,18,0.919,0.919,1,0.05555555555555555
475,36695,16,0.9279999999999999,0.9279999999999999,1,0.0625
476,36711,16,0.9279999999999999,0.9279999999999999,1,0.0625
477,36739,28,0.874,0.874,1,0.03571428571428571
478,36765,26,0.883,0.883,1,0.038461538461538464
479,36797,32,0.856,0.856,1,0.21875
480,36834,37,0.8335,0.8335,1,0.02702702702702703
481,36870,36,0.838,0.838,1,0.027777777777777776
482,36903,33,0.8514999999999999,0.8514999999999999,1,0.030303030303030304
483,36929,26,0.883,0.883,1,0.038461538461538464
484,36960,31,0.8605,0.8605,1,0.03225806451612903
485,36977,17,0.9235,0.9235,1,0.058823529411764705
486,36995,18,0.919,0.919,1,0.2777777777777778
487,37015,20,0.91,0.91,1,0.05
488,37047,32,0.856,0.856,1,0.03125
489,37107,60,0.73,0.73,1,0.2833333333333333
490,37126,19,0.9145,0.9145,1,0.15789473684210525
491,37160,34,0.847,0.847,1,0.5
492,37188,28,0.874,0.874,1,0.32142857142857145
493,37228,40,0.82,0.82,1,0.275
494,37244,16,0.9279999999999999,0.9279999999999999,1,0.0625
495,37272,28,0.874,0.874,1,0.03571428571428571
496,37296,24,0.892,0.892,1,0.375
497,37397,101,0.5455,0.5455,1,0.1782178217821782
498,37415,18,0.919,0.919,1,0.2777777777777778
499,37456,41,0.8155,0.8155,1,0.4634146341463415
500,37476,20,0.91,0.91,1,0.25
501,37520,44,0.802,0.802,1,0.022727272727272728
502,37552,32,0.856,0.856,1,0.53125
503,37609,57,0.7435,0.7435,1,0.5087719298245614
504,37648,39,0.8245,0.8245,1,0.3333333333333333
505,37696,48,0.784,0.784,1,0.3541666666666667
506,37728,32,0.856,0.856,1,0.03125
507,37748,20,0.91,0.91,1,0.15
508,37798,50,0.775,0.775,1,0.24
509,37820,22,0.901,0.901,1,0.3181818181818182
510,37944,124,0.44199999999999995,0.44199999999999995,1,0.1693548387096774
511,38004,60,0.73,0.73,1,0.31666666666666665
512,38036,32,0.856,0.856,1,0.09375
513,38058,22,0.901,0.901,1,0.045454545454545456
514,38084,26,0.883,0.883,1,0.038461538461538464
515,38103,19,0.9145,0.9145,1,0.05263157894736842
516,38123,20,0.91,0.91,1,0.05
517,38144,21,0.9055,0.9055,1,0.047619047619047616
518,38162,18,0.919,0.919,1,0.05555555555555555
519,38178,16,0.9279999999999999,0.9279999999999999,1,0.0625
520,38219,41,0.8155,0.8155,1,0.0975609756097561
521,38260,41,0.8155,0.8155,1,0.024390243902439025
522,38323,63,0.7164999999999999,0.7164999999999999,1,0.07936507936507936
523,38351,28,0.874,0.874,1,0.39285714285714285
524,38375,24,0.892,0.892,1,0.041666666666666664
525,38393,18,0.919,0.919,1,0.05555555555555555
526,38419,26,0.883,0.883,1,0.23076923076923078
527,38462,43,0.8065,0.8065,1,0.023255813953488372
528,38485,23,0.8965,0.8965,1,0.043478260869565216
529,38524,39,0.8245,0.8245,1,0.02564102564102564
530,38578,54,0.757,0.757,1,0.25925925925925924
531,38598,20,0.91,0.91,1,0.05
532,38624,26,0.883,0.883,1,0.038461538461538464
533,38642,18,0.919,0.919,1,0.05555555555555555
534,38680,38,0.829,0.829,1,0.10526315789473684
535,38698,18,0.919,0.919,1,0.05555555555555555
536,38718,20,0.91,0.91,1,0.05
537,38738,20,0.91,0.91,1,0.05
538,38760,22,0.901,0.901,1,0.22727272727272727
539,38784,24,0.892,0.892,1,0.041666666666666664
540,38808,24,0.892,0.892,1,0.041666666666666664
541,38828,20,0.91,0.91,1,0.05
542,38866,38,0.829,0.829,1,0.5263157894736842
543,38900,34,0.847,0.847,1,0.3235294117647059
544,38930,30,0.865,0.865,1,0.5
545,38950,20,0.91,0.91,1,0.05
546,38972,22,0.901,0.901,1,0.22727272727272727
547,38992,20,0.91,0.91,1,0.15
548,39016,24,0.892,0.892,1,0.041666666666666664
549,39042,26,0.883,0.883,1,0.07692307692307693
550,39074,32,0.856,0.856,1,0.03125
551,39116,42,0.8109999999999999,0.8109999999999999,1,0.07142857142857142
552,39136,20,0.91,0.91,1,0.05
553,39155,19,0.9145,0.9145,1,0.05263157894736842
554,39177,22,0.901,0.901,1,0.045454545454545456
555,39215,38,0.829,0.829,1,0.02631578947368421
556,39233,18,0.919,0.919,1,0.05555555555555555
557,39256,23,0.8965,0.8965,1,0.043478260869565216
558,39277,21,0.9055,0.9055,1,0.047619047619047616
559,39304,27,0.8785,0.8785,1,0.037037037037037035
560,39347,43,0.8065,0.8065,1,0.023255813953488372
561,39367,20,0.91,0.91,1,0.05
562,39392,25,0.8875,0.8875,1,0.04
563,39425,33,0.8514999999999999,0.8514999999999999,1,0.030303030303030304
564,39447,22,0.901,0.901,1,0.045454545454545456
565,39461,14,0.9369999999999999,0.9369999999999999,1,0.07142857142857142
566,39548,87,0.6085,0.6085,1,0.04597701149425287
567,39572,24,0.892,0.892,1,0.125
568,39596,24,0.892,0.892,1,0.08333333333333333
569,39614,18,0.919,0.919,1,0.05555555555555555
570,39630,16,0.9279999999999999,0.9279999999999999,1,0.1875
571,39650,20,0.91,0.91,1,0.05
572,39664,14,0.9369999999999999,0.9369999999999999,1,0.07142857142857142
573,39680,16,0.9279999999999999,0.9279999999999999,1,0.0625
574,39696,16,0.9279999999999999,0.9279999999999999,1,0.0625
575,39734,38,0.829,0.829,1,0.02631578947368421
576,39754,20,0.91,0.91,1,0.05
577,39789,35,0.8425,0.8425,1,0.02857142857142857
578,39807,18,0.919,0.919,1,0.05555555555555555
579,39822,15,0.9325,0.9325,1,0.06666666666666667
580,39840,18,0.919,0.919,1,0.05555555555555555
581,39862,22,0.901,0.901,1,0.045454545454545456
582,39878,16,0.9279999999999999,0.9279999999999999,1,0.0625
583,39896,18,0.919,0.919,1,0.05555555555555555
584,39917,21,0.9055,0.9055,1,0.047619047619047616
585,39935,18,0.919,0.919,1,0.05555555555555555
586,39964,29,0.8694999999999999,0.8694999999999999,1,0.034482758620689655
587,40001,37,0.8335,0.8335,1,0.08108108108108109
588,40015,14,0.9369999999999999,0.9369999999999999,1,0.07142857142857142
589,40039,24,0.892,0.892,1,0.041666666666666664
590,40063,24,0.892,0.892,1,0.041666666666666664
591,40095,32,0.856,0.856,1,0.15625
592,40121,26,0.883,0.883,1,0.038461538461538464
593,40193,72,0.6759999999999999,0.6759999999999999,1,0.041666666666666664
594,40215,22,0.901,0.901,1,0.045454545454545456
595,40343,128,0.42399999999999993,0.42399999999999993,1,0.03125
596,40359,16,0.9279999999999999,0.9279999999999999,1,0.0625
597,40376,17,0.9235,0.9235,1,0.058823529411764705
598,40404,28,0.874,0.874,1,0.10714285714285714
599,40420,16,0.9279999999999999,0.9279999999999999,1,0.0625
600,40439,19,0.9145,0.9145,1,0.05263157894736842
601,40461,22,0.901,0.901,1,0.045454545454545456
602,40479,18,0.919,0.919,1,0.05555555555555555
603,40495,16,0.9279999999999999,0.9279999999999999,1,0.0625
604,40527,32,0.856,0.856,1,0.03125
605,40541,14,0.9369999999999999,0.9369999999999999,1,0.07142857142857142
606,40565,24,0.892,0.892,1,0.125
607,40591,26,0.883,0.883,1,0.11538461538461539
608,40629,38,0.829,0.829,1,0.2631578947368421
609,40645,16,0.9279999999999999,0.9279999999999999,1,0.0625
610,40659,14,0.9369999999999999,0.9369999999999999,1,0.07142857142857142
611,40686,27,0.8785,0.8785,1,0.037037037037037035
612,40705,19,0.9145,0.9145,1,0.05263157894736842
613,40721,16,0.9279999999999999,0.9279999999999999,1,0.0625
614,40737,16,0.9279999999999999,0.9279999999999999,1,0.0625
615,40759,22,0.901,0.901,1,0.045454545454545456
616,40779,20,0.91,0.91,1,0.05
617,40796,17,0.9235,0.9235,1,0.058823529411764705
618,40810,14,0.9369999999999999,0.9369999999999999,1,0.07142857142857142
619,40846,36,0.838,0.838,1,0.027777777777777776
620,40880,34,0.847,0.847,1,0.029411764705882353
621,40898,18,0.919,0.919,1,0.05555555555555555
622,40916,18,0.919,0.919,1,0.16666666666666666
623,40937,21,0.9055,0.9055,1,0.047619047619047616
624,40961,24,0.892,0.892,1,0.041666666666666664
625,40993,32,0.856,0.856,1,0.03125
626,41028,35,0.8425,0.8425,1,0.02857142857142857
627,41045,17,0.9235,0.9235,1,0.058823529411764705
628,41062,17,0.9235,0.9235,1,0.058823529411764705
629,41110,48,0.784,0.784,1,0.08333333333333333
630,41126,16,0.9279999999999999,0.9279999999999999,1,0.0625
631,41152,26,0.883,0.883,1,0.038461538461538464
632,41168,16,0.9279999999999999,0.9279999999999999,1,0.0625
633,41184,16,0.9279999999999999,0.9279999999999999,1,0.0625
634,41206,22,0.901,0.901,1,0.045454545454545456
635,41230,24,0.892,0.892,1,0.041666666666666664
636,41250,20,0.91,0.91,1,0.05
637,41289,39,0.8245,0.8245,1,0.02564102564102564
638,41311,22,0.901,0.901,1,0.18181818181818182
639,41327,16,0.9279999999999999,0.9279999999999999,1,0.0625
640,41341,14,0.9369999999999999,0.9369999999999999,1,0.07142857142857142
641,41355,14,0.9369999999999999,0.9369999999999999,1,0.07142857142857142
642,41407,52,0.766,0.766,1,0.038461538461538464
643,41427,20,0.91,0.91,1,0.05
644,41451,24,0.892,0.892,1,0.041666666666666664
645,41471,20,0.91,0.91,1,0.05
646,41485,14,0.9369999999999999,0.9369999999999999,1,0.07142857142857142
647,41507,22,0.901,0.901,1,0.045454545454545456
648,41526,19,0.9145,0.9145,1,0.05263157894736842
649,41545,19,0.9145,0.9145,1,0.15789473684210525
650,41563,18,0.919,0.919,1,0.05555555555555555
651,41593,30,0.865,0.865,1,0.13333333333333333
652,41622,29,0.8694999999999999,0.8694999999999999,1,0.10344827586206896
653,41638,16,0.9279999999999999,0.9279999999999999,1,0.0625
654,41659,21,0.9055,0.9055,1,0.14285714285714285
655,41685,26,0.883,0.883,1,0.038461538461538464
656,41701,16,0.9279999999999999,0.9279999999999999,1,0.0625
657,41717,16,0.9279999999999999,0.9279999999999999,1,0.0625
658,41733,16,0.9279999999999999,0.9279999999999999,1,0.0625
659,41756,23,0.8965,0.8965,1,0.043478260869565216
660,41774,18,0.919,0.919,1,0.05555555555555555
661,41790,16,0.9279999999999999,0.9279999999999999,1,0.0625
662,41834,44,0.802,0.802,1,0.045454545454545456
663,41848,14,0.9369999999999999,0.9369999999999999,1,0.07142857142857142
664,41864,16,0.9279999999999999,0.9279999999999999,1,0.0625
665,41886,22,0.901,0.901,1,0.045454545454545456
666,41904,18,0.919,0.919,1,0.05555555555555555
667,41922,18,0.919,0.919,1,0.05555555555555555
668,41940,18,0.919,0.919,1,0.16666666666666666
669,41958,18,0.919,0.919,1,0.05555555555555555
670,41984,26,0.883,0.883,1,0.038461538461538464
671,42002,18,0.919,0.919,1,0.05555555555555555
672,42097,95,0.5725,0.5725,1,0.05263157894736842
673,42133,36,0.838,0.838,1,0.08333333333333333
674,42209,76,0.6579999999999999,0.6579999999999999,1,0.039473684210526314
675,42233,24,0.892,0.892,1,0.041666666666666664
676,42277,44,0.802,0.802,1,0.022727272727272728
677,42295,18,0.919,0.919,1,0.05555555555555555
678,42311,16,0.9279999999999999,0.9279999999999999,1,0.0625
679,42337,26,0.883,0.883,1,0.038461538461538464
680,42401,64,0.712,0.712,1,0.015625
681,42438,37,0.8335,0.8335,1,0.02702702702702703
682,42454,16,0.9279999999999999,0.9279999999999999,1,0.0625
683,42470,16,0.9279999999999999,0.9279999999999999,1,0.1875
684,42484,14,0.9369999999999999,0.9369999999999999,1,0.07142857142857142
685,42498,14,0.9369999999999999,0.9369999999999999,1,0.07142857142857142
686,42515,17,0.9235,0.9235,1,0.058823529411764705
687,42529,14,0.9369999999999999,0.9369999999999999,1,0.07142857142857142
688,42549,20,0.91,0.91,1,0.05
689,42572,23,0.8965,0.8965,1,0.043478260869565216
690,42591,19,0.9145,0.9145,1,0.15789473684210525
691,42605,14,0.9369999999999999,0.9369999999999999,1,0.07142857142857142
692,42675,70,0.685,0.685,1,0.014285714285714285
693,42735,60,0.73,0.73,1,0.016666666666666666
694,42765,30,0.865,0.865,1,0.03333333333333333
695,42809,44,0.802,0.802,1,0.022727272727272728
696,42833,24,0.892,0.892,1,0.041666666666666664
697,42851,18,0.919,0.919,1,0.16666666666666666
698,42879,28,0.874,0.874,1,0.03571428571428571
699,42895,16,0.9279999999999999,0.9279999999999999,1,0.0625
700,42911,16,0.9279999999999999,0.9279999999999999,1,0.0625
701,42925,14,0.9369999999999999,0.9369999999999999,1,0.07142857142857142
702,42974,49,0.7795,0.7795,1,0.061224489795918366
703,43025,51,0.7705,0.7705,1,0.09803921568627451
704,43112,87,0.6085,0.6085,1,0.011494252873563218
705,43148,36,0.838,0.838,1,0.027777777777777776
706,43207,59,0.7344999999999999,0.7344999999999999,1,0.01694915254237288
707,43296,89,0.5994999999999999,0.5994999999999999,1,0.011235955056179775
708,43328,32,0.856,0.856,1,0.03125
709,43375,47,0.7885,0.7885,1,0.06382978723404255
710,43430,55,0.7525,0.7525,1,0.01818181818181818
711,43480,50,0.775,0.775,1,0.02
712,43496,16,0.9279999999999999,0.9279999999999999,1,0.0625
713,43514,18,0.919,0.919,1,0.16666666666666666
714,43561,47,0.7885,0.7885,1,0.14893617021276595
715,43617,56,0.748,0.748,1,0.017857142857142856
716,43677,60,0.73,0.73,1,0.016666666666666666
717,43693,16,0.9279999999999999,0.9279999999999999,1,0.0625
718,43718,25,0.8875,0.8875,1,0.04
719,43757,39,0.8245,0.8245,1,0.07692307692307693
720,43773,16,0.9279999999999999,0.9279999999999999,1,0.0625
721,43797,24,0.892,0.892,1,0.20833333333333334
722,43821,24,0.892,0.892,1,0.041666666666666664
723,43843,22,0.901,0.901,1,0.045454545454545456
724,43916,73,0.6715,0.6715,1,0.0136986301369863
725,43998,82,0.631,0.631,1,0.012195121951219513
726,44046,48,0.784,0.784,1,0.020833333333333332
727,44088,42,0.8109999999999999,0.8109999999999999,1,0.023809523809523808
728,44133,45,0.7975,0.7975,1,0.022222222222222223
729,44333,200,0.0,0.0,0,0.005
730,44360,27,0.8785,0.8785,1,0.037037037037037035
731,44395,35,0.8425,0.8425,1,0.02857142857142857
732,44478,83,0.6265000000000001,0.6265000000000001,1,0.012048192771084338
733,44509,31,0.8605,0.8605,1,0.03225806451612903
734,44575,66,0.703,0.703,1,0.07575757575757576
735,44617,42,0.8109999999999999,0.8109999999999999,1,0.023809523809523808
736,44636,19,0.9145,0.9145,1,0.15789473684210525
737,44705,69,0.6895,0.6895,1,0.014492753623188406
738,44745,40,0.82,0.82,1,0.025
739,44767,22,0.901,0.901,1,0.045454545454545456
740,44799,32,0.856,0.856,1,0.03125
741,44849,50,0.775,0.775,1,0.06
742,44903,54,0.757,0.757,1,0.018518518518518517
743,44921,18,0.919,0.919,1,0.05555555555555555
744,44943,22,0.901,0.901,1,0.045454545454545456
745,44988,45,0.7975,0.7975,1,0.022222222222222223
746,45021,33,0.8514999999999999,0.8514999999999999,1,0.15151515151515152
747,45174,153,0.3115,0.3115,1,0.0196078431372549
748,45280,106,0.5229999999999999,0.5229999999999999,1,0.02830188679245283
749,45389,109,0.5095,0.5095,1,0.009174311926605505
750,45534,145,0.34750000000000003,0.34750000000000003,1,0.006896551724137931
751,45734,200,0.0,0.0,0,0.005
752,45761,27,0.8785,0.8785,1,0.037037037037037035
753,45809,48,0.784,0.784,1,0.0625
754,46006,197,0.11350000000000005,0.11350000000000005,1,0.005076142131979695
755,46206,200,0.0,0.0,0,0.005
756,46406,200,0.0,0.0,0,0.015
757,46451,45,0.7975,0.7975,1,0.022222222222222223
758,46651,200,0.0,0.0,0,0.025
759,46851,200,0.0,0.0,0,0.005
760,46916,65,0.7075,0.7075,1,0.07692307692307693
761,47104,188,0.15400000000000003,0.15400000000000003,1,0.005319148936170213
762,47270,166,0.253,0.253,1,0.024096385542168676
763,47470,200,0.0,0.0,0,0.6
764,47638,168,0.244,0.244,1,0.06547619047619048
765,47733,95,0.5725,0.5725,1,0.24210526315789474
766,47874,141,0.36550000000000005,0.36550000000000005,1,0.1276595744680851
767,47924,50,0.775,0.775,1,0.64
768,48020,96,0.5680000000000001,0.5680000000000001,1,0.71875
769,48107,87,0.6085,0.6085,1,0.011494252873563218
770,48237,130,0.4149999999999999,0.4149999999999999,1,0.007692307692307693
771,48357,120,0.45999999999999996,0.45999999999999996,1,0.008333333333333333
772,48413,56,0.748,0.748,1,0.017857142857142856
773,48451,38,0.829,0.829,1,0.4473684210526316
774,48513,62,0.721,0.721,1,0.016129032258064516
775,48541,28,0.874,0.874,1,0.03571428571428571
776,48579,38,0.829,0.829,1,0.07894736842105263
777,48683,104,0.532,0.532,1,0.08653846153846154
778,48725,42,0.8109999999999999,0.8109999999999999,1,0.023809523809523808
779,48756,31,0.8605,0.8605,1,0.0967741935483871
780,48776,20,0.91,0.91,1,0.25
781,48795,19,0.9145,0.9145,1,0.05263157894736842
782,48821,26,0.883,0.883,1,0.038461538461538464
783,48861,40,0.82,0.82,1,0.175
784,48903,42,0.8109999999999999,0.8109999999999999,1,0.023809523809523808
785,48925,22,0.901,0.901,1,0.045454545454545456
786,49081,156,0.29799999999999993,0.29799999999999993,1,0.00641025641025641
787,49102,21,0.9055,0.9055,1,0.047619047619047616
788,49149,47,0.7885,0.7885,1,0.02127659574468085
789,49220,71,0.6805,0.6805,1,0.014084507042253521
790,49420,200,0.0,0.0,0,0.005
791,49444,24,0.892,0.892,1,0.041666666666666664
792,49490,46,0.7929999999999999,0.7929999999999999,1,0.021739130434782608
793,49570,80,0.6399999999999999,0.6399999999999999,1,0.0125
794,49623,53,0.7615,0.7615,1,0.018867924528301886
795,49685,62,0.721,0.721,1,0.016129032258064516
796,49885,200,0.0,0.0,0,0.015
797,49938,53,0.7615,0.7615,1,0.018867924528301886
798,50008,70,0.685,0.685,1,0.014285714285714285
799,50024,16,0.9279999999999999,0.9279999999999999,1,0.0625
800,50084,60,0.73,0.73,1,0.016666666666666666
801,50196,112,0.4959999999999999,0.4959999999999999,1,0.008928571428571428
802,50359,163,0.26650000000000007,0.26650000000000007,1,0.006134969325153374
803,50381,22,0.901,0.901,1,0.045454545454545456
804,50403,22,0.901,0.901,1,0.045454545454545456
805,50417,14,0.9369999999999999,0.9369999999999999,1,0.07142857142857142
806,50517,100,0.55,0.55,1,0.01
807,50536,19,0.9145,0.9145,1,0.05263157894736842
808,50667,131,0.4105,0.4105,1,0.007633587786259542
809,50695,28,0.874,0.874,1,0.03571428571428571
810,50711,16,0.9279999999999999,0.9279999999999999,1,0.0625
811,50729,18,0.919,0.919,1,0.05555555555555555
812,50755,26,0.883,0.883,1,0.038461538461538464
813,50838,83,0.6265000000000001,0.6265000000000001,1,0.012048192771084338
814,51013,175,0.21250000000000002,0.21250000000000002,1,0.005714285714285714
815,51035,22,0.901,0.901,1,0.045454545454545456
816,51055,20,0.91,0.91,1,0.05
817,51097,42,0.8109999999999999,0.8109999999999999,1,0.023809523809523808
818,51133,36,0.838,0.838,1,0.027777777777777776
819,51147,14,0.9369999999999999,0.9369999999999999,1,0.07142857142857142
820,51161,14,0.9369999999999999,0.9369999999999999,1,0.07142857142857142
821,51241,80,0.6399999999999999,0.6399999999999999,1,0.0125
822,51271,30,0.865,0.865,1,0.03333333333333333
823,51297,26,0.883,0.883,1,0.038461538461538464
824,51315,18,0.919,0.919,1,0.05555555555555555
825,51331,16,0.9279999999999999,0.9279999999999999,1,0.0625
826,51355,24,0.892,0.892,1,0.041666666666666664
827,51419,64,0.712,0.712,1,0.015625
828,51465,46,0.7929999999999999,0.7929999999999999,1,0.021739130434782608
829,51481,16,0.9279999999999999,0.9279999999999999,1,0.0625
830,51497,16,0.9279999999999999,0.9279999999999999,1,0.0625
831,51521,24,0.892,0.892,1,0.041666666666666664
832,51535,14,0.9369999999999999,0.9369999999999999,1,0.07142857142857142
833,51551,16,0.9279999999999999,0.9279999999999999,1,0.0625
834,51567,16,0.9279999999999999,0.9279999999999999,1,0.0625
835,51583,16,0.9279999999999999,0.9279999999999999,1,0.0625
836,51621,38,0.829,0.829,1,0.02631578947368421
837,51669,48,0.784,0.784,1,0.020833333333333332
838,51713,44,0.802,0.802,1,0.022727272727272728
839,51727,14,0.9369999999999999,0.9369999999999999,1,0.07142857142857142
840,51741,14,0.9369999999999999,0.9369999999999999,1,0.07142857142857142
841,51757,16,0.9279999999999999,0.9279999999999999,1,0.0625
842,51771,14,0.9369999999999999,0.9369999999999999,1,0.07142857142857142
843,51801,30,0.865,0.865,1,0.1
844,51817,16,0.9279999999999999,0.9279999999999999,1,0.0625
845,51849,32,0.856,0.856,1,0.03125
846,51863,14,0.9369999999999999,0.9369999999999999,1,0.07142857142857142
847,51883,20,0.91,0.91,1,0.05
848,51941,58,0.739,0.739,1,0.017241379310344827
849,51963,22,0.901,0.901,1,0.045454545454545456
850,52007,44,0.802,0.802,1,0.022727272727272728
851,52035,28,0.874,0.874,1,0.03571428571428571
852,52049,14,0.9369999999999999,0.9369999999999999,1,0.07142857142857142
853,52079,30,0.865,0.865,1,0.03333333333333333
854,52105,26,0.883,0.883,1,0.038461538461538464
855,52119,14,0.9369999999999999,0.9369999999999999,1,0.07142857142857142
856,52133,14,0.9369999999999999,0.9369999999999999,1,0.07142857142857142
857,52147,14,0.9369999999999999,0.9369999999999999,1,0.07142857142857142
858,52161,14,0.9369999999999999,0.9369999999999999,1,0.07142857142857142
859,52175,14,0.9369999999999999,0.9369999999999999,1,0.07142857142857142
860,52189,14,0.9369999999999999,0.9369999999999999,1,0.07142857142857142
861,52203,14,0.9369999999999999,0.9369999999999999,1,0.07142857142857142
862,52219,16,0.9279999999999999,0.9279999999999999,1,0.0625
863,52233,14,0.9369999999999999,0.9369999999999999,1,0.07142857142857142
864,52247,14,0.9369999999999999,0.9369999999999999,1,0.07142857142857142
865,52267,20,0.91,0.91,1,0.05
866,52281,14,0.9369999999999999,0.9369999999999999,1,0.07142857142857142
867,52295,14,0.9369999999999999,0.9369999999999999,1,0.07142857142857142
868,52311,16,0.9279999999999999,0.9279999999999999,1,0.0625
869,52325,14,0.9369999999999999,0.9369999999999999,1,0.07142857142857142
870,52339,14,0.9369999999999999,0.9369999999999999,1,0.07142857142857142
871,52353,14,0.9369999999999999,0.9369999999999999,1,0.07142857142857142
872,52367,14,0.9369999999999999,0.9369999999999999,1,0.07142857142857142
873,52385,18,0.919,0.919,1,0.05555555555555555
874,52403,18,0.919,0.919,1,0.16666666666666666
875,52423,20,0.91,0.91,1,0.05
876,52459,36,0.838,0.838,1,0.027777777777777776
877,52473,14,0.9369999999999999,0.9369999999999999,1,0.07142857142857142
878,52487,14,0.9369999999999999,0.9369999999999999,1,0.07142857142857142
879,52501,14,0.9369999999999999,0.9369999999999999,1,0.07142857142857142
880,52517,16,0.9279999999999999,0.9279999999999999,1,0.0625
881,52541,24,0.892,0.892,1,0.041666666666666664
882,52561,20,0.91,0.91,1,0.05
883,52585,24,0.892,0.892,1,0.041666666666666664
884,52603,18,0.919,0.919,1,0.05555555555555555
885,52619,16,0.9279999999999999,0.9279999999999999,1,0.0625
886,52633,14,0.9369999999999999,0.9369999999999999,1,0.07142857142857142
887,52650,17,0.9235,0.9235,1,0.058823529411764705
888,52664,14,0.9369999999999999,0.9369999999999999,1,0.07142857142857142
889,52678,14,0.9369999999999999,0.9369999999999999,1,0.07142857142857142
890,52692,14,0.9369999999999999,0.9369999999999999,1,0.07142857142857142
891,52706,14,0.9369999999999999,0.9369999999999999,1,0.07142857142857142
892,52728,22,0.901,0.901,1,0.045454545454545456
893,52742,14,0.9369999999999999,0.9369999999999999,1,0.07142857142857142
894,52764,22,0.901,0.901,1,0.045454545454545456
895,52778,14,0.9369999999999999,0.9369999999999999,1,0.07142857142857142
896,52792,14,0.9369999999999999,0.9369999999999999,1,0.07142857142857142
897,52806,14,0.9369999999999999,0.9369999999999999,1,0.07142857142857142
898,52820,14,0.9369999999999999,0.9369999999999999,1,0.07142857142857142
899,52834,14,0.9369999999999999,0.9369999999999999,1,0.07142857142857142
900,52850,16,0.9279999999999999,0.9279999999999999,1,0.0625
901,52864,14,0.9369999999999999,0.9369999999999999,1,0.07142857142857142
902,52880,16,0.9279999999999999,0.9279999999999999,1,0.0625
903,52894,14,0.9369999999999999,0.9369999999999999,1,0.07142857142857142
904,52908,14,0.9369999999999999,0.9369999999999999,1,0.07142857142857142
905,52924,16,0.9279999999999999,0.9279999999999999,1,0.1875
906,52940,16,0.9279999999999999,0.9279999999999999,1,0.0625
907,52954,14,0.9369999999999999,0.9369999999999999,1,0.07142857142857142
908,52970,16,0.9279999999999999,0.9279999999999999,1,0.0625
909,52984,14,0.9369999999999999,0.9369999999999999,1,0.07142857142857142
910,52998,14,0.9369999999999999,0.9369999999999999,1,0.07142857142857142
911,53072,74,0.667,0.667,1,0.013513513513513514
912,53112,40,0.82,0.82,1,0.075
913,53129,17,0.9235,0.9235,1,0.058823529411764705
914,53189,60,0.73,0.73,1,0.7833333333333333
915,53217,28,0.874,0.874,1,0.5357142857142857
916,53255,38,0.829,0.829,1,0.6578947368421053
917,53288,33,0.8514999999999999,0.8514999999999999,1,0.5151515151515151
918,53304,16,0.9279999999999999,0.9279999999999999,1,0.1875
919,53348,44,0.802,0.802,1,0.6363636363636364
920,53376,28,0.874,0.874,1,0.5357142857142857
921,53432,56,0.748,0.748,1,0.7142857142857143
922,53454,22,0.901,0.901,1,0.13636363636363635
923,53475,21,0.9055,0.9055,1,0.047619047619047616
924,53489,14,0.9369999999999999,0.9369999999999999,1,0.07142857142857142
925,53535,46,0.7929999999999999,0.7929999999999999,1,0.15217391304347827
926,53575,40,0.82,0.82,1,0.625
927,53619,44,0.802,0.802,1,0.5909090909090909
928,53633,14,0.9369999999999999,0.9369999999999999,1,0.07142857142857142
929,53649,16,0.9279999999999999,0.9279999999999999,1,0.0625
930,53665,16,0.9279999999999999,0.9279999999999999,1,0.0625
931,53679,14,0.9369999999999999,0.9369999999999999,1,0.07142857142857142
932,53709,30,0.865,0.865,1,0.5666666666666667
933,53737,28,0.874,0.874,1,0.5357142857142857
934,53751,14,0.9369999999999999,0.9369999999999999,1,0.07142857142857142
935,53847,96,0.5680000000000001,0.5680000000000001,1,0.75
936,53861,14,0.9369999999999999,0.9369999999999999,1,0.07142857142857142
937,53877,16,0.9279999999999999,0.9279999999999999,1,0.0625
938,53891,14,0.9369999999999999,0.9369999999999999,1,0.07142857142857142
939,53905,14,0.9369999999999999,0.9369999999999999,1,0.07142857142857142
940,54039,134,0.3969999999999999,0.3969999999999999,1,0.6567164179104478
941,54053,14,0.9369999999999999,0.9369999999999999,1,0.07142857142857142
942,54067,14,0.9369999999999999,0.9369999999999999,1,0.07142857142857142
943,54081,14,0.9369999999999999,0.9369999999999999,1,0.07142857142857142
944,54095,14,0.9369999999999999,0.9369999999999999,1,0.07142857142857142
945,54111,16,0.9279999999999999,0.9279999999999999,1,0.1875
946,54125,14,0.9369999999999999,0.9369999999999999,1,0.07142857142857142
947,54145,20,0.91,0.91,1,0.05
948,54159,14,0.9369999999999999,0.9369999999999999,1,0.07142857142857142
949,54173,14,0.9369999999999999,0.9369999999999999,1,0.07142857142857142
950,54187,14,0.9369999999999999,0.9369999999999999,1,0.07142857142857142
951,54201,14,0.9369999999999999,0.9369999999999999,1,0.07142857142857142
952,54215,14,0.9369999999999999,0.9369999999999999,1,0.07142857142857142
953,54231,16,0.9279999999999999,0.9279999999999999,1,0.0625
954,54249,18,0.919,0.919,1,0.05555555555555555
955,54263,14,0.9369999999999999,0.9369999999999999,1,0.07142857142857142
956,54277,14,0.9369999999999999,0.9369999999999999,1,0.07142857142857142
957,54291,14,0.9369999999999999,0.9369999999999999,1,0.07142857142857142
958,54315,24,0.892,0.892,1,0.041666666666666664
959,54339,24,0.892,0.892,1,0.041666666666666664
960,54363,24,0.892,0.892,1,0.041666666666666664
961,54377,14,0.9369999999999999,0.9369999999999999,1,0.07142857142857142
962,54465,88,0.604,0.604,1,0.011363636363636364
963,54493,28,0.874,0.874,1,0.03571428571428571
964,54515,22,0.901,0.901,1,0.045454545454545456
965,54531,16,0.9279999999999999,0.9279999999999999,1,0.0625
966,54545,14,0.9369999999999999,0.9369999999999999,1,0.07142857142857142
967,54559,14,0.9369999999999999,0.9369999999999999,1,0.07142857142857142
968,54575,16,0.9279999999999999,0.9279999999999999,1,0.0625
969,54589,14,0.9369999999999999,0.9369999999999999,1,0.07142857142857142
970,54621,32,0.856,0.856,1,0.03125
971,54653,32,0.856,0.856,1,0.03125
972,54671,18,0.919,0.919,1,0.05555555555555555
973,54695,24,0.892,0.892,1,0.041666666666666664
974,54709,14,0.9369999999999999,0.9369999999999999,1,0.07142857142857142
975,54745,36,0.838,0.838,1,0.027777777777777776
976,54797,52,0.766,0.766,1,0.019230769230769232
977,54811,14,0.9369999999999999,0.9369999999999999,1,0.07142857142857142
978,54827,16,0.9279999999999999,0.9279999999999999,1,0.0625
979,54843,16,0.9279999999999999,0.9279999999999999,1,0.0625
980,54857,14,0.9369999999999999,0.9369999999999999,1,0.07142857142857142
981,54873,16,0.9279999999999999,0.9279999999999999,1,0.0625
982,54916,43,0.8065,0.8065,1,0.023255813953488372
983,55012,96,0.5680000000000001,0.5680000000000001,1,0.010416666666666666
984,55032,20,0.91,0.91,1,0.05
985,55046,14,0.9369999999999999,0.9369999999999999,1,0.07142857142857142
986,55120,74,0.667,0.667,1,0.8243243243243243
987,55150,30,0.865,0.865,1,0.5666666666666667
988,55164,14,0.9369999999999999,0.9369999999999999,1,0.07142857142857142
989,55203,39,0.8245,0.8245,1,0.1282051282051282
990,55248,45,0.7975,0.7975,1,0.6888888888888889
991,55262,14,0.9369999999999999,0.9369999999999999,1,0.07142857142857142
992,55280,18,0.919,0.919,1,0.05555555555555555
993,55314,34,0.847,0.847,1,0.08823529411764706
994,55330,16,0.9279999999999999,0.9279999999999999,1,0.0625
995,55344,14,0.9369999999999999,0.9369999999999999,1,0.07142857142857142
996,55358,14,0.9369999999999999,0.9369999999999999,1,0.07142857142857142
997,55372,14,0.9369999999999999,0.9369999999999999,1,0.07142857142857142
998,55394,22,0.901,0.901,1,0.045454545454545456
999,55420,26,0.883,0.883,1,0.4230769230769231
1000,55440,20,0.91,0.91,1,0.35
1001,55464,24,0.892,0.892,1,0.4583333333333333
1002,55490,26,0.883,0.883,1,0.5
1003,55520,30,0.865,0.865,1,0.5666666666666667
1004,55534,14,0.9369999999999999,0.9369999999999999,1,0.07142857142857142
1005,55548,14,0.9369999999999999,0.9369999999999999,1,0.07142857142857142
1006,55562,14,0.9369999999999999,0.9369999999999999,1,0.07142857142857142
1007,55641,79,0.6445,0.6445,1,0.4050632911392405
1008,55655,14,0.9369999999999999,0.9369999999999999,1,0.07142857142857142
1009,55683,28,0.874,0.874,1,0.03571428571428571
1010,55761,78,0.649,0.649,1,0.10256410256410256
1011,55829,68,0.694,0.694,1,0.75
1012,55855,26,0.883,0.883,1,0.5
1013,55871,16,0.9279999999999999,0.9279999999999999,1,0.0625
1014,55885,14,0.9369999999999999,0.9369999999999999,1,0.07142857142857142
1015,55937,52,0.766,0.766,1,0.46153846153846156
1016,55953,16,0.9279999999999999,0.9279999999999999,1,0.0625
1017,55973,20,0.91,0.91,1,0.05
1018,56001,28,0.874,0.874,1,0.03571428571428571
1019,56017,16,0.9279999999999999,0.9279999999999999,1,0.0625
1020,56031,14,0.9369999999999999,0.9369999999999999,1,0.07142857142857142
1021,56049,18,0.919,0.919,1,0.05555555555555555
1022,56063,14,0.9369999999999999,0.9369999999999999,1,0.07142857142857142
1023,56079,16,0.9279999999999999,0.9279999999999999,1,0.0625
1024,56093,14,0.9369999999999999,0.9369999999999999,1,0.07142857142857142
1025,56107,14,0.9369999999999999,0.9369999999999999,1,0.07142857142857142
1026,56123,16,0.9279999999999999,0.9279999999999999,1,0.0625
1027,56139,16,0.9279999999999999,0.9279999999999999,1,0.1875
1028,56153,14,0.9369999999999999,0.9369999999999999,1,0.07142857142857142
1029,56167,14,0.9369999999999999,0.9369999999999999,1,0.07142857142857142
1030,56181,14,0.9369999999999999,0.9369999999999999,1,0.07142857142857142
1031,56195,14,0.9369999999999999,0.9369999999999999,1,0.07142857142857142
1032,56209,14,0.9369999999999999,0.9369999999999999,1,0.07142857142857142
1033,56223,14,0.9369999999999999,0.9369999999999999,1,0.07142857142857142
1034,56241,18,0.919,0.919,1,0.16666666666666666
1035,56255,14,0.9369999999999999,0.9369999999999999,1,0.07142857142857142
1036,56269,14,0.9369999999999999,0.9369999999999999,1,0.07142857142857142
1037,56283,14,0.9369999999999999,0.9369999999999999,1,0.07142857142857142
1038,56307,24,0.892,0.892,1,0.041666666666666664
1039,56325,18,0.919,0.919,1,0.05555555555555555
1040,56343,18,0.919,0.919,1,0.05555555555555555
1041,56365,22,0.901,0.901,1,0.045454545454545456
1042,56379,14,0.9369999999999999,0.9369999999999999,1,0.07142857142857142
1043,56393,14,0.9369999999999999,0.9369999999999999,1,0.07142857142857142
1044,56411,18,0.919,0.919,1,0.05555555555555555
1045,56427,16,0.9279999999999999,0.9279999999999999,1,0.0625
1046,56441,14,0.9369999999999999,0.9369999999999999,1,0.07142857142857142
1047,56455,14,0.9369999999999999,0.9369999999999999,1,0.07142857142857142
1048,56469,14,0.9369999999999999,0.9369999999999999,1,0.07142857142857142
1049,56493,24,0.892,0.892,1,0.041666666666666664
1050,56517,24,0.892,0.892,1,0.041666666666666664
1051,56533,16,0.9279999999999999,0.9279999999999999,1,0.0625
1052,56549,16,0.9279999999999999,0.9279999999999999,1,0.0625
1053,56563,14,0.9369999999999999,0.9369999999999999,1,0.07142857142857142
1054,56603,40,0.82,0.82,1,0.15
1055,56617,14,0.9369999999999999,0.9369999999999999,1,0.07142857142857142
1056,56631,14,0.9369999999999999,0.9369999999999999,1,0.07142857142857142
1057,56645,14,0.9369999999999999,0.9369999999999999,1,0.07142857142857142
1058,56659,14,0.9369999999999999,0.9369999999999999,1,0.07142857142857142
1059,56681,22,0.901,0.901,1,0.13636363636363635
1060,56695,14,0.9369999999999999,0.9369999999999999,1,0.07142857142857142
1061,56711,16,0.9279999999999999,0.9279999999999999,1,0.0625
1062,56725,14,0.9369999999999999,0.9369999999999999,1,0.07142857142857142
1063,56739,14,0.9369999999999999,0.9369999999999999,1,0.07142857142857142
1064,56762,23,0.8965,0.8965,1,0.043478260869565216
1065,56780,18,0.919,0.919,1,0.05555555555555555
1066,56796,16,0.9279999999999999,0.9279999999999999,1,0.1875
1067,56812,16,0.9279999999999999,0.9279999999999999,1,0.1875
1068,56826,14,0.9369999999999999,0.9369999999999999,1,0.07142857142857142
1069,56840,14,0.9369999999999999,0.9369999999999999,1,0.07142857142857142
1070,56858,18,0.919,0.919,1,0.05555555555555555
1071,56872,14,0.9369999999999999,0.9369999999999999,1,0.07142857142857142
1072,56892,20,0.91,0.91,1,0.05
1073,56906,14,0.9369999999999999,0.9369999999999999,1,0.07142857142857142
1074,56920,14,0.9369999999999999,0.9369999999999999,1,0.07142857142857142
1075,56934,14,0.9369999999999999,0.9369999999999999,1,0.07142857142857142
1076,56964,30,0.865,0.865,1,0.03333333333333333
1077,56978,14,0.9369999999999999,0.9369999999999999,1,0.07142857142857142
1078,56994,16,0.9279999999999999,0.9279999999999999,1,0.1875
1079,57010,16,0.9279999999999999,0.9279999999999999,1,0.0625
1080,57024,14,0.9369999999999999,0.9369999999999999,1,0.07142857142857142
1081,57038,14,0.9369999999999999,0.9369999999999999,1,0.07142857142857142
1082,57052,14,0.9369999999999999,0.9369999999999999,1,0.07142857142857142
1083,57070,18,0.919,0.919,1,0.05555555555555555
1084,57084,14,0.9369999999999999,0.9369999999999999,1,0.07142857142857142
1085,57098,14,0.9369999999999999,0.9369999999999999,1,0.07142857142857142
1086,57114,16,0.9279999999999999,0.9279999999999999,1,0.1875
1087,57136,22,0.901,0.901,1,0.045454545454545456
1088,57178,42,0.8109999999999999,0.8109999999999999,1,0.5714285714285714
1089,57204,26,0.883,0.883,1,0.4230769230769231
1090,57222,18,0.919,0.919,1,0.2777777777777778
1091,57238,16,0.9279999999999999,0.9279999999999999,1,0.0625
1092,57280,42,0.8109999999999999,0.8109999999999999,1,0.5476190476190477
1093,57294,14,0.9369999999999999,0.9369999999999999,1,0.07142857142857142
1094,57308,14,0.9369999999999999,0.9369999999999999,1,0.07142857142857142
1095,57322,14,0.9369999999999999,0.9369999999999999,1,0.07142857142857142
1096,57368,46,0.7929999999999999,0.7929999999999999,1,0.717391304347826
1097,57421,53,0.7615,0.7615,1,0.2830188679245283
1098,57489,68,0.694,0.694,1,0.08823529411764706
1099,57505,16,0.9279999999999999,0.9279999999999999,1,0.1875
1100,57519,14,0.9369999999999999,0.9369999999999999,1,0.07142857142857142
1101,57533,14,0.9369999999999999,0.9369999999999999,1,0.07142857142857142
1102,57553,20,0.91,0.91,1,0.05
1103,57567,14,0.9369999999999999,0.9369999999999999,1,0.07142857142857142
1104,57647,80,0.6399999999999999,0.6399999999999999,1,0.025
1105,57663,16,0.9279999999999999,0.9279999999999999,1,0.0625
1106,57801,138,0.379,0.379,1,0.10144927536231885
1107,57821,20,0.91,0.91,1,0.35
1108,57867,46,0.7929999999999999,0.7929999999999999,1,0.17391304347826086
1109,57907,40,0.82,0.82,1,0.675
1110,57969,62,0.721,0.721,1,0.7903225806451613
1111,57992,23,0.8965,0.8965,1,0.08695652173913043
1112,58006,14,0.9369999999999999,0.9369999999999999,1,0.07142857142857142
1113,58020,14,0.9369999999999999,0.9369999999999999,1,0.07142857142857142
1114,58034,14,0.9369999999999999,0.9369999999999999,1,0.07142857142857142
1115,58050,16,0.9279999999999999,0.9279999999999999,1,0.1875
1116,58064,14,0.9369999999999999,0.9369999999999999,1,0.07142857142857142
1117,58080,16,0.9279999999999999,0.9279999999999999,1,0.0625
1118,58096,16,0.9279999999999999,0.9279999999999999,1,0.0625
1119,58112,16,0.9279999999999999,0.9279999999999999,1,0.0625
1120,58126,14,0.9369999999999999,0.9369999999999999,1,0.07142857142857142
1121,58140,14,0.9369999999999999,0.9369999999999999,1,0.07142857142857142
1122,58154,14,0.9369999999999999,0.9369999999999999,1,0.07142857142857142
1123,58168,14,0.9369999999999999,0.9369999999999999,1,0.07142857142857142
1124,58182,14,0.9369999999999999,0.9369999999999999,1,0.07142857142857142
1125,58202,20,0.91,0.91,1,0.05
1126,58216,14,0.9369999999999999,0.9369999999999999,1,0.07142857142857142
1127,58250,34,0.847,0.847,1,0.029411764705882353
1128,58264,14,0.9369999999999999,0.9369999999999999,1,0.07142857142857142
1129,58292,28,0.874,0.874,1,0.03571428571428571
1130,58314,22,0.901,0.901,1,0.4090909090909091
1131,58328,14,0.9369999999999999,0.9369999999999999,1,0.07142857142857142
1132,58342,14,0.9369999999999999,0.9369999999999999,1,0.07142857142857142
1133,58356,14,0.9369999999999999,0.9369999999999999,1,0.07142857142857142
1134,58370,14,0.9369999999999999,0.9369999999999999,1,0.07142857142857142
1135,58386,16,0.9279999999999999,0.9279999999999999,1,0.0625
1136,58400,14,0.9369999999999999,0.9369999999999999,1,0.07142857142857142
1137,58417,17,0.9235,0.9235,1,0.058823529411764705
1138,58437,20,0.91,0.91,1,0.35
1139,58533,96,0.5680000000000001,0.5680000000000001,1,0.010416666666666666
1140,58547,14,0.9369999999999999,0.9369999999999999,1,0.07142857142857142
1141,58561,14,0.9369999999999999,0.9369999999999999,1,0.07142857142857142
1142,58577,16,0.9279999999999999,0.9279999999999999,1,0.0625
1143,58777,200,0.0,0.0,0,0.02
1144,58792,15,0.9325,0.9325,1,0.06666666666666667
1145,58812,20,0.91,0.91,1,0.05
1146,58828,16,0.9279999999999999,0.9279999999999999,1,0.0625
1147,58854,26,0.883,0.883,1,0.4230769230769231
1148,58868,14,0.9369999999999999,0.9369999999999999,1,0.07142857142857142
1149,59068,200,0.0,0.0,0,0.005
1150,59207,139,0.37450000000000006,0.37450000000000006,1,0.007194244604316547
1151,59223,16,0.9279999999999999,0.9279999999999999,1,0.0625
1152,59237,14,0.9369999999999999,0.9369999999999999,1,0.07142857142857142
1153,59251,14,0.9369999999999999,0.9369999999999999,1,0.07142857142857142
1154,59265,14,0.9369999999999999,0.9369999999999999,1,0.07142857142857142
1155,59303,38,0.829,0.829,1,0.02631578947368421
1156,59329,26,0.883,0.883,1,0.038461538461538464
1157,59343,14,0.9369999999999999,0.9369999999999999,1,0.07142857142857142
1158,59379,36,0.838,0.838,1,0.027777777777777776
1159,59395,16,0.9279999999999999,0.9279999999999999,1,0.0625
1160,59439,44,0.802,0.802,1,0.022727272727272728
1161,59463,24,0.892,0.892,1,0.041666666666666664
1162,59487,24,0.892,0.892,1,0.041666666666666664
1163,59533,46,0.7929999999999999,0.7929999999999999,1,0.021739130434782608
1164,59554,21,0.9055,0.9055,1,0.047619047619047616
1165,59568,14,0.9369999999999999,0.9369999999999999,1,0.07142857142857142
1166,59620,52,0.766,0.766,1,0.019230769230769232
1167,59712,92,0.586,0.586,1,0.010869565217391304
1168,59728,16,0.9279999999999999,0.9279999999999999,1,0.0625
1169,59785,57,0.7435,0.7435,1,0.017543859649122806
1170,59884,99,0.5545,0.5545,1,0.010101010101010102
1171,59994,110,0.5049999999999999,0.5049999999999999,1,0.00909090909090909
1172,60008,14,0.9369999999999999,0.9369999999999999,1,0.07142857142857142
1173,60022,14,0.9369999999999999,0.9369999999999999,1,0.07142857142857142
1174,60038,16,0.9279999999999999,0.9279999999999999,1,0.0625
1175,60052,14,0.9369999999999999,0.9369999999999999,1,0.07142857142857142
1176,60068,16,0.9279999999999999,0.9279999999999999,1,0.0625
1177,60082,14,0.9369999999999999,0.9369999999999999,1,0.07142857142857142
1178,60165,83,0.6265000000000001,0.6265000000000001,1,0.012048192771084338
1179,60179,14,0.9369999999999999,0.9369999999999999,1,0.07142857142857142
1180,60193,14,0.9369999999999999,0.9369999999999999,1,0.07142857142857142
1181,60215,22,0.901,0.901,1,0.045454545454545456
1182,60229,14,0.9369999999999999,0.9369999999999999,1,0.07142857142857142
1183,60245,16,0.9279999999999999,0.9279999999999999,1,0.0625
1184,60259,14,0.9369999999999999,0.9369999999999999,1,0.07142857142857142
1185,60345,86,0.613,0.613,1,0.011627906976744186
1186,60371,26,0.883,0.883,1,0.038461538461538464
1187,60385,14,0.9369999999999999,0.9369999999999999,1,0.07142857142857142
1188,60401,16,0.9279999999999999,0.9279999999999999,1,0.0625
1189,60433,32,0.856,0.856,1,0.03125
1190,60499,66,0.703,0.703,1,0.015151515151515152
1191,60530,31,0.8605,0.8605,1,0.03225806451612903
1192,60544,14,0.9369999999999999,0.9369999999999999,1,0.07142857142857142
1193,60558,14,0.9369999999999999,0.9369999999999999,1,0.07142857142857142
1194,60591,33,0.8514999999999999,0.8514999999999999,1,0.030303030303030304
1195,60642,51,0.7705,0.7705,1,0.0196078431372549
1196,60679,37,0.8335,0.8335,1,0.02702702702702703
1197,60697,18,0.919,0.919,1,0.05555555555555555
1198,60711,14,0.9369999999999999,0.9369999999999999,1,0.07142857142857142
1199,60731,20,0.91,0.91,1,0.05
1200,60778,47,0.7885,0.7885,1,0.02127659574468085
1201,60803,25,0.8875,0.8875,1,0.04
1202,60817,14,0.9369999999999999,0.9369999999999999,1,0.07142857142857142
1203,60845,28,0.874,0.874,1,0.03571428571428571
1204,60859,14,0.9369999999999999,0.9369999999999999,1,0.07142857142857142
1205,60900,41,0.8155,0.8155,1,0.024390243902439025
1206,60953,53,0.7615,0.7615,1,0.018867924528301886
1207,60967,14,0.9369999999999999,0.9369999999999999,1,0.07142857142857142
1208,60981,14,0.9369999999999999,0.9369999999999999,1,0.07142857142857142
1209,61015,34,0.847,0.847,1,0.029411764705882353
1210,61029,14,0.9369999999999999,0.9369999999999999,1,0.07142857142857142
1211,61096,67,0.6984999999999999,0.6984999999999999,1,0.014925373134328358
1212,61110,14,0.9369999999999999,0.9369999999999999,1,0.07142857142857142
1213,61153,43,0.8065,0.8065,1,0.023255813953488372
1214,61169,16,0.9279999999999999,0.9279999999999999,1,0.1875
1215,61183,14,0.9369999999999999,0.9369999999999999,1,0.07142857142857142
1216,61197,14,0.9369999999999999,0.9369999999999999,1,0.07142857142857142
1217,61215,18,0.919,0.919,1,0.05555555555555555
1218,61233,18,0.919,0.919,1,0.05555555555555555
1219,61249,16,0.9279999999999999,0.9279999999999999,1,0.1875
1220,61263,14,0.9369999999999999,0.9369999999999999,1,0.07142857142857142
1221,61342,79,0.6445,0.6445,1,0.012658227848101266
1222,61356,14,0.9369999999999999,0.9369999999999999,1,0.07142857142857142
1223,61372,16,0.9279999999999999,0.9279999999999999,1,0.0625
1224,61386,14,0.9369999999999999,0.9369999999999999,1,0.07142857142857142
1225,61400,14,0.9369999999999999,0.9369999999999999,1,0.07142857142857142
1226,61416,16,0.9279999999999999,0.9279999999999999,1,0.0625
1227,61432,16,0.9279999999999999,0.9279999999999999,1,0.0625
1228,61446,14,0.9369999999999999,0.9369999999999999,1,0.07142857142857142
1229,61460,14,0.9369999999999999,0.9369999999999999,1,0.07142857142857142
1230,61494,34,0.847,0.847,1,0.029411764705882353
1231,61508,14,0.9369999999999999,0.9369999999999999,1,0.07142857142857142
1232,61536,28,0.874,0.874,1,0.03571428571428571
1233,61550,14,0.9369999999999999,0.9369999999999999,1,0.07142857142857142
1234,61564,14,0.9369999999999999,0.9369999999999999,1,0.07142857142857142
1235,61578,14,0.9369999999999999,0.9369999999999999,1,0.07142857142857142
1236,61617,39,0.8245,0.8245,1,0.02564102564102564
1237,61633,16,0.9279999999999999,0.9279999999999999,1,0.0625
1238,61650,17,0.9235,0.9235,1,0.058823529411764705
1239,61664,14,0.9369999999999999,0.9369999999999999,1,0.07142857142857142
1240,61678,14,0.9369999999999999,0.9369999999999999,1,0.07142857142857142
1241,61692,14,0.9369999999999999,0.9369999999999999,1,0.07142857142857142
1242,61706,14,0.9369999999999999,0.9369999999999999,1,0.07142857142857142
1243,61720,14,0.9369999999999999,0.9369999999999999,1,0.07142857142857142
1244,61734,14,0.9369999999999999,0.9369999999999999,1,0.07142857142857142
1245,61748,14,0.9369999999999999,0.9369999999999999,1,0.07142857142857142
1246,61762,14,0.9369999999999999,0.9369999999999999,1,0.07142857142857142
1247,61776,14,0.9369999999999999,0.9369999999999999,1,0.07142857142857142
1248,61790,14,0.9369999999999999,0.9369999999999999,1,0.07142857142857142
1249,61807,17,0.9235,0.9235,1,0.058823529411764705
1250,61821,14,0.9369999999999999,0.9369999999999999,1,0.07142857142857142
1251,61835,14,0.9369999999999999,0.9369999999999999,1,0.07142857142857142
1252,61853,18,0.919,0.919,1,0.05555555555555555
1253,61867,14,0.9369999999999999,0.9369999999999999,1,0.07142857142857142
1254,61881,14,0.9369999999999999,0.9369999999999999,1,0.07142857142857142
1255,61895,14,0.9369999999999999,0.9369999999999999,1,0.07142857142857142
1256,61909,14,0.9369999999999999,0.9369999999999999,1,0.07142857142857142
1257,61923,14,0.9369999999999999,0.9369999999999999,1,0.07142857142857142
1258,61939,16,0.9279999999999999,0.9279999999999999,1,0.0625
1259,61955,16,0.9279999999999999,0.9279999999999999,1,0.0625
1260,61969,14,0.9369999999999999,0.9369999999999999,1,0.07142857142857142
1261,61985,16,0.9279999999999999,0.9279999999999999,1,0.0625
1262,61999,14,0.9369999999999999,0.9369999999999999,1,0.07142857142857142
1263,62013,14,0.9369999999999999,0.9369999999999999,1,0.07142857142857142
1264,62027,14,0.9369999999999999,0.9369999999999999,1,0.07142857142857142
1265,62145,118,0.469,0.469,1,0.00847457627118644
1266,62159,14,0.9369999999999999,0.9369999999999999,1,0.07142857142857142
1267,62175,16,0.9279999999999999,0.9279999999999999,1,0.0625
1268,62189,14,0.9369999999999999,0.9369999999999999,1,0.07142857142857142
1269,62203,14,0.9369999999999999,0.9369999999999999,1,0.07142857142857142
1270,62217,14,0.9369999999999999,0.9369999999999999,1,0.07142857142857142
1271,62235,18,0.919,0.919,1,0.05555555555555555
1272,62253,18,0.919,0.919,1,0.16666666666666666
1273,62267,14,0.9369999999999999,0.9369999999999999,1,0.07142857142857142
1274,62287,20,0.91,0.91,1,0.05
1275,62301,14,0.9369999999999999,0.9369999999999999,1,0.07142857142857142
1276,62315,14,0.9369999999999999,0.9369999999999999,1,0.07142857142857142
1277,62329,14,0.9369999999999999,0.9369999999999999,1,0.07142857142857142
1278,62345,16,0.9279999999999999,0.9279999999999999,1,0.0625
1279,62359,14,0.9369999999999999,0.9369999999999999,1,0.07142857142857142
1280,62373,14,0.9369999999999999,0.9369999999999999,1,0.07142857142857142
1281,62387,14,0.9369999999999999,0.9369999999999999,1,0.07142857142857142
1282,62401,14,0.9369999999999999,0.9369999999999999,1,0.07142857142857142
1283,62415,14,0.9369999999999999,0.9369999999999999,1,0.07142857142857142
1284,62429,14,0.9369999999999999,0.9369999999999999,1,0.07142857142857142
1285,62445,16,0.9279999999999999,0.9279999999999999,1,0.0625
1286,62459,14,0.9369999999999999,0.9369999999999999,1,0.07142857142857142
1287,62473,14,0.9369999999999999,0.9369999999999999,1,0.07142857142857142
1288,62489,16,0.9279999999999999,0.9279999999999999,1,0.0625
1289,62505,16,0.9279999999999999,0.9279999999999999,1,0.0625
1290,62519,14,0.9369999999999999,0.9369999999999999,1,0.07142857142857142
1291,62537,18,0.919,0.919,1,0.05555555555555555
1292,62551,14,0.9369999999999999,0.9369999999999999,1,0.07142857142857142
1293,62569,18,0.919,0.919,1,0.05555555555555555
1294,62585,16,0.9279999999999999,0.9279999999999999,1,0.0625
1295,62599,14,0.9369999999999999,0.9369999999999999,1,0.07142857142857142
1296,62615,16,0.9279999999999999,0.9279999999999999,1,0.0625
1297,62631,16,0.9279999999999999,0.9279999999999999,1,0.0625
1298,62645,14,0.9369999999999999,0.9369999999999999,1,0.07142857142857142
1299,62659,14,0.9369999999999999,0.9369999999999999,1,0.07142857142857142
1300,62675,16,0.9279999999999999,0.9279999999999999,1,0.1875
1301,62689,14,0.9369999999999999,0.9369999999999999,1,0.07142857142857142
1302,62705,16,0.9279999999999999,0.9279999999999999,1,0.1875
1303,62721,16,0.9279999999999999,0.9279999999999999,1,0.0625
1304,62737,16,0.9279999999999999,0.9279999999999999,1,0.0625
1305,62751,14,0.9369999999999999,0.9369999999999999,1,0.07142857142857142
1306,62767,16,0.9279999999999999,0.9279999999999999,1,0.1875
1307,62781,14,0.9369999999999999,0.9369999999999999,1,0.07142857142857142
1308,62795,14,0.9369999999999999,0.9369999999999999,1,0.07142857142857142
1309,62809,14,0.9369999999999999,0.9369999999999999,1,0.07142857142857142
1310,62825,16,0.9279999999999999,0.9279999999999999,1,0.0625
1311,62839,14,0.9369999999999999,0.9369999999999999,1,0.07142857142857142
1312,62853,14,0.9369999999999999,0.9369999999999999,1,0.07142857142857142
1313,62867,14,0.9369999999999999,0.9369999999999999,1,0.07142857142857142
1314,62881,14,0.9369999999999999,0.9369999999999999,1,0.07142857142857142
1315,62895,14,0.9369999999999999,0.9369999999999999,1,0.07142857142857142
1316,62909,14,0.9369999999999999,0.9369999999999999,1,0.07142857142857142
1317,62923,14,0.9369999999999999,0.9369999999999999,1,0.07142857142857142
1318,62937,14,0.9369999999999999,0.9369999999999999,1,0.07142857142857142
1319,62951,14,0.9369999999999999,0.9369999999999999,1,0.07142857142857142
1320,62965,14,0.9369999999999999,0.9369999999999999,1,0.07142857142857142
1321,62979,14,0.9369999999999999,0.9369999999999999,1,0.07142857142857142
1322,63001,22,0.901,0.901,1,0.18181818181818182
1323,63015,14,0.9369999999999999,0.9369999999999999,1,0.07142857142857142
1324,63047,32,0.856,0.856,1,0.03125
1325,63061,14,0.9369999999999999,0.9369999999999999,1,0.07142857142857142
1326,63127,66,0.703,0.703,1,0.015151515151515152
1327,63143,16,0.9279999999999999,0.9279999999999999,1,0.1875
1328,63157,14,0.9369999999999999,0.9369999999999999,1,0.07142857142857142
1329,63173,16,0.9279999999999999,0.9279999999999999,1,0.0625
1330,63187,14,0.9369999999999999,0.9369999999999999,1,0.07142857142857142
1331,63203,16,0.9279999999999999,0.9279999999999999,1,0.0625
1332,63217,14,0.9369999999999999,0.9369999999999999,1,0.07142857142857142
1333,63231,14,0.9369999999999999,0.9369999999999999,1,0.07142857142857142
1334,63245,14,0.9369999999999999,0.9369999999999999,1,0.07142857142857142
1335,63259,14,0.9369999999999999,0.9369999999999999,1,0.07142857142857142
1336,63275,16,0.9279999999999999,0.9279999999999999,1,0.0625
1337,63289,14,0.9369999999999999,0.9369999999999999,1,0.07142857142857142
1338,63303,14,0.9369999999999999,0.9369999999999999,1,0.07142857142857142
1339,63319,16,0.9279999999999999,0.9279999999999999,1,0.1875
1340,63333,14,0.9369999999999999,0.9369999999999999,1,0.07142857142857142
1341,63349,16,0.9279999999999999,0.9279999999999999,1,0.0625
1342,63363,14,0.9369999999999999,0.9369999999999999,1,0.07142857142857142
1343,63377,14,0.9369999999999999,0.9369999999999999,1,0.07142857142857142
1344,63391,14,0.9369999999999999,0.9369999999999999,1,0.07142857142857142
1345,63409,18,0.919,0.919,1,0.16666666666666666
1346,63423,14,0.9369999999999999,0.9369999999999999,1,0.07142857142857142
1347,63437,14,0.9369999999999999,0.9369999999999999,1,0.07142857142857142
1348,63451,14,0.9369999999999999,0.9369999999999999,1,0.07142857142857142
1349,63465,14,0.9369999999999999,0.9369999999999999,1,0.07142857142857142
1350,63479,14,0.9369999999999999,0.9369999999999999,1,0.07142857142857142
1351,63497,18,0.919,0.919,1,0.05555555555555555
1352,63513,16,0.9279999999999999,0.9279999999999999,1,0.0625
1353,63529,16,0.9279999999999999,0.9279999999999999,1,0.0625
1354,63543,14,0.9369999999999999,0.9369999999999999,1,0.07142857142857142
1355,63561,18,0.919,0.919,1,0.2777777777777778
1356,63575,14,0.9369999999999999,0.9369999999999999,1,0.07142857142857142
1357,63589,14,0.9369999999999999,0.9369999999999999,1,0.07142857142857142
1358,63603,14,0.9369999999999999,0.9369999999999999,1,0.07142857142857142
1359,63643,40,0.82,0.82,1,0.025
1360,63657,14,0.9369999999999999,0.9369999999999999,1,0.07142857142857142
1361,63671,14,0.9369999999999999,0.9369999999999999,1,0.07142857142857142
1362,63685,14,0.9369999999999999,0.9369999999999999,1,0.07142857142857142
1363,63701,16,0.9279999999999999,0.9279999999999999,1,0.0625
1364,63717,16,0.9279999999999999,0.9279999999999999,1,0.0625
1365,63731,14,0.9369999999999999,0.9369999999999999,1,0.07142857142857142
1366,63746,15,0.9325,0.9325,1,0.06666666666666667
1367,63760,14,0.9369999999999999,0.9369999999999999,1,0.07142857142857142
1368,63774,14,0.9369999999999999,0.9369999999999999,1,0.07142857142857142
1369,63788,14,0.9369999999999999,0.9369999999999999,1,0.07142857142857142
1370,63802,14,0.9369999999999999,0.9369999999999999,1,0.07142857142857142
1371,63816,14,0.9369999999999999,0.9369999999999999,1,0.07142857142857142
1372,63832,16,0.9279999999999999,0.9279999999999999,1,0.0625
1373,63846,14,0.9369999999999999,0.9369999999999999,1,0.07142857142857142
1374,63862,16,0.9279999999999999,0.9279999999999999,1,0.0625
1375,63878,16,0.9279999999999999,0.9279999999999999,1,0.0625
1376,63894,16,0.9279999999999999,0.9279999999999999,1,0.0625
1377,63912,18,0.919,0.919,1,0.16666666666666666
1378,63928,16,0.9279999999999999,0.9279999999999999,1,0.0625
1379,63942,14,0.9369999999999999,0.9369999999999999,1,0.07142857142857142
1380,63999,57,0.7435,0.7435,1,0.017543859649122806
1381,64013,14,0.9369999999999999,0.9369999999999999,1,0.07142857142857142
1382,64027,14,0.9369999999999999,0.9369999999999999,1,0.07142857142857142
1383,64041,14,0.9369999999999999,0.9369999999999999,1,0.07142857142857142
1384,64055,14,0.9369999999999999,0.9369999999999999,1,0.07142857142857142
1385,64069,14,0.9369999999999999,0.9369999999999999,1,0.07142857142857142
1386,64083,14,0.9369999999999999,0.9369999999999999,1,0.07142857142857142
1387,64097,14,0.9369999999999999,0.9369999999999999,1,0.07142857142857142
1388,64111,14,0.9369999999999999,0.9369999999999999,1,0.07142857142857142
1389,64125,14,0.9369999999999999,0.9369999999999999,1,0.07142857142857142
1390,64143,18,0.919,0.919,1,0.05555555555555555
1391,64157,14,0.9369999999999999,0.9369999999999999,1,0.07142857142857142
1392,64171,14,0.9369999999999999,0.9369999999999999,1,0.07142857142857142
1393,64185,14,0.9369999999999999,0.9369999999999999,1,0.07142857142857142
1394,64199,14,0.9369999999999999,0.9369999999999999,1,0.07142857142857142
1395,64213,14,0.9369999999999999,0.9369999999999999,1,0.07142857142857142
1396,64227,14,0.9369999999999999,0.9369999999999999,1,0.07142857142857142
1397,64241,14,0.9369999999999999,0.9369999999999999,1,0.07142857142857142
1398,64256,15,0.9325,0.9325,1,0.06666666666666667
1399,64272,16,0.9279999999999999,0.9279999999999999,1,0.0625
1400,64286,14,0.9369999999999999,0.9369999999999999,1,0.07142857142857142
1401,64300,14,0.9369999999999999,0.9369999999999999,1,0.07142857142857142
1402,64316,16,0.9279999999999999,0.9279999999999999,1,0.0625
1403,64334,18,0.919,0.919,1,0.05555555555555555
1404,64350,16,0.9279999999999999,0.9279999999999999,1,0.0625
1405,64368,18,0.919,0.919,1,0.05555555555555555
1406,64382,14,0.9369999999999999,0.9369999999999999,1,0.07142857142857142
1407,64396,14,0.9369999999999999,0.9369999999999999,1,0.07142857142857142
1408,64416,20,0.91,0.91,1,0.05
1409,64430,14,0.9369999999999999,0.9369999999999999,1,0.07142857142857142
1410,64446,16,0.9279999999999999,0.9279999999999999,1,0.0625
1411,64466,20,0.91,0.91,1,0.15
1412,64480,14,0.9369999999999999,0.9369999999999999,1,0.07142857142857142
1413,64496,16,0.9279999999999999,0.9279999999999999,1,0.0625
1414,64510,14,0.9369999999999999,0.9369999999999999,1,0.07142857142857142
1415,64527,17,0.9235,0.9235,1,0.058823529411764705
1416,64541,14,0.9369999999999999,0.9369999999999999,1,0.07142857142857142
1417,64557,16,0.9279999999999999,0.9279999999999999,1,0.0625
1418,64573,16,0.9279999999999999,0.9279999999999999,1,0.0625
1419,64589,16,0.9279999999999999,0.9279999999999999,1,0.0625
1420,64603,14,0.9369999999999999,0.9369999999999999,1,0.07142857142857142
1421,64621,18,0.919,0.919,1,0.05555555555555555
1422,64635,14,0.9369999999999999,0.9369999999999999,1,0.07142857142857142
1423,64649,14,0.9369999999999999,0.9369999999999999,1,0.07142857142857142
1424,64663,14,0.9369999999999999,0.9369999999999999,1,0.07142857142857142
1425,64679,16,0.9279999999999999,0.9279999999999999,1,0.0625
1426,64695,16,0.9279999999999999,0.9279999999999999,1,0.0625
1427,64711,16,0.9279999999999999,0.9279999999999999,1,0.1875
1428,64727,16,0.9279999999999999,0.9279999999999999,1,0.0625
1429,64741,14,0.9369999999999999,0.9369999999999999,1,0.07142857142857142
1430,64755,14,0.9369999999999999,0.9369999999999999,1,0.07142857142857142
1431,64769,14,0.9369999999999999,0.9369999999999999,1,0.07142857142857142
1432,64783,14,0.9369999999999999,0.9369999999999999,1,0.07142857142857142
1433,64799,16,0.9279999999999999,0.9279999999999999,1,0.0625
1434,64819,20,0.91,0.91,1,0.05
1435,64836,17,0.9235,0.9235,1,0.058823529411764705
1436,64852,16,0.9279999999999999,0.9279999999999999,1,0.0625
1437,64866,14,0.9369999999999999,0.9369999999999999,1,0.07142857142857142
1438,64882,16,0.9279999999999999,0.9279999999999999,1,0.0625
1439,64896,14,0.9369999999999999,0.9369999999999999,1,0.07142857142857142
1440,64912,16,0.9279999999999999,0.9279999999999999,1,0.1875
1441,64926,14,0.9369999999999999,0.9369999999999999,1,0.07142857142857142
1442,64940,14,0.9369999999999999,0.9369999999999999,1,0.07142857142857142
1443,64960,20,0.91,0.91,1,0.05
1444,64974,14,0.9369999999999999,0.9369999999999999,1,0.07142857142857142
1445,64988,14,0.9369999999999999,0.9369999999999999,1,0.07142857142857142
1446,65004,16,0.9279999999999999,0.9279999999999999,1,0.0625
1447,65026,22,0.901,0.901,1,0.045454545454545456
1448,65042,16,0.9279999999999999,0.9279999999999999,1,0.0625
1449,65096,54,0.757,0.757,1,0.7222222222222222
1450,65114,18,0.919,0.919,1,0.2777777777777778
1451,65128,14,0.9369999999999999,0.9369999999999999,1,0.07142857142857142
1452,65142,14,0.9369999999999999,0.9369999999999999,1,0.07142857142857142
1453,65156,14,0.9369999999999999,0.9369999999999999,1,0.07142857142857142
1454,65170,14,0.9369999999999999,0.9369999999999999,1,0.07142857142857142
1455,65184,14,0.9369999999999999,0.9369999999999999,1,0.07142857142857142
1456,65200,16,0.9279999999999999,0.9279999999999999,1,0.0625
1457,65216,16,0.9279999999999999,0.9279999999999999,1,0.0625
1458,65232,16,0.9279999999999999,0.9279999999999999,1,0.0625
1459,65248,16,0.9279999999999999,0.9279999999999999,1,0.0625
1460,65264,16,0.9279999999999999,0.9279999999999999,1,0.0625
1461,65280,16,0.9279999999999999,0.9279999999999999,1,0.0625
1462,65298,18,0.919,0.919,1,0.16666666666666666
1463,65316,18,0.919,0.919,1,0.16666666666666666
1464,65332,16,0.9279999999999999,0.9279999999999999,1,0.0625
1465,65348,16,0.9279999999999999,0.9279999999999999,1,0.0625
1466,65362,14,0.9369999999999999,0.9369999999999999,1,0.07142857142857142
1467,65385,23,0.8965,0.8965,1,0.043478260869565216
1468,65401,16,0.9279999999999999,0.9279999999999999,1,0.1875
1469,65417,16,0.9279999999999999,0.9279999999999999,1,0.0625
1470,65433,16,0.9279999999999999,0.9279999999999999,1,0.0625
1471,65447,14,0.9369999999999999,0.9369999999999999,1,0.07142857142857142
1472,65461,14,0.9369999999999999,0.9369999999999999,1,0.07142857142857142
1473,65475,14,0.9369999999999999,0.9369999999999999,1,0.07142857142857142
1474,65493,18,0.919,0.919,1,0.05555555555555555
1475,65509,16,0.9279999999999999,0.9279999999999999,1,0.0625
1476,65523,14,0.9369999999999999,0.9369999999999999,1,0.07142857142857142
1477,65537,14,0.9369999999999999,0.9369999999999999,1,0.07142857142857142
1478,65551,14,0.9369999999999999,0.9369999999999999,1,0.07142857142857142
1479,65567,16,0.9279999999999999,0.9279999999999999,1,0.0625
1480,65583,16,0.9279999999999999,0.9279999999999999,1,0.0625
1481,65597,14,0.9369999999999999,0.9369999999999999,1,0.07142857142857142
1482,65611,14,0.9369999999999999,0.9369999999999999,1,0.07142857142857142
1483,65625,14,0.9369999999999999,0.9369999999999999,1,0.07142857142857142
1484,65639,14,0.9369999999999999,0.9369999999999999,1,0.07142857142857142
1485,65653,14,0.9369999999999999,0.9369999999999999,1,0.07142857142857142
1486,65667,14,0.9369999999999999,0.9369999999999999,1,0.07142857142857142
1487,65681,14,0.9369999999999999,0.9369999999999999,1,0.07142857142857142
1488,65697,16,0.9279999999999999,0.9279999999999999,1,0.0625
1489,65711,14,0.9369999999999999,0.9369999999999999,1,0.07142857142857142
1490,65725,14,0.9369999999999999,0.9369999999999999,1,0.07142857142857142
1491,65739,14,0.9369999999999999,0.9369999999999999,1,0.07142857142857142
1492,65753,14,0.9369999999999999,0.9369999999999999,1,0.07142857142857142
1493,65767,14,0.9369999999999999,0.9369999999999999,1,0.07142857142857142
1494,65781,14,0.9369999999999999,0.9369999999999999,1,0.07142857142857142
1495,65795,14,0.9369999999999999,0.9369999999999999,1,0.07142857142857142
1496,65860,65,0.7075,0.7075,1,0.015384615384615385
1497,65876,16,0.9279999999999999,0.9279999999999999,1,0.0625
1498,65890,14,0.9369999999999999,0.9369999999999999,1,0.07142857142857142
1499,65904,14,0.9369999999999999,0.9369999999999999,1,0.07142857142857142
1500,65918,14,0.9369999999999999,0.9369999999999999,1,0.07142857142857142
1501,65932,14,0.9369999999999999,0.9369999999999999,1,0.07142857142857142
1502,65946,14,0.9369999999999999,0.9369999999999999,1,0.07142857142857142
1503,65960,14,0.9369999999999999,0.9369999999999999,1,0.07142857142857142
1504,65974,14,0.9369999999999999,0.9369999999999999,1,0.07142857142857142
1505,65990,16,0.9279999999999999,0.9279999999999999,1,0.0625
1506,66004,14,0.9369999999999999,0.9369999999999999,1,0.07142857142857142
1507,66020,16,0.9279999999999999,0.9279999999999999,1,0.1875
1508,66034,14,0.9369999999999999,0.9369999999999999,1,0.07142857142857142
1509,66052,18,0.919,0.919,1,0.2777777777777778
1510,66066,14,0.9369999999999999,0.9369999999999999,1,0.07142857142857142
1511,66080,14,0.9369999999999999,0.9369999999999999,1,0.07142857142857142
1512,66098,18,0.919,0.919,1,0.05555555555555555
1513,66112,14,0.9369999999999999,0.9369999999999999,1,0.07142857142857142
1514,66127,15,0.9325,0.9325,1,0.06666666666666667
1515,66145,18,0.919,0.919,1,0.05555555555555555
1516,66161,16,0.9279999999999999,0.9279999999999999,1,0.0625
1517,66175,14,0.9369999999999999,0.9369999999999999,1,0.07142857142857142
1518,66197,22,0.901,0.901,1,0.4090909090909091
1519,66211,14,0.9369999999999999,0.9369999999999999,1,0.07142857142857142
1520,66225,14,0.9369999999999999,0.9369999999999999,1,0.07142857142857142
1521,66243,18,0.919,0.919,1,0.16666666666666666
1522,66259,16,0.9279999999999999,0.9279999999999999,1,0.1875
1523,66275,16,0.9279999999999999,0.9279999999999999,1,0.0625
1524,66297,22,0.901,0.901,1,0.13636363636363635
1525,66313,16,0.9279999999999999,0.9279999999999999,1,0.1875
1526,66327,14,0.9369999999999999,0.9369999999999999,1,0.07142857142857142
1527,66341,14,0.9369999999999999,0.9369999999999999,1,0.07142857142857142
1528,66355,14,0.9369999999999999,0.9369999999999999,1,0.07142857142857142
1529,66383,28,0.874,0.874,1,0.5357142857142857
1530,66406,23,0.8965,0.8965,1,0.391304347826087
1531,66422,16,0.9279999999999999,0.9279999999999999,1,0.0625
1532,66438,16,0.9279999999999999,0.9279999999999999,1,0.1875
1533,66455,17,0.9235,0.9235,1,0.17647058823529413
1534,66470,15,0.9325,0.9325,1,0.06666666666666667
1535,66504,34,0.847,0.847,1,0.6176470588235294
1536,66518,14,0.9369999999999999,0.9369999999999999,1,0.07142857142857142
1537,66532,14,0.9369999999999999,0.9369999999999999,1,0.07142857142857142
1538,66553,21,0.9055,0.9055,1,0.3333333333333333
1539,66575,22,0.901,0.901,1,0.4090909090909091
1540,66593,18,0.919,0.919,1,0.16666666666666666
1541,66611,18,0.919,0.919,1,0.05555555555555555
1542,66625,14,0.9369999999999999,0.9369999999999999,1,0.07142857142857142
1543,66641,16,0.9279999999999999,0.9279999999999999,1,0.0625
1544,66665,24,0.892,0.892,1,0.375
1545,66683,18,0.919,0.919,1,0.05555555555555555
1546,66699,16,0.9279999999999999,0.9279999999999999,1,0.0625
1547,66727,28,0.874,0.874,1,0.39285714285714285
1548,66743,16,0.9279999999999999,0.9279999999999999,1,0.0625
1549,66758,15,0.9325,0.9325,1,0.06666666666666667
1550,66783,25,0.8875,0.8875,1,0.28
1551,66812,29,0.8694999999999999,0.8694999999999999,1,0.4482758620689655
1552,66828,16,0.9279999999999999,0.9279999999999999,1,0.0625
1553,66842,14,0.9369999999999999,0.9369999999999999,1,0.07142857142857142
1554,66872,30,0.865,0.865,1,0.5666666666666667
1555,66886,14,0.9369999999999999,0.9369999999999999,1,0.07142857142857142
1556,66906,20,0.91,0.91,1,0.05
1557,66924,18,0.919,0.919,1,0.05555555555555555
1558,66938,14,0.9369999999999999,0.9369999999999999,1,0.07142857142857142
1559,66960,22,0.901,0.901,1,0.13636363636363635
1560,66976,16,0.9279999999999999,0.9279999999999999,1,0.1875
1561,66990,14,0.9369999999999999,0.9369999999999999,1,0.07142857142857142
1562,67006,16,0.9279999999999999,0.9279999999999999,1,0.0625
1563,67202,196,0.118,0.118,1,0.015306122448979591
1564,67232,30,0.865,0.865,1,0.03333333333333333
1565,67308,76,0.6579999999999999,0.6579999999999999,1,0.013157894736842105
1566,67388,80,0.6399999999999999,0.6399999999999999,1,0.0125
1567,67430,42,0.8109999999999999,0.8109999999999999,1,0.023809523809523808
1568,67444,14,0.9369999999999999,0.9369999999999999,1,0.07142857142857142
1569,67592,148,0.33399999999999996,0.33399999999999996,1,0.006756756756756757
1570,67638,46,0.7929999999999999,0.7929999999999999,1,0.021739130434782608
1571,67745,107,0.5185,0.5185,1,0.04672897196261682
1572,67945,200,0.0,0.0,0,0.005
1573,68104,159,0.2845,0.2845,1,0.006289308176100629
1574,68201,97,0.5635,0.5635,1,0.010309278350515464
1575,68276,75,0.6625,0.6625,1,0.013333333333333334
1576,68372,96,0.5680000000000001,0.5680000000000001,1,0.010416666666666666
1577,68392,20,0.91,0.91,1,0.05
1578,68450,58,0.739,0.739,1,0.017241379310344827
1579,68466,16,0.9279999999999999,0.9279999999999999,1,0.0625
1580,68543,77,0.6535,0.6535,1,0.012987012987012988
1581,68606,63,0.7164999999999999,0.7164999999999999,1,0.047619047619047616
1582,68714,108,0.514,0.514,1,0.009259259259259259
1583,68816,102,0.5409999999999999,0.5409999999999999,1,0.00980392156862745
1584,68832,16,0.9279999999999999,0.9279999999999999,1,0.0625
1585,68846,14,0.9369999999999999,0.9369999999999999,1,0.07142857142857142
1586,68889,43,0.8065,0.8065,1,0.023255813953488372
1587,68918,29,0.8694999999999999,0.8694999999999999,1,0.034482758620689655
1588,68968,50,0.775,0.775,1,0.02
1589,69047,79,0.6445,0.6445,1,0.012658227848101266
1590,69247,200,0.0,0.0,0,0.005
1591,69339,92,0.586,0.586,1,0.010869565217391304
1592,69539,200,0.0,0.0,0,0.005
1593,69575,36,0.838,0.838,1,0.027777777777777776
1594,69613,38,0.829,0.829,1,0.02631578947368421
1595,69631,18,0.919,0.919,1,0.05555555555555555
1596,69694,63,0.7164999999999999,0.7164999999999999,1,0.015873015873015872
1597,69718,24,0.892,0.892,1,0.041666666666666664
1598,69856,138,0.379,0.379,1,0.007246376811594203
1599,69870,14,0.9369999999999999,0.9369999999999999,1,0.07142857142857142
1600,70049,179,0.1945,0.1945,1,0.00558659217877095
1601,70079,30,0.865,0.865,1,0.03333333333333333
1602,70108,29,0.8694999999999999,0.8694999999999999,1,0.034482758620689655
1603,70124,16,0.9279999999999999,0.9279999999999999,1,0.0625
1604,70188,64,0.712,0.712,1,0.015625
1605,70316,128,0.42399999999999993,0.42399999999999993,1,0.0078125
1606,70342,26,0.883,0.883,1,0.038461538461538464
1607,70446,104,0.532,0.532,1,0.009615384615384616
1608,70471,25,0.8875,0.8875,1,0.04
1609,70488,17,0.9235,0.9235,1,0.058823529411764705
1610,70525,37,0.8335,0.8335,1,0.02702702702702703
1611,70551,26,0.883,0.883,1,0.038461538461538464
1612,70572,21,0.9055,0.9055,1,0.047619047619047616
1613,70632,60,0.73,0.73,1,0.016666666666666666
1614,70659,27,0.8785,0.8785,1,0.037037037037037035
1615,70676,17,0.9235,0.9235,1,0.058823529411764705
1616,70694,18,0.919,0.919,1,0.05555555555555555
1617,70708,14,0.9369999999999999,0.9369999999999999,1,0.07142857142857142
1618,70736,28,0.874,0.874,1,0.03571428571428571
1619,70757,21,0.9055,0.9055,1,0.14285714285714285
1620,70787,30,0.865,0.865,1,0.03333333333333333
1621,70856,69,0.6895,0.6895,1,0.014492753623188406
1622,70879,23,0.8965,0.8965,1,0.043478260869565216
1623,71002,123,0.4465,0.4465,1,0.008130081300813009
1624,71034,32,0.856,0.856,1,0.03125
1625,71060,26,0.883,0.883,1,0.038461538461538464
1626,71077,17,0.9235,0.9235,1,0.058823529411764705
1627,71095,18,0.919,0.919,1,0.16666666666666666
1628,71132,37,0.8335,0.8335,1,0.02702702702702703
1629,71150,18,0.919,0.919,1,0.05555555555555555
1630,71229,79,0.6445,0.6445,1,0.012658227848101266
1631,71245,16,0.9279999999999999,0.9279999999999999,1,0.0625
1632,71297,52,0.766,0.766,1,0.019230769230769232
1633,71322,25,0.8875,0.8875,1,0.04
1634,71338,16,0.9279999999999999,0.9279999999999999,1,0.0625
1635,71356,18,0.919,0.919,1,0.16666666666666666
1636,71372,16,0.9279999999999999,0.9279999999999999,1,0.0625
1637,71388,16,0.9279999999999999,0.9279999999999999,1,0.0625
1638,71406,18,0.919,0.919,1,0.05555555555555555
1639,71426,20,0.91,0.91,1,0.05
1640,71459,33,0.8514999999999999,0.8514999999999999,1,0.030303030303030304
1641,71475,16,0.9279999999999999,0.9279999999999999,1,0.0625
1642,71498,23,0.8965,0.8965,1,0.21739130434782608
1643,71516,18,0.919,0.919,1,0.05555555555555555
1644,71532,16,0.9279999999999999,0.9279999999999999,1,0.0625
1645,71552,20,0.91,0.91,1,0.05
1646,71570,18,0.919,0.919,1,0.05555555555555555
1647,71599,29,0.8694999999999999,0.8694999999999999,1,0.034482758620689655
1648,71625,26,0.883,0.883,1,0.038461538461538464
1649,71641,16,0.9279999999999999,0.9279999999999999,1,0.0625
1650,71657,16,0.9279999999999999,0.9279999999999999,1,0.0625
1651,71673,16,0.9279999999999999,0.9279999999999999,1,0.0625
1652,71702,29,0.8694999999999999,0.8694999999999999,1,0.10344827586206896
1653,71718,16,0.9279999999999999,0.9279999999999999,1,0.0625
1654,71734,16,0.9279999999999999,0.9279999999999999,1,0.0625
1655,71752,18,0.919,0.919,1,0.05555555555555555
1656,71772,20,0.91,0.91,1,0.05
1657,71799,27,0.8785,0.8785,1,0.1111111111111111
1658,71884,85,0.6174999999999999,0.6174999999999999,1,0.011764705882352941
1659,71904,20,0.91,0.91,1,0.05
1660,71923,19,0.9145,0.9145,1,0.05263157894736842
1661,71955,32,0.856,0.856,1,0.03125
1662,71971,16,0.9279999999999999,0.9279999999999999,1,0.0625
1663,71987,16,0.9279999999999999,0.9279999999999999,1,0.0625
1664,72005,18,0.919,0.919,1,0.05555555555555555
1665,72031,26,0.883,0.883,1,0.038461538461538464
1666,72051,20,0.91,0.91,1,0.05
1667,72077,26,0.883,0.883,1,0.11538461538461539
1668,72093,16,0.9279999999999999,0.9279999999999999,1,0.0625
1669,72111,18,0.919,0.919,1,0.05555555555555555
1670,72311,200,0.0,0.0,0,0.295
1671,72511,200,0.0,0.0,0,0.34
1672,72711,200,0.0,0.0,0,0.105
1673,72911,200,0.0,0.0,0,0.005
1674,73045,134,0.3969999999999999,0.3969999999999999,1,0.2462686567164179
1675,73199,154,0.30699999999999994,0.30699999999999994,1,0.37662337662337664
1676,73399,200,0.0,0.0,0,0.9
1677,73423,24,0.892,0.892,1,0.4583333333333333
1678,73623,200,0.0,0.0,0,0.985
1679,73823,200,0.0,0.0,0,0.96
1680,74019,196,0.118,0.118,1,0.8367346938775511
1681,74041,22,0.901,0.901,1,0.22727272727272727
1682,74055,14,0.9369999999999999,0.9369999999999999,1,0.07142857142857142
1683,74093,38,0.829,0.829,1,0.02631578947368421
1684,74181,88,0.604,0.604,1,0.011363636363636364
1685,74197,16,0.9279999999999999,0.9279999999999999,1,0.0625
1686,74211,14,0.9369999999999999,0.9369999999999999,1,0.07142857142857142
1687,74225,14,0.9369999999999999,0.9369999999999999,1,0.07142857142857142
1688,74239,14,0.9369999999999999,0.9369999999999999,1,0.07142857142857142
1689,74255,16,0.9279999999999999,0.9279999999999999,1,0.0625
1690,74271,16,0.9279999999999999,0.9279999999999999,1,0.0625
1691,74285,14,0.9369999999999999,0.9369999999999999,1,0.07142857142857142
1692,74299,14,0.9369999999999999,0.9369999999999999,1,0.07142857142857142
1693,74315,16,0.9279999999999999,0.9279999999999999,1,0.0625
1694,74333,18,0.919,0.919,1,0.05555555555555555
1695,74347,14,0.9369999999999999,0.9369999999999999,1,0.07142857142857142
1696,74384,37,0.8335,0.8335,1,0.02702702702702703
1697,74398,14,0.9369999999999999,0.9369999999999999,1,0.07142857142857142
1698,74414,16,0.9279999999999999,0.9279999999999999,1,0.0625
1699,74428,14,0.9369999999999999,0.9369999999999999,1,0.07142857142857142
1700,74446,18,0.919,0.919,1,0.05555555555555555
1701,74460,14,0.9369999999999999,0.9369999999999999,1,0.07142857142857142
1702,74478,18,0.919,0.919,1,0.05555555555555555
1703,74494,16,0.9279999999999999,0.9279999999999999,1,0.0625
1704,74510,16,0.9279999999999999,0.9279999999999999,1,0.0625
1705,74524,14,0.9369999999999999,0.9369999999999999,1,0.07142857142857142
1706,74538,14,0.9369999999999999,0.9369999999999999,1,0.07142857142857142
1707,74552,14,0.9369999999999999,0.9369999999999999,1,0.07142857142857142
1708,74566,14,0.9369999999999999,0.9369999999999999,1,0.07142857142857142
1709,74584,18,0.919,0.919,1,0.2777777777777778
1710,74600,16,0.9279999999999999,0.9279999999999999,1,0.0625
1711,74614,14,0.9369999999999999,0.9369999999999999,1,0.07142857142857142
1712,74630,16,0.9279999999999999,0.9279999999999999,1,0.0625
1713,74646,16,0.9279999999999999,0.9279999999999999,1,0.0625
1714,74662,16,0.9279999999999999,0.9279999999999999,1,0.0625
1715,74676,14,0.9369999999999999,0.9369999999999999,1,0.07142857142857142
1716,74690,14,0.9369999999999999,0.9369999999999999,1,0.07142857142857142
1717,74704,14,0.9369999999999999,0.9369999999999999,1,0.07142857142857142
1718,74720,16,0.9279999999999999,0.9279999999999999,1,0.0625
1719,74734,14,0.9369999999999999,0.9369999999999999,1,0.07142857142857142
1720,74748,14,0.9369999999999999,0.9369999999999999,1,0.07142857142857142
1721,74762,14,0.9369999999999999,0.9369999999999999,1,0.07142857142857142
1722,74776,14,0.9369999999999999,0.9369999999999999,1,0.07142857142857142
1723,74790,14,0.9369999999999999,0.9369999999999999,1,0.07142857142857142
1724,74804,14,0.9369999999999999,0.9369999999999999,1,0.07142857142857142
1725,74818,14,0.9369999999999999,0.9369999999999999,1,0.07142857142857142
1726,74832,14,0.9369999999999999,0.9369999999999999,1,0.07142857142857142
1727,74852,20,0.91,0.91,1,0.05
1728,74866,14,0.9369999999999999,0.9369999999999999,1,0.07142857142857142
1729,74882,16,0.9279999999999999,0.9279999999999999,1,0.0625
1730,74896,14,0.9369999999999999,0.9369999999999999,1,0.07142857142857142
1731,74910,14,0.9369999999999999,0.9369999999999999,1,0.07142857142857142
1732,74943,33,0.8514999999999999,0.8514999999999999,1,0.24242424242424243
1733,74959,16,0.9279999999999999,0.9279999999999999,1,0.0625
1734,74975,16,0.9279999999999999,0.9279999999999999,1,0.1875
1735,74996,21,0.9055,0.9055,1,0.047619047619047616
1736,75012,16,0.9279999999999999,0.9279999999999999,1,0.0625
1737,75028,16,0.9279999999999999,0.9279999999999999,1,0.0625
1738,75044,16,0.9279999999999999,0.9279999999999999,1,0.1875
1739,75060,16,0.9279999999999999,0.9279999999999999,1,0.0625
1740,75074,14,0.9369999999999999,0.9369999999999999,1,0.07142857142857142
1741,75088,14,0.9369999999999999,0.9369999999999999,1,0.07142857142857142
1742,75102,14,0.9369999999999999,0.9369999999999999,1,0.07142857142857142
1743,75116,14,0.9369999999999999,0.9369999999999999,1,0.07142857142857142
1744,75130,14,0.9369999999999999,0.9369999999999999,1,0.07142857142857142
1745,75150,20,0.91,0.91,1,0.05
1746,75164,14,0.9369999999999999,0.9369999999999999,1,0.07142857142857142
1747,75180,16,0.9279999999999999,0.9279999999999999,1,0.0625
1748,75194,14,0.9369999999999999,0.9369999999999999,1,0.07142857142857142
1749,75208,14,0.9369999999999999,0.9369999999999999,1,0.07142857142857142
1750,75222,14,0.9369999999999999,0.9369999999999999,1,0.07142857142857142
1751,75236,14,0.9369999999999999,0.9369999999999999,1,0.07142857142857142
1752,75250,14,0.9369999999999999,0.9369999999999999,1,0.07142857142857142
1753,75264,14,0.9369999999999999,0.9369999999999999,1,0.07142857142857142
1754,75278,14,0.9369999999999999,0.9369999999999999,1,0.07142857142857142
1755,75292,14,0.9369999999999999,0.9369999999999999,1,0.07142857142857142
1756,75306,14,0.9369999999999999,0.9369999999999999,1,0.07142857142857142
1757,75322,16,0.9279999999999999,0.9279999999999999,1,0.0625
1758,75336,14,0.9369999999999999,0.9369999999999999,1,0.07142857142857142
1759,75350,14,0.9369999999999999,0.9369999999999999,1,0.07142857142857142
1760,75364,14,0.9369999999999999,0.9369999999999999,1,0.07142857142857142
1761,75378,14,0.9369999999999999,0.9369999999999999,1,0.07142857142857142
1762,75394,16,0.9279999999999999,0.9279999999999999,1,0.0625
1763,75410,16,0.9279999999999999,0.9279999999999999,1,0.0625
1764,75424,14,0.9369999999999999,0.9369999999999999,1,0.07142857142857142
1765,75439,15,0.9325,0.9325,1,0.06666666666666667
1766,75467,28,0.874,0.874,1,0.10714285714285714
1767,75487,20,0.91,0.91,1,0.05
1768,75501,14,0.9369999999999999,0.9369999999999999,1,0.07142857142857142
1769,75515,14,0.9369999999999999,0.9369999999999999,1,0.07142857142857142
1770,75529,14,0.9369999999999999,0.9369999999999999,1,0.07142857142857142
1771,75543,14,0.9369999999999999,0.9369999999999999,1,0.07142857142857142
1772,75561,18,0.919,0.919,1,0.05555555555555555
1773,75579,18,0.919,0.919,1,0.16666666666666666
1774,75593,14,0.9369999999999999,0.9369999999999999,1,0.07142857142857142
1775,75609,16,0.9279999999999999,0.9279999999999999,1,0.0625
1776,75623,14,0.9369999999999999,0.9369999999999999,1,0.07142857142857142
1777,75660,37,0.8335,0.8335,1,0.02702702702702703
1778,75674,14,0.9369999999999999,0.9369999999999999,1,0.07142857142857142
1779,75690,16,0.9279999999999999,0.9279999999999999,1,0.0625
1780,75706,16,0.9279999999999999,0.9279999999999999,1,0.0625
1781,75722,16,0.9279999999999999,0.9279999999999999,1,0.0625
1782,75736,14,0.9369999999999999,0.9369999999999999,1,0.07142857142857142
1783,75750,14,0.9369999999999999,0.9369999999999999,1,0.07142857142857142
1784,75766,16,0.9279999999999999,0.9279999999999999,1,0.0625
1785,75780,14,0.9369999999999999,0.9369999999999999,1,0.07142857142857142
1786,75796,16,0.9279999999999999,0.9279999999999999,1,0.0625
1787,75810,14,0.9369999999999999,0.9369999999999999,1,0.07142857142857142
1788,75824,14,0.9369999999999999,0.9369999999999999,1,0.07142857142857142
1789,75838,14,0.9369999999999999,0.9369999999999999,1,0.07142857142857142
1790,75854,16,0.9279999999999999,0.9279999999999999,1,0.0625
1791,75870,16,0.9279999999999999,0.9279999999999999,1,0.1875
1792,75884,14,0.9369999999999999,0.9369999999999999,1,0.07142857142857142
1793,75898,14,0.9369999999999999,0.9369999999999999,1,0.07142857142857142
1794,75912,14,0.9369999999999999,0.9369999999999999,1,0.07142857142857142
1795,75926,14,0.9369999999999999,0.9369999999999999,1,0.07142857142857142
1796,75942,16,0.9279999999999999,0.9279999999999999,1,0.0625
1797,75956,14,0.9369999999999999,0.9369999999999999,1,0.07142857142857142
1798,75970,14,0.9369999999999999,0.9369999999999999,1,0.07142857142857142
1799,75984,14,0.9369999999999999,0.9369999999999999,1,0.07142857142857142
1800,75998,14,0.9369999999999999,0.9369999999999999,1,0.07142857142857142
1801,76012,14,0.9369999999999999,0.9369999999999999,1,0.07142857142857142
1802,76026,14,0.9369999999999999,0.9369999999999999,1,0.07142857142857142
1803,76040,14,0.9369999999999999,0.9369999999999999,1,0.07142857142857142
1804,76054,14,0.9369999999999999,0.9369999999999999,1,0.07142857142857142
1805,76068,14,0.9369999999999999,0.9369999999999999,1,0.07142857142857142
1806,76084,16,0.9279999999999999,0.9279999999999999,1,0.0625
1807,76132,48,0.784,0.784,1,0.020833333333333332
1808,76146,14,0.9369999999999999,0.9369999999999999,1,0.07142857142857142
1809,76167,21,0.9055,0.9055,1,0.047619047619047616
1810,76181,14,0.9369999999999999,0.9369999999999999,1,0.07142857142857142
1811,76211,30,0.865,0.865,1,0.03333333333333333
1812,76227,16,0.9279999999999999,0.9279999999999999,1,0.0625
1813,76241,14,0.9369999999999999,0.9369999999999999,1,0.07142857142857142
1814,76265,24,0.892,0.892,1,0.041666666666666664
1815,76279,14,0.9369999999999999,0.9369999999999999,1,0.07142857142857142
1816,76293,14,0.9369999999999999,0.9369999999999999,1,0.07142857142857142
1817,76311,18,0.919,0.919,1,0.16666666666666666
1818,76327,16,0.9279999999999999,0.9279999999999999,1,0.1875
1819,76374,47,0.7885,0.7885,1,0.02127659574468085
1820,76388,14,0.9369999999999999,0.9369999999999999,1,0.07142857142857142
1821,76404,16,0.9279999999999999,0.9279999999999999,1,0.1875
1822,76418,14,0.9369999999999999,0.9369999999999999,1,0.07142857142857142
1823,76434,16,0.9279999999999999,0.9279999999999999,1,0.0625
1824,76458,24,0.892,0.892,1,0.041666666666666664
1825,76486,28,0.874,0.874,1,0.03571428571428571
1826,76500,14,0.9369999999999999,0.9369999999999999,1,0.07142857142857142
1827,76514,14,0.9369999999999999,0.9369999999999999,1,0.07142857142857142
1828,76528,14,0.9369999999999999,0.9369999999999999,1,0.07142857142857142
1829,76542,14,0.9369999999999999,0.9369999999999999,1,0.07142857142857142
1830,76556,14,0.9369999999999999,0.9369999999999999,1,0.07142857142857142
1831,76576,20,0.91,0.91,1,0.05
1832,76590,14,0.9369999999999999,0.9369999999999999,1,0.07142857142857142
1833,76604,14,0.9369999999999999,0.9369999999999999,1,0.07142857142857142
1834,76622,18,0.919,0.919,1,0.05555555555555555
1835,76642,20,0.91,0.91,1,0.05
1836,76662,20,0.91,0.91,1,0.05
1837,76676,14,0.9369999999999999,0.9369999999999999,1,0.07142857142857142
1838,76690,14,0.9369999999999999,0.9369999999999999,1,0.07142857142857142
1839,76708,18,0.919,0.919,1,0.05555555555555555
1840,76722,14,0.9369999999999999,0.9369999999999999,1,0.07142857142857142
1841,76736,14,0.9369999999999999,0.9369999999999999,1,0.07142857142857142
1842,76750,14,0.9369999999999999,0.9369999999999999,1,0.07142857142857142
1843,76768,18,0.919,0.919,1,0.05555555555555555
1844,76782,14,0.9369999999999999,0.9369999999999999,1,0.07142857142857142
1845,76796,14,0.9369999999999999,0.9369999999999999,1,0.07142857142857142
1846,76814,18,0.919,0.919,1,0.05555555555555555
1847,76828,14,0.9369999999999999,0.9369999999999999,1,0.07142857142857142
1848,76844,16,0.9279999999999999,0.9279999999999999,1,0.0625
1849,76858,14,0.9369999999999999,0.9369999999999999,1,0.07142857142857142
1850,76872,14,0.9369999999999999,0.9369999999999999,1,0.07142857142857142
1851,76894,22,0.901,0.901,1,0.045454545454545456
1852,76910,16,0.9279999999999999,0.9279999999999999,1,0.0625
1853,76928,18,0.919,0.919,1,0.05555555555555555
1854,76942,14,0.9369999999999999,0.9369999999999999,1,0.07142857142857142
1855,76958,16,0.9279999999999999,0.9279999999999999,1,0.0625
1856,76972,14,0.9369999999999999,0.9369999999999999,1,0.07142857142857142
1857,76986,14,0.9369999999999999,0.9369999999999999,1,0.07142857142857142
1858,77014,28,0.874,0.874,1,0.03571428571428571
1859,77028,14,0.9369999999999999,0.9369999999999999,1,0.07142857142857142
1860,77042,14,0.9369999999999999,0.9369999999999999,1,0.07142857142857142
1861,77056,14,0.9369999999999999,0.9369999999999999,1,0.07142857142857142
1862,77070,14,0.9369999999999999,0.9369999999999999,1,0.07142857142857142
1863,77084,14,0.9369999999999999,0.9369999999999999,1,0.07142857142857142
1864,77100,16,0.9279999999999999,0.9279999999999999,1,0.1875
1865,77116,16,0.9279999999999999,0.9279999999999999,1,0.0625
1866,77130,14,0.9369999999999999,0.9369999999999999,1,0.07142857142857142
1867,77144,14,0.9369999999999999,0.9369999999999999,1,0.07142857142857142
1868,77160,16,0.9279999999999999,0.9279999999999999,1,0.1875
1869,77180,20,0.91,0.91,1,0.05
1870,77196,16,0.9279999999999999,0.9279999999999999,1,0.0625
1871,77210,14,0.9369999999999999,0.9369999999999999,1,0.07142857142857142
1872,77224,14,0.9369999999999999,0.9369999999999999,1,0.07142857142857142
1873,77240,16,0.9279999999999999,0.9279999999999999,1,0.0625
1874,77254,14,0.9369999999999999,0.9369999999999999,1,0.07142857142857142
1875,77268,14,0.9369999999999999,0.9369999999999999,1,0.07142857142857142
1876,77286,18,0.919,0.919,1,0.2777777777777778
1877,77302,16,0.9279999999999999,0.9279999999999999,1,0.0625
1878,77320,18,0.919,0.919,1,0.05555555555555555
1879,77334,14,0.9369999999999999,0.9369999999999999,1,0.07142857142857142
1880,77348,14,0.9369999999999999,0.9369999999999999,1,0.07142857142857142
1881,77362,14,0.9369999999999999,0.9369999999999999,1,0.07142857142857142
1882,77377,15,0.9325,0.9325,1,0.06666666666666667
1883,77391,14,0.9369999999999999,0.9369999999999999,1,0.07142857142857142
1884,77405,14,0.9369999999999999,0.9369999999999999,1,0.07142857142857142
1885,77421,16,0.9279999999999999,0.9279999999999999,1,0.1875
1886,77439,18,0.919,0.919,1,0.05555555555555555
1887,77455,16,0.9279999999999999,0.9279999999999999,1,0.0625
1888,77473,18,0.919,0.919,1,0.05555555555555555
1889,77489,16,0.9279999999999999,0.9279999999999999,1,0.0625
1890,77503,14,0.9369999999999999,0.9369999999999999,1,0.07142857142857142
1891,77519,16,0.9279999999999999,0.9279999999999999,1,0.1875
1892,77533,14,0.9369999999999999,0.9369999999999999,1,0.07142857142857142
1893,77549,16,0.9279999999999999,0.9279999999999999,1,0.0625
1894,77565,16,0.9279999999999999,0.9279999999999999,1,0.0625
1895,77581,16,0.9279999999999999,0.9279999999999999,1,0.0625
1896,77595,14,0.9369999999999999,0.9369999999999999,1,0.07142857142857142
1897,77609,14,0.9369999999999999,0.9369999999999999,1,0.07142857142857142
1898,77625,16,0.9279999999999999,0.9279999999999999,1,0.1875
1899,77643,18,0.919,0.919,1,0.05555555555555555
1900,77657,14,0.9369999999999999,0.9369999999999999,1,0.07142857142857142
1901,77671,14,0.9369999999999999,0.9369999999999999,1,0.07142857142857142
1902,77685,14,0.9369999999999999,0.9369999999999999,1,0.07142857142857142
1903,77701,16,0.9279999999999999,0.9279999999999999,1,0.0625
1904,77717,16,0.9279999999999999,0.9279999999999999,1,0.0625
1905,77731,14,0.9369999999999999,0.9369999999999999,1,0.07142857142857142
1906,77747,16,0.9279999999999999,0.9279999999999999,1,0.0625
1907,77761,14,0.9369999999999999,0.9369999999999999,1,0.07142857142857142
1908,77775,14,0.9369999999999999,0.9369999999999999,1,0.07142857142857142
1909,77789,14,0.9369999999999999,0.9369999999999999,1,0.07142857142857142
1910,77807,18,0.919,0.919,1,0.05555555555555555
1911,77823,16,0.9279999999999999,0.9279999999999999,1,0.0625
1912,77839,16,0.9279999999999999,0.9279999999999999,1,0.0625
1913,77855,16,0.9279999999999999,0.9279999999999999,1,0.0625
1914,77869,14,0.9369999999999999,0.9369999999999999,1,0.07142857142857142
1915,77885,16,0.9279999999999999,0.9279999999999999,1,0.0625
1916,77899,14,0.9369999999999999,0.9369999999999999,1,0.07142857142857142
1917,77913,14,0.9369999999999999,0.9369999999999999,1,0.07142857142857142
1918,77927,14,0.9369999999999999,0.9369999999999999,1,0.07142857142857142
1919,77941,14,0.9369999999999999,0.9369999999999999,1,0.07142857142857142
1920,77955,14,0.9369999999999999,0.9369999999999999,1,0.07142857142857142
1921,77970,15,0.9325,0.9325,1,0.06666666666666667
1922,77986,16,0.9279999999999999,0.9279999999999999,1,0.0625
1923,78000,14,0.9369999999999999,0.9369999999999999,1,0.07142857142857142
1924,78014,14,0.9369999999999999,0.9369999999999999,1,0.07142857142857142
1925,78028,14,0.9369999999999999,0.9369999999999999,1,0.07142857142857142
1926,78042,14,0.9369999999999999,0.9369999999999999,1,0.07142857142857142
1927,78058,16,0.9279999999999999,0.9279999999999999,1,0.0625
1928,78074,16,0.9279999999999999,0.9279999999999999,1,0.0625
1929,78088,14,0.9369999999999999,0.9369999999999999,1,0.07142857142857142
1930,78102,14,0.9369999999999999,0.9369999999999999,1,0.07142857142857142
1931,78116,14,0.9369999999999999,0.9369999999999999,1,0.07142857142857142
1932,78130,14,0.9369999999999999,0.9369999999999999,1,0.07142857142857142
1933,78144,14,0.9369999999999999,0.9369999999999999,1,0.07142857142857142
1934,78158,14,0.9369999999999999,0.9369999999999999,1,0.07142857142857142
1935,78172,14,0.9369999999999999,0.9369999999999999,1,0.07142857142857142
1936,78186,14,0.9369999999999999,0.9369999999999999,1,0.07142857142857142
1937,78202,16,0.9279999999999999,0.9279999999999999,1,0.0625
1938,78218,16,0.9279999999999999,0.9279999999999999,1,0.0625
1939,78232,14,0.9369999999999999,0.9369999999999999,1,0.07142857142857142
1940,78246,14,0.9369999999999999,0.9369999999999999,1,0.07142857142857142
1941,78262,16,0.9279999999999999,0.9279999999999999,1,0.0625
1942,78276,14,0.9369999999999999,0.9369999999999999,1,0.07142857142857142
1943,78292,16,0.9279999999999999,0.9279999999999999,1,0.0625
1944,78309,17,0.9235,0.9235,1,0.058823529411764705
1945,78323,14,0.9369999999999999,0.9369999999999999,1,0.07142857142857142
1946,78337,14,0.9369999999999999,0.9369999999999999,1,0.07142857142857142
1947,78351,14,0.9369999999999999,0.9369999999999999,1,0.07142857142857142
1948,78365,14,0.9369999999999999,0.9369999999999999,1,0.07142857142857142
1949,78379,14,0.9369999999999999,0.9369999999999999,1,0.07142857142857142
1950,78512,133,0.40149999999999997,0.40149999999999997,1,0.007518796992481203
1951,78528,16,0.9279999999999999,0.9279999999999999,1,0.0625
1952,78542,14,0.9369999999999999,0.9369999999999999,1,0.07142857142857142
1953,78556,14,0.9369999999999999,0.9369999999999999,1,0.07142857142857142
1954,78570,14,0.9369999999999999,0.9369999999999999,1,0.07142857142857142
1955,78588,18,0.919,0.919,1,0.05555555555555555
1956,78604,16,0.9279999999999999,0.9279999999999999,1,0.1875
1957,78618,14,0.9369999999999999,0.9369999999999999,1,0.07142857142857142
1958,78635,17,0.9235,0.9235,1,0.058823529411764705
1959,78651,16,0.9279999999999999,0.9279999999999999,1,0.1875
1960,78667,16,0.9279999999999999,0.9279999999999999,1,0.0625
1961,78681,14,0.9369999999999999,0.9369999999999999,1,0.07142857142857142
1962,78695,14,0.9369999999999999,0.9369999999999999,1,0.07142857142857142
1963,78709,14,0.9369999999999999,0.9369999999999999,1,0.07142857142857142
1964,78723,14,0.9369999999999999,0.9369999999999999,1,0.07142857142857142
1965,78737,14,0.9369999999999999,0.9369999999999999,1,0.07142857142857142
1966,78752,15,0.9325,0.9325,1,0.06666666666666667
1967,78768,16,0.9279999999999999,0.9279999999999999,1,0.0625
1968,78782,14,0.9369999999999999,0.9369999999999999,1,0.07142857142857142
1969,78796,14,0.9369999999999999,0.9369999999999999,1,0.07142857142857142
1970,78810,14,0.9369999999999999,0.9369999999999999,1,0.07142857142857142
1971,78824,14,0.9369999999999999,0.9369999999999999,1,0.07142857142857142
1972,78838,14,0.9369999999999999,0.9369999999999999,1,0.07142857142857142
1973,78852,14,0.9369999999999999,0.9369999999999999,1,0.07142857142857142
1974,78866,14,0.9369999999999999,0.9369999999999999,1,0.07142857142857142
1975,78880,14,0.9369999999999999,0.9369999999999999,1,0.07142857142857142
1976,78894,14,0.9369999999999999,0.9369999999999999,1,0.07142857142857142
1977,78908,14,0.9369999999999999,0.9369999999999999,1,0.07142857142857142
1978,78922,14,0.9369999999999999,0.9369999999999999,1,0.07142857142857142
1979,78938,16,0.9279999999999999,0.9279999999999999,1,0.0625
1980,78952,14,0.9369999999999999,0.9369999999999999,1,0.07142857142857142
1981,78968,16,0.9279999999999999,0.9279999999999999,1,0.1875
1982,78984,16,0.9279999999999999,0.9279999999999999,1,0.0625
1983,79002,18,0.919,0.919,1,0.2777777777777778
1984,79018,16,0.9279999999999999,0.9279999999999999,1,0.0625
1985,79032,14,0.9369999999999999,0.9369999999999999,1,0.07142857142857142
1986,79046,14,0.9369999999999999,0.9369999999999999,1,0.07142857142857142
1987,79060,14,0.9369999999999999,0.9369999999999999,1,0.07142857142857142
1988,79074,14,0.9369999999999999,0.9369999999999999,1,0.07142857142857142
1989,79090,16,0.9279999999999999,0.9279999999999999,1,0.0625
1990,79108,18,0.919,0.919,1,0.16666666666666666
1991,79124,16,0.9279999999999999,0.9279999999999999,1,0.0625
1992,79138,14,0.9369999999999999,0.9369999999999999,1,0.07142857142857142
1993,79154,16,0.9279999999999999,0.9279999999999999,1,0.0625
1994,79168,14,0.9369999999999999,0.9369999999999999,1,0.07142857142857142
1995,79182,14,0.9369999999999999,0.9369999999999999,1,0.07142857142857142
1996,79198,16,0.9279999999999999,0.9279999999999999,1,0.0625
1997,79214,16,0.9279999999999999,0.9279999999999999,1,0.0625
1998,79228,14,0.9369999999999999,0.9369999999999999,1,0.07142857142857142
1999,79242,14,0.9369999999999999,0.9369999999999999,1,0.07142857142857142
2000,79258,16,0.9279999999999999,0.9279999999999999,1,0.0625
2001,79272,14,0.9369999999999999,0.9369999999999999,1,0.07142857142857142
2002,79288,16,0.9279999999999999,0.9279999999999999,1,0.0625
2003,79302,14,0.9369999999999999,0.9369999999999999,1,0.07142857142857142
2004,79316,14,0.9369999999999999,0.9369999999999999,1,0.07142857142857142
2005,79330,14,0.9369999999999999,0.9369999999999999,1,0.07142857142857142
2006,79344,14,0.9369999999999999,0.9369999999999999,1,0.07142857142857142
2007,79362,18,0.919,0.919,1,0.05555555555555555
2008,79406,44,0.802,0.802,1,0.022727272727272728
2009,79424,18,0.919,0.919,1,0.05555555555555555
2010,79438,14,0.9369999999999999,0.9369999999999999,1,0.07142857142857142
2011,79454,16,0.9279999999999999,0.9279999999999999,1,0.0625
2012,79472,18,0.919,0.919,1,0.05555555555555555
2013,79486,14,0.9369999999999999,0.9369999999999999,1,0.07142857142857142
2014,79502,16,0.9279999999999999,0.9279999999999999,1,0.0625
2015,79516,14,0.9369999999999999,0.9369999999999999,1,0.07142857142857142
2016,79534,18,0.919,0.919,1,0.05555555555555555
2017,79548,14,0.9369999999999999,0.9369999999999999,1,0.07142857142857142
2018,79600,52,0.766,0.766,1,0.38461538461538464
2019,79614,14,0.9369999999999999,0.9369999999999999,1,0.07142857142857142
2020,79630,16,0.9279999999999999,0.9279999999999999,1,0.0625
2021,79646,16,0.9279999999999999,0.9279999999999999,1,0.0625
2022,79660,14,0.9369999999999999,0.9369999999999999,1,0.07142857142857142
2023,79674,14,0.9369999999999999,0.9369999999999999,1,0.07142857142857142
2024,79688,14,0.9369999999999999,0.9369999999999999,1,0.07142857142857142
2025,79702,14,0.9369999999999999,0.9369999999999999,1,0.07142857142857142
2026,79716,14,0.9369999999999999,0.9369999999999999,1,0.07142857142857142
2027,79730,14,0.9369999999999999,0.9369999999999999,1,0.07142857142857142
2028,79746,16,0.9279999999999999,0.9279999999999999,1,0.0625
2029,79760,14,0.9369999999999999,0.9369999999999999,1,0.07142857142857142
2030,79774,14,0.9369999999999999,0.9369999999999999,1,0.07142857142857142
2031,79788,14,0.9369999999999999,0.9369999999999999,1,0.07142857142857142
2032,79802,14,0.9369999999999999,0.9369999999999999,1,0.07142857142857142
2033,79816,14,0.9369999999999999,0.9369999999999999,1,0.07142857142857142
2034,79830,14,0.9369999999999999,0.9369999999999999,1,0.07142857142857142
2035,79844,14,0.9369999999999999,0.9369999999999999,1,0.07142857142857142
2036,79860,16,0.9279999999999999,0.9279999999999999,1,0.0625
2037,79874,14,0.9369999999999999,0.9369999999999999,1,0.07142857142857142
2038,79888,14,0.9369999999999999,0.9369999999999999,1,0.07142857142857142
2039,79902,14,0.9369999999999999,0.9369999999999999,1,0.07142857142857142
2040,79916,14,0.9369999999999999,0.9369999999999999,1,0.07142857142857142
2041,79932,16,0.9279999999999999,0.9279999999999999,1,0.0625
2042,79948,16,0.9279999999999999,0.9279999999999999,1,0.0625
2043,79962,14,0.9369999999999999,0.9369999999999999,1,0.07142857142857142
2044,79976,14,0.9369999999999999,0.9369999999999999,1,0.07142857142857142
2045,79992,16,0.9279999999999999,0.9279999999999999,1,0.0625
2046,80006,14,0.9369999999999999,0.9369999999999999,1,0.07142857142857142
2047,80020,14,0.9369999999999999,0.9369999999999999,1,0.07142857142857142
2048,80034,14,0.9369999999999999,0.9369999999999999,1,0.07142857142857142
2049,80068,34,0.847,0.847,1,0.029411764705882353
2050,80082,14,0.9369999999999999,0.9369999999999999,1,0.07142857142857142
2051,80096,14,0.9369999999999999,0.9369999999999999,1,0.07142857142857142
2052,80110,14,0.9369999999999999,0.9369999999999999,1,0.07142857142857142
2053,80124,14,0.9369999999999999,0.9369999999999999,1,0.07142857142857142
2054,80140,16,0.9279999999999999,0.9279999999999999,1,0.0625
2055,80158,18,0.919,0.919,1,0.05555555555555555
2056,80172,14,0.9369999999999999,0.9369999999999999,1,0.07142857142857142
2057,80188,16,0.9279999999999999,0.9279999999999999,1,0.0625
2058,80202,14,0.9369999999999999,0.9369999999999999,1,0.07142857142857142
2059,80218,16,0.9279999999999999,0.9279999999999999,1,0.1875
2060,80234,16,0.9279999999999999,0.9279999999999999,1,0.0625
2061,80248,14,0.9369999999999999,0.9369999999999999,1,0.07142857142857142
2062,80262,14,0.9369999999999999,0.9369999999999999,1,0.07142857142857142
2063,80276,14,0.9369999999999999,0.9369999999999999,1,0.07142857142857142
2064,80292,16,0.9279999999999999,0.9279999999999999,1,0.1875
2065,80306,14,0.9369999999999999,0.9369999999999999,1,0.07142857142857142
2066,80320,14,0.9369999999999999,0.9369999999999999,1,0.07142857142857142
2067,80334,14,0.9369999999999999,0.9369999999999999,1,0.07142857142857142
2068,80348,14,0.9369999999999999,0.9369999999999999,1,0.07142857142857142
2069,80364,16,0.9279999999999999,0.9279999999999999,1,0.0625
2070,80380,16,0.9279999999999999,0.9279999999999999,1,0.0625
2071,80394,14,0.9369999999999999,0.9369999999999999,1,0.07142857142857142
2072,80408,14,0.9369999999999999,0.9369999999999999,1,0.07142857142857142
2073,80426,18,0.919,0.919,1,0.05555555555555555
2074,80440,14,0.9369999999999999,0.9369999999999999,1,0.07142857142857142
2075,80456,16,0.9279999999999999,0.9279999999999999,1,0.0625
2076,80484,28,0.874,0.874,1,0.03571428571428571
2077,80500,16,0.9279999999999999,0.9279999999999999,1,0.0625
2078,80518,18,0.919,0.919,1,0.05555555555555555
2079,80532,14,0.9369999999999999,0.9369999999999999,1,0.07142857142857142
2080,80546,14,0.9369999999999999,0.9369999999999999,1,0.07142857142857142
2081,80560,14,0.9369999999999999,0.9369999999999999,1,0.07142857142857142
2082,80574,14,0.9369999999999999,0.9369999999999999,1,0.07142857142857142
2083,80590,16,0.9279999999999999,0.9279999999999999,1,0.0625
2084,80604,14,0.9369999999999999,0.9369999999999999,1,0.07142857142857142
2085,80620,16,0.9279999999999999,0.9279999999999999,1,0.0625
2086,80636,16,0.9279999999999999,0.9279999999999999,1,0.0625
2087,80650,14,0.9369999999999999,0.9369999999999999,1,0.07142857142857142
2088,80664,14,0.9369999999999999,0.9369999999999999,1,0.07142857142857142
2089,80680,16,0.9279999999999999,0.9279999999999999,1,0.1875
2090,80696,16,0.9279999999999999,0.9279999999999999,1,0.0625
2091,80710,14,0.9369999999999999,0.9369999999999999,1,0.07142857142857142
2092,80733,23,0.8965,0.8965,1,0.043478260869565216
2093,80753,20,0.91,0.91,1,0.05
2094,80767,14,0.9369999999999999,0.9369999999999999,1,0.07142857142857142
2095,80781,14,0.9369999999999999,0.9369999999999999,1,0.07142857142857142
2096,80795,14,0.9369999999999999,0.9369999999999999,1,0.07142857142857142
2097,80811,16,0.9279999999999999,0.9279999999999999,1,0.0625
2098,80856,45,0.7975,0.7975,1,0.022222222222222223
2099,80870,14,0.9369999999999999,0.9369999999999999,1,0.07142857142857142
2100,80884,14,0.9369999999999999,0.9369999999999999,1,0.07142857142857142
2101,80898,14,0.9369999999999999,0.9369999999999999,1,0.07142857142857142
2102,80912,14,0.9369999999999999,0.9369999999999999,1,0.07142857142857142
2103,80928,16,0.9279999999999999,0.9279999999999999,1,0.0625
2104,80946,18,0.919,0.919,1,0.05555555555555555
2105,80960,14,0.9369999999999999,0.9369999999999999,1,0.07142857142857142
2106,80975,15,0.9325,0.9325,1,0.06666666666666667
2107,80995,20,0.91,0.91,1,0.05
2108,81009,14,0.9369999999999999,0.9369999999999999,1,0.07142857142857142
2109,81025,16,0.9279999999999999,0.9279999999999999,1,0.0625
2110,81039,14,0.9369999999999999,0.9369999999999999,1,0.07142857142857142
2111,81057,18,0.919,0.919,1,0.16666666666666666
2112,81115,58,0.739,0.739,1,0.017241379310344827
2113,81129,14,0.9369999999999999,0.9369999999999999,1,0.07142857142857142
2114,81143,14,0.9369999999999999,0.9369999999999999,1,0.07142857142857142
2115,81157,14,0.9369999999999999,0.9369999999999999,1,0.07142857142857142
2116,81171,14,0.9369999999999999,0.9369999999999999,1,0.07142857142857142
2117,81185,14,0.9369999999999999,0.9369999999999999,1,0.07142857142857142
2118,81201,16,0.9279999999999999,0.9279999999999999,1,0.0625
2119,81217,16,0.9279999999999999,0.9279999999999999,1,0.0625
2120,81235,18,0.919,0.919,1,0.05555555555555555
2121,81249,14,0.9369999999999999,0.9369999999999999,1,0.07142857142857142
2122,81263,14,0.9369999999999999,0.9369999999999999,1,0.07142857142857142
2123,81277,14,0.9369999999999999,0.9369999999999999,1,0.07142857142857142
2124,81291,14,0.9369999999999999,0.9369999999999999,1,0.07142857142857142
2125,81305,14,0.9369999999999999,0.9369999999999999,1,0.07142857142857142
2126,81319,14,0.9369999999999999,0.9369999999999999,1,0.07142857142857142
2127,81335,16,0.9279999999999999,0.9279999999999999,1,0.0625
2128,81351,16,0.9279999999999999,0.9279999999999999,1,0.0625
2129,81365,14,0.9369999999999999,0.9369999999999999,1,0.07142857142857142
2130,81379,14,0.9369999999999999,0.9369999999999999,1,0.07142857142857142
2131,81395,16,0.9279999999999999,0.9279999999999999,1,0.0625
2132,81409,14,0.9369999999999999,0.9369999999999999,1,0.07142857142857142
2133,81425,16,0.9279999999999999,0.9279999999999999,1,0.0625
2134,81439,14,0.9369999999999999,0.9369999999999999,1,0.07142857142857142
2135,81453,14,0.9369999999999999,0.9369999999999999,1,0.07142857142857142
2136,81469,16,0.9279999999999999,0.9279999999999999,1,0.0625
2137,81483,14,0.9369999999999999,0.9369999999999999,1,0.07142857142857142
2138,81497,14,0.9369999999999999,0.9369999999999999,1,0.07142857142857142
2139,81511,14,0.9369999999999999,0.9369999999999999,1,0.07142857142857142
2140,81529,18,0.919,0.919,1,0.05555555555555555
2141,81543,14,0.9369999999999999,0.9369999999999999,1,0.07142857142857142
2142,81559,16,0.9279999999999999,0.9279999999999999,1,0.0625
2143,81573,14,0.9369999999999999,0.9369999999999999,1,0.07142857142857142
2144,81587,14,0.9369999999999999,0.9369999999999999,1,0.07142857142857142
2145,81601,14,0.9369999999999999,0.9369999999999999,1,0.07142857142857142
2146,81615,14,0.9369999999999999,0.9369999999999999,1,0.07142857142857142
2147,81629,14,0.9369999999999999,0.9369999999999999,1,0.07142857142857142
2148,81643,14,0.9369999999999999,0.9369999999999999,1,0.07142857142857142
2149,81657,14,0.9369999999999999,0.9369999999999999,1,0.07142857142857142
2150,81675,18,0.919,0.919,1,0.05555555555555555
2151,81693,18,0.919,0.919,1,0.16666666666666666
2152,81707,14,0.9369999999999999,0.9369999999999999,1,0.07142857142857142
2153,81724,17,0.9235,0.9235,1,0.058823529411764705
2154,81738,14,0.9369999999999999,0.9369999999999999,1,0.07142857142857142
2155,81752,14,0.9369999999999999,0.9369999999999999,1,0.07142857142857142
2156,81766,14,0.9369999999999999,0.9369999999999999,1,0.07142857142857142
2157,81780,14,0.9369999999999999,0.9369999999999999,1,0.07142857142857142
2158,81796,16,0.9279999999999999,0.9279999999999999,1,0.1875
2159,81810,14,0.9369999999999999,0.9369999999999999,1,0.07142857142857142
2160,81824,14,0.9369999999999999,0.9369999999999999,1,0.07142857142857142
2161,81838,14,0.9369999999999999,0.9369999999999999,1,0.07142857142857142
2162,81854,16,0.9279999999999999,0.9279999999999999,1,0.0625
2163,81870,16,0.9279999999999999,0.9279999999999999,1,0.1875
2164,81884,14,0.9369999999999999,0.9369999999999999,1,0.07142857142857142
2165,81898,14,0.9369999999999999,0.9369999999999999,1,0.07142857142857142
2166,81912,14,0.9369999999999999,0.9369999999999999,1,0.07142857142857142
2167,81926,14,0.9369999999999999,0.9369999999999999,1,0.07142857142857142
2168,81940,14,0.9369999999999999,0.9369999999999999,1,0.07142857142857142
2169,81954,14,0.9369999999999999,0.9369999999999999,1,0.07142857142857142
2170,81993,39,0.8245,0.8245,1,0.02564102564102564
2171,82010,17,0.9235,0.9235,1,0.17647058823529413
2172,82025,15,0.9325,0.9325,1,0.06666666666666667
2173,82061,36,0.838,0.838,1,0.027777777777777776
2174,82075,14,0.9369999999999999,0.9369999999999999,1,0.07142857142857142
2175,82089,14,0.9369999999999999,0.9369999999999999,1,0.07142857142857142
2176,82105,16,0.9279999999999999,0.9279999999999999,1,0.0625
2177,82135,30,0.865,0.865,1,0.03333333333333333
2178,82151,16,0.9279999999999999,0.9279999999999999,1,0.0625
2179,82165,14,0.9369999999999999,0.9369999999999999,1,0.07142857142857142
2180,82182,17,0.9235,0.9235,1,0.058823529411764705
2181,82200,18,0.919,0.919,1,0.05555555555555555
2182,82216,16,0.9279999999999999,0.9279999999999999,1,0.0625
2183,82230,14,0.9369999999999999,0.9369999999999999,1,0.07142857142857142
2184,82244,14,0.9369999999999999,0.9369999999999999,1,0.07142857142857142
2185,82258,14,0.9369999999999999,0.9369999999999999,1,0.07142857142857142
2186,82272,14,0.9369999999999999,0.9369999999999999,1,0.07142857142857142
2187,82288,16,0.9279999999999999,0.9279999999999999,1,0.0625
2188,82302,14,0.9369999999999999,0.9369999999999999,1,0.07142857142857142
2189,82316,14,0.9369999999999999,0.9369999999999999,1,0.07142857142857142
2190,82336,20,0.91,0.91,1,0.05
2191,82350,14,0.9369999999999999,0.9369999999999999,1,0.07142857142857142
2192,82366,16,0.9279999999999999,0.9279999999999999,1,0.1875
2193,82380,14,0.9369999999999999,0.9369999999999999,1,0.07142857142857142
2194,82394,14,0.9369999999999999,0.9369999999999999,1,0.07142857142857142
2195,82408,14,0.9369999999999999,0.9369999999999999,1,0.07142857142857142
2196,82424,16,0.9279999999999999,0.9279999999999999,1,0.0625
2197,82438,14,0.9369999999999999,0.9369999999999999,1,0.07142857142857142
2198,82454,16,0.9279999999999999,0.9279999999999999,1,0.1875
2199,82468,14,0.9369999999999999,0.9369999999999999,1,0.07142857142857142
2200,82486,18,0.919,0.919,1,0.05555555555555555
2201,82500,14,0.9369999999999999,0.9369999999999999,1,0.07142857142857142
2202,82516,16,0.9279999999999999,0.9279999999999999,1,0.0625
2203,82531,15,0.9325,0.9325,1,0.06666666666666667
2204,82545,14,0.9369999999999999,0.9369999999999999,1,0.07142857142857142
2205,82561,16,0.9279999999999999,0.9279999999999999,1,0.0625
2206,82575,14,0.9369999999999999,0.9369999999999999,1,0.07142857142857142
2207,82591,16,0.9279999999999999,0.9279999999999999,1,0.0625
2208,82607,16,0.9279999999999999,0.9279999999999999,1,0.0625
2209,82623,16,0.9279999999999999,0.9279999999999999,1,0.0625
2210,82639,16,0.9279999999999999,0.9279999999999999,1,0.0625
2211,82653,14,0.9369999999999999,0.9369999999999999,1,0.07142857142857142
2212,82667,14,0.9369999999999999,0.9369999999999999,1,0.07142857142857142
2213,82681,14,0.9369999999999999,0.9369999999999999,1,0.07142857142857142
2214,82708,27,0.8785,0.8785,1,0.037037037037037035
2215,82722,14,0.9369999999999999,0.9369999999999999,1,0.07142857142857142
2216,82736,14,0.9369999999999999,0.9369999999999999,1,0.07142857142857142
2217,82750,14,0.9369999999999999,0.9369999999999999,1,0.07142857142857142
2218,82768,18,0.919,0.919,1,0.05555555555555555
2219,82784,16,0.9279999999999999,0.9279999999999999,1,0.0625
2220,82798,14,0.9369999999999999,0.9369999999999999,1,0.07142857142857142
2221,82814,16,0.9279999999999999,0.9279999999999999,1,0.0625
2222,82830,16,0.9279999999999999,0.9279999999999999,1,0.1875
2223,82844,14,0.9369999999999999,0.9369999999999999,1,0.07142857142857142
2224,82858,14,0.9369999999999999,0.9369999999999999,1,0.07142857142857142
2225,82872,14,0.9369999999999999,0.9369999999999999,1,0.07142857142857142
2226,82886,14,0.9369999999999999,0.9369999999999999,1,0.07142857142857142
2227,82900,14,0.9369999999999999,0.9369999999999999,1,0.07142857142857142
2228,82914,14,0.9369999999999999,0.9369999999999999,1,0.07142857142857142
2229,82928,14,0.9369999999999999,0.9369999999999999,1,0.07142857142857142
2230,82944,16,0.9279999999999999,0.9279999999999999,1,0.0625
2231,82958,14,0.9369999999999999,0.9369999999999999,1,0.07142857142857142
2232,82972,14,0.9369999999999999,0.9369999999999999,1,0.07142857142857142
2233,82988,16,0.9279999999999999,0.9279999999999999,1,0.0625
2234,83002,14,0.9369999999999999,0.9369999999999999,1,0.07142857142857142
2235,83016,14,0.9369999999999999,0.9369999999999999,1,0.07142857142857142
2236,83032,16,0.9279999999999999,0.9279999999999999,1,0.0625
2237,83046,14,0.9369999999999999,0.9369999999999999,1,0.07142857142857142
2238,83060,14,0.9369999999999999,0.9369999999999999,1,0.07142857142857142
2239,83076,16,0.9279999999999999,0.9279999999999999,1,0.0625
2240,83090,14,0.9369999999999999,0.9369999999999999,1,0.07142857142857142
2241,83186,96,0.5680000000000001,0.5680000000000001,1,0.010416666666666666
2242,83200,14,0.9369999999999999,0.9369999999999999,1,0.07142857142857142
2243,83214,14,0.9369999999999999,0.9369999999999999,1,0.07142857142857142
2244,83230,16,0.9279999999999999,0.9279999999999999,1,0.1875
2245,83244,14,0.9369999999999999,0.9369999999999999,1,0.07142857142857142
2246,83278,34,0.847,0.847,1,0.029411764705882353
2247,83292,14,0.9369999999999999,0.9369999999999999,1,0.07142857142857142
2248,83306,14,0.9369999999999999,0.9369999999999999,1,0.07142857142857142
2249,83320,14,0.9369999999999999,0.9369999999999999,1,0.07142857142857142
2250,83334,14,0.9369999999999999,0.9369999999999999,1,0.07142857142857142
2251,83350,16,0.9279999999999999,0.9279999999999999,1,0.0625
2252,83364,14,0.9369999999999999,0.9369999999999999,1,0.07142857142857142
2253,83378,14,0.9369999999999999,0.9369999999999999,1,0.07142857142857142
2254,83396,18,0.919,0.919,1,0.05555555555555555
2255,83410,14,0.9369999999999999,0.9369999999999999,1,0.07142857142857142
2256,83424,14,0.9369999999999999,0.9369999999999999,1,0.07142857142857142
2257,83438,14,0.9369999999999999,0.9369999999999999,1,0.07142857142857142
2258,83454,16,0.9279999999999999,0.9279999999999999,1,0.1875
2259,83470,16,0.9279999999999999,0.9279999999999999,1,0.0625
2260,83520,50,0.775,0.775,1,0.02
2261,83534,14,0.9369999999999999,0.9369999999999999,1,0.07142857142857142
2262,83550,16,0.9279999999999999,0.9279999999999999,1,0.0625
2263,83564,14,0.9369999999999999,0.9369999999999999,1,0.07142857142857142
2264,83580,16,0.9279999999999999,0.9279999999999999,1,0.0625
2265,83594,14,0.9369999999999999,0.9369999999999999,1,0.07142857142857142
2266,83610,16,0.9279999999999999,0.9279999999999999,1,0.0625
2267,83628,18,0.919,0.919,1,0.16666666666666666
2268,83642,14,0.9369999999999999,0.9369999999999999,1,0.07142857142857142
2269,83656,14,0.9369999999999999,0.9369999999999999,1,0.07142857142857142
2270,83724,68,0.694,0.694,1,0.014705882352941176
2271,83738,14,0.9369999999999999,0.9369999999999999,1,0.07142857142857142
2272,83754,16,0.9279999999999999,0.9279999999999999,1,0.1875
2273,83772,18,0.919,0.919,1,0.05555555555555555
2274,83786,14,0.9369999999999999,0.9369999999999999,1,0.07142857142857142
2275,83800,14,0.9369999999999999,0.9369999999999999,1,0.07142857142857142
2276,83816,16,0.9279999999999999,0.9279999999999999,1,0.1875
2277,83830,14,0.9369999999999999,0.9369999999999999,1,0.07142857142857142
2278,83844,14,0.9369999999999999,0.9369999999999999,1,0.07142857142857142
2279,83860,16,0.9279999999999999,0.9279999999999999,1,0.0625
2280,83874,14,0.9369999999999999,0.9369999999999999,1,0.07142857142857142
2281,83888,14,0.9369999999999999,0.9369999999999999,1,0.07142857142857142
2282,83906,18,0.919,0.919,1,0.16666666666666666
2283,83920,14,0.9369999999999999,0.9369999999999999,1,0.07142857142857142
2284,83934,14,0.9369999999999999,0.9369999999999999,1,0.07142857142857142
2285,83948,14,0.9369999999999999,0.9369999999999999,1,0.07142857142857142
2286,83964,16,0.9279999999999999,0.9279999999999999,1,0.1875
2287,83978,14,0.9369999999999999,0.9369999999999999,1,0.07142857142857142
2288,84000,22,0.901,0.901,1,0.045454545454545456
2289,84016,16,0.9279999999999999,0.9279999999999999,1,0.0625
2290,84037,21,0.9055,0.9055,1,0.047619047619047616
2291,84053,16,0.9279999999999999,0.9279999999999999,1,0.1875
2292,84071,18,0.919,0.919,1,0.05555555555555555
2293,84087,16,0.9279999999999999,0.9279999999999999,1,0.1875
2294,84107,20,0.91,0.91,1,0.05
2295,84128,21,0.9055,0.9055,1,0.047619047619047616
2296,84143,15,0.9325,0.9325,1,0.06666666666666667
2297,84157,14,0.9369999999999999,0.9369999999999999,1,0.07142857142857142
2298,84179,22,0.901,0.901,1,0.045454545454545456
2299,84193,14,0.9369999999999999,0.9369999999999999,1,0.07142857142857142
2300,84211,18,0.919,0.919,1,0.05555555555555555
2301,84229,18,0.919,0.919,1,0.05555555555555555
2302,84251,22,0.901,0.901,1,0.045454545454545456
2303,84268,17,0.9235,0.9235,1,0.058823529411764705
2304,84291,23,0.8965,0.8965,1,0.043478260869565216
2305,84307,16,0.9279999999999999,0.9279999999999999,1,0.0625
2306,84328,21,0.9055,0.9055,1,0.14285714285714285
2307,84351,23,0.8965,0.8965,1,0.043478260869565216
2308,84365,14,0.9369999999999999,0.9369999999999999,1,0.07142857142857142
2309,84379,14,0.9369999999999999,0.9369999999999999,1,0.07142857142857142
2310,84395,16,0.9279999999999999,0.9279999999999999,1,0.0625
2311,84416,21,0.9055,0.9055,1,0.047619047619047616
2312,84431,15,0.9325,0.9325,1,0.06666666666666667
2313,84450,19,0.9145,0.9145,1,0.05263157894736842
2314,84477,27,0.8785,0.8785,1,0.037037037037037035
2315,84491,14,0.9369999999999999,0.9369999999999999,1,0.07142857142857142
2316,84506,15,0.9325,0.9325,1,0.06666666666666667
2317,84531,25,0.8875,0.8875,1,0.12
2318,84551,20,0.91,0.91,1,0.05
2319,84571,20,0.91,0.91,1,0.05
2320,84598,27,0.8785,0.8785,1,0.037037037037037035
2321,84619,21,0.9055,0.9055,1,0.047619047619047616
2322,84645,26,0.883,0.883,1,0.038461538461538464
2323,84666,21,0.9055,0.9055,1,0.14285714285714285
2324,84694,28,0.874,0.874,1,0.03571428571428571
2325,84713,19,0.9145,0.9145,1,0.05263157894736842
2326,84736,23,0.8965,0.8965,1,0.043478260869565216
2327,84757,21,0.9055,0.9055,1,0.047619047619047616
2328,84782,25,0.8875,0.8875,1,0.04
2329,84799,17,0.9235,0.9235,1,0.058823529411764705
2330,84834,35,0.8425,0.8425,1,0.02857142857142857
2331,84848,14,0.9369999999999999,0.9369999999999999,1,0.07142857142857142
2332,84869,21,0.9055,0.9055,1,0.047619047619047616
2333,84885,16,0.9279999999999999,0.9279999999999999,1,0.0625
2334,84899,14,0.9369999999999999,0.9369999999999999,1,0.07142857142857142
2335,84915,16,0.9279999999999999,0.9279999999999999,1,0.0625
2336,84945,30,0.865,0.865,1,0.03333333333333333
2337,84966,21,0.9055,0.9055,1,0.047619047619047616
2338,84980,14,0.9369999999999999,0.9369999999999999,1,0.07142857142857142
2339,85002,22,0.901,0.901,1,0.045454545454545456
2340,85016,14,0.9369999999999999,0.9369999999999999,1,0.07142857142857142
2341,85034,18,0.919,0.919,1,0.05555555555555555
2342,85050,16,0.9279999999999999,0.9279999999999999,1,0.0625
2343,85066,16,0.9279999999999999,0.9279999999999999,1,0.0625
2344,85084,18,0.919,0.919,1,0.05555555555555555
2345,85100,16,0.9279999999999999,0.9279999999999999,1,0.0625
2346,85122,22,0.901,0.901,1,0.045454545454545456
2347,85136,14,0.9369999999999999,0.9369999999999999,1,0.07142857142857142
2348,85166,30,0.865,0.865,1,0.03333333333333333
2349,85180,14,0.9369999999999999,0.9369999999999999,1,0.07142857142857142
2350,85194,14,0.9369999999999999,0.9369999999999999,1,0.07142857142857142
2351,85208,14,0.9369999999999999,0.9369999999999999,1,0.07142857142857142
2352,85224,16,0.9279999999999999,0.9279999999999999,1,0.0625
2353,85238,14,0.9369999999999999,0.9369999999999999,1,0.07142857142857142
2354,85262,24,0.892,0.892,1,0.041666666666666664
2355,85356,94,0.577,0.577,1,0.010638297872340425
2356,85385,29,0.8694999999999999,0.8694999999999999,1,0.13793103448275862
2357,85399,14,0.9369999999999999,0.9369999999999999,1,0.07142857142857142
2358,85415,16,0.9279999999999999,0.9279999999999999,1,0.0625
2359,85429,14,0.9369999999999999,0.9369999999999999,1,0.07142857142857142
2360,85445,16,0.9279999999999999,0.9279999999999999,1,0.0625
2361,85481,36,0.838,0.838,1,0.027777777777777776
2362,85499,18,0.919,0.919,1,0.05555555555555555
2363,85521,22,0.901,0.901,1,0.045454545454545456
2364,85537,16,0.9279999999999999,0.9279999999999999,1,0.1875
2365,85553,16,0.9279999999999999,0.9279999999999999,1,0.0625
2366,85573,20,0.91,0.91,1,0.05
2367,85587,14,0.9369999999999999,0.9369999999999999,1,0.07142857142857142
2368,85601,14,0.9369999999999999,0.9369999999999999,1,0.07142857142857142
2369,85615,14,0.9369999999999999,0.9369999999999999,1,0.07142857142857142
2370,85629,14,0.9369999999999999,0.9369999999999999,1,0.07142857142857142
2371,85661,32,0.856,0.856,1,0.03125
2372,85675,14,0.9369999999999999,0.9369999999999999,1,0.07142857142857142
2373,85689,14,0.9369999999999999,0.9369999999999999,1,0.07142857142857142
2374,85703,14,0.9369999999999999,0.9369999999999999,1,0.07142857142857142
2375,85717,14,0.9369999999999999,0.9369999999999999,1,0.07142857142857142
2376,85731,14,0.9369999999999999,0.9369999999999999,1,0.07142857142857142
2377,85749,18,0.919,0.919,1,0.05555555555555555
2378,85765,16,0.9279999999999999,0.9279999999999999,1,0.0625
2379,85789,24,0.892,0.892,1,0.125
2380,85803,14,0.9369999999999999,0.9369999999999999,1,0.07142857142857142
2381,85817,14,0.9369999999999999,0.9369999999999999,1,0.07142857142857142
2382,85839,22,0.901,0.901,1,0.045454545454545456
2383,85861,22,0.901,0.901,1,0.045454545454545456
2384,85875,14,0.9369999999999999,0.9369999999999999,1,0.07142857142857142
2385,85925,50,0.775,0.775,1,0.02
2386,85940,15,0.9325,0.9325,1,0.06666666666666667
2387,85954,14,0.9369999999999999,0.9369999999999999,1,0.07142857142857142
2388,85970,16,0.9279999999999999,0.9279999999999999,1,0.0625
2389,85988,18,0.919,0.919,1,0.05555555555555555
2390,86002,14,0.9369999999999999,0.9369999999999999,1,0.07142857142857142
2391,86017,15,0.9325,0.9325,1,0.06666666666666667
2392,86031,14,0.9369999999999999,0.9369999999999999,1,0.07142857142857142
2393,86045,14,0.9369999999999999,0.9369999999999999,1,0.07142857142857142
2394,86063,18,0.919,0.919,1,0.05555555555555555
2395,86079,16,0.9279999999999999,0.9279999999999999,1,0.0625
2396,86093,14,0.9369999999999999,0.9369999999999999,1,0.07142857142857142
2397,86107,14,0.9369999999999999,0.9369999999999999,1,0.07142857142857142
2398,86123,16,0.9279999999999999,0.9279999999999999,1,0.0625
2399,86141,18,0.919,0.919,1,0.05555555555555555
2400,86159,18,0.919,0.919,1,0.16666666666666666
2401,86227,68,0.694,0.694,1,0.014705882352941176
2402,86241,14,0.9369999999999999,0.9369999999999999,1,0.07142857142857142
2403,86255,14,0.9369999999999999,0.9369999999999999,1,0.07142857142857142
2404,86269,14,0.9369999999999999,0.9369999999999999,1,0.07142857142857142
2405,86285,16,0.9279999999999999,0.9279999999999999,1,0.0625
2406,86303,18,0.919,0.919,1,0.2777777777777778
2407,86317,14,0.9369999999999999,0.9369999999999999,1,0.07142857142857142
2408,86333,16,0.9279999999999999,0.9279999999999999,1,0.0625
2409,86354,21,0.9055,0.9055,1,0.14285714285714285
2410,86368,14,0.9369999999999999,0.9369999999999999,1,0.07142857142857142
2411,86386,18,0.919,0.919,1,0.05555555555555555
2412,86400,14,0.9369999999999999,0.9369999999999999,1,0.07142857142857142
2413,86414,14,0.9369999999999999,0.9369999999999999,1,0.07142857142857142
2414,86432,18,0.919,0.919,1,0.05555555555555555
2415,86448,16,0.9279999999999999,0.9279999999999999,1,0.0625
2416,86464,16,0.9279999999999999,0.9279999999999999,1,0.1875
2417,86480,16,0.9279999999999999,0.9279999999999999,1,0.0625
2418,86494,14,0.9369999999999999,0.9369999999999999,1,0.07142857142857142
2419,86508,14,0.9369999999999999,0.9369999999999999,1,0.07142857142857142
2420,86526,18,0.919,0.919,1,0.16666666666666666
2421,86542,16,0.9279999999999999,0.9279999999999999,1,0.0625
2422,86556,14,0.9369999999999999,0.9369999999999999,1,0.07142857142857142
2423,86570,14,0.9369999999999999,0.9369999999999999,1,0.07142857142857142
2424,86584,14,0.9369999999999999,0.9369999999999999,1,0.07142857142857142
2425,86600,16,0.9279999999999999,0.9279999999999999,1,0.0625
2426,86616,16,0.9279999999999999,0.9279999999999999,1,0.0625
2427,86634,18,0.919,0.919,1,0.05555555555555555
2428,86650,16,0.9279999999999999,0.9279999999999999,1,0.1875
2429,86666,16,0.9279999999999999,0.9279999999999999,1,0.0625
2430,86680,14,0.9369999999999999,0.9369999999999999,1,0.07142857142857142
2431,86696,16,0.9279999999999999,0.9279999999999999,1,0.0625
2432,86712,16,0.9279999999999999,0.9279999999999999,1,0.0625
2433,86740,28,0.874,0.874,1,0.03571428571428571
2434,86763,23,0.8965,0.8965,1,0.043478260869565216
2435,86777,14,0.9369999999999999,0.9369999999999999,1,0.07142857142857142
2436,86791,14,0.9369999999999999,0.9369999999999999,1,0.07142857142857142
2437,86805,14,0.9369999999999999,0.9369999999999999,1,0.07142857142857142
2438,86819,14,0.9369999999999999,0.9369999999999999,1,0.07142857142857142
2439,86833,14,0.9369999999999999,0.9369999999999999,1,0.07142857142857142
2440,86847,14,0.9369999999999999,0.9369999999999999,1,0.07142857142857142
2441,86861,14,0.9369999999999999,0.9369999999999999,1,0.07142857142857142
2442,86879,18,0.919,0.919,1,0.05555555555555555
2443,86895,16,0.9279999999999999,0.9279999999999999,1,0.0625
2444,86911,16,0.9279999999999999,0.9279999999999999,1,0.0625
2445,86927,16,0.9279999999999999,0.9279999999999999,1,0.0625
2446,86941,14,0.9369999999999999,0.9369999999999999,1,0.07142857142857142
2447,86957,16,0.9279999999999999,0.9279999999999999,1,0.0625
2448,86973,16,0.9279999999999999,0.9279999999999999,1,0.0625
2449,86987,14,0.9369999999999999,0.9369999999999999,1,0.07142857142857142
2450,87001,14,0.9369999999999999,0.9369999999999999,1,0.07142857142857142
2451,87015,14,0.9369999999999999,0.9369999999999999,1,0.07142857142857142
2452,87029,14,0.9369999999999999,0.9369999999999999,1,0.07142857142857142
2453,87045,16,0.9279999999999999,0.9279999999999999,1,0.0625
2454,87063,18,0.919,0.919,1,0.05555555555555555
2455,87077,14,0.9369999999999999,0.9369999999999999,1,0.07142857142857142
2456,87091,14,0.9369999999999999,0.9369999999999999,1,0.07142857142857142
2457,87105,14,0.9369999999999999,0.9369999999999999,1,0.07142857142857142
2458,87123,18,0.919,0.919,1,0.05555555555555555
2459,87139,16,0.9279999999999999,0.9279999999999999,1,0.0625
2460,87153,14,0.9369999999999999,0.9369999999999999,1,0.07142857142857142
2461,87167,14,0.9369999999999999,0.9369999999999999,1,0.07142857142857142
2462,87183,16,0.9279999999999999,0.9279999999999999,1,0.0625
2463,87199,16,0.9279999999999999,0.9279999999999999,1,0.1875
2464,87215,16,0.9279999999999999,0.9279999999999999,1,0.0625
2465,87233,18,0.919,0.919,1,0.05555555555555555
2466,87251,18,0.919,0.919,1,0.05555555555555555
2467,87265,14,0.9369999999999999,0.9369999999999999,1,0.07142857142857142
2468,87281,16,0.9279999999999999,0.9279999999999999,1,0.0625
2469,87295,14,0.9369999999999999,0.9369999999999999,1,0.07142857142857142
2470,87309,14,0.9369999999999999,0.9369999999999999,1,0.07142857142857142
2471,87323,14,0.9369999999999999,0.9369999999999999,1,0.07142857142857142
2472,87339,16,0.9279999999999999,0.9279999999999999,1,0.0625
2473,87353,14,0.9369999999999999,0.9369999999999999,1,0.07142857142857142
2474,87367,14,0.9369999999999999,0.9369999999999999,1,0.07142857142857142
2475,87387,20,0.91,0.91,1,0.15
2476,87405,18,0.919,0.919,1,0.2777777777777778
2477,87424,19,0.9145,0.9145,1,0.05263157894736842
2478,87442,18,0.919,0.919,1,0.16666666666666666
2479,87456,14,0.9369999999999999,0.9369999999999999,1,0.07142857142857142
2480,87470,14,0.9369999999999999,0.9369999999999999,1,0.07142857142857142
2481,87484,14,0.9369999999999999,0.9369999999999999,1,0.07142857142857142
2482,87498,14,0.9369999999999999,0.9369999999999999,1,0.07142857142857142
2483,87512,14,0.9369999999999999,0.9369999999999999,1,0.07142857142857142
2484,87528,16,0.9279999999999999,0.9279999999999999,1,0.0625
2485,87544,16,0.9279999999999999,0.9279999999999999,1,0.0625
2486,87558,14,0.9369999999999999,0.9369999999999999,1,0.07142857142857142
2487,87576,18,0.919,0.919,1,0.05555555555555555
2488,87590,14,0.9369999999999999,0.9369999999999999,1,0.07142857142857142
2489,87604,14,0.9369999999999999,0.9369999999999999,1,0.07142857142857142
2490,87618,14,0.9369999999999999,0.9369999999999999,1,0.07142857142857142
2491,87632,14,0.9369999999999999,0.9369999999999999,1,0.07142857142857142
2492,87648,16,0.9279999999999999,0.9279999999999999,1,0.0625
2493,87662,14,0.9369999999999999,0.9369999999999999,1,0.07142857142857142
2494,87676,14,0.9369999999999999,0.9369999999999999,1,0.07142857142857142
2495,87690,14,0.9369999999999999,0.9369999999999999,1,0.07142857142857142
2496,87704,14,0.9369999999999999,0.9369999999999999,1,0.07142857142857142
2497,87720,16,0.9279999999999999,0.9279999999999999,1,0.0625
2498,87734,14,0.9369999999999999,0.9369999999999999,1,0.07142857142857142
2499,87748,14,0.9369999999999999,0.9369999999999999,1,0.07142857142857142
2500,87764,16,0.9279999999999999,0.9279999999999999,1,0.0625
2501,87780,16,0.9279999999999999,0.9279999999999999,1,0.0625
2502,87794,14,0.9369999999999999,0.9369999999999999,1,0.07142857142857142
2503,87808,14,0.9369999999999999,0.9369999999999999,1,0.07142857142857142
2504,87824,16,0.9279999999999999,0.9279999999999999,1,0.0625
2505,87838,14,0.9369999999999999,0.9369999999999999,1,0.07142857142857142
2506,87854,16,0.9279999999999999,0.9279999999999999,1,0.0625
2507,87868,14,0.9369999999999999,0.9369999999999999,1,0.07142857142857142
2508,87882,14,0.9369999999999999,0.9369999999999999,1,0.07142857142857142
2509,87896,14,0.9369999999999999,0.9369999999999999,1,0.07142857142857142
2510,87910,14,0.9369999999999999,0.9369999999999999,1,0.07142857142857142
2511,87926,16,0.9279999999999999,0.9279999999999999,1,0.0625
2512,87940,14,0.9369999999999999,0.9369999999999999,1,0.07142857142857142
2513,87965,25,0.8875,0.8875,1,0.04
2514,87979,14,0.9369999999999999,0.9369999999999999,1,0.07142857142857142
2515,87995,16,0.9279999999999999,0.9279999999999999,1,0.0625
2516,88009,14,0.9369999999999999,0.9369999999999999,1,0.07142857142857142
2517,88037,28,0.874,0.874,1,0.03571428571428571
2518,88056,19,0.9145,0.9145,1,0.05263157894736842
2519,88100,44,0.802,0.802,1,0.022727272727272728
2520,88114,14,0.9369999999999999,0.9369999999999999,1,0.07142857142857142
2521,88148,34,0.847,0.847,1,0.029411764705882353
2522,88162,14,0.9369999999999999,0.9369999999999999,1,0.07142857142857142
2523,88176,14,0.9369999999999999,0.9369999999999999,1,0.07142857142857142
2524,88263,87,0.6085,0.6085,1,0.011494252873563218
2525,88277,14,0.9369999999999999,0.9369999999999999,1,0.07142857142857142
2526,88309,32,0.856,0.856,1,0.03125
2527,88349,40,0.82,0.82,1,0.025
2528,88376,27,0.8785,0.8785,1,0.037037037037037035
2529,88413,37,0.8335,0.8335,1,0.02702702702702703
2530,88434,21,0.9055,0.9055,1,0.047619047619047616
2531,88480,46,0.7929999999999999,0.7929999999999999,1,0.021739130434782608
2532,88537,57,0.7435,0.7435,1,0.017543859649122806
2533,88571,34,0.847,0.847,1,0.08823529411764706
2534,88585,14,0.9369999999999999,0.9369999999999999,1,0.07142857142857142
2535,88601,16,0.9279999999999999,0.9279999999999999,1,0.0625
2536,88619,18,0.919,0.919,1,0.05555555555555555
2537,88667,48,0.784,0.784,1,0.020833333333333332
2538,88682,15,0.9325,0.9325,1,0.06666666666666667
2539,88706,24,0.892,0.892,1,0.041666666666666664
2540,88749,43,0.8065,0.8065,1,0.023255813953488372
2541,88763,14,0.9369999999999999,0.9369999999999999,1,0.07142857142857142
2542,88808,45,0.7975,0.7975,1,0.022222222222222223
2543,88824,16,0.9279999999999999,0.9279999999999999,1,0.0625
2544,88840,16,0.9279999999999999,0.9279999999999999,1,0.0625
2545,88854,14,0.9369999999999999,0.9369999999999999,1,0.07142857142857142
2546,88872,18,0.919,0.919,1,0.05555555555555555
2547,88910,38,0.829,0.829,1,0.02631578947368421
2548,89012,102,0.5409999999999999,0.5409999999999999,1,0.00980392156862745
2549,89026,14,0.9369999999999999,0.9369999999999999,1,0.07142857142857142
2550,89042,16,0.9279999999999999,0.9279999999999999,1,0.0625
2551,89058,16,0.9279999999999999,0.9279999999999999,1,0.0625
2552,89072,14,0.9369999999999999,0.9369999999999999,1,0.07142857142857142
2553,89088,16,0.9279999999999999,0.9279999999999999,1,0.0625
2554,89104,16,0.9279999999999999,0.9279999999999999,1,0.0625
2555,89120,16,0.9279999999999999,0.9279999999999999,1,0.0625
2556,89136,16,0.9279999999999999,0.9279999999999999,1,0.0625
2557,89150,14,0.9369999999999999,0.9369999999999999,1,0.07142857142857142
2558,89188,38,0.829,0.829,1,0.02631578947368421
2559,89224,36,0.838,0.838,1,0.027777777777777776
2560,89250,26,0.883,0.883,1,0.038461538461538464
2561,89412,162,0.2709999999999999,0.2709999999999999,1,0.006172839506172839
2562,89426,14,0.9369999999999999,0.9369999999999999,1,0.07142857142857142
2563,89440,14,0.9369999999999999,0.9369999999999999,1,0.07142857142857142
2564,89518,78,0.649,0.649,1,0.01282051282051282
2565,89572,54,0.757,0.757,1,0.018518518518518517
2566,89587,15,0.9325,0.9325,1,0.06666666666666667
2567,89601,14,0.9369999999999999,0.9369999999999999,1,0.07142857142857142
2568,89639,38,0.829,0.829,1,0.02631578947368421
2569,89746,107,0.5185,0.5185,1,0.009345794392523364
2570,89762,16,0.9279999999999999,0.9279999999999999,1,0.0625
2571,89780,18,0.919,0.919,1,0.05555555555555555
2572,89794,14,0.9369999999999999,0.9369999999999999,1,0.07142857142857142
2573,89808,14,0.9369999999999999,0.9369999999999999,1,0.07142857142857142
2574,89882,74,0.667,0.667,1,0.013513513513513514
2575,89918,36,0.838,0.838,1,0.027777777777777776
2576,89942,24,0.892,0.892,1,0.041666666666666664
2577,89964,22,0.901,0.901,1,0.045454545454545456
2578,90013,49,0.7795,0.7795,1,0.02040816326530612
2579,90027,14,0.9369999999999999,0.9369999999999999,1,0.07142857142857142
2580,90041,14,0.9369999999999999,0.9369999999999999,1,0.07142857142857142
2581,90057,16,0.9279999999999999,0.9279999999999999,1,0.0625
2582,90073,16,0.9279999999999999,0.9279999999999999,1,0.0625
2583,90087,14,0.9369999999999999,0.9369999999999999,1,0.07142857142857142
2584,90101,14,0.9369999999999999,0.9369999999999999,1,0.07142857142857142
2585,90117,16,0.9279999999999999,0.9279999999999999,1,0.0625
2586,90131,14,0.9369999999999999,0.9369999999999999,1,0.07142857142857142
2587,90145,14,0.9369999999999999,0.9369999999999999,1,0.07142857142857142
2588,90161,16,0.9279999999999999,0.9279999999999999,1,0.0625
2589,90175,14,0.9369999999999999,0.9369999999999999,1,0.07142857142857142
2590,90193,18,0.919,0.919,1,0.05555555555555555
2591,90207,14,0.9369999999999999,0.9369999999999999,1,0.07142857142857142
2592,90221,14,0.9369999999999999,0.9369999999999999,1,0.07142857142857142
2593,90235,14,0.9369999999999999,0.9369999999999999,1,0.07142857142857142
2594,90249,14,0.9369999999999999,0.9369999999999999,1,0.07142857142857142
2595,90265,16,0.9279999999999999,0.9279999999999999,1,0.0625
2596,90279,14,0.9369999999999999,0.9369999999999999,1,0.07142857142857142
2597,90295,16,0.9279999999999999,0.9279999999999999,1,0.0625
2598,90309,14,0.9369999999999999,0.9369999999999999,1,0.07142857142857142
2599,90323,14,0.9369999999999999,0.9369999999999999,1,0.07142857142857142
2600,90339,16,0.9279999999999999,0.9279999999999999,1,0.0625
2601,90355,16,0.9279999999999999,0.9279999999999999,1,0.0625
2602,90373,18,0.919,0.919,1,0.05555555555555555
2603,90387,14,0.9369999999999999,0.9369999999999999,1,0.07142857142857142
2604,90403,16,0.9279999999999999,0.9279999999999999,1,0.0625
2605,90417,14,0.9369999999999999,0.9369999999999999,1,0.07142857142857142
2606,90445,28,0.874,0.874,1,0.03571428571428571
2607,90461,16,0.9279999999999999,0.9279999999999999,1,0.1875
2608,90477,16,0.9279999999999999,0.9279999999999999,1,0.0625
2609,90494,17,0.9235,0.9235,1,0.058823529411764705
2610,90508,14,0.9369999999999999,0.9369999999999999,1,0.07142857142857142
2611,90524,16,0.9279999999999999,0.9279999999999999,1,0.0625
2612,90540,16,0.9279999999999999,0.9279999999999999,1,0.0625
2613,90556,16,0.9279999999999999,0.9279999999999999,1,0.0625
2614,90582,26,0.883,0.883,1,0.11538461538461539
2615,90596,14,0.9369999999999999,0.9369999999999999,1,0.07142857142857142
2616,90610,14,0.9369999999999999,0.9369999999999999,1,0.07142857142857142
2617,90626,16,0.9279999999999999,0.9279999999999999,1,0.0625
2618,90640,14,0.9369999999999999,0.9369999999999999,1,0.07142857142857142
2619,90654,14,0.9369999999999999,0.9369999999999999,1,0.07142857142857142
2620,90670,16,0.9279999999999999,0.9279999999999999,1,0.0625
2621,90688,18,0.919,0.919,1,0.05555555555555555
2622,90702,14,0.9369999999999999,0.9369999999999999,1,0.07142857142857142
2623,90716,14,0.9369999999999999,0.9369999999999999,1,0.07142857142857142
2624,90730,14,0.9369999999999999,0.9369999999999999,1,0.07142857142857142
2625,90750,20,0.91,0.91,1,0.05
2626,90776,26,0.883,0.883,1,0.038461538461538464
2627,90790,14,0.9369999999999999,0.9369999999999999,1,0.07142857142857142
2628,90806,16,0.9279999999999999,0.9279999999999999,1,0.1875
2629,90832,26,0.883,0.883,1,0.11538461538461539
2630,90894,62,0.721,0.721,1,0.016129032258064516
2631,90908,14,0.9369999999999999,0.9369999999999999,1,0.07142857142857142
2632,90922,14,0.9369999999999999,0.9369999999999999,1,0.07142857142857142
2633,90938,16,0.9279999999999999,0.9279999999999999,1,0.0625
2634,90952,14,0.9369999999999999,0.9369999999999999,1,0.07142857142857142
2635,90966,14,0.9369999999999999,0.9369999999999999,1,0.07142857142857142
2636,90982,16,0.9279999999999999,0.9279999999999999,1,0.0625
2637,91006,24,0.892,0.892,1,0.125
2638,91024,18,0.919,0.919,1,0.05555555555555555
2639,91045,21,0.9055,0.9055,1,0.047619047619047616
2640,91077,32,0.856,0.856,1,0.34375
2641,91122,45,0.7975,0.7975,1,0.022222222222222223
2642,91144,22,0.901,0.901,1,0.045454545454545456
2643,91165,21,0.9055,0.9055,1,0.047619047619047616
2644,91184,19,0.9145,0.9145,1,0.05263157894736842
2645,91212,28,0.874,0.874,1,0.03571428571428571
2646,91283,71,0.6805,0.6805,1,0.028169014084507043
2647,91338,55,0.7525,0.7525,1,0.01818181818181818
2648,91352,14,0.9369999999999999,0.9369999999999999,1,0.07142857142857142
2649,91381,29,0.8694999999999999,0.8694999999999999,1,0.10344827586206896
2650,91401,20,0.91,0.91,1,0.05
2651,91478,77,0.6535,0.6535,1,0.37662337662337664
2652,91497,19,0.9145,0.9145,1,0.05263157894736842
2653,91524,27,0.8785,0.8785,1,0.18518518518518517
2654,91545,21,0.9055,0.9055,1,0.047619047619047616
2655,91567,22,0.901,0.901,1,0.045454545454545456
2656,91590,23,0.8965,0.8965,1,0.13043478260869565
2657,91641,51,0.7705,0.7705,1,0.2549019607843137
2658,91675,34,0.847,0.847,1,0.08823529411764706
2659,91720,45,0.7975,0.7975,1,0.1111111111111111
2660,91772,52,0.766,0.766,1,0.019230769230769232
2661,91798,26,0.883,0.883,1,0.34615384615384615
2662,91818,20,0.91,0.91,1,0.05
2663,91836,18,0.919,0.919,1,0.2777777777777778
2664,91852,16,0.9279999999999999,0.9279999999999999,1,0.1875
2665,91898,46,0.7929999999999999,0.7929999999999999,1,0.41304347826086957
2666,91933,35,0.8425,0.8425,1,0.08571428571428572
2667,91978,45,0.7975,0.7975,1,0.06666666666666667
2668,92032,54,0.757,0.757,1,0.24074074074074073
2669,92048,16,0.9279999999999999,0.9279999999999999,1,0.0625
2670,92064,16,0.9279999999999999,0.9279999999999999,1,0.0625
2671,92080,16,0.9279999999999999,0.9279999999999999,1,0.0625
2672,92096,16,0.9279999999999999,0.9279999999999999,1,0.0625
2673,92112,16,0.9279999999999999,0.9279999999999999,1,0.0625
2674,92128,16,0.9279999999999999,0.9279999999999999,1,0.0625
2675,92146,18,0.919,0.919,1,0.05555555555555555
2676,92164,18,0.919,0.919,1,0.05555555555555555
2677,92188,24,0.892,0.892,1,0.041666666666666664
2678,92204,16,0.9279999999999999,0.9279999999999999,1,0.0625
2679,92235,31,0.8605,0.8605,1,0.03225806451612903
2680,92271,36,0.838,0.838,1,0.027777777777777776
2681,92345,74,0.667,0.667,1,0.013513513513513514
2682,92361,16,0.9279999999999999,0.9279999999999999,1,0.0625
2683,92386,25,0.8875,0.8875,1,0.04
2684,92408,22,0.901,0.901,1,0.13636363636363635
2685,92518,110,0.5049999999999999,0.5049999999999999,1,0.02727272727272727
2686,92682,164,0.262,0.262,1,0.06097560975609756
2687,92723,41,0.8155,0.8155,1,0.024390243902439025
2688,92863,140,0.37,0.37,1,0.007142857142857143
2689,92879,16,0.9279999999999999,0.9279999999999999,1,0.0625
2690,92897,18,0.919,0.919,1,0.05555555555555555
2691,93021,124,0.44199999999999995,0.44199999999999995,1,0.03225806451612903
2692,93039,18,0.919,0.919,1,0.05555555555555555
2693,93055,16,0.9279999999999999,0.9279999999999999,1,0.0625
2694,93073,18,0.919,0.919,1,0.05555555555555555
2695,93089,16,0.9279999999999999,0.9279999999999999,1,0.0625
2696,93105,16,0.9279999999999999,0.9279999999999999,1,0.0625
2697,93123,18,0.919,0.919,1,0.05555555555555555
2698,93139,16,0.9279999999999999,0.9279999999999999,1,0.0625
2699,93163,24,0.892,0.892,1,0.041666666666666664
2700,93229,66,0.703,0.703,1,0.015151515151515152
2701,93247,18,0.919,0.919,1,0.05555555555555555
2702,93263,16,0.9279999999999999,0.9279999999999999,1,0.0625
2703,93463,200,0.0,0.0,0,0.005
2704,93549,86,0.613,0.613,1,0.03488372093023256
2705,93723,174,0.21699999999999997,0.21699999999999997,1,0.011494252873563218
2706,93923,200,0.0,0.0,0,0.005
2707,93943,20,0.91,0.91,1,0.05
2708,94021,78,0.649,0.649,1,0.01282051282051282
2709,94045,24,0.892,0.892,1,0.041666666666666664
2710,94245,200,0.0,0.0,0,0.48
2711,94289,44,0.802,0.802,1,0.38636363636363635
2712,94489,200,0.0,0.0,0,0.765
2713,94689,200,0.0,0.0,0,0.17
2714,94708,19,0.9145,0.9145,1,0.3157894736842105
2715,94731,23,0.8965,0.8965,1,0.43478260869565216
2716,94748,17,0.9235,0.9235,1,0.23529411764705882
2717,94792,44,0.802,0.802,1,0.5681818181818182
2718,94820,28,0.874,0.874,1,0.03571428571428571
2719,94848,28,0.874,0.874,1,0.39285714285714285
2720,94870,22,0.901,0.901,1,0.045454545454545456
2721,94906,36,0.838,0.838,1,0.5833333333333334
2722,94924,18,0.919,0.919,1,0.05555555555555555
2723,94962,38,0.829,0.829,1,0.6052631578947368
2724,94978,16,0.9279999999999999,0.9279999999999999,1,0.0625
2725,95012,34,0.847,0.847,1,0.4411764705882353
2726,95028,16,0.9279999999999999,0.9279999999999999,1,0.0625
2727,95044,16,0.9279999999999999,0.9279999999999999,1,0.0625
2728,95058,14,0.9369999999999999,0.9369999999999999,1,0.07142857142857142
2729,95074,16,0.9279999999999999,0.9279999999999999,1,0.0625
2730,95098,24,0.892,0.892,1,0.4583333333333333
2731,95118,20,0.91,0.91,1,0.35
2732,95158,40,0.82,0.82,1,0.675
2733,95176,18,0.919,0.919,1,0.2777777777777778
2734,95192,16,0.9279999999999999,0.9279999999999999,1,0.0625
2735,95206,14,0.9369999999999999,0.9369999999999999,1,0.07142857142857142
2736,95264,58,0.739,0.739,1,0.7758620689655172
2737,95326,62,0.721,0.721,1,0.6129032258064516
2738,95345,19,0.9145,0.9145,1,0.3157894736842105
2739,95374,29,0.8694999999999999,0.8694999999999999,1,0.4827586206896552
2740,95388,14,0.9369999999999999,0.9369999999999999,1,0.07142857142857142
2741,95402,14,0.9369999999999999,0.9369999999999999,1,0.07142857142857142
2742,95420,18,0.919,0.919,1,0.05555555555555555
2743,95447,27,0.8785,0.8785,1,0.5185185185185185
2744,95514,67,0.6984999999999999,0.6984999999999999,1,0.6865671641791045
2745,95536,22,0.901,0.901,1,0.4090909090909091
2746,95564,28,0.874,0.874,1,0.5357142857142857
2747,95578,14,0.9369999999999999,0.9369999999999999,1,0.07142857142857142
2748,95596,18,0.919,0.919,1,0.16666666666666666
2749,95631,35,0.8425,0.8425,1,0.6285714285714286
2750,95647,16,0.9279999999999999,0.9279999999999999,1,0.0625
2751,95692,45,0.7975,0.7975,1,0.7111111111111111
2752,95712,20,0.91,0.91,1,0.35
2753,95728,16,0.9279999999999999,0.9279999999999999,1,0.0625
2754,95813,85,0.6174999999999999,0.6174999999999999,1,0.5294117647058824
2755,95827,14,0.9369999999999999,0.9369999999999999,1,0.07142857142857142
2756,95843,16,0.9279999999999999,0.9279999999999999,1,0.0625
2757,95859,16,0.9279999999999999,0.9279999999999999,1,0.0625
2758,95873,14,0.9369999999999999,0.9369999999999999,1,0.07142857142857142
2759,95887,14,0.9369999999999999,0.9369999999999999,1,0.07142857142857142
2760,95901,14,0.9369999999999999,0.9369999999999999,1,0.07142857142857142
2761,95915,14,0.9369999999999999,0.9369999999999999,1,0.07142857142857142
2762,95937,22,0.901,0.901,1,0.045454545454545456
2763,95951,14,0.9369999999999999,0.9369999999999999,1,0.07142857142857142
2764,95965,14,0.9369999999999999,0.9369999999999999,1,0.07142857142857142
2765,95979,14,0.9369999999999999,0.9369999999999999,1,0.07142857142857142
2766,95993,14,0.9369999999999999,0.9369999999999999,1,0.07142857142857142
2767,96007,14,0.9369999999999999,0.9369999999999999,1,0.07142857142857142
2768,96021,14,0.9369999999999999,0.9369999999999999,1,0.07142857142857142
2769,96035,14,0.9369999999999999,0.9369999999999999,1,0.07142857142857142
2770,96049,14,0.9369999999999999,0.9369999999999999,1,0.07142857142857142
2771,96063,14,0.9369999999999999,0.9369999999999999,1,0.07142857142857142
2772,96077,14,0.9369999999999999,0.9369999999999999,1,0.07142857142857142
2773,96091,14,0.9369999999999999,0.9369999999999999,1,0.07142857142857142
2774,96105,14,0.9369999999999999,0.9369999999999999,1,0.07142857142857142
2775,96119,14,0.9369999999999999,0.9369999999999999,1,0.07142857142857142
2776,96136,17,0.9235,0.9235,1,0.058823529411764705
2777,96150,14,0.9369999999999999,0.9369999999999999,1,0.07142857142857142
2778,96164,14,0.9369999999999999,0.9369999999999999,1,0.07142857142857142
2779,96178,14,0.9369999999999999,0.9369999999999999,1,0.07142857142857142
2780,96194,16,0.9279999999999999,0.9279999999999999,1,0.0625
2781,96208,14,0.9369999999999999,0.9369999999999999,1,0.07142857142857142
2782,96222,14,0.9369999999999999,0.9369999999999999,1,0.07142857142857142
2783,96236,14,0.9369999999999999,0.9369999999999999,1,0.07142857142857142
2784,96252,16,0.9279999999999999,0.9279999999999999,1,0.0625
2785,96266,14,0.9369999999999999,0.9369999999999999,1,0.07142857142857142
2786,96280,14,0.9369999999999999,0.9369999999999999,1,0.07142857142857142
2787,96296,16,0.9279999999999999,0.9279999999999999,1,0.0625
2788,96310,14,0.9369999999999999,0.9369999999999999,1,0.07142857142857142
2789,96324,14,0.9369999999999999,0.9369999999999999,1,0.07142857142857142
2790,96338,14,0.9369999999999999,0.9369999999999999,1,0.07142857142857142
2791,96352,14,0.9369999999999999,0.9369999999999999,1,0.07142857142857142
2792,96367,15,0.9325,0.9325,1,0.06666666666666667
2793,96381,14,0.9369999999999999,0.9369999999999999,1,0.07142857142857142
2794,96397,16,0.9279999999999999,0.9279999999999999,1,0.1875
2795,96411,14,0.9369999999999999,0.9369999999999999,1,0.07142857142857142
2796,96427,16,0.9279999999999999,0.9279999999999999,1,0.1875
2797,96443,16,0.9279999999999999,0.9279999999999999,1,0.0625
2798,96457,14,0.9369999999999999,0.9369999999999999,1,0.07142857142857142
2799,96471,14,0.9369999999999999,0.9369999999999999,1,0.07142857142857142
2800,96485,14,0.9369999999999999,0.9369999999999999,1,0.07142857142857142
2801,96499,14,0.9369999999999999,0.9369999999999999,1,0.07142857142857142
2802,96515,16,0.9279999999999999,0.9279999999999999,1,0.0625
2803,96531,16,0.9279999999999999,0.9279999999999999,1,0.0625
2804,96545,14,0.9369999999999999,0.9369999999999999,1,0.07142857142857142
2805,96559,14,0.9369999999999999,0.9369999999999999,1,0.07142857142857142
2806,96573,14,0.9369999999999999,0.9369999999999999,1,0.07142857142857142
2807,96588,15,0.9325,0.9325,1,0.06666666666666667
2808,96602,14,0.9369999999999999,0.9369999999999999,1,0.07142857142857142
2809,96616,14,0.9369999999999999,0.9369999999999999,1,0.07142857142857142
2810,96632,16,0.9279999999999999,0.9279999999999999,1,0.0625
2811,96646,14,0.9369999999999999,0.9369999999999999,1,0.07142857142857142
2812,96662,16,0.9279999999999999,0.9279999999999999,1,0.0625
2813,96676,14,0.9369999999999999,0.9369999999999999,1,0.07142857142857142
2814,96690,14,0.9369999999999999,0.9369999999999999,1,0.07142857142857142
2815,96708,18,0.919,0.919,1,0.05555555555555555
2816,96723,15,0.9325,0.9325,1,0.06666666666666667
2817,96740,17,0.9235,0.9235,1,0.058823529411764705
2818,96754,14,0.9369999999999999,0.9369999999999999,1,0.07142857142857142
2819,96768,14,0.9369999999999999,0.9369999999999999,1,0.07142857142857142
2820,96782,14,0.9369999999999999,0.9369999999999999,1,0.07142857142857142
2821,96796,14,0.9369999999999999,0.9369999999999999,1,0.07142857142857142
2822,96812,16,0.9279999999999999,0.9279999999999999,1,0.0625
2823,96826,14,0.9369999999999999,0.9369999999999999,1,0.07142857142857142
2824,96840,14,0.9369999999999999,0.9369999999999999,1,0.07142857142857142
2825,96858,18,0.919,0.919,1,0.05555555555555555
2826,96876,18,0.919,0.919,1,0.16666666666666666
2827,96890,14,0.9369999999999999,0.9369999999999999,1,0.07142857142857142
2828,96904,14,0.9369999999999999,0.9369999999999999,1,0.07142857142857142
2829,96920,16,0.9279999999999999,0.9279999999999999,1,0.0625
2830,96942,22,0.901,0.901,1,0.22727272727272727
2831,96956,14,0.9369999999999999,0.9369999999999999,1,0.07142857142857142
2832,96970,14,0.9369999999999999,0.9369999999999999,1,0.07142857142857142
2833,96984,14,0.9369999999999999,0.9369999999999999,1,0.07142857142857142
2834,97000,16,0.9279999999999999,0.9279999999999999,1,0.0625
2835,97018,18,0.919,0.919,1,0.05555555555555555
2836,97034,16,0.9279999999999999,0.9279999999999999,1,0.0625
2837,97048,14,0.9369999999999999,0.9369999999999999,1,0.07142857142857142
2838,97062,14,0.9369999999999999,0.9369999999999999,1,0.07142857142857142
2839,97076,14,0.9369999999999999,0.9369999999999999,1,0.07142857142857142
2840,97092,16,0.9279999999999999,0.9279999999999999,1,0.0625
2841,97106,14,0.9369999999999999,0.9369999999999999,1,0.07142857142857142
2842,97122,16,0.9279999999999999,0.9279999999999999,1,0.0625
2843,97136,14,0.9369999999999999,0.9369999999999999,1,0.07142857142857142
2844,97150,14,0.9369999999999999,0.9369999999999999,1,0.07142857142857142
2845,97164,14,0.9369999999999999,0.9369999999999999,1,0.07142857142857142
2846,97178,14,0.9369999999999999,0.9369999999999999,1,0.07142857142857142
2847,97192,14,0.9369999999999999,0.9369999999999999,1,0.07142857142857142
2848,97206,14,0.9369999999999999,0.9369999999999999,1,0.07142857142857142
2849,97220,14,0.9369999999999999,0.9369999999999999,1,0.07142857142857142
2850,97236,16,0.9279999999999999,0.9279999999999999,1,0.0625
2851,97250,14,0.9369999999999999,0.9369999999999999,1,0.07142857142857142
2852,97264,14,0.9369999999999999,0.9369999999999999,1,0.07142857142857142
2853,97280,16,0.9279999999999999,0.9279999999999999,1,0.0625
2854,97296,16,0.9279999999999999,0.9279999999999999,1,0.0625
2855,97310,14,0.9369999999999999,0.9369999999999999,1,0.07142857142857142
2856,97324,14,0.9369999999999999,0.9369999999999999,1,0.07142857142857142
2857,97340,16,0.9279999999999999,0.9279999999999999,1,0.0625
2858,97354,14,0.9369999999999999,0.9369999999999999,1,0.07142857142857142
2859,97368,14,0.9369999999999999,0.9369999999999999,1,0.07142857142857142
2860,97382,14,0.9369999999999999,0.9369999999999999,1,0.07142857142857142
2861,97396,14,0.9369999999999999,0.9369999999999999,1,0.07142857142857142
2862,97410,14,0.9369999999999999,0.9369999999999999,1,0.07142857142857142
2863,97424,14,0.9369999999999999,0.9369999999999999,1,0.07142857142857142
2864,97440,16,0.9279999999999999,0.9279999999999999,1,0.0625
2865,97454,14,0.9369999999999999,0.9369999999999999,1,0.07142857142857142
2866,97468,14,0.9369999999999999,0.9369999999999999,1,0.07142857142857142
2867,97486,18,0.919,0.919,1,0.05555555555555555
2868,97500,14,0.9369999999999999,0.9369999999999999,1,0.07142857142857142
2869,97514,14,0.9369999999999999,0.9369999999999999,1,0.07142857142857142
2870,97528,14,0.9369999999999999,0.9369999999999999,1,0.07142857142857142
2871,97542,14,0.9369999999999999,0.9369999999999999,1,0.07142857142857142
2872,97556,14,0.9369999999999999,0.9369999999999999,1,0.07142857142857142
2873,97570,14,0.9369999999999999,0.9369999999999999,1,0.07142857142857142
2874,97586,16,0.9279999999999999,0.9279999999999999,1,0.0625
2875,97602,16,0.9279999999999999,0.9279999999999999,1,0.0625
2876,97618,16,0.9279999999999999,0.9279999999999999,1,0.0625
2877,97634,16,0.9279999999999999,0.9279999999999999,1,0.0625
2878,97648,14,0.9369999999999999,0.9369999999999999,1,0.07142857142857142
2879,97666,18,0.919,0.919,1,0.05555555555555555
2880,97682,16,0.9279999999999999,0.9279999999999999,1,0.0625
2881,97698,16,0.9279999999999999,0.9279999999999999,1,0.0625
2882,97712,14,0.9369999999999999,0.9369999999999999,1,0.07142857142857142
2883,97726,14,0.9369999999999999,0.9369999999999999,1,0.07142857142857142
2884,97740,14,0.9369999999999999,0.9369999999999999,1,0.07142857142857142
2885,97758,18,0.919,0.919,1,0.16666666666666666
2886,97774,16,0.9279999999999999,0.9279999999999999,1,0.0625
2887,97792,18,0.919,0.919,1,0.05555555555555555
2888,97806,14,0.9369999999999999,0.9369999999999999,1,0.07142857142857142
2889,97822,16,0.9279999999999999,0.9279999999999999,1,0.0625
2890,97836,14,0.9369999999999999,0.9369999999999999,1,0.07142857142857142
2891,97852,16,0.9279999999999999,0.9279999999999999,1,0.1875
2892,97866,14,0.9369999999999999,0.9369999999999999,1,0.07142857142857142
2893,97882,16,0.9279999999999999,0.9279999999999999,1,0.0625
2894,97896,14,0.9369999999999999,0.9369999999999999,1,0.07142857142857142
2895,97910,14,0.9369999999999999,0.9369999999999999,1,0.07142857142857142
2896,97924,14,0.9369999999999999,0.9369999999999999,1,0.07142857142857142
2897,97938,14,0.9369999999999999,0.9369999999999999,1,0.07142857142857142
2898,97952,14,0.9369999999999999,0.9369999999999999,1,0.07142857142857142
2899,97968,16,0.9279999999999999,0.9279999999999999,1,0.0625
2900,97984,16,0.9279999999999999,0.9279999999999999,1,0.0625
2901,97998,14,0.9369999999999999,0.9369999999999999,1,0.07142857142857142
2902,98012,14,0.9369999999999999,0.9369999999999999,1,0.07142857142857142
2903,98028,16,0.9279999999999999,0.9279999999999999,1,0.1875
2904,98042,14,0.9369999999999999,0.9369999999999999,1,0.07142857142857142
2905,98056,14,0.9369999999999999,0.9369999999999999,1,0.07142857142857142
2906,98072,16,0.9279999999999999,0.9279999999999999,1,0.0625
2907,98086,14,0.9369999999999999,0.9369999999999999,1,0.07142857142857142
2908,98100,14,0.9369999999999999,0.9369999999999999,1,0.07142857142857142
2909,98114,14,0.9369999999999999,0.9369999999999999,1,0.07142857142857142
2910,98130,16,0.9279999999999999,0.9279999999999999,1,0.0625
2911,98144,14,0.9369999999999999,0.9369999999999999,1,0.07142857142857142
2912,98158,14,0.9369999999999999,0.9369999999999999,1,0.07142857142857142
2913,98172,14,0.9369999999999999,0.9369999999999999,1,0.07142857142857142
2914,98190,18,0.919,0.919,1,0.05555555555555555
2915,98216,26,0.883,0.883,1,0.038461538461538464
2916,98232,16,0.9279999999999999,0.9279999999999999,1,0.1875
2917,98250,18,0.919,0.919,1,0.16666666666666666
2918,98266,16,0.9279999999999999,0.9279999999999999,1,0.0625
2919,98280,14,0.9369999999999999,0.9369999999999999,1,0.07142857142857142
2920,98296,16,0.9279999999999999,0.9279999999999999,1,0.0625
2921,98312,16,0.9279999999999999,0.9279999999999999,1,0.1875
2922,98328,16,0.9279999999999999,0.9279999999999999,1,0.1875
2923,98342,14,0.9369999999999999,0.9369999999999999,1,0.07142857142857142
2924,98356,14,0.9369999999999999,0.9369999999999999,1,0.07142857142857142
2925,98375,19,0.9145,0.9145,1,0.05263157894736842
2926,98389,14,0.9369999999999999,0.9369999999999999,1,0.07142857142857142
2927,98405,16,0.9279999999999999,0.9279999999999999,1,0.1875
2928,98419,14,0.9369999999999999,0.9369999999999999,1,0.07142857142857142
2929,98435,16,0.9279999999999999,0.9279999999999999,1,0.0625
2930,98451,16,0.9279999999999999,0.9279999999999999,1,0.0625
2931,98467,16,0.9279999999999999,0.9279999999999999,1,0.0625
2932,98483,16,0.9279999999999999,0.9279999999999999,1,0.0625
2933,98497,14,0.9369999999999999,0.9369999999999999,1,0.07142857142857142
2934,98511,14,0.9369999999999999,0.9369999999999999,1,0.07142857142857142
2935,98525,14,0.9369999999999999,0.9369999999999999,1,0.07142857142857142
2936,98541,16,0.9279999999999999,0.9279999999999999,1,0.0625
2937,98557,16,0.9279999999999999,0.9279999999999999,1,0.0625
2938,98574,17,0.9235,0.9235,1,0.058823529411764705
2939,98588,14,0.9369999999999999,0.9369999999999999,1,0.07142857142857142
2940,98608,20,0.91,0.91,1,0.05
2941,98622,14,0.9369999999999999,0.9369999999999999,1,0.07142857142857142
2942,98636,14,0.9369999999999999,0.9369999999999999,1,0.07142857142857142
2943,98650,14,0.9369999999999999,0.9369999999999999,1,0.07142857142857142
2944,98664,14,0.9369999999999999,0.9369999999999999,1,0.07142857142857142
2945,98678,14,0.9369999999999999,0.9369999999999999,1,0.07142857142857142
2946,98692,14,0.9369999999999999,0.9369999999999999,1,0.07142857142857142
2947,98706,14,0.9369999999999999,0.9369999999999999,1,0.07142857142857142
2948,98722,16,0.9279999999999999,0.9279999999999999,1,0.0625
2949,98736,14,0.9369999999999999,0.9369999999999999,1,0.07142857142857142
2950,98750,14,0.9369999999999999,0.9369999999999999,1,0.07142857142857142
2951,98764,14,0.9369999999999999,0.9369999999999999,1,0.07142857142857142
2952,98782,18,0.919,0.919,1,0.05555555555555555
2953,98798,16,0.9279999999999999,0.9279999999999999,1,0.0625
2954,98812,14,0.9369999999999999,0.9369999999999999,1,0.07142857142857142
2955,98826,14,0.9369999999999999,0.9369999999999999,1,0.07142857142857142
2956,98840,14,0.9369999999999999,0.9369999999999999,1,0.07142857142857142
2957,98854,14,0.9369999999999999,0.9369999999999999,1,0.07142857142857142
2958,98868,14,0.9369999999999999,0.9369999999999999,1,0.07142857142857142
2959,98882,14,0.9369999999999999,0.9369999999999999,1,0.07142857142857142
2960,98896,14,0.9369999999999999,0.9369999999999999,1,0.07142857142857142
2961,98910,14,0.9369999999999999,0.9369999999999999,1,0.07142857142857142
2962,98924,14,0.9369999999999999,0.9369999999999999,1,0.07142857142857142
2963,98938,14,0.9369999999999999,0.9369999999999999,1,0.07142857142857142
2964,98958,20,0.91,0.91,1,0.05
2965,98972,14,0.9369999999999999,0.9369999999999999,1,0.07142857142857142
2966,98988,16,0.9279999999999999,0.9279999999999999,1,0.0625
2967,99002,14,0.9369999999999999,0.9369999999999999,1,0.07142857142857142
2968,99016,14,0.9369999999999999,0.9369999999999999,1,0.07142857142857142
2969,99031,15,0.9325,0.9325,1,0.06666666666666667
2970,99049,18,0.919,0.919,1,0.05555555555555555
2971,99063,14,0.9369999999999999,0.9369999999999999,1,0.07142857142857142
2972,99083,20,0.91,0.91,1,0.05
2973,99145,62,0.721,0.721,1,0.016129032258064516
2974,99161,16,0.9279999999999999,0.9279999999999999,1,0.0625
2975,99175,14,0.9369999999999999,0.9369999999999999,1,0.07142857142857142
2976,99189,14,0.9369999999999999,0.9369999999999999,1,0.07142857142857142
2977,99203,14,0.9369999999999999,0.9369999999999999,1,0.07142857142857142
2978,99217,14,0.9369999999999999,0.9369999999999999,1,0.07142857142857142
2979,99231,14,0.9369999999999999,0.9369999999999999,1,0.07142857142857142
2980,99245,14,0.9369999999999999,0.9369999999999999,1,0.07142857142857142
2981,99261,16,0.9279999999999999,0.9279999999999999,1,0.1875
2982,99275,14,0.9369999999999999,0.9369999999999999,1,0.07142857142857142
2983,99289,14,0.9369999999999999,0.9369999999999999,1,0.07142857142857142
2984,99305,16,0.9279999999999999,0.9279999999999999,1,0.0625
2985,99319,14,0.9369999999999999,0.9369999999999999,1,0.07142857142857142
2986,99336,17,0.9235,0.9235,1,0.058823529411764705
2987,99352,16,0.9279999999999999,0.9279999999999999,1,0.0625
2988,99366,14,0.9369999999999999,0.9369999999999999,1,0.07142857142857142
2989,99380,14,0.9369999999999999,0.9369999999999999,1,0.07142857142857142
2990,99394,14,0.9369999999999999,0.9369999999999999,1,0.07142857142857142
2991,99408,14,0.9369999999999999,0.9369999999999999,1,0.07142857142857142
2992,99424,16,0.9279999999999999,0.9279999999999999,1,0.0625
2993,99442,18,0.919,0.919,1,0.05555555555555555
2994,99456,14,0.9369999999999999,0.9369999999999999,1,0.07142857142857142
2995,99470,14,0.9369999999999999,0.9369999999999999,1,0.07142857142857142
2996,99484,14,0.9369999999999999,0.9369999999999999,1,0.07142857142857142
2997,99498,14,0.9369999999999999,0.9369999999999999,1,0.07142857142857142
2998,99514,16,0.9279999999999999,0.9279999999999999,1,0.0625
2999,99530,16,0.9279999999999999,0.9279999999999999,1,0.0625
3000,99548,18,0.919,0.919,1,0.05555555555555555
3001,99562,14,0.9369999999999999,0.9369999999999999,1,0.07142857142857142
3002,99576,14,0.9369999999999999,0.9369999999999999,1,0.07142857142857142
3003,99590,14,0.9369999999999999,0.9369999999999999,1,0.07142857142857142
3004,99604,14,0.9369999999999999,0.9369999999999999,1,0.07142857142857142
3005,99620,16,0.9279999999999999,0.9279999999999999,1,0.0625
3006,99634,14,0.9369999999999999,0.9369999999999999,1,0.07142857142857142
3007,99648,14,0.9369999999999999,0.9369999999999999,1,0.07142857142857142
3008,99664,16,0.9279999999999999,0.9279999999999999,1,0.0625
3009,99678,14,0.9369999999999999,0.9369999999999999,1,0.07142857142857142
3010,99699,21,0.9055,0.9055,1,0.047619047619047616
3011,99717,18,0.919,0.919,1,0.05555555555555555
3012,99765,48,0.784,0.784,1,0.020833333333333332
3013,99781,16,0.9279999999999999,0.9279999999999999,1,0.0625
3014,99797,16,0.9279999999999999,0.9279999999999999,1,0.0625
3015,99813,16,0.9279999999999999,0.9279999999999999,1,0.0625
3016,99831,18,0.919,0.919,1,0.05555555555555555
3017,99845,14,0.9369999999999999,0.9369999999999999,1,0.07142857142857142
3018,99860,15,0.9325,0.9325,1,0.06666666666666667
3019,99874,14,0.9369999999999999,0.9369999999999999,1,0.07142857142857142
3020,99888,14,0.9369999999999999,0.9369999999999999,1,0.07142857142857142
3021,99922,34,0.847,0.847,1,0.029411764705882353
3022,99938,16,0.9279999999999999,0.9279999999999999,1,0.0625
3023,99954,16,0.9279999999999999,0.9279999999999999,1,0.0625
3024,99968,14,0.9369999999999999,0.9369999999999999,1,0.07142857142857142
3025,99984,16,0.9279999999999999,0.9279999999999999,1,0.0625
3026,99998,14,0.9369999999999999,0.9369999999999999,1,0.07142857142857142
