episode,end_step,length,extrinsic_return,shaped_return,success,tv_fraction
0,200,200,0.0,7.786664511083882,0,0.015
1,400,200,0.0,9.928762758138026,0,0.19
2,600,200,0.0,9.993019558950463,0,0.125
3,800,200,0.0,10.000000000000007,0,0.32
4,900,100,0.55,5.543039314224522,1,0.08
5,1100,200,0.0,7.255043321181005,0,0.28
6,1300,200,0.0,0.38723597885173827,0,0.21
7,1500,200,0.0,0.13977414037145788,0,0.275
8,1700,200,0.0,0.08257772675416125,0,0.3
9,1900,200,0.0,0.08788636027784372,0,0.28
10,2100,200,0.0,0.03783793584596178,0,0.13
11,2300,200,0.0,0.07916429874712534,0,0.07
12,2500,200,0.0,0.060413135731180435,0,0.065
13,2700,200,0.0,0.01853430311407918,0,0.115
14,2900,200,0.0,0.016415015058358132,0,0.125
15,3100,200,0.0,0.022917279442959064,0,0.33
16,3300,200,0.0,0.040637704266342244,0,0.14
17,3500,200,0.0,0.014226063945329341,0,0.23
18,3655,155,0.3025,0.31933430743174573,1,0.12903225806451613
19,3855,200,0.0,0.028689824876250374,0,0.03
20,4055,200,0.0,0.011754263330676959,0,0.195
21,4255,200,0.0,0.008468717704521147,0,0.105
22,4455,200,0.0,0.008135772492798416,0,0.015
23,4655,200,0.0,0.007396390589970864,0,0.11
24,4855,200,0.0,0.008991404551351887,0,0.2
25,5055,200,0.0,0.019426573330806045,0,0.105
26,5255,200,0.0,0.020252502392208927,0,0.115
27,5455,200,0.0,0.01513777591231446,0,0.155
28,5655,200,0.0,0.00794371977412472,0,0.19
29,5855,200,0.0,0.008621845288750525,0,0.205
30,6055,200,0.0,0.05748961386983275,0,0.08
31,6255,200,0.0,0.006456691406388567,0,0.145
32,6455,200,0.0,0.011161304106858618,0,0.25
33,6537,82,0.631,0.6630262104019322,1,0.012195121951219513
34,6602,65,0.7075,0.7137098198876788,1,0.16923076923076924
35,6802,200,0.0,0.0046570170792719435,0,0.095
36,7002,200,0.0,0.007686703394934893,0,0.115
37,7202,200,0.0,0.03719134292288536,0,0.15
38,7402,200,0.0,0.04185921402739234,0,0.01
39,7592,190,0.14500000000000002,0.15416806902947452,1,0.22105263157894736
40,7792,200,0.0,0.012348896283154257,0,0.415
41,7992,200,0.0,0.011770422298935447,0,0.37
42,8192,200,0.0,0.058788684733289326,0,0.02
43,8392,200,0.0,0.006364903240373378,0,0.025
44,8592,200,0.0,0.00660077554295409,0,0.185
45,8792,200,0.0,0.004970203815591948,0,0.145
46,8992,200,0.0,0.01941560816561774,0,0.02
47,9192,200,0.0,0.010917921015921518,0,0.36
48,9392,200,0.0,0.02000123112504349,0,0.07
49,9592,200,0.0,0.0033872861084568253,0,0.105
50,9792,200,0.0,0.005804983537287251,0,0.165
51,9964,172,0.22599999999999998,0.23898221523740312,1,0.046511627906976744
52,10164,200,0.0,0.00349859911420879,0,0.09
53,10364,200,0.0,0.009772992506968042,0,0.09
54,10564,200,0.0,0.011616519373487339,0,0.11
55,10692,128,0.42399999999999993,0.4362132643582838,1,0.0078125
56,10892,200,0.0,0.006952085297688161,0,0.21
57,11092,200,0.0,0.005271171321030184,0,0.145
58,11292,200,0.0,0.004701731134624401,0,0.16
59,11492,200,0.0,0.00949875276082418,0,0.32
60,11692,200,0.0,0.0031677265460233308,0,0.08
61,11782,90,0.595,0.5991966929282776,1,0.2111111111111111
62,11959,177,0.20350000000000001,0.2137048013009953,1,0.0847457627118644
63,12135,176,0.20799999999999996,0.21496335241657327,1,0.1875
64,12307,172,0.22599999999999998,0.2514398638231213,1,0.19767441860465115
65,12507,200,0.0,0.00657582264635681,0,0.205
66,12707,200,0.0,0.009460765829189465,0,0.075
67,12907,200,0.0,0.007569058892638538,0,0.27
68,13107,200,0.0,0.002701373845200654,0,0.075
69,13307,200,0.0,0.008501024470962362,0,0.23
70,13507,200,0.0,0.008224179730213398,0,0.315
71,13707,200,0.0,0.009093523757741955,0,0.305
72,13907,200,0.0,0.005497108346478785,0,0.08
73,14107,200,0.0,0.007431509149738596,0,0.24
74,14307,200,0.0,0.012281730595924314,0,0.18
75,14507,200,0.0,0.005290953098941138,0,0.175
76,14707,200,0.0,0.010919369429201027,0,0.405
77,14907,200,0.0,0.009141157225807463,0,0.265
78,15043,136,0.3879999999999999,0.39207512133962563,1,0.09558823529411764
79,15243,200,0.0,0.012048777251063254,0,0.13
80,15382,139,0.37450000000000006,0.3811312667415555,1,0.02158273381294964
81,15439,57,0.7435,0.7449427819117557,1,0.017543859649122806
82,15511,72,0.6759999999999999,0.6867127984016331,1,0.1527777777777778
83,15711,200,0.0,0.009658432070828027,0,0.14
84,15875,164,0.262,0.27568752977054245,1,0.3231707317073171
85,16075,200,0.0,0.008610989210527987,0,0.29
86,16141,66,0.703,0.7043115818881879,1,0.06060606060606061
87,16217,76,0.6579999999999999,0.6648050070792545,1,0.10526315789473684
88,16314,97,0.5635,0.5649493218279401,1,0.010309278350515464
89,16514,200,0.0,0.00543539365315205,0,0.18
90,16653,139,0.37450000000000006,0.3802141963381965,1,0.17266187050359713
91,16853,200,0.0,0.00889443886328918,0,0.09
92,17024,171,0.23050000000000004,0.23450335046578777,1,0.05847953216374269
93,17224,200,0.0,0.00875795436090774,0,0.275
94,17316,92,0.586,0.5923520651177817,1,0.14130434782608695
95,17431,115,0.48250000000000004,0.4962202040844409,1,0.14782608695652175
96,17566,135,0.39249999999999996,0.3986713694314151,1,0.11851851851851852
97,17629,63,0.7164999999999999,0.7184778574533139,1,0.06349206349206349
98,17651,22,0.901,0.9018536983849437,1,0.22727272727272727
99,17773,122,0.45099999999999996,0.4530259846240306,1,0.02459016393442623
100,17947,174,0.21699999999999997,0.22184481847233678,1,0.1206896551724138
101,18147,200,0.0,0.002620124382869414,0,0.005
102,18293,146,0.34299999999999997,0.3508339940446952,1,0.1232876712328767
103,18412,119,0.4645,0.46781284468019874,1,0.008403361344537815
104,18498,86,0.613,0.6145142366875184,1,0.05813953488372093
105,18581,83,0.6265000000000001,0.6297843669964222,1,0.012048192771084338
106,18622,41,0.8155,0.8163644995507462,1,0.07317073170731707
107,18698,76,0.6579999999999999,0.6594034898847663,1,0.05263157894736842
108,18818,120,0.45999999999999996,0.46399605187040677,1,0.008333333333333333
109,19018,200,0.0,0.011066084830596038,0,0.005
110,19218,200,0.0,0.004336917616422165,0,0.06
111,19252,34,0.847,0.8479424264343337,1,0.14705882352941177
112,19452,200,0.0,0.0027105140936187332,0,0.015
113,19601,149,0.3295,0.33234336979582524,1,0.04697986577181208
114,19642,41,0.8155,0.8187854232721548,1,0.07317073170731707
115,19719,77,0.6535,0.6556889365732931,1,0.12987012987012986
116,19829,110,0.5049999999999999,0.5065556409371123,1,0.00909090909090909
117,19969,140,0.37,0.3727547789011973,1,0.05714285714285714
118,20165,196,0.118,0.120313218096584,1,0.015306122448979591
119,20217,52,0.766,0.7671273118335776,1,0.09615384615384616
120,20297,80,0.6399999999999999,0.641337840484049,1,0.0625
121,20370,73,0.6715,0.6755269696602395,1,0.2054794520547945
122,20429,59,0.7344999999999999,0.73513669383459,1,0.05084745762711865
123,20566,137,0.38349999999999995,0.3860330966493824,1,0.06569343065693431
124,20616,50,0.775,0.7757602946067473,1,0.02
125,20720,104,0.532,0.5336646876009363,1,0.07692307692307693
126,20833,113,0.49150000000000005,0.49240589848930466,1,0.008849557522123894
127,20897,64,0.712,0.7127325618817737,1,0.015625
128,20927,30,0.865,0.8662990064524586,1,0.03333333333333333
129,20979,52,0.766,0.7664394101053421,1,0.019230769230769232
130,21031,52,0.766,0.7690442913926071,1,0.40384615384615385
131,21179,148,0.33399999999999996,0.3360936543805709,1,0.02027027027027027
132,21305,126,0.43299999999999994,0.4345055696804086,1,0.007936507936507936
133,21389,84,0.622,0.6231555199297634,1,0.03571428571428571
134,21589,200,0.0,0.01002126033720972,0,0.3
135,21779,190,0.14500000000000002,0.14780825571064796,1,0.02631578947368421
136,21979,200,0.0,0.0015859437656509207,0,0.005
137,22128,149,0.3295,0.3312468349493891,1,0.006711409395973154
138,22187,59,0.7344999999999999,0.7359731720906862,1,0.1016949152542373
139,22368,181,0.1855,0.1881090811232857,1,0.0055248618784530384
140,22400,32,0.856,0.8566175387144216,1,0.09375
141,22496,96,0.5680000000000001,0.5692740116889938,1,0.010416666666666666
142,22672,176,0.20799999999999996,0.21313860173824004,1,0.028409090909090908
143,22810,138,0.379,0.3803823928399896,1,0.007246376811594203
144,22859,49,0.7795,0.7799574786278791,1,0.02040816326530612
145,23037,178,0.19899999999999995,0.20191920068488028,1,0.028089887640449437
146,23070,33,0.8514999999999999,0.851969477026596,1,0.030303030303030304
147,23160,90,0.595,0.5961491477977585,1,0.03333333333333333
148,23272,112,0.4959999999999999,0.4972724741758469,1,0.044642857142857144
149,23341,69,0.6895,0.6906137998260097,1,0.057971014492753624
150,23429,88,0.604,0.6049783165305809,1,0.011363636363636364
151,23541,112,0.4959999999999999,0.5000348222727286,1,0.19642857142857142
152,23673,132,0.4059999999999999,0.4111155493851212,1,0.022727272727272728
153,23869,196,0.118,0.1199428806230766,1,0.015306122448979591
154,23939,70,0.685,0.6856777113866493,1,0.014285714285714285
155,24048,109,0.5095,0.5135158538270382,1,0.027522935779816515
156,24100,52,0.766,0.7663556720627184,1,0.019230769230769232
157,24279,179,0.1945,0.19893473579682372,1,0.12849162011173185
158,24320,41,0.8155,0.8176898794413501,1,0.36585365853658536
159,24407,87,0.6085,0.6107976379114232,1,0.14942528735632185
160,24500,93,0.5814999999999999,0.5832053643453149,1,0.07526881720430108
161,24700,200,0.0,0.0042197161267362995,0,0.11
162,24834,134,0.3969999999999999,0.3982654428652292,1,0.03731343283582089
163,25034,200,0.0,0.003882743085930149,0,0.1
164,25112,78,0.649,0.6508443164764355,1,0.1794871794871795
165,25312,200,0.0,0.001473067733746935,0,0.005
166,25512,200,0.0,0.0007941517766967784,0,0.005
167,25592,80,0.6399999999999999,0.6450631369940572,1,0.0375
168,25792,200,0.0,0.002792931864715916,0,0.035
169,25900,108,0.514,0.5145435619219957,1,0.009259259259259259
170,25965,65,0.7075,0.70804202120585,1,0.015384615384615385
171,26018,53,0.7615,0.7618124134234988,1,0.018867924528301886
172,26168,150,0.32499999999999996,0.3263424717089269,1,0.006666666666666667
173,26275,107,0.5185,0.5208615265997271,1,0.1308411214953271
174,26390,115,0.48250000000000004,0.4833586461642073,1,0.008695652173913044
175,26547,157,0.2935,0.3005934586066399,1,0.2802547770700637
176,26617,70,0.685,0.6889650729782583,1,0.2571428571428571
177,26749,132,0.4059999999999999,0.4095760579800941,1,0.15151515151515152
178,26848,99,0.5545,0.5576545326078809,1,0.1919191919191919
179,27048,200,0.0,0.002781101216316115,0,0.06
180,27123,75,0.6625,0.6653893661710059,1,0.013333333333333334
181,27257,134,0.3969999999999999,0.4044342456950155,1,0.1791044776119403
182,27307,50,0.775,0.7753510879387637,1,0.02
183,27332,25,0.8875,0.8886047867761375,1,0.28
184,27390,58,0.739,0.740186879948647,1,0.017241379310344827
185,27470,80,0.6399999999999999,0.6461566972521604,1,0.5375
186,27563,93,0.5814999999999999,0.5861472206076792,1,0.27956989247311825
187,27593,30,0.865,0.8671290125595206,1,0.43333333333333335
188,27647,54,0.757,0.7577688640446052,1,0.09259259259259259
189,27781,134,0.3969999999999999,0.3987538906320008,1,0.08208955223880597
190,27933,152,0.31599999999999995,0.32009938680067934,1,0.03289473684210526
191,28012,79,0.6445,0.6462138704955344,1,0.012658227848101266
192,28041,29,0.8694999999999999,0.8697062226238016,1,0.034482758620689655
193,28155,114,0.487,0.4901819060469418,1,0.06140350877192982
194,28180,25,0.8875,0.8877392049017407,1,0.04
195,28380,200,0.0,0.0042531772989799245,0,0.135
196,28555,175,0.21250000000000002,0.216348072985586,1,0.12
197,28755,200,0.0,0.009783929094204223,0,0.295
198,28848,93,0.5814999999999999,0.5824452666822497,1,0.053763440860215055
199,29008,160,0.2799999999999999,0.28324925653674027,1,0.125
200,29040,32,0.856,0.8574992540548815,1,0.28125
201,29180,140,0.37,0.3728888305002844,1,0.12857142857142856
202,29269,89,0.5994999999999999,0.6010955125760248,1,0.0898876404494382
203,29334,65,0.7075,0.7082196768394509,1,0.06153846153846154
204,29371,37,0.8335,0.834007854386767,1,0.08108108108108109
205,29414,43,0.8065,0.8070580822120945,1,0.06976744186046512
206,29538,124,0.44199999999999995,0.44570103111823867,1,0.20967741935483872
207,29563,25,0.8875,0.8887624537373556,1,0.08
208,29645,82,0.631,0.6327912747429202,1,0.0975609756097561
209,29845,200,0.0,0.0017243975005805583,0,0.04
210,29908,63,0.7164999999999999,0.7169562455568969,1,0.015873015873015872
211,29959,51,0.7705,0.7707835476189894,1,0.0196078431372549
212,30070,111,0.5005,0.5027547598620872,1,0.13513513513513514
213,30270,200,0.0,0.006502995577541595,0,0.045
214,30313,43,0.8065,0.8067557351937888,1,0.023255813953488372
215,30380,67,0.6984999999999999,0.6993740961797845,1,0.05970149253731343
216,30580,200,0.0,0.0013898454695109638,0,0.03
217,30718,138,0.379,0.38101796971312996,1,0.07246376811594203
218,30744,26,0.883,0.8836231811436802,1,0.11538461538461539
219,30890,146,0.34299999999999997,0.3446426970521812,1,0.0547945205479452
220,31034,144,0.352,0.35454493183001506,1,0.10416666666666667
221,31130,96,0.5680000000000001,0.5697152213863739,1,0.10416666666666667
222,31327,197,0.11350000000000005,0.11867792202595935,1,0.13705583756345177
223,31467,140,0.37,0.37328418436165095,1,0.12857142857142856
224,31667,200,0.09999999999999998,0.10662593074164062,1,0.175
225,31742,75,0.6625,0.663549877905343,1,0.06666666666666667
226,31942,200,0.0,0.005117948837662814,0,0.03
227,32107,165,0.25750000000000006,0.2604752319708674,1,0.09696969696969697
228,32307,200,0.0,0.003974817787652004,0,0.135
229,32337,30,0.865,0.865594758439951,1,0.16666666666666666
230,32476,139,0.37450000000000006,0.37670061934988597,1,0.1079136690647482
231,32569,93,0.5814999999999999,0.583919383259387,1,0.16129032258064516
232,32675,106,0.5229999999999999,0.5243895063639615,1,0.07547169811320754
233,32875,200,0.0,0.004565499168245955,0,0.145
234,33075,200,0.0,0.0013697802261586887,0,0.04
235,33142,67,0.6984999999999999,0.6993427865060104,1,0.07462686567164178
236,33237,95,0.5725,0.5728466329635313,1,0.010526315789473684
237,33410,173,0.22150000000000003,0.22582884337680298,1,0.028901734104046242
238,33610,200,0.0,0.0014956837795255386,0,0.035
239,33752,142,0.361,0.36478248076187403,1,0.14788732394366197
240,33896,144,0.352,0.35346294521578797,1,0.006944444444444444
241,34048,152,0.31599999999999995,0.32949408706344385,1,0.47368421052631576
242,34108,60,0.73,0.7308410590080404,1,0.05
243,34264,156,0.29799999999999993,0.3005992835804321,1,0.08974358974358974
244,34366,102,0.5409999999999999,0.5414349763498708,1,0.00980392156862745
245,34566,200,0.0,0.0035411182671533465,0,0.1
246,34667,101,0.5455,0.5468378593662169,1,0.0297029702970297
247,34686,19,0.9145,0.914647654510483,1,0.05263157894736842
248,34886,200,0.0,0.005306653644563828,0,0.15
249,34922,36,0.838,0.838190472258733,1,0.027777777777777776
250,34941,19,0.9145,0.9147795160464955,1,0.05263157894736842
251,34991,50,0.775,0.7755202273292771,1,0.06
252,35017,26,0.883,0.883186353145907,1,0.038461538461538464
253,35088,71,0.6805,0.6827897781128781,1,0.04225352112676056
254,35128,40,0.82,0.8205687531314669,1,0.075
255,35328,200,0.0,0.0020821560888690874,0,0.04
256,35356,28,0.874,0.8741285838433708,1,0.03571428571428571
257,35420,64,0.712,0.7122827483106695,1,0.015625
258,35620,200,0.0,0.0034868094456360407,0,0.085
259,35748,128,0.42399999999999993,0.42535444159455255,1,0.0625
260,35948,200,0.0,0.005039031648950488,0,0.06
261,36035,87,0.6085,0.6120064386532482,1,0.11494252873563218
262,36235,200,0.0,0.0004078830590371941,0,0.005
263,36364,129,0.4195,0.4230966299791849,1,0.06976744186046512
264,36400,36,0.838,0.8384992161549969,1,0.08333333333333333
265,36600,200,0.0,0.00037511949450748063,0,0.005
266,36668,68,0.694,0.6951854973135306,1,0.08823529411764706
267,36773,105,0.5275,0.5318804290036842,1,0.1523809523809524
268,36866,93,0.5814999999999999,0.5833499333342712,1,0.053763440860215055
269,36916,50,0.775,0.7757696984457764,1,0.1
270,37116,200,0.0,0.004457695426207912,0,0.125
271,37316,200,0.0,0.017334965608743116,0,0.475
272,37430,114,0.487,0.48741166704544014,1,0.008771929824561403
273,37495,65,0.7075,0.7097207413141515,1,0.16923076923076924
274,37572,77,0.6535,0.659728655968204,1,0.5194805194805194
275,37604,32,0.856,0.8561959273327583,1,0.03125
276,37654,50,0.775,0.7752411692043131,1,0.02
277,37706,52,0.766,0.767189251962613,1,0.1346153846153846
278,37906,200,0.0,0.013568836642520768,0,0.34
279,37932,26,0.883,0.8843913967445383,1,0.07692307692307693
280,37978,46,0.7929999999999999,0.7933159248776913,1,0.021739130434782608
281,38022,44,0.802,0.8022765767021321,1,0.022727272727272728
282,38060,38,0.829,0.830742942090987,1,0.13157894736842105
283,38080,20,0.91,0.9101413051089616,1,0.05
284,38143,63,0.7164999999999999,0.7169308701340279,1,0.015873015873015872
285,38235,92,0.586,0.5890851243356607,1,0.10869565217391304
286,38321,86,0.613,0.6159211444174026,1,0.08139534883720931
287,38410,89,0.5994999999999999,0.6040101195189255,1,0.2247191011235955
288,38455,45,0.7975,0.799296626949328,1,0.2
289,38594,139,0.37450000000000006,0.37758135056892267,1,0.05755395683453238
290,38632,38,0.829,0.829256610498054,1,0.02631578947368421
291,38703,71,0.6805,0.6808143491754517,1,0.014084507042253521
292,38892,189,0.14950000000000008,0.16009158892483882,1,0.2962962962962963
293,38927,35,0.8425,0.8440783182714957,1,0.17142857142857143
294,38969,42,0.8109999999999999,0.8119055009331416,1,0.16666666666666666
295,38991,22,0.901,0.9013884237139992,1,0.13636363636363635
296,39031,40,0.82,0.8201667489860137,1,0.025
297,39057,26,0.883,0.883141077156765,1,0.038461538461538464
298,39087,30,0.865,0.8652041099269593,1,0.03333333333333333
299,39119,32,0.856,0.8581491672096075,1,0.46875
300,39150,31,0.8605,0.8621670790007685,1,0.3548387096774194
301,39350,200,0.0,0.0019693900211207554,0,0.035
302,39450,100,0.55,0.5523818547850111,1,0.03
303,39499,49,0.7795,0.7816663112248469,1,0.24489795918367346
304,39564,65,0.7075,0.7081627795696024,1,0.046153846153846156
305,39592,28,0.874,0.8744620911675873,1,0.10714285714285714
306,39631,39,0.8245,0.8249116191102784,1,0.07692307692307693
307,39712,81,0.6355,0.6391718178856127,1,0.25925925925925924
308,39825,113,0.49150000000000005,0.4947930938551776,1,0.13274336283185842
309,39950,125,0.4375,0.44045120256562104,1,0.064
310,40055,105,0.5275,0.5299356085083146,1,0.06666666666666667
311,40233,178,0.19899999999999995,0.1996904999947156,1,0.016853932584269662
312,40249,16,0.9279999999999999,0.9281297417319775,1,0.0625
313,40287,38,0.829,0.8302600551584489,1,0.2894736842105263
314,40433,146,0.34299999999999997,0.3459384296503322,1,0.0136986301369863
315,40457,24,0.892,0.8924617937508778,1,0.125
316,40475,18,0.919,0.919126114857244,1,0.05555555555555555
317,40506,31,0.8605,0.8607138076039603,1,0.03225806451612903
318,40520,14,0.9369999999999999,0.9371193623850658,1,0.07142857142857142
319,40540,20,0.91,0.910142653545526,1,0.05
320,40565,25,0.8875,0.8876756395354958,1,0.04
321,40632,67,0.6984999999999999,0.7001112377326822,1,0.16417910447761194
322,40652,20,0.91,0.9102280741999758,1,0.05
323,40668,16,0.9279999999999999,0.9281664995236667,1,0.0625
324,40686,18,0.919,0.9191043929455688,1,0.05555555555555555
325,40700,14,0.9369999999999999,0.9372124163460726,1,0.07142857142857142
326,40722,22,0.901,0.9014492841665583,1,0.13636363636363635
327,40752,30,0.865,0.8655499326025791,1,0.1
328,40788,36,0.838,0.8382571890656186,1,0.027777777777777776
329,40802,14,0.9369999999999999,0.9370999890732481,1,0.07142857142857142
330,40820,18,0.919,0.9192010892414294,1,0.05555555555555555
331,40838,18,0.919,0.9191834661437451,1,0.05555555555555555
332,40856,18,0.919,0.9191898457924533,1,0.05555555555555555
333,40901,45,0.7975,0.7985005922207711,1,0.044444444444444446
334,40956,55,0.7525,0.755306675449824,1,0.23636363636363636
335,40974,18,0.919,0.9191275976231532,1,0.05555555555555555
336,41002,28,0.874,0.8753158008395056,1,0.25
337,41018,16,0.9279999999999999,0.9281506950261723,1,0.0625
338,41036,18,0.919,0.91915757720439,1,0.05555555555555555
339,41062,26,0.883,0.8841782321621771,1,0.34615384615384615
340,41084,22,0.901,0.9012011222307478,1,0.045454545454545456
341,41104,20,0.91,0.9101707471812888,1,0.05
342,41120,16,0.9279999999999999,0.9281374063625351,1,0.0625
343,41146,26,0.883,0.8835295795449734,1,0.15384615384615385
344,41163,17,0.9235,0.9236394487336332,1,0.058823529411764705
345,41185,22,0.901,0.901487758417577,1,0.13636363636363635
346,41199,14,0.9369999999999999,0.9371516132477621,1,0.07142857142857142
347,41215,16,0.9279999999999999,0.9281284238410226,1,0.0625
348,41239,24,0.892,0.8921741094062351,1,0.041666666666666664
349,41259,20,0.91,0.9101930736583059,1,0.05
350,41308,49,0.7795,0.7797057811901057,1,0.02040816326530612
351,41330,22,0.901,0.9014959699924563,1,0.13636363636363635
352,41383,53,0.7615,0.7625060129126044,1,0.11320754716981132
353,41397,14,0.9369999999999999,0.9371913076998527,1,0.07142857142857142
354,41426,29,0.8694999999999999,0.8698894118171259,1,0.10344827586206896
355,41440,14,0.9369999999999999,0.9372428591613109,1,0.07142857142857142
356,41486,46,0.7929999999999999,0.7952139573612365,1,0.2826086956521739
357,41503,17,0.9235,0.9243865650981457,1,0.23529411764705882
358,41517,14,0.9369999999999999,0.9371489305956096,1,0.07142857142857142
359,41668,151,0.3205,0.32419050794568666,1,0.013245033112582781
360,41692,24,0.892,0.8929989939657542,1,0.2916666666666667
361,41732,40,0.82,0.8216969011304648,1,0.25
362,41746,14,0.9369999999999999,0.9370901044409586,1,0.07142857142857142
363,41770,24,0.892,0.892637454875794,1,0.16666666666666666
364,41788,18,0.919,0.9192138867878662,1,0.05555555555555555
365,41806,18,0.919,0.9193720729715479,1,0.16666666666666666
366,41830,24,0.892,0.8934078963488868,1,0.375
367,41853,23,0.8965,0.8967253910742099,1,0.043478260869565216
368,41869,16,0.9279999999999999,0.9281073078547605,1,0.0625
369,41887,18,0.919,0.9192854213614584,1,0.16666666666666666
370,41920,33,0.8514999999999999,0.8522193580453647,1,0.06060606060606061
371,41941,21,0.9055,0.9056864718114008,1,0.047619047619047616
372,41963,22,0.901,0.901570153199961,1,0.13636363636363635
373,41979,16,0.9279999999999999,0.9281218128377952,1,0.0625
374,42005,26,0.883,0.8831670095889053,1,0.038461538461538464
375,42024,19,0.9145,0.9149328439164953,1,0.15789473684210525
376,42040,16,0.9279999999999999,0.928153742608068,1,0.0625
377,42056,16,0.9279999999999999,0.9281616537268823,1,0.0625
378,42074,18,0.919,0.9194660413099072,1,0.16666666666666666
379,42108,34,0.847,0.8476320588869207,1,0.058823529411764705
380,42126,18,0.919,0.9191335796396197,1,0.05555555555555555
381,42229,103,0.5365,0.5368857182806993,1,0.009708737864077669
382,42274,45,0.7975,0.797698304377053,1,0.022222222222222223
383,42313,39,0.8245,0.8247750198675611,1,0.02564102564102564
384,42335,22,0.901,0.9015301437983736,1,0.13636363636363635
385,42363,28,0.874,0.8742249291002538,1,0.03571428571428571
386,42377,14,0.9369999999999999,0.9371475831570596,1,0.07142857142857142
387,42391,14,0.9369999999999999,0.9371110546350478,1,0.07142857142857142
388,42407,16,0.9279999999999999,0.9281610926572896,1,0.0625
389,42423,16,0.9279999999999999,0.9281313348503623,1,0.0625
390,42437,14,0.9369999999999999,0.9371369745380385,1,0.07142857142857142
391,42458,21,0.9055,0.9057352512377478,1,0.047619047619047616
392,42484,26,0.883,0.8836295469182133,1,0.038461538461538464
393,42500,16,0.9279999999999999,0.9281686369037286,1,0.0625
394,42530,30,0.865,0.8654962861354434,1,0.1
395,42556,26,0.883,0.8831990514548825,1,0.038461538461538464
396,42574,18,0.919,0.9191894496401567,1,0.05555555555555555
397,42598,24,0.892,0.8921463501047556,1,0.041666666666666664
398,42648,50,0.775,0.775564986043065,1,0.06
399,42674,26,0.883,0.8831561654383343,1,0.038461538461538464
400,42744,70,0.685,0.6852911125355181,1,0.014285714285714285
401,42766,22,0.901,0.901156499126277,1,0.045454545454545456
402,42791,25,0.8875,0.8875974648499709,1,0.04
403,42821,30,0.865,0.8651531673168151,1,0.03333333333333333
404,42851,30,0.865,0.8652747290620335,1,0.03333333333333333
405,42885,34,0.847,0.8472305451148612,1,0.029411764705882353
406,42903,18,0.919,0.9191366608920771,1,0.05555555555555555
407,42939,36,0.838,0.8382231822141692,1,0.027777777777777776
408,42953,14,0.9369999999999999,0.937156182862371,1,0.07142857142857142
409,42977,24,0.892,0.8926976169166567,1,0.20833333333333334
410,42999,22,0.901,0.9020065617437822,1,0.22727272727272727
411,43025,26,0.883,0.8831488362250703,1,0.038461538461538464
412,43051,26,0.883,0.884119461094414,1,0.3076923076923077
413,43076,25,0.8875,0.8879273586025478,1,0.12
414,43090,14,0.9369999999999999,0.9371479737938689,1,0.07142857142857142
415,43110,20,0.91,0.9102201656854271,1,0.05
416,43125,15,0.9325,0.933152951768845,1,0.13333333333333333
417,43143,18,0.919,0.9192004823016734,1,0.05555555555555555
418,43164,21,0.9055,0.9061528634494653,1,0.09523809523809523
419,43184,20,0.91,0.9102287857695439,1,0.05
420,43203,19,0.9145,0.9149824747359591,1,0.15789473684210525
421,43219,16,0.9279999999999999,0.9281484728526863,1,0.0625
422,43243,24,0.892,0.892457377997155,1,0.125
423,43261,18,0.919,0.9191303746461467,1,0.05555555555555555
424,43285,24,0.892,0.8925576847560465,1,0.125
425,43306,21,0.9055,0.9059052742207091,1,0.14285714285714285
426,43325,19,0.9145,0.9147025049734768,1,0.05263157894736842
427,43339,14,0.9369999999999999,0.9371922864153316,1,0.07142857142857142
428,43356,17,0.9235,0.9239247597358042,1,0.17647058823529413
429,43373,17,0.9235,0.9241456754700229,1,0.17647058823529413
430,43389,16,0.9279999999999999,0.9284658476427232,1,0.1875
431,43403,14,0.9369999999999999,0.9371268957863547,1,0.07142857142857142
432,43421,18,0.919,0.919490142158361,1,0.16666666666666666
433,43452,31,0.8605,0.8606481412751029,1,0.03225806451612903
434,43477,25,0.8875,0.8891575372155274,1,0.32
435,43493,16,0.9279999999999999,0.9281458389890918,1,0.0625
436,43562,69,0.6895,0.6907056906703108,1,0.028985507246376812
437,43584,22,0.901,0.9014218728201238,1,0.13636363636363635
438,43609,25,0.8875,0.8882803182141787,1,0.2
439,43627,18,0.919,0.9191545949291067,1,0.05555555555555555
440,43651,24,0.892,0.8925121519669806,1,0.125
441,43672,21,0.9055,0.9059492053956699,1,0.14285714285714285
442,43689,17,0.9235,0.9242653317721355,1,0.23529411764705882
443,43705,16,0.9279999999999999,0.9285189530003567,1,0.1875
444,43730,25,0.8875,0.8884996165216235,1,0.28
445,43746,16,0.9279999999999999,0.9281953576119949,1,0.0625
446,43775,29,0.8694999999999999,0.8699319517718482,1,0.10344827586206896
447,43800,25,0.8875,0.8876764787658032,1,0.04
448,43814,14,0.9369999999999999,0.9371508869011267,1,0.07142857142857142
449,43839,25,0.8875,0.8876317875989755,1,0.04
450,43860,21,0.9055,0.9059802914879191,1,0.14285714285714285
451,43880,20,0.91,0.9101501555918208,1,0.05
452,43904,24,0.892,0.8924209493436732,1,0.125
453,43922,18,0.919,0.9191561180017171,1,0.05555555555555555
454,43940,18,0.919,0.9192250010668708,1,0.05555555555555555
455,43961,21,0.9055,0.9056501955597103,1,0.047619047619047616
456,43981,20,0.91,0.9103381966733066,1,0.15
457,43998,17,0.9235,0.9236401183689865,1,0.058823529411764705
458,44020,22,0.901,0.9014880082450618,1,0.13636363636363635
459,44036,16,0.9279999999999999,0.9281088420744187,1,0.0625
460,44067,31,0.8605,0.8618948912545289,1,0.3548387096774194
461,44085,18,0.919,0.9199835471831329,1,0.2777777777777778
462,44105,20,0.91,0.9101762131981409,1,0.05
463,44121,16,0.9279999999999999,0.92814483401057,1,0.0625
464,44139,18,0.919,0.91980771669347,1,0.2777777777777778
465,44159,20,0.91,0.9103585655193518,1,0.15
466,44173,14,0.9369999999999999,0.9371253671799435,1,0.07142857142857142
467,44191,18,0.919,0.919567613423813,1,0.16666666666666666
468,44211,20,0.91,0.9101235345883748,1,0.05
469,44239,28,0.874,0.8749900459673834,1,0.25
470,44257,18,0.919,0.9194825327046926,1,0.16666666666666666
471,44273,16,0.9279999999999999,0.9281174809818883,1,0.0625
472,44289,16,0.9279999999999999,0.9281491268502124,1,0.0625
473,44317,28,0.874,0.874747165470831,1,0.17857142857142858
474,44351,34,0.847,0.8479427432280867,1,0.14705882352941177
475,44385,34,0.847,0.8474169761125797,1,0.08823529411764706
476,44411,26,0.883,0.8849865937914576,1,0.4230769230769231
477,44429,18,0.919,0.9191603267733869,1,0.05555555555555555
478,44443,14,0.9369999999999999,0.9371204160479369,1,0.07142857142857142
479,44464,21,0.9055,0.9056801403146707,1,0.047619047619047616
480,44484,20,0.91,0.9106436552883435,1,0.25
481,44520,36,0.838,0.8400924544449614,1,0.3888888888888889
482,44544,24,0.892,0.8930943775845707,1,0.25
483,44565,21,0.9055,0.9056840096802539,1,0.047619047619047616
484,44581,16,0.9279999999999999,0.9281507380760511,1,0.0625
485,44601,20,0.91,0.9108022756500833,1,0.25
486,44617,16,0.9279999999999999,0.9281631775005877,1,0.0625
487,44631,14,0.9369999999999999,0.9371735946628669,1,0.07142857142857142
488,44651,20,0.91,0.9101704222840132,1,0.05
489,44665,14,0.9369999999999999,0.9371462460802084,1,0.07142857142857142
490,44708,43,0.8065,0.807501303023851,1,0.16279069767441862
491,44740,32,0.856,0.8566107718558785,1,0.09375
492,44760,20,0.91,0.910122591717705,1,0.05
493,44780,20,0.91,0.9101970520026911,1,0.05
494,44794,14,0.9369999999999999,0.937060650511631,1,0.07142857142857142
495,44822,28,0.874,0.8755689554663767,1,0.4642857142857143
496,44840,18,0.919,0.9193707848070497,1,0.16666666666666666
497,44860,20,0.91,0.9101317049895163,1,0.05
498,44880,20,0.91,0.9101606872668924,1,0.05
499,44906,26,0.883,0.8832076034822645,1,0.038461538461538464
500,44924,18,0.919,0.9191451643437109,1,0.05555555555555555
501,44940,16,0.9279999999999999,0.9283941402009784,1,0.1875
502,44962,22,0.901,0.9020981684897751,1,0.3181818181818182
503,44982,20,0.91,0.9101320456745325,1,0.05
504,45000,18,0.919,0.9191210980498566,1,0.05555555555555555
505,45026,26,0.883,0.8840404418672011,1,0.34615384615384615
506,45062,36,0.838,0.838193196371193,1,0.027777777777777776
507,45081,19,0.9145,0.9148953529716016,1,0.15789473684210525
508,45095,14,0.9369999999999999,0.9371295110667756,1,0.07142857142857142
509,45111,16,0.9279999999999999,0.9281390523768868,1,0.0625
510,45129,18,0.919,0.9195531975808025,1,0.16666666666666666
511,45143,14,0.9369999999999999,0.9371234506317203,1,0.07142857142857142
512,45157,14,0.9369999999999999,0.937116539317324,1,0.07142857142857142
513,45175,18,0.919,0.9192144332708262,1,0.05555555555555555
514,45189,14,0.9369999999999999,0.9371995939070074,1,0.07142857142857142
515,45209,20,0.91,0.9102169158375127,1,0.05
516,45227,18,0.919,0.9191896579079575,1,0.05555555555555555
517,45245,18,0.919,0.9191806046129063,1,0.05555555555555555
518,45263,18,0.919,0.9191145819171704,1,0.05555555555555555
519,45282,19,0.9145,0.9146363591475707,1,0.05263157894736842
520,45302,20,0.91,0.9102689019666298,1,0.05
521,45316,14,0.9369999999999999,0.9370861693383271,1,0.07142857142857142
522,45336,20,0.91,0.9101518777094363,1,0.05
523,45352,16,0.9279999999999999,0.92822685420429,1,0.0625
524,45366,14,0.9369999999999999,0.9371427199152459,1,0.07142857142857142
525,45382,16,0.9279999999999999,0.9282158462014714,1,0.0625
526,45400,18,0.919,0.9192039911771409,1,0.05555555555555555
527,45414,14,0.9369999999999999,0.937101919946941,1,0.07142857142857142
528,45430,16,0.9279999999999999,0.9281608639618488,1,0.0625
529,45446,16,0.9279999999999999,0.9282432999829794,1,0.0625
530,45462,16,0.9279999999999999,0.9281658195174965,1,0.0625
531,45480,18,0.919,0.9191213051647601,1,0.05555555555555555
532,45496,16,0.9279999999999999,0.9283828105665687,1,0.1875
533,45512,16,0.9279999999999999,0.9281251904533919,1,0.0625
534,45528,16,0.9279999999999999,0.9281007981364249,1,0.0625
535,45544,16,0.9279999999999999,0.9281144312479246,1,0.0625
536,45566,22,0.901,0.9013967086993533,1,0.13636363636363635
537,45582,16,0.9279999999999999,0.9281130999376989,1,0.0625
538,45598,16,0.9279999999999999,0.9281621845941345,1,0.0625
539,45612,14,0.9369999999999999,0.9371125645076441,1,0.07142857142857142
540,45628,16,0.9279999999999999,0.9281808749457043,1,0.0625
541,45644,16,0.9279999999999999,0.9281734751407558,1,0.0625
542,45664,20,0.91,0.9101573810115945,1,0.05
543,45690,26,0.883,0.8837557107739721,1,0.19230769230769232
544,45706,16,0.9279999999999999,0.9284834890127731,1,0.1875
545,45724,18,0.919,0.9191326700691848,1,0.05555555555555555
546,45738,14,0.9369999999999999,0.9372039226880812,1,0.07142857142857142
547,45754,16,0.9279999999999999,0.9281912850690811,1,0.0625
548,45770,16,0.9279999999999999,0.9281048545906296,1,0.0625
549,45804,34,0.847,0.8476401168048836,1,0.08823529411764706
550,45822,18,0.919,0.9191665621242802,1,0.05555555555555555
551,45838,16,0.9279999999999999,0.9281283526302669,1,0.0625
552,45852,14,0.9369999999999999,0.9371657805115001,1,0.07142857142857142
553,45868,16,0.9279999999999999,0.9283604151708668,1,0.1875
554,45892,24,0.892,0.8922605131114104,1,0.041666666666666664
555,45910,18,0.919,0.9191810078561258,1,0.05555555555555555
556,45928,18,0.919,0.9191165441993977,1,0.05555555555555555
557,45946,18,0.919,0.9191272953285347,1,0.05555555555555555
558,45970,24,0.892,0.8924881875569665,1,0.125
559,45993,23,0.8965,0.8966355262179051,1,0.043478260869565216
560,46015,22,0.901,0.9013954583828834,1,0.13636363636363635
561,46033,18,0.919,0.9190978482423722,1,0.05555555555555555
562,46049,16,0.9279999999999999,0.9285694820479544,1,0.1875
563,46069,20,0.91,0.9102476700785104,1,0.05
564,46087,18,0.919,0.9191501855642406,1,0.05555555555555555
565,46107,20,0.91,0.9101591679202206,1,0.05
566,46123,16,0.9279999999999999,0.9285046975453317,1,0.1875
567,46145,22,0.901,0.9011380455788751,1,0.045454545454545456
568,46159,14,0.9369999999999999,0.9370963627902965,1,0.07142857142857142
569,46175,16,0.9279999999999999,0.9281490611176121,1,0.0625
570,46189,14,0.9369999999999999,0.9371186952297597,1,0.07142857142857142
571,46203,14,0.9369999999999999,0.937156817951865,1,0.07142857142857142
572,46219,16,0.9279999999999999,0.9284026113416222,1,0.1875
573,46233,14,0.9369999999999999,0.9371619072275771,1,0.07142857142857142
574,46249,16,0.9279999999999999,0.9281174026313479,1,0.0625
575,46269,20,0.91,0.9103835096076519,1,0.15
576,46283,14,0.9369999999999999,0.9371852992770985,1,0.07142857142857142
577,46303,20,0.91,0.9102385682694513,1,0.05
578,46319,16,0.9279999999999999,0.9281006317502174,1,0.0625
579,46333,14,0.9369999999999999,0.9370967555194702,1,0.07142857142857142
580,46349,16,0.9279999999999999,0.9281332122906538,1,0.0625
581,46373,24,0.892,0.8923424615452559,1,0.125
582,46387,14,0.9369999999999999,0.937142560572174,1,0.07142857142857142
583,46405,18,0.919,0.9191660659681902,1,0.05555555555555555
584,46419,14,0.9369999999999999,0.9371239041754345,1,0.07142857142857142
585,46433,14,0.9369999999999999,0.9371304223369995,1,0.07142857142857142
586,46447,14,0.9369999999999999,0.9371276779456947,1,0.07142857142857142
587,46471,24,0.892,0.8921340974094937,1,0.041666666666666664
588,46485,14,0.9369999999999999,0.9371362806785337,1,0.07142857142857142
589,46507,22,0.901,0.9011095079953965,1,0.045454545454545456
590,46523,16,0.9279999999999999,0.9280908777625434,1,0.0625
591,46539,16,0.9279999999999999,0.9284816759562657,1,0.1875
592,46555,16,0.9279999999999999,0.9281304790198821,1,0.0625
593,46571,16,0.9279999999999999,0.9283997537498776,1,0.1875
594,46587,16,0.9279999999999999,0.9281568479281977,1,0.0625
595,46603,16,0.9279999999999999,0.9281600606362146,1,0.0625
596,46619,16,0.9279999999999999,0.9281396497817576,1,0.0625
597,46643,24,0.892,0.8924158545541461,1,0.125
598,46657,14,0.9369999999999999,0.9371180243330764,1,0.07142857142857142
599,46671,14,0.9369999999999999,0.9370952261040094,1,0.07142857142857142
600,46687,16,0.9279999999999999,0.9281898178612852,1,0.0625
601,46705,18,0.919,0.9193206850950074,1,0.16666666666666666
602,46721,16,0.9279999999999999,0.9281618324310114,1,0.0625
603,46739,18,0.919,0.9191583411338494,1,0.05555555555555555
604,46758,19,0.9145,0.9149467856974525,1,0.15789473684210525
605,46776,18,0.919,0.9191320262541468,1,0.05555555555555555
606,46792,16,0.9279999999999999,0.9281459342570617,1,0.0625
607,46806,14,0.9369999999999999,0.9370929597621821,1,0.07142857142857142
608,46820,14,0.9369999999999999,0.9371590345001157,1,0.07142857142857142
609,46840,20,0.91,0.9102185324325988,1,0.05
610,46856,16,0.9279999999999999,0.9281183761538879,1,0.0625
611,46872,16,0.9279999999999999,0.9281196393272245,1,0.0625
612,46890,18,0.919,0.9193826267831511,1,0.16666666666666666
613,46906,16,0.9279999999999999,0.9281326882708298,1,0.0625
614,46920,14,0.9369999999999999,0.9372023154267002,1,0.07142857142857142
615,46934,14,0.9369999999999999,0.937130223607418,1,0.07142857142857142
616,46950,16,0.9279999999999999,0.9280859954190934,1,0.0625
617,46966,16,0.9279999999999999,0.928165748240353,1,0.0625
618,46984,18,0.919,0.9193273214733457,1,0.16666666666666666
619,46998,14,0.9369999999999999,0.9371040376872811,1,0.07142857142857142
620,47016,18,0.919,0.9193069618126979,1,0.16666666666666666
621,47030,14,0.9369999999999999,0.9371092871122745,1,0.07142857142857142
622,47046,16,0.9279999999999999,0.9281663337865101,1,0.0625
623,47064,18,0.919,0.9192032151782693,1,0.05555555555555555
624,47078,14,0.9369999999999999,0.9371024777351153,1,0.07142857142857142
625,47094,16,0.9279999999999999,0.9281417527621254,1,0.0625
626,47111,17,0.9235,0.9236888227917788,1,0.058823529411764705
627,47127,16,0.9279999999999999,0.9280970467824139,1,0.0625
628,47141,14,0.9369999999999999,0.9371543093492714,1,0.07142857142857142
629,47162,21,0.9055,0.9059824817038677,1,0.14285714285714285
630,47180,18,0.919,0.9190722444712304,1,0.05555555555555555
631,47197,17,0.9235,0.9235719937779064,1,0.058823529411764705
632,47211,14,0.9369999999999999,0.9371567717656645,1,0.07142857142857142
633,47229,18,0.919,0.9191461793990371,1,0.05555555555555555
634,47248,19,0.9145,0.9149641241898439,1,0.15789473684210525
635,47262,14,0.9369999999999999,0.9370989081830252,1,0.07142857142857142
636,47280,18,0.919,0.9191515110471419,1,0.05555555555555555
637,47294,14,0.9369999999999999,0.9371334839738182,1,0.07142857142857142
638,47310,16,0.9279999999999999,0.9280934656101439,1,0.0625
639,47328,18,0.919,0.9192305706466986,1,0.05555555555555555
640,47342,14,0.9369999999999999,0.9371311854655965,1,0.07142857142857142
641,47360,18,0.919,0.9191198657135664,1,0.05555555555555555
642,47374,14,0.9369999999999999,0.937110134425316,1,0.07142857142857142
643,47392,18,0.919,0.9194317424131839,1,0.16666666666666666
644,47408,16,0.9279999999999999,0.9282020084918723,1,0.0625
645,47424,16,0.9279999999999999,0.928108355019554,1,0.0625
646,47438,14,0.9369999999999999,0.9370873174714073,1,0.07142857142857142
647,47458,20,0.91,0.9101008933026459,1,0.05
648,47474,16,0.9279999999999999,0.9281442810835904,1,0.0625
649,47488,14,0.9369999999999999,0.9371015378610426,1,0.07142857142857142
650,47502,14,0.9369999999999999,0.9370917376480431,1,0.07142857142857142
651,47516,14,0.9369999999999999,0.937193431700712,1,0.07142857142857142
652,47530,14,0.9369999999999999,0.9372011352261556,1,0.07142857142857142
653,47546,16,0.9279999999999999,0.9285802550630153,1,0.1875
654,47560,14,0.9369999999999999,0.9371247238760063,1,0.07142857142857142
655,47574,14,0.9369999999999999,0.9371809078463812,1,0.07142857142857142
656,47590,16,0.9279999999999999,0.928152070186867,1,0.0625
657,47606,16,0.9279999999999999,0.9281340582654417,1,0.0625
658,47622,16,0.9279999999999999,0.9284734559456236,1,0.1875
659,47638,16,0.9279999999999999,0.9281611473460184,1,0.0625
660,47654,16,0.9279999999999999,0.9281275866664103,1,0.0625
661,47668,14,0.9369999999999999,0.9371439219328203,1,0.07142857142857142
662,47686,18,0.919,0.9191557715022853,1,0.05555555555555555
663,47702,16,0.9279999999999999,0.9281196879269656,1,0.0625
664,47716,14,0.9369999999999999,0.9371826823767296,1,0.07142857142857142
665,47732,16,0.9279999999999999,0.9281260629010751,1,0.0625
666,47748,16,0.9279999999999999,0.9284987597172482,1,0.1875
667,47764,16,0.9279999999999999,0.9281513681375034,1,0.0625
668,47780,16,0.9279999999999999,0.9281993629365453,1,0.0625
669,47798,18,0.919,0.9191126126579643,1,0.05555555555555555
670,47812,14,0.9369999999999999,0.9371024653239657,1,0.07142857142857142
671,47828,16,0.9279999999999999,0.9281377470503518,1,0.0625
672,47846,18,0.919,0.9191266456504413,1,0.05555555555555555
673,47860,14,0.9369999999999999,0.9370740704409655,1,0.07142857142857142
674,47874,14,0.9369999999999999,0.9371691115521432,1,0.07142857142857142
675,47896,22,0.901,0.9014318637404435,1,0.13636363636363635
676,47912,16,0.9279999999999999,0.9281242749907739,1,0.0625
677,47931,19,0.9145,0.9146294754482677,1,0.05263157894736842
678,47945,14,0.9369999999999999,0.9371636801988663,1,0.07142857142857142
679,47962,17,0.9235,0.9236141422016605,1,0.058823529411764705
680,47976,14,0.9369999999999999,0.9371350521320414,1,0.07142857142857142
681,47992,16,0.9279999999999999,0.9281249321680898,1,0.0625
682,48010,18,0.919,0.9192007902312488,1,0.05555555555555555
683,48026,16,0.9279999999999999,0.9281092403846393,1,0.0625
684,48041,15,0.9325,0.9325928062014003,1,0.06666666666666667
685,48073,32,0.856,0.8581938534990717,1,0.53125
686,48101,28,0.874,0.8756196854073036,1,0.39285714285714285
687,48115,14,0.9369999999999999,0.9371088141116953,1,0.07142857142857142
688,48137,22,0.901,0.9019371168146655,1,0.3181818181818182
689,48153,16,0.9279999999999999,0.9281113662487164,1,0.0625
690,48179,26,0.883,0.8840969636493762,1,0.2692307692307692
691,48197,18,0.919,0.9198859478825383,1,0.2777777777777778
692,48213,16,0.9279999999999999,0.9281622897494037,1,0.0625
693,48235,22,0.901,0.9018123712104079,1,0.3181818181818182
694,48259,24,0.892,0.892158888180119,1,0.041666666666666664
695,48283,24,0.892,0.8929974208821564,1,0.2916666666666667
696,48299,16,0.9279999999999999,0.9283528196775618,1,0.1875
697,48335,36,0.838,0.8408254536423203,1,0.5555555555555556
698,48349,14,0.9369999999999999,0.9370966939871688,1,0.07142857142857142
699,48365,16,0.9279999999999999,0.928311779298262,1,0.1875
700,48383,18,0.919,0.9191363342300567,1,0.05555555555555555
701,48417,34,0.847,0.8471746309869803,1,0.029411764705882353
702,48439,22,0.901,0.9011963530848147,1,0.045454545454545456
703,48453,14,0.9369999999999999,0.9371152459954174,1,0.07142857142857142
704,48467,14,0.9369999999999999,0.9371223018420046,1,0.07142857142857142
705,48483,16,0.9279999999999999,0.9281200377871802,1,0.0625
706,48499,16,0.9279999999999999,0.9281586559944127,1,0.0625
707,48519,20,0.91,0.9108396045913476,1,0.35
708,48533,14,0.9369999999999999,0.9370977052740902,1,0.07142857142857142
709,48547,14,0.9369999999999999,0.9370818850794986,1,0.07142857142857142
710,48561,14,0.9369999999999999,0.9371163691550688,1,0.07142857142857142
711,48579,18,0.919,0.9195078513400552,1,0.16666666666666666
712,48593,14,0.9369999999999999,0.9371806905544876,1,0.07142857142857142
713,48612,19,0.9145,0.9147039914429538,1,0.05263157894736842
714,48626,14,0.9369999999999999,0.9371329617049823,1,0.07142857142857142
715,48640,14,0.9369999999999999,0.9371032863396683,1,0.07142857142857142
716,48658,18,0.919,0.9194097103578562,1,0.16666666666666666
717,48680,22,0.901,0.9017144430188206,1,0.22727272727272727
718,48694,14,0.9369999999999999,0.93710178338085,1,0.07142857142857142
719,48708,14,0.9369999999999999,0.9371037751920337,1,0.07142857142857142
720,48724,16,0.9279999999999999,0.928170522754431,1,0.0625
721,48738,14,0.9369999999999999,0.9370874396376725,1,0.07142857142857142
722,48755,17,0.9235,0.9236313863295296,1,0.058823529411764705
723,48783,28,0.874,0.8757533414955249,1,0.42857142857142855
724,48797,14,0.9369999999999999,0.9371300935962563,1,0.07142857142857142
725,48811,14,0.9369999999999999,0.937219460891157,1,0.07142857142857142
726,48839,28,0.874,0.874252786314907,1,0.03571428571428571
727,48857,18,0.919,0.9191504579222487,1,0.05555555555555555
728,48871,14,0.9369999999999999,0.9371017753824258,1,0.07142857142857142
729,48885,14,0.9369999999999999,0.937090771484454,1,0.07142857142857142
730,48899,14,0.9369999999999999,0.9371666677326498,1,0.07142857142857142
731,48913,14,0.9369999999999999,0.9372242816656586,1,0.07142857142857142
732,48929,16,0.9279999999999999,0.9281471092534035,1,0.0625
733,48943,14,0.9369999999999999,0.9371377394935664,1,0.07142857142857142
734,48959,16,0.9279999999999999,0.9281737313228166,1,0.0625
735,48981,22,0.901,0.9011175880572504,1,0.045454545454545456
736,48997,16,0.9279999999999999,0.9281260254214473,1,0.0625
737,49015,18,0.919,0.9191001485814363,1,0.05555555555555555
738,49031,16,0.9279999999999999,0.9283921697865493,1,0.0625
739,49045,14,0.9369999999999999,0.9371397708182577,1,0.07142857142857142
740,49063,18,0.919,0.9191499644631933,1,0.05555555555555555
741,49077,14,0.9369999999999999,0.9371167950892255,1,0.07142857142857142
742,49091,14,0.9369999999999999,0.937103498809974,1,0.07142857142857142
743,49105,14,0.9369999999999999,0.9371505804411673,1,0.07142857142857142
744,49122,17,0.9235,0.923602004918373,1,0.058823529411764705
745,49139,17,0.9235,0.9237397316887452,1,0.058823529411764705
746,49166,27,0.8785,0.878625480343667,1,0.037037037037037035
747,49182,16,0.9279999999999999,0.9281375451848441,1,0.0625
748,49204,22,0.901,0.9015781177479253,1,0.13636363636363635
749,49224,20,0.91,0.91013007721867,1,0.05
750,49238,14,0.9369999999999999,0.9372275930450963,1,0.07142857142857142
751,49281,43,0.8065,0.8066787950883059,1,0.023255813953488372
752,49296,15,0.9325,0.9325931282582022,1,0.06666666666666667
753,49315,19,0.9145,0.9145900885652783,1,0.05263157894736842
754,49335,20,0.91,0.9101963868673482,1,0.05
755,49386,51,0.7705,0.77073683357397,1,0.0196078431372549
756,49403,17,0.9235,0.9236032397315546,1,0.058823529411764705
757,49419,16,0.9279999999999999,0.9281428695161498,1,0.0625
758,49433,14,0.9369999999999999,0.9371376263141608,1,0.07142857142857142
759,49455,22,0.901,0.9011446627381041,1,0.045454545454545456
760,49515,60,0.73,0.7302647543683337,1,0.016666666666666666
761,49529,14,0.9369999999999999,0.9371607990179717,1,0.07142857142857142
762,49545,16,0.9279999999999999,0.928117724888629,1,0.0625
763,49559,14,0.9369999999999999,0.9370928393267945,1,0.07142857142857142
764,49581,22,0.901,0.9011798976481071,1,0.045454545454545456
765,49611,30,0.865,0.8652667932510565,1,0.03333333333333333
766,49723,112,0.4959999999999999,0.49635642794050067,1,0.008928571428571428
767,49761,38,0.829,0.8291375420502636,1,0.02631578947368421
768,49783,22,0.901,0.9015254366340961,1,0.13636363636363635
769,49870,87,0.6085,0.6088638485507427,1,0.011494252873563218
770,49886,16,0.9279999999999999,0.928529971517288,1,0.1875
771,49903,17,0.9235,0.9235930646943664,1,0.058823529411764705
772,49917,14,0.9369999999999999,0.9371199195895551,1,0.07142857142857142
773,49936,19,0.9145,0.9145670233518829,1,0.05263157894736842
774,49950,14,0.9369999999999999,0.9371584955441746,1,0.07142857142857142
775,49968,18,0.919,0.9190907949282506,1,0.05555555555555555
776,49989,21,0.9055,0.9058155747365844,1,0.047619047619047616
777,50013,24,0.892,0.8921563642658703,1,0.041666666666666664
778,50027,14,0.9369999999999999,0.9371222333630025,1,0.07142857142857142
779,50041,14,0.9369999999999999,0.9371185400017358,1,0.07142857142857142
780,50057,16,0.9279999999999999,0.928190090063174,1,0.0625
781,50073,16,0.9279999999999999,0.9281612173397906,1,0.0625
782,50089,16,0.9279999999999999,0.92815914700144,1,0.0625
783,50103,14,0.9369999999999999,0.9371213335002367,1,0.07142857142857142
784,50117,14,0.9369999999999999,0.9371135486375386,1,0.07142857142857142
785,50133,16,0.9279999999999999,0.9282605092456985,1,0.0625
786,50149,16,0.9279999999999999,0.9280906673703918,1,0.0625
787,50167,18,0.919,0.9191157659486052,1,0.05555555555555555
788,50181,14,0.9369999999999999,0.9372238634236504,1,0.07142857142857142
789,50197,16,0.9279999999999999,0.9281193134124729,1,0.0625
790,50357,160,0.2799999999999999,0.28043053283084834,1,0.00625
791,50373,16,0.9279999999999999,0.9281372923231228,1,0.0625
792,50387,14,0.9369999999999999,0.9371240697790444,1,0.07142857142857142
793,50401,14,0.9369999999999999,0.937146331478129,1,0.07142857142857142
794,50465,64,0.712,0.7122172952838998,1,0.015625
795,50487,22,0.901,0.9011249371475398,1,0.045454545454545456
796,50509,22,0.901,0.901100676976508,1,0.045454545454545456
797,50523,14,0.9369999999999999,0.937105346080795,1,0.07142857142857142
798,50537,14,0.9369999999999999,0.93710009230129,1,0.07142857142857142
799,50681,144,0.352,0.3524184374584366,1,0.006944444444444444
800,50695,14,0.9369999999999999,0.9371410316314802,1,0.07142857142857142
801,50709,14,0.9369999999999999,0.9371327865972209,1,0.07142857142857142
802,50723,14,0.9369999999999999,0.937091716613584,1,0.07142857142857142
803,50737,14,0.9369999999999999,0.9371592789561957,1,0.07142857142857142
804,50753,16,0.9279999999999999,0.9281394964935236,1,0.0625
805,50773,20,0.91,0.9101349305475784,1,0.05
806,50816,43,0.8065,0.8066617852263102,1,0.023255813953488372
807,50910,94,0.577,0.5773014917310804,1,0.010638297872340425
808,50961,51,0.7705,0.7706518594774956,1,0.0196078431372549
809,50977,16,0.9279999999999999,0.928521576072859,1,0.1875
810,50993,16,0.9279999999999999,0.9281160481633447,1,0.0625
811,51009,16,0.9279999999999999,0.9282864807552824,1,0.0625
812,51027,18,0.919,0.9191081873407448,1,0.05555555555555555
813,51041,14,0.9369999999999999,0.9370900345693367,1,0.07142857142857142
814,51063,22,0.901,0.90165586488283,1,0.045454545454545456
815,51079,16,0.9279999999999999,0.9281428718079181,1,0.0625
816,51093,14,0.9369999999999999,0.9371186765696611,1,0.07142857142857142
817,51107,14,0.9369999999999999,0.9371354721188627,1,0.07142857142857142
818,51125,18,0.919,0.9191473937850508,1,0.05555555555555555
819,51139,14,0.9369999999999999,0.9371148854071302,1,0.07142857142857142
820,51153,14,0.9369999999999999,0.9370855547587893,1,0.07142857142857142
821,51169,16,0.9279999999999999,0.9281037728914714,1,0.0625
822,51185,16,0.9279999999999999,0.928125476983579,1,0.0625
823,51203,18,0.919,0.9191726537773508,1,0.05555555555555555
824,51217,14,0.9369999999999999,0.9372931186368251,1,0.07142857142857142
825,51231,14,0.9369999999999999,0.9371252459085992,1,0.07142857142857142
826,51245,14,0.9369999999999999,0.9371987422252084,1,0.07142857142857142
827,51263,18,0.919,0.9191579219020884,1,0.05555555555555555
828,51277,14,0.9369999999999999,0.9370827895491025,1,0.07142857142857142
829,51291,14,0.9369999999999999,0.9371474280179815,1,0.07142857142857142
830,51305,14,0.9369999999999999,0.9371389196653538,1,0.07142857142857142
831,51319,14,0.9369999999999999,0.9371054777849258,1,0.07142857142857142
832,51333,14,0.9369999999999999,0.9371298745261973,1,0.07142857142857142
833,51347,14,0.9369999999999999,0.9371773830638199,1,0.07142857142857142
834,51363,16,0.9279999999999999,0.9280945404682874,1,0.0625
835,51377,14,0.9369999999999999,0.9371607641791699,1,0.07142857142857142
836,51391,14,0.9369999999999999,0.9370863772127409,1,0.07142857142857142
837,51405,14,0.9369999999999999,0.9371217545503627,1,0.07142857142857142
838,51419,14,0.9369999999999999,0.9370727708841938,1,0.07142857142857142
839,51434,15,0.9325,0.9326419263014063,1,0.06666666666666667
840,51450,16,0.9279999999999999,0.9281222558459375,1,0.0625
841,51478,28,0.874,0.8741801806800805,1,0.03571428571428571
842,51492,14,0.9369999999999999,0.9371292915486598,1,0.07142857142857142
843,51508,16,0.9279999999999999,0.9280887445114301,1,0.0625
844,51524,16,0.9279999999999999,0.9281559765061693,1,0.0625
845,51542,18,0.919,0.919140696473096,1,0.05555555555555555
846,51556,14,0.9369999999999999,0.9371255756484816,1,0.07142857142857142
847,51574,18,0.919,0.9191116821198809,1,0.05555555555555555
848,51595,21,0.9055,0.9057227009176191,1,0.047619047619047616
849,51612,17,0.9235,0.9236291230723324,1,0.058823529411764705
850,51630,18,0.919,0.9196005454195014,1,0.16666666666666666
851,51648,18,0.919,0.9191455247659462,1,0.05555555555555555
852,51662,14,0.9369999999999999,0.937099963162509,1,0.07142857142857142
853,51714,52,0.766,0.7661605536434329,1,0.019230769230769232
854,51733,19,0.9145,0.914629520938871,1,0.05263157894736842
855,51749,16,0.9279999999999999,0.9281127029148162,1,0.0625
856,51765,16,0.9279999999999999,0.9285905361887334,1,0.1875
857,51781,16,0.9279999999999999,0.9281359731750067,1,0.0625
858,51795,14,0.9369999999999999,0.9371353985911266,1,0.07142857142857142
859,51811,16,0.9279999999999999,0.9281604118912045,1,0.0625
860,51827,16,0.9279999999999999,0.9282073089814156,1,0.0625
861,51843,16,0.9279999999999999,0.9281137233246481,1,0.0625
862,51857,14,0.9369999999999999,0.93711347451219,1,0.07142857142857142
863,51873,16,0.9279999999999999,0.9281680006799495,1,0.0625
864,51887,14,0.9369999999999999,0.9371291067868258,1,0.07142857142857142
865,51905,18,0.919,0.9191629148383076,1,0.05555555555555555
866,51919,14,0.9369999999999999,0.937282913981447,1,0.07142857142857142
867,51933,14,0.9369999999999999,0.9371123683107607,1,0.07142857142857142
868,51947,14,0.9369999999999999,0.9371053886306671,1,0.07142857142857142
869,51964,17,0.9235,0.9236213355333831,1,0.058823529411764705
870,51990,26,0.883,0.8831515996667295,1,0.038461538461538464
871,52004,14,0.9369999999999999,0.9372513378359055,1,0.07142857142857142
872,52048,44,0.802,0.8021695116337761,1,0.022727272727272728
873,52114,66,0.703,0.7032738505794116,1,0.015151515151515152
874,52152,38,0.829,0.8291261862606017,1,0.02631578947368421
875,52234,82,0.631,0.631284081037617,1,0.012195121951219513
876,52252,18,0.919,0.9191632244885884,1,0.05555555555555555
877,52270,18,0.919,0.9191034927460408,1,0.05555555555555555
878,52348,78,0.649,0.6493149238644362,1,0.01282051282051282
879,52548,200,0.0,0.0009199645943335781,0,0.015
880,52589,41,0.8155,0.8156824147204585,1,0.024390243902439025
881,52609,20,0.91,0.9100974097339929,1,0.05
882,52651,42,0.8109999999999999,0.8111079736094425,1,0.023809523809523808
883,52665,14,0.9369999999999999,0.9371326327629713,1,0.07142857142857142
884,52783,118,0.469,0.46930232723703014,1,0.00847457627118644
885,52884,101,0.5455,0.5457887197016712,1,0.009900990099009901
886,52914,30,0.865,0.8651243804421672,1,0.03333333333333333
887,52930,16,0.9279999999999999,0.9281191354896595,1,0.0625
888,52950,20,0.91,0.9100971348109128,1,0.05
889,53010,60,0.73,0.7303748854716788,1,0.05
890,53025,15,0.9325,0.932663700384545,1,0.06666666666666667
891,53039,14,0.9369999999999999,0.9371430217442527,1,0.07142857142857142
892,53114,75,0.6625,0.6627187543485055,1,0.013333333333333334
893,53150,36,0.838,0.8381436094675699,1,0.027777777777777776
894,53180,30,0.865,0.8651826920671534,1,0.03333333333333333
895,53230,50,0.775,0.7752275897049509,1,0.02
896,53274,44,0.802,0.8022376011900247,1,0.022727272727272728
897,53348,74,0.667,0.6671857691072991,1,0.013513513513513514
898,53382,34,0.847,0.8471314674397921,1,0.029411764705882353
899,53420,38,0.829,0.8291422243353095,1,0.02631578947368421
900,53474,54,0.757,0.7571927485141532,1,0.018518518518518517
901,53488,14,0.9369999999999999,0.9371340455265897,1,0.07142857142857142
902,53502,14,0.9369999999999999,0.9370956669244263,1,0.07142857142857142
903,53522,20,0.91,0.910802333861315,1,0.25
904,53686,164,0.262,0.26247930380462725,1,0.006097560975609756
905,53702,16,0.9279999999999999,0.9281691059272529,1,0.0625
906,53767,65,0.7075,0.7077418384242924,1,0.015384615384615385
907,53781,14,0.9369999999999999,0.9371197820861357,1,0.07142857142857142
908,53795,14,0.9369999999999999,0.9371089934334117,1,0.07142857142857142
909,53913,118,0.469,0.4693364601844986,1,0.00847457627118644
910,53971,58,0.739,0.7391612585955332,1,0.017241379310344827
911,54037,66,0.703,0.7034667205982449,1,0.045454545454545456
912,54194,157,0.2935,0.29421918847892864,1,0.006369426751592357
913,54226,32,0.856,0.8561686881305607,1,0.03125
914,54286,60,0.73,0.7306558579301545,1,0.05
915,54334,48,0.784,0.7842375963321674,1,0.020833333333333332
916,54348,14,0.9369999999999999,0.9371805680734205,1,0.07142857142857142
917,54362,14,0.9369999999999999,0.9371218551988372,1,0.07142857142857142
918,54380,18,0.919,0.9194321511642286,1,0.16666666666666666
919,54440,60,0.73,0.73032060016373,1,0.016666666666666666
920,54458,18,0.919,0.9192195953400657,1,0.05555555555555555
921,54522,64,0.712,0.7122437938249024,1,0.015625
922,54577,55,0.7525,0.7527375531928379,1,0.01818181818181818
923,54593,16,0.9279999999999999,0.928132376248056,1,0.0625
924,54639,46,0.7929999999999999,0.7931566087215316,1,0.021739130434782608
925,54655,16,0.9279999999999999,0.9280706509246253,1,0.0625
926,54669,14,0.9369999999999999,0.9371191239347066,1,0.07142857142857142
927,54689,20,0.91,0.9101341735195357,1,0.05
928,54711,22,0.901,0.9011438115607587,1,0.045454545454545456
929,54727,16,0.9279999999999999,0.9280957382704749,1,0.0625
930,54811,84,0.622,0.6223569421799714,1,0.011904761904761904
931,54825,14,0.9369999999999999,0.937128205171191,1,0.07142857142857142
932,54839,14,0.9369999999999999,0.9371118127644734,1,0.07142857142857142
933,54853,14,0.9369999999999999,0.9371555570357832,1,0.07142857142857142
934,54875,22,0.901,0.901455097191186,1,0.13636363636363635
935,54889,14,0.9369999999999999,0.9371856116509224,1,0.07142857142857142
936,54905,16,0.9279999999999999,0.928067911101847,1,0.0625
937,54919,14,0.9369999999999999,0.9371181199222489,1,0.07142857142857142
938,54979,60,0.73,0.7302524442304272,1,0.016666666666666666
939,55031,52,0.766,0.7662506178731329,1,0.019230769230769232
940,55069,38,0.829,0.8292316567546273,1,0.02631578947368421
941,55221,152,0.31599999999999995,0.3165797392370356,1,0.006578947368421052
942,55237,16,0.9279999999999999,0.928105564692957,1,0.0625
943,55253,16,0.9279999999999999,0.9281204553509336,1,0.0625
944,55269,16,0.9279999999999999,0.9282386693579477,1,0.0625
945,55287,18,0.919,0.9193849433118956,1,0.16666666666666666
946,55303,16,0.9279999999999999,0.9281369646195161,1,0.0625
947,55321,18,0.919,0.919180505439924,1,0.05555555555555555
948,55339,18,0.919,0.9191288687565659,1,0.05555555555555555
949,55355,16,0.9279999999999999,0.9280831722360472,1,0.0625
950,55371,16,0.9279999999999999,0.9281493880271071,1,0.0625
951,55387,16,0.9279999999999999,0.9281891181984818,1,0.0625
952,55403,16,0.9279999999999999,0.9280810285938978,1,0.0625
953,55421,18,0.919,0.9190755246722434,1,0.05555555555555555
954,55437,16,0.9279999999999999,0.9281346988804234,1,0.0625
955,55455,18,0.919,0.9191132038151434,1,0.05555555555555555
956,55471,16,0.9279999999999999,0.9281219657451272,1,0.0625
957,55487,16,0.9279999999999999,0.9283330905554628,1,0.0625
958,55503,16,0.9279999999999999,0.9280780643622194,1,0.0625
959,55519,16,0.9279999999999999,0.9281605889532947,1,0.0625
960,55535,16,0.9279999999999999,0.9281123036959417,1,0.0625
961,55559,24,0.892,0.8921614677457379,1,0.041666666666666664
962,55575,16,0.9279999999999999,0.9281114794701463,1,0.0625
963,55595,20,0.91,0.9101482231201335,1,0.05
964,55611,16,0.9279999999999999,0.9281248790227581,1,0.0625
965,55629,18,0.919,0.9194505086708668,1,0.16666666666666666
966,55645,16,0.9279999999999999,0.9281716544263366,1,0.0625
967,55663,18,0.919,0.9191259002590642,1,0.05555555555555555
968,55683,20,0.91,0.9101924731682549,1,0.05
969,55701,18,0.919,0.9191225706768628,1,0.05555555555555555
970,55719,18,0.919,0.9190997043362057,1,0.05555555555555555
971,55735,16,0.9279999999999999,0.9281536193215606,1,0.0625
972,55751,16,0.9279999999999999,0.9280987450018171,1,0.0625
973,55767,16,0.9279999999999999,0.9281131152057117,1,0.0625
974,55783,16,0.9279999999999999,0.9280894908847234,1,0.0625
975,55799,16,0.9279999999999999,0.928101351721971,1,0.0625
976,55815,16,0.9279999999999999,0.9281093785608273,1,0.0625
977,55831,16,0.9279999999999999,0.9281550575438915,1,0.0625
978,55849,18,0.919,0.9191239393526888,1,0.05555555555555555
979,55863,14,0.9369999999999999,0.9370814689041465,1,0.07142857142857142
980,55881,18,0.919,0.9191285220313364,1,0.05555555555555555
981,55899,18,0.919,0.9191291639888365,1,0.05555555555555555
982,55917,18,0.919,0.9191060643920692,1,0.05555555555555555
983,55933,16,0.9279999999999999,0.9281350177515677,1,0.0625
984,55949,16,0.9279999999999999,0.928132725074559,1,0.0625
985,55965,16,0.9279999999999999,0.9281350149810176,1,0.0625
986,55981,16,0.9279999999999999,0.9281220335396715,1,0.0625
987,55999,18,0.919,0.9191696106411461,1,0.05555555555555555
988,56017,18,0.919,0.9194635548056167,1,0.16666666666666666
989,56033,16,0.9279999999999999,0.9285367282249362,1,0.1875
990,56047,14,0.9369999999999999,0.9370817251733192,1,0.07142857142857142
991,56061,14,0.9369999999999999,0.9370718033996323,1,0.07142857142857142
992,56078,17,0.9235,0.9236022492872937,1,0.058823529411764705
993,56092,14,0.9369999999999999,0.9370678817578539,1,0.07142857142857142
994,56106,14,0.9369999999999999,0.9370968792170359,1,0.07142857142857142
995,56124,18,0.919,0.9191251609629856,1,0.05555555555555555
996,56140,16,0.9279999999999999,0.9281173035313797,1,0.0625
997,56156,16,0.9279999999999999,0.9281868426434376,1,0.0625
998,56172,16,0.9279999999999999,0.9281183481091619,1,0.0625
999,56190,18,0.919,0.9195088101632727,1,0.16666666666666666
1000,56204,14,0.9369999999999999,0.9370915181478311,1,0.07142857142857142
1001,56222,18,0.919,0.9193079977211072,1,0.16666666666666666
1002,56238,16,0.9279999999999999,0.9281142747791155,1,0.0625
1003,56258,20,0.91,0.9101953479091889,1,0.05
1004,56276,18,0.919,0.9194583266044958,1,0.16666666666666666
1005,56300,24,0.892,0.8921662367090166,1,0.041666666666666664
1006,56342,42,0.8109999999999999,0.8111982412854164,1,0.023809523809523808
1007,56358,16,0.9279999999999999,0.9281228348778825,1,0.0625
1008,56372,14,0.9369999999999999,0.9370924061545685,1,0.07142857142857142
1009,56388,16,0.9279999999999999,0.9281384046461051,1,0.0625
1010,56404,16,0.9279999999999999,0.9281236231060509,1,0.0625
1011,56418,14,0.9369999999999999,0.937158613591838,1,0.07142857142857142
1012,56434,16,0.9279999999999999,0.9280917010230088,1,0.0625
1013,56457,23,0.8965,0.8966630494663966,1,0.043478260869565216
1014,56476,19,0.9145,0.91488257095255,1,0.15789473684210525
1015,56490,14,0.9369999999999999,0.9370806556044712,1,0.07142857142857142
1016,56504,14,0.9369999999999999,0.9370838772187288,1,0.07142857142857142
1017,56518,14,0.9369999999999999,0.9371189790819304,1,0.07142857142857142
1018,56543,25,0.8875,0.8881859581208684,1,0.12
1019,56559,16,0.9279999999999999,0.9280928431459561,1,0.0625
1020,56573,14,0.9369999999999999,0.9371312114223145,1,0.07142857142857142
1021,56590,17,0.9235,0.923635175731776,1,0.058823529411764705
1022,56606,16,0.9279999999999999,0.9281058665779904,1,0.0625
1023,56661,55,0.7525,0.753640348525262,1,0.12727272727272726
1024,56675,14,0.9369999999999999,0.937096618377277,1,0.07142857142857142
1025,56691,16,0.9279999999999999,0.9283870493843193,1,0.1875
1026,56723,32,0.856,0.856553174946441,1,0.09375
1027,56739,16,0.9279999999999999,0.9284009098887708,1,0.1875
1028,56753,14,0.9369999999999999,0.937152165282905,1,0.07142857142857142
1029,56769,16,0.9279999999999999,0.9280963437229024,1,0.0625
1030,56787,18,0.919,0.9191412936311837,1,0.05555555555555555
1031,56801,14,0.9369999999999999,0.9370786872399721,1,0.07142857142857142
1032,56825,24,0.892,0.8921248523028584,1,0.041666666666666664
1033,56841,16,0.9279999999999999,0.9281079688133785,1,0.0625
1034,56860,19,0.9145,0.9146254020741554,1,0.05263157894736842
1035,56878,18,0.919,0.919100028951972,1,0.05555555555555555
1036,56892,14,0.9369999999999999,0.9371068261013638,1,0.07142857142857142
1037,56912,20,0.91,0.9101290433854364,1,0.05
1038,56926,14,0.9369999999999999,0.9371010638256917,1,0.07142857142857142
1039,56948,22,0.901,0.9011600571792459,1,0.045454545454545456
1040,56966,18,0.919,0.9194354723409067,1,0.16666666666666666
1041,56982,16,0.9279999999999999,0.9280809240585325,1,0.0625
1042,56998,16,0.9279999999999999,0.9283871612152793,1,0.1875
1043,57012,14,0.9369999999999999,0.9371017041580653,1,0.07142857142857142
1044,57036,24,0.892,0.8921272531085428,1,0.041666666666666664
1045,57050,14,0.9369999999999999,0.9371377938356766,1,0.07142857142857142
1046,57070,20,0.91,0.9101363920091174,1,0.05
1047,57084,14,0.9369999999999999,0.9371203517513277,1,0.07142857142857142
1048,57114,30,0.865,0.8651634161033197,1,0.03333333333333333
1049,57139,25,0.8875,0.887630015764784,1,0.04
1050,57171,32,0.856,0.8561347948679903,1,0.03125
1051,57187,16,0.9279999999999999,0.9286101574388788,1,0.1875
1052,57203,16,0.9279999999999999,0.9281077859448984,1,0.0625
1053,57217,14,0.9369999999999999,0.9371406894233362,1,0.07142857142857142
1054,57231,14,0.9369999999999999,0.9371114711297938,1,0.07142857142857142
1055,57253,22,0.901,0.90108344737669,1,0.045454545454545456
1056,57267,14,0.9369999999999999,0.9370840276070689,1,0.07142857142857142
1057,57281,14,0.9369999999999999,0.9370845540865743,1,0.07142857142857142
1058,57310,29,0.8694999999999999,0.8696618174770835,1,0.034482758620689655
1059,57328,18,0.919,0.9191978712775862,1,0.05555555555555555
1060,57342,14,0.9369999999999999,0.9371201495188641,1,0.07142857142857142
1061,57358,16,0.9279999999999999,0.9281325105134787,1,0.0625
1062,57376,18,0.919,0.919155067430438,1,0.05555555555555555
1063,57400,24,0.892,0.8921040453636455,1,0.041666666666666664
1064,57414,14,0.9369999999999999,0.9370965168648113,1,0.07142857142857142
1065,57436,22,0.901,0.9010971065507328,1,0.045454545454545456
1066,57450,14,0.9369999999999999,0.9371101547271301,1,0.07142857142857142
1067,57464,14,0.9369999999999999,0.9371061618939541,1,0.07142857142857142
1068,57537,73,0.6715,0.6718541914710399,1,0.0136986301369863
1069,57565,28,0.874,0.8741763172000003,1,0.03571428571428571
1070,57605,40,0.82,0.8201306162620355,1,0.025
1071,57619,14,0.9369999999999999,0.9371280634961954,1,0.07142857142857142
1072,57635,16,0.9279999999999999,0.9280981426533876,1,0.0625
1073,57722,87,0.6085,0.608830932761447,1,0.011494252873563218
1074,57750,28,0.874,0.8742369373078978,1,0.03571428571428571
1075,57788,38,0.829,0.8292780490263335,1,0.02631578947368421
1076,57887,99,0.5545,0.5548875224393215,1,0.010101010101010102
1077,57913,26,0.883,0.8831381749600687,1,0.038461538461538464
1078,57979,66,0.703,0.7031975690762181,1,0.015151515151515152
1079,58034,55,0.7525,0.7527254469792563,1,0.01818181818181818
1080,58180,146,0.34299999999999997,0.34333568843868456,1,0.00684931506849315
1081,58344,164,0.262,0.26241140752027486,1,0.006097560975609756
1082,58398,54,0.757,0.7572058301531333,1,0.018518518518518517
1083,58424,26,0.883,0.8832016331229429,1,0.038461538461538464
1084,58515,91,0.5905,0.5907641438095981,1,0.01098901098901099
1085,58531,16,0.9279999999999999,0.9281534171111853,1,0.0625
1086,58545,14,0.9369999999999999,0.9371118108604461,1,0.07142857142857142
1087,58585,40,0.82,0.8201433791454557,1,0.025
1088,58601,16,0.9279999999999999,0.928184848092009,1,0.0625
1089,58617,16,0.9279999999999999,0.9281037394804854,1,0.0625
1090,58633,16,0.9279999999999999,0.9281202759518308,1,0.0625
1091,58649,16,0.9279999999999999,0.9281507806621546,1,0.0625
1092,58668,19,0.9145,0.9147033407608068,1,0.05263157894736842
1093,58682,14,0.9369999999999999,0.9370889720273484,1,0.07142857142857142
1094,58698,16,0.9279999999999999,0.9281393400523306,1,0.0625
1095,58714,16,0.9279999999999999,0.9280740631273973,1,0.0625
1096,58730,16,0.9279999999999999,0.9280980621984695,1,0.0625
1097,58750,20,0.91,0.910755826947375,1,0.25
1098,58789,39,0.8245,0.8251667044893726,1,0.07692307692307693
1099,58805,16,0.9279999999999999,0.9280684467763214,1,0.0625
1100,58821,16,0.9279999999999999,0.9281382455119439,1,0.0625
1101,58837,16,0.9279999999999999,0.9281014507181937,1,0.0625
1102,58855,18,0.919,0.919101300134449,1,0.05555555555555555
1103,58869,14,0.9369999999999999,0.9371076728641702,1,0.07142857142857142
1104,58940,71,0.6805,0.6807063994983342,1,0.014084507042253521
1105,58972,32,0.856,0.8564593475643487,1,0.09375
1106,58991,19,0.9145,0.9148841076709179,1,0.15789473684210525
1107,59009,18,0.919,0.9191906831236359,1,0.05555555555555555
1108,59035,26,0.883,0.8831714544018648,1,0.038461538461538464
1109,59051,16,0.9279999999999999,0.9281763779291599,1,0.0625
1110,59069,18,0.919,0.9198454058565133,1,0.2777777777777778
1111,59111,42,0.8109999999999999,0.8150003559147809,1,0.6428571428571429
1112,59127,16,0.9279999999999999,0.928084266304461,1,0.0625
1113,59143,16,0.9279999999999999,0.9285429298665955,1,0.1875
1114,59167,24,0.892,0.8925223797222982,1,0.20833333333333334
1115,59199,32,0.856,0.8564622674639937,1,0.09375
1116,59220,21,0.9055,0.9056355260786432,1,0.047619047619047616
1117,59250,30,0.865,0.8656165296506995,1,0.16666666666666666
1118,59403,153,0.3115,0.31370293007552574,1,0.0718954248366013
1119,59466,63,0.7164999999999999,0.7178185124067027,1,0.1111111111111111
1120,59480,14,0.9369999999999999,0.93711036570404,1,0.07142857142857142
1121,59496,16,0.9279999999999999,0.9280807143496026,1,0.0625
1122,59510,14,0.9369999999999999,0.9371004300321727,1,0.07142857142857142
1123,59524,14,0.9369999999999999,0.9371265106632924,1,0.07142857142857142
1124,59538,14,0.9369999999999999,0.9370994417512903,1,0.07142857142857142
1125,59554,16,0.9279999999999999,0.9285018293176391,1,0.1875
1126,59586,32,0.856,0.858769597055183,1,0.53125
1127,59608,22,0.901,0.9011478142907315,1,0.045454545454545456
1128,59674,66,0.703,0.7113339432227871,1,0.803030303030303
1129,59692,18,0.919,0.9196828062989442,1,0.2777777777777778
1130,59706,14,0.9369999999999999,0.9371062746290866,1,0.07142857142857142
1131,59720,14,0.9369999999999999,0.9370969995498281,1,0.07142857142857142
1132,59737,17,0.9235,0.9236300679472366,1,0.058823529411764705
1133,59805,68,0.694,0.6942366886163931,1,0.014705882352941176
1134,59836,31,0.8605,0.8606027917891578,1,0.03225806451612903
1135,59851,15,0.9325,0.9326275527364039,1,0.06666666666666667
1136,59869,18,0.919,0.9191401760747094,1,0.05555555555555555
1137,59913,44,0.802,0.8021503160719301,1,0.022727272727272728
1138,59940,27,0.8785,0.8786537379098547,1,0.037037037037037035
1139,59962,22,0.901,0.9013642572531723,1,0.13636363636363635
1140,59976,14,0.9369999999999999,0.9371133875859005,1,0.07142857142857142
1141,60010,34,0.847,0.8472123391037532,1,0.029411764705882353
1142,60046,36,0.838,0.8392896343511168,1,0.25
1143,60140,94,0.577,0.5773642667769907,1,0.010638297872340425
1144,60156,16,0.9279999999999999,0.9283746178313715,1,0.1875
1145,60174,18,0.919,0.9195769782421054,1,0.2777777777777778
1146,60252,78,0.649,0.6492666473658979,1,0.01282051282051282
1147,60302,50,0.775,0.7754995158159007,1,0.06
1148,60324,22,0.901,0.9013396913320038,1,0.13636363636363635
1149,60340,16,0.9279999999999999,0.9281217623211951,1,0.0625
1150,60356,16,0.9279999999999999,0.9281360491059519,1,0.0625
1151,60388,32,0.856,0.8561310827987167,1,0.03125
1152,60402,14,0.9369999999999999,0.9371602659637015,1,0.07142857142857142
1153,60440,38,0.829,0.8291578113122072,1,0.02631578947368421
1154,60480,40,0.82,0.8201400041372094,1,0.025
1155,60522,42,0.8109999999999999,0.8111508226922136,1,0.023809523809523808
1156,60544,22,0.901,0.9021263364801891,1,0.2727272727272727
1157,60560,16,0.9279999999999999,0.9283070003964877,1,0.1875
1158,60574,14,0.9369999999999999,0.9371243889763247,1,0.07142857142857142
1159,60612,38,0.829,0.830396953788625,1,0.18421052631578946
1160,60678,66,0.703,0.7032574484440837,1,0.015151515151515152
1161,60702,24,0.892,0.8924981967327639,1,0.125
1162,60762,60,0.73,0.7303134529072296,1,0.016666666666666666
1163,60776,14,0.9369999999999999,0.9370865675857718,1,0.07142857142857142
1164,60802,26,0.883,0.8831021174929642,1,0.038461538461538464
1165,60834,32,0.856,0.8572055218707173,1,0.28125
1166,60848,14,0.9369999999999999,0.9371066850750662,1,0.07142857142857142
1167,60912,64,0.712,0.712270209422607,1,0.015625
1168,60936,24,0.892,0.8929079094552147,1,0.2916666666666667
1169,60950,14,0.9369999999999999,0.9370768862029436,1,0.07142857142857142
1170,61008,58,0.739,0.7406891027884137,1,0.15517241379310345
1171,61022,14,0.9369999999999999,0.9371103468133909,1,0.07142857142857142
1172,61048,26,0.883,0.8837994108539614,1,0.23076923076923078
1173,61068,20,0.91,0.9101529620277169,1,0.05
1174,61082,14,0.9369999999999999,0.9371132597298266,1,0.07142857142857142
1175,61096,14,0.9369999999999999,0.9371843548895503,1,0.07142857142857142
1176,61110,14,0.9369999999999999,0.9371981225782453,1,0.07142857142857142
1177,61135,25,0.8875,0.8876294471528104,1,0.04
1178,61151,16,0.9279999999999999,0.9280822003990774,1,0.0625
1179,61167,16,0.9279999999999999,0.928100146020696,1,0.0625
1180,61185,18,0.919,0.9191015895640008,1,0.05555555555555555
1181,61222,37,0.8335,0.83394108110306,1,0.08108108108108109
1182,61236,14,0.9369999999999999,0.9371583451708276,1,0.07142857142857142
1183,61276,40,0.82,0.8204907108115137,1,0.125
1184,61300,24,0.892,0.8921120670873192,1,0.041666666666666664
1185,61322,22,0.901,0.9014498591564123,1,0.13636363636363635
1186,61383,61,0.7255,0.7256716586628044,1,0.01639344262295082
1187,61446,63,0.7164999999999999,0.7166694766915569,1,0.015873015873015872
1188,61562,116,0.478,0.4782965805207596,1,0.008620689655172414
1189,61578,16,0.9279999999999999,0.9280852333024622,1,0.0625
1190,61598,20,0.91,0.9106043690523192,1,0.15
1191,61628,30,0.865,0.8651458450878688,1,0.03333333333333333
1192,61666,38,0.829,0.8291247096940374,1,0.02631578947368421
1193,61696,30,0.865,0.865170010178743,1,0.03333333333333333
1194,61718,22,0.901,0.9012342541971257,1,0.045454545454545456
1195,61918,200,0.0,0.0017196375059814802,0,0.035
1196,61998,80,0.6399999999999999,0.6403251903770508,1,0.0125
1197,62018,20,0.91,0.9101577909081902,1,0.05
1198,62038,20,0.91,0.9101232404143385,1,0.05
1199,62064,26,0.883,0.8831259225329233,1,0.038461538461538464
1200,62127,63,0.7164999999999999,0.716727699278641,1,0.015873015873015872
1201,62239,112,0.4959999999999999,0.496294374894938,1,0.008928571428571428
1202,62261,22,0.901,0.9015121119990402,1,0.13636363636363635
1203,62343,82,0.631,0.6313800938414541,1,0.012195121951219513
1204,62368,25,0.8875,0.8877087338910108,1,0.04
1205,62395,27,0.8785,0.878930846577907,1,0.1111111111111111
1206,62428,33,0.8514999999999999,0.8516066217648086,1,0.030303030303030304
1207,62463,35,0.8425,0.8426244269814527,1,0.02857142857142857
1208,62537,74,0.667,0.667229624232367,1,0.013513513513513514
1209,62557,20,0.91,0.9101179571010936,1,0.05
1210,62593,36,0.838,0.8382041630979371,1,0.027777777777777776
1211,62656,63,0.7164999999999999,0.7166645456159129,1,0.015873015873015872
1212,62672,16,0.9279999999999999,0.9281487366215909,1,0.0625
1213,62730,58,0.739,0.7393269184465464,1,0.017241379310344827
1214,62753,23,0.8965,0.8966253841767068,1,0.043478260869565216
1215,62767,14,0.9369999999999999,0.9370882228719482,1,0.07142857142857142
1216,62783,16,0.9279999999999999,0.9280927445543375,1,0.0625
1217,62873,90,0.595,0.5954155248034642,1,0.011111111111111112
1218,62907,34,0.847,0.8474882579279973,1,0.08823529411764706
1219,63038,131,0.4105,0.41088429731077825,1,0.007633587786259542
1220,63058,20,0.91,0.9102305479408169,1,0.05
1221,63074,16,0.9279999999999999,0.9281101229611947,1,0.0625
1222,63090,16,0.9279999999999999,0.9280917883255067,1,0.0625
1223,63106,16,0.9279999999999999,0.9280970647469885,1,0.0625
1224,63124,18,0.919,0.9191732781337809,1,0.05555555555555555
1225,63140,16,0.9279999999999999,0.928193665730209,1,0.0625
1226,63162,22,0.901,0.9011177646871474,1,0.045454545454545456
1227,63180,18,0.919,0.9191633161782531,1,0.05555555555555555
1228,63198,18,0.919,0.9190879237813959,1,0.05555555555555555
1229,63218,20,0.91,0.9105631640185546,1,0.25
1230,63235,17,0.9235,0.9236440267382466,1,0.058823529411764705
1231,63257,22,0.901,0.9010890764437811,1,0.045454545454545456
1232,63275,18,0.919,0.9191332917109482,1,0.05555555555555555
1233,63291,16,0.9279999999999999,0.9280829708980961,1,0.0625
1234,63307,16,0.9279999999999999,0.9280849229375951,1,0.0625
1235,63323,16,0.9279999999999999,0.9280819923969069,1,0.0625
1236,63339,16,0.9279999999999999,0.9281019804604945,1,0.0625
1237,63357,18,0.919,0.9191599681209961,1,0.05555555555555555
1238,63373,16,0.9279999999999999,0.928087038817288,1,0.0625
1239,63391,18,0.919,0.9191223796591399,1,0.05555555555555555
1240,63407,16,0.9279999999999999,0.9280887488957356,1,0.0625
1241,63447,40,0.82,0.8201657592121178,1,0.025
1242,63464,17,0.9235,0.9236037541010419,1,0.058823529411764705
1243,63480,16,0.9279999999999999,0.9280944900951504,1,0.0625
1244,63500,20,0.91,0.9101550408952979,1,0.05
1245,63518,18,0.919,0.9190958650079987,1,0.05555555555555555
1246,63536,18,0.919,0.9191711029815435,1,0.05555555555555555
1247,63552,16,0.9279999999999999,0.9281874645595988,1,0.0625
1248,63568,16,0.9279999999999999,0.9281664694079106,1,0.0625
1249,63586,18,0.919,0.9190873472803102,1,0.05555555555555555
1250,63602,16,0.9279999999999999,0.9281081628432681,1,0.0625
1251,63620,18,0.919,0.919138680509009,1,0.05555555555555555
1252,63638,18,0.919,0.9191289028395512,1,0.05555555555555555
1253,63658,20,0.91,0.9101885658194216,1,0.05
1254,63674,16,0.9279999999999999,0.9281406771689317,1,0.0625
1255,63690,16,0.9279999999999999,0.928077182715145,1,0.0625
1256,63708,18,0.919,0.9190983758274184,1,0.05555555555555555
1257,63726,18,0.919,0.919236747428325,1,0.05555555555555555
1258,63742,16,0.9279999999999999,0.9280912213344189,1,0.0625
1259,63768,26,0.883,0.8831363065717867,1,0.038461538461538464
1260,63788,20,0.91,0.9101111254190766,1,0.05
1261,63810,22,0.901,0.9011003244870007,1,0.045454545454545456
1262,63836,26,0.883,0.8832143665792282,1,0.038461538461538464
1263,63852,16,0.9279999999999999,0.9281026508350584,1,0.0625
1264,63870,18,0.919,0.9191091720666232,1,0.05555555555555555
1265,63888,18,0.919,0.9190811552168822,1,0.05555555555555555
1266,63906,18,0.919,0.9191709697992894,1,0.05555555555555555
1267,63922,16,0.9279999999999999,0.9281204897032564,1,0.0625
1268,63949,27,0.8785,0.8787079226081698,1,0.037037037037037035
1269,64015,66,0.703,0.703224132698019,1,0.015151515151515152
1270,64045,30,0.865,0.8651667016847476,1,0.03333333333333333
1271,64066,21,0.9055,0.9056166144799768,1,0.047619047619047616
1272,64083,17,0.9235,0.9236579634691972,1,0.058823529411764705
1273,64105,22,0.901,0.9011352105774475,1,0.045454545454545456
1274,64127,22,0.901,0.9011083002307458,1,0.045454545454545456
1275,64157,30,0.865,0.8655290881443097,1,0.1
1276,64190,33,0.8514999999999999,0.851685813585546,1,0.030303030303030304
1277,64310,120,0.45999999999999996,0.4603723656671716,1,0.008333333333333333
1278,64407,97,0.5635,0.5638755454553588,1,0.010309278350515464
1279,64447,40,0.82,0.8204475792901484,1,0.075
1280,64463,16,0.9279999999999999,0.9281226323717259,1,0.0625
1281,64523,60,0.73,0.7302463804037669,1,0.016666666666666666
1282,64676,153,0.3115,0.3119249083204181,1,0.006535947712418301
1283,64746,70,0.685,0.6851888060397978,1,0.014285714285714285
1284,64766,20,0.91,0.910109131345929,1,0.05
1285,64783,17,0.9235,0.9237269772586334,1,0.058823529411764705
1286,64863,80,0.6399999999999999,0.6402320606500171,1,0.0125
1287,64883,20,0.91,0.9104681495801917,1,0.15
1288,64921,38,0.829,0.82910580417402,1,0.02631578947368421
1289,64957,36,0.838,0.8381242378004172,1,0.027777777777777776
1290,64977,20,0.91,0.9101148896594122,1,0.05
1291,65039,62,0.721,0.7233343307685677,1,0.27419354838709675
1292,65077,38,0.829,0.8317180714687129,1,0.5
1293,65111,34,0.847,0.8471441156331541,1,0.029411764705882353
1294,65149,38,0.829,0.8291716198843445,1,0.02631578947368421
1295,65167,18,0.919,0.9192009474770889,1,0.05555555555555555
1296,65187,20,0.91,0.9100992116480591,1,0.05
1297,65203,16,0.9279999999999999,0.9280824941586111,1,0.0625
1298,65239,36,0.838,0.8381461629906232,1,0.027777777777777776
1299,65255,16,0.9279999999999999,0.9280838101207343,1,0.0625
1300,65273,18,0.919,0.9193845882856116,1,0.16666666666666666
1301,65307,34,0.847,0.8471418489987314,1,0.029411764705882353
1302,65325,18,0.919,0.9195146524520046,1,0.16666666666666666
1303,65341,16,0.9279999999999999,0.928163273788239,1,0.0625
1304,65357,16,0.9279999999999999,0.9280980293429233,1,0.0625
1305,65393,36,0.838,0.838137944971841,1,0.027777777777777776
1306,65417,24,0.892,0.8921704859018259,1,0.041666666666666664
1307,65443,26,0.883,0.8831863863626024,1,0.038461538461538464
1308,65461,18,0.919,0.9191019401760974,1,0.05555555555555555
1309,65505,44,0.802,0.8021788954665375,1,0.022727272727272728
1310,65535,30,0.865,0.865155612503457,1,0.03333333333333333
1311,65569,34,0.847,0.8471362234077715,1,0.029411764705882353
1312,65587,18,0.919,0.9193640227924306,1,0.16666666666666666
1313,65605,18,0.919,0.9190885558508555,1,0.05555555555555555
1314,65663,58,0.739,0.7391468318488837,1,0.017241379310344827
1315,65683,20,0.91,0.910084318682529,1,0.05
1316,65699,16,0.9279999999999999,0.9281204516072792,1,0.0625
1317,65715,16,0.9279999999999999,0.9281709638122584,1,0.0625
1318,65915,200,0.0,0.021730949398917843,0,0.01
1319,65933,18,0.919,0.9191072686598163,1,0.05555555555555555
1320,65967,34,0.847,0.8472474503712634,1,0.029411764705882353
1321,66007,40,0.82,0.8201702467750249,1,0.025
1322,66025,18,0.919,0.9191045797701524,1,0.05555555555555555
1323,66094,69,0.6895,0.6897366301046938,1,0.014492753623188406
1324,66178,84,0.622,0.6227570606047569,1,0.05952380952380952
1325,66291,113,0.49150000000000005,0.4917530469385006,1,0.008849557522123894
1326,66391,100,0.55,0.550236288490031,1,0.01
1327,66461,70,0.685,0.6851753906366187,1,0.014285714285714285
1328,66540,79,0.6445,0.6446968423878267,1,0.012658227848101266
1329,66574,34,0.847,0.8472008271129818,1,0.029411764705882353
1330,66761,187,0.15849999999999997,0.15889684702997847,1,0.0053475935828877
1331,66839,78,0.649,0.6492849342065065,1,0.01282051282051282
1332,66857,18,0.919,0.9193466421083807,1,0.16666666666666666
1333,67032,175,0.21250000000000002,0.21294063723602102,1,0.005714285714285714
1334,67046,14,0.9369999999999999,0.9370742457818526,1,0.07142857142857142
1335,67246,200,0.0,0.0003702878164538632,0,0.005
1336,67381,135,0.39249999999999996,0.3927960961629843,1,0.007407407407407408
1337,67581,200,0.0,0.0004163021513151483,0,0.005
1338,67781,200,0.0,0.00040037672082656687,0,0.005
1339,67940,159,0.2845,0.2848116905332008,1,0.006289308176100629
1340,68140,200,0.0,0.00032715317118354575,0,0.005
1341,68184,44,0.802,0.803044909397453,1,0.11363636363636363
1342,68226,42,0.8109999999999999,0.8111318409657271,1,0.023809523809523808
1343,68291,65,0.7075,0.7109067394337818,1,0.3230769230769231
1344,68387,96,0.5680000000000001,0.5800449655135772,1,0.8645833333333334
1345,68500,113,0.49150000000000005,0.5056103335933786,1,0.8230088495575221
1346,68560,60,0.73,0.7362934020826423,1,0.75
1347,68582,22,0.901,0.9012693414945995,1,0.09090909090909091
1348,68628,46,0.7929999999999999,0.798129099247536,1,0.6739130434782609
1349,68690,62,0.721,0.7280057460815538,1,0.7903225806451613
1350,68772,82,0.631,0.6424956300752189,1,0.8414634146341463
1351,68864,92,0.586,0.5986492830444954,1,0.8152173913043478
1352,68904,40,0.82,0.8205420885756635,1,0.125
1353,69104,200,0.0,0.015018261650942123,0,0.38
1354,69198,94,0.577,0.5772190376665954,1,0.010638297872340425
1355,69291,93,0.5814999999999999,0.582011950341487,1,0.03225806451612903
1356,69481,190,0.14500000000000002,0.1453782660033669,1,0.005263157894736842
1357,69501,20,0.91,0.9101070973439309,1,0.05
1358,69605,104,0.532,0.5330608828639508,1,0.0673076923076923
1359,69690,85,0.6174999999999999,0.6179329353178589,1,0.03529411764705882
1360,69708,18,0.919,0.9191059832005252,1,0.05555555555555555
1361,69908,200,0.0,0.007437590196684345,0,0.05
1362,69922,14,0.9369999999999999,0.9370567625010334,1,0.07142857142857142
1363,69997,75,0.6625,0.6626671135078454,1,0.013333333333333334
1364,70197,200,0.0,0.005175246354570985,0,0.02
1365,70397,200,0.0,0.00045097259317266735,0,0.005
1366,70478,81,0.6355,0.6356913505977487,1,0.012345679012345678
1367,70514,36,0.838,0.8381871511294998,1,0.027777777777777776
1368,70540,26,0.883,0.8830942250534488,1,0.038461538461538464
1369,70554,14,0.9369999999999999,0.9371060898198036,1,0.07142857142857142
1370,70568,14,0.9369999999999999,0.937064668085771,1,0.07142857142857142
1371,70582,14,0.9369999999999999,0.9370906523646984,1,0.07142857142857142
1372,70596,14,0.9369999999999999,0.9370997916216157,1,0.07142857142857142
1373,70625,29,0.8694999999999999,0.8696086935931308,1,0.034482758620689655
1374,70643,18,0.919,0.9190994599852776,1,0.05555555555555555
1375,70725,82,0.631,0.6313180211756058,1,0.012195121951219513
1376,70739,14,0.9369999999999999,0.937098347734675,1,0.07142857142857142
1377,70773,34,0.847,0.8470996342268634,1,0.029411764705882353
1378,70791,18,0.919,0.9192438029800138,1,0.05555555555555555
1379,70805,14,0.9369999999999999,0.9371421114441651,1,0.07142857142857142
1380,70856,51,0.7705,0.770656682483313,1,0.0196078431372549
1381,70906,50,0.775,0.775146408652348,1,0.02
1382,70948,42,0.8109999999999999,0.8111311175017522,1,0.023809523809523808
1383,70962,14,0.9369999999999999,0.9371268111288411,1,0.07142857142857142
1384,70997,35,0.8425,0.842606629378459,1,0.02857142857142857
1385,71011,14,0.9369999999999999,0.9371622199282069,1,0.07142857142857142
1386,71176,165,0.25750000000000006,0.25786097840285266,1,0.006060606060606061
1387,71234,58,0.739,0.7392069330649305,1,0.017241379310344827
1388,71276,42,0.8109999999999999,0.8111091470926364,1,0.023809523809523808
1389,71320,44,0.802,0.8021518651975048,1,0.022727272727272728
1390,71376,56,0.748,0.7481380029350219,1,0.017857142857142856
1391,71489,113,0.49150000000000005,0.49178181805863136,1,0.008849557522123894
1392,71598,109,0.5095,0.5096752278655261,1,0.009174311926605505
1393,71797,199,0.10450000000000004,0.10500574650410428,1,0.005025125628140704
1394,71813,16,0.9279999999999999,0.9281272547545691,1,0.0625
1395,71956,143,0.35650000000000004,0.35675084910160354,1,0.006993006993006993
1396,72025,69,0.6895,0.6896852642320991,1,0.014492753623188406
1397,72047,22,0.901,0.901070873407821,1,0.045454545454545456
1398,72075,28,0.874,0.8741230460821848,1,0.03571428571428571
1399,72099,24,0.892,0.89297031024323,1,0.2916666666666667
1400,72117,18,0.919,0.9190894671537971,1,0.05555555555555555
1401,72200,83,0.6265000000000001,0.6267462948289894,1,0.012048192771084338
1402,72254,54,0.757,0.7612165820260388,1,0.6111111111111112
1403,72290,36,0.838,0.8395868463189274,1,0.3611111111111111
1404,72352,62,0.721,0.721663447361843,1,0.08064516129032258
1405,72468,116,0.478,0.480126188720123,1,0.11206896551724138
1406,72523,55,0.7525,0.7526784716440634,1,0.01818181818181818
1407,72555,32,0.856,0.8563184696285498,1,0.09375
1408,72575,20,0.91,0.9101838031181214,1,0.05
1409,72612,37,0.8335,0.8339788222707474,1,0.13513513513513514
1410,72684,72,0.6759999999999999,0.6768670905326816,1,0.09722222222222222
1411,72749,65,0.7075,0.7085830473984415,1,0.13846153846153847
1412,72773,24,0.892,0.8929539832187839,1,0.20833333333333334
1413,72880,107,0.5185,0.5187626059353704,1,0.009345794392523364
1414,72898,18,0.919,0.9191328055082291,1,0.05555555555555555
1415,72955,57,0.7435,0.7437430102904884,1,0.017543859649122806
1416,72977,22,0.901,0.9010835289639375,1,0.045454545454545456
1417,72999,22,0.901,0.9014914119724652,1,0.13636363636363635
1418,73013,14,0.9369999999999999,0.9371362839155657,1,0.07142857142857142
1419,73029,16,0.9279999999999999,0.9281385785207394,1,0.0625
1420,73043,14,0.9369999999999999,0.9370781623816232,1,0.07142857142857142
1421,73057,14,0.9369999999999999,0.9371149214356732,1,0.07142857142857142
1422,73081,24,0.892,0.8922173477390624,1,0.041666666666666664
1423,73105,24,0.892,0.8920921053060887,1,0.041666666666666664
1424,73124,19,0.9145,0.9146465947285417,1,0.05263157894736842
1425,73148,24,0.892,0.8922551998525529,1,0.041666666666666664
1426,73172,24,0.892,0.8920923761241347,1,0.041666666666666664
1427,73190,18,0.919,0.9191132810731607,1,0.05555555555555555
1428,73204,14,0.9369999999999999,0.9370739795491633,1,0.07142857142857142
1429,73218,14,0.9369999999999999,0.937106000543957,1,0.07142857142857142
1430,73236,18,0.919,0.9191295947908266,1,0.05555555555555555
1431,73254,18,0.919,0.9191206992447557,1,0.05555555555555555
1432,73275,21,0.9055,0.9055805914622252,1,0.047619047619047616
1433,73289,14,0.9369999999999999,0.937129092277434,1,0.07142857142857142
1434,73307,18,0.919,0.9190972548676516,1,0.05555555555555555
1435,73323,16,0.9279999999999999,0.9280793613564868,1,0.0625
1436,73347,24,0.892,0.8921201215072218,1,0.041666666666666664
1437,73368,21,0.9055,0.9056447831281086,1,0.047619047619047616
1438,73388,20,0.91,0.9101428946086414,1,0.05
1439,73403,15,0.9325,0.9325799203779195,1,0.06666666666666667
1440,73419,16,0.9279999999999999,0.9280899268634603,1,0.0625
1441,73433,14,0.9369999999999999,0.9370637491674318,1,0.07142857142857142
1442,73447,14,0.9369999999999999,0.9370830174694217,1,0.07142857142857142
1443,73469,22,0.901,0.9010873510751165,1,0.045454545454545456
1444,73540,71,0.6805,0.6806552388013927,1,0.014084507042253521
1445,73571,31,0.8605,0.8606238180581165,1,0.03225806451612903
1446,73589,18,0.919,0.9190747602409539,1,0.05555555555555555
1447,73605,16,0.9279999999999999,0.9281106012186988,1,0.0625
1448,73619,14,0.9369999999999999,0.9370674895301219,1,0.07142857142857142
1449,73635,16,0.9279999999999999,0.9280982535901314,1,0.0625
1450,73649,14,0.9369999999999999,0.9371763270696064,1,0.07142857142857142
1451,73665,16,0.9279999999999999,0.928107131368309,1,0.0625
1452,73679,14,0.9369999999999999,0.9371227192553468,1,0.07142857142857142
1453,73695,16,0.9279999999999999,0.9281101555201339,1,0.0625
1454,73711,16,0.9279999999999999,0.9281085446821918,1,0.0625
1455,73727,16,0.9279999999999999,0.9281267416793948,1,0.0625
1456,73749,22,0.901,0.9011103967682533,1,0.045454545454545456
1457,73771,22,0.901,0.9011199330945039,1,0.045454545454545456
1458,73786,15,0.9325,0.932749045548264,1,0.06666666666666667
1459,73819,33,0.8514999999999999,0.8516685249246627,1,0.030303030303030304
1460,73833,14,0.9369999999999999,0.9370875957247154,1,0.07142857142857142
1461,73853,20,0.91,0.9101233672198251,1,0.05
1462,73869,16,0.9279999999999999,0.9281014961780775,1,0.0625
1463,73883,14,0.9369999999999999,0.9371493487899575,1,0.07142857142857142
1464,73899,16,0.9279999999999999,0.9280790582150388,1,0.0625
1465,73915,16,0.9279999999999999,0.9280987869779307,1,0.0625
1466,73930,15,0.9325,0.9325917069698652,1,0.06666666666666667
1467,73954,24,0.892,0.8921707512827226,1,0.041666666666666664
1468,74015,61,0.7255,0.7258924204692087,1,0.01639344262295082
1469,74050,35,0.8425,0.8426809589920279,1,0.02857142857142857
1470,74096,46,0.7929999999999999,0.7932026297593091,1,0.021739130434782608
1471,74128,32,0.856,0.8561745660424637,1,0.03125
1472,74154,26,0.883,0.8831227349482802,1,0.038461538461538464
1473,74176,22,0.901,0.9010796164663751,1,0.045454545454545456
1474,74190,14,0.9369999999999999,0.9370932767200055,1,0.07142857142857142
1475,74204,14,0.9369999999999999,0.9371007266228839,1,0.07142857142857142
1476,74222,18,0.919,0.9194157117159776,1,0.16666666666666666
1477,74240,18,0.919,0.9190877514216992,1,0.05555555555555555
1478,74256,16,0.9279999999999999,0.9281138001559119,1,0.0625
1479,74270,14,0.9369999999999999,0.9370858807092964,1,0.07142857142857142
1480,74314,44,0.802,0.8022348708454929,1,0.022727272727272728
1481,74328,14,0.9369999999999999,0.9371075476542491,1,0.07142857142857142
1482,74344,16,0.9279999999999999,0.9281070020039965,1,0.0625
1483,74360,16,0.9279999999999999,0.9281394893489274,1,0.0625
1484,74488,128,0.42399999999999993,0.42436627776153346,1,0.0078125
1485,74599,111,0.5005,0.500923017385388,1,0.009009009009009009
1486,74621,22,0.901,0.9010913837941875,1,0.045454545454545456
1487,74639,18,0.919,0.9190980270864014,1,0.05555555555555555
1488,74655,16,0.9279999999999999,0.9281906128839078,1,0.0625
1489,74669,14,0.9369999999999999,0.9370634256237629,1,0.07142857142857142
1490,74685,16,0.9279999999999999,0.9281275110135522,1,0.0625
1491,74707,22,0.901,0.9011351486533039,1,0.045454545454545456
1492,74721,14,0.9369999999999999,0.9371181360623698,1,0.07142857142857142
1493,74742,21,0.9055,0.9055898284136251,1,0.047619047619047616
1494,74823,81,0.6355,0.6357361016107668,1,0.012345679012345678
1495,74977,154,0.30699999999999994,0.3073424757783173,1,0.006493506493506494
1496,75000,23,0.8965,0.8966140344910298,1,0.043478260869565216
1497,75134,134,0.3969999999999999,0.39722706897391663,1,0.007462686567164179
1498,75215,81,0.6355,0.6357565206369955,1,0.012345679012345678
1499,75229,14,0.9369999999999999,0.9370731444720056,1,0.07142857142857142
1500,75285,56,0.748,0.7482576754489312,1,0.017857142857142856
1501,75470,185,0.16749999999999998,0.16784139493396624,1,0.005405405405405406
1502,75532,62,0.721,0.721221008425871,1,0.016129032258064516
1503,75675,143,0.35650000000000004,0.3567783908035608,1,0.006993006993006993
1504,75769,94,0.577,0.5772131661620761,1,0.010638297872340425
1505,75803,34,0.847,0.8476630125236366,1,0.14705882352941177
1506,75839,36,0.838,0.8381183669477432,1,0.027777777777777776
1507,75909,70,0.685,0.6852364525507123,1,0.014285714285714285
1508,75925,16,0.9279999999999999,0.928103404574381,1,0.0625
1509,76007,82,0.631,0.6337548039157204,1,0.2073170731707317
1510,76022,15,0.9325,0.9325939706275426,1,0.06666666666666667
1511,76052,30,0.865,0.8651610411128259,1,0.03333333333333333
1512,76186,134,0.3969999999999999,0.39724924174717335,1,0.007462686567164179
1513,76386,200,0.0,0.00041752566180119455,0,0.005
1514,76404,18,0.919,0.919126861804111,1,0.05555555555555555
1515,76552,148,0.33399999999999996,0.3360851010214475,1,0.08783783783783784
1516,76748,196,0.118,0.11836002239790896,1,0.00510204081632653
1517,76842,94,0.577,0.5772013444452401,1,0.010638297872340425
1518,77042,200,0.0,0.004394607350941562,0,0.155
1519,77058,16,0.9279999999999999,0.9281482528816886,1,0.0625
1520,77079,21,0.9055,0.9056097707051342,1,0.047619047619047616
1521,77097,18,0.919,0.9193764723178995,1,0.16666666666666666
1522,77113,16,0.9279999999999999,0.9281602084082032,1,0.0625
1523,77131,18,0.919,0.9191217788896873,1,0.05555555555555555
1524,77149,18,0.919,0.9191183489938155,1,0.05555555555555555
1525,77165,16,0.9279999999999999,0.9280700514118079,1,0.0625
1526,77181,16,0.9279999999999999,0.9282124146129054,1,0.0625
1527,77199,18,0.919,0.9193386704146693,1,0.16666666666666666
1528,77215,16,0.9279999999999999,0.9280988262486094,1,0.0625
1529,77233,18,0.919,0.9191096801177301,1,0.05555555555555555
1530,77249,16,0.9279999999999999,0.9281039177734874,1,0.0625
1531,77269,20,0.91,0.9103877802935171,1,0.15
1532,77294,25,0.8875,0.887602574452572,1,0.04
1533,77314,20,0.91,0.91010418693052,1,0.05
1534,77330,16,0.9279999999999999,0.9281094734858714,1,0.0625
1535,77346,16,0.9279999999999999,0.9281006199366199,1,0.0625
1536,77364,18,0.919,0.9190912869421182,1,0.05555555555555555
1537,77379,15,0.9325,0.9325831858629497,1,0.06666666666666667
1538,77403,24,0.892,0.8929993040557991,1,0.2916666666666667
1539,77421,18,0.919,0.9191464968511124,1,0.05555555555555555
1540,77451,30,0.865,0.8650958012517375,1,0.03333333333333333
1541,77467,16,0.9279999999999999,0.9281282154804765,1,0.0625
1542,77494,27,0.8785,0.8786182687189225,1,0.037037037037037035
1543,77523,29,0.8694999999999999,0.8696525236672017,1,0.034482758620689655
1544,77539,16,0.9279999999999999,0.9280781610687311,1,0.0625
1545,77563,24,0.892,0.8921327175572156,1,0.041666666666666664
1546,77587,24,0.892,0.8930968904163972,1,0.2916666666666667
1547,77618,31,0.8605,0.8606550359522996,1,0.03225806451612903
1548,77651,33,0.8514999999999999,0.8516574818733562,1,0.030303030303030304
1549,77667,16,0.9279999999999999,0.9281320075498579,1,0.0625
1550,77683,16,0.9279999999999999,0.9280642495786935,1,0.0625
1551,77722,39,0.8245,0.8246272890111596,1,0.02564102564102564
1552,77742,20,0.91,0.9108203575772882,1,0.25
1553,77763,21,0.9055,0.9062550630082281,1,0.23809523809523808
1554,77804,41,0.8155,0.8159566430930751,1,0.07317073170731707
1555,77828,24,0.892,0.8921060005466361,1,0.041666666666666664
1556,77851,23,0.8965,0.8966455084721754,1,0.043478260869565216
1557,77867,16,0.9279999999999999,0.928123513838598,1,0.0625
1558,77883,16,0.9279999999999999,0.928121337623812,1,0.0625
1559,77955,72,0.6759999999999999,0.6766446821593173,1,0.06944444444444445
1560,77975,20,0.91,0.9108073246655422,1,0.25
1561,78006,31,0.8605,0.8606080367299221,1,0.03225806451612903
1562,78023,17,0.9235,0.9237292705103063,1,0.058823529411764705
1563,78045,22,0.901,0.9012039344740871,1,0.045454545454545456
1564,78059,14,0.9369999999999999,0.937196010099397,1,0.07142857142857142
1565,78086,27,0.8785,0.8786310189372416,1,0.037037037037037035
1566,78132,46,0.7929999999999999,0.7931597756145259,1,0.021739130434782608
1567,78151,19,0.9145,0.9146289992707036,1,0.05263157894736842
1568,78169,18,0.919,0.91914374680076,1,0.05555555555555555
1569,78185,16,0.9279999999999999,0.9281173733714664,1,0.0625
1570,78213,28,0.874,0.874429862468576,1,0.10714285714285714
1571,78241,28,0.874,0.8740844179358013,1,0.03571428571428571
1572,78297,56,0.748,0.7482058835778072,1,0.017857142857142856
1573,78323,26,0.883,0.8831431824436743,1,0.038461538461538464
1574,78435,112,0.4959999999999999,0.4971987726404628,1,0.0625
1575,78462,27,0.8785,0.8786286620875068,1,0.037037037037037035
1576,78505,43,0.8065,0.8066887108257551,1,0.023255813953488372
1577,78683,178,0.19899999999999995,0.19967838896974288,1,0.016853932584269662
1578,78739,56,0.748,0.7481529541280382,1,0.017857142857142856
1579,78789,50,0.775,0.7752179044229994,1,0.02
1580,78850,61,0.7255,0.725714681054733,1,0.01639344262295082
1581,78886,36,0.838,0.8381875192685132,1,0.027777777777777776
1582,78902,16,0.9279999999999999,0.9281726817506194,1,0.0625
1583,78918,16,0.9279999999999999,0.9280951514194391,1,0.0625
1584,78944,26,0.883,0.8834253702868843,1,0.11538461538461539
1585,78990,46,0.7929999999999999,0.7933503770544793,1,0.06521739130434782
1586,79010,20,0.91,0.9101284538475916,1,0.05
1587,79026,16,0.9279999999999999,0.9280682338643335,1,0.0625
1588,79040,14,0.9369999999999999,0.9370774340566859,1,0.07142857142857142
1589,79061,21,0.9055,0.9056000280337807,1,0.047619047619047616
1590,79088,27,0.8785,0.8786108597122126,1,0.037037037037037035
1591,79102,14,0.9369999999999999,0.9371243017998596,1,0.07142857142857142
1592,79119,17,0.9235,0.9235801713200809,1,0.058823529411764705
1593,79137,18,0.919,0.9191213749762709,1,0.05555555555555555
1594,79151,14,0.9369999999999999,0.9371070141624079,1,0.07142857142857142
1595,79204,53,0.7615,0.7618849739037565,1,0.05660377358490566
1596,79220,16,0.9279999999999999,0.9285395183874521,1,0.1875
1597,79238,18,0.919,0.919160625670222,1,0.05555555555555555
1598,79252,14,0.9369999999999999,0.9371791075929393,1,0.07142857142857142
1599,79268,16,0.9279999999999999,0.9281212178079788,1,0.0625
1600,79284,16,0.9279999999999999,0.9281090566062085,1,0.0625
1601,79298,14,0.9369999999999999,0.9371358527162036,1,0.07142857142857142
1602,79312,14,0.9369999999999999,0.9371231589044453,1,0.07142857142857142
1603,79328,16,0.9279999999999999,0.9284124145202961,1,0.1875
1604,79344,16,0.9279999999999999,0.9281100624525657,1,0.0625
1605,79358,14,0.9369999999999999,0.9371014144047201,1,0.07142857142857142
1606,79376,18,0.919,0.9193732167073558,1,0.05555555555555555
1607,79390,14,0.9369999999999999,0.9371179957095784,1,0.07142857142857142
1608,79406,16,0.9279999999999999,0.928088699551503,1,0.0625
1609,79420,14,0.9369999999999999,0.9371569763261324,1,0.07142857142857142
1610,79436,16,0.9279999999999999,0.9281105763097811,1,0.0625
1611,79452,16,0.9279999999999999,0.9280774311741312,1,0.0625
1612,79466,14,0.9369999999999999,0.9370851498151146,1,0.07142857142857142
1613,79537,71,0.6805,0.681010762335264,1,0.04225352112676056
1614,79552,15,0.9325,0.9325757718434579,1,0.06666666666666667
1615,79566,14,0.9369999999999999,0.9370605212702241,1,0.07142857142857142
1616,79580,14,0.9369999999999999,0.9372172568518796,1,0.07142857142857142
1617,79594,14,0.9369999999999999,0.9370498497823891,1,0.07142857142857142
1618,79620,26,0.883,0.8838858634805629,1,0.19230769230769232
1619,79640,20,0.91,0.910205896612748,1,0.05
1620,79715,75,0.6625,0.6627657815565925,1,0.013333333333333334
1621,79748,33,0.8514999999999999,0.8517845776733163,1,0.09090909090909091
1622,79762,14,0.9369999999999999,0.9370948164354332,1,0.07142857142857142
1623,79776,14,0.9369999999999999,0.9371187210556875,1,0.07142857142857142
1624,79790,14,0.9369999999999999,0.93708997511633,1,0.07142857142857142
1625,79809,19,0.9145,0.9146371356967301,1,0.05263157894736842
1626,79825,16,0.9279999999999999,0.9281155498770048,1,0.0625
1627,79843,18,0.919,0.9191410052212121,1,0.05555555555555555
1628,79859,16,0.9279999999999999,0.9281520672902781,1,0.0625
1629,79876,17,0.9235,0.9235945771524038,1,0.058823529411764705
1630,79890,14,0.9369999999999999,0.9372128690892082,1,0.07142857142857142
1631,79904,14,0.9369999999999999,0.9370757276440401,1,0.07142857142857142
1632,79931,27,0.8785,0.8786279653418023,1,0.037037037037037035
1633,79945,14,0.9369999999999999,0.9371749589140538,1,0.07142857142857142
1634,79972,27,0.8785,0.8789679125879601,1,0.1111111111111111
1635,79987,15,0.9325,0.9326190998111704,1,0.06666666666666667
1636,80003,16,0.9279999999999999,0.9281601107277829,1,0.0625
1637,80025,22,0.901,0.9011305227350761,1,0.045454545454545456
1638,80039,14,0.9369999999999999,0.9371079122520553,1,0.07142857142857142
1639,80055,16,0.9279999999999999,0.9280824287405799,1,0.0625
1640,80069,14,0.9369999999999999,0.9371779873459583,1,0.07142857142857142
1641,80083,14,0.9369999999999999,0.9371359540301989,1,0.07142857142857142
1642,80101,18,0.919,0.919093361526912,1,0.05555555555555555
1643,80115,14,0.9369999999999999,0.9370764443380065,1,0.07142857142857142
1644,80131,16,0.9279999999999999,0.9280663424436754,1,0.0625
1645,80145,14,0.9369999999999999,0.9371622077768428,1,0.07142857142857142
1646,80315,170,0.235,0.23544149615295124,1,0.0058823529411764705
1647,80331,16,0.9279999999999999,0.9281209276004495,1,0.0625
1648,80379,48,0.784,0.7842228964701329,1,0.020833333333333332
1649,80393,14,0.9369999999999999,0.9370676631080899,1,0.07142857142857142
1650,80407,14,0.9369999999999999,0.9371985969143957,1,0.07142857142857142
1651,80423,16,0.9279999999999999,0.9280948695810005,1,0.0625
1652,80517,94,0.577,0.5776697474422372,1,0.031914893617021274
1653,80539,22,0.901,0.9010804183319814,1,0.045454545454545456
1654,80561,22,0.901,0.9013250860679946,1,0.13636363636363635
1655,80577,16,0.9279999999999999,0.9280563866938838,1,0.0625
1656,80607,30,0.865,0.8664746612030434,1,0.36666666666666664
1657,80623,16,0.9279999999999999,0.9281383048062339,1,0.0625
1658,80637,14,0.9369999999999999,0.9371608923630009,1,0.07142857142857142
1659,80657,20,0.91,0.910957660139216,1,0.35
1660,80673,16,0.9279999999999999,0.9284881046343484,1,0.1875
1661,80703,30,0.865,0.8674681156685642,1,0.5666666666666667
1662,80717,14,0.9369999999999999,0.9371135447847375,1,0.07142857142857142
1663,80731,14,0.9369999999999999,0.9371253791673397,1,0.07142857142857142
1664,80745,14,0.9369999999999999,0.9371210340566329,1,0.07142857142857142
1665,80762,17,0.9235,0.9235811695848147,1,0.058823529411764705
1666,80776,14,0.9369999999999999,0.937062875816948,1,0.07142857142857142
1667,80790,14,0.9369999999999999,0.9371007429380406,1,0.07142857142857142
1668,80806,16,0.9279999999999999,0.9280626115306514,1,0.0625
1669,80900,94,0.577,0.5790468214724868,1,0.1595744680851064
1670,80918,18,0.919,0.919107211334029,1,0.05555555555555555
1671,80938,20,0.91,0.9102632777319898,1,0.05
1672,80962,24,0.892,0.892173968428448,1,0.041666666666666664
1673,81012,50,0.775,0.7792514882813202,1,0.54
1674,81032,20,0.91,0.9101240383317786,1,0.05
1675,81232,200,0.0,0.0004576868059311343,0,0.005
1676,81274,42,0.8109999999999999,0.8112099200126718,1,0.023809523809523808
1677,81300,26,0.883,0.8831190962426833,1,0.038461538461538464
1678,81471,171,0.23050000000000004,0.23083479395232256,1,0.005847953216374269
1679,81507,36,0.838,0.8381737357000321,1,0.027777777777777776
1680,81584,77,0.6535,0.6537220022873116,1,0.012987012987012988
1681,81641,57,0.7435,0.7436250492257835,1,0.017543859649122806
1682,81659,18,0.919,0.9193048428478527,1,0.16666666666666666
1683,81725,66,0.703,0.7031892331625401,1,0.015151515151515152
1684,81867,142,0.361,0.36132327081400284,1,0.007042253521126761
1685,81900,33,0.8514999999999999,0.8516039010366836,1,0.030303030303030304
1686,81966,66,0.703,0.7032620018619249,1,0.015151515151515152
1687,82008,42,0.8109999999999999,0.8111334222021699,1,0.023809523809523808
1688,82022,14,0.9369999999999999,0.9371069121836556,1,0.07142857142857142
1689,82036,14,0.9369999999999999,0.9370897340000347,1,0.07142857142857142
1690,82050,14,0.9369999999999999,0.9371163666436202,1,0.07142857142857142
1691,82064,14,0.9369999999999999,0.9371171555717809,1,0.07142857142857142
1692,82080,16,0.9279999999999999,0.9283317311181633,1,0.1875
1693,82096,16,0.9279999999999999,0.9280664192002963,1,0.0625
1694,82110,14,0.9369999999999999,0.9371230986510141,1,0.07142857142857142
1695,82126,16,0.9279999999999999,0.9283828449594306,1,0.1875
1696,82142,16,0.9279999999999999,0.9281358514829858,1,0.0625
1697,82158,16,0.9279999999999999,0.9284516710786226,1,0.1875
1698,82172,14,0.9369999999999999,0.9371100359876899,1,0.07142857142857142
1699,82186,14,0.9369999999999999,0.9370775555783841,1,0.07142857142857142
1700,82200,14,0.9369999999999999,0.9370729362066603,1,0.07142857142857142
1701,82230,30,0.865,0.8651120061656522,1,0.03333333333333333
1702,82244,14,0.9369999999999999,0.9371328766369834,1,0.07142857142857142
1703,82260,16,0.9279999999999999,0.9281046937143991,1,0.0625
1704,82274,14,0.9369999999999999,0.9371241997048043,1,0.07142857142857142
1705,82290,16,0.9279999999999999,0.9281764738720691,1,0.0625
1706,82304,14,0.9369999999999999,0.9370847326075218,1,0.07142857142857142
1707,82320,16,0.9279999999999999,0.9282228856206417,1,0.0625
1708,82334,14,0.9369999999999999,0.93711699887527,1,0.07142857142857142
1709,82348,14,0.9369999999999999,0.9370850519422639,1,0.07142857142857142
1710,82362,14,0.9369999999999999,0.9370909615245404,1,0.07142857142857142
1711,82378,16,0.9279999999999999,0.9281207542587167,1,0.0625
1712,82392,14,0.9369999999999999,0.9370929351551994,1,0.07142857142857142
1713,82406,14,0.9369999999999999,0.9370922113101716,1,0.07142857142857142
1714,82420,14,0.9369999999999999,0.9370961346117878,1,0.07142857142857142
1715,82436,16,0.9279999999999999,0.9281001804946885,1,0.0625
1716,82450,14,0.9369999999999999,0.9371338461546964,1,0.07142857142857142
1717,82464,14,0.9369999999999999,0.9370539788112369,1,0.07142857142857142
1718,82480,16,0.9279999999999999,0.9281278309471662,1,0.0625
1719,82494,14,0.9369999999999999,0.9370922565939713,1,0.07142857142857142
1720,82510,16,0.9279999999999999,0.9281152054046503,1,0.0625
1721,82524,14,0.9369999999999999,0.9370619382655777,1,0.07142857142857142
1722,82538,14,0.9369999999999999,0.9371576330305562,1,0.07142857142857142
1723,82554,16,0.9279999999999999,0.928068569591412,1,0.0625
1724,82578,24,0.892,0.8921120116585294,1,0.041666666666666664
1725,82644,66,0.703,0.7031640618575233,1,0.015151515151515152
1726,82658,14,0.9369999999999999,0.9370711435694117,1,0.07142857142857142
1727,82676,18,0.919,0.9193466897114494,1,0.16666666666666666
1728,82698,22,0.901,0.9011153498690456,1,0.045454545454545456
1729,82712,14,0.9369999999999999,0.9371001880000627,1,0.07142857142857142
1730,82726,14,0.9369999999999999,0.9371218334822579,1,0.07142857142857142
1731,82740,14,0.9369999999999999,0.9370617121031068,1,0.07142857142857142
1732,82754,14,0.9369999999999999,0.9371169562997835,1,0.07142857142857142
1733,82770,16,0.9279999999999999,0.9280585698357058,1,0.0625
1734,82784,14,0.9369999999999999,0.9371073195073331,1,0.07142857142857142
1735,82798,14,0.9369999999999999,0.9371496046000083,1,0.07142857142857142
1736,82812,14,0.9369999999999999,0.937123987838788,1,0.07142857142857142
1737,82826,14,0.9369999999999999,0.937046774453733,1,0.07142857142857142
1738,82842,16,0.9279999999999999,0.928089314440212,1,0.0625
1739,82856,14,0.9369999999999999,0.937168966716842,1,0.07142857142857142
1740,82870,14,0.9369999999999999,0.9370684488453225,1,0.07142857142857142
1741,82884,14,0.9369999999999999,0.937088608024926,1,0.07142857142857142
1742,82900,16,0.9279999999999999,0.9280797345428827,1,0.0625
1743,82914,14,0.9369999999999999,0.9370887483004724,1,0.07142857142857142
1744,82930,16,0.9279999999999999,0.9280775227967315,1,0.0625
1745,82944,14,0.9369999999999999,0.9371196101957294,1,0.07142857142857142
1746,82962,18,0.919,0.9191025104590657,1,0.05555555555555555
1747,82976,14,0.9369999999999999,0.9371011515449669,1,0.07142857142857142
1748,82992,16,0.9279999999999999,0.9281170966246199,1,0.0625
1749,83006,14,0.9369999999999999,0.9371114287340104,1,0.07142857142857142
1750,83024,18,0.919,0.9190878377191419,1,0.05555555555555555
1751,83089,65,0.7075,0.7076745312215552,1,0.015384615384615385
1752,83204,115,0.48250000000000004,0.48283613233513806,1,0.008695652173913044
1753,83218,14,0.9369999999999999,0.937138761012081,1,0.07142857142857142
1754,83232,14,0.9369999999999999,0.9370636482112737,1,0.07142857142857142
1755,83248,16,0.9279999999999999,0.9282883061948891,1,0.1875
1756,83262,14,0.9369999999999999,0.9370961708123949,1,0.07142857142857142
1757,83286,24,0.892,0.8921541506940041,1,0.041666666666666664
1758,83302,16,0.9279999999999999,0.9280732977802988,1,0.0625
1759,83368,66,0.703,0.703198743996054,1,0.015151515151515152
1760,83382,14,0.9369999999999999,0.9372188268552863,1,0.07142857142857142
1761,83396,14,0.9369999999999999,0.9370674759023405,1,0.07142857142857142
1762,83410,14,0.9369999999999999,0.9371982829514764,1,0.07142857142857142
1763,83432,22,0.901,0.9010537374419895,1,0.045454545454545456
1764,83464,32,0.856,0.8561124017384644,1,0.03125
1765,83478,14,0.9369999999999999,0.9371888578929669,1,0.07142857142857142
1766,83492,14,0.9369999999999999,0.9370648526097611,1,0.07142857142857142
1767,83506,14,0.9369999999999999,0.9371210876185652,1,0.07142857142857142
1768,83520,14,0.9369999999999999,0.9371082157443121,1,0.07142857142857142
1769,83536,16,0.9279999999999999,0.9281376033546191,1,0.0625
1770,83550,14,0.9369999999999999,0.9370924781953558,1,0.07142857142857142
1771,83566,16,0.9279999999999999,0.928071763533652,1,0.0625
1772,83586,20,0.91,0.9101163965232458,1,0.05
1773,83613,27,0.8785,0.8785879822569402,1,0.037037037037037035
1774,83657,44,0.802,0.8021072583482028,1,0.022727272727272728
1775,83673,16,0.9279999999999999,0.9281056875424799,1,0.0625
1776,83689,16,0.9279999999999999,0.9281019926125013,1,0.0625
1777,83703,14,0.9369999999999999,0.9370719677962839,1,0.07142857142857142
1778,83719,16,0.9279999999999999,0.9280552430079314,1,0.0625
1779,83735,16,0.9279999999999999,0.9280808816122869,1,0.0625
1780,83749,14,0.9369999999999999,0.9370659412660898,1,0.07142857142857142
1781,83763,14,0.9369999999999999,0.9371186182724149,1,0.07142857142857142
1782,83777,14,0.9369999999999999,0.9371149740268797,1,0.07142857142857142
1783,83793,16,0.9279999999999999,0.9280572333843476,1,0.0625
1784,83868,75,0.6625,0.6626480489736826,1,0.013333333333333334
1785,83892,24,0.892,0.8920919093239726,1,0.041666666666666664
1786,83916,24,0.892,0.8921760540427387,1,0.041666666666666664
1787,83946,30,0.865,0.8651910886190187,1,0.03333333333333333
1788,83960,14,0.9369999999999999,0.9371009850331575,1,0.07142857142857142
1789,83974,14,0.9369999999999999,0.9370753543564659,1,0.07142857142857142
1790,83990,16,0.9279999999999999,0.9281931898654261,1,0.1875
1791,84004,14,0.9369999999999999,0.9372361712453428,1,0.07142857142857142
1792,84022,18,0.919,0.9193794156639281,1,0.16666666666666666
1793,84036,14,0.9369999999999999,0.9371087930233067,1,0.07142857142857142
1794,84050,14,0.9369999999999999,0.9370765997685259,1,0.07142857142857142
1795,84066,16,0.9279999999999999,0.9280862795995288,1,0.0625
1796,84084,18,0.919,0.9190816400135972,1,0.05555555555555555
1797,84098,14,0.9369999999999999,0.9371067627300373,1,0.07142857142857142
1798,84112,14,0.9369999999999999,0.9370720147567754,1,0.07142857142857142
1799,84126,14,0.9369999999999999,0.9370846609185324,1,0.07142857142857142
1800,84140,14,0.9369999999999999,0.9370962814983239,1,0.07142857142857142
1801,84170,30,0.865,0.8650739060478531,1,0.03333333333333333
1802,84196,26,0.883,0.8830778288663751,1,0.038461538461538464
1803,84214,18,0.919,0.9190825642061822,1,0.05555555555555555
1804,84236,22,0.901,0.9010507234906697,1,0.045454545454545456
1805,84254,18,0.919,0.9191031807574743,1,0.05555555555555555
1806,84276,22,0.901,0.9011159862370215,1,0.045454545454545456
1807,84298,22,0.901,0.9011022759170283,1,0.045454545454545456
1808,84312,14,0.9369999999999999,0.9371919466476613,1,0.07142857142857142
1809,84326,14,0.9369999999999999,0.9371068485733552,1,0.07142857142857142
1810,84344,18,0.919,0.9190574822141859,1,0.05555555555555555
1811,84358,14,0.9369999999999999,0.937081335884006,1,0.07142857142857142
1812,84372,14,0.9369999999999999,0.9371300906288232,1,0.07142857142857142
1813,84386,14,0.9369999999999999,0.9370682216804149,1,0.07142857142857142
1814,84400,14,0.9369999999999999,0.9371110785501233,1,0.07142857142857142
1815,84414,14,0.9369999999999999,0.9370720135835369,1,0.07142857142857142
1816,84430,16,0.9279999999999999,0.9282057260976543,1,0.0625
1817,84450,20,0.91,0.910413511909796,1,0.15
1818,84466,16,0.9279999999999999,0.9280706947377408,1,0.0625
1819,84482,16,0.9279999999999999,0.9283914779720231,1,0.1875
1820,84504,22,0.901,0.9011816319317244,1,0.045454545454545456
1821,84518,14,0.9369999999999999,0.9371953096809724,1,0.07142857142857142
1822,84532,14,0.9369999999999999,0.9370803709065153,1,0.07142857142857142
1823,84560,28,0.874,0.874127540330127,1,0.03571428571428571
1824,84577,17,0.9235,0.9236154534444547,1,0.058823529411764705
1825,84593,16,0.9279999999999999,0.9280688716228948,1,0.0625
1826,84607,14,0.9369999999999999,0.9370894913000224,1,0.07142857142857142
1827,84621,14,0.9369999999999999,0.937135369276296,1,0.07142857142857142
1828,84637,16,0.9279999999999999,0.928112407221414,1,0.0625
1829,84657,20,0.91,0.9101443383981622,1,0.05
1830,84679,22,0.901,0.9010668691056493,1,0.045454545454545456
1831,84707,28,0.874,0.8740858518374048,1,0.03571428571428571
1832,84723,16,0.9279999999999999,0.9280996427218823,1,0.0625
1833,84737,14,0.9369999999999999,0.93717146615441,1,0.07142857142857142
1834,84753,16,0.9279999999999999,0.9280829169365813,1,0.0625
1835,84769,16,0.9279999999999999,0.9280880356535115,1,0.0625
1836,84783,14,0.9369999999999999,0.9371117475972413,1,0.07142857142857142
1837,84799,16,0.9279999999999999,0.9281397416723829,1,0.0625
1838,84821,22,0.901,0.9011379215559759,1,0.045454545454545456
1839,84845,24,0.892,0.8920817899293882,1,0.041666666666666664
1840,84859,14,0.9369999999999999,0.9370575280849988,1,0.07142857142857142
1841,84875,16,0.9279999999999999,0.9281222631594345,1,0.0625
1842,84891,16,0.9279999999999999,0.9284138407826286,1,0.1875
1843,84907,16,0.9279999999999999,0.9281042956332527,1,0.0625
1844,84921,14,0.9369999999999999,0.9370570301008531,1,0.07142857142857142
1845,84937,16,0.9279999999999999,0.9281667546510658,1,0.0625
1846,84953,16,0.9279999999999999,0.9280731613294646,1,0.0625
1847,84967,14,0.9369999999999999,0.9371312208405683,1,0.07142857142857142
1848,84981,14,0.9369999999999999,0.9370675170979861,1,0.07142857142857142
1849,84997,16,0.9279999999999999,0.9281014804534581,1,0.0625
1850,85011,14,0.9369999999999999,0.9370975948941599,1,0.07142857142857142
1851,85025,14,0.9369999999999999,0.9371970630032835,1,0.07142857142857142
1852,85041,16,0.9279999999999999,0.9280801365244716,1,0.0625
1853,85055,14,0.9369999999999999,0.9370629221747526,1,0.07142857142857142
1854,85073,18,0.919,0.9192223720609123,1,0.05555555555555555
1855,85139,66,0.703,0.7032074139296254,1,0.015151515151515152
1856,85158,19,0.9145,0.914613816686446,1,0.05263157894736842
1857,85238,80,0.6399999999999999,0.6404295744795665,1,0.0375
1858,85256,18,0.919,0.9193110788526588,1,0.05555555555555555
1859,85279,23,0.8965,0.8965626449869468,1,0.043478260869565216
1860,85315,36,0.838,0.8381621304393673,1,0.027777777777777776
1861,85335,20,0.91,0.9101247328661339,1,0.05
1862,85360,25,0.8875,0.8876398357838625,1,0.04
1863,85420,60,0.73,0.7301666461705817,1,0.016666666666666666
1864,85459,39,0.8245,0.8245999999910505,1,0.02564102564102564
1865,85497,38,0.829,0.8291684032191169,1,0.02631578947368421
1866,85520,23,0.8965,0.8965790036454507,1,0.043478260869565216
1867,85567,47,0.7885,0.7886485120378438,1,0.02127659574468085
1868,85613,46,0.7929999999999999,0.7930768297928013,1,0.021739130434782608
1869,85637,24,0.892,0.89209592966424,1,0.041666666666666664
1870,85670,33,0.8514999999999999,0.8516804589095498,1,0.030303030303030304
1871,85686,16,0.9279999999999999,0.9280816970973008,1,0.0625
1872,85707,21,0.9055,0.9056749205265936,1,0.047619047619047616
1873,85778,71,0.6805,0.6806604440991612,1,0.014084507042253521
1874,85827,49,0.7795,0.7796299340822549,1,0.02040816326530612
1875,85854,27,0.8785,0.8786417813874248,1,0.037037037037037035
1876,85892,38,0.829,0.8291316290415028,1,0.02631578947368421
1877,85923,31,0.8605,0.860589860693066,1,0.03225806451612903
1878,85949,26,0.883,0.8830666122099647,1,0.038461538461538464
1879,86023,74,0.667,0.667239065639808,1,0.013513513513513514
1880,86037,14,0.9369999999999999,0.9371008819547113,1,0.07142857142857142
1881,86067,30,0.865,0.8653201089597232,1,0.1
1882,86085,18,0.919,0.9190891073637414,1,0.05555555555555555
1883,86181,96,0.5680000000000001,0.5682247376091297,1,0.010416666666666666
1884,86269,88,0.604,0.6041924842135205,1,0.011363636363636364
1885,86445,176,0.20799999999999996,0.20838498800268743,1,0.005681818181818182
1886,86557,112,0.4959999999999999,0.4963946160186642,1,0.008928571428571428
1887,86665,108,0.514,0.5143372795953828,1,0.009259259259259259
1888,86795,130,0.4149999999999999,0.4153745354539349,1,0.007692307692307693
1889,86815,20,0.91,0.9101037841250219,1,0.05
1890,86833,18,0.919,0.9196049092269432,1,0.16666666666666666
1891,86986,153,0.3115,0.3120060806692115,1,0.006535947712418301
1892,87012,26,0.883,0.8831404512138722,1,0.038461538461538464
1893,87060,48,0.784,0.7841575816567675,1,0.020833333333333332
1894,87078,18,0.919,0.9191438205614161,1,0.05555555555555555
1895,87099,21,0.9055,0.9056389621620577,1,0.047619047619047616
1896,87117,18,0.919,0.9192890424565555,1,0.16666666666666666
1897,87133,16,0.9279999999999999,0.9280995781616544,1,0.0625
1898,87149,16,0.9279999999999999,0.9280836320260276,1,0.0625
1899,87167,18,0.919,0.9190652391696671,1,0.05555555555555555
1900,87181,14,0.9369999999999999,0.9371206820498569,1,0.07142857142857142
1901,87197,16,0.9279999999999999,0.9282374241637952,1,0.0625
1902,87219,22,0.901,0.9011036563038957,1,0.045454545454545456
1903,87235,16,0.9279999999999999,0.9281400076668624,1,0.0625
1904,87260,25,0.8875,0.8876579846138032,1,0.04
1905,87278,18,0.919,0.9190863491998087,1,0.05555555555555555
1906,87294,16,0.9279999999999999,0.9280680990220286,1,0.0625
1907,87311,17,0.9235,0.9235604706618322,1,0.058823529411764705
1908,87336,25,0.8875,0.8876019531808097,1,0.04
1909,87354,18,0.919,0.9190886230846206,1,0.05555555555555555
1910,87372,18,0.919,0.9192891775615426,1,0.16666666666666666
1911,87390,18,0.919,0.9192299235010123,1,0.05555555555555555
1912,87418,28,0.874,0.874089075363036,1,0.03571428571428571
1913,87444,26,0.883,0.8831165252867266,1,0.038461538461538464
1914,87465,21,0.9055,0.9056309712690083,1,0.047619047619047616
1915,87483,18,0.919,0.9190758174918904,1,0.05555555555555555
1916,87499,16,0.9279999999999999,0.9280828823013981,1,0.0625
1917,87517,18,0.919,0.9190698058062441,1,0.05555555555555555
1918,87538,21,0.9055,0.9055906506823742,1,0.047619047619047616
1919,87561,23,0.8965,0.896632835697177,1,0.043478260869565216
1920,87581,20,0.91,0.9100955492074726,1,0.05
1921,87597,16,0.9279999999999999,0.9280673343811803,1,0.0625
1922,87613,16,0.9279999999999999,0.9280919116847915,1,0.0625
1923,87631,18,0.919,0.9191145965865098,1,0.05555555555555555
1924,87651,20,0.91,0.9106147260089492,1,0.25
1925,87667,16,0.9279999999999999,0.928092112974103,1,0.0625
1926,87685,18,0.919,0.9190643830681894,1,0.05555555555555555
1927,87703,18,0.919,0.9190958231969061,1,0.05555555555555555
1928,87720,17,0.9235,0.9236162515927422,1,0.058823529411764705
1929,87736,16,0.9279999999999999,0.9280600925129361,1,0.0625
1930,87752,16,0.9279999999999999,0.9280924093158301,1,0.0625
1931,87768,16,0.9279999999999999,0.9281028017035439,1,0.0625
1932,87788,20,0.91,0.9100901710444192,1,0.05
1933,87806,18,0.919,0.9191572642824698,1,0.05555555555555555
1934,87822,16,0.9279999999999999,0.9281057453589283,1,0.0625
1935,87838,16,0.9279999999999999,0.9281170433111359,1,0.0625
1936,87858,20,0.91,0.9108495457188368,1,0.25
1937,87878,20,0.91,0.910053263453291,1,0.05
1938,87896,18,0.919,0.919540742778021,1,0.16666666666666666
1939,87914,18,0.919,0.9191450561399055,1,0.05555555555555555
1940,87930,16,0.9279999999999999,0.9281569623571697,1,0.0625
1941,87946,16,0.9279999999999999,0.9281012148553954,1,0.0625
1942,87996,50,0.775,0.7751201125513507,1,0.02
1943,88012,16,0.9279999999999999,0.9280801308919766,1,0.0625
1944,88047,35,0.8425,0.8426455356136076,1,0.02857142857142857
1945,88061,14,0.9369999999999999,0.9370730613309294,1,0.07142857142857142
1946,88075,14,0.9369999999999999,0.9370507142526691,1,0.07142857142857142
1947,88089,14,0.9369999999999999,0.9370944758170111,1,0.07142857142857142
1948,88105,16,0.9279999999999999,0.9280989043278786,1,0.0625
1949,88119,14,0.9369999999999999,0.9371325023653094,1,0.07142857142857142
1950,88184,65,0.7075,0.7080776975814399,1,0.046153846153846156
1951,88200,16,0.9279999999999999,0.9280775038948849,1,0.0625
1952,88235,35,0.8425,0.8431521507084541,1,0.14285714285714285
1953,88259,24,0.892,0.8920991687653291,1,0.041666666666666664
1954,88304,45,0.7975,0.8009993531649691,1,0.4222222222222222
1955,88353,49,0.7795,0.7804642686248825,1,0.12244897959183673
1956,88373,20,0.91,0.9101135315823229,1,0.05
1957,88401,28,0.874,0.8743573649328676,1,0.10714285714285714
1958,88439,38,0.829,0.8292070173906169,1,0.02631578947368421
1959,88455,16,0.9279999999999999,0.9280805964491305,1,0.0625
1960,88471,16,0.9279999999999999,0.9283374075154152,1,0.0625
1961,88489,18,0.919,0.9191248697770182,1,0.05555555555555555
1962,88505,16,0.9279999999999999,0.9281391800234184,1,0.0625
1963,88523,18,0.919,0.9195035730008352,1,0.16666666666666666
1964,88542,19,0.9145,0.914676108787194,1,0.05263157894736842
1965,88563,21,0.9055,0.9056200011814343,1,0.047619047619047616
1966,88583,20,0.91,0.9101155945399798,1,0.05
1967,88605,22,0.901,0.9010712767012657,1,0.045454545454545456
1968,88623,18,0.919,0.9191281178500166,1,0.05555555555555555
1969,88639,16,0.9279999999999999,0.9280743813317919,1,0.0625
1970,88694,55,0.7525,0.7526355180076504,1,0.01818181818181818
1971,88712,18,0.919,0.9191537115451837,1,0.05555555555555555
1972,88740,28,0.874,0.8740976108012712,1,0.03571428571428571
1973,88756,16,0.9279999999999999,0.9281877617058131,1,0.0625
1974,88772,16,0.9279999999999999,0.9280718625859076,1,0.0625
1975,88788,16,0.9279999999999999,0.9280775530138593,1,0.0625
1976,88804,16,0.9279999999999999,0.9280458170147268,1,0.0625
1977,88820,16,0.9279999999999999,0.9280877719190546,1,0.0625
1978,88841,21,0.9055,0.905591615917152,1,0.047619047619047616
1979,88859,18,0.919,0.9190863379022373,1,0.05555555555555555
1980,88893,34,0.847,0.847138003924249,1,0.029411764705882353
1981,88916,23,0.8965,0.8969671837810421,1,0.13043478260869565
1982,88937,21,0.9055,0.9056137078407486,1,0.047619047619047616
1983,88967,30,0.865,0.8651293325773322,1,0.03333333333333333
1984,88987,20,0.91,0.9105195699731711,1,0.15
1985,89012,25,0.8875,0.8875827005774637,1,0.04
1986,89030,18,0.919,0.9190769014094357,1,0.05555555555555555
1987,89044,14,0.9369999999999999,0.9371034381059311,1,0.07142857142857142
1988,89058,14,0.9369999999999999,0.9370635960421045,1,0.07142857142857142
1989,89076,18,0.919,0.9194111696102546,1,0.16666666666666666
1990,89090,14,0.9369999999999999,0.9371303460104597,1,0.07142857142857142
1991,89104,14,0.9369999999999999,0.9370726967510844,1,0.07142857142857142
1992,89118,14,0.9369999999999999,0.9370904728691193,1,0.07142857142857142
1993,89134,16,0.9279999999999999,0.9281837904533234,1,0.0625
1994,89150,16,0.9279999999999999,0.9282695347364629,1,0.1875
1995,89166,16,0.9279999999999999,0.9282302846489434,1,0.0625
1996,89180,14,0.9369999999999999,0.9370668054669972,1,0.07142857142857142
1997,89196,16,0.9279999999999999,0.9280852402043843,1,0.0625
1998,89210,14,0.9369999999999999,0.9371008155733177,1,0.07142857142857142
1999,89226,16,0.9279999999999999,0.9281141963399273,1,0.0625
2000,89242,16,0.9279999999999999,0.9283334632040906,1,0.1875
2001,89258,16,0.9279999999999999,0.9280920128781883,1,0.0625
2002,89276,18,0.919,0.9190757428617914,1,0.05555555555555555
2003,89292,16,0.9279999999999999,0.9283492475821514,1,0.1875
2004,89310,18,0.919,0.9191258004801179,1,0.05555555555555555
2005,89324,14,0.9369999999999999,0.9370814345575571,1,0.07142857142857142
2006,89340,16,0.9279999999999999,0.9280580519025394,1,0.0625
2007,89354,14,0.9369999999999999,0.937087978707092,1,0.07142857142857142
2008,89372,18,0.919,0.9195853881874976,1,0.16666666666666666
2009,89388,16,0.9279999999999999,0.9281303405060597,1,0.0625
2010,89404,16,0.9279999999999999,0.9281094108902802,1,0.0625
2011,89420,16,0.9279999999999999,0.9281930825021918,1,0.1875
2012,89434,14,0.9369999999999999,0.9371047745786505,1,0.07142857142857142
2013,89448,14,0.9369999999999999,0.9371332490413816,1,0.07142857142857142
2014,89464,16,0.9279999999999999,0.9280764700247464,1,0.0625
2015,89478,14,0.9369999999999999,0.9370923894764018,1,0.07142857142857142
2016,89494,16,0.9279999999999999,0.9281303893756934,1,0.0625
2017,89508,14,0.9369999999999999,0.9370902391774488,1,0.07142857142857142
2018,89524,16,0.9279999999999999,0.928082989837786,1,0.0625
2019,89538,14,0.9369999999999999,0.9370719190477609,1,0.07142857142857142
2020,89552,14,0.9369999999999999,0.937073418462218,1,0.07142857142857142
2021,89568,16,0.9279999999999999,0.928051422127649,1,0.0625
2022,89582,14,0.9369999999999999,0.9370632564309406,1,0.07142857142857142
2023,89596,14,0.9369999999999999,0.9371365295145657,1,0.07142857142857142
2024,89610,14,0.9369999999999999,0.9371639818677762,1,0.07142857142857142
2025,89638,28,0.874,0.8741105753258481,1,0.03571428571428571
2026,89654,16,0.9279999999999999,0.9284306813363938,1,0.1875
2027,89668,14,0.9369999999999999,0.9371119968393233,1,0.07142857142857142
2028,89684,16,0.9279999999999999,0.9280546774458814,1,0.0625
2029,89700,16,0.9279999999999999,0.9280760218343101,1,0.0625
2030,89720,20,0.91,0.9101674044461476,1,0.05
2031,89734,14,0.9369999999999999,0.9370806269796216,1,0.07142857142857142
2032,89750,16,0.9279999999999999,0.9284119053562964,1,0.1875
2033,89766,16,0.9279999999999999,0.9280572123822938,1,0.0625
2034,89780,14,0.9369999999999999,0.9371077524247248,1,0.07142857142857142
2035,89794,14,0.9369999999999999,0.9370640284966549,1,0.07142857142857142
2036,89812,18,0.919,0.9191106774941122,1,0.05555555555555555
2037,89826,14,0.9369999999999999,0.9371278804361106,1,0.07142857142857142
2038,89840,14,0.9369999999999999,0.9370823947657673,1,0.07142857142857142
2039,89856,16,0.9279999999999999,0.9280538077125151,1,0.0625
2040,89872,16,0.9279999999999999,0.9280849221726716,1,0.0625
2041,89888,16,0.9279999999999999,0.9280570960185209,1,0.0625
2042,89906,18,0.919,0.9194640685266947,1,0.16666666666666666
2043,89920,14,0.9369999999999999,0.9370609236246037,1,0.07142857142857142
2044,89936,16,0.9279999999999999,0.9285300983210526,1,0.1875
2045,89950,14,0.9369999999999999,0.9370667324203974,1,0.07142857142857142
2046,89974,24,0.892,0.8922574052769233,1,0.041666666666666664
2047,89988,14,0.9369999999999999,0.9371023370228039,1,0.07142857142857142
2048,90002,14,0.9369999999999999,0.9370970031829967,1,0.07142857142857142
2049,90018,16,0.9279999999999999,0.9280586662377955,1,0.0625
2050,90032,14,0.9369999999999999,0.9370558238947716,1,0.07142857142857142
2051,90046,14,0.9369999999999999,0.9370632349448621,1,0.07142857142857142
2052,90064,18,0.919,0.9195537936429315,1,0.16666666666666666
2053,90080,16,0.9279999999999999,0.9280702394706816,1,0.0625
2054,90096,16,0.9279999999999999,0.9281292513601679,1,0.0625
2055,90112,16,0.9279999999999999,0.928097510935299,1,0.0625
2056,90139,27,0.8785,0.878735973980418,1,0.037037037037037035
2057,90153,14,0.9369999999999999,0.9370922736000831,1,0.07142857142857142
2058,90167,14,0.9369999999999999,0.9371625712944974,1,0.07142857142857142
2059,90181,14,0.9369999999999999,0.9370617912589566,1,0.07142857142857142
2060,90195,14,0.9369999999999999,0.9371077848397915,1,0.07142857142857142
2061,90213,18,0.919,0.9190932547939714,1,0.05555555555555555
2062,90235,22,0.901,0.9010790735846189,1,0.045454545454545456
2063,90251,16,0.9279999999999999,0.9281342885636148,1,0.0625
2064,90265,14,0.9369999999999999,0.9371719854455969,1,0.07142857142857142
2065,90288,23,0.8965,0.8965781677972056,1,0.043478260869565216
2066,90302,14,0.9369999999999999,0.9370827156435462,1,0.07142857142857142
2067,90326,24,0.892,0.8920767827256227,1,0.041666666666666664
2068,90340,14,0.9369999999999999,0.9371270939526936,1,0.07142857142857142
2069,90356,16,0.9279999999999999,0.9280896969629727,1,0.0625
2070,90374,18,0.919,0.9194629041573268,1,0.16666666666666666
2071,90390,16,0.9279999999999999,0.9280837828752458,1,0.0625
2072,90414,24,0.892,0.8921127516781405,1,0.041666666666666664
2073,90429,15,0.9325,0.9325877478883866,1,0.06666666666666667
2074,90447,18,0.919,0.9190972789774043,1,0.05555555555555555
2075,90467,20,0.91,0.910526022177227,1,0.15
2076,90481,14,0.9369999999999999,0.9371202407396608,1,0.07142857142857142
2077,90498,17,0.9235,0.9235913369927821,1,0.058823529411764705
2078,90512,14,0.9369999999999999,0.937105290584266,1,0.07142857142857142
2079,90527,15,0.9325,0.9326274426358004,1,0.06666666666666667
2080,90543,16,0.9279999999999999,0.9281482896943297,1,0.0625
2081,90557,14,0.9369999999999999,0.9370883688729844,1,0.07142857142857142
2082,90582,25,0.8875,0.8875689695156928,1,0.04
2083,90598,16,0.9279999999999999,0.9280731911937992,1,0.0625
2084,90612,14,0.9369999999999999,0.9370889250738562,1,0.07142857142857142
2085,90632,20,0.91,0.9101177902479761,1,0.05
2086,90647,15,0.9325,0.9325699465441073,1,0.06666666666666667
2087,90663,16,0.9279999999999999,0.928085653795191,1,0.0625
2088,90677,14,0.9369999999999999,0.9371020390886028,1,0.07142857142857142
2089,90694,17,0.9235,0.923614480861247,1,0.058823529411764705
2090,90708,14,0.9369999999999999,0.9370854918668835,1,0.07142857142857142
2091,90757,49,0.7795,0.7796439778402969,1,0.02040816326530612
2092,90772,15,0.9325,0.9325741188969012,1,0.06666666666666667
2093,90788,16,0.9279999999999999,0.9281336294082732,1,0.0625
2094,90802,14,0.9369999999999999,0.9370709264798277,1,0.07142857142857142
2095,90817,15,0.9325,0.9326115616966849,1,0.06666666666666667
2096,90833,16,0.9279999999999999,0.9280852652087782,1,0.0625
2097,90847,14,0.9369999999999999,0.9370714348153575,1,0.07142857142857142
2098,90861,14,0.9369999999999999,0.937104360105363,1,0.07142857142857142
2099,90879,18,0.919,0.9190714846793983,1,0.05555555555555555
2100,90893,14,0.9369999999999999,0.9371099094761282,1,0.07142857142857142
2101,90912,19,0.9145,0.9146071617002464,1,0.05263157894736842
2102,90926,14,0.9369999999999999,0.9370635868730431,1,0.07142857142857142
2103,90940,14,0.9369999999999999,0.9371066683494713,1,0.07142857142857142
2104,90960,20,0.91,0.910085108072578,1,0.05
2105,90974,14,0.9369999999999999,0.9370828710384448,1,0.07142857142857142
2106,90994,20,0.91,0.9101793648218154,1,0.05
2107,91017,23,0.8965,0.8966065212796914,1,0.043478260869565216
2108,91031,14,0.9369999999999999,0.937106545325225,1,0.07142857142857142
2109,91045,14,0.9369999999999999,0.9370572991676711,1,0.07142857142857142
2110,91059,14,0.9369999999999999,0.9370539226509862,1,0.07142857142857142
2111,91075,16,0.9279999999999999,0.9281000390730408,1,0.0625
2112,91091,16,0.9279999999999999,0.9280436278549887,1,0.0625
2113,91105,14,0.9369999999999999,0.9370569764641169,1,0.07142857142857142
2114,91119,14,0.9369999999999999,0.9370500273890489,1,0.07142857142857142
2115,91133,14,0.9369999999999999,0.9370548707114688,1,0.07142857142857142
2116,91147,14,0.9369999999999999,0.9371912934870067,1,0.07142857142857142
2117,91161,14,0.9369999999999999,0.9370596408584251,1,0.07142857142857142
2118,91177,16,0.9279999999999999,0.9281129658547426,1,0.0625
2119,91195,18,0.919,0.9194112962734705,1,0.16666666666666666
2120,91211,16,0.9279999999999999,0.928066956028005,1,0.0625
2121,91227,16,0.9279999999999999,0.9280570114120806,1,0.0625
2122,91245,18,0.919,0.9190655580265222,1,0.05555555555555555
2123,91261,16,0.9279999999999999,0.9282873376067656,1,0.1875
2124,91279,18,0.919,0.9201323801992397,1,0.2777777777777778
2125,91293,14,0.9369999999999999,0.9370891504303049,1,0.07142857142857142
2126,91307,14,0.9369999999999999,0.9371166697320433,1,0.07142857142857142
2127,91321,14,0.9369999999999999,0.9371194527766111,1,0.07142857142857142
2128,91337,16,0.9279999999999999,0.9280650311338267,1,0.0625
2129,91351,14,0.9369999999999999,0.9370541247063897,1,0.07142857142857142
2130,91365,14,0.9369999999999999,0.9370666332470345,1,0.07142857142857142
2131,91381,16,0.9279999999999999,0.9280785546973799,1,0.0625
2132,91395,14,0.9369999999999999,0.9370390801283542,1,0.07142857142857142
2133,91411,16,0.9279999999999999,0.9286911890212806,1,0.1875
2134,91425,14,0.9369999999999999,0.9370866412643981,1,0.07142857142857142
2135,91441,16,0.9279999999999999,0.9281461701131875,1,0.0625
2136,91455,14,0.9369999999999999,0.9372023408246637,1,0.07142857142857142
2137,91471,16,0.9279999999999999,0.9285368297708189,1,0.1875
2138,91485,14,0.9369999999999999,0.9371090790916183,1,0.07142857142857142
2139,91499,14,0.9369999999999999,0.9371128583160291,1,0.07142857142857142
2140,91513,14,0.9369999999999999,0.9371386227330282,1,0.07142857142857142
2141,91527,14,0.9369999999999999,0.9371058921364522,1,0.07142857142857142
2142,91541,14,0.9369999999999999,0.9370717985999322,1,0.07142857142857142
2143,91555,14,0.9369999999999999,0.9370621343028261,1,0.07142857142857142
2144,91569,14,0.9369999999999999,0.9370824744169003,1,0.07142857142857142
2145,91583,14,0.9369999999999999,0.9370709614175542,1,0.07142857142857142
2146,91599,16,0.9279999999999999,0.9281676354651429,1,0.0625
2147,91615,16,0.9279999999999999,0.9281135546611279,1,0.0625
2148,91629,14,0.9369999999999999,0.9372246908487069,1,0.07142857142857142
2149,91645,16,0.9279999999999999,0.9280800549219177,1,0.0625
2150,91661,16,0.9279999999999999,0.9281426890235518,1,0.0625
2151,91675,14,0.9369999999999999,0.9370519473607002,1,0.07142857142857142
2152,91691,16,0.9279999999999999,0.9280581653571304,1,0.0625
2153,91705,14,0.9369999999999999,0.9370625874366078,1,0.07142857142857142
2154,91719,14,0.9369999999999999,0.9370642784747315,1,0.07142857142857142
2155,91737,18,0.919,0.9190737229603263,1,0.05555555555555555
2156,91753,16,0.9279999999999999,0.9280792358244307,1,0.0625
2157,91767,14,0.9369999999999999,0.937125844247209,1,0.07142857142857142
2158,91781,14,0.9369999999999999,0.937068387119119,1,0.07142857142857142
2159,91795,14,0.9369999999999999,0.9370690168971865,1,0.07142857142857142
2160,91809,14,0.9369999999999999,0.9370467113738616,1,0.07142857142857142
2161,91823,14,0.9369999999999999,0.9371314065245376,1,0.07142857142857142
2162,91839,16,0.9279999999999999,0.9280652235355498,1,0.0625
2163,91857,18,0.919,0.919109214309409,1,0.05555555555555555
2164,91873,16,0.9279999999999999,0.9284060297959092,1,0.1875
2165,91895,22,0.901,0.9015438075553266,1,0.13636363636363635
2166,91911,16,0.9279999999999999,0.9280964270714307,1,0.0625
2167,91925,14,0.9369999999999999,0.9370638368240451,1,0.07142857142857142
2168,91939,14,0.9369999999999999,0.9370535921429455,1,0.07142857142857142
2169,91955,16,0.9279999999999999,0.9281249808752992,1,0.0625
2170,91969,14,0.9369999999999999,0.9370729012786978,1,0.07142857142857142
2171,91985,16,0.9279999999999999,0.9280861261559562,1,0.0625
2172,92001,16,0.9279999999999999,0.9281873254325569,1,0.0625
2173,92017,16,0.9279999999999999,0.9280767855719915,1,0.0625
2174,92031,14,0.9369999999999999,0.9370987224170212,1,0.07142857142857142
2175,92046,15,0.9325,0.93254222945542,1,0.06666666666666667
2176,92060,14,0.9369999999999999,0.9370749649089084,1,0.07142857142857142
2177,92074,14,0.9369999999999999,0.9370723691868782,1,0.07142857142857142
2178,92088,14,0.9369999999999999,0.9371217076960223,1,0.07142857142857142
2179,92102,14,0.9369999999999999,0.9370856865770866,1,0.07142857142857142
2180,92116,14,0.9369999999999999,0.9370923406272348,1,0.07142857142857142
2181,92130,14,0.9369999999999999,0.9371290844531103,1,0.07142857142857142
2182,92178,48,0.784,0.7843717710818698,1,0.041666666666666664
2183,92192,14,0.9369999999999999,0.9370658080321563,1,0.07142857142857142
2184,92206,14,0.9369999999999999,0.9371164283614054,1,0.07142857142857142
2185,92220,14,0.9369999999999999,0.9370813263806587,1,0.07142857142857142
2186,92234,14,0.9369999999999999,0.9370526230824026,1,0.07142857142857142
2187,92250,16,0.9279999999999999,0.9280859708536157,1,0.0625
2188,92266,16,0.9279999999999999,0.9280752903106475,1,0.0625
2189,92280,14,0.9369999999999999,0.9371054126086985,1,0.07142857142857142
2190,92294,14,0.9369999999999999,0.9371426425234378,1,0.07142857142857142
2191,92308,14,0.9369999999999999,0.9370731022291876,1,0.07142857142857142
2192,92322,14,0.9369999999999999,0.9370856093578994,1,0.07142857142857142
2193,92338,16,0.9279999999999999,0.928066544227418,1,0.0625
2194,92358,20,0.91,0.9104254783664174,1,0.15
2195,92372,14,0.9369999999999999,0.937081915809546,1,0.07142857142857142
2196,92388,16,0.9279999999999999,0.9280818385756016,1,0.0625
2197,92407,19,0.9145,0.9145773264602638,1,0.05263157894736842
2198,92421,14,0.9369999999999999,0.937107024267739,1,0.07142857142857142
2199,92435,14,0.9369999999999999,0.9371199929117996,1,0.07142857142857142
2200,92449,14,0.9369999999999999,0.937060706118891,1,0.07142857142857142
2201,92463,14,0.9369999999999999,0.9370946107984607,1,0.07142857142857142
2202,92477,14,0.9369999999999999,0.9370942363911032,1,0.07142857142857142
2203,92491,14,0.9369999999999999,0.9370745745298279,1,0.07142857142857142
2204,92505,14,0.9369999999999999,0.9370591472337833,1,0.07142857142857142
2205,92519,14,0.9369999999999999,0.9370646484799177,1,0.07142857142857142
2206,92535,16,0.9279999999999999,0.9281564623217194,1,0.0625
2207,92551,16,0.9279999999999999,0.9280623161378475,1,0.0625
2208,92567,16,0.9279999999999999,0.9280686981394106,1,0.0625
2209,92581,14,0.9369999999999999,0.9370699920977513,1,0.07142857142857142
2210,92595,14,0.9369999999999999,0.9370661833971377,1,0.07142857142857142
2211,92609,14,0.9369999999999999,0.9370875238415703,1,0.07142857142857142
2212,92623,14,0.9369999999999999,0.9370596504784044,1,0.07142857142857142
2213,92637,14,0.9369999999999999,0.9370669042154028,1,0.07142857142857142
2214,92651,14,0.9369999999999999,0.9370944525475453,1,0.07142857142857142
2215,92665,14,0.9369999999999999,0.937100317816973,1,0.07142857142857142
2216,92683,18,0.919,0.9190843142359618,1,0.05555555555555555
2217,92697,14,0.9369999999999999,0.9370831398051277,1,0.07142857142857142
2218,92711,14,0.9369999999999999,0.937110547044961,1,0.07142857142857142
2219,92725,14,0.9369999999999999,0.9371096282885994,1,0.07142857142857142
2220,92741,16,0.9279999999999999,0.9281316978672475,1,0.0625
2221,92755,14,0.9369999999999999,0.9371436784452946,1,0.07142857142857142
2222,92771,16,0.9279999999999999,0.9280750928513637,1,0.0625
2223,92785,14,0.9369999999999999,0.9370816116682508,1,0.07142857142857142
2224,92799,14,0.9369999999999999,0.937119993187659,1,0.07142857142857142
2225,92813,14,0.9369999999999999,0.9370759427663486,1,0.07142857142857142
2226,92831,18,0.919,0.9191038399970308,1,0.05555555555555555
2227,92845,14,0.9369999999999999,0.9371171799914009,1,0.07142857142857142
2228,92861,16,0.9279999999999999,0.9280857199022573,1,0.0625
2229,92875,14,0.9369999999999999,0.9371015520259585,1,0.07142857142857142
2230,92889,14,0.9369999999999999,0.9371660627457379,1,0.07142857142857142
2231,92903,14,0.9369999999999999,0.9370960242486215,1,0.07142857142857142
2232,92917,14,0.9369999999999999,0.9370776080207279,1,0.07142857142857142
2233,92931,14,0.9369999999999999,0.937115111841956,1,0.07142857142857142
2234,92945,14,0.9369999999999999,0.9371628000858832,1,0.07142857142857142
2235,92959,14,0.9369999999999999,0.9371019996395605,1,0.07142857142857142
2236,92977,18,0.919,0.9191052380456601,1,0.05555555555555555
2237,92991,14,0.9369999999999999,0.9370792031386499,1,0.07142857142857142
2238,93005,14,0.9369999999999999,0.9371463408331289,1,0.07142857142857142
2239,93019,14,0.9369999999999999,0.9371068006104847,1,0.07142857142857142
2240,93033,14,0.9369999999999999,0.9370786504045826,1,0.07142857142857142
2241,93051,18,0.919,0.9190598650480227,1,0.05555555555555555
2242,93066,15,0.9325,0.9326522734975291,1,0.06666666666666667
2243,93084,18,0.919,0.9191421982821555,1,0.05555555555555555
2244,93102,18,0.919,0.9191006640941963,1,0.05555555555555555
2245,93118,16,0.9279999999999999,0.9281470903632754,1,0.0625
2246,93134,16,0.9279999999999999,0.9280667659922953,1,0.0625
2247,93150,16,0.9279999999999999,0.92807325910808,1,0.0625
2248,93166,16,0.9279999999999999,0.9281147370500648,1,0.0625
2249,93182,16,0.9279999999999999,0.9280721985746104,1,0.0625
2250,93198,16,0.9279999999999999,0.9281043729904424,1,0.0625
2251,93216,18,0.919,0.919067926247938,1,0.05555555555555555
2252,93232,16,0.9279999999999999,0.9280854817194728,1,0.0625
2253,93250,18,0.919,0.919114435939145,1,0.05555555555555555
2254,93268,18,0.919,0.9191390939058872,1,0.05555555555555555
2255,93282,14,0.9369999999999999,0.9370810054252249,1,0.07142857142857142
2256,93296,14,0.9369999999999999,0.9371364839035409,1,0.07142857142857142
2257,93310,14,0.9369999999999999,0.9370861418518143,1,0.07142857142857142
2258,93326,16,0.9279999999999999,0.9280909975745577,1,0.0625
2259,93342,16,0.9279999999999999,0.9280814040286881,1,0.0625
2260,93358,16,0.9279999999999999,0.9281688144176193,1,0.0625
2261,93374,16,0.9279999999999999,0.928060020130434,1,0.0625
2262,93390,16,0.9279999999999999,0.928131574498716,1,0.0625
2263,93406,16,0.9279999999999999,0.9280622125414589,1,0.0625
2264,93424,18,0.919,0.9190601993004699,1,0.05555555555555555
2265,93440,16,0.9279999999999999,0.928069187752241,1,0.0625
2266,93456,16,0.9279999999999999,0.9280823109341034,1,0.0625
2267,93474,18,0.919,0.9191089240908534,1,0.05555555555555555
2268,93490,16,0.9279999999999999,0.9280599638451413,1,0.0625
2269,93512,22,0.901,0.9010875161032236,1,0.045454545454545456
2270,93530,18,0.919,0.9190858590246115,1,0.05555555555555555
2271,93568,38,0.829,0.8292627065533368,1,0.02631578947368421
2272,93606,38,0.829,0.829247010102793,1,0.02631578947368421
2273,93620,14,0.9369999999999999,0.9370559471309264,1,0.07142857142857142
2274,93638,18,0.919,0.919085371357866,1,0.05555555555555555
2275,93654,16,0.9279999999999999,0.9281132200904916,1,0.0625
2276,93686,32,0.856,0.8561069728737879,1,0.03125
2277,93704,18,0.919,0.9190801103862204,1,0.05555555555555555
2278,93726,22,0.901,0.9011516381932333,1,0.045454545454545456
2279,93742,16,0.9279999999999999,0.9280887266551727,1,0.0625
2280,93758,16,0.9279999999999999,0.928049784392106,1,0.0625
2281,93774,16,0.9279999999999999,0.9281163139767696,1,0.0625
2282,93790,16,0.9279999999999999,0.9280828774397141,1,0.0625
2283,93806,16,0.9279999999999999,0.9280772257054555,1,0.0625
2284,93822,16,0.9279999999999999,0.928058143654375,1,0.0625
2285,93840,18,0.919,0.9191287157334478,1,0.05555555555555555
2286,93862,22,0.901,0.9010734814883663,1,0.045454545454545456
2287,93878,16,0.9279999999999999,0.9280861662089467,1,0.0625
2288,93894,16,0.9279999999999999,0.9281821506713211,1,0.0625
2289,93912,18,0.919,0.9190946061867652,1,0.05555555555555555
2290,93930,18,0.919,0.919065774603675,1,0.05555555555555555
2291,93954,24,0.892,0.8921220974768128,1,0.041666666666666664
2292,93968,14,0.9369999999999999,0.9371374527179713,1,0.07142857142857142
2293,93982,14,0.9369999999999999,0.9371218008241303,1,0.07142857142857142
2294,93998,16,0.9279999999999999,0.9281219866056672,1,0.0625
2295,94018,20,0.91,0.9100777927372082,1,0.05
2296,94032,14,0.9369999999999999,0.9370920858060569,1,0.07142857142857142
2297,94046,14,0.9369999999999999,0.9371794557584953,1,0.07142857142857142
2298,94078,32,0.856,0.8562098289782077,1,0.03125
2299,94094,16,0.9279999999999999,0.9281132956472811,1,0.0625
2300,94108,14,0.9369999999999999,0.9370748605749208,1,0.07142857142857142
2301,94126,18,0.919,0.9191310568680433,1,0.05555555555555555
2302,94140,14,0.9369999999999999,0.937106891337784,1,0.07142857142857142
2303,94164,24,0.892,0.8921968573495197,1,0.041666666666666664
2304,94202,38,0.829,0.8291112313364416,1,0.02631578947368421
2305,94218,16,0.9279999999999999,0.9282229560553201,1,0.0625
2306,94238,20,0.91,0.9101747747896111,1,0.05
2307,94256,18,0.919,0.9190808222225252,1,0.05555555555555555
2308,94272,16,0.9279999999999999,0.9280809879214241,1,0.0625
2309,94314,42,0.8109999999999999,0.8111940969111565,1,0.023809523809523808
2310,94349,35,0.8425,0.8426257687655505,1,0.02857142857142857
2311,94367,18,0.919,0.9191149587963824,1,0.05555555555555555
2312,94385,18,0.919,0.919841909437554,1,0.2777777777777778
2313,94401,16,0.9279999999999999,0.9280795601262455,1,0.0625
2314,94433,32,0.856,0.8561152213411978,1,0.03125
2315,94464,31,0.8605,0.86057387237694,1,0.03225806451612903
2316,94497,33,0.8514999999999999,0.851735896293373,1,0.030303030303030304
2317,94511,14,0.9369999999999999,0.9371523411459386,1,0.07142857142857142
2318,94527,16,0.9279999999999999,0.9281102204468811,1,0.0625
2319,94543,16,0.9279999999999999,0.9280782936818852,1,0.0625
2320,94626,83,0.6265000000000001,0.6267958879535971,1,0.012048192771084338
2321,94706,80,0.6399999999999999,0.6402002904070734,1,0.0125
2322,94724,18,0.919,0.9190768915404837,1,0.05555555555555555
2323,94740,16,0.9279999999999999,0.9281425520855997,1,0.0625
2324,94765,25,0.8875,0.8876435832336754,1,0.04
2325,94779,14,0.9369999999999999,0.9371027165907044,1,0.07142857142857142
2326,94797,18,0.919,0.9191781418159511,1,0.05555555555555555
2327,94811,14,0.9369999999999999,0.9371815756610506,1,0.07142857142857142
2328,94854,43,0.8065,0.8066291749558739,1,0.023255813953488372
2329,94868,14,0.9369999999999999,0.9370765287050387,1,0.07142857142857142
2330,94884,16,0.9279999999999999,0.9280747428985565,1,0.0625
2331,94898,14,0.9369999999999999,0.9372003080347646,1,0.07142857142857142
2332,94922,24,0.892,0.8920851984523495,1,0.041666666666666664
2333,94950,28,0.874,0.874128363930688,1,0.03571428571428571
2334,94984,34,0.847,0.8471103692864534,1,0.029411764705882353
2335,95002,18,0.919,0.9192849473128439,1,0.05555555555555555
2336,95016,14,0.9369999999999999,0.937190495249505,1,0.07142857142857142
2337,95030,14,0.9369999999999999,0.9370873083879828,1,0.07142857142857142
2338,95048,18,0.919,0.9194186926795918,1,0.16666666666666666
2339,95062,14,0.9369999999999999,0.9370820613672519,1,0.07142857142857142
2340,95076,14,0.9369999999999999,0.9370703887747452,1,0.07142857142857142
2341,95090,14,0.9369999999999999,0.9370962106531864,1,0.07142857142857142
2342,95108,18,0.919,0.9193800083343658,1,0.16666666666666666
2343,95122,14,0.9369999999999999,0.9371328818225009,1,0.07142857142857142
2344,95138,16,0.9279999999999999,0.9281023356558713,1,0.0625
2345,95152,14,0.9369999999999999,0.9371022281709973,1,0.07142857142857142
2346,95168,16,0.9279999999999999,0.928610144506751,1,0.1875
2347,95184,16,0.9279999999999999,0.9280533561052561,1,0.0625
2348,95198,14,0.9369999999999999,0.9371232182006712,1,0.07142857142857142
2349,95214,16,0.9279999999999999,0.9280749152754707,1,0.0625
2350,95229,15,0.9325,0.9325767306562739,1,0.06666666666666667
2351,95245,16,0.9279999999999999,0.9280662824555251,1,0.0625
2352,95262,17,0.9235,0.9236152734213406,1,0.058823529411764705
2353,95276,14,0.9369999999999999,0.9371278081108706,1,0.07142857142857142
2354,95290,14,0.9369999999999999,0.9371026332538478,1,0.07142857142857142
2355,95304,14,0.9369999999999999,0.9370876303858191,1,0.07142857142857142
2356,95318,14,0.9369999999999999,0.9370764402997367,1,0.07142857142857142
2357,95332,14,0.9369999999999999,0.9370960023737099,1,0.07142857142857142
2358,95348,16,0.9279999999999999,0.9283691118014769,1,0.1875
2359,95364,16,0.9279999999999999,0.9286304160316721,1,0.1875
2360,95378,14,0.9369999999999999,0.9370356654340404,1,0.07142857142857142
2361,95396,18,0.919,0.9190435786322246,1,0.05555555555555555
2362,95412,16,0.9279999999999999,0.9280656940735328,1,0.0625
2363,95428,16,0.9279999999999999,0.928093958360738,1,0.0625
2364,95444,16,0.9279999999999999,0.9281651602791587,1,0.0625
2365,95458,14,0.9369999999999999,0.9370672494212309,1,0.07142857142857142
2366,95472,14,0.9369999999999999,0.9370549342397679,1,0.07142857142857142
2367,95486,14,0.9369999999999999,0.937153228444444,1,0.07142857142857142
2368,95504,18,0.919,0.9190774626347405,1,0.05555555555555555
2369,95518,14,0.9369999999999999,0.9370746622927145,1,0.07142857142857142
2370,95532,14,0.9369999999999999,0.9370739137708208,1,0.07142857142857142
2371,95550,18,0.919,0.9195574155061725,1,0.16666666666666666
2372,95564,14,0.9369999999999999,0.9370965167724778,1,0.07142857142857142
2373,95580,16,0.9279999999999999,0.9281572272990574,1,0.0625
2374,95594,14,0.9369999999999999,0.9371192710766562,1,0.07142857142857142
2375,95610,16,0.9279999999999999,0.9280782114365573,1,0.0625
2376,95626,16,0.9279999999999999,0.9284860416192148,1,0.1875
2377,95640,14,0.9369999999999999,0.9371206367475162,1,0.07142857142857142
2378,95654,14,0.9369999999999999,0.9370812058706623,1,0.07142857142857142
2379,95670,16,0.9279999999999999,0.9281057940439277,1,0.0625
2380,95684,14,0.9369999999999999,0.9370637216006,1,0.07142857142857142
2381,95698,14,0.9369999999999999,0.9370904877832885,1,0.07142857142857142
2382,95712,14,0.9369999999999999,0.9371173671843128,1,0.07142857142857142
2383,95726,14,0.9369999999999999,0.937116772038202,1,0.07142857142857142
2384,95740,14,0.9369999999999999,0.9371177552823862,1,0.07142857142857142
2385,95757,17,0.9235,0.9235991757154187,1,0.058823529411764705
2386,95771,14,0.9369999999999999,0.9370753208138528,1,0.07142857142857142
2387,95785,14,0.9369999999999999,0.9371023717410559,1,0.07142857142857142
2388,95801,16,0.9279999999999999,0.9283532441734177,1,0.1875
2389,95815,14,0.9369999999999999,0.9370974422468836,1,0.07142857142857142
2390,95829,14,0.9369999999999999,0.9370767558526935,1,0.07142857142857142
2391,95845,16,0.9279999999999999,0.9282567364935985,1,0.1875
2392,95861,16,0.9279999999999999,0.9284049913584479,1,0.1875
2393,95877,16,0.9279999999999999,0.928069155070584,1,0.0625
2394,95891,14,0.9369999999999999,0.9370533045554468,1,0.07142857142857142
2395,95905,14,0.9369999999999999,0.9371279558591088,1,0.07142857142857142
2396,95919,14,0.9369999999999999,0.9370606315467265,1,0.07142857142857142
2397,95933,14,0.9369999999999999,0.9372031343554754,1,0.07142857142857142
2398,95947,14,0.9369999999999999,0.9371006669310462,1,0.07142857142857142
2399,95963,16,0.9279999999999999,0.92811881163176,1,0.0625
2400,95977,14,0.9369999999999999,0.9370914476380592,1,0.07142857142857142
2401,95991,14,0.9369999999999999,0.9370499560972749,1,0.07142857142857142
2402,96007,16,0.9279999999999999,0.9284820750160383,1,0.1875
2403,96021,14,0.9369999999999999,0.9370975306706372,1,0.07142857142857142
2404,96037,16,0.9279999999999999,0.9280873770410959,1,0.0625
2405,96055,18,0.919,0.9190646578443714,1,0.05555555555555555
2406,96121,66,0.703,0.7031593582889816,1,0.015151515151515152
2407,96151,30,0.865,0.8651242569496024,1,0.03333333333333333
2408,96167,16,0.9279999999999999,0.9280910326543064,1,0.0625
2409,96183,16,0.9279999999999999,0.9281456012503335,1,0.0625
2410,96201,18,0.919,0.9191109990515058,1,0.05555555555555555
2411,96215,14,0.9369999999999999,0.9371148423207116,1,0.07142857142857142
2412,96231,16,0.9279999999999999,0.928101403288863,1,0.0625
2413,96253,22,0.901,0.9010578652487345,1,0.045454545454545456
2414,96269,16,0.9279999999999999,0.9280470279701429,1,0.0625
2415,96285,16,0.9279999999999999,0.9281498595741562,1,0.0625
2416,96299,14,0.9369999999999999,0.9371044683433729,1,0.07142857142857142
2417,96313,14,0.9369999999999999,0.9371054459614095,1,0.07142857142857142
2418,96327,14,0.9369999999999999,0.9372929717005766,1,0.07142857142857142
2419,96355,28,0.874,0.8744781177785373,1,0.10714285714285714
2420,96430,75,0.6625,0.6626315143504142,1,0.013333333333333334
2421,96444,14,0.9369999999999999,0.937098066570133,1,0.07142857142857142
2422,96458,14,0.9369999999999999,0.9370695194729728,1,0.07142857142857142
2423,96472,14,0.9369999999999999,0.9370693150765048,1,0.07142857142857142
2424,96490,18,0.919,0.9191099197837217,1,0.05555555555555555
2425,96504,14,0.9369999999999999,0.9370775535418588,1,0.07142857142857142
2426,96518,14,0.9369999999999999,0.9371520944905135,1,0.07142857142857142
2427,96536,18,0.919,0.919073700277757,1,0.05555555555555555
2428,96550,14,0.9369999999999999,0.9371146076664635,1,0.07142857142857142
2429,96568,18,0.919,0.9191088118457622,1,0.05555555555555555
2430,96588,20,0.91,0.9100877281259077,1,0.05
2431,96676,88,0.604,0.604153600901787,1,0.011363636363636364
2432,96692,16,0.9279999999999999,0.9280706769280482,1,0.0625
2433,96706,14,0.9369999999999999,0.9370469205554358,1,0.07142857142857142
2434,96720,14,0.9369999999999999,0.9371539357464753,1,0.07142857142857142
2435,96736,16,0.9279999999999999,0.9280845641548814,1,0.0625
2436,96752,16,0.9279999999999999,0.9281446766160807,1,0.0625
2437,96768,16,0.9279999999999999,0.9285521538210951,1,0.1875
2438,96782,14,0.9369999999999999,0.9370809674851325,1,0.07142857142857142
2439,96796,14,0.9369999999999999,0.9370550008997992,1,0.07142857142857142
2440,96811,15,0.9325,0.9326134887417968,1,0.06666666666666667
2441,96825,14,0.9369999999999999,0.9370704758128078,1,0.07142857142857142
2442,96897,72,0.6759999999999999,0.6761575332928919,1,0.013888888888888888
2443,96917,20,0.91,0.9100662731474638,1,0.05
2444,96931,14,0.9369999999999999,0.9371123072102322,1,0.07142857142857142
2445,96999,68,0.694,0.6941202655945993,1,0.014705882352941176
2446,97013,14,0.9369999999999999,0.9370936411941919,1,0.07142857142857142
2447,97042,29,0.8694999999999999,0.8695909630987919,1,0.034482758620689655
2448,97056,14,0.9369999999999999,0.9371030943940108,1,0.07142857142857142
2449,97070,14,0.9369999999999999,0.9371177590852072,1,0.07142857142857142
2450,97094,24,0.892,0.89207723973941,1,0.041666666666666664
2451,97108,14,0.9369999999999999,0.9370676266671919,1,0.07142857142857142
2452,97122,14,0.9369999999999999,0.9370961803612569,1,0.07142857142857142
2453,97136,14,0.9369999999999999,0.9370650379100364,1,0.07142857142857142
2454,97151,15,0.9325,0.9326348009022067,1,0.06666666666666667
2455,97165,14,0.9369999999999999,0.9371427934177845,1,0.07142857142857142
2456,97179,14,0.9369999999999999,0.9370839837395719,1,0.07142857142857142
2457,97193,14,0.9369999999999999,0.9371275937134197,1,0.07142857142857142
2458,97207,14,0.9369999999999999,0.937056607294227,1,0.07142857142857142
2459,97221,14,0.9369999999999999,0.9370551936152216,1,0.07142857142857142
2460,97237,16,0.9279999999999999,0.9281131264562046,1,0.0625
2461,97253,16,0.9279999999999999,0.9281053347690641,1,0.0625
2462,97273,20,0.91,0.9100902519400842,1,0.05
2463,97289,16,0.9279999999999999,0.9281057189498243,1,0.0625
2464,97307,18,0.919,0.9192464199560738,1,0.16666666666666666
2465,97321,14,0.9369999999999999,0.9370678008559352,1,0.07142857142857142
2466,97337,16,0.9279999999999999,0.9281157773700432,1,0.0625
2467,97353,16,0.9279999999999999,0.9281009779202608,1,0.0625
2468,97371,18,0.919,0.9191033632847398,1,0.05555555555555555
2469,97385,14,0.9369999999999999,0.9370916349275892,1,0.07142857142857142
2470,97401,16,0.9279999999999999,0.9281133858586362,1,0.0625
2471,97421,20,0.91,0.9100851990948416,1,0.05
2472,97435,14,0.9369999999999999,0.937122986923064,1,0.07142857142857142
2473,97452,17,0.9235,0.923718714406701,1,0.058823529411764705
2474,97468,16,0.9279999999999999,0.928145594736393,1,0.0625
2475,97482,14,0.9369999999999999,0.9371015092002183,1,0.07142857142857142
2476,97496,14,0.9369999999999999,0.937131832901964,1,0.07142857142857142
2477,97512,16,0.9279999999999999,0.9281574389360514,1,0.0625
2478,97526,14,0.9369999999999999,0.9370906993011199,1,0.07142857142857142
2479,97540,14,0.9369999999999999,0.9370869566014529,1,0.07142857142857142
2480,97556,16,0.9279999999999999,0.9281042955971124,1,0.0625
2481,97570,14,0.9369999999999999,0.9371372747004969,1,0.07142857142857142
2482,97584,14,0.9369999999999999,0.9371526096177338,1,0.07142857142857142
2483,97598,14,0.9369999999999999,0.9370390388612224,1,0.07142857142857142
2484,97614,16,0.9279999999999999,0.9280639024210534,1,0.0625
2485,97628,14,0.9369999999999999,0.9370740596664472,1,0.07142857142857142
2486,97648,20,0.91,0.9102670499604812,1,0.15
2487,97662,14,0.9369999999999999,0.9371136746105782,1,0.07142857142857142
2488,97676,14,0.9369999999999999,0.9371313978181053,1,0.07142857142857142
2489,97692,16,0.9279999999999999,0.928215235409875,1,0.0625
2490,97714,22,0.901,0.9010803488534621,1,0.045454545454545456
2491,97728,14,0.9369999999999999,0.9371310960988397,1,0.07142857142857142
2492,97742,14,0.9369999999999999,0.9371121129460812,1,0.07142857142857142
2493,97756,14,0.9369999999999999,0.9370903206856529,1,0.07142857142857142
2494,97770,14,0.9369999999999999,0.937061779604014,1,0.07142857142857142
2495,97784,14,0.9369999999999999,0.9370807656275666,1,0.07142857142857142
2496,97800,16,0.9279999999999999,0.9282487133880395,1,0.1875
2497,97816,16,0.9279999999999999,0.928460070350756,1,0.1875
2498,97830,14,0.9369999999999999,0.9370625349638178,1,0.07142857142857142
2499,97844,14,0.9369999999999999,0.9371198856967945,1,0.07142857142857142
2500,97860,16,0.9279999999999999,0.9285014540883912,1,0.1875
2501,97874,14,0.9369999999999999,0.9371041359320592,1,0.07142857142857142
2502,97888,14,0.9369999999999999,0.9370773308419307,1,0.07142857142857142
2503,97902,14,0.9369999999999999,0.9370747839081006,1,0.07142857142857142
2504,97916,14,0.9369999999999999,0.9370465371742145,1,0.07142857142857142
2505,97931,15,0.9325,0.932595234120074,1,0.06666666666666667
2506,97945,14,0.9369999999999999,0.9370997641148893,1,0.07142857142857142
2507,97959,14,0.9369999999999999,0.9370591192067248,1,0.07142857142857142
2508,97973,14,0.9369999999999999,0.9371395544608903,1,0.07142857142857142
2509,97987,14,0.9369999999999999,0.9370859464855933,1,0.07142857142857142
2510,98003,16,0.9279999999999999,0.9280674497307675,1,0.0625
2511,98019,16,0.9279999999999999,0.9280397882154395,1,0.0625
2512,98149,130,0.4149999999999999,0.41523735188477706,1,0.007692307692307693
2513,98229,80,0.6399999999999999,0.6401644845654232,1,0.0125
2514,98429,200,0.0,0.00023658296174555772,0,0.005
2515,98496,67,0.6984999999999999,0.6986959385492661,1,0.014925373134328358
2516,98548,52,0.766,0.766185127357848,1,0.019230769230769232
2517,98748,200,0.0,0.0003787573810156327,0,0.005
2518,98870,122,0.45099999999999996,0.4511974429164554,1,0.00819672131147541
2519,98890,20,0.91,0.9100880329343576,1,0.05
2520,99007,117,0.47350000000000003,0.47369301563769955,1,0.008547008547008548
2521,99026,19,0.9145,0.914610132673742,1,0.05263157894736842
2522,99226,200,0.0,0.000407970070006459,0,0.005
2523,99398,172,0.22599999999999998,0.22654854991025009,1,0.01744186046511628
2524,99433,35,0.8425,0.8426577693375039,1,0.02857142857142857
2525,99478,45,0.7975,0.7976745242127802,1,0.022222222222222223
2526,99494,16,0.9279999999999999,0.9281636568340368,1,0.0625
2527,99532,38,0.829,0.8291219201292133,1,0.02631578947368421
2528,99558,26,0.883,0.8831696166732631,1,0.038461538461538464
2529,99584,26,0.883,0.8830835634200745,1,0.038461538461538464
2530,99606,22,0.901,0.9010983313742078,1,0.045454545454545456
2531,99636,30,0.865,0.8650812134621173,1,0.03333333333333333
2532,99662,26,0.883,0.8830856195757882,1,0.038461538461538464
2533,99684,22,0.901,0.9011021593673134,1,0.045454545454545456
2534,99708,24,0.892,0.8921613716258903,1,0.041666666666666664
2535,99726,18,0.919,0.9190600016649755,1,0.05555555555555555
2536,99742,16,0.9279999999999999,0.9280832956719955,1,0.0625
2537,99758,16,0.9279999999999999,0.9280494714129723,1,0.0625
2538,99788,30,0.865,0.8651020976614061,1,0.03333333333333333
2539,99820,32,0.856,0.8561610112559249,1,0.03125
2540,99836,16,0.9279999999999999,0.9280709940174672,1,0.0625
2541,99854,18,0.919,0.9190949410373761,1,0.05555555555555555
2542,99872,18,0.919,0.9191785026954185,1,0.05555555555555555
2543,99888,16,0.9279999999999999,0.9281224902801845,1,0.0625
2544,99904,16,0.9279999999999999,0.9281102238254841,1,0.0625
2545,99922,18,0.919,0.9191094051795491,1,0.05555555555555555
2546,99938,16,0.9279999999999999,0.9281017058303624,1,0.0625
2547,99956,18,0.919,0.9196751863201882,1,0.16666666666666666
2548,99972,16,0.9279999999999999,0.928099081396051,1,0.0625
2549,100000,28,0.874,0.8741145549662351,1,0.03571428571428571
