episode,end_step,length,extrinsic_return,shaped_return,success,tv_fraction
0,200,200,0.0,0.0,0,0.24
1,400,200,0.0,0.0,0,0.12
2,600,200,0.0,0.0,0,0.215
3,800,200,0.0,0.0,0,0.1
4,1000,200,0.0,0.0,0,0.125
5,1200,200,0.0,0.0,0,0.26
6,1400,200,0.0,0.0,0,0.135
7,1600,200,0.0,0.0,0,0.005
8,1800,200,0.0,0.0,0,0.205
9,2000,200,0.0,0.0,0,0.26
10,2200,200,0.0,0.0,0,0.255
11,2400,200,0.0,0.0,0,0.075
12,2600,200,0.0,0.0,0,0.11
13,2800,200,0.0,0.0,0,0.015
14,3000,200,0.0,0.0,0,0.11
15,3141,141,0.36550000000000005,0.36550000000000005,1,0.0070921985815602835
16,3341,200,0.0,0.0,0,0.015
17,3541,200,0.0,0.0,0,0.13
18,3741,200,0.0,0.0,0,0.13
19,3941,200,0.0,0.0,0,0.115
20,4141,200,0.0,0.0,0,0.035
21,4341,200,0.0,0.0,0,0.155
22,4541,200,0.0,0.0,0,0.125
23,4741,200,0.0,0.0,0,0.12
24,4941,200,0.0,0.0,0,0.04
25,5141,200,0.0,0.0,0,0.195
26,5341,200,0.0,0.0,0,0.215
27,5541,200,0.0,0.0,0,0.13
28,5740,199,0.10450000000000004,0.10450000000000004,1,0.07537688442211055
29,5940,200,0.0,0.0,0,0.06
30,6092,152,0.31599999999999995,0.31599999999999995,1,0.05263157894736842
31,6292,200,0.0,0.0,0,0.115
32,6492,200,0.0,0.0,0,0.15
33,6684,192,0.136,0.136,1,0.041666666666666664
34,6786,102,0.5409999999999999,0.5409999999999999,1,0.00980392156862745
35,6986,200,0.0,0.0,0,0.235
36,7186,200,0.0,0.0,0,0.125
37,7386,200,0.0,0.0,0,0.05
38,7586,200,0.0,0.0,0,0.025
39,7786,200,0.0,0.0,0,0.18
40,7887,101,0.5455,0.5455,1,0.13861386138613863
41,8087,200,0.0,0.0,0,0.23
42,8287,200,0.0,0.0,0,0.175
43,8487,200,0.0,0.0,0,0.12
44,8687,200,0.0,0.0,0,0.135
45,8887,200,0.0,0.0,0,0.31
46,9058,171,0.23050000000000004,0.23050000000000004,1,0.07017543859649122
47,9258,200,0.0,0.0,0,0.055
48,9458,200,0.0,0.0,0,0.165
49,9658,200,0.0,0.0,0,0.18
50,9719,61,0.7255,0.7255,1,0.11475409836065574
51,9919,200,0.0,0.0,0,0.085
52,10038,119,0.4645,0.4645,1,0.09243697478991597
53,10238,200,0.0,0.0,0,0.07
54,10294,56,0.748,0.748,1,0.08928571428571429
55,10494,200,0.0,0.0,0,0.235
56,10694,200,0.0,0.0,0,0.145
57,10894,200,0.0,0.0,0,0.315
58,11094,200,0.0,0.0,0,0.06
59,11294,200,0.0,0.0,0,0.28
60,11494,200,0.09999999999999998,0.09999999999999998,1,0.305
61,11532,38,0.829,0.829,1,0.02631578947368421
62,11732,200,0.0,0.0,0,0.16
63,11932,200,0.0,0.0,0,0.295
64,12132,200,0.0,0.0,0,0.33
65,12332,200,0.0,0.0,0,0.355
66,12532,200,0.0,0.0,0,0.145
67,12732,200,0.0,0.0,0,0.215
68,12838,106,0.5229999999999999,0.5229999999999999,1,0.1792452830188679
69,13038,200,0.0,0.0,0,0.11
70,13166,128,0.42399999999999993,0.42399999999999993,1,0.015625
71,13254,88,0.604,0.604,1,0.07954545454545454
72,13454,200,0.0,0.0,0,0.025
73,13604,150,0.32499999999999996,0.32499999999999996,1,0.04
74,13804,200,0.0,0.0,0,0.11
75,14004,200,0.0,0.0,0,0.265
76,14059,55,0.7525,0.7525,1,0.09090909090909091
77,14231,172,0.22599999999999998,0.22599999999999998,1,0.11046511627906977
78,14326,95,0.5725,0.5725,1,0.031578947368421054
79,14462,136,0.3879999999999999,0.3879999999999999,1,0.16911764705882354
80,14503,41,0.8155,0.8155,1,0.0975609756097561
81,14703,200,0.0,0.0,0,0.015
82,14878,175,0.21250000000000002,0.21250000000000002,1,0.04
83,15078,200,0.0,0.0,0,0.115
84,15257,179,0.1945,0.1945,1,0.20670391061452514
85,15339,82,0.631,0.631,1,0.13414634146341464
86,15446,107,0.5185,0.5185,1,0.037383177570093455
87,15646,200,0.0,0.0,0,0.05
88,15742,96,0.5680000000000001,0.5680000000000001,1,0.11458333333333333
89,15909,167,0.24850000000000005,0.24850000000000005,1,0.005988023952095809
90,16070,161,0.27549999999999997,0.27549999999999997,1,0.09937888198757763
91,16155,85,0.6174999999999999,0.6174999999999999,1,0.08235294117647059
92,16251,96,0.5680000000000001,0.5680000000000001,1,0.0625
93,16451,200,0.0,0.0,0,0.19
94,16536,85,0.6174999999999999,0.6174999999999999,1,0.011764705882352941
95,16579,43,0.8065,0.8065,1,0.046511627906976744
96,16637,58,0.739,0.739,1,0.08620689655172414
97,16767,130,0.4149999999999999,0.4149999999999999,1,0.08461538461538462
98,16849,82,0.631,0.631,1,0.024390243902439025
99,16900,51,0.7705,0.7705,1,0.1568627450980392
100,16999,99,0.5545,0.5545,1,0.020202020202020204
101,17199,200,0.0,0.0,0,0.185
102,17285,86,0.613,0.613,1,0.011627906976744186
103,17387,102,0.5409999999999999,0.5409999999999999,1,0.00980392156862745
104,17534,147,0.3385,0.3385,1,0.12244897959183673
105,17619,85,0.6174999999999999,0.6174999999999999,1,0.023529411764705882
106,17819,200,0.0,0.0,0,0.05
107,17955,136,0.3879999999999999,0.3879999999999999,1,0.11029411764705882
108,18016,61,0.7255,0.7255,1,0.13114754098360656
109,18126,110,0.5049999999999999,0.5049999999999999,1,0.00909090909090909
110,18186,60,0.73,0.73,1,0.016666666666666666
111,18347,161,0.27549999999999997,0.27549999999999997,1,0.06832298136645963
112,18403,56,0.748,0.748,1,0.05357142857142857
113,18603,200,0.0,0.0,0,0.055
114,18664,61,0.7255,0.7255,1,0.08196721311475409
115,18721,57,0.7435,0.7435,1,0.05263157894736842
116,18781,60,0.73,0.73,1,0.1
117,18903,122,0.45099999999999996,0.45099999999999996,1,0.02459016393442623
118,19015,112,0.4959999999999999,0.4959999999999999,1,0.125
119,19139,124,0.44199999999999995,0.44199999999999995,1,0.024193548387096774
120,19295,156,0.29799999999999993,0.29799999999999993,1,0.019230769230769232
121,19413,118,0.469,0.469,1,0.059322033898305086
122,19522,109,0.5095,0.5095,1,0.027522935779816515
123,19619,97,0.5635,0.5635,1,0.020618556701030927
124,19655,36,0.838,0.838,1,0.1388888888888889
125,19763,108,0.514,0.514,1,0.1388888888888889
126,19820,57,0.7435,0.7435,1,0.017543859649122806
127,19848,28,0.874,0.874,1,0.03571428571428571
128,19902,54,0.757,0.757,1,0.12962962962962962
129,19967,65,0.7075,0.7075,1,0.015384615384615385
130,20118,151,0.3205,0.3205,1,0.013245033112582781
131,20318,200,0.09999999999999998,0.09999999999999998,1,0.06
132,20419,101,0.5455,0.5455,1,0.10891089108910891
133,20469,50,0.775,0.775,1,0.02
134,20538,69,0.6895,0.6895,1,0.057971014492753624
135,20647,109,0.5095,0.5095,1,0.027522935779816515
136,20745,98,0.5589999999999999,0.5589999999999999,1,0.05102040816326531
137,20852,107,0.5185,0.5185,1,0.04672897196261682
138,21002,150,0.32499999999999996,0.32499999999999996,1,0.006666666666666667
139,21102,100,0.55,0.55,1,0.05
140,21197,95,0.5725,0.5725,1,0.010526315789473684
141,21303,106,0.5229999999999999,0.5229999999999999,1,0.02830188679245283
142,21503,200,0.0,0.0,0,0.005
143,21582,79,0.6445,0.6445,1,0.0379746835443038
144,21702,120,0.45999999999999996,0.45999999999999996,1,0.05
145,21844,142,0.361,0.361,1,0.09154929577464789
146,22040,196,0.118,0.118,1,0.015306122448979591
147,22240,200,0.0,0.0,0,0.005
148,22325,85,0.6174999999999999,0.6174999999999999,1,0.11764705882352941
149,22415,90,0.595,0.595,1,0.05555555555555555
150,22462,47,0.7885,0.7885,1,0.14893617021276595
151,22662,200,0.0,0.0,0,0.025
152,22775,113,0.49150000000000005,0.49150000000000005,1,0.1415929203539823
153,22866,91,0.5905,0.5905,1,0.054945054945054944
154,23001,135,0.39249999999999996,0.39249999999999996,1,0.05185185185185185
155,23111,110,0.5049999999999999,0.5049999999999999,1,0.07272727272727272
156,23311,200,0.0,0.0,0,0.08
157,23403,92,0.586,0.586,1,0.11956521739130435
158,23488,85,0.6174999999999999,0.6174999999999999,1,0.03529411764705882
159,23688,200,0.0,0.0,0,0.02
160,23888,200,0.0,0.0,0,0.015
161,23962,74,0.667,0.667,1,0.1891891891891892
162,24100,138,0.379,0.379,1,0.11594202898550725
163,24300,200,0.0,0.0,0,0.05
164,24341,41,0.8155,0.8155,1,0.21951219512195122
165,24441,100,0.55,0.55,1,0.02
166,24521,80,0.6399999999999999,0.6399999999999999,1,0.3125
167,24624,103,0.5365,0.5365,1,0.14563106796116504
168,24824,200,0.0,0.0,0,0.045
169,24918,94,0.577,0.577,1,0.010638297872340425
170,24976,58,0.739,0.739,1,0.017241379310344827
171,25118,142,0.361,0.361,1,0.056338028169014086
172,25205,87,0.6085,0.6085,1,0.11494252873563218
173,25275,70,0.685,0.685,1,0.11428571428571428
174,25306,31,0.8605,0.8605,1,0.0967741935483871
175,25385,79,0.6445,0.6445,1,0.17721518987341772
176,25500,115,0.48250000000000004,0.48250000000000004,1,0.008695652173913044
177,25560,60,0.73,0.73,1,0.016666666666666666
178,25760,200,0.0,0.0,0,0.025
179,25807,47,0.7885,0.7885,1,0.02127659574468085
180,25844,37,0.8335,0.8335,1,0.08108108108108109
181,25925,81,0.6355,0.6355,1,0.18518518518518517
182,25965,40,0.82,0.82,1,0.025
183,26031,66,0.703,0.703,1,0.015151515151515152
184,26231,200,0.0,0.0,0,0.015
185,26286,55,0.7525,0.7525,1,0.05454545454545454
186,26322,36,0.838,0.838,1,0.08333333333333333
187,26369,47,0.7885,0.7885,1,0.02127659574468085
188,26562,193,0.13150000000000006,0.13150000000000006,1,0.05699481865284974
189,26650,88,0.604,0.604,1,0.06818181818181818
190,26705,55,0.7525,0.7525,1,0.2727272727272727
191,26750,45,0.7975,0.7975,1,0.1111111111111111
192,26785,35,0.8425,0.8425,1,0.02857142857142857
193,26872,87,0.6085,0.6085,1,0.034482758620689655
194,26951,79,0.6445,0.6445,1,0.012658227848101266
195,27052,101,0.5455,0.5455,1,0.039603960396039604
196,27072,20,0.91,0.91,1,0.05
197,27102,30,0.865,0.865,1,0.1
198,27141,39,0.8245,0.8245,1,0.02564102564102564
199,27158,17,0.9235,0.9235,1,0.058823529411764705
200,27358,200,0.0,0.0,0,0.005
201,27405,47,0.7885,0.7885,1,0.0851063829787234
202,27507,102,0.5409999999999999,0.5409999999999999,1,0.00980392156862745
203,27707,200,0.0,0.0,0,0.02
204,27827,120,0.45999999999999996,0.45999999999999996,1,0.03333333333333333
205,28015,188,0.15400000000000003,0.15400000000000003,1,0.10638297872340426
206,28091,76,0.6579999999999999,0.6579999999999999,1,0.013157894736842105
207,28121,30,0.865,0.865,1,0.13333333333333333
208,28157,36,0.838,0.838,1,0.027777777777777776
209,28204,47,0.7885,0.7885,1,0.02127659574468085
210,28241,37,0.8335,0.8335,1,0.02702702702702703
211,28441,200,0.0,0.0,0,0.085
212,28529,88,0.604,0.604,1,0.3181818181818182
213,28571,42,0.8109999999999999,0.8109999999999999,1,0.07142857142857142
214,28664,93,0.5814999999999999,0.5814999999999999,1,0.010752688172043012
215,28697,33,0.8514999999999999,0.8514999999999999,1,0.15151515151515152
216,28721,24,0.892,0.892,1,0.125
217,28823,102,0.5409999999999999,0.5409999999999999,1,0.029411764705882353
218,28873,50,0.775,0.775,1,0.24
219,28914,41,0.8155,0.8155,1,0.024390243902439025
220,28966,52,0.766,0.766,1,0.15384615384615385
221,28996,30,0.865,0.865,1,0.1
222,29028,32,0.856,0.856,1,0.03125
223,29069,41,0.8155,0.8155,1,0.1951219512195122
224,29124,55,0.7525,0.7525,1,0.01818181818181818
225,29185,61,0.7255,0.7255,1,0.2459016393442623
226,29226,41,0.8155,0.8155,1,0.024390243902439025
227,29303,77,0.6535,0.6535,1,0.03896103896103896
228,29349,46,0.7929999999999999,0.7929999999999999,1,0.021739130434782608
229,29376,27,0.8785,0.8785,1,0.037037037037037035
230,29424,48,0.784,0.784,1,0.020833333333333332
231,29454,30,0.865,0.865,1,0.1
232,29482,28,0.874,0.874,1,0.03571428571428571
233,29559,77,0.6535,0.6535,1,0.012987012987012988
234,29599,40,0.82,0.82,1,0.225
235,29655,56,0.748,0.748,1,0.017857142857142856
236,29689,34,0.847,0.847,1,0.08823529411764706
237,29706,17,0.9235,0.9235,1,0.058823529411764705
238,29728,22,0.901,0.901,1,0.045454545454545456
239,29773,45,0.7975,0.7975,1,0.022222222222222223
240,29799,26,0.883,0.883,1,0.15384615384615385
241,29855,56,0.748,0.748,1,0.375
242,29873,18,0.919,0.919,1,0.05555555555555555
243,29900,27,0.8785,0.8785,1,0.18518518518518517
244,29944,44,0.802,0.802,1,0.022727272727272728
245,29984,40,0.82,0.82,1,0.075
246,30054,70,0.685,0.685,1,0.04285714285714286
247,30097,43,0.8065,0.8065,1,0.16279069767441862
248,30228,131,0.4105,0.4105,1,0.21374045801526717
249,30274,46,0.7929999999999999,0.7929999999999999,1,0.10869565217391304
250,30334,60,0.73,0.73,1,0.06666666666666667
251,30407,73,0.6715,0.6715,1,0.2328767123287671
252,30476,69,0.6895,0.6895,1,0.5072463768115942
253,30513,37,0.8335,0.8335,1,0.13513513513513514
254,30635,122,0.45099999999999996,0.45099999999999996,1,0.02459016393442623
255,30714,79,0.6445,0.6445,1,0.10126582278481013
256,30751,37,0.8335,0.8335,1,0.02702702702702703
257,30906,155,0.3025,0.3025,1,0.025806451612903226
258,31003,97,0.5635,0.5635,1,0.14432989690721648
259,31056,53,0.7615,0.7615,1,0.018867924528301886
260,31079,23,0.8965,0.8965,1,0.13043478260869565
261,31154,75,0.6625,0.6625,1,0.12
262,31189,35,0.8425,0.8425,1,0.11428571428571428
263,31262,73,0.6715,0.6715,1,0.0547945205479452
264,31287,25,0.8875,0.8875,1,0.04
265,31340,53,0.7615,0.7615,1,0.18867924528301888
266,31376,36,0.838,0.838,1,0.1388888888888889
267,31443,67,0.6984999999999999,0.6984999999999999,1,0.04477611940298507
268,31545,102,0.5409999999999999,0.5409999999999999,1,0.08823529411764706
269,31623,78,0.649,0.649,1,0.19230769230769232
270,31646,23,0.8965,0.8965,1,0.043478260869565216
271,31662,16,0.9279999999999999,0.9279999999999999,1,0.0625
272,31684,22,0.901,0.901,1,0.045454545454545456
273,31704,20,0.91,0.91,1,0.05
274,31746,42,0.8109999999999999,0.8109999999999999,1,0.16666666666666666
275,31915,169,0.23950000000000005,0.23950000000000005,1,0.10650887573964497
276,31931,16,0.9279999999999999,0.9279999999999999,1,0.0625
277,31958,27,0.8785,0.8785,1,0.037037037037037035
278,32011,53,0.7615,0.7615,1,0.1320754716981132
279,32058,47,0.7885,0.7885,1,0.06382978723404255
280,32087,29,0.8694999999999999,0.8694999999999999,1,0.10344827586206896
281,32152,65,0.7075,0.7075,1,0.03076923076923077
282,32194,42,0.8109999999999999,0.8109999999999999,1,0.23809523809523808
283,32337,143,0.35650000000000004,0.35650000000000004,1,0.013986013986013986
284,32391,54,0.757,0.757,1,0.12962962962962962
285,32457,66,0.703,0.703,1,0.19696969696969696
286,32471,14,0.9369999999999999,0.9369999999999999,1,0.07142857142857142
287,32561,90,0.595,0.595,1,0.15555555555555556
288,32761,200,0.0,0.0,0,0.01
289,32810,49,0.7795,0.7795,1,0.061224489795918366
290,32911,101,0.5455,0.5455,1,0.1188118811881188
291,32984,73,0.6715,0.6715,1,0.0547945205479452
292,33021,37,0.8335,0.8335,1,0.02702702702702703
293,33150,129,0.4195,0.4195,1,0.031007751937984496
294,33197,47,0.7885,0.7885,1,0.3829787234042553
295,33278,81,0.6355,0.6355,1,0.19753086419753085
296,33330,52,0.766,0.766,1,0.038461538461538464
297,33438,108,0.514,0.514,1,0.24074074074074073
298,33526,88,0.604,0.604,1,0.045454545454545456
299,33726,200,0.0,0.0,0,0.02
300,33926,200,0.0,0.0,0,0.02
301,34081,155,0.3025,0.3025,1,0.10967741935483871
302,34253,172,0.22599999999999998,0.22599999999999998,1,0.03488372093023256
303,34374,121,0.4555,0.4555,1,0.03305785123966942
304,34441,67,0.6984999999999999,0.6984999999999999,1,0.04477611940298507
305,34641,200,0.0,0.0,0,0.13
306,34673,32,0.856,0.856,1,0.0625
307,34761,88,0.604,0.604,1,0.022727272727272728
308,34864,103,0.5365,0.5365,1,0.038834951456310676
309,34904,40,0.82,0.82,1,0.175
310,35032,128,0.42399999999999993,0.42399999999999993,1,0.03125
311,35090,58,0.739,0.739,1,0.034482758620689655
312,35114,24,0.892,0.892,1,0.041666666666666664
313,35146,32,0.856,0.856,1,0.03125
314,35185,39,0.8245,0.8245,1,0.02564102564102564
315,35231,46,0.7929999999999999,0.7929999999999999,1,0.06521739130434782
316,35247,16,0.9279999999999999,0.9279999999999999,1,0.0625
317,35293,46,0.7929999999999999,0.7929999999999999,1,0.021739130434782608
318,35323,30,0.865,0.865,1,0.16666666666666666
319,35394,71,0.6805,0.6805,1,0.056338028169014086
320,35418,24,0.892,0.892,1,0.125
321,35434,16,0.9279999999999999,0.9279999999999999,1,0.0625
322,35551,117,0.47350000000000003,0.47350000000000003,1,0.017094017094017096
323,35586,35,0.8425,0.8425,1,0.02857142857142857
324,35604,18,0.919,0.919,1,0.05555555555555555
325,35760,156,0.29799999999999993,0.29799999999999993,1,0.02564102564102564
326,35776,16,0.9279999999999999,0.9279999999999999,1,0.0625
327,35800,24,0.892,0.892,1,0.041666666666666664
328,35819,19,0.9145,0.9145,1,0.05263157894736842
329,35839,20,0.91,0.91,1,0.15
330,35871,32,0.856,0.856,1,0.03125
331,35892,21,0.9055,0.9055,1,0.047619047619047616
332,36092,200,0.0,0.0,0,0.02
333,36112,20,0.91,0.91,1,0.15
334,36135,23,0.8965,0.8965,1,0.043478260869565216
335,36149,14,0.9369999999999999,0.9369999999999999,1,0.07142857142857142
336,36172,23,0.8965,0.8965,1,0.043478260869565216
337,36208,36,0.838,0.838,1,0.05555555555555555
338,36244,36,0.838,0.838,1,0.05555555555555555
339,36258,14,0.9369999999999999,0.9369999999999999,1,0.07142857142857142
340,36278,20,0.91,0.91,1,0.05
341,36337,59,0.7344999999999999,0.7344999999999999,1,0.06779661016949153
342,36363,26,0.883,0.883,1,0.038461538461538464
343,36401,38,0.829,0.829,1,0.07894736842105263
344,36427,26,0.883,0.883,1,0.07692307692307693
345,36475,48,0.784,0.784,1,0.08333333333333333
346,36507,32,0.856,0.856,1,0.03125
347,36559,52,0.766,0.766,1,0.019230769230769232
348,36759,200,0.0,0.0,0,0.01
349,36789,30,0.865,0.865,1,0.1
350,36815,26,0.883,0.883,1,0.038461538461538464
351,36847,32,0.856,0.856,1,0.03125
352,36863,16,0.9279999999999999,0.9279999999999999,1,0.0625
353,37063,200,0.0,0.0,0,0.02
354,37087,24,0.892,0.892,1,0.041666666666666664
355,37109,22,0.901,0.901,1,0.045454545454545456
356,37127,18,0.919,0.919,1,0.05555555555555555
357,37151,24,0.892,0.892,1,0.125
358,37178,27,0.8785,0.8785,1,0.037037037037037035
359,37234,56,0.748,0.748,1,0.017857142857142856
360,37321,87,0.6085,0.6085,1,0.034482758620689655
361,37339,18,0.919,0.919,1,0.05555555555555555
362,37362,23,0.8965,0.8965,1,0.043478260869565216
363,37562,200,0.0,0.0,0,0.02
364,37586,24,0.892,0.892,1,0.041666666666666664
365,37638,52,0.766,0.766,1,0.019230769230769232
366,37658,20,0.91,0.91,1,0.05
367,37680,22,0.901,0.901,1,0.045454545454545456
368,37694,14,0.9369999999999999,0.9369999999999999,1,0.07142857142857142
369,37752,58,0.739,0.739,1,0.017241379310344827
370,37768,16,0.9279999999999999,0.9279999999999999,1,0.0625
371,37783,15,0.9325,0.9325,1,0.06666666666666667
372,37799,16,0.9279999999999999,0.9279999999999999,1,0.0625
373,37851,52,0.766,0.766,1,0.019230769230769232
374,38051,200,0.0,0.0,0,0.01
375,38100,49,0.7795,0.7795,1,0.02040816326530612
376,38127,27,0.8785,0.8785,1,0.037037037037037035
377,38155,28,0.874,0.874,1,0.10714285714285714
378,38169,14,0.9369999999999999,0.9369999999999999,1,0.07142857142857142
379,38277,108,0.514,0.514,1,0.018518518518518517
380,38336,59,0.7344999999999999,0.7344999999999999,1,0.03389830508474576
381,38368,32,0.856,0.856,1,0.09375
382,38386,18,0.919,0.919,1,0.16666666666666666
383,38413,27,0.8785,0.8785,1,0.037037037037037035
384,38436,23,0.8965,0.8965,1,0.043478260869565216
385,38464,28,0.874,0.874,1,0.03571428571428571
386,38488,24,0.892,0.892,1,0.125
387,38514,26,0.883,0.883,1,0.038461538461538464
388,38534,20,0.91,0.91,1,0.15
389,38555,21,0.9055,0.9055,1,0.047619047619047616
390,38573,18,0.919,0.919,1,0.16666666666666666
391,38631,58,0.739,0.739,1,0.017241379310344827
392,38657,26,0.883,0.883,1,0.2692307692307692
393,38680,23,0.8965,0.8965,1,0.043478260869565216
394,38718,38,0.829,0.829,1,0.02631578947368421
395,38740,22,0.901,0.901,1,0.045454545454545456
396,38815,75,0.6625,0.6625,1,0.02666666666666667
397,38833,18,0.919,0.919,1,0.05555555555555555
398,38849,16,0.9279999999999999,0.9279999999999999,1,0.0625
399,38901,52,0.766,0.766,1,0.038461538461538464
400,38922,21,0.9055,0.9055,1,0.047619047619047616
401,38946,24,0.892,0.892,1,0.041666666666666664
402,38995,49,0.7795,0.7795,1,0.04081632653061224
403,39039,44,0.802,0.802,1,0.022727272727272728
404,39061,22,0.901,0.901,1,0.045454545454545456
405,39083,22,0.901,0.901,1,0.045454545454545456
406,39244,161,0.27549999999999997,0.27549999999999997,1,0.012422360248447204
407,39331,87,0.6085,0.6085,1,0.011494252873563218
408,39505,174,0.21699999999999997,0.21699999999999997,1,0.011494252873563218
409,39629,124,0.44199999999999995,0.44199999999999995,1,0.016129032258064516
410,39647,18,0.919,0.919,1,0.05555555555555555
411,39693,46,0.7929999999999999,0.7929999999999999,1,0.21739130434782608
412,39893,200,0.0,0.0,0,0.06
413,39910,17,0.9235,0.9235,1,0.058823529411764705
414,39934,24,0.892,0.892,1,0.125
415,40012,78,0.649,0.649,1,0.05128205128205128
416,40071,59,0.7344999999999999,0.7344999999999999,1,0.05084745762711865
417,40085,14,0.9369999999999999,0.9369999999999999,1,0.07142857142857142
418,40103,18,0.919,0.919,1,0.2777777777777778
419,40148,45,0.7975,0.7975,1,0.022222222222222223
420,40211,63,0.7164999999999999,0.7164999999999999,1,0.047619047619047616
421,40234,23,0.8965,0.8965,1,0.13043478260869565
422,40310,76,0.6579999999999999,0.6579999999999999,1,0.013157894736842105
423,40326,16,0.9279999999999999,0.9279999999999999,1,0.0625
424,40373,47,0.7885,0.7885,1,0.06382978723404255
425,40406,33,0.8514999999999999,0.8514999999999999,1,0.09090909090909091
426,40457,51,0.7705,0.7705,1,0.1568627450980392
427,40620,163,0.26650000000000007,0.26650000000000007,1,0.006134969325153374
428,40638,18,0.919,0.919,1,0.05555555555555555
429,40719,81,0.6355,0.6355,1,0.04938271604938271
430,40750,31,0.8605,0.8605,1,0.03225806451612903
431,40764,14,0.9369999999999999,0.9369999999999999,1,0.07142857142857142
432,40786,22,0.901,0.901,1,0.045454545454545456
433,40814,28,0.874,0.874,1,0.10714285714285714
434,40845,31,0.8605,0.8605,1,0.03225806451612903
435,40865,20,0.91,0.91,1,0.05
436,40936,71,0.6805,0.6805,1,0.014084507042253521
437,40950,14,0.9369999999999999,0.9369999999999999,1,0.07142857142857142
438,40968,18,0.919,0.919,1,0.05555555555555555
439,40991,23,0.8965,0.8965,1,0.043478260869565216
440,41039,48,0.784,0.784,1,0.14583333333333334
441,41152,113,0.49150000000000005,0.49150000000000005,1,0.008849557522123894
442,41288,136,0.3879999999999999,0.3879999999999999,1,0.007352941176470588
443,41317,29,0.8694999999999999,0.8694999999999999,1,0.034482758620689655
444,41374,57,0.7435,0.7435,1,0.017543859649122806
445,41420,46,0.7929999999999999,0.7929999999999999,1,0.021739130434782608
446,41462,42,0.8109999999999999,0.8109999999999999,1,0.07142857142857142
447,41478,16,0.9279999999999999,0.9279999999999999,1,0.0625
448,41678,200,0.0,0.0,0,0.005
449,41714,36,0.838,0.838,1,0.027777777777777776
450,41830,116,0.478,0.478,1,0.02586206896551724
451,41860,30,0.865,0.865,1,0.23333333333333334
452,41959,99,0.5545,0.5545,1,0.010101010101010102
453,41979,20,0.91,0.91,1,0.05
454,42046,67,0.6984999999999999,0.6984999999999999,1,0.04477611940298507
455,42069,23,0.8965,0.8965,1,0.043478260869565216
456,42138,69,0.6895,0.6895,1,0.014492753623188406
457,42178,40,0.82,0.82,1,0.075
458,42285,107,0.5185,0.5185,1,0.009345794392523364
459,42343,58,0.739,0.739,1,0.017241379310344827
460,42380,37,0.8335,0.8335,1,0.02702702702702703
461,42449,69,0.6895,0.6895,1,0.10144927536231885
462,42503,54,0.757,0.757,1,0.018518518518518517
463,42599,96,0.5680000000000001,0.5680000000000001,1,0.010416666666666666
464,42708,109,0.5095,0.5095,1,0.009174311926605505
465,42722,14,0.9369999999999999,0.9369999999999999,1,0.07142857142857142
466,42756,34,0.847,0.847,1,0.029411764705882353
467,42807,51,0.7705,0.7705,1,0.058823529411764705
468,42825,18,0.919,0.919,1,0.05555555555555555
469,42851,26,0.883,0.883,1,0.11538461538461539
470,42924,73,0.6715,0.6715,1,0.0136986301369863
471,42949,25,0.8875,0.8875,1,0.04
472,43016,67,0.6984999999999999,0.6984999999999999,1,0.014925373134328358
473,43038,22,0.901,0.901,1,0.045454545454545456
474,43072,34,0.847,0.847,1,0.08823529411764706
475,43089,17,0.9235,0.9235,1,0.17647058823529413
476,43111,22,0.901,0.901,1,0.045454545454545456
477,43129,18,0.919,0.919,1,0.05555555555555555
478,43145,16,0.9279999999999999,0.9279999999999999,1,0.0625
479,43168,23,0.8965,0.8965,1,0.043478260869565216
480,43190,22,0.901,0.901,1,0.045454545454545456
481,43224,34,0.847,0.847,1,0.08823529411764706
482,43298,74,0.667,0.667,1,0.013513513513513514
483,43322,24,0.892,0.892,1,0.041666666666666664
484,43355,33,0.8514999999999999,0.8514999999999999,1,0.030303030303030304
485,43375,20,0.91,0.91,1,0.05
486,43401,26,0.883,0.883,1,0.11538461538461539
487,43417,16,0.9279999999999999,0.9279999999999999,1,0.0625
488,43482,65,0.7075,0.7075,1,0.015384615384615385
489,43499,17,0.9235,0.9235,1,0.058823529411764705
490,43520,21,0.9055,0.9055,1,0.047619047619047616
491,43627,107,0.5185,0.5185,1,0.009345794392523364
492,43657,30,0.865,0.865,1,0.03333333333333333
493,43686,29,0.8694999999999999,0.8694999999999999,1,0.034482758620689655
494,43708,22,0.901,0.901,1,0.045454545454545456
495,43728,20,0.91,0.91,1,0.15
496,43757,29,0.8694999999999999,0.8694999999999999,1,0.034482758620689655
497,43784,27,0.8785,0.8785,1,0.18518518518518517
498,43836,52,0.766,0.766,1,0.019230769230769232
499,43869,33,0.8514999999999999,0.8514999999999999,1,0.030303030303030304
500,43887,18,0.919,0.919,1,0.05555555555555555
501,43905,18,0.919,0.919,1,0.05555555555555555
502,43921,16,0.9279999999999999,0.9279999999999999,1,0.0625
503,43935,14,0.9369999999999999,0.9369999999999999,1,0.07142857142857142
504,43951,16,0.9279999999999999,0.9279999999999999,1,0.0625
505,43969,18,0.919,0.919,1,0.05555555555555555
506,44007,38,0.829,0.829,1,0.02631578947368421
507,44023,16,0.9279999999999999,0.9279999999999999,1,0.0625
508,44039,16,0.9279999999999999,0.9279999999999999,1,0.0625
509,44059,20,0.91,0.91,1,0.25
510,44079,20,0.91,0.91,1,0.15
511,44095,16,0.9279999999999999,0.9279999999999999,1,0.0625
512,44111,16,0.9279999999999999,0.9279999999999999,1,0.0625
513,44125,14,0.9369999999999999,0.9369999999999999,1,0.07142857142857142
514,44141,16,0.9279999999999999,0.9279999999999999,1,0.0625
515,44157,16,0.9279999999999999,0.9279999999999999,1,0.0625
516,44186,29,0.8694999999999999,0.8694999999999999,1,0.034482758620689655
517,44204,18,0.919,0.919,1,0.05555555555555555
518,44226,22,0.901,0.901,1,0.045454545454545456
519,44249,23,0.8965,0.8965,1,0.043478260869565216
520,44267,18,0.919,0.919,1,0.05555555555555555
521,44287,20,0.91,0.91,1,0.05
522,44343,56,0.748,0.748,1,0.017857142857142856
523,44363,20,0.91,0.91,1,0.05
524,44381,18,0.919,0.919,1,0.05555555555555555
525,44397,16,0.9279999999999999,0.9279999999999999,1,0.0625
526,44434,37,0.8335,0.8335,1,0.02702702702702703
527,44450,16,0.9279999999999999,0.9279999999999999,1,0.1875
528,44466,16,0.9279999999999999,0.9279999999999999,1,0.1875
529,44492,26,0.883,0.883,1,0.19230769230769232
530,44508,16,0.9279999999999999,0.9279999999999999,1,0.0625
531,44555,47,0.7885,0.7885,1,0.02127659574468085
532,44575,20,0.91,0.91,1,0.05
533,44601,26,0.883,0.883,1,0.038461538461538464
534,44627,26,0.883,0.883,1,0.4230769230769231
535,44644,17,0.9235,0.9235,1,0.058823529411764705
536,44660,16,0.9279999999999999,0.9279999999999999,1,0.0625
537,44674,14,0.9369999999999999,0.9369999999999999,1,0.07142857142857142
538,44694,20,0.91,0.91,1,0.05
539,44714,20,0.91,0.91,1,0.05
540,44734,20,0.91,0.91,1,0.05
541,44748,14,0.9369999999999999,0.9369999999999999,1,0.07142857142857142
542,44778,30,0.865,0.865,1,0.03333333333333333
543,44796,18,0.919,0.919,1,0.05555555555555555
544,44831,35,0.8425,0.8425,1,0.02857142857142857
545,44847,16,0.9279999999999999,0.9279999999999999,1,0.0625
546,44906,59,0.7344999999999999,0.7344999999999999,1,0.01694915254237288
547,44922,16,0.9279999999999999,0.9279999999999999,1,0.1875
548,44938,16,0.9279999999999999,0.9279999999999999,1,0.1875
549,44952,14,0.9369999999999999,0.9369999999999999,1,0.07142857142857142
550,44994,42,0.8109999999999999,0.8109999999999999,1,0.023809523809523808
551,45020,26,0.883,0.883,1,0.038461538461538464
552,45044,24,0.892,0.892,1,0.041666666666666664
553,45065,21,0.9055,0.9055,1,0.047619047619047616
554,45095,30,0.865,0.865,1,0.1
555,45209,114,0.487,0.487,1,0.008771929824561403
556,45283,74,0.667,0.667,1,0.013513513513513514
557,45363,80,0.6399999999999999,0.6399999999999999,1,0.0125
558,45455,92,0.586,0.586,1,0.03260869565217391
559,45655,200,0.0,0.0,0,0.005
560,45675,20,0.91,0.91,1,0.05
561,45704,29,0.8694999999999999,0.8694999999999999,1,0.034482758620689655
562,45750,46,0.7929999999999999,0.7929999999999999,1,0.021739130434782608
563,45813,63,0.7164999999999999,0.7164999999999999,1,0.015873015873015872
564,45838,25,0.8875,0.8875,1,0.04
565,45871,33,0.8514999999999999,0.8514999999999999,1,0.030303030303030304
566,45904,33,0.8514999999999999,0.8514999999999999,1,0.030303030303030304
567,45993,89,0.5994999999999999,0.5994999999999999,1,0.011235955056179775
568,46026,33,0.8514999999999999,0.8514999999999999,1,0.030303030303030304
569,46044,18,0.919,0.919,1,0.05555555555555555
570,46060,16,0.9279999999999999,0.9279999999999999,1,0.1875
571,46082,22,0.901,0.901,1,0.045454545454545456
572,46168,86,0.613,0.613,1,0.313953488372093
573,46186,18,0.919,0.919,1,0.05555555555555555
574,46210,24,0.892,0.892,1,0.041666666666666664
575,46288,78,0.649,0.649,1,0.11538461538461539
576,46349,61,0.7255,0.7255,1,0.04918032786885246
577,46373,24,0.892,0.892,1,0.041666666666666664
578,46387,14,0.9369999999999999,0.9369999999999999,1,0.07142857142857142
579,46411,24,0.892,0.892,1,0.375
580,46463,52,0.766,0.766,1,0.057692307692307696
581,46479,16,0.9279999999999999,0.9279999999999999,1,0.0625
582,46509,30,0.865,0.865,1,0.23333333333333334
583,46587,78,0.649,0.649,1,0.01282051282051282
584,46625,38,0.829,0.829,1,0.07894736842105263
585,46659,34,0.847,0.847,1,0.029411764705882353
586,46695,36,0.838,0.838,1,0.08333333333333333
587,46709,14,0.9369999999999999,0.9369999999999999,1,0.07142857142857142
588,46765,56,0.748,0.748,1,0.017857142857142856
589,46791,26,0.883,0.883,1,0.038461538461538464
590,46831,40,0.82,0.82,1,0.675
591,46863,32,0.856,0.856,1,0.03125
592,46889,26,0.883,0.883,1,0.038461538461538464
593,46951,62,0.721,0.721,1,0.016129032258064516
594,46965,14,0.9369999999999999,0.9369999999999999,1,0.07142857142857142
595,47004,39,0.8245,0.8245,1,0.02564102564102564
596,47025,21,0.9055,0.9055,1,0.047619047619047616
597,47044,19,0.9145,0.9145,1,0.05263157894736842
598,47060,16,0.9279999999999999,0.9279999999999999,1,0.1875
599,47076,16,0.9279999999999999,0.9279999999999999,1,0.0625
600,47094,18,0.919,0.919,1,0.16666666666666666
601,47110,16,0.9279999999999999,0.9279999999999999,1,0.0625
602,47128,18,0.919,0.919,1,0.05555555555555555
603,47146,18,0.919,0.919,1,0.05555555555555555
604,47164,18,0.919,0.919,1,0.16666666666666666
605,47178,14,0.9369999999999999,0.9369999999999999,1,0.07142857142857142
606,47192,14,0.9369999999999999,0.9369999999999999,1,0.07142857142857142
607,47208,16,0.9279999999999999,0.9279999999999999,1,0.0625
608,47224,16,0.9279999999999999,0.9279999999999999,1,0.0625
609,47240,16,0.9279999999999999,0.9279999999999999,1,0.0625
610,47256,16,0.9279999999999999,0.9279999999999999,1,0.1875
611,47272,16,0.9279999999999999,0.9279999999999999,1,0.0625
612,47296,24,0.892,0.892,1,0.16666666666666666
613,47419,123,0.4465,0.4465,1,0.008130081300813009
614,47433,14,0.9369999999999999,0.9369999999999999,1,0.07142857142857142
615,47453,20,0.91,0.91,1,0.05
616,47513,60,0.73,0.73,1,0.08333333333333333
617,47531,18,0.919,0.919,1,0.16666666666666666
618,47548,17,0.9235,0.9235,1,0.058823529411764705
619,47564,16,0.9279999999999999,0.9279999999999999,1,0.0625
620,47578,14,0.9369999999999999,0.9369999999999999,1,0.07142857142857142
621,47598,20,0.91,0.91,1,0.35
622,47692,94,0.577,0.577,1,0.010638297872340425
623,47862,170,0.235,0.235,1,0.0058823529411764705
624,47876,14,0.9369999999999999,0.9369999999999999,1,0.07142857142857142
625,47892,16,0.9279999999999999,0.9279999999999999,1,0.0625
626,47906,14,0.9369999999999999,0.9369999999999999,1,0.07142857142857142
627,47924,18,0.919,0.919,1,0.05555555555555555
628,47942,18,0.919,0.919,1,0.05555555555555555
629,47958,16,0.9279999999999999,0.9279999999999999,1,0.0625
630,47978,20,0.91,0.91,1,0.05
631,48026,48,0.784,0.784,1,0.0625
632,48049,23,0.8965,0.8965,1,0.043478260869565216
633,48147,98,0.5589999999999999,0.5589999999999999,1,0.01020408163265306
634,48177,30,0.865,0.865,1,0.03333333333333333
635,48299,122,0.45099999999999996,0.45099999999999996,1,0.00819672131147541
636,48334,35,0.8425,0.8425,1,0.02857142857142857
637,48534,200,0.0,0.0,0,0.005
638,48553,19,0.9145,0.9145,1,0.05263157894736842
639,48622,69,0.6895,0.6895,1,0.014492753623188406
640,48715,93,0.5814999999999999,0.5814999999999999,1,0.010752688172043012
641,48822,107,0.5185,0.5185,1,0.009345794392523364
642,49007,185,0.16749999999999998,0.16749999999999998,1,0.005405405405405406
643,49024,17,0.9235,0.9235,1,0.058823529411764705
644,49038,14,0.9369999999999999,0.9369999999999999,1,0.07142857142857142
645,49052,14,0.9369999999999999,0.9369999999999999,1,0.07142857142857142
646,49068,16,0.9279999999999999,0.9279999999999999,1,0.0625
647,49084,16,0.9279999999999999,0.9279999999999999,1,0.1875
648,49100,16,0.9279999999999999,0.9279999999999999,1,0.0625
649,49115,15,0.9325,0.9325,1,0.06666666666666667
650,49133,18,0.919,0.919,1,0.16666666666666666
651,49148,15,0.9325,0.9325,1,0.06666666666666667
652,49177,29,0.8694999999999999,0.8694999999999999,1,0.10344827586206896
653,49211,34,0.847,0.847,1,0.029411764705882353
654,49225,14,0.9369999999999999,0.9369999999999999,1,0.07142857142857142
655,49243,18,0.919,0.919,1,0.05555555555555555
656,49257,14,0.9369999999999999,0.9369999999999999,1,0.07142857142857142
657,49285,28,0.874,0.874,1,0.03571428571428571
658,49301,16,0.9279999999999999,0.9279999999999999,1,0.1875
659,49315,14,0.9369999999999999,0.9369999999999999,1,0.07142857142857142
660,49337,22,0.901,0.901,1,0.045454545454545456
661,49353,16,0.9279999999999999,0.9279999999999999,1,0.0625
662,49367,14,0.9369999999999999,0.9369999999999999,1,0.07142857142857142
663,49381,14,0.9369999999999999,0.9369999999999999,1,0.07142857142857142
664,49417,36,0.838,0.838,1,0.027777777777777776
665,49435,18,0.919,0.919,1,0.05555555555555555
666,49449,14,0.9369999999999999,0.9369999999999999,1,0.07142857142857142
667,49467,18,0.919,0.919,1,0.05555555555555555
668,49481,14,0.9369999999999999,0.9369999999999999,1,0.07142857142857142
669,49497,16,0.9279999999999999,0.9279999999999999,1,0.0625
670,49511,14,0.9369999999999999,0.9369999999999999,1,0.07142857142857142
671,49527,16,0.9279999999999999,0.9279999999999999,1,0.0625
672,49541,14,0.9369999999999999,0.9369999999999999,1,0.07142857142857142
673,49555,14,0.9369999999999999,0.9369999999999999,1,0.07142857142857142
674,49569,14,0.9369999999999999,0.9369999999999999,1,0.07142857142857142
675,49625,56,0.748,0.748,1,0.017857142857142856
676,49649,24,0.892,0.892,1,0.041666666666666664
677,49665,16,0.9279999999999999,0.9279999999999999,1,0.0625
678,49689,24,0.892,0.892,1,0.20833333333333334
679,49713,24,0.892,0.892,1,0.041666666666666664
680,49727,14,0.9369999999999999,0.9369999999999999,1,0.07142857142857142
681,49741,14,0.9369999999999999,0.9369999999999999,1,0.07142857142857142
682,49757,16,0.9279999999999999,0.9279999999999999,1,0.0625
683,49797,40,0.82,0.82,1,0.025
684,49839,42,0.8109999999999999,0.8109999999999999,1,0.023809523809523808
685,49855,16,0.9279999999999999,0.9279999999999999,1,0.0625
686,49871,16,0.9279999999999999,0.9279999999999999,1,0.0625
687,49887,16,0.9279999999999999,0.9279999999999999,1,0.0625
688,49901,14,0.9369999999999999,0.9369999999999999,1,0.07142857142857142
689,49917,16,0.9279999999999999,0.9279999999999999,1,0.0625
690,49959,42,0.8109999999999999,0.8109999999999999,1,0.023809523809523808
691,49974,15,0.9325,0.9325,1,0.06666666666666667
692,49988,14,0.9369999999999999,0.9369999999999999,1,0.07142857142857142
693,50002,14,0.9369999999999999,0.9369999999999999,1,0.07142857142857142
694,50016,14,0.9369999999999999,0.9369999999999999,1,0.07142857142857142
695,50030,14,0.9369999999999999,0.9369999999999999,1,0.07142857142857142
696,50046,16,0.9279999999999999,0.9279999999999999,1,0.0625
697,50060,14,0.9369999999999999,0.9369999999999999,1,0.07142857142857142
698,50082,22,0.901,0.901,1,0.045454545454545456
699,50209,127,0.4285,0.4285,1,0.007874015748031496
700,50223,14,0.9369999999999999,0.9369999999999999,1,0.07142857142857142
701,50360,137,0.38349999999999995,0.38349999999999995,1,0.0072992700729927005
702,50391,31,0.8605,0.8605,1,0.03225806451612903
703,50591,200,0.0,0.0,0,0.005
704,50679,88,0.604,0.604,1,0.011363636363636364
705,50779,100,0.55,0.55,1,0.01
706,50910,131,0.4105,0.4105,1,0.007633587786259542
707,50991,81,0.6355,0.6355,1,0.012345679012345678
708,51018,27,0.8785,0.8785,1,0.1111111111111111
709,51032,14,0.9369999999999999,0.9369999999999999,1,0.07142857142857142
710,51046,14,0.9369999999999999,0.9369999999999999,1,0.07142857142857142
711,51060,14,0.9369999999999999,0.9369999999999999,1,0.07142857142857142
712,51074,14,0.9369999999999999,0.9369999999999999,1,0.07142857142857142
713,51094,20,0.91,0.91,1,0.05
714,51108,14,0.9369999999999999,0.9369999999999999,1,0.07142857142857142
715,51122,14,0.9369999999999999,0.9369999999999999,1,0.07142857142857142
716,51140,18,0.919,0.919,1,0.05555555555555555
717,51168,28,0.874,0.874,1,0.03571428571428571
718,51184,16,0.9279999999999999,0.9279999999999999,1,0.0625
719,51204,20,0.91,0.91,1,0.05
720,51220,16,0.9279999999999999,0.9279999999999999,1,0.0625
721,51236,16,0.9279999999999999,0.9279999999999999,1,0.0625
722,51252,16,0.9279999999999999,0.9279999999999999,1,0.0625
723,51266,14,0.9369999999999999,0.9369999999999999,1,0.07142857142857142
724,51284,18,0.919,0.919,1,0.05555555555555555
725,51302,18,0.919,0.919,1,0.05555555555555555
726,51320,18,0.919,0.919,1,0.05555555555555555
727,51336,16,0.9279999999999999,0.9279999999999999,1,0.0625
728,51352,16,0.9279999999999999,0.9279999999999999,1,0.0625
729,51370,18,0.919,0.919,1,0.16666666666666666
730,51387,17,0.9235,0.9235,1,0.058823529411764705
731,51407,20,0.91,0.91,1,0.15
732,51467,60,0.73,0.73,1,0.016666666666666666
733,51487,20,0.91,0.91,1,0.05
734,51507,20,0.91,0.91,1,0.05
735,51523,16,0.9279999999999999,0.9279999999999999,1,0.0625
736,51541,18,0.919,0.919,1,0.05555555555555555
737,51602,61,0.7255,0.7255,1,0.01639344262295082
738,51620,18,0.919,0.919,1,0.05555555555555555
739,51638,18,0.919,0.919,1,0.05555555555555555
740,51654,16,0.9279999999999999,0.9279999999999999,1,0.0625
741,51672,18,0.919,0.919,1,0.05555555555555555
742,51688,16,0.9279999999999999,0.9279999999999999,1,0.0625
743,51704,16,0.9279999999999999,0.9279999999999999,1,0.0625
744,51730,26,0.883,0.883,1,0.11538461538461539
745,51746,16,0.9279999999999999,0.9279999999999999,1,0.0625
746,51762,16,0.9279999999999999,0.9279999999999999,1,0.0625
747,51778,16,0.9279999999999999,0.9279999999999999,1,0.0625
748,51796,18,0.919,0.919,1,0.05555555555555555
749,51814,18,0.919,0.919,1,0.05555555555555555
750,51832,18,0.919,0.919,1,0.05555555555555555
751,51848,16,0.9279999999999999,0.9279999999999999,1,0.0625
752,51864,16,0.9279999999999999,0.9279999999999999,1,0.0625
753,51880,16,0.9279999999999999,0.9279999999999999,1,0.0625
754,51900,20,0.91,0.91,1,0.05
755,51918,18,0.919,0.919,1,0.05555555555555555
756,51944,26,0.883,0.883,1,0.038461538461538464
757,51962,18,0.919,0.919,1,0.05555555555555555
758,51980,18,0.919,0.919,1,0.05555555555555555
759,51996,16,0.9279999999999999,0.9279999999999999,1,0.1875
760,52012,16,0.9279999999999999,0.9279999999999999,1,0.0625
761,52026,14,0.9369999999999999,0.9369999999999999,1,0.07142857142857142
762,52048,22,0.901,0.901,1,0.045454545454545456
763,52149,101,0.5455,0.5455,1,0.009900990099009901
764,52165,16,0.9279999999999999,0.9279999999999999,1,0.0625
765,52181,16,0.9279999999999999,0.9279999999999999,1,0.0625
766,52198,17,0.9235,0.9235,1,0.058823529411764705
767,52214,16,0.9279999999999999,0.9279999999999999,1,0.0625
768,52232,18,0.919,0.919,1,0.05555555555555555
769,52248,16,0.9279999999999999,0.9279999999999999,1,0.0625
770,52264,16,0.9279999999999999,0.9279999999999999,1,0.0625
771,52280,16,0.9279999999999999,0.9279999999999999,1,0.0625
772,52296,16,0.9279999999999999,0.9279999999999999,1,0.0625
773,52312,16,0.9279999999999999,0.9279999999999999,1,0.0625
774,52344,32,0.856,0.856,1,0.03125
775,52400,56,0.748,0.748,1,0.017857142857142856
776,52450,50,0.775,0.775,1,0.02
777,52464,14,0.9369999999999999,0.9369999999999999,1,0.07142857142857142
778,52482,18,0.919,0.919,1,0.16666666666666666
779,52498,16,0.9279999999999999,0.9279999999999999,1,0.0625
780,52514,16,0.9279999999999999,0.9279999999999999,1,0.0625
781,52534,20,0.91,0.91,1,0.15
782,52550,16,0.9279999999999999,0.9279999999999999,1,0.0625
783,52566,16,0.9279999999999999,0.9279999999999999,1,0.0625
784,52648,82,0.631,0.631,1,0.012195121951219513
785,52848,200,0.0,0.0,0,0.005
786,53048,200,0.0,0.0,0,0.005
787,53174,126,0.43299999999999994,0.43299999999999994,1,0.023809523809523808
788,53374,200,0.0,0.0,0,0.005
789,53398,24,0.892,0.892,1,0.041666666666666664
790,53598,200,0.0,0.0,0,0.105
791,53699,101,0.5455,0.5455,1,0.039603960396039604
792,53899,200,0.0,0.0,0,0.025
793,54060,161,0.27549999999999997,0.27549999999999997,1,0.031055900621118012
794,54123,63,0.7164999999999999,0.7164999999999999,1,0.031746031746031744
795,54143,20,0.91,0.91,1,0.35
796,54157,14,0.9369999999999999,0.9369999999999999,1,0.07142857142857142
797,54197,40,0.82,0.82,1,0.675
798,54348,151,0.3205,0.3205,1,0.39072847682119205
799,54469,121,0.4555,0.4555,1,0.371900826446281
800,54493,24,0.892,0.892,1,0.4583333333333333
801,54507,14,0.9369999999999999,0.9369999999999999,1,0.07142857142857142
802,54521,14,0.9369999999999999,0.9369999999999999,1,0.07142857142857142
803,54535,14,0.9369999999999999,0.9369999999999999,1,0.07142857142857142
804,54555,20,0.91,0.91,1,0.35
805,54579,24,0.892,0.892,1,0.4583333333333333
806,54655,76,0.6579999999999999,0.6579999999999999,1,0.40789473684210525
807,54669,14,0.9369999999999999,0.9369999999999999,1,0.07142857142857142
808,54729,60,0.73,0.73,1,0.016666666666666666
809,54747,18,0.919,0.919,1,0.2777777777777778
810,54767,20,0.91,0.91,1,0.25
811,54785,18,0.919,0.919,1,0.16666666666666666
812,54801,16,0.9279999999999999,0.9279999999999999,1,0.1875
813,54875,74,0.667,0.667,1,0.22972972972972974
814,54927,52,0.766,0.766,1,0.5192307692307693
815,54947,20,0.91,0.91,1,0.25
816,54975,28,0.874,0.874,1,0.5357142857142857
817,54993,18,0.919,0.919,1,0.16666666666666666
818,55017,24,0.892,0.892,1,0.4583333333333333
819,55031,14,0.9369999999999999,0.9369999999999999,1,0.07142857142857142
820,55071,40,0.82,0.82,1,0.025
821,55121,50,0.775,0.775,1,0.02
822,55135,14,0.9369999999999999,0.9369999999999999,1,0.07142857142857142
823,55151,16,0.9279999999999999,0.9279999999999999,1,0.0625
824,55167,16,0.9279999999999999,0.9279999999999999,1,0.1875
825,55181,14,0.9369999999999999,0.9369999999999999,1,0.07142857142857142
826,55195,14,0.9369999999999999,0.9369999999999999,1,0.07142857142857142
827,55209,14,0.9369999999999999,0.9369999999999999,1,0.07142857142857142
828,55225,16,0.9279999999999999,0.9279999999999999,1,0.0625
829,55243,18,0.919,0.919,1,0.05555555555555555
830,55309,66,0.703,0.703,1,0.5
831,55323,14,0.9369999999999999,0.9369999999999999,1,0.07142857142857142
832,55389,66,0.703,0.703,1,0.7727272727272727
833,55405,16,0.9279999999999999,0.9279999999999999,1,0.1875
834,55445,40,0.82,0.82,1,0.675
835,55459,14,0.9369999999999999,0.9369999999999999,1,0.07142857142857142
836,55473,14,0.9369999999999999,0.9369999999999999,1,0.07142857142857142
837,55487,14,0.9369999999999999,0.9369999999999999,1,0.07142857142857142
838,55543,56,0.748,0.748,1,0.7678571428571429
839,55595,52,0.766,0.766,1,0.75
840,55629,34,0.847,0.847,1,0.6176470588235294
841,55646,17,0.9235,0.9235,1,0.058823529411764705
842,55661,15,0.9325,0.9325,1,0.06666666666666667
843,55747,86,0.613,0.613,1,0.2558139534883721
844,55763,16,0.9279999999999999,0.9279999999999999,1,0.1875
845,55779,16,0.9279999999999999,0.9279999999999999,1,0.1875
846,55809,30,0.865,0.865,1,0.36666666666666664
847,55839,30,0.865,0.865,1,0.5666666666666667
848,55853,14,0.9369999999999999,0.9369999999999999,1,0.07142857142857142
849,55867,14,0.9369999999999999,0.9369999999999999,1,0.07142857142857142
850,55887,20,0.91,0.91,1,0.35
851,55923,36,0.838,0.838,1,0.5277777777777778
852,55965,42,0.8109999999999999,0.8109999999999999,1,0.6428571428571429
853,55981,16,0.9279999999999999,0.9279999999999999,1,0.0625
854,55995,14,0.9369999999999999,0.9369999999999999,1,0.07142857142857142
855,56012,17,0.9235,0.9235,1,0.058823529411764705
856,56065,53,0.7615,0.7615,1,0.09433962264150944
857,56265,200,0.0,0.0,0,0.01
858,56279,14,0.9369999999999999,0.9369999999999999,1,0.07142857142857142
859,56293,14,0.9369999999999999,0.9369999999999999,1,0.07142857142857142
860,56309,16,0.9279999999999999,0.9279999999999999,1,0.0625
861,56323,14,0.9369999999999999,0.9369999999999999,1,0.07142857142857142
862,56343,20,0.91,0.91,1,0.05
863,56361,18,0.919,0.919,1,0.05555555555555555
864,56377,16,0.9279999999999999,0.9279999999999999,1,0.0625
865,56490,113,0.49150000000000005,0.49150000000000005,1,0.008849557522123894
866,56506,16,0.9279999999999999,0.9279999999999999,1,0.0625
867,56522,16,0.9279999999999999,0.9279999999999999,1,0.0625
868,56547,25,0.8875,0.8875,1,0.04
869,56621,74,0.667,0.667,1,0.013513513513513514
870,56641,20,0.91,0.91,1,0.05
871,56721,80,0.6399999999999999,0.6399999999999999,1,0.0125
872,56787,66,0.703,0.703,1,0.015151515151515152
873,56812,25,0.8875,0.8875,1,0.04
874,56826,14,0.9369999999999999,0.9369999999999999,1,0.07142857142857142
875,56840,14,0.9369999999999999,0.9369999999999999,1,0.07142857142857142
876,56932,92,0.586,0.586,1,0.010869565217391304
877,56946,14,0.9369999999999999,0.9369999999999999,1,0.07142857142857142
878,56960,14,0.9369999999999999,0.9369999999999999,1,0.07142857142857142
879,56974,14,0.9369999999999999,0.9369999999999999,1,0.07142857142857142
880,57010,36,0.838,0.838,1,0.027777777777777776
881,57024,14,0.9369999999999999,0.9369999999999999,1,0.07142857142857142
882,57040,16,0.9279999999999999,0.9279999999999999,1,0.0625
883,57056,16,0.9279999999999999,0.9279999999999999,1,0.0625
884,57072,16,0.9279999999999999,0.9279999999999999,1,0.0625
885,57088,16,0.9279999999999999,0.9279999999999999,1,0.0625
886,57104,16,0.9279999999999999,0.9279999999999999,1,0.0625
887,57118,14,0.9369999999999999,0.9369999999999999,1,0.07142857142857142
888,57134,16,0.9279999999999999,0.9279999999999999,1,0.0625
889,57148,14,0.9369999999999999,0.9369999999999999,1,0.07142857142857142
890,57162,14,0.9369999999999999,0.9369999999999999,1,0.07142857142857142
891,57182,20,0.91,0.91,1,0.15
892,57196,14,0.9369999999999999,0.9369999999999999,1,0.07142857142857142
893,57210,14,0.9369999999999999,0.9369999999999999,1,0.07142857142857142
894,57224,14,0.9369999999999999,0.9369999999999999,1,0.07142857142857142
895,57242,18,0.919,0.919,1,0.05555555555555555
896,57256,14,0.9369999999999999,0.9369999999999999,1,0.07142857142857142
897,57270,14,0.9369999999999999,0.9369999999999999,1,0.07142857142857142
898,57285,15,0.9325,0.9325,1,0.06666666666666667
899,57301,16,0.9279999999999999,0.9279999999999999,1,0.0625
900,57319,18,0.919,0.919,1,0.2777777777777778
901,57335,16,0.9279999999999999,0.9279999999999999,1,0.0625
902,57349,14,0.9369999999999999,0.9369999999999999,1,0.07142857142857142
903,57363,14,0.9369999999999999,0.9369999999999999,1,0.07142857142857142
904,57383,20,0.91,0.91,1,0.15
905,57401,18,0.919,0.919,1,0.16666666666666666
906,57417,16,0.9279999999999999,0.9279999999999999,1,0.0625
907,57435,18,0.919,0.919,1,0.05555555555555555
908,57478,43,0.8065,0.8065,1,0.06976744186046512
909,57492,14,0.9369999999999999,0.9369999999999999,1,0.07142857142857142
910,57508,16,0.9279999999999999,0.9279999999999999,1,0.0625
911,57522,14,0.9369999999999999,0.9369999999999999,1,0.07142857142857142
912,57536,14,0.9369999999999999,0.9369999999999999,1,0.07142857142857142
913,57550,14,0.9369999999999999,0.9369999999999999,1,0.07142857142857142
914,57564,14,0.9369999999999999,0.9369999999999999,1,0.07142857142857142
915,57580,16,0.9279999999999999,0.9279999999999999,1,0.0625
916,57596,16,0.9279999999999999,0.9279999999999999,1,0.0625
917,57612,16,0.9279999999999999,0.9279999999999999,1,0.0625
918,57626,14,0.9369999999999999,0.9369999999999999,1,0.07142857142857142
919,57642,16,0.9279999999999999,0.9279999999999999,1,0.0625
920,57698,56,0.748,0.748,1,0.017857142857142856
921,57712,14,0.9369999999999999,0.9369999999999999,1,0.07142857142857142
922,57726,14,0.9369999999999999,0.9369999999999999,1,0.07142857142857142
923,57740,14,0.9369999999999999,0.9369999999999999,1,0.07142857142857142
924,57754,14,0.9369999999999999,0.9369999999999999,1,0.07142857142857142
925,57770,16,0.9279999999999999,0.9279999999999999,1,0.0625
926,57788,18,0.919,0.919,1,0.05555555555555555
927,57802,14,0.9369999999999999,0.9369999999999999,1,0.07142857142857142
928,57816,14,0.9369999999999999,0.9369999999999999,1,0.07142857142857142
929,57832,16,0.9279999999999999,0.9279999999999999,1,0.0625
930,57846,14,0.9369999999999999,0.9369999999999999,1,0.07142857142857142
931,57860,14,0.9369999999999999,0.9369999999999999,1,0.07142857142857142
932,57876,16,0.9279999999999999,0.9279999999999999,1,0.0625
933,57937,61,0.7255,0.7255,1,0.01639344262295082
934,57951,14,0.9369999999999999,0.9369999999999999,1,0.07142857142857142
935,57965,14,0.9369999999999999,0.9369999999999999,1,0.07142857142857142
936,57979,14,0.9369999999999999,0.9369999999999999,1,0.07142857142857142
937,57993,14,0.9369999999999999,0.9369999999999999,1,0.07142857142857142
938,58007,14,0.9369999999999999,0.9369999999999999,1,0.07142857142857142
939,58072,65,0.7075,0.7075,1,0.015384615384615385
940,58088,16,0.9279999999999999,0.9279999999999999,1,0.0625
941,58102,14,0.9369999999999999,0.9369999999999999,1,0.07142857142857142
942,58116,14,0.9369999999999999,0.9369999999999999,1,0.07142857142857142
943,58161,45,0.7975,0.7975,1,0.022222222222222223
944,58177,16,0.9279999999999999,0.9279999999999999,1,0.0625
945,58191,14,0.9369999999999999,0.9369999999999999,1,0.07142857142857142
946,58232,41,0.8155,0.8155,1,0.024390243902439025
947,58254,22,0.901,0.901,1,0.13636363636363635
948,58268,14,0.9369999999999999,0.9369999999999999,1,0.07142857142857142
949,58282,14,0.9369999999999999,0.9369999999999999,1,0.07142857142857142
950,58296,14,0.9369999999999999,0.9369999999999999,1,0.07142857142857142
951,58310,14,0.9369999999999999,0.9369999999999999,1,0.07142857142857142
952,58324,14,0.9369999999999999,0.9369999999999999,1,0.07142857142857142
953,58340,16,0.9279999999999999,0.9279999999999999,1,0.0625
954,58354,14,0.9369999999999999,0.9369999999999999,1,0.07142857142857142
955,58397,43,0.8065,0.8065,1,0.023255813953488372
956,58411,14,0.9369999999999999,0.9369999999999999,1,0.07142857142857142
957,58427,16,0.9279999999999999,0.9279999999999999,1,0.1875
958,58441,14,0.9369999999999999,0.9369999999999999,1,0.07142857142857142
959,58459,18,0.919,0.919,1,0.05555555555555555
960,58473,14,0.9369999999999999,0.9369999999999999,1,0.07142857142857142
961,58558,85,0.6174999999999999,0.6174999999999999,1,0.011764705882352941
962,58572,14,0.9369999999999999,0.9369999999999999,1,0.07142857142857142
963,58586,14,0.9369999999999999,0.9369999999999999,1,0.07142857142857142
964,58717,131,0.4105,0.4105,1,0.007633587786259542
965,58825,108,0.514,0.514,1,0.009259259259259259
966,58839,14,0.9369999999999999,0.9369999999999999,1,0.07142857142857142
967,58855,16,0.9279999999999999,0.9279999999999999,1,0.0625
968,58869,14,0.9369999999999999,0.9369999999999999,1,0.07142857142857142
969,58883,14,0.9369999999999999,0.9369999999999999,1,0.07142857142857142
970,58897,14,0.9369999999999999,0.9369999999999999,1,0.07142857142857142
971,58911,14,0.9369999999999999,0.9369999999999999,1,0.07142857142857142
972,58925,14,0.9369999999999999,0.9369999999999999,1,0.07142857142857142
973,58939,14,0.9369999999999999,0.9369999999999999,1,0.07142857142857142
974,58955,16,0.9279999999999999,0.9279999999999999,1,0.0625
975,58983,28,0.874,0.874,1,0.03571428571428571
976,59003,20,0.91,0.91,1,0.15
977,59017,14,0.9369999999999999,0.9369999999999999,1,0.07142857142857142
978,59049,32,0.856,0.856,1,0.03125
979,59065,16,0.9279999999999999,0.9279999999999999,1,0.1875
980,59079,14,0.9369999999999999,0.9369999999999999,1,0.07142857142857142
981,59099,20,0.91,0.91,1,0.05
982,59113,14,0.9369999999999999,0.9369999999999999,1,0.07142857142857142
983,59129,16,0.9279999999999999,0.9279999999999999,1,0.1875
984,59145,16,0.9279999999999999,0.9279999999999999,1,0.1875
985,59161,16,0.9279999999999999,0.9279999999999999,1,0.0625
986,59177,16,0.9279999999999999,0.9279999999999999,1,0.0625
987,59191,14,0.9369999999999999,0.9369999999999999,1,0.07142857142857142
988,59207,16,0.9279999999999999,0.9279999999999999,1,0.0625
989,59221,14,0.9369999999999999,0.9369999999999999,1,0.07142857142857142
990,59239,18,0.919,0.919,1,0.05555555555555555
991,59269,30,0.865,0.865,1,0.16666666666666666
992,59305,36,0.838,0.838,1,0.027777777777777776
993,59333,28,0.874,0.874,1,0.03571428571428571
994,59439,106,0.5229999999999999,0.5229999999999999,1,0.009433962264150943
995,59453,14,0.9369999999999999,0.9369999999999999,1,0.07142857142857142
996,59469,16,0.9279999999999999,0.9279999999999999,1,0.0625
997,59485,16,0.9279999999999999,0.9279999999999999,1,0.0625
998,59503,18,0.919,0.919,1,0.05555555555555555
999,59525,22,0.901,0.901,1,0.045454545454545456
1000,59539,14,0.9369999999999999,0.9369999999999999,1,0.07142857142857142
1001,59561,22,0.901,0.901,1,0.045454545454545456
1002,59587,26,0.883,0.883,1,0.038461538461538464
1003,59605,18,0.919,0.919,1,0.05555555555555555
1004,59669,64,0.712,0.712,1,0.015625
1005,59729,60,0.73,0.73,1,0.016666666666666666
1006,59745,16,0.9279999999999999,0.9279999999999999,1,0.1875
1007,59759,14,0.9369999999999999,0.9369999999999999,1,0.07142857142857142
1008,59781,22,0.901,0.901,1,0.045454545454545456
1009,59797,16,0.9279999999999999,0.9279999999999999,1,0.0625
1010,59815,18,0.919,0.919,1,0.05555555555555555
1011,59833,18,0.919,0.919,1,0.05555555555555555
1012,59859,26,0.883,0.883,1,0.038461538461538464
1013,59883,24,0.892,0.892,1,0.125
1014,59897,14,0.9369999999999999,0.9369999999999999,1,0.07142857142857142
1015,59919,22,0.901,0.901,1,0.045454545454545456
1016,59945,26,0.883,0.883,1,0.038461538461538464
1017,59961,16,0.9279999999999999,0.9279999999999999,1,0.0625
1018,59975,14,0.9369999999999999,0.9369999999999999,1,0.07142857142857142
1019,60013,38,0.829,0.829,1,0.02631578947368421
1020,60027,14,0.9369999999999999,0.9369999999999999,1,0.07142857142857142
1021,60041,14,0.9369999999999999,0.9369999999999999,1,0.07142857142857142
1022,60095,54,0.757,0.757,1,0.018518518518518517
1023,60109,14,0.9369999999999999,0.9369999999999999,1,0.07142857142857142
1024,60125,16,0.9279999999999999,0.9279999999999999,1,0.0625
1025,60141,16,0.9279999999999999,0.9279999999999999,1,0.0625
1026,60155,14,0.9369999999999999,0.9369999999999999,1,0.07142857142857142
1027,60171,16,0.9279999999999999,0.9279999999999999,1,0.0625
1028,60187,16,0.9279999999999999,0.9279999999999999,1,0.0625
1029,60203,16,0.9279999999999999,0.9279999999999999,1,0.0625
1030,60223,20,0.91,0.91,1,0.05
1031,60239,16,0.9279999999999999,0.9279999999999999,1,0.0625
1032,60253,14,0.9369999999999999,0.9369999999999999,1,0.07142857142857142
1033,60269,16,0.9279999999999999,0.9279999999999999,1,0.0625
1034,60287,18,0.919,0.919,1,0.05555555555555555
1035,60301,14,0.9369999999999999,0.9369999999999999,1,0.07142857142857142
1036,60315,14,0.9369999999999999,0.9369999999999999,1,0.07142857142857142
1037,60329,14,0.9369999999999999,0.9369999999999999,1,0.07142857142857142
1038,60343,14,0.9369999999999999,0.9369999999999999,1,0.07142857142857142
1039,60357,14,0.9369999999999999,0.9369999999999999,1,0.07142857142857142
1040,60373,16,0.9279999999999999,0.9279999999999999,1,0.1875
1041,60387,14,0.9369999999999999,0.9369999999999999,1,0.07142857142857142
1042,60441,54,0.757,0.757,1,0.018518518518518517
1043,60501,60,0.73,0.73,1,0.016666666666666666
1044,60515,14,0.9369999999999999,0.9369999999999999,1,0.07142857142857142
1045,60529,14,0.9369999999999999,0.9369999999999999,1,0.07142857142857142
1046,60543,14,0.9369999999999999,0.9369999999999999,1,0.07142857142857142
1047,60557,14,0.9369999999999999,0.9369999999999999,1,0.07142857142857142
1048,60571,14,0.9369999999999999,0.9369999999999999,1,0.07142857142857142
1049,60589,18,0.919,0.919,1,0.05555555555555555
1050,60603,14,0.9369999999999999,0.9369999999999999,1,0.07142857142857142
1051,60618,15,0.9325,0.9325,1,0.06666666666666667
1052,60634,16,0.9279999999999999,0.9279999999999999,1,0.0625
1053,60648,14,0.9369999999999999,0.9369999999999999,1,0.07142857142857142
1054,60662,14,0.9369999999999999,0.9369999999999999,1,0.07142857142857142
1055,60676,14,0.9369999999999999,0.9369999999999999,1,0.07142857142857142
1056,60690,14,0.9369999999999999,0.9369999999999999,1,0.07142857142857142
1057,60714,24,0.892,0.892,1,0.041666666666666664
1058,60744,30,0.865,0.865,1,0.03333333333333333
1059,60758,14,0.9369999999999999,0.9369999999999999,1,0.07142857142857142
1060,60772,14,0.9369999999999999,0.9369999999999999,1,0.07142857142857142
1061,60787,15,0.9325,0.9325,1,0.06666666666666667
1062,60801,14,0.9369999999999999,0.9369999999999999,1,0.07142857142857142
1063,60847,46,0.7929999999999999,0.7929999999999999,1,0.021739130434782608
1064,60865,18,0.919,0.919,1,0.05555555555555555
1065,60895,30,0.865,0.865,1,0.1
1066,60909,14,0.9369999999999999,0.9369999999999999,1,0.07142857142857142
1067,60925,16,0.9279999999999999,0.9279999999999999,1,0.0625
1068,60941,16,0.9279999999999999,0.9279999999999999,1,0.0625
1069,60955,14,0.9369999999999999,0.9369999999999999,1,0.07142857142857142
1070,60969,14,0.9369999999999999,0.9369999999999999,1,0.07142857142857142
1071,60983,14,0.9369999999999999,0.9369999999999999,1,0.07142857142857142
1072,60999,16,0.9279999999999999,0.9279999999999999,1,0.0625
1073,61013,14,0.9369999999999999,0.9369999999999999,1,0.07142857142857142
1074,61027,14,0.9369999999999999,0.9369999999999999,1,0.07142857142857142
1075,61043,16,0.9279999999999999,0.9279999999999999,1,0.0625
1076,61071,28,0.874,0.874,1,0.03571428571428571
1077,61119,48,0.784,0.784,1,0.020833333333333332
1078,61135,16,0.9279999999999999,0.9279999999999999,1,0.0625
1079,61170,35,0.8425,0.8425,1,0.02857142857142857
1080,61184,14,0.9369999999999999,0.9369999999999999,1,0.07142857142857142
1081,61209,25,0.8875,0.8875,1,0.04
1082,61231,22,0.901,0.901,1,0.045454545454545456
1083,61251,20,0.91,0.91,1,0.05
1084,61284,33,0.8514999999999999,0.8514999999999999,1,0.030303030303030304
1085,61301,17,0.9235,0.9235,1,0.058823529411764705
1086,61315,14,0.9369999999999999,0.9369999999999999,1,0.07142857142857142
1087,61341,26,0.883,0.883,1,0.038461538461538464
1088,61363,22,0.901,0.901,1,0.045454545454545456
1089,61388,25,0.8875,0.8875,1,0.12
1090,61404,16,0.9279999999999999,0.9279999999999999,1,0.1875
1091,61423,19,0.9145,0.9145,1,0.05263157894736842
1092,61438,15,0.9325,0.9325,1,0.06666666666666667
1093,61452,14,0.9369999999999999,0.9369999999999999,1,0.07142857142857142
1094,61472,20,0.91,0.91,1,0.05
1095,61493,21,0.9055,0.9055,1,0.14285714285714285
1096,61507,14,0.9369999999999999,0.9369999999999999,1,0.07142857142857142
1097,61521,14,0.9369999999999999,0.9369999999999999,1,0.07142857142857142
1098,61537,16,0.9279999999999999,0.9279999999999999,1,0.0625
1099,61562,25,0.8875,0.8875,1,0.04
1100,61579,17,0.9235,0.9235,1,0.058823529411764705
1101,61598,19,0.9145,0.9145,1,0.05263157894736842
1102,61617,19,0.9145,0.9145,1,0.05263157894736842
1103,61640,23,0.8965,0.8965,1,0.13043478260869565
1104,61654,14,0.9369999999999999,0.9369999999999999,1,0.07142857142857142
1105,61684,30,0.865,0.865,1,0.03333333333333333
1106,61704,20,0.91,0.91,1,0.05
1107,61726,22,0.901,0.901,1,0.045454545454545456
1108,61755,29,0.8694999999999999,0.8694999999999999,1,0.034482758620689655
1109,61775,20,0.91,0.91,1,0.05
1110,61791,16,0.9279999999999999,0.9279999999999999,1,0.0625
1111,61813,22,0.901,0.901,1,0.045454545454545456
1112,61834,21,0.9055,0.9055,1,0.047619047619047616
1113,61850,16,0.9279999999999999,0.9279999999999999,1,0.1875
1114,61864,14,0.9369999999999999,0.9369999999999999,1,0.07142857142857142
1115,61902,38,0.829,0.829,1,0.02631578947368421
1116,61916,14,0.9369999999999999,0.9369999999999999,1,0.07142857142857142
1117,61941,25,0.8875,0.8875,1,0.04
1118,61957,16,0.9279999999999999,0.9279999999999999,1,0.0625
1119,61981,24,0.892,0.892,1,0.041666666666666664
1120,62000,19,0.9145,0.9145,1,0.05263157894736842
1121,62016,16,0.9279999999999999,0.9279999999999999,1,0.0625
1122,62032,16,0.9279999999999999,0.9279999999999999,1,0.0625
1123,62046,14,0.9369999999999999,0.9369999999999999,1,0.07142857142857142
1124,62066,20,0.91,0.91,1,0.35
1125,62084,18,0.919,0.919,1,0.05555555555555555
1126,62098,14,0.9369999999999999,0.9369999999999999,1,0.07142857142857142
1127,62112,14,0.9369999999999999,0.9369999999999999,1,0.07142857142857142
1128,62130,18,0.919,0.919,1,0.05555555555555555
1129,62144,14,0.9369999999999999,0.9369999999999999,1,0.07142857142857142
1130,62160,16,0.9279999999999999,0.9279999999999999,1,0.0625
1131,62174,14,0.9369999999999999,0.9369999999999999,1,0.07142857142857142
1132,62192,18,0.919,0.919,1,0.16666666666666666
1133,62206,14,0.9369999999999999,0.9369999999999999,1,0.07142857142857142
1134,62220,14,0.9369999999999999,0.9369999999999999,1,0.07142857142857142
1135,62234,14,0.9369999999999999,0.9369999999999999,1,0.07142857142857142
1136,62248,14,0.9369999999999999,0.9369999999999999,1,0.07142857142857142
1137,62262,14,0.9369999999999999,0.9369999999999999,1,0.07142857142857142
1138,62276,14,0.9369999999999999,0.9369999999999999,1,0.07142857142857142
1139,62292,16,0.9279999999999999,0.9279999999999999,1,0.0625
1140,62306,14,0.9369999999999999,0.9369999999999999,1,0.07142857142857142
1141,62322,16,0.9279999999999999,0.9279999999999999,1,0.0625
1142,62336,14,0.9369999999999999,0.9369999999999999,1,0.07142857142857142
1143,62353,17,0.9235,0.9235,1,0.058823529411764705
1144,62367,14,0.9369999999999999,0.9369999999999999,1,0.07142857142857142
1145,62381,14,0.9369999999999999,0.9369999999999999,1,0.07142857142857142
1146,62395,14,0.9369999999999999,0.9369999999999999,1,0.07142857142857142
1147,62409,14,0.9369999999999999,0.9369999999999999,1,0.07142857142857142
1148,62425,16,0.9279999999999999,0.9279999999999999,1,0.1875
1149,62439,14,0.9369999999999999,0.9369999999999999,1,0.07142857142857142
1150,62455,16,0.9279999999999999,0.9279999999999999,1,0.0625
1151,62471,16,0.9279999999999999,0.9279999999999999,1,0.0625
1152,62485,14,0.9369999999999999,0.9369999999999999,1,0.07142857142857142
1153,62499,14,0.9369999999999999,0.9369999999999999,1,0.07142857142857142
1154,62513,14,0.9369999999999999,0.9369999999999999,1,0.07142857142857142
1155,62529,16,0.9279999999999999,0.9279999999999999,1,0.0625
1156,62543,14,0.9369999999999999,0.9369999999999999,1,0.07142857142857142
1157,62559,16,0.9279999999999999,0.9279999999999999,1,0.0625
1158,62574,15,0.9325,0.9325,1,0.06666666666666667
1159,62590,16,0.9279999999999999,0.9279999999999999,1,0.0625
1160,62604,14,0.9369999999999999,0.9369999999999999,1,0.07142857142857142
1161,62618,14,0.9369999999999999,0.9369999999999999,1,0.07142857142857142
1162,62645,27,0.8785,0.8785,1,0.037037037037037035
1163,62659,14,0.9369999999999999,0.9369999999999999,1,0.07142857142857142
1164,62673,14,0.9369999999999999,0.9369999999999999,1,0.07142857142857142
1165,62687,14,0.9369999999999999,0.9369999999999999,1,0.07142857142857142
1166,62701,14,0.9369999999999999,0.9369999999999999,1,0.07142857142857142
1167,62715,14,0.9369999999999999,0.9369999999999999,1,0.07142857142857142
1168,62729,14,0.9369999999999999,0.9369999999999999,1,0.07142857142857142
1169,62745,16,0.9279999999999999,0.9279999999999999,1,0.0625
1170,62761,16,0.9279999999999999,0.9279999999999999,1,0.0625
1171,62777,16,0.9279999999999999,0.9279999999999999,1,0.0625
1172,62801,24,0.892,0.892,1,0.041666666666666664
1173,62815,14,0.9369999999999999,0.9369999999999999,1,0.07142857142857142
1174,62829,14,0.9369999999999999,0.9369999999999999,1,0.07142857142857142
1175,62843,14,0.9369999999999999,0.9369999999999999,1,0.07142857142857142
1176,62857,14,0.9369999999999999,0.9369999999999999,1,0.07142857142857142
1177,62871,14,0.9369999999999999,0.9369999999999999,1,0.07142857142857142
1178,62887,16,0.9279999999999999,0.9279999999999999,1,0.0625
1179,62901,14,0.9369999999999999,0.9369999999999999,1,0.07142857142857142
1180,62915,14,0.9369999999999999,0.9369999999999999,1,0.07142857142857142
1181,62929,14,0.9369999999999999,0.9369999999999999,1,0.07142857142857142
1182,62945,16,0.9279999999999999,0.9279999999999999,1,0.0625
1183,62961,16,0.9279999999999999,0.9279999999999999,1,0.1875
1184,62979,18,0.919,0.919,1,0.05555555555555555
1185,62995,16,0.9279999999999999,0.9279999999999999,1,0.0625
1186,63009,14,0.9369999999999999,0.9369999999999999,1,0.07142857142857142
1187,63023,14,0.9369999999999999,0.9369999999999999,1,0.07142857142857142
1188,63037,14,0.9369999999999999,0.9369999999999999,1,0.07142857142857142
1189,63051,14,0.9369999999999999,0.9369999999999999,1,0.07142857142857142
1190,63065,14,0.9369999999999999,0.9369999999999999,1,0.07142857142857142
1191,63081,16,0.9279999999999999,0.9279999999999999,1,0.1875
1192,63095,14,0.9369999999999999,0.9369999999999999,1,0.07142857142857142
1193,63110,15,0.9325,0.9325,1,0.06666666666666667
1194,63124,14,0.9369999999999999,0.9369999999999999,1,0.07142857142857142
1195,63138,14,0.9369999999999999,0.9369999999999999,1,0.07142857142857142
1196,63152,14,0.9369999999999999,0.9369999999999999,1,0.07142857142857142
1197,63166,14,0.9369999999999999,0.9369999999999999,1,0.07142857142857142
1198,63180,14,0.9369999999999999,0.9369999999999999,1,0.07142857142857142
1199,63194,14,0.9369999999999999,0.9369999999999999,1,0.07142857142857142
1200,63212,18,0.919,0.919,1,0.05555555555555555
1201,63226,14,0.9369999999999999,0.9369999999999999,1,0.07142857142857142
1202,63240,14,0.9369999999999999,0.9369999999999999,1,0.07142857142857142
1203,63256,16,0.9279999999999999,0.9279999999999999,1,0.0625
1204,63272,16,0.9279999999999999,0.9279999999999999,1,0.0625
1205,63288,16,0.9279999999999999,0.9279999999999999,1,0.0625
1206,63304,16,0.9279999999999999,0.9279999999999999,1,0.0625
1207,63318,14,0.9369999999999999,0.9369999999999999,1,0.07142857142857142
1208,63334,16,0.9279999999999999,0.9279999999999999,1,0.0625
1209,63350,16,0.9279999999999999,0.9279999999999999,1,0.0625
1210,63364,14,0.9369999999999999,0.9369999999999999,1,0.07142857142857142
1211,63378,14,0.9369999999999999,0.9369999999999999,1,0.07142857142857142
1212,63392,14,0.9369999999999999,0.9369999999999999,1,0.07142857142857142
1213,63420,28,0.874,0.874,1,0.03571428571428571
1214,63438,18,0.919,0.919,1,0.05555555555555555
1215,63456,18,0.919,0.919,1,0.05555555555555555
1216,63500,44,0.802,0.802,1,0.022727272727272728
1217,63590,90,0.595,0.595,1,0.011111111111111112
1218,63604,14,0.9369999999999999,0.9369999999999999,1,0.07142857142857142
1219,63620,16,0.9279999999999999,0.9279999999999999,1,0.0625
1220,63636,16,0.9279999999999999,0.9279999999999999,1,0.0625
1221,63652,16,0.9279999999999999,0.9279999999999999,1,0.1875
1222,63673,21,0.9055,0.9055,1,0.14285714285714285
1223,63687,14,0.9369999999999999,0.9369999999999999,1,0.07142857142857142
1224,63703,16,0.9279999999999999,0.9279999999999999,1,0.0625
1225,63717,14,0.9369999999999999,0.9369999999999999,1,0.07142857142857142
1226,63733,16,0.9279999999999999,0.9279999999999999,1,0.0625
1227,63747,14,0.9369999999999999,0.9369999999999999,1,0.07142857142857142
1228,63776,29,0.8694999999999999,0.8694999999999999,1,0.034482758620689655
1229,63790,14,0.9369999999999999,0.9369999999999999,1,0.07142857142857142
1230,63804,14,0.9369999999999999,0.9369999999999999,1,0.07142857142857142
1231,63820,16,0.9279999999999999,0.9279999999999999,1,0.0625
1232,63834,14,0.9369999999999999,0.9369999999999999,1,0.07142857142857142
1233,63848,14,0.9369999999999999,0.9369999999999999,1,0.07142857142857142
1234,63864,16,0.9279999999999999,0.9279999999999999,1,0.0625
1235,63878,14,0.9369999999999999,0.9369999999999999,1,0.07142857142857142
1236,63894,16,0.9279999999999999,0.9279999999999999,1,0.0625
1237,63908,14,0.9369999999999999,0.9369999999999999,1,0.07142857142857142
1238,63922,14,0.9369999999999999,0.9369999999999999,1,0.07142857142857142
1239,63936,14,0.9369999999999999,0.9369999999999999,1,0.07142857142857142
1240,63968,32,0.856,0.856,1,0.03125
1241,63984,16,0.9279999999999999,0.9279999999999999,1,0.0625
1242,64020,36,0.838,0.838,1,0.027777777777777776
1243,64036,16,0.9279999999999999,0.9279999999999999,1,0.0625
1244,64050,14,0.9369999999999999,0.9369999999999999,1,0.07142857142857142
1245,64064,14,0.9369999999999999,0.9369999999999999,1,0.07142857142857142
1246,64078,14,0.9369999999999999,0.9369999999999999,1,0.07142857142857142
1247,64092,14,0.9369999999999999,0.9369999999999999,1,0.07142857142857142
1248,64108,16,0.9279999999999999,0.9279999999999999,1,0.0625
1249,64122,14,0.9369999999999999,0.9369999999999999,1,0.07142857142857142
1250,64137,15,0.9325,0.9325,1,0.06666666666666667
1251,64151,14,0.9369999999999999,0.9369999999999999,1,0.07142857142857142
1252,64167,16,0.9279999999999999,0.9279999999999999,1,0.0625
1253,64196,29,0.8694999999999999,0.8694999999999999,1,0.034482758620689655
1254,64210,14,0.9369999999999999,0.9369999999999999,1,0.07142857142857142
1255,64224,14,0.9369999999999999,0.9369999999999999,1,0.07142857142857142
1256,64238,14,0.9369999999999999,0.9369999999999999,1,0.07142857142857142
1257,64258,20,0.91,0.91,1,0.05
1258,64274,16,0.9279999999999999,0.9279999999999999,1,0.0625
1259,64288,14,0.9369999999999999,0.9369999999999999,1,0.07142857142857142
1260,64302,14,0.9369999999999999,0.9369999999999999,1,0.07142857142857142
1261,64318,16,0.9279999999999999,0.9279999999999999,1,0.0625
1262,64332,14,0.9369999999999999,0.9369999999999999,1,0.07142857142857142
1263,64346,14,0.9369999999999999,0.9369999999999999,1,0.07142857142857142
1264,64360,14,0.9369999999999999,0.9369999999999999,1,0.07142857142857142
1265,64374,14,0.9369999999999999,0.9369999999999999,1,0.07142857142857142
1266,64388,14,0.9369999999999999,0.9369999999999999,1,0.07142857142857142
1267,64402,14,0.9369999999999999,0.9369999999999999,1,0.07142857142857142
1268,64416,14,0.9369999999999999,0.9369999999999999,1,0.07142857142857142
1269,64430,14,0.9369999999999999,0.9369999999999999,1,0.07142857142857142
1270,64458,28,0.874,0.874,1,0.03571428571428571
1271,64472,14,0.9369999999999999,0.9369999999999999,1,0.07142857142857142
1272,64486,14,0.9369999999999999,0.9369999999999999,1,0.07142857142857142
1273,64500,14,0.9369999999999999,0.9369999999999999,1,0.07142857142857142
1274,64520,20,0.91,0.91,1,0.05
1275,64534,14,0.9369999999999999,0.9369999999999999,1,0.07142857142857142
1276,64548,14,0.9369999999999999,0.9369999999999999,1,0.07142857142857142
1277,64564,16,0.9279999999999999,0.9279999999999999,1,0.0625
1278,64582,18,0.919,0.919,1,0.05555555555555555
1279,64596,14,0.9369999999999999,0.9369999999999999,1,0.07142857142857142
1280,64612,16,0.9279999999999999,0.9279999999999999,1,0.0625
1281,64626,14,0.9369999999999999,0.9369999999999999,1,0.07142857142857142
1282,64640,14,0.9369999999999999,0.9369999999999999,1,0.07142857142857142
1283,64654,14,0.9369999999999999,0.9369999999999999,1,0.07142857142857142
1284,64670,16,0.9279999999999999,0.9279999999999999,1,0.0625
1285,64697,27,0.8785,0.8785,1,0.037037037037037035
1286,64711,14,0.9369999999999999,0.9369999999999999,1,0.07142857142857142
1287,64727,16,0.9279999999999999,0.9279999999999999,1,0.0625
1288,64741,14,0.9369999999999999,0.9369999999999999,1,0.07142857142857142
1289,64757,16,0.9279999999999999,0.9279999999999999,1,0.0625
1290,64773,16,0.9279999999999999,0.9279999999999999,1,0.0625
1291,64787,14,0.9369999999999999,0.9369999999999999,1,0.07142857142857142
1292,64801,14,0.9369999999999999,0.9369999999999999,1,0.07142857142857142
1293,64815,14,0.9369999999999999,0.9369999999999999,1,0.07142857142857142
1294,64829,14,0.9369999999999999,0.9369999999999999,1,0.07142857142857142
1295,64845,16,0.9279999999999999,0.9279999999999999,1,0.0625
1296,64859,14,0.9369999999999999,0.9369999999999999,1,0.07142857142857142
1297,64873,14,0.9369999999999999,0.9369999999999999,1,0.07142857142857142
1298,64887,14,0.9369999999999999,0.9369999999999999,1,0.07142857142857142
1299,64901,14,0.9369999999999999,0.9369999999999999,1,0.07142857142857142
1300,64917,16,0.9279999999999999,0.9279999999999999,1,0.1875
1301,64931,14,0.9369999999999999,0.9369999999999999,1,0.07142857142857142
1302,64947,16,0.9279999999999999,0.9279999999999999,1,0.0625
1303,64961,14,0.9369999999999999,0.9369999999999999,1,0.07142857142857142
1304,64983,22,0.901,0.901,1,0.045454545454545456
1305,64999,16,0.9279999999999999,0.9279999999999999,1,0.0625
1306,65013,14,0.9369999999999999,0.9369999999999999,1,0.07142857142857142
1307,65035,22,0.901,0.901,1,0.045454545454545456
1308,65049,14,0.9369999999999999,0.9369999999999999,1,0.07142857142857142
1309,65063,14,0.9369999999999999,0.9369999999999999,1,0.07142857142857142
1310,65077,14,0.9369999999999999,0.9369999999999999,1,0.07142857142857142
1311,65095,18,0.919,0.919,1,0.05555555555555555
1312,65113,18,0.919,0.919,1,0.05555555555555555
1313,65133,20,0.91,0.91,1,0.05
1314,65152,19,0.9145,0.9145,1,0.05263157894736842
1315,65166,14,0.9369999999999999,0.9369999999999999,1,0.07142857142857142
1316,65187,21,0.9055,0.9055,1,0.047619047619047616
1317,65210,23,0.8965,0.8965,1,0.043478260869565216
1318,65230,20,0.91,0.91,1,0.05
1319,65251,21,0.9055,0.9055,1,0.047619047619047616
1320,65267,16,0.9279999999999999,0.9279999999999999,1,0.0625
1321,65282,15,0.9325,0.9325,1,0.06666666666666667
1322,65313,31,0.8605,0.8605,1,0.03225806451612903
1323,65327,14,0.9369999999999999,0.9369999999999999,1,0.07142857142857142
1324,65341,14,0.9369999999999999,0.9369999999999999,1,0.07142857142857142
1325,65355,14,0.9369999999999999,0.9369999999999999,1,0.07142857142857142
1326,65375,20,0.91,0.91,1,0.05
1327,65392,17,0.9235,0.9235,1,0.058823529411764705
1328,65418,26,0.883,0.883,1,0.038461538461538464
1329,65437,19,0.9145,0.9145,1,0.05263157894736842
1330,65453,16,0.9279999999999999,0.9279999999999999,1,0.0625
1331,65469,16,0.9279999999999999,0.9279999999999999,1,0.0625
1332,65485,16,0.9279999999999999,0.9279999999999999,1,0.1875
1333,65507,22,0.901,0.901,1,0.045454545454545456
1334,65525,18,0.919,0.919,1,0.05555555555555555
1335,65539,14,0.9369999999999999,0.9369999999999999,1,0.07142857142857142
1336,65557,18,0.919,0.919,1,0.05555555555555555
1337,65574,17,0.9235,0.9235,1,0.058823529411764705
1338,65616,42,0.8109999999999999,0.8109999999999999,1,0.023809523809523808
1339,65636,20,0.91,0.91,1,0.05
1340,65662,26,0.883,0.883,1,0.038461538461538464
1341,65685,23,0.8965,0.8965,1,0.043478260869565216
1342,65699,14,0.9369999999999999,0.9369999999999999,1,0.07142857142857142
1343,65717,18,0.919,0.919,1,0.05555555555555555
1344,65734,17,0.9235,0.9235,1,0.058823529411764705
1345,65758,24,0.892,0.892,1,0.041666666666666664
1346,65772,14,0.9369999999999999,0.9369999999999999,1,0.07142857142857142
1347,65790,18,0.919,0.919,1,0.05555555555555555
1348,65811,21,0.9055,0.9055,1,0.14285714285714285
1349,65833,22,0.901,0.901,1,0.045454545454545456
1350,65850,17,0.9235,0.9235,1,0.058823529411764705
1351,65866,16,0.9279999999999999,0.9279999999999999,1,0.0625
1352,65882,16,0.9279999999999999,0.9279999999999999,1,0.0625
1353,65902,20,0.91,0.91,1,0.05
1354,65930,28,0.874,0.874,1,0.03571428571428571
1355,65955,25,0.8875,0.8875,1,0.04
1356,65978,23,0.8965,0.8965,1,0.043478260869565216
1357,66000,22,0.901,0.901,1,0.13636363636363635
1358,66014,14,0.9369999999999999,0.9369999999999999,1,0.07142857142857142
1359,66032,18,0.919,0.919,1,0.05555555555555555
1360,66046,14,0.9369999999999999,0.9369999999999999,1,0.07142857142857142
1361,66062,16,0.9279999999999999,0.9279999999999999,1,0.0625
1362,66082,20,0.91,0.91,1,0.35
1363,66100,18,0.919,0.919,1,0.05555555555555555
1364,66114,14,0.9369999999999999,0.9369999999999999,1,0.07142857142857142
1365,66128,14,0.9369999999999999,0.9369999999999999,1,0.07142857142857142
1366,66148,20,0.91,0.91,1,0.15
1367,66162,14,0.9369999999999999,0.9369999999999999,1,0.07142857142857142
1368,66182,20,0.91,0.91,1,0.05
1369,66196,14,0.9369999999999999,0.9369999999999999,1,0.07142857142857142
1370,66210,14,0.9369999999999999,0.9369999999999999,1,0.07142857142857142
1371,66224,14,0.9369999999999999,0.9369999999999999,1,0.07142857142857142
1372,66238,14,0.9369999999999999,0.9369999999999999,1,0.07142857142857142
1373,66252,14,0.9369999999999999,0.9369999999999999,1,0.07142857142857142
1374,66266,14,0.9369999999999999,0.9369999999999999,1,0.07142857142857142
1375,66280,14,0.9369999999999999,0.9369999999999999,1,0.07142857142857142
1376,66296,16,0.9279999999999999,0.9279999999999999,1,0.0625
1377,66312,16,0.9279999999999999,0.9279999999999999,1,0.0625
1378,66329,17,0.9235,0.9235,1,0.058823529411764705
1379,66347,18,0.919,0.919,1,0.05555555555555555
1380,66365,18,0.919,0.919,1,0.05555555555555555
1381,66379,14,0.9369999999999999,0.9369999999999999,1,0.07142857142857142
1382,66395,16,0.9279999999999999,0.9279999999999999,1,0.0625
1383,66411,16,0.9279999999999999,0.9279999999999999,1,0.0625
1384,66425,14,0.9369999999999999,0.9369999999999999,1,0.07142857142857142
1385,66439,14,0.9369999999999999,0.9369999999999999,1,0.07142857142857142
1386,66457,18,0.919,0.919,1,0.05555555555555555
1387,66473,16,0.9279999999999999,0.9279999999999999,1,0.0625
1388,66487,14,0.9369999999999999,0.9369999999999999,1,0.07142857142857142
1389,66501,14,0.9369999999999999,0.9369999999999999,1,0.07142857142857142
1390,66515,14,0.9369999999999999,0.9369999999999999,1,0.07142857142857142
1391,66529,14,0.9369999999999999,0.9369999999999999,1,0.07142857142857142
1392,66545,16,0.9279999999999999,0.9279999999999999,1,0.0625
1393,66560,15,0.9325,0.9325,1,0.06666666666666667
1394,66574,14,0.9369999999999999,0.9369999999999999,1,0.07142857142857142
1395,66590,16,0.9279999999999999,0.9279999999999999,1,0.0625
1396,66604,14,0.9369999999999999,0.9369999999999999,1,0.07142857142857142
1397,66618,14,0.9369999999999999,0.9369999999999999,1,0.07142857142857142
1398,66634,16,0.9279999999999999,0.9279999999999999,1,0.0625
1399,66648,14,0.9369999999999999,0.9369999999999999,1,0.07142857142857142
1400,66662,14,0.9369999999999999,0.9369999999999999,1,0.07142857142857142
1401,66678,16,0.9279999999999999,0.9279999999999999,1,0.0625
1402,66694,16,0.9279999999999999,0.9279999999999999,1,0.0625
1403,66710,16,0.9279999999999999,0.9279999999999999,1,0.1875
1404,66726,16,0.9279999999999999,0.9279999999999999,1,0.0625
1405,66740,14,0.9369999999999999,0.9369999999999999,1,0.07142857142857142
1406,66754,14,0.9369999999999999,0.9369999999999999,1,0.07142857142857142
1407,66768,14,0.9369999999999999,0.9369999999999999,1,0.07142857142857142
1408,66782,14,0.9369999999999999,0.9369999999999999,1,0.07142857142857142
1409,66796,14,0.9369999999999999,0.9369999999999999,1,0.07142857142857142
1410,66810,14,0.9369999999999999,0.9369999999999999,1,0.07142857142857142
1411,66824,14,0.9369999999999999,0.9369999999999999,1,0.07142857142857142
1412,66842,18,0.919,0.919,1,0.05555555555555555
1413,66856,14,0.9369999999999999,0.9369999999999999,1,0.07142857142857142
1414,66870,14,0.9369999999999999,0.9369999999999999,1,0.07142857142857142
1415,66884,14,0.9369999999999999,0.9369999999999999,1,0.07142857142857142
1416,66898,14,0.9369999999999999,0.9369999999999999,1,0.07142857142857142
1417,66912,14,0.9369999999999999,0.9369999999999999,1,0.07142857142857142
1418,66926,14,0.9369999999999999,0.9369999999999999,1,0.07142857142857142
1419,66940,14,0.9369999999999999,0.9369999999999999,1,0.07142857142857142
1420,66954,14,0.9369999999999999,0.9369999999999999,1,0.07142857142857142
1421,66970,16,0.9279999999999999,0.9279999999999999,1,0.0625
1422,66984,14,0.9369999999999999,0.9369999999999999,1,0.07142857142857142
1423,66998,14,0.9369999999999999,0.9369999999999999,1,0.07142857142857142
1424,67012,14,0.9369999999999999,0.9369999999999999,1,0.07142857142857142
1425,67026,14,0.9369999999999999,0.9369999999999999,1,0.07142857142857142
1426,67040,14,0.9369999999999999,0.9369999999999999,1,0.07142857142857142
1427,67054,14,0.9369999999999999,0.9369999999999999,1,0.07142857142857142
1428,67068,14,0.9369999999999999,0.9369999999999999,1,0.07142857142857142
1429,67084,16,0.9279999999999999,0.9279999999999999,1,0.0625
1430,67098,14,0.9369999999999999,0.9369999999999999,1,0.07142857142857142
1431,67112,14,0.9369999999999999,0.9369999999999999,1,0.07142857142857142
1432,67126,14,0.9369999999999999,0.9369999999999999,1,0.07142857142857142
1433,67142,16,0.9279999999999999,0.9279999999999999,1,0.1875
1434,67158,16,0.9279999999999999,0.9279999999999999,1,0.0625
1435,67174,16,0.9279999999999999,0.9279999999999999,1,0.0625
1436,67190,16,0.9279999999999999,0.9279999999999999,1,0.0625
1437,67204,14,0.9369999999999999,0.9369999999999999,1,0.07142857142857142
1438,67218,14,0.9369999999999999,0.9369999999999999,1,0.07142857142857142
1439,67232,14,0.9369999999999999,0.9369999999999999,1,0.07142857142857142
1440,67246,14,0.9369999999999999,0.9369999999999999,1,0.07142857142857142
1441,67262,16,0.9279999999999999,0.9279999999999999,1,0.0625
1442,67278,16,0.9279999999999999,0.9279999999999999,1,0.0625
1443,67292,14,0.9369999999999999,0.9369999999999999,1,0.07142857142857142
1444,67306,14,0.9369999999999999,0.9369999999999999,1,0.07142857142857142
1445,67320,14,0.9369999999999999,0.9369999999999999,1,0.07142857142857142
1446,67334,14,0.9369999999999999,0.9369999999999999,1,0.07142857142857142
1447,67348,14,0.9369999999999999,0.9369999999999999,1,0.07142857142857142
1448,67364,16,0.9279999999999999,0.9279999999999999,1,0.0625
1449,67378,14,0.9369999999999999,0.9369999999999999,1,0.07142857142857142
1450,67394,16,0.9279999999999999,0.9279999999999999,1,0.0625
1451,67412,18,0.919,0.919,1,0.05555555555555555
1452,67426,14,0.9369999999999999,0.9369999999999999,1,0.07142857142857142
1453,67442,16,0.9279999999999999,0.9279999999999999,1,0.0625
1454,67458,16,0.9279999999999999,0.9279999999999999,1,0.1875
1455,67472,14,0.9369999999999999,0.9369999999999999,1,0.07142857142857142
1456,67486,14,0.9369999999999999,0.9369999999999999,1,0.07142857142857142
1457,67500,14,0.9369999999999999,0.9369999999999999,1,0.07142857142857142
1458,67514,14,0.9369999999999999,0.9369999999999999,1,0.07142857142857142
1459,67528,14,0.9369999999999999,0.9369999999999999,1,0.07142857142857142
1460,67550,22,0.901,0.901,1,0.045454545454545456
1461,67564,14,0.9369999999999999,0.9369999999999999,1,0.07142857142857142
1462,67578,14,0.9369999999999999,0.9369999999999999,1,0.07142857142857142
1463,67612,34,0.847,0.847,1,0.029411764705882353
1464,67646,34,0.847,0.847,1,0.029411764705882353
1465,67662,16,0.9279999999999999,0.9279999999999999,1,0.1875
1466,67678,16,0.9279999999999999,0.9279999999999999,1,0.0625
1467,67692,14,0.9369999999999999,0.9369999999999999,1,0.07142857142857142
1468,67706,14,0.9369999999999999,0.9369999999999999,1,0.07142857142857142
1469,67720,14,0.9369999999999999,0.9369999999999999,1,0.07142857142857142
1470,67734,14,0.9369999999999999,0.9369999999999999,1,0.07142857142857142
1471,67764,30,0.865,0.865,1,0.03333333333333333
1472,67778,14,0.9369999999999999,0.9369999999999999,1,0.07142857142857142
1473,67796,18,0.919,0.919,1,0.05555555555555555
1474,67810,14,0.9369999999999999,0.9369999999999999,1,0.07142857142857142
1475,67824,14,0.9369999999999999,0.9369999999999999,1,0.07142857142857142
1476,67838,14,0.9369999999999999,0.9369999999999999,1,0.07142857142857142
1477,67856,18,0.919,0.919,1,0.05555555555555555
1478,67872,16,0.9279999999999999,0.9279999999999999,1,0.0625
1479,67888,16,0.9279999999999999,0.9279999999999999,1,0.0625
1480,67902,14,0.9369999999999999,0.9369999999999999,1,0.07142857142857142
1481,67920,18,0.919,0.919,1,0.2777777777777778
1482,67936,16,0.9279999999999999,0.9279999999999999,1,0.0625
1483,67950,14,0.9369999999999999,0.9369999999999999,1,0.07142857142857142
1484,67964,14,0.9369999999999999,0.9369999999999999,1,0.07142857142857142
1485,67980,16,0.9279999999999999,0.9279999999999999,1,0.0625
1486,67994,14,0.9369999999999999,0.9369999999999999,1,0.07142857142857142
1487,68008,14,0.9369999999999999,0.9369999999999999,1,0.07142857142857142
1488,68022,14,0.9369999999999999,0.9369999999999999,1,0.07142857142857142
1489,68036,14,0.9369999999999999,0.9369999999999999,1,0.07142857142857142
1490,68052,16,0.9279999999999999,0.9279999999999999,1,0.0625
1491,68068,16,0.9279999999999999,0.9279999999999999,1,0.0625
1492,68082,14,0.9369999999999999,0.9369999999999999,1,0.07142857142857142
1493,68096,14,0.9369999999999999,0.9369999999999999,1,0.07142857142857142
1494,68110,14,0.9369999999999999,0.9369999999999999,1,0.07142857142857142
1495,68128,18,0.919,0.919,1,0.05555555555555555
1496,68144,16,0.9279999999999999,0.9279999999999999,1,0.0625
1497,68161,17,0.9235,0.9235,1,0.17647058823529413
1498,68175,14,0.9369999999999999,0.9369999999999999,1,0.07142857142857142
1499,68191,16,0.9279999999999999,0.9279999999999999,1,0.0625
1500,68205,14,0.9369999999999999,0.9369999999999999,1,0.07142857142857142
1501,68221,16,0.9279999999999999,0.9279999999999999,1,0.0625
1502,68239,18,0.919,0.919,1,0.16666666666666666
1503,68253,14,0.9369999999999999,0.9369999999999999,1,0.07142857142857142
1504,68267,14,0.9369999999999999,0.9369999999999999,1,0.07142857142857142
1505,68281,14,0.9369999999999999,0.9369999999999999,1,0.07142857142857142
1506,68295,14,0.9369999999999999,0.9369999999999999,1,0.07142857142857142
1507,68311,16,0.9279999999999999,0.9279999999999999,1,0.0625
1508,68325,14,0.9369999999999999,0.9369999999999999,1,0.07142857142857142
1509,68347,22,0.901,0.901,1,0.22727272727272727
1510,68363,16,0.9279999999999999,0.9279999999999999,1,0.0625
1511,68377,14,0.9369999999999999,0.9369999999999999,1,0.07142857142857142
1512,68391,14,0.9369999999999999,0.9369999999999999,1,0.07142857142857142
1513,68405,14,0.9369999999999999,0.9369999999999999,1,0.07142857142857142
1514,68419,14,0.9369999999999999,0.9369999999999999,1,0.07142857142857142
1515,68433,14,0.9369999999999999,0.9369999999999999,1,0.07142857142857142
1516,68449,16,0.9279999999999999,0.9279999999999999,1,0.0625
1517,68463,14,0.9369999999999999,0.9369999999999999,1,0.07142857142857142
1518,68479,16,0.9279999999999999,0.9279999999999999,1,0.0625
1519,68493,14,0.9369999999999999,0.9369999999999999,1,0.07142857142857142
1520,68509,16,0.9279999999999999,0.9279999999999999,1,0.0625
1521,68523,14,0.9369999999999999,0.9369999999999999,1,0.07142857142857142
1522,68537,14,0.9369999999999999,0.9369999999999999,1,0.07142857142857142
1523,68551,14,0.9369999999999999,0.9369999999999999,1,0.07142857142857142
1524,68565,14,0.9369999999999999,0.9369999999999999,1,0.07142857142857142
1525,68579,14,0.9369999999999999,0.9369999999999999,1,0.07142857142857142
1526,68595,16,0.9279999999999999,0.9279999999999999,1,0.0625
1527,68609,14,0.9369999999999999,0.9369999999999999,1,0.07142857142857142
1528,68623,14,0.9369999999999999,0.9369999999999999,1,0.07142857142857142
1529,68637,14,0.9369999999999999,0.9369999999999999,1,0.07142857142857142
1530,68653,16,0.9279999999999999,0.9279999999999999,1,0.0625
1531,68667,14,0.9369999999999999,0.9369999999999999,1,0.07142857142857142
1532,68681,14,0.9369999999999999,0.9369999999999999,1,0.07142857142857142
1533,68695,14,0.9369999999999999,0.9369999999999999,1,0.07142857142857142
1534,68711,16,0.9279999999999999,0.9279999999999999,1,0.0625
1535,68725,14,0.9369999999999999,0.9369999999999999,1,0.07142857142857142
1536,68739,14,0.9369999999999999,0.9369999999999999,1,0.07142857142857142
1537,68753,14,0.9369999999999999,0.9369999999999999,1,0.07142857142857142
1538,68767,14,0.9369999999999999,0.9369999999999999,1,0.07142857142857142
1539,68783,16,0.9279999999999999,0.9279999999999999,1,0.0625
1540,68797,14,0.9369999999999999,0.9369999999999999,1,0.07142857142857142
1541,68811,14,0.9369999999999999,0.9369999999999999,1,0.07142857142857142
1542,68827,16,0.9279999999999999,0.9279999999999999,1,0.0625
1543,68841,14,0.9369999999999999,0.9369999999999999,1,0.07142857142857142
1544,68855,14,0.9369999999999999,0.9369999999999999,1,0.07142857142857142
1545,68871,16,0.9279999999999999,0.9279999999999999,1,0.0625
1546,68889,18,0.919,0.919,1,0.16666666666666666
1547,68903,14,0.9369999999999999,0.9369999999999999,1,0.07142857142857142
1548,68917,14,0.9369999999999999,0.9369999999999999,1,0.07142857142857142
1549,68931,14,0.9369999999999999,0.9369999999999999,1,0.07142857142857142
1550,68945,14,0.9369999999999999,0.9369999999999999,1,0.07142857142857142
1551,68961,16,0.9279999999999999,0.9279999999999999,1,0.0625
1552,68975,14,0.9369999999999999,0.9369999999999999,1,0.07142857142857142
1553,68989,14,0.9369999999999999,0.9369999999999999,1,0.07142857142857142
1554,69003,14,0.9369999999999999,0.9369999999999999,1,0.07142857142857142
1555,69017,14,0.9369999999999999,0.9369999999999999,1,0.07142857142857142
1556,69042,25,0.8875,0.8875,1,0.04
1557,69058,16,0.9279999999999999,0.9279999999999999,1,0.0625
1558,69074,16,0.9279999999999999,0.9279999999999999,1,0.0625
1559,69088,14,0.9369999999999999,0.9369999999999999,1,0.07142857142857142
1560,69104,16,0.9279999999999999,0.9279999999999999,1,0.0625
1561,69118,14,0.9369999999999999,0.9369999999999999,1,0.07142857142857142
1562,69132,14,0.9369999999999999,0.9369999999999999,1,0.07142857142857142
1563,69146,14,0.9369999999999999,0.9369999999999999,1,0.07142857142857142
1564,69160,14,0.9369999999999999,0.9369999999999999,1,0.07142857142857142
1565,69174,14,0.9369999999999999,0.9369999999999999,1,0.07142857142857142
1566,69188,14,0.9369999999999999,0.9369999999999999,1,0.07142857142857142
1567,69204,16,0.9279999999999999,0.9279999999999999,1,0.0625
1568,69218,14,0.9369999999999999,0.9369999999999999,1,0.07142857142857142
1569,69234,16,0.9279999999999999,0.9279999999999999,1,0.0625
1570,69248,14,0.9369999999999999,0.9369999999999999,1,0.07142857142857142
1571,69266,18,0.919,0.919,1,0.16666666666666666
1572,69286,20,0.91,0.91,1,0.05
1573,69301,15,0.9325,0.9325,1,0.06666666666666667
1574,69321,20,0.91,0.91,1,0.05
1575,69335,14,0.9369999999999999,0.9369999999999999,1,0.07142857142857142
1576,69349,14,0.9369999999999999,0.9369999999999999,1,0.07142857142857142
1577,69368,19,0.9145,0.9145,1,0.05263157894736842
1578,69384,16,0.9279999999999999,0.9279999999999999,1,0.0625
1579,69405,21,0.9055,0.9055,1,0.047619047619047616
1580,69427,22,0.901,0.901,1,0.045454545454545456
1581,69441,14,0.9369999999999999,0.9369999999999999,1,0.07142857142857142
1582,69459,18,0.919,0.919,1,0.05555555555555555
1583,69482,23,0.8965,0.8965,1,0.043478260869565216
1584,69496,14,0.9369999999999999,0.9369999999999999,1,0.07142857142857142
1585,69510,14,0.9369999999999999,0.9369999999999999,1,0.07142857142857142
1586,69530,20,0.91,0.91,1,0.05
1587,69548,18,0.919,0.919,1,0.05555555555555555
1588,69565,17,0.9235,0.9235,1,0.058823529411764705
1589,69582,17,0.9235,0.9235,1,0.058823529411764705
1590,69598,16,0.9279999999999999,0.9279999999999999,1,0.0625
1591,69614,16,0.9279999999999999,0.9279999999999999,1,0.0625
1592,69644,30,0.865,0.865,1,0.03333333333333333
1593,69666,22,0.901,0.901,1,0.045454545454545456
1594,69688,22,0.901,0.901,1,0.045454545454545456
1595,69703,15,0.9325,0.9325,1,0.06666666666666667
1596,69717,14,0.9369999999999999,0.9369999999999999,1,0.07142857142857142
1597,69731,14,0.9369999999999999,0.9369999999999999,1,0.07142857142857142
1598,69745,14,0.9369999999999999,0.9369999999999999,1,0.07142857142857142
1599,69759,14,0.9369999999999999,0.9369999999999999,1,0.07142857142857142
1600,69777,18,0.919,0.919,1,0.05555555555555555
1601,69793,16,0.9279999999999999,0.9279999999999999,1,0.1875
1602,69811,18,0.919,0.919,1,0.05555555555555555
1603,69828,17,0.9235,0.9235,1,0.058823529411764705
1604,69849,21,0.9055,0.9055,1,0.047619047619047616
1605,69863,14,0.9369999999999999,0.9369999999999999,1,0.07142857142857142
1606,69877,14,0.9369999999999999,0.9369999999999999,1,0.07142857142857142
1607,69891,14,0.9369999999999999,0.9369999999999999,1,0.07142857142857142
1608,69905,14,0.9369999999999999,0.9369999999999999,1,0.07142857142857142
1609,69919,14,0.9369999999999999,0.9369999999999999,1,0.07142857142857142
1610,69935,16,0.9279999999999999,0.9279999999999999,1,0.0625
1611,69950,15,0.9325,0.9325,1,0.06666666666666667
1612,69964,14,0.9369999999999999,0.9369999999999999,1,0.07142857142857142
1613,69982,18,0.919,0.919,1,0.05555555555555555
1614,69996,14,0.9369999999999999,0.9369999999999999,1,0.07142857142857142
1615,70014,18,0.919,0.919,1,0.05555555555555555
1616,70042,28,0.874,0.874,1,0.03571428571428571
1617,70056,14,0.9369999999999999,0.9369999999999999,1,0.07142857142857142
1618,70074,18,0.919,0.919,1,0.05555555555555555
1619,70088,14,0.9369999999999999,0.9369999999999999,1,0.07142857142857142
1620,70102,14,0.9369999999999999,0.9369999999999999,1,0.07142857142857142
1621,70116,14,0.9369999999999999,0.9369999999999999,1,0.07142857142857142
1622,70130,14,0.9369999999999999,0.9369999999999999,1,0.07142857142857142
1623,70144,14,0.9369999999999999,0.9369999999999999,1,0.07142857142857142
1624,70158,14,0.9369999999999999,0.9369999999999999,1,0.07142857142857142
1625,70174,16,0.9279999999999999,0.9279999999999999,1,0.0625
1626,70188,14,0.9369999999999999,0.9369999999999999,1,0.07142857142857142
1627,70204,16,0.9279999999999999,0.9279999999999999,1,0.0625
1628,70220,16,0.9279999999999999,0.9279999999999999,1,0.0625
1629,70234,14,0.9369999999999999,0.9369999999999999,1,0.07142857142857142
1630,70248,14,0.9369999999999999,0.9369999999999999,1,0.07142857142857142
1631,70264,16,0.9279999999999999,0.9279999999999999,1,0.0625
1632,70278,14,0.9369999999999999,0.9369999999999999,1,0.07142857142857142
1633,70292,14,0.9369999999999999,0.9369999999999999,1,0.07142857142857142
1634,70308,16,0.9279999999999999,0.9279999999999999,1,0.0625
1635,70326,18,0.919,0.919,1,0.05555555555555555
1636,70344,18,0.919,0.919,1,0.05555555555555555
1637,70358,14,0.9369999999999999,0.9369999999999999,1,0.07142857142857142
1638,70376,18,0.919,0.919,1,0.05555555555555555
1639,70390,14,0.9369999999999999,0.9369999999999999,1,0.07142857142857142
1640,70404,14,0.9369999999999999,0.9369999999999999,1,0.07142857142857142
1641,70420,16,0.9279999999999999,0.9279999999999999,1,0.0625
1642,70438,18,0.919,0.919,1,0.05555555555555555
1643,70452,14,0.9369999999999999,0.9369999999999999,1,0.07142857142857142
1644,70466,14,0.9369999999999999,0.9369999999999999,1,0.07142857142857142
1645,70480,14,0.9369999999999999,0.9369999999999999,1,0.07142857142857142
1646,70494,14,0.9369999999999999,0.9369999999999999,1,0.07142857142857142
1647,70508,14,0.9369999999999999,0.9369999999999999,1,0.07142857142857142
1648,70522,14,0.9369999999999999,0.9369999999999999,1,0.07142857142857142
1649,70536,14,0.9369999999999999,0.9369999999999999,1,0.07142857142857142
1650,70550,14,0.9369999999999999,0.9369999999999999,1,0.07142857142857142
1651,70564,14,0.9369999999999999,0.9369999999999999,1,0.07142857142857142
1652,70578,14,0.9369999999999999,0.9369999999999999,1,0.07142857142857142
1653,70592,14,0.9369999999999999,0.9369999999999999,1,0.07142857142857142
1654,70608,16,0.9279999999999999,0.9279999999999999,1,0.0625
1655,70625,17,0.9235,0.9235,1,0.17647058823529413
1656,70639,14,0.9369999999999999,0.9369999999999999,1,0.07142857142857142
1657,70653,14,0.9369999999999999,0.9369999999999999,1,0.07142857142857142
1658,70671,18,0.919,0.919,1,0.05555555555555555
1659,70685,14,0.9369999999999999,0.9369999999999999,1,0.07142857142857142
1660,70701,16,0.9279999999999999,0.9279999999999999,1,0.0625
1661,70715,14,0.9369999999999999,0.9369999999999999,1,0.07142857142857142
1662,70731,16,0.9279999999999999,0.9279999999999999,1,0.0625
1663,70745,14,0.9369999999999999,0.9369999999999999,1,0.07142857142857142
1664,70759,14,0.9369999999999999,0.9369999999999999,1,0.07142857142857142
1665,70773,14,0.9369999999999999,0.9369999999999999,1,0.07142857142857142
1666,70787,14,0.9369999999999999,0.9369999999999999,1,0.07142857142857142
1667,70803,16,0.9279999999999999,0.9279999999999999,1,0.0625
1668,70817,14,0.9369999999999999,0.9369999999999999,1,0.07142857142857142
1669,70833,16,0.9279999999999999,0.9279999999999999,1,0.0625
1670,70847,14,0.9369999999999999,0.9369999999999999,1,0.07142857142857142
1671,70863,16,0.9279999999999999,0.9279999999999999,1,0.0625
1672,70879,16,0.9279999999999999,0.9279999999999999,1,0.0625
1673,70893,14,0.9369999999999999,0.9369999999999999,1,0.07142857142857142
1674,70907,14,0.9369999999999999,0.9369999999999999,1,0.07142857142857142
1675,70923,16,0.9279999999999999,0.9279999999999999,1,0.1875
1676,70939,16,0.9279999999999999,0.9279999999999999,1,0.0625
1677,70953,14,0.9369999999999999,0.9369999999999999,1,0.07142857142857142
1678,70967,14,0.9369999999999999,0.9369999999999999,1,0.07142857142857142
1679,70981,14,0.9369999999999999,0.9369999999999999,1,0.07142857142857142
1680,70995,14,0.9369999999999999,0.9369999999999999,1,0.07142857142857142
1681,71011,16,0.9279999999999999,0.9279999999999999,1,0.0625
1682,71025,14,0.9369999999999999,0.9369999999999999,1,0.07142857142857142
1683,71047,22,0.901,0.901,1,0.045454545454545456
1684,71063,16,0.9279999999999999,0.9279999999999999,1,0.0625
1685,71081,18,0.919,0.919,1,0.16666666666666666
1686,71095,14,0.9369999999999999,0.9369999999999999,1,0.07142857142857142
1687,71109,14,0.9369999999999999,0.9369999999999999,1,0.07142857142857142
1688,71123,14,0.9369999999999999,0.9369999999999999,1,0.07142857142857142
1689,71139,16,0.9279999999999999,0.9279999999999999,1,0.0625
1690,71153,14,0.9369999999999999,0.9369999999999999,1,0.07142857142857142
1691,71167,14,0.9369999999999999,0.9369999999999999,1,0.07142857142857142
1692,71181,14,0.9369999999999999,0.9369999999999999,1,0.07142857142857142
1693,71197,16,0.9279999999999999,0.9279999999999999,1,0.0625
1694,71213,16,0.9279999999999999,0.9279999999999999,1,0.0625
1695,71227,14,0.9369999999999999,0.9369999999999999,1,0.07142857142857142
1696,71243,16,0.9279999999999999,0.9279999999999999,1,0.1875
1697,71257,14,0.9369999999999999,0.9369999999999999,1,0.07142857142857142
1698,71273,16,0.9279999999999999,0.9279999999999999,1,0.0625
1699,71287,14,0.9369999999999999,0.9369999999999999,1,0.07142857142857142
1700,71303,16,0.9279999999999999,0.9279999999999999,1,0.0625
1701,71317,14,0.9369999999999999,0.9369999999999999,1,0.07142857142857142
1702,71331,14,0.9369999999999999,0.9369999999999999,1,0.07142857142857142
1703,71345,14,0.9369999999999999,0.9369999999999999,1,0.07142857142857142
1704,71359,14,0.9369999999999999,0.9369999999999999,1,0.07142857142857142
1705,71375,16,0.9279999999999999,0.9279999999999999,1,0.1875
1706,71389,14,0.9369999999999999,0.9369999999999999,1,0.07142857142857142
1707,71403,14,0.9369999999999999,0.9369999999999999,1,0.07142857142857142
1708,71417,14,0.9369999999999999,0.9369999999999999,1,0.07142857142857142
1709,71431,14,0.9369999999999999,0.9369999999999999,1,0.07142857142857142
1710,71447,16,0.9279999999999999,0.9279999999999999,1,0.0625
1711,71464,17,0.9235,0.9235,1,0.058823529411764705
1712,71478,14,0.9369999999999999,0.9369999999999999,1,0.07142857142857142
1713,71494,16,0.9279999999999999,0.9279999999999999,1,0.0625
1714,71508,14,0.9369999999999999,0.9369999999999999,1,0.07142857142857142
1715,71524,16,0.9279999999999999,0.9279999999999999,1,0.0625
1716,71542,18,0.919,0.919,1,0.16666666666666666
1717,71556,14,0.9369999999999999,0.9369999999999999,1,0.07142857142857142
1718,71570,14,0.9369999999999999,0.9369999999999999,1,0.07142857142857142
1719,71585,15,0.9325,0.9325,1,0.06666666666666667
1720,71599,14,0.9369999999999999,0.9369999999999999,1,0.07142857142857142
1721,71613,14,0.9369999999999999,0.9369999999999999,1,0.07142857142857142
1722,71627,14,0.9369999999999999,0.9369999999999999,1,0.07142857142857142
1723,71645,18,0.919,0.919,1,0.05555555555555555
1724,71661,16,0.9279999999999999,0.9279999999999999,1,0.1875
1725,71675,14,0.9369999999999999,0.9369999999999999,1,0.07142857142857142
1726,71689,14,0.9369999999999999,0.9369999999999999,1,0.07142857142857142
1727,71705,16,0.9279999999999999,0.9279999999999999,1,0.0625
1728,71725,20,0.91,0.91,1,0.05
1729,71739,14,0.9369999999999999,0.9369999999999999,1,0.07142857142857142
1730,71753,14,0.9369999999999999,0.9369999999999999,1,0.07142857142857142
1731,71767,14,0.9369999999999999,0.9369999999999999,1,0.07142857142857142
1732,71783,16,0.9279999999999999,0.9279999999999999,1,0.0625
1733,71797,14,0.9369999999999999,0.9369999999999999,1,0.07142857142857142
1734,71815,18,0.919,0.919,1,0.05555555555555555
1735,71829,14,0.9369999999999999,0.9369999999999999,1,0.07142857142857142
1736,71843,14,0.9369999999999999,0.9369999999999999,1,0.07142857142857142
1737,71859,16,0.9279999999999999,0.9279999999999999,1,0.0625
1738,71873,14,0.9369999999999999,0.9369999999999999,1,0.07142857142857142
1739,71887,14,0.9369999999999999,0.9369999999999999,1,0.07142857142857142
1740,71901,14,0.9369999999999999,0.9369999999999999,1,0.07142857142857142
1741,71933,32,0.856,0.856,1,0.03125
1742,71949,16,0.9279999999999999,0.9279999999999999,1,0.0625
1743,71963,14,0.9369999999999999,0.9369999999999999,1,0.07142857142857142
1744,71977,14,0.9369999999999999,0.9369999999999999,1,0.07142857142857142
1745,71999,22,0.901,0.901,1,0.045454545454545456
1746,72015,16,0.9279999999999999,0.9279999999999999,1,0.0625
1747,72036,21,0.9055,0.9055,1,0.047619047619047616
1748,72054,18,0.919,0.919,1,0.05555555555555555
1749,72070,16,0.9279999999999999,0.9279999999999999,1,0.0625
1750,72088,18,0.919,0.919,1,0.16666666666666666
1751,72102,14,0.9369999999999999,0.9369999999999999,1,0.07142857142857142
1752,72116,14,0.9369999999999999,0.9369999999999999,1,0.07142857142857142
1753,72130,14,0.9369999999999999,0.9369999999999999,1,0.07142857142857142
1754,72144,14,0.9369999999999999,0.9369999999999999,1,0.07142857142857142
1755,72160,16,0.9279999999999999,0.9279999999999999,1,0.1875
1756,72174,14,0.9369999999999999,0.9369999999999999,1,0.07142857142857142
1757,72190,16,0.9279999999999999,0.9279999999999999,1,0.0625
1758,72208,18,0.919,0.919,1,0.16666666666666666
1759,72222,14,0.9369999999999999,0.9369999999999999,1,0.07142857142857142
1760,72238,16,0.9279999999999999,0.9279999999999999,1,0.0625
1761,72252,14,0.9369999999999999,0.9369999999999999,1,0.07142857142857142
1762,72266,14,0.9369999999999999,0.9369999999999999,1,0.07142857142857142
1763,72284,18,0.919,0.919,1,0.05555555555555555
1764,72298,14,0.9369999999999999,0.9369999999999999,1,0.07142857142857142
1765,72312,14,0.9369999999999999,0.9369999999999999,1,0.07142857142857142
1766,72326,14,0.9369999999999999,0.9369999999999999,1,0.07142857142857142
1767,72342,16,0.9279999999999999,0.9279999999999999,1,0.0625
1768,72358,16,0.9279999999999999,0.9279999999999999,1,0.0625
1769,72374,16,0.9279999999999999,0.9279999999999999,1,0.0625
1770,72388,14,0.9369999999999999,0.9369999999999999,1,0.07142857142857142
1771,72408,20,0.91,0.91,1,0.05
1772,72426,18,0.919,0.919,1,0.2777777777777778
1773,72442,16,0.9279999999999999,0.9279999999999999,1,0.0625
1774,72456,14,0.9369999999999999,0.9369999999999999,1,0.07142857142857142
1775,72470,14,0.9369999999999999,0.9369999999999999,1,0.07142857142857142
1776,72486,16,0.9279999999999999,0.9279999999999999,1,0.0625
1777,72500,14,0.9369999999999999,0.9369999999999999,1,0.07142857142857142
1778,72514,14,0.9369999999999999,0.9369999999999999,1,0.07142857142857142
1779,72530,16,0.9279999999999999,0.9279999999999999,1,0.0625
1780,72574,44,0.802,0.802,1,0.022727272727272728
1781,72588,14,0.9369999999999999,0.9369999999999999,1,0.07142857142857142
1782,72622,34,0.847,0.847,1,0.08823529411764706
1783,72640,18,0.919,0.919,1,0.05555555555555555
1784,72654,14,0.9369999999999999,0.9369999999999999,1,0.07142857142857142
1785,72670,16,0.9279999999999999,0.9279999999999999,1,0.1875
1786,72688,18,0.919,0.919,1,0.2777777777777778
1787,72705,17,0.9235,0.9235,1,0.058823529411764705
1788,72719,14,0.9369999999999999,0.9369999999999999,1,0.07142857142857142
1789,72733,14,0.9369999999999999,0.9369999999999999,1,0.07142857142857142
1790,72747,14,0.9369999999999999,0.9369999999999999,1,0.07142857142857142
1791,72765,18,0.919,0.919,1,0.05555555555555555
1792,72781,16,0.9279999999999999,0.9279999999999999,1,0.0625
1793,72795,14,0.9369999999999999,0.9369999999999999,1,0.07142857142857142
1794,72809,14,0.9369999999999999,0.9369999999999999,1,0.07142857142857142
1795,72823,14,0.9369999999999999,0.9369999999999999,1,0.07142857142857142
1796,72859,36,0.838,0.838,1,0.027777777777777776
1797,72897,38,0.829,0.829,1,0.02631578947368421
1798,72911,14,0.9369999999999999,0.9369999999999999,1,0.07142857142857142
1799,72925,14,0.9369999999999999,0.9369999999999999,1,0.07142857142857142
1800,72949,24,0.892,0.892,1,0.041666666666666664
1801,72963,14,0.9369999999999999,0.9369999999999999,1,0.07142857142857142
1802,72977,14,0.9369999999999999,0.9369999999999999,1,0.07142857142857142
1803,72993,16,0.9279999999999999,0.9279999999999999,1,0.0625
1804,73009,16,0.9279999999999999,0.9279999999999999,1,0.0625
1805,73029,20,0.91,0.91,1,0.05
1806,73048,19,0.9145,0.9145,1,0.05263157894736842
1807,73068,20,0.91,0.91,1,0.05
1808,73236,168,0.244,0.244,1,0.005952380952380952
1809,73252,16,0.9279999999999999,0.9279999999999999,1,0.0625
1810,73266,14,0.9369999999999999,0.9369999999999999,1,0.07142857142857142
1811,73280,14,0.9369999999999999,0.9369999999999999,1,0.07142857142857142
1812,73294,14,0.9369999999999999,0.9369999999999999,1,0.07142857142857142
1813,73354,60,0.73,0.73,1,0.016666666666666666
1814,73470,116,0.478,0.478,1,0.008620689655172414
1815,73484,14,0.9369999999999999,0.9369999999999999,1,0.07142857142857142
1816,73569,85,0.6174999999999999,0.6174999999999999,1,0.011764705882352941
1817,73583,14,0.9369999999999999,0.9369999999999999,1,0.07142857142857142
1818,73607,24,0.892,0.892,1,0.041666666666666664
1819,73623,16,0.9279999999999999,0.9279999999999999,1,0.0625
1820,73639,16,0.9279999999999999,0.9279999999999999,1,0.0625
1821,73677,38,0.829,0.829,1,0.02631578947368421
1822,73697,20,0.91,0.91,1,0.05
1823,73797,100,0.55,0.55,1,0.01
1824,73827,30,0.865,0.865,1,0.03333333333333333
1825,73873,46,0.7929999999999999,0.7929999999999999,1,0.021739130434782608
1826,73903,30,0.865,0.865,1,0.03333333333333333
1827,73917,14,0.9369999999999999,0.9369999999999999,1,0.07142857142857142
1828,73931,14,0.9369999999999999,0.9369999999999999,1,0.07142857142857142
1829,73947,16,0.9279999999999999,0.9279999999999999,1,0.0625
1830,74007,60,0.73,0.73,1,0.016666666666666666
1831,74021,14,0.9369999999999999,0.9369999999999999,1,0.07142857142857142
1832,74035,14,0.9369999999999999,0.9369999999999999,1,0.07142857142857142
1833,74049,14,0.9369999999999999,0.9369999999999999,1,0.07142857142857142
1834,74063,14,0.9369999999999999,0.9369999999999999,1,0.07142857142857142
1835,74077,14,0.9369999999999999,0.9369999999999999,1,0.07142857142857142
1836,74091,14,0.9369999999999999,0.9369999999999999,1,0.07142857142857142
1837,74105,14,0.9369999999999999,0.9369999999999999,1,0.07142857142857142
1838,74121,16,0.9279999999999999,0.9279999999999999,1,0.0625
1839,74135,14,0.9369999999999999,0.9369999999999999,1,0.07142857142857142
1840,74149,14,0.9369999999999999,0.9369999999999999,1,0.07142857142857142
1841,74163,14,0.9369999999999999,0.9369999999999999,1,0.07142857142857142
1842,74179,16,0.9279999999999999,0.9279999999999999,1,0.0625
1843,74193,14,0.9369999999999999,0.9369999999999999,1,0.07142857142857142
1844,74207,14,0.9369999999999999,0.9369999999999999,1,0.07142857142857142
1845,74223,16,0.9279999999999999,0.9279999999999999,1,0.0625
1846,74290,67,0.6984999999999999,0.6984999999999999,1,0.014925373134328358
1847,74304,14,0.9369999999999999,0.9369999999999999,1,0.07142857142857142
1848,74318,14,0.9369999999999999,0.9369999999999999,1,0.07142857142857142
1849,74332,14,0.9369999999999999,0.9369999999999999,1,0.07142857142857142
1850,74346,14,0.9369999999999999,0.9369999999999999,1,0.07142857142857142
1851,74362,16,0.9279999999999999,0.9279999999999999,1,0.0625
1852,74378,16,0.9279999999999999,0.9279999999999999,1,0.0625
1853,74394,16,0.9279999999999999,0.9279999999999999,1,0.0625
1854,74408,14,0.9369999999999999,0.9369999999999999,1,0.07142857142857142
1855,74424,16,0.9279999999999999,0.9279999999999999,1,0.1875
1856,74438,14,0.9369999999999999,0.9369999999999999,1,0.07142857142857142
1857,74452,14,0.9369999999999999,0.9369999999999999,1,0.07142857142857142
1858,74466,14,0.9369999999999999,0.9369999999999999,1,0.07142857142857142
1859,74482,16,0.9279999999999999,0.9279999999999999,1,0.0625
1860,74496,14,0.9369999999999999,0.9369999999999999,1,0.07142857142857142
1861,74510,14,0.9369999999999999,0.9369999999999999,1,0.07142857142857142
1862,74524,14,0.9369999999999999,0.9369999999999999,1,0.07142857142857142
1863,74538,14,0.9369999999999999,0.9369999999999999,1,0.07142857142857142
1864,74556,18,0.919,0.919,1,0.05555555555555555
1865,74570,14,0.9369999999999999,0.9369999999999999,1,0.07142857142857142
1866,74584,14,0.9369999999999999,0.9369999999999999,1,0.07142857142857142
1867,74656,72,0.6759999999999999,0.6759999999999999,1,0.013888888888888888
1868,74670,14,0.9369999999999999,0.9369999999999999,1,0.07142857142857142
1869,74684,14,0.9369999999999999,0.9369999999999999,1,0.07142857142857142
1870,74702,18,0.919,0.919,1,0.05555555555555555
1871,74719,17,0.9235,0.9235,1,0.058823529411764705
1872,74733,14,0.9369999999999999,0.9369999999999999,1,0.07142857142857142
1873,74751,18,0.919,0.919,1,0.05555555555555555
1874,74765,14,0.9369999999999999,0.9369999999999999,1,0.07142857142857142
1875,74785,20,0.91,0.91,1,0.05
1876,74799,14,0.9369999999999999,0.9369999999999999,1,0.07142857142857142
1877,74815,16,0.9279999999999999,0.9279999999999999,1,0.0625
1878,74831,16,0.9279999999999999,0.9279999999999999,1,0.0625
1879,74845,14,0.9369999999999999,0.9369999999999999,1,0.07142857142857142
1880,74859,14,0.9369999999999999,0.9369999999999999,1,0.07142857142857142
1881,74873,14,0.9369999999999999,0.9369999999999999,1,0.07142857142857142
1882,74916,43,0.8065,0.8065,1,0.023255813953488372
1883,74930,14,0.9369999999999999,0.9369999999999999,1,0.07142857142857142
1884,74944,14,0.9369999999999999,0.9369999999999999,1,0.07142857142857142
1885,74958,14,0.9369999999999999,0.9369999999999999,1,0.07142857142857142
1886,74978,20,0.91,0.91,1,0.05
1887,74992,14,0.9369999999999999,0.9369999999999999,1,0.07142857142857142
1888,75008,16,0.9279999999999999,0.9279999999999999,1,0.0625
1889,75024,16,0.9279999999999999,0.9279999999999999,1,0.0625
1890,75040,16,0.9279999999999999,0.9279999999999999,1,0.0625
1891,75056,16,0.9279999999999999,0.9279999999999999,1,0.0625
1892,75070,14,0.9369999999999999,0.9369999999999999,1,0.07142857142857142
1893,75086,16,0.9279999999999999,0.9279999999999999,1,0.0625
1894,75104,18,0.919,0.919,1,0.05555555555555555
1895,75120,16,0.9279999999999999,0.9279999999999999,1,0.0625
1896,75134,14,0.9369999999999999,0.9369999999999999,1,0.07142857142857142
1897,75152,18,0.919,0.919,1,0.05555555555555555
1898,75166,14,0.9369999999999999,0.9369999999999999,1,0.07142857142857142
1899,75180,14,0.9369999999999999,0.9369999999999999,1,0.07142857142857142
1900,75194,14,0.9369999999999999,0.9369999999999999,1,0.07142857142857142
1901,75210,16,0.9279999999999999,0.9279999999999999,1,0.0625
1902,75268,58,0.739,0.739,1,0.017241379310344827
1903,75355,87,0.6085,0.6085,1,0.011494252873563218
1904,75374,19,0.9145,0.9145,1,0.05263157894736842
1905,75394,20,0.91,0.91,1,0.05
1906,75418,24,0.892,0.892,1,0.041666666666666664
1907,75432,14,0.9369999999999999,0.9369999999999999,1,0.07142857142857142
1908,75446,14,0.9369999999999999,0.9369999999999999,1,0.07142857142857142
1909,75484,38,0.829,0.829,1,0.02631578947368421
1910,75578,94,0.577,0.577,1,0.010638297872340425
1911,75592,14,0.9369999999999999,0.9369999999999999,1,0.07142857142857142
1912,75653,61,0.7255,0.7255,1,0.01639344262295082
1913,75667,14,0.9369999999999999,0.9369999999999999,1,0.07142857142857142
1914,75683,16,0.9279999999999999,0.9279999999999999,1,0.0625
1915,75697,14,0.9369999999999999,0.9369999999999999,1,0.07142857142857142
1916,75728,31,0.8605,0.8605,1,0.03225806451612903
1917,75746,18,0.919,0.919,1,0.05555555555555555
1918,75762,16,0.9279999999999999,0.9279999999999999,1,0.0625
1919,75795,33,0.8514999999999999,0.8514999999999999,1,0.12121212121212122
1920,75823,28,0.874,0.874,1,0.03571428571428571
1921,75837,14,0.9369999999999999,0.9369999999999999,1,0.07142857142857142
1922,75851,14,0.9369999999999999,0.9369999999999999,1,0.07142857142857142
1923,75935,84,0.622,0.622,1,0.011904761904761904
1924,75985,50,0.775,0.775,1,0.08
1925,76015,30,0.865,0.865,1,0.03333333333333333
1926,76029,14,0.9369999999999999,0.9369999999999999,1,0.07142857142857142
1927,76157,128,0.42399999999999993,0.42399999999999993,1,0.0078125
1928,76171,14,0.9369999999999999,0.9369999999999999,1,0.07142857142857142
1929,76189,18,0.919,0.919,1,0.05555555555555555
1930,76203,14,0.9369999999999999,0.9369999999999999,1,0.07142857142857142
1931,76237,34,0.847,0.847,1,0.029411764705882353
1932,76303,66,0.703,0.703,1,0.015151515151515152
1933,76355,52,0.766,0.766,1,0.019230769230769232
1934,76403,48,0.784,0.784,1,0.020833333333333332
1935,76441,38,0.829,0.829,1,0.02631578947368421
1936,76515,74,0.667,0.667,1,0.05405405405405406
1937,76545,30,0.865,0.865,1,0.03333333333333333
1938,76619,74,0.667,0.667,1,0.013513513513513514
1939,76697,78,0.649,0.649,1,0.01282051282051282
1940,76723,26,0.883,0.883,1,0.038461538461538464
1941,76739,16,0.9279999999999999,0.9279999999999999,1,0.0625
1942,76767,28,0.874,0.874,1,0.03571428571428571
1943,76795,28,0.874,0.874,1,0.03571428571428571
1944,76839,44,0.802,0.802,1,0.022727272727272728
1945,76909,70,0.685,0.685,1,0.014285714285714285
1946,76937,28,0.874,0.874,1,0.03571428571428571
1947,76959,22,0.901,0.901,1,0.045454545454545456
1948,76987,28,0.874,0.874,1,0.03571428571428571
1949,77029,42,0.8109999999999999,0.8109999999999999,1,0.023809523809523808
1950,77047,18,0.919,0.919,1,0.05555555555555555
1951,77061,14,0.9369999999999999,0.9369999999999999,1,0.07142857142857142
1952,77085,24,0.892,0.892,1,0.041666666666666664
1953,77101,16,0.9279999999999999,0.9279999999999999,1,0.0625
1954,77115,14,0.9369999999999999,0.9369999999999999,1,0.07142857142857142
1955,77129,14,0.9369999999999999,0.9369999999999999,1,0.07142857142857142
1956,77147,18,0.919,0.919,1,0.05555555555555555
1957,77165,18,0.919,0.919,1,0.05555555555555555
1958,77179,14,0.9369999999999999,0.9369999999999999,1,0.07142857142857142
1959,77196,17,0.9235,0.9235,1,0.058823529411764705
1960,77210,14,0.9369999999999999,0.9369999999999999,1,0.07142857142857142
1961,77224,14,0.9369999999999999,0.9369999999999999,1,0.07142857142857142
1962,77238,14,0.9369999999999999,0.9369999999999999,1,0.07142857142857142
1963,77253,15,0.9325,0.9325,1,0.06666666666666667
1964,77267,14,0.9369999999999999,0.9369999999999999,1,0.07142857142857142
1965,77281,14,0.9369999999999999,0.9369999999999999,1,0.07142857142857142
1966,77305,24,0.892,0.892,1,0.041666666666666664
1967,77319,14,0.9369999999999999,0.9369999999999999,1,0.07142857142857142
1968,77333,14,0.9369999999999999,0.9369999999999999,1,0.07142857142857142
1969,77349,16,0.9279999999999999,0.9279999999999999,1,0.0625
1970,77363,14,0.9369999999999999,0.9369999999999999,1,0.07142857142857142
1971,77377,14,0.9369999999999999,0.9369999999999999,1,0.07142857142857142
1972,77393,16,0.9279999999999999,0.9279999999999999,1,0.0625
1973,77407,14,0.9369999999999999,0.9369999999999999,1,0.07142857142857142
1974,77423,16,0.9279999999999999,0.9279999999999999,1,0.0625
1975,77437,14,0.9369999999999999,0.9369999999999999,1,0.07142857142857142
1976,77451,14,0.9369999999999999,0.9369999999999999,1,0.07142857142857142
1977,77465,14,0.9369999999999999,0.9369999999999999,1,0.07142857142857142
1978,77479,14,0.9369999999999999,0.9369999999999999,1,0.07142857142857142
1979,77493,14,0.9369999999999999,0.9369999999999999,1,0.07142857142857142
1980,77514,21,0.9055,0.9055,1,0.047619047619047616
1981,77528,14,0.9369999999999999,0.9369999999999999,1,0.07142857142857142
1982,77561,33,0.8514999999999999,0.8514999999999999,1,0.030303030303030304
1983,77575,14,0.9369999999999999,0.9369999999999999,1,0.07142857142857142
1984,77591,16,0.9279999999999999,0.9279999999999999,1,0.0625
1985,77605,14,0.9369999999999999,0.9369999999999999,1,0.07142857142857142
1986,77623,18,0.919,0.919,1,0.05555555555555555
1987,77637,14,0.9369999999999999,0.9369999999999999,1,0.07142857142857142
1988,77653,16,0.9279999999999999,0.9279999999999999,1,0.0625
1989,77673,20,0.91,0.91,1,0.05
1990,77687,14,0.9369999999999999,0.9369999999999999,1,0.07142857142857142
1991,77703,16,0.9279999999999999,0.9279999999999999,1,0.0625
1992,77717,14,0.9369999999999999,0.9369999999999999,1,0.07142857142857142
1993,77733,16,0.9279999999999999,0.9279999999999999,1,0.0625
1994,77747,14,0.9369999999999999,0.9369999999999999,1,0.07142857142857142
1995,77763,16,0.9279999999999999,0.9279999999999999,1,0.0625
1996,77777,14,0.9369999999999999,0.9369999999999999,1,0.07142857142857142
1997,77791,14,0.9369999999999999,0.9369999999999999,1,0.07142857142857142
1998,77807,16,0.9279999999999999,0.9279999999999999,1,0.0625
1999,77821,14,0.9369999999999999,0.9369999999999999,1,0.07142857142857142
2000,77835,14,0.9369999999999999,0.9369999999999999,1,0.07142857142857142
2001,77849,14,0.9369999999999999,0.9369999999999999,1,0.07142857142857142
2002,77863,14,0.9369999999999999,0.9369999999999999,1,0.07142857142857142
2003,77877,14,0.9369999999999999,0.9369999999999999,1,0.07142857142857142
2004,77891,14,0.9369999999999999,0.9369999999999999,1,0.07142857142857142
2005,77905,14,0.9369999999999999,0.9369999999999999,1,0.07142857142857142
2006,77921,16,0.9279999999999999,0.9279999999999999,1,0.0625
2007,77937,16,0.9279999999999999,0.9279999999999999,1,0.0625
2008,77953,16,0.9279999999999999,0.9279999999999999,1,0.0625
2009,77967,14,0.9369999999999999,0.9369999999999999,1,0.07142857142857142
2010,77981,14,0.9369999999999999,0.9369999999999999,1,0.07142857142857142
2011,77995,14,0.9369999999999999,0.9369999999999999,1,0.07142857142857142
2012,78195,200,0.0,0.0,0,0.005
2013,78395,200,0.0,0.0,0,0.005
2014,78595,200,0.0,0.0,0,0.005
2015,78795,200,0.0,0.0,0,0.005
2016,78995,200,0.0,0.0,0,0.005
2017,79195,200,0.0,0.0,0,0.005
2018,79395,200,0.0,0.0,0,0.165
2019,79595,200,0.0,0.0,0,0.135
2020,79795,200,0.0,0.0,0,0.035
2021,79995,200,0.0,0.0,0,0.015
2022,80195,200,0.0,0.0,0,0.065
2023,80395,200,0.0,0.0,0,0.005
2024,80595,200,0.0,0.0,0,0.005
2025,80640,45,0.7975,0.7975,1,0.022222222222222223
2026,80768,128,0.42399999999999993,0.42399999999999993,1,0.03125
2027,80820,52,0.766,0.766,1,0.019230769230769232
2028,80926,106,0.5229999999999999,0.5229999999999999,1,0.12264150943396226
2029,81126,200,0.0,0.0,0,0.005
2030,81326,200,0.0,0.0,0,0.045
2031,81526,200,0.0,0.0,0,0.005
2032,81626,100,0.55,0.55,1,0.01
2033,81826,200,0.0,0.0,0,0.005
2034,82026,200,0.0,0.0,0,0.005
2035,82042,16,0.9279999999999999,0.9279999999999999,1,0.0625
2036,82060,18,0.919,0.919,1,0.05555555555555555
2037,82098,38,0.829,0.829,1,0.02631578947368421
2038,82216,118,0.469,0.469,1,0.00847457627118644
2039,82416,200,0.0,0.0,0,0.005
2040,82432,16,0.9279999999999999,0.9279999999999999,1,0.0625
2041,82491,59,0.7344999999999999,0.7344999999999999,1,0.01694915254237288
2042,82524,33,0.8514999999999999,0.8514999999999999,1,0.030303030303030304
2043,82544,20,0.91,0.91,1,0.05
2044,82582,38,0.829,0.829,1,0.02631578947368421
2045,82596,14,0.9369999999999999,0.9369999999999999,1,0.07142857142857142
2046,82655,59,0.7344999999999999,0.7344999999999999,1,0.01694915254237288
2047,82725,70,0.685,0.685,1,0.35714285714285715
2048,82749,24,0.892,0.892,1,0.041666666666666664
2049,82777,28,0.874,0.874,1,0.03571428571428571
2050,82791,14,0.9369999999999999,0.9369999999999999,1,0.07142857142857142
2051,82807,16,0.9279999999999999,0.9279999999999999,1,0.0625
2052,82823,16,0.9279999999999999,0.9279999999999999,1,0.0625
2053,82847,24,0.892,0.892,1,0.041666666666666664
2054,82861,14,0.9369999999999999,0.9369999999999999,1,0.07142857142857142
2055,82895,34,0.847,0.847,1,0.08823529411764706
2056,82911,16,0.9279999999999999,0.9279999999999999,1,0.1875
2057,82925,14,0.9369999999999999,0.9369999999999999,1,0.07142857142857142
2058,82947,22,0.901,0.901,1,0.045454545454545456
2059,82967,20,0.91,0.91,1,0.05
2060,82991,24,0.892,0.892,1,0.041666666666666664
2061,83007,16,0.9279999999999999,0.9279999999999999,1,0.0625
2062,83107,100,0.55,0.55,1,0.01
2063,83169,62,0.721,0.721,1,0.5
2064,83284,115,0.48250000000000004,0.48250000000000004,1,0.1826086956521739
2065,83484,200,0.0,0.0,0,0.105
2066,83684,200,0.0,0.0,0,0.415
2067,83884,200,0.0,0.0,0,1.0
2068,84050,166,0.253,0.253,1,0.8012048192771084
2069,84074,24,0.892,0.892,1,0.375
2070,84096,22,0.901,0.901,1,0.13636363636363635
2071,84114,18,0.919,0.919,1,0.05555555555555555
2072,84136,22,0.901,0.901,1,0.13636363636363635
2073,84161,25,0.8875,0.8875,1,0.2
2074,84182,21,0.9055,0.9055,1,0.23809523809523808
2075,84218,36,0.838,0.838,1,0.25
2076,84246,28,0.874,0.874,1,0.2857142857142857
2077,84264,18,0.919,0.919,1,0.05555555555555555
2078,84278,14,0.9369999999999999,0.9369999999999999,1,0.07142857142857142
2079,84294,16,0.9279999999999999,0.9279999999999999,1,0.0625
2080,84310,16,0.9279999999999999,0.9279999999999999,1,0.0625
2081,84328,18,0.919,0.919,1,0.05555555555555555
2082,84342,14,0.9369999999999999,0.9369999999999999,1,0.07142857142857142
2083,84360,18,0.919,0.919,1,0.05555555555555555
2084,84380,20,0.91,0.91,1,0.05
2085,84444,64,0.712,0.712,1,0.25
2086,84458,14,0.9369999999999999,0.9369999999999999,1,0.07142857142857142
2087,84478,20,0.91,0.91,1,0.15
2088,84496,18,0.919,0.919,1,0.05555555555555555
2089,84512,16,0.9279999999999999,0.9279999999999999,1,0.0625
2090,84544,32,0.856,0.856,1,0.34375
2091,84558,14,0.9369999999999999,0.9369999999999999,1,0.07142857142857142
2092,84572,14,0.9369999999999999,0.9369999999999999,1,0.07142857142857142
2093,84590,18,0.919,0.919,1,0.05555555555555555
2094,84604,14,0.9369999999999999,0.9369999999999999,1,0.07142857142857142
2095,84620,16,0.9279999999999999,0.9279999999999999,1,0.0625
2096,84641,21,0.9055,0.9055,1,0.23809523809523808
2097,84657,16,0.9279999999999999,0.9279999999999999,1,0.0625
2098,84673,16,0.9279999999999999,0.9279999999999999,1,0.0625
2099,84693,20,0.91,0.91,1,0.05
2100,84717,24,0.892,0.892,1,0.4583333333333333
2101,84743,26,0.883,0.883,1,0.2692307692307692
2102,84761,18,0.919,0.919,1,0.05555555555555555
2103,84781,20,0.91,0.91,1,0.2
2104,84799,18,0.919,0.919,1,0.2777777777777778
2105,84821,22,0.901,0.901,1,0.18181818181818182
2106,84835,14,0.9369999999999999,0.9369999999999999,1,0.07142857142857142
2107,84849,14,0.9369999999999999,0.9369999999999999,1,0.07142857142857142
2108,84921,72,0.6759999999999999,0.6759999999999999,1,0.08333333333333333
2109,84945,24,0.892,0.892,1,0.25
2110,84959,14,0.9369999999999999,0.9369999999999999,1,0.07142857142857142
2111,84973,14,0.9369999999999999,0.9369999999999999,1,0.07142857142857142
2112,84987,14,0.9369999999999999,0.9369999999999999,1,0.07142857142857142
2113,85018,31,0.8605,0.8605,1,0.1935483870967742
2114,85034,16,0.9279999999999999,0.9279999999999999,1,0.0625
2115,85050,16,0.9279999999999999,0.9279999999999999,1,0.0625
2116,85066,16,0.9279999999999999,0.9279999999999999,1,0.0625
2117,85082,16,0.9279999999999999,0.9279999999999999,1,0.0625
2118,85100,18,0.919,0.919,1,0.05555555555555555
2119,85130,30,0.865,0.865,1,0.03333333333333333
2120,85144,14,0.9369999999999999,0.9369999999999999,1,0.07142857142857142
2121,85166,22,0.901,0.901,1,0.045454545454545456
2122,85186,20,0.91,0.91,1,0.05
2123,85200,14,0.9369999999999999,0.9369999999999999,1,0.07142857142857142
2124,85216,16,0.9279999999999999,0.9279999999999999,1,0.0625
2125,85230,14,0.9369999999999999,0.9369999999999999,1,0.07142857142857142
2126,85246,16,0.9279999999999999,0.9279999999999999,1,0.0625
2127,85260,14,0.9369999999999999,0.9369999999999999,1,0.07142857142857142
2128,85278,18,0.919,0.919,1,0.05555555555555555
2129,85292,14,0.9369999999999999,0.9369999999999999,1,0.07142857142857142
2130,85306,14,0.9369999999999999,0.9369999999999999,1,0.07142857142857142
2131,85320,14,0.9369999999999999,0.9369999999999999,1,0.07142857142857142
2132,85334,14,0.9369999999999999,0.9369999999999999,1,0.07142857142857142
2133,85352,18,0.919,0.919,1,0.05555555555555555
2134,85367,15,0.9325,0.9325,1,0.06666666666666667
2135,85381,14,0.9369999999999999,0.9369999999999999,1,0.07142857142857142
2136,85397,16,0.9279999999999999,0.9279999999999999,1,0.1875
2137,85411,14,0.9369999999999999,0.9369999999999999,1,0.07142857142857142
2138,85425,14,0.9369999999999999,0.9369999999999999,1,0.07142857142857142
2139,85439,14,0.9369999999999999,0.9369999999999999,1,0.07142857142857142
2140,85639,200,0.0,0.0,0,0.005
2141,85653,14,0.9369999999999999,0.9369999999999999,1,0.07142857142857142
2142,85669,16,0.9279999999999999,0.9279999999999999,1,0.0625
2143,85683,14,0.9369999999999999,0.9369999999999999,1,0.07142857142857142
2144,85786,103,0.5365,0.5365,1,0.019417475728155338
2145,85856,70,0.685,0.685,1,0.05714285714285714
2146,85870,14,0.9369999999999999,0.9369999999999999,1,0.07142857142857142
2147,85884,14,0.9369999999999999,0.9369999999999999,1,0.07142857142857142
2148,85902,18,0.919,0.919,1,0.2777777777777778
2149,86102,200,0.0,0.0,0,0.01
2150,86118,16,0.9279999999999999,0.9279999999999999,1,0.0625
2151,86132,14,0.9369999999999999,0.9369999999999999,1,0.07142857142857142
2152,86148,16,0.9279999999999999,0.9279999999999999,1,0.0625
2153,86162,14,0.9369999999999999,0.9369999999999999,1,0.07142857142857142
2154,86176,14,0.9369999999999999,0.9369999999999999,1,0.07142857142857142
2155,86192,16,0.9279999999999999,0.9279999999999999,1,0.1875
2156,86206,14,0.9369999999999999,0.9369999999999999,1,0.07142857142857142
2157,86224,18,0.919,0.919,1,0.16666666666666666
2158,86238,14,0.9369999999999999,0.9369999999999999,1,0.07142857142857142
2159,86252,14,0.9369999999999999,0.9369999999999999,1,0.07142857142857142
2160,86270,18,0.919,0.919,1,0.05555555555555555
2161,86286,16,0.9279999999999999,0.9279999999999999,1,0.0625
2162,86300,14,0.9369999999999999,0.9369999999999999,1,0.07142857142857142
2163,86316,16,0.9279999999999999,0.9279999999999999,1,0.0625
2164,86330,14,0.9369999999999999,0.9369999999999999,1,0.07142857142857142
2165,86344,14,0.9369999999999999,0.9369999999999999,1,0.07142857142857142
2166,86360,16,0.9279999999999999,0.9279999999999999,1,0.0625
2167,86374,14,0.9369999999999999,0.9369999999999999,1,0.07142857142857142
2168,86390,16,0.9279999999999999,0.9279999999999999,1,0.0625
2169,86406,16,0.9279999999999999,0.9279999999999999,1,0.1875
2170,86424,18,0.919,0.919,1,0.05555555555555555
2171,86438,14,0.9369999999999999,0.9369999999999999,1,0.07142857142857142
2172,86452,14,0.9369999999999999,0.9369999999999999,1,0.07142857142857142
2173,86466,14,0.9369999999999999,0.9369999999999999,1,0.07142857142857142
2174,86480,14,0.9369999999999999,0.9369999999999999,1,0.07142857142857142
2175,86498,18,0.919,0.919,1,0.05555555555555555
2176,86524,26,0.883,0.883,1,0.07692307692307693
2177,86540,16,0.9279999999999999,0.9279999999999999,1,0.0625
2178,86554,14,0.9369999999999999,0.9369999999999999,1,0.07142857142857142
2179,86570,16,0.9279999999999999,0.9279999999999999,1,0.0625
2180,86584,14,0.9369999999999999,0.9369999999999999,1,0.07142857142857142
2181,86598,14,0.9369999999999999,0.9369999999999999,1,0.07142857142857142
2182,86612,14,0.9369999999999999,0.9369999999999999,1,0.07142857142857142
2183,86628,16,0.9279999999999999,0.9279999999999999,1,0.0625
2184,86642,14,0.9369999999999999,0.9369999999999999,1,0.07142857142857142
2185,86656,14,0.9369999999999999,0.9369999999999999,1,0.07142857142857142
2186,86670,14,0.9369999999999999,0.9369999999999999,1,0.07142857142857142
2187,86684,14,0.9369999999999999,0.9369999999999999,1,0.07142857142857142
2188,86698,14,0.9369999999999999,0.9369999999999999,1,0.07142857142857142
2189,86712,14,0.9369999999999999,0.9369999999999999,1,0.07142857142857142
2190,86726,14,0.9369999999999999,0.9369999999999999,1,0.07142857142857142
2191,86740,14,0.9369999999999999,0.9369999999999999,1,0.07142857142857142
2192,86758,18,0.919,0.919,1,0.05555555555555555
2193,86772,14,0.9369999999999999,0.9369999999999999,1,0.07142857142857142
2194,86786,14,0.9369999999999999,0.9369999999999999,1,0.07142857142857142
2195,86800,14,0.9369999999999999,0.9369999999999999,1,0.07142857142857142
2196,86814,14,0.9369999999999999,0.9369999999999999,1,0.07142857142857142
2197,86828,14,0.9369999999999999,0.9369999999999999,1,0.07142857142857142
2198,86842,14,0.9369999999999999,0.9369999999999999,1,0.07142857142857142
2199,86856,14,0.9369999999999999,0.9369999999999999,1,0.07142857142857142
2200,86870,14,0.9369999999999999,0.9369999999999999,1,0.07142857142857142
2201,86884,14,0.9369999999999999,0.9369999999999999,1,0.07142857142857142
2202,86898,14,0.9369999999999999,0.9369999999999999,1,0.07142857142857142
2203,86912,14,0.9369999999999999,0.9369999999999999,1,0.07142857142857142
2204,86926,14,0.9369999999999999,0.9369999999999999,1,0.07142857142857142
2205,86940,14,0.9369999999999999,0.9369999999999999,1,0.07142857142857142
2206,86954,14,0.9369999999999999,0.9369999999999999,1,0.07142857142857142
2207,86968,14,0.9369999999999999,0.9369999999999999,1,0.07142857142857142
2208,86982,14,0.9369999999999999,0.9369999999999999,1,0.07142857142857142
2209,86996,14,0.9369999999999999,0.9369999999999999,1,0.07142857142857142
2210,87014,18,0.919,0.919,1,0.05555555555555555
2211,87028,14,0.9369999999999999,0.9369999999999999,1,0.07142857142857142
2212,87042,14,0.9369999999999999,0.9369999999999999,1,0.07142857142857142
2213,87056,14,0.9369999999999999,0.9369999999999999,1,0.07142857142857142
2214,87070,14,0.9369999999999999,0.9369999999999999,1,0.07142857142857142
2215,87084,14,0.9369999999999999,0.9369999999999999,1,0.07142857142857142
2216,87100,16,0.9279999999999999,0.9279999999999999,1,0.0625
2217,87119,19,0.9145,0.9145,1,0.05263157894736842
2218,87133,14,0.9369999999999999,0.9369999999999999,1,0.07142857142857142
2219,87147,14,0.9369999999999999,0.9369999999999999,1,0.07142857142857142
2220,87161,14,0.9369999999999999,0.9369999999999999,1,0.07142857142857142
2221,87175,14,0.9369999999999999,0.9369999999999999,1,0.07142857142857142
2222,87189,14,0.9369999999999999,0.9369999999999999,1,0.07142857142857142
2223,87203,14,0.9369999999999999,0.9369999999999999,1,0.07142857142857142
2224,87217,14,0.9369999999999999,0.9369999999999999,1,0.07142857142857142
2225,87231,14,0.9369999999999999,0.9369999999999999,1,0.07142857142857142
2226,87245,14,0.9369999999999999,0.9369999999999999,1,0.07142857142857142
2227,87259,14,0.9369999999999999,0.9369999999999999,1,0.07142857142857142
2228,87273,14,0.9369999999999999,0.9369999999999999,1,0.07142857142857142
2229,87289,16,0.9279999999999999,0.9279999999999999,1,0.1875
2230,87303,14,0.9369999999999999,0.9369999999999999,1,0.07142857142857142
2231,87319,16,0.9279999999999999,0.9279999999999999,1,0.0625
2232,87335,16,0.9279999999999999,0.9279999999999999,1,0.0625
2233,87349,14,0.9369999999999999,0.9369999999999999,1,0.07142857142857142
2234,87365,16,0.9279999999999999,0.9279999999999999,1,0.0625
2235,87379,14,0.9369999999999999,0.9369999999999999,1,0.07142857142857142
2236,87395,16,0.9279999999999999,0.9279999999999999,1,0.0625
2237,87411,16,0.9279999999999999,0.9279999999999999,1,0.0625
2238,87425,14,0.9369999999999999,0.9369999999999999,1,0.07142857142857142
2239,87441,16,0.9279999999999999,0.9279999999999999,1,0.0625
2240,87455,14,0.9369999999999999,0.9369999999999999,1,0.07142857142857142
2241,87469,14,0.9369999999999999,0.9369999999999999,1,0.07142857142857142
2242,87485,16,0.9279999999999999,0.9279999999999999,1,0.0625
2243,87499,14,0.9369999999999999,0.9369999999999999,1,0.07142857142857142
2244,87513,14,0.9369999999999999,0.9369999999999999,1,0.07142857142857142
2245,87527,14,0.9369999999999999,0.9369999999999999,1,0.07142857142857142
2246,87541,14,0.9369999999999999,0.9369999999999999,1,0.07142857142857142
2247,87555,14,0.9369999999999999,0.9369999999999999,1,0.07142857142857142
2248,87573,18,0.919,0.919,1,0.05555555555555555
2249,87587,14,0.9369999999999999,0.9369999999999999,1,0.07142857142857142
2250,87603,16,0.9279999999999999,0.9279999999999999,1,0.0625
2251,87617,14,0.9369999999999999,0.9369999999999999,1,0.07142857142857142
2252,87633,16,0.9279999999999999,0.9279999999999999,1,0.0625
2253,87647,14,0.9369999999999999,0.9369999999999999,1,0.07142857142857142
2254,87661,14,0.9369999999999999,0.9369999999999999,1,0.07142857142857142
2255,87675,14,0.9369999999999999,0.9369999999999999,1,0.07142857142857142
2256,87691,16,0.9279999999999999,0.9279999999999999,1,0.0625
2257,87705,14,0.9369999999999999,0.9369999999999999,1,0.07142857142857142
2258,87719,14,0.9369999999999999,0.9369999999999999,1,0.07142857142857142
2259,87733,14,0.9369999999999999,0.9369999999999999,1,0.07142857142857142
2260,87747,14,0.9369999999999999,0.9369999999999999,1,0.07142857142857142
2261,87761,14,0.9369999999999999,0.9369999999999999,1,0.07142857142857142
2262,87775,14,0.9369999999999999,0.9369999999999999,1,0.07142857142857142
2263,87789,14,0.9369999999999999,0.9369999999999999,1,0.07142857142857142
2264,87805,16,0.9279999999999999,0.9279999999999999,1,0.0625
2265,87821,16,0.9279999999999999,0.9279999999999999,1,0.0625
2266,87835,14,0.9369999999999999,0.9369999999999999,1,0.07142857142857142
2267,87851,16,0.9279999999999999,0.9279999999999999,1,0.0625
2268,87867,16,0.9279999999999999,0.9279999999999999,1,0.0625
2269,87881,14,0.9369999999999999,0.9369999999999999,1,0.07142857142857142
2270,87895,14,0.9369999999999999,0.9369999999999999,1,0.07142857142857142
2271,87909,14,0.9369999999999999,0.9369999999999999,1,0.07142857142857142
2272,87925,16,0.9279999999999999,0.9279999999999999,1,0.1875
2273,87939,14,0.9369999999999999,0.9369999999999999,1,0.07142857142857142
2274,87953,14,0.9369999999999999,0.9369999999999999,1,0.07142857142857142
2275,87969,16,0.9279999999999999,0.9279999999999999,1,0.0625
2276,87985,16,0.9279999999999999,0.9279999999999999,1,0.0625
2277,88001,16,0.9279999999999999,0.9279999999999999,1,0.0625
2278,88017,16,0.9279999999999999,0.9279999999999999,1,0.0625
2279,88031,14,0.9369999999999999,0.9369999999999999,1,0.07142857142857142
2280,88049,18,0.919,0.919,1,0.05555555555555555
2281,88071,22,0.901,0.901,1,0.045454545454545456
2282,88086,15,0.9325,0.9325,1,0.06666666666666667
2283,88102,16,0.9279999999999999,0.9279999999999999,1,0.0625
2284,88116,14,0.9369999999999999,0.9369999999999999,1,0.07142857142857142
2285,88132,16,0.9279999999999999,0.9279999999999999,1,0.1875
2286,88188,56,0.748,0.748,1,0.05357142857142857
2287,88206,18,0.919,0.919,1,0.05555555555555555
2288,88220,14,0.9369999999999999,0.9369999999999999,1,0.07142857142857142
2289,88258,38,0.829,0.829,1,0.07894736842105263
2290,88272,14,0.9369999999999999,0.9369999999999999,1,0.07142857142857142
2291,88288,16,0.9279999999999999,0.9279999999999999,1,0.0625
2292,88304,16,0.9279999999999999,0.9279999999999999,1,0.0625
2293,88342,38,0.829,0.829,1,0.02631578947368421
2294,88356,14,0.9369999999999999,0.9369999999999999,1,0.07142857142857142
2295,88403,47,0.7885,0.7885,1,0.02127659574468085
2296,88419,16,0.9279999999999999,0.9279999999999999,1,0.0625
2297,88433,14,0.9369999999999999,0.9369999999999999,1,0.07142857142857142
2298,88473,40,0.82,0.82,1,0.025
2299,88487,14,0.9369999999999999,0.9369999999999999,1,0.07142857142857142
2300,88511,24,0.892,0.892,1,0.041666666666666664
2301,88527,16,0.9279999999999999,0.9279999999999999,1,0.0625
2302,88589,62,0.721,0.721,1,0.016129032258064516
2303,88605,16,0.9279999999999999,0.9279999999999999,1,0.1875
2304,88619,14,0.9369999999999999,0.9369999999999999,1,0.07142857142857142
2305,88647,28,0.874,0.874,1,0.03571428571428571
2306,88665,18,0.919,0.919,1,0.05555555555555555
2307,88681,16,0.9279999999999999,0.9279999999999999,1,0.0625
2308,88701,20,0.91,0.91,1,0.05
2309,88727,26,0.883,0.883,1,0.038461538461538464
2310,88747,20,0.91,0.91,1,0.05
2311,88761,14,0.9369999999999999,0.9369999999999999,1,0.07142857142857142
2312,88775,14,0.9369999999999999,0.9369999999999999,1,0.07142857142857142
2313,88801,26,0.883,0.883,1,0.19230769230769232
2314,88823,22,0.901,0.901,1,0.045454545454545456
2315,88847,24,0.892,0.892,1,0.125
2316,88865,18,0.919,0.919,1,0.05555555555555555
2317,88881,16,0.9279999999999999,0.9279999999999999,1,0.0625
2318,88895,14,0.9369999999999999,0.9369999999999999,1,0.07142857142857142
2319,88913,18,0.919,0.919,1,0.05555555555555555
2320,88927,14,0.9369999999999999,0.9369999999999999,1,0.07142857142857142
2321,88956,29,0.8694999999999999,0.8694999999999999,1,0.034482758620689655
2322,88988,32,0.856,0.856,1,0.03125
2323,89004,16,0.9279999999999999,0.9279999999999999,1,0.0625
2324,89018,14,0.9369999999999999,0.9369999999999999,1,0.07142857142857142
2325,89032,14,0.9369999999999999,0.9369999999999999,1,0.07142857142857142
2326,89048,16,0.9279999999999999,0.9279999999999999,1,0.0625
2327,89062,14,0.9369999999999999,0.9369999999999999,1,0.07142857142857142
2328,89080,18,0.919,0.919,1,0.05555555555555555
2329,89094,14,0.9369999999999999,0.9369999999999999,1,0.07142857142857142
2330,89110,16,0.9279999999999999,0.9279999999999999,1,0.0625
2331,89130,20,0.91,0.91,1,0.05
2332,89146,16,0.9279999999999999,0.9279999999999999,1,0.1875
2333,89164,18,0.919,0.919,1,0.05555555555555555
2334,89178,14,0.9369999999999999,0.9369999999999999,1,0.07142857142857142
2335,89194,16,0.9279999999999999,0.9279999999999999,1,0.0625
2336,89208,14,0.9369999999999999,0.9369999999999999,1,0.07142857142857142
2337,89222,14,0.9369999999999999,0.9369999999999999,1,0.07142857142857142
2338,89240,18,0.919,0.919,1,0.05555555555555555
2339,89254,14,0.9369999999999999,0.9369999999999999,1,0.07142857142857142
2340,89268,14,0.9369999999999999,0.9369999999999999,1,0.07142857142857142
2341,89282,14,0.9369999999999999,0.9369999999999999,1,0.07142857142857142
2342,89298,16,0.9279999999999999,0.9279999999999999,1,0.0625
2343,89314,16,0.9279999999999999,0.9279999999999999,1,0.0625
2344,89350,36,0.838,0.838,1,0.027777777777777776
2345,89364,14,0.9369999999999999,0.9369999999999999,1,0.07142857142857142
2346,89380,16,0.9279999999999999,0.9279999999999999,1,0.0625
2347,89394,14,0.9369999999999999,0.9369999999999999,1,0.07142857142857142
2348,89408,14,0.9369999999999999,0.9369999999999999,1,0.07142857142857142
2349,89430,22,0.901,0.901,1,0.045454545454545456
2350,89458,28,0.874,0.874,1,0.03571428571428571
2351,89474,16,0.9279999999999999,0.9279999999999999,1,0.0625
2352,89488,14,0.9369999999999999,0.9369999999999999,1,0.07142857142857142
2353,89502,14,0.9369999999999999,0.9369999999999999,1,0.07142857142857142
2354,89516,14,0.9369999999999999,0.9369999999999999,1,0.07142857142857142
2355,89532,16,0.9279999999999999,0.9279999999999999,1,0.0625
2356,89548,16,0.9279999999999999,0.9279999999999999,1,0.0625
2357,89562,14,0.9369999999999999,0.9369999999999999,1,0.07142857142857142
2358,89578,16,0.9279999999999999,0.9279999999999999,1,0.0625
2359,89592,14,0.9369999999999999,0.9369999999999999,1,0.07142857142857142
2360,89606,14,0.9369999999999999,0.9369999999999999,1,0.07142857142857142
2361,89624,18,0.919,0.919,1,0.05555555555555555
2362,89650,26,0.883,0.883,1,0.038461538461538464
2363,89664,14,0.9369999999999999,0.9369999999999999,1,0.07142857142857142
2364,89680,16,0.9279999999999999,0.9279999999999999,1,0.0625
2365,89694,14,0.9369999999999999,0.9369999999999999,1,0.07142857142857142
2366,89708,14,0.9369999999999999,0.9369999999999999,1,0.07142857142857142
2367,89736,28,0.874,0.874,1,0.03571428571428571
2368,89750,14,0.9369999999999999,0.9369999999999999,1,0.07142857142857142
2369,89764,14,0.9369999999999999,0.9369999999999999,1,0.07142857142857142
2370,89778,14,0.9369999999999999,0.9369999999999999,1,0.07142857142857142
2371,89804,26,0.883,0.883,1,0.038461538461538464
2372,89824,20,0.91,0.91,1,0.05
2373,89840,16,0.9279999999999999,0.9279999999999999,1,0.0625
2374,89862,22,0.901,0.901,1,0.045454545454545456
2375,89876,14,0.9369999999999999,0.9369999999999999,1,0.07142857142857142
2376,89896,20,0.91,0.91,1,0.15
2377,89910,14,0.9369999999999999,0.9369999999999999,1,0.07142857142857142
2378,89928,18,0.919,0.919,1,0.05555555555555555
2379,89958,30,0.865,0.865,1,0.03333333333333333
2380,89972,14,0.9369999999999999,0.9369999999999999,1,0.07142857142857142
2381,89986,14,0.9369999999999999,0.9369999999999999,1,0.07142857142857142
2382,90000,14,0.9369999999999999,0.9369999999999999,1,0.07142857142857142
2383,90016,16,0.9279999999999999,0.9279999999999999,1,0.0625
2384,90082,66,0.703,0.703,1,0.045454545454545456
2385,90134,52,0.766,0.766,1,0.019230769230769232
2386,90148,14,0.9369999999999999,0.9369999999999999,1,0.07142857142857142
2387,90174,26,0.883,0.883,1,0.038461538461538464
2388,90248,74,0.667,0.667,1,0.013513513513513514
2389,90326,78,0.649,0.649,1,0.01282051282051282
2390,90347,21,0.9055,0.9055,1,0.047619047619047616
2391,90367,20,0.91,0.91,1,0.05
2392,90419,52,0.766,0.766,1,0.019230769230769232
2393,90433,14,0.9369999999999999,0.9369999999999999,1,0.07142857142857142
2394,90449,16,0.9279999999999999,0.9279999999999999,1,0.1875
2395,90465,16,0.9279999999999999,0.9279999999999999,1,0.0625
2396,90501,36,0.838,0.838,1,0.027777777777777776
2397,90527,26,0.883,0.883,1,0.038461538461538464
2398,90541,14,0.9369999999999999,0.9369999999999999,1,0.07142857142857142
2399,90571,30,0.865,0.865,1,0.1
2400,90587,16,0.9279999999999999,0.9279999999999999,1,0.0625
2401,90637,50,0.775,0.775,1,0.02
2402,90651,14,0.9369999999999999,0.9369999999999999,1,0.07142857142857142
2403,90705,54,0.757,0.757,1,0.018518518518518517
2404,90719,14,0.9369999999999999,0.9369999999999999,1,0.07142857142857142
2405,90737,18,0.919,0.919,1,0.05555555555555555
2406,90835,98,0.5589999999999999,0.5589999999999999,1,0.01020408163265306
2407,90851,16,0.9279999999999999,0.9279999999999999,1,0.1875
2408,90893,42,0.8109999999999999,0.8109999999999999,1,0.023809523809523808
2409,90909,16,0.9279999999999999,0.9279999999999999,1,0.0625
2410,90932,23,0.8965,0.8965,1,0.043478260869565216
2411,90948,16,0.9279999999999999,0.9279999999999999,1,0.0625
2412,90962,14,0.9369999999999999,0.9369999999999999,1,0.07142857142857142
2413,90986,24,0.892,0.892,1,0.041666666666666664
2414,91000,14,0.9369999999999999,0.9369999999999999,1,0.07142857142857142
2415,91018,18,0.919,0.919,1,0.16666666666666666
2416,91032,14,0.9369999999999999,0.9369999999999999,1,0.07142857142857142
2417,91048,16,0.9279999999999999,0.9279999999999999,1,0.0625
2418,91062,14,0.9369999999999999,0.9369999999999999,1,0.07142857142857142
2419,91078,16,0.9279999999999999,0.9279999999999999,1,0.0625
2420,91096,18,0.919,0.919,1,0.16666666666666666
2421,91116,20,0.91,0.91,1,0.05
2422,91130,14,0.9369999999999999,0.9369999999999999,1,0.07142857142857142
2423,91144,14,0.9369999999999999,0.9369999999999999,1,0.07142857142857142
2424,91160,16,0.9279999999999999,0.9279999999999999,1,0.0625
2425,91179,19,0.9145,0.9145,1,0.15789473684210525
2426,91195,16,0.9279999999999999,0.9279999999999999,1,0.0625
2427,91209,14,0.9369999999999999,0.9369999999999999,1,0.07142857142857142
2428,91255,46,0.7929999999999999,0.7929999999999999,1,0.06521739130434782
2429,91295,40,0.82,0.82,1,0.025
2430,91404,109,0.5095,0.5095,1,0.009174311926605505
2431,91440,36,0.838,0.838,1,0.027777777777777776
2432,91504,64,0.712,0.712,1,0.015625
2433,91524,20,0.91,0.91,1,0.05
2434,91554,30,0.865,0.865,1,0.03333333333333333
2435,91570,16,0.9279999999999999,0.9279999999999999,1,0.0625
2436,91584,14,0.9369999999999999,0.9369999999999999,1,0.07142857142857142
2437,91598,14,0.9369999999999999,0.9369999999999999,1,0.07142857142857142
2438,91612,14,0.9369999999999999,0.9369999999999999,1,0.07142857142857142
2439,91626,14,0.9369999999999999,0.9369999999999999,1,0.07142857142857142
2440,91642,16,0.9279999999999999,0.9279999999999999,1,0.0625
2441,91656,14,0.9369999999999999,0.9369999999999999,1,0.07142857142857142
2442,91674,18,0.919,0.919,1,0.05555555555555555
2443,91706,32,0.856,0.856,1,0.03125
2444,91726,20,0.91,0.91,1,0.05
2445,91762,36,0.838,0.838,1,0.027777777777777776
2446,91776,14,0.9369999999999999,0.9369999999999999,1,0.07142857142857142
2447,91790,14,0.9369999999999999,0.9369999999999999,1,0.07142857142857142
2448,91804,14,0.9369999999999999,0.9369999999999999,1,0.07142857142857142
2449,91820,16,0.9279999999999999,0.9279999999999999,1,0.0625
2450,91885,65,0.7075,0.7075,1,0.015384615384615385
2451,91899,14,0.9369999999999999,0.9369999999999999,1,0.07142857142857142
2452,91919,20,0.91,0.91,1,0.05
2453,91933,14,0.9369999999999999,0.9369999999999999,1,0.07142857142857142
2454,91947,14,0.9369999999999999,0.9369999999999999,1,0.07142857142857142
2455,91965,18,0.919,0.919,1,0.2777777777777778
2456,91979,14,0.9369999999999999,0.9369999999999999,1,0.07142857142857142
2457,92007,28,0.874,0.874,1,0.03571428571428571
2458,92026,19,0.9145,0.9145,1,0.2631578947368421
2459,92040,14,0.9369999999999999,0.9369999999999999,1,0.07142857142857142
2460,92062,22,0.901,0.901,1,0.13636363636363635
2461,92084,22,0.901,0.901,1,0.045454545454545456
2462,92106,22,0.901,0.901,1,0.045454545454545456
2463,92147,41,0.8155,0.8155,1,0.024390243902439025
2464,92192,45,0.7975,0.7975,1,0.022222222222222223
2465,92230,38,0.829,0.829,1,0.02631578947368421
2466,92244,14,0.9369999999999999,0.9369999999999999,1,0.07142857142857142
2467,92258,14,0.9369999999999999,0.9369999999999999,1,0.07142857142857142
2468,92284,26,0.883,0.883,1,0.038461538461538464
2469,92304,20,0.91,0.91,1,0.05
2470,92321,17,0.9235,0.9235,1,0.058823529411764705
2471,92368,47,0.7885,0.7885,1,0.02127659574468085
2472,92396,28,0.874,0.874,1,0.10714285714285714
2473,92414,18,0.919,0.919,1,0.05555555555555555
2474,92441,27,0.8785,0.8785,1,0.037037037037037035
2475,92471,30,0.865,0.865,1,0.03333333333333333
2476,92494,23,0.8965,0.8965,1,0.043478260869565216
2477,92518,24,0.892,0.892,1,0.041666666666666664
2478,92718,200,0.0,0.0,0,0.005
2479,92798,80,0.6399999999999999,0.6399999999999999,1,0.0125
2480,92891,93,0.5814999999999999,0.5814999999999999,1,0.010752688172043012
2481,92925,34,0.847,0.847,1,0.029411764705882353
2482,92958,33,0.8514999999999999,0.8514999999999999,1,0.030303030303030304
2483,92982,24,0.892,0.892,1,0.041666666666666664
2484,93013,31,0.8605,0.8605,1,0.03225806451612903
2485,93031,18,0.919,0.919,1,0.05555555555555555
2486,93045,14,0.9369999999999999,0.9369999999999999,1,0.07142857142857142
2487,93061,16,0.9279999999999999,0.9279999999999999,1,0.0625
2488,93075,14,0.9369999999999999,0.9369999999999999,1,0.07142857142857142
2489,93093,18,0.919,0.919,1,0.05555555555555555
2490,93111,18,0.919,0.919,1,0.05555555555555555
2491,93127,16,0.9279999999999999,0.9279999999999999,1,0.0625
2492,93143,16,0.9279999999999999,0.9279999999999999,1,0.0625
2493,93165,22,0.901,0.901,1,0.045454545454545456
2494,93201,36,0.838,0.838,1,0.027777777777777776
2495,93223,22,0.901,0.901,1,0.045454545454545456
2496,93241,18,0.919,0.919,1,0.05555555555555555
2497,93265,24,0.892,0.892,1,0.041666666666666664
2498,93301,36,0.838,0.838,1,0.027777777777777776
2499,93331,30,0.865,0.865,1,0.03333333333333333
2500,93347,16,0.9279999999999999,0.9279999999999999,1,0.0625
2501,93361,14,0.9369999999999999,0.9369999999999999,1,0.07142857142857142
2502,93379,18,0.919,0.919,1,0.05555555555555555
2503,93393,14,0.9369999999999999,0.9369999999999999,1,0.07142857142857142
2504,93417,24,0.892,0.892,1,0.041666666666666664
2505,93433,16,0.9279999999999999,0.9279999999999999,1,0.0625
2506,93461,28,0.874,0.874,1,0.03571428571428571
2507,93475,14,0.9369999999999999,0.9369999999999999,1,0.07142857142857142
2508,93497,22,0.901,0.901,1,0.045454545454545456
2509,93511,14,0.9369999999999999,0.9369999999999999,1,0.07142857142857142
2510,93527,16,0.9279999999999999,0.9279999999999999,1,0.1875
2511,93543,16,0.9279999999999999,0.9279999999999999,1,0.0625
2512,93557,14,0.9369999999999999,0.9369999999999999,1,0.07142857142857142
2513,93577,20,0.91,0.91,1,0.05
2514,93591,14,0.9369999999999999,0.9369999999999999,1,0.07142857142857142
2515,93605,14,0.9369999999999999,0.9369999999999999,1,0.07142857142857142
2516,93621,16,0.9279999999999999,0.9279999999999999,1,0.0625
2517,93635,14,0.9369999999999999,0.9369999999999999,1,0.07142857142857142
2518,93649,14,0.9369999999999999,0.9369999999999999,1,0.07142857142857142
2519,93663,14,0.9369999999999999,0.9369999999999999,1,0.07142857142857142
2520,93678,15,0.9325,0.9325,1,0.06666666666666667
2521,93692,14,0.9369999999999999,0.9369999999999999,1,0.07142857142857142
2522,93706,14,0.9369999999999999,0.9369999999999999,1,0.07142857142857142
2523,93736,30,0.865,0.865,1,0.1
2524,93758,22,0.901,0.901,1,0.045454545454545456
2525,93772,14,0.9369999999999999,0.9369999999999999,1,0.07142857142857142
2526,93786,14,0.9369999999999999,0.9369999999999999,1,0.07142857142857142
2527,93800,14,0.9369999999999999,0.9369999999999999,1,0.07142857142857142
2528,93814,14,0.9369999999999999,0.9369999999999999,1,0.07142857142857142
2529,93828,14,0.9369999999999999,0.9369999999999999,1,0.07142857142857142
2530,93844,16,0.9279999999999999,0.9279999999999999,1,0.0625
2531,93858,14,0.9369999999999999,0.9369999999999999,1,0.07142857142857142
2532,93872,14,0.9369999999999999,0.9369999999999999,1,0.07142857142857142
2533,93904,32,0.856,0.856,1,0.03125
2534,93936,32,0.856,0.856,1,0.03125
2535,93952,16,0.9279999999999999,0.9279999999999999,1,0.0625
2536,93968,16,0.9279999999999999,0.9279999999999999,1,0.0625
2537,93982,14,0.9369999999999999,0.9369999999999999,1,0.07142857142857142
2538,94000,18,0.919,0.919,1,0.05555555555555555
2539,94028,28,0.874,0.874,1,0.03571428571428571
2540,94044,16,0.9279999999999999,0.9279999999999999,1,0.0625
2541,94066,22,0.901,0.901,1,0.045454545454545456
2542,94084,18,0.919,0.919,1,0.2777777777777778
2543,94100,16,0.9279999999999999,0.9279999999999999,1,0.0625
2544,94116,16,0.9279999999999999,0.9279999999999999,1,0.0625
2545,94130,14,0.9369999999999999,0.9369999999999999,1,0.07142857142857142
2546,94146,16,0.9279999999999999,0.9279999999999999,1,0.0625
2547,94160,14,0.9369999999999999,0.9369999999999999,1,0.07142857142857142
2548,94174,14,0.9369999999999999,0.9369999999999999,1,0.07142857142857142
2549,94192,18,0.919,0.919,1,0.16666666666666666
2550,94206,14,0.9369999999999999,0.9369999999999999,1,0.07142857142857142
2551,94220,14,0.9369999999999999,0.9369999999999999,1,0.07142857142857142
2552,94236,16,0.9279999999999999,0.9279999999999999,1,0.0625
2553,94250,14,0.9369999999999999,0.9369999999999999,1,0.07142857142857142
2554,94270,20,0.91,0.91,1,0.05
2555,94288,18,0.919,0.919,1,0.05555555555555555
2556,94308,20,0.91,0.91,1,0.25
2557,94324,16,0.9279999999999999,0.9279999999999999,1,0.0625
2558,94340,16,0.9279999999999999,0.9279999999999999,1,0.0625
2559,94354,14,0.9369999999999999,0.9369999999999999,1,0.07142857142857142
2560,94368,14,0.9369999999999999,0.9369999999999999,1,0.07142857142857142
2561,94386,18,0.919,0.919,1,0.16666666666666666
2562,94402,16,0.9279999999999999,0.9279999999999999,1,0.0625
2563,94416,14,0.9369999999999999,0.9369999999999999,1,0.07142857142857142
2564,94433,17,0.9235,0.9235,1,0.058823529411764705
2565,94451,18,0.919,0.919,1,0.05555555555555555
2566,94467,16,0.9279999999999999,0.9279999999999999,1,0.0625
2567,94481,14,0.9369999999999999,0.9369999999999999,1,0.07142857142857142
2568,94495,14,0.9369999999999999,0.9369999999999999,1,0.07142857142857142
2569,94509,14,0.9369999999999999,0.9369999999999999,1,0.07142857142857142
2570,94523,14,0.9369999999999999,0.9369999999999999,1,0.07142857142857142
2571,94537,14,0.9369999999999999,0.9369999999999999,1,0.07142857142857142
2572,94555,18,0.919,0.919,1,0.16666666666666666
2573,94574,19,0.9145,0.9145,1,0.05263157894736842
2574,94588,14,0.9369999999999999,0.9369999999999999,1,0.07142857142857142
2575,94602,14,0.9369999999999999,0.9369999999999999,1,0.07142857142857142
2576,94618,16,0.9279999999999999,0.9279999999999999,1,0.1875
2577,94634,16,0.9279999999999999,0.9279999999999999,1,0.1875
2578,94648,14,0.9369999999999999,0.9369999999999999,1,0.07142857142857142
2579,94662,14,0.9369999999999999,0.9369999999999999,1,0.07142857142857142
2580,94678,16,0.9279999999999999,0.9279999999999999,1,0.0625
2581,94696,18,0.919,0.919,1,0.05555555555555555
2582,94712,16,0.9279999999999999,0.9279999999999999,1,0.0625
2583,94728,16,0.9279999999999999,0.9279999999999999,1,0.0625
2584,94742,14,0.9369999999999999,0.9369999999999999,1,0.07142857142857142
2585,94756,14,0.9369999999999999,0.9369999999999999,1,0.07142857142857142
2586,94772,16,0.9279999999999999,0.9279999999999999,1,0.0625
2587,94786,14,0.9369999999999999,0.9369999999999999,1,0.07142857142857142
2588,94802,16,0.9279999999999999,0.9279999999999999,1,0.0625
2589,94816,14,0.9369999999999999,0.9369999999999999,1,0.07142857142857142
2590,94830,14,0.9369999999999999,0.9369999999999999,1,0.07142857142857142
2591,94844,14,0.9369999999999999,0.9369999999999999,1,0.07142857142857142
2592,94860,16,0.9279999999999999,0.9279999999999999,1,0.1875
2593,94874,14,0.9369999999999999,0.9369999999999999,1,0.07142857142857142
2594,94890,16,0.9279999999999999,0.9279999999999999,1,0.0625
2595,94906,16,0.9279999999999999,0.9279999999999999,1,0.0625
2596,94920,14,0.9369999999999999,0.9369999999999999,1,0.07142857142857142
2597,94936,16,0.9279999999999999,0.9279999999999999,1,0.0625
2598,94950,14,0.9369999999999999,0.9369999999999999,1,0.07142857142857142
2599,94964,14,0.9369999999999999,0.9369999999999999,1,0.07142857142857142
2600,94978,14,0.9369999999999999,0.9369999999999999,1,0.07142857142857142
2601,94992,14,0.9369999999999999,0.9369999999999999,1,0.07142857142857142
2602,95008,16,0.9279999999999999,0.9279999999999999,1,0.0625
2603,95022,14,0.9369999999999999,0.9369999999999999,1,0.07142857142857142
2604,95069,47,0.7885,0.7885,1,0.02127659574468085
2605,95106,37,0.8335,0.8335,1,0.02702702702702703
2606,95125,19,0.9145,0.9145,1,0.05263157894736842
2607,95157,32,0.856,0.856,1,0.03125
2608,95189,32,0.856,0.856,1,0.03125
2609,95206,17,0.9235,0.9235,1,0.058823529411764705
2610,95222,16,0.9279999999999999,0.9279999999999999,1,0.0625
2611,95242,20,0.91,0.91,1,0.05
2612,95258,16,0.9279999999999999,0.9279999999999999,1,0.0625
2613,95276,18,0.919,0.919,1,0.05555555555555555
2614,95290,14,0.9369999999999999,0.9369999999999999,1,0.07142857142857142
2615,95310,20,0.91,0.91,1,0.05
2616,95328,18,0.919,0.919,1,0.05555555555555555
2617,95348,20,0.91,0.91,1,0.05
2618,95364,16,0.9279999999999999,0.9279999999999999,1,0.0625
2619,95378,14,0.9369999999999999,0.9369999999999999,1,0.07142857142857142
2620,95394,16,0.9279999999999999,0.9279999999999999,1,0.0625
2621,95410,16,0.9279999999999999,0.9279999999999999,1,0.0625
2622,95428,18,0.919,0.919,1,0.05555555555555555
2623,95442,14,0.9369999999999999,0.9369999999999999,1,0.07142857142857142
2624,95456,14,0.9369999999999999,0.9369999999999999,1,0.07142857142857142
2625,95492,36,0.838,0.838,1,0.027777777777777776
2626,95508,16,0.9279999999999999,0.9279999999999999,1,0.0625
2627,95522,14,0.9369999999999999,0.9369999999999999,1,0.07142857142857142
2628,95538,16,0.9279999999999999,0.9279999999999999,1,0.0625
2629,95572,34,0.847,0.847,1,0.029411764705882353
2630,95586,14,0.9369999999999999,0.9369999999999999,1,0.07142857142857142
2631,95600,14,0.9369999999999999,0.9369999999999999,1,0.07142857142857142
2632,95616,16,0.9279999999999999,0.9279999999999999,1,0.0625
2633,95630,14,0.9369999999999999,0.9369999999999999,1,0.07142857142857142
2634,95644,14,0.9369999999999999,0.9369999999999999,1,0.07142857142857142
2635,95658,14,0.9369999999999999,0.9369999999999999,1,0.07142857142857142
2636,95672,14,0.9369999999999999,0.9369999999999999,1,0.07142857142857142
2637,95688,16,0.9279999999999999,0.9279999999999999,1,0.1875
2638,95725,37,0.8335,0.8335,1,0.02702702702702703
2639,95747,22,0.901,0.901,1,0.045454545454545456
2640,95761,14,0.9369999999999999,0.9369999999999999,1,0.07142857142857142
2641,95775,14,0.9369999999999999,0.9369999999999999,1,0.07142857142857142
2642,95793,18,0.919,0.919,1,0.05555555555555555
2643,95807,14,0.9369999999999999,0.9369999999999999,1,0.07142857142857142
2644,95823,16,0.9279999999999999,0.9279999999999999,1,0.0625
2645,95845,22,0.901,0.901,1,0.045454545454545456
2646,95859,14,0.9369999999999999,0.9369999999999999,1,0.07142857142857142
2647,95873,14,0.9369999999999999,0.9369999999999999,1,0.07142857142857142
2648,95887,14,0.9369999999999999,0.9369999999999999,1,0.07142857142857142
2649,95901,14,0.9369999999999999,0.9369999999999999,1,0.07142857142857142
2650,95919,18,0.919,0.919,1,0.05555555555555555
2651,95946,27,0.8785,0.8785,1,0.037037037037037035
2652,95962,16,0.9279999999999999,0.9279999999999999,1,0.1875
2653,95976,14,0.9369999999999999,0.9369999999999999,1,0.07142857142857142
2654,95990,14,0.9369999999999999,0.9369999999999999,1,0.07142857142857142
2655,96004,14,0.9369999999999999,0.9369999999999999,1,0.07142857142857142
2656,96022,18,0.919,0.919,1,0.05555555555555555
2657,96222,200,0.0,0.0,0,0.005
2658,96250,28,0.874,0.874,1,0.17857142857142858
2659,96274,24,0.892,0.892,1,0.041666666666666664
2660,96294,20,0.91,0.91,1,0.05
2661,96340,46,0.7929999999999999,0.7929999999999999,1,0.021739130434782608
2662,96388,48,0.784,0.784,1,0.10416666666666667
2663,96402,14,0.9369999999999999,0.9369999999999999,1,0.07142857142857142
2664,96507,105,0.5275,0.5275,1,0.009523809523809525
2665,96521,14,0.9369999999999999,0.9369999999999999,1,0.07142857142857142
2666,96537,16,0.9279999999999999,0.9279999999999999,1,0.0625
2667,96551,14,0.9369999999999999,0.9369999999999999,1,0.07142857142857142
2668,96575,24,0.892,0.892,1,0.041666666666666664
2669,96597,22,0.901,0.901,1,0.4090909090909091
2670,96615,18,0.919,0.919,1,0.05555555555555555
2671,96637,22,0.901,0.901,1,0.045454545454545456
2672,96659,22,0.901,0.901,1,0.045454545454545456
2673,96727,68,0.694,0.694,1,0.014705882352941176
2674,96743,16,0.9279999999999999,0.9279999999999999,1,0.0625
2675,96767,24,0.892,0.892,1,0.041666666666666664
2676,96801,34,0.847,0.847,1,0.029411764705882353
2677,96823,22,0.901,0.901,1,0.045454545454545456
2678,96843,20,0.91,0.91,1,0.05
2679,96941,98,0.5589999999999999,0.5589999999999999,1,0.01020408163265306
2680,96959,18,0.919,0.919,1,0.2777777777777778
2681,96983,24,0.892,0.892,1,0.125
2682,97008,25,0.8875,0.8875,1,0.04
2683,97025,17,0.9235,0.9235,1,0.058823529411764705
2684,97039,14,0.9369999999999999,0.9369999999999999,1,0.07142857142857142
2685,97053,14,0.9369999999999999,0.9369999999999999,1,0.07142857142857142
2686,97067,14,0.9369999999999999,0.9369999999999999,1,0.07142857142857142
2687,97081,14,0.9369999999999999,0.9369999999999999,1,0.07142857142857142
2688,97095,14,0.9369999999999999,0.9369999999999999,1,0.07142857142857142
2689,97113,18,0.919,0.919,1,0.16666666666666666
2690,97127,14,0.9369999999999999,0.9369999999999999,1,0.07142857142857142
2691,97141,14,0.9369999999999999,0.9369999999999999,1,0.07142857142857142
2692,97155,14,0.9369999999999999,0.9369999999999999,1,0.07142857142857142
2693,97169,14,0.9369999999999999,0.9369999999999999,1,0.07142857142857142
2694,97187,18,0.919,0.919,1,0.05555555555555555
2695,97203,16,0.9279999999999999,0.9279999999999999,1,0.0625
2696,97219,16,0.9279999999999999,0.9279999999999999,1,0.1875
2697,97237,18,0.919,0.919,1,0.05555555555555555
2698,97251,14,0.9369999999999999,0.9369999999999999,1,0.07142857142857142
2699,97265,14,0.9369999999999999,0.9369999999999999,1,0.07142857142857142
2700,97279,14,0.9369999999999999,0.9369999999999999,1,0.07142857142857142
2701,97295,16,0.9279999999999999,0.9279999999999999,1,0.0625
2702,97309,14,0.9369999999999999,0.9369999999999999,1,0.07142857142857142
2703,97323,14,0.9369999999999999,0.9369999999999999,1,0.07142857142857142
2704,97337,14,0.9369999999999999,0.9369999999999999,1,0.07142857142857142
2705,97351,14,0.9369999999999999,0.9369999999999999,1,0.07142857142857142
2706,97365,14,0.9369999999999999,0.9369999999999999,1,0.07142857142857142
2707,97381,16,0.9279999999999999,0.9279999999999999,1,0.0625
2708,97395,14,0.9369999999999999,0.9369999999999999,1,0.07142857142857142
2709,97409,14,0.9369999999999999,0.9369999999999999,1,0.07142857142857142
2710,97424,15,0.9325,0.9325,1,0.06666666666666667
2711,97438,14,0.9369999999999999,0.9369999999999999,1,0.07142857142857142
2712,97456,18,0.919,0.919,1,0.16666666666666666
2713,97470,14,0.9369999999999999,0.9369999999999999,1,0.07142857142857142
2714,97484,14,0.9369999999999999,0.9369999999999999,1,0.07142857142857142
2715,97498,14,0.9369999999999999,0.9369999999999999,1,0.07142857142857142
2716,97512,14,0.9369999999999999,0.9369999999999999,1,0.07142857142857142
2717,97530,18,0.919,0.919,1,0.05555555555555555
2718,97544,14,0.9369999999999999,0.9369999999999999,1,0.07142857142857142
2719,97558,14,0.9369999999999999,0.9369999999999999,1,0.07142857142857142
2720,97572,14,0.9369999999999999,0.9369999999999999,1,0.07142857142857142
2721,97588,16,0.9279999999999999,0.9279999999999999,1,0.0625
2722,97602,14,0.9369999999999999,0.9369999999999999,1,0.07142857142857142
2723,97616,14,0.9369999999999999,0.9369999999999999,1,0.07142857142857142
2724,97630,14,0.9369999999999999,0.9369999999999999,1,0.07142857142857142
2725,97644,14,0.9369999999999999,0.9369999999999999,1,0.07142857142857142
2726,97662,18,0.919,0.919,1,0.2777777777777778
2727,97676,14,0.9369999999999999,0.9369999999999999,1,0.07142857142857142
2728,97690,14,0.9369999999999999,0.9369999999999999,1,0.07142857142857142
2729,97704,14,0.9369999999999999,0.9369999999999999,1,0.07142857142857142
2730,97718,14,0.9369999999999999,0.9369999999999999,1,0.07142857142857142
2731,97732,14,0.9369999999999999,0.9369999999999999,1,0.07142857142857142
2732,97748,16,0.9279999999999999,0.9279999999999999,1,0.0625
2733,97764,16,0.9279999999999999,0.9279999999999999,1,0.0625
2734,97778,14,0.9369999999999999,0.9369999999999999,1,0.07142857142857142
2735,97792,14,0.9369999999999999,0.9369999999999999,1,0.07142857142857142
2736,97806,14,0.9369999999999999,0.9369999999999999,1,0.07142857142857142
2737,97822,16,0.9279999999999999,0.9279999999999999,1,0.0625
2738,97838,16,0.9279999999999999,0.9279999999999999,1,0.0625
2739,97852,14,0.9369999999999999,0.9369999999999999,1,0.07142857142857142
2740,97868,16,0.9279999999999999,0.9279999999999999,1,0.1875
2741,97882,14,0.9369999999999999,0.9369999999999999,1,0.07142857142857142
2742,97898,16,0.9279999999999999,0.9279999999999999,1,0.1875
2743,97912,14,0.9369999999999999,0.9369999999999999,1,0.07142857142857142
2744,97928,16,0.9279999999999999,0.9279999999999999,1,0.0625
2745,97942,14,0.9369999999999999,0.9369999999999999,1,0.07142857142857142
2746,97956,14,0.9369999999999999,0.9369999999999999,1,0.07142857142857142
2747,97970,14,0.9369999999999999,0.9369999999999999,1,0.07142857142857142
2748,97984,14,0.9369999999999999,0.9369999999999999,1,0.07142857142857142
2749,98000,16,0.9279999999999999,0.9279999999999999,1,0.0625
2750,98018,18,0.919,0.919,1,0.05555555555555555
2751,98032,14,0.9369999999999999,0.9369999999999999,1,0.07142857142857142
2752,98050,18,0.919,0.919,1,0.05555555555555555
2753,98066,16,0.9279999999999999,0.9279999999999999,1,0.0625
2754,98082,16,0.9279999999999999,0.9279999999999999,1,0.0625
2755,98098,16,0.9279999999999999,0.9279999999999999,1,0.0625
2756,98112,14,0.9369999999999999,0.9369999999999999,1,0.07142857142857142
2757,98126,14,0.9369999999999999,0.9369999999999999,1,0.07142857142857142
2758,98142,16,0.9279999999999999,0.9279999999999999,1,0.0625
2759,98158,16,0.9279999999999999,0.9279999999999999,1,0.0625
2760,98174,16,0.9279999999999999,0.9279999999999999,1,0.0625
2761,98188,14,0.9369999999999999,0.9369999999999999,1,0.07142857142857142
2762,98202,14,0.9369999999999999,0.9369999999999999,1,0.07142857142857142
2763,98224,22,0.901,0.901,1,0.3181818181818182
2764,98238,14,0.9369999999999999,0.9369999999999999,1,0.07142857142857142
2765,98252,14,0.9369999999999999,0.9369999999999999,1,0.07142857142857142
2766,98268,16,0.9279999999999999,0.9279999999999999,1,0.0625
2767,98282,14,0.9369999999999999,0.9369999999999999,1,0.07142857142857142
2768,98296,14,0.9369999999999999,0.9369999999999999,1,0.07142857142857142
2769,98310,14,0.9369999999999999,0.9369999999999999,1,0.07142857142857142
2770,98327,17,0.9235,0.9235,1,0.17647058823529413
2771,98341,14,0.9369999999999999,0.9369999999999999,1,0.07142857142857142
2772,98355,14,0.9369999999999999,0.9369999999999999,1,0.07142857142857142
2773,98369,14,0.9369999999999999,0.9369999999999999,1,0.07142857142857142
2774,98383,14,0.9369999999999999,0.9369999999999999,1,0.07142857142857142
2775,98397,14,0.9369999999999999,0.9369999999999999,1,0.07142857142857142
2776,98411,14,0.9369999999999999,0.9369999999999999,1,0.07142857142857142
2777,98427,16,0.9279999999999999,0.9279999999999999,1,0.0625
2778,98441,14,0.9369999999999999,0.9369999999999999,1,0.07142857142857142
2779,98455,14,0.9369999999999999,0.9369999999999999,1,0.07142857142857142
2780,98471,16,0.9279999999999999,0.9279999999999999,1,0.1875
2781,98485,14,0.9369999999999999,0.9369999999999999,1,0.07142857142857142
2782,98501,16,0.9279999999999999,0.9279999999999999,1,0.0625
2783,98515,14,0.9369999999999999,0.9369999999999999,1,0.07142857142857142
2784,98531,16,0.9279999999999999,0.9279999999999999,1,0.0625
2785,98547,16,0.9279999999999999,0.9279999999999999,1,0.0625
2786,98561,14,0.9369999999999999,0.9369999999999999,1,0.07142857142857142
2787,98577,16,0.9279999999999999,0.9279999999999999,1,0.0625
2788,98591,14,0.9369999999999999,0.9369999999999999,1,0.07142857142857142
2789,98607,16,0.9279999999999999,0.9279999999999999,1,0.0625
2790,98623,16,0.9279999999999999,0.9279999999999999,1,0.1875
2791,98637,14,0.9369999999999999,0.9369999999999999,1,0.07142857142857142
2792,98651,14,0.9369999999999999,0.9369999999999999,1,0.07142857142857142
2793,98665,14,0.9369999999999999,0.9369999999999999,1,0.07142857142857142
2794,98679,14,0.9369999999999999,0.9369999999999999,1,0.07142857142857142
2795,98697,18,0.919,0.919,1,0.05555555555555555
2796,98713,16,0.9279999999999999,0.9279999999999999,1,0.0625
2797,98731,18,0.919,0.919,1,0.2777777777777778
2798,98749,18,0.919,0.919,1,0.05555555555555555
2799,98763,14,0.9369999999999999,0.9369999999999999,1,0.07142857142857142
2800,98777,14,0.9369999999999999,0.9369999999999999,1,0.07142857142857142
2801,98791,14,0.9369999999999999,0.9369999999999999,1,0.07142857142857142
2802,98805,14,0.9369999999999999,0.9369999999999999,1,0.07142857142857142
2803,98825,20,0.91,0.91,1,0.25
2804,98841,16,0.9279999999999999,0.9279999999999999,1,0.0625
2805,98861,20,0.91,0.91,1,0.35
2806,98875,14,0.9369999999999999,0.9369999999999999,1,0.07142857142857142
2807,98889,14,0.9369999999999999,0.9369999999999999,1,0.07142857142857142
2808,98905,16,0.9279999999999999,0.9279999999999999,1,0.0625
2809,98923,18,0.919,0.919,1,0.2777777777777778
2810,98939,16,0.9279999999999999,0.9279999999999999,1,0.0625
2811,98953,14,0.9369999999999999,0.9369999999999999,1,0.07142857142857142
2812,98967,14,0.9369999999999999,0.9369999999999999,1,0.07142857142857142
2813,98983,16,0.9279999999999999,0.9279999999999999,1,0.0625
2814,98997,14,0.9369999999999999,0.9369999999999999,1,0.07142857142857142
2815,99011,14,0.9369999999999999,0.9369999999999999,1,0.07142857142857142
2816,99025,14,0.9369999999999999,0.9369999999999999,1,0.07142857142857142
2817,99039,14,0.9369999999999999,0.9369999999999999,1,0.07142857142857142
2818,99055,16,0.9279999999999999,0.9279999999999999,1,0.0625
2819,99069,14,0.9369999999999999,0.9369999999999999,1,0.07142857142857142
2820,99085,16,0.9279999999999999,0.9279999999999999,1,0.0625
2821,99099,14,0.9369999999999999,0.9369999999999999,1,0.07142857142857142
2822,99113,14,0.9369999999999999,0.9369999999999999,1,0.07142857142857142
2823,99129,16,0.9279999999999999,0.9279999999999999,1,0.0625
2824,99143,14,0.9369999999999999,0.9369999999999999,1,0.07142857142857142
2825,99157,14,0.9369999999999999,0.9369999999999999,1,0.07142857142857142
2826,99181,24,0.892,0.892,1,0.041666666666666664
2827,99197,16,0.9279999999999999,0.9279999999999999,1,0.0625
2828,99212,15,0.9325,0.9325,1,0.06666666666666667
2829,99226,14,0.9369999999999999,0.9369999999999999,1,0.07142857142857142
2830,99242,16,0.9279999999999999,0.9279999999999999,1,0.0625
2831,99261,19,0.9145,0.9145,1,0.05263157894736842
2832,99283,22,0.901,0.901,1,0.4090909090909091
2833,99300,17,0.9235,0.9235,1,0.058823529411764705
2834,99316,16,0.9279999999999999,0.9279999999999999,1,0.0625
2835,99336,20,0.91,0.91,1,0.05
2836,99350,14,0.9369999999999999,0.9369999999999999,1,0.07142857142857142
2837,99364,14,0.9369999999999999,0.9369999999999999,1,0.07142857142857142
2838,99380,16,0.9279999999999999,0.9279999999999999,1,0.0625
2839,99398,18,0.919,0.919,1,0.05555555555555555
2840,99412,14,0.9369999999999999,0.9369999999999999,1,0.07142857142857142
2841,99426,14,0.9369999999999999,0.9369999999999999,1,0.07142857142857142
2842,99440,14,0.9369999999999999,0.9369999999999999,1,0.07142857142857142
2843,99459,19,0.9145,0.9145,1,0.05263157894736842
2844,99477,18,0.919,0.919,1,0.05555555555555555
2845,99491,14,0.9369999999999999,0.9369999999999999,1,0.07142857142857142
2846,99515,24,0.892,0.892,1,0.041666666666666664
2847,99534,19,0.9145,0.9145,1,0.05263157894736842
2848,99552,18,0.919,0.919,1,0.05555555555555555
2849,99566,14,0.9369999999999999,0.9369999999999999,1,0.07142857142857142
2850,99582,16,0.9279999999999999,0.9279999999999999,1,0.0625
2851,99600,18,0.919,0.919,1,0.16666666666666666
2852,99614,14,0.9369999999999999,0.9369999999999999,1,0.07142857142857142
2853,99630,16,0.9279999999999999,0.9279999999999999,1,0.0625
2854,99651,21,0.9055,0.9055,1,0.047619047619047616
2855,99665,14,0.9369999999999999,0.9369999999999999,1,0.07142857142857142
2856,99681,16,0.9279999999999999,0.9279999999999999,1,0.0625
2857,99696,15,0.9325,0.9325,1,0.06666666666666667
2858,99713,17,0.9235,0.9235,1,0.058823529411764705
2859,99729,16,0.9279999999999999,0.9279999999999999,1,0.0625
2860,99743,14,0.9369999999999999,0.9369999999999999,1,0.07142857142857142
2861,99757,14,0.9369999999999999,0.9369999999999999,1,0.07142857142857142
2862,99771,14,0.9369999999999999,0.9369999999999999,1,0.07142857142857142
2863,99787,16,0.9279999999999999,0.9279999999999999,1,0.0625
2864,99803,16,0.9279999999999999,0.9279999999999999,1,0.0625
2865,99820,17,0.9235,0.9235,1,0.058823529411764705
2866,99834,14,0.9369999999999999,0.9369999999999999,1,0.07142857142857142
2867,99848,14,0.9369999999999999,0.9369999999999999,1,0.07142857142857142
2868,99864,16,0.9279999999999999,0.9279999999999999,1,0.0625
2869,99884,20,0.91,0.91,1,0.35
2870,99898,14,0.9369999999999999,0.9369999999999999,1,0.07142857142857142
2871,99917,19,0.9145,0.9145,1,0.05263157894736842
2872,99938,21,0.9055,0.9055,1,0.047619047619047616
2873,99954,16,0.9279999999999999,0.9279999999999999,1,0.0625
2874,99972,18,0.919,0.919,1,0.05555555555555555
2875,99993,21,0.9055,0.9055,1,0.047619047619047616
