episode,end_step,length,extrinsic_return,shaped_return,success,tv_fraction
0,200,200,0.0,9.25207875721909,0,0.205
1,400,200,0.0,10.000000000000007,0,0.145
2,600,200,0.0,10.000000000000007,0,0.26
3,800,200,0.0,10.000000000000007,0,0.04
4,1000,200,0.0,10.000000000000007,0,0.025
5,1200,200,0.0,2.9024188818053718,0,0.145
6,1400,200,0.0,0.14374040500881113,0,0.065
7,1600,200,0.0,0.10261515812375274,0,0.075
8,1800,200,0.0,0.034627157206142074,0,0.105
9,2000,200,0.0,0.04350440687872485,0,0.21
10,2200,200,0.0,0.054244889444555994,0,0.07
11,2400,200,0.0,0.045485207477553316,0,0.15
12,2600,200,0.0,0.029135374216898317,0,0.26
13,2800,200,0.0,0.032371234569567385,0,0.01
14,3000,200,0.0,0.024422302548028452,0,0.025
15,3200,200,0.0,0.022566284232612067,0,0.345
16,3400,200,0.0,0.02175592116280264,0,0.175
17,3600,200,0.0,0.016077650978247256,0,0.29
18,3800,200,0.0,0.009601877126553892,0,0.155
19,4000,200,0.0,0.01366453302773565,0,0.27
20,4200,200,0.0,0.009512681899899901,0,0.175
21,4400,200,0.0,0.019740950053713083,0,0.015
22,4600,200,0.0,0.01020763385112255,0,0.21
23,4800,200,0.0,0.015250464645512827,0,0.125
24,5000,200,0.0,0.009159783740880927,0,0.215
25,5200,200,0.0,0.009903171971217718,0,0.275
26,5400,200,0.0,0.007715376505928773,0,0.24
27,5600,200,0.0,0.008091258100732709,0,0.25
28,5800,200,0.0,0.008030052781248435,0,0.06
29,6000,200,0.0,0.005954430552569704,0,0.22
30,6200,200,0.0,0.003751512207998599,0,0.11
31,6400,200,0.0,0.02134194607278773,0,0.01
32,6600,200,0.0,0.004044900493305776,0,0.14
33,6800,200,0.0,0.006563984518692761,0,0.045
34,7000,200,0.0,0.00791678381260862,0,0.305
35,7200,200,0.0,0.005209341747091331,0,0.215
36,7400,200,0.0,0.00891672188253444,0,0.225
37,7600,200,0.0,0.002464265181943162,0,0.09
38,7800,200,0.0,0.00537572328156787,0,0.215
39,8000,200,0.0,0.0055640268709492595,0,0.235
40,8125,125,0.4375,0.4520427507074773,1,0.024
41,8325,200,0.0,0.011293222484695319,0,0.005
42,8525,200,0.0,0.003632240107095314,0,0.15
43,8688,163,0.26650000000000007,0.27178124122123215,1,0.07975460122699386
44,8888,200,0.0,0.007678247864167212,0,0.04
45,9063,175,0.21250000000000002,0.22438633273748282,1,0.017142857142857144
46,9263,200,0.0,0.0028216103549206038,0,0.12
47,9463,200,0.0,0.005784715504590986,0,0.03
48,9663,200,0.0,0.0017319841650038643,0,0.08
49,9863,200,0.0,0.005269857051756772,0,0.02
50,10040,177,0.20350000000000001,0.21064976417504871,1,0.05084745762711865
51,10240,200,0.0,0.015098207633327535,0,0.005
52,10440,200,0.0,0.0018570712048572643,0,0.075
53,10640,200,0.0,0.0011090832606209212,0,0.04
54,10743,103,0.5365,0.5530502719479652,1,0.009708737864077669
55,10943,200,0.0,0.004686953250146298,0,0.205
56,11143,200,0.0,0.008382725750650931,0,0.015
57,11343,200,0.0,0.003907784502763586,0,0.03
58,11543,200,0.0,0.007229768190719836,0,0.06
59,11592,49,0.7795,0.7813548241966132,1,0.02040816326530612
60,11707,115,0.48250000000000004,0.4852763370341134,1,0.02608695652173913
61,11810,103,0.5365,0.5384695830848143,1,0.04854368932038835
62,12010,200,0.0,0.003246184570688867,0,0.05
63,12095,85,0.6174999999999999,0.6186628799843774,1,0.07058823529411765
64,12295,200,0.0,0.004102542381226152,0,0.005
65,12495,200,0.0,0.0031364566916513422,0,0.135
66,12593,98,0.5589999999999999,0.5606321323217384,1,0.030612244897959183
67,12767,174,0.21699999999999997,0.21899087723663077,1,0.005747126436781609
68,12863,96,0.5680000000000001,0.570269093159284,1,0.11458333333333333
69,12924,61,0.7255,0.7262676862661204,1,0.01639344262295082
70,13124,200,0.0,0.0030113390641685308,0,0.12
71,13301,177,0.20350000000000001,0.20592225568773276,1,0.0903954802259887
72,13397,96,0.5680000000000001,0.5695855430514969,1,0.07291666666666667
73,13456,59,0.7344999999999999,0.7409879694539548,1,0.1016949152542373
74,13656,200,0.0,0.0029315228770780944,0,0.045
75,13856,200,0.0,0.003046556707977436,0,0.005
76,13927,71,0.6805,0.6823200253146029,1,0.15492957746478872
77,14046,119,0.4645,0.4669378968762854,1,0.04201680672268908
78,14234,188,0.15400000000000003,0.16809637601851574,1,0.05851063829787234
79,14434,200,0.0,0.0022741855167727285,0,0.035
80,14561,127,0.4285,0.43124436980730524,1,0.1732283464566929
81,14623,62,0.721,0.7217948810435788,1,0.06451612903225806
82,14780,157,0.2935,0.2962316618268534,1,0.06369426751592357
83,14946,166,0.253,0.25478763895373113,1,0.018072289156626505
84,15146,200,0.0,0.002699775350085007,0,0.045
85,15199,53,0.7615,0.7619922199869972,1,0.018867924528301886
86,15280,81,0.6355,0.6373010602334963,1,0.08641975308641975
87,15480,200,0.0,0.0018602562862180718,0,0.005
88,15679,199,0.10450000000000004,0.11165700136263504,1,0.1407035175879397
89,15725,46,0.7929999999999999,0.7933589129015395,1,0.021739130434782608
90,15925,200,0.0,0.0014857886686478164,0,0.025
91,16096,171,0.23050000000000004,0.23510265002270592,1,0.2222222222222222
92,16178,82,0.631,0.6318834004297189,1,0.04878048780487805
93,16340,162,0.2709999999999999,0.27951242675165466,1,0.15432098765432098
94,16404,64,0.712,0.7132636988373775,1,0.140625
95,16575,171,0.23050000000000004,0.23470496358755888,1,0.1695906432748538
96,16680,105,0.5275,0.5282957362215851,1,0.009523809523809525
97,16705,25,0.8875,0.8877164345353576,1,0.04
98,16764,59,0.7344999999999999,0.7351992365929874,1,0.05084745762711865
99,16851,87,0.6085,0.6098832595713618,1,0.09195402298850575
100,16901,50,0.775,0.7755653283383122,1,0.02
101,17101,200,0.0,0.006974732756758968,0,0.09
102,17143,42,0.8109999999999999,0.8113337018050305,1,0.023809523809523808
103,17343,200,0.0,0.007185649001266716,0,0.315
104,17543,200,0.0,0.005629845486611927,0,0.165
105,17605,62,0.721,0.7215520363592176,1,0.06451612903225806
106,17705,100,0.55,0.5594493144494372,1,0.08
107,17901,196,0.118,0.12070148966270101,1,0.08163265306122448
108,18101,200,0.0,0.004541498212302713,0,0.05
109,18231,130,0.4149999999999999,0.41892473794621526,1,0.26153846153846155
110,18431,200,0.0,0.005796706984140494,0,0.24
111,18586,155,0.3025,0.30986488832630715,1,0.09032258064516129
112,18701,115,0.48250000000000004,0.4865049811016519,1,0.33043478260869563
113,18839,138,0.379,0.38202372965453885,1,0.021739130434782608
114,18951,112,0.4959999999999999,0.5006733006381638,1,0.1875
115,19020,69,0.6895,0.6920826521738934,1,0.30434782608695654
116,19122,102,0.5409999999999999,0.541446976694577,1,0.0196078431372549
117,19183,61,0.7255,0.7280220989412056,1,0.18032786885245902
118,19294,111,0.5005,0.5009956733311923,1,0.02702702702702703
119,19337,43,0.8065,0.8067384069349904,1,0.023255813953488372
120,19412,75,0.6625,0.6639755321463104,1,0.14666666666666667
121,19525,113,0.49150000000000005,0.49246867844285747,1,0.05309734513274336
122,19601,76,0.6579999999999999,0.6586969185696561,1,0.06578947368421052
123,19670,69,0.6895,0.6904137744469636,1,0.08695652173913043
124,19719,49,0.7795,0.7797321436702878,1,0.02040816326530612
125,19791,72,0.6759999999999999,0.6764363180893374,1,0.041666666666666664
126,19991,200,0.0,0.0019745704227427307,0,0.09
127,20033,42,0.8109999999999999,0.8115697995850806,1,0.11904761904761904
128,20178,145,0.34750000000000003,0.3562056533348174,1,0.42758620689655175
129,20242,64,0.712,0.7124985306327101,1,0.015625
130,20326,84,0.622,0.624683130688227,1,0.2976190476190476
131,20526,200,0.0,0.00366804130028443,0,0.01
132,20726,200,0.0,0.002999310913671168,0,0.12
133,20821,95,0.5725,0.5738372625318406,1,0.031578947368421054
134,20847,26,0.883,0.883153619988135,1,0.038461538461538464
135,21047,200,0.0,0.004116396221434204,0,0.195
136,21115,68,0.694,0.6960772541554012,1,0.04411764705882353
137,21204,89,0.5994999999999999,0.6005663485436129,1,0.0898876404494382
138,21243,39,0.8245,0.8252182544518071,1,0.1794871794871795
139,21283,40,0.82,0.820450915544758,1,0.075
140,21328,45,0.7975,0.7990872387646752,1,0.08888888888888889
141,21377,49,0.7795,0.7797767360075564,1,0.02040816326530612
142,21439,62,0.721,0.7216601868135577,1,0.08064516129032258
143,21465,26,0.883,0.8834737999089896,1,0.19230769230769232
144,21553,88,0.604,0.6051927689650997,1,0.11363636363636363
145,21599,46,0.7929999999999999,0.7934571253395075,1,0.06521739130434782
146,21639,40,0.82,0.821357158500998,1,0.025
147,21682,43,0.8065,0.8067089075732103,1,0.023255813953488372
148,21708,26,0.883,0.8833054148699141,1,0.11538461538461539
149,21732,24,0.892,0.8923038672271051,1,0.125
150,21778,46,0.7929999999999999,0.7932990995457118,1,0.021739130434782608
151,21806,28,0.874,0.8741229534783372,1,0.03571428571428571
152,21925,119,0.4645,0.46643471644855644,1,0.09243697478991597
153,21960,35,0.8425,0.8426560019639758,1,0.02857142857142857
154,22045,85,0.6174999999999999,0.6198157834456344,1,0.2
155,22103,58,0.739,0.7414007353520399,1,0.1724137931034483
156,22158,55,0.7525,0.7528389730671134,1,0.01818181818181818
157,22198,40,0.82,0.8202236409110477,1,0.025
158,22270,72,0.6759999999999999,0.6781050944911987,1,0.25
159,22338,68,0.694,0.6951406930327069,1,0.058823529411764705
160,22381,43,0.8065,0.8072672747170849,1,0.16279069767441862
161,22424,43,0.8065,0.8069600130900378,1,0.06976744186046512
162,22494,70,0.685,0.6858325062130395,1,0.08571428571428572
163,22520,26,0.883,0.8831959011898052,1,0.038461538461538464
164,22588,68,0.694,0.6948532602390293,1,0.1323529411764706
165,22626,38,0.829,0.8292709525636193,1,0.02631578947368421
166,22672,46,0.7929999999999999,0.7932632313296555,1,0.021739130434782608
167,22727,55,0.7525,0.7545602037780401,1,0.2
168,22773,46,0.7929999999999999,0.7943614929677378,1,0.2826086956521739
169,22900,127,0.4285,0.4330787181628026,1,0.1732283464566929
170,22946,46,0.7929999999999999,0.7933124677305687,1,0.06521739130434782
171,22978,32,0.856,0.8561288259282168,1,0.03125
172,23020,42,0.8109999999999999,0.811795792824248,1,0.16666666666666666
173,23054,34,0.847,0.8473781070934673,1,0.11764705882352941
174,23195,141,0.36550000000000005,0.36884090735014446,1,0.09929078014184398
175,23223,28,0.874,0.8744087913651993,1,0.10714285714285714
176,23269,46,0.7929999999999999,0.794542163265488,1,0.2826086956521739
177,23400,131,0.4105,0.41264768606658103,1,0.15267175572519084
178,23432,32,0.856,0.8562527187330402,1,0.03125
179,23488,56,0.748,0.7482449754095333,1,0.017857142857142856
180,23530,42,0.8109999999999999,0.8114795099838029,1,0.07142857142857142
181,23598,68,0.694,0.6966526885216299,1,0.3382352941176471
182,23704,106,0.5229999999999999,0.5247026032024295,1,0.1509433962264151
183,23798,94,0.577,0.5777691511453967,1,0.07446808510638298
184,23852,54,0.757,0.7580755268428689,1,0.2037037037037037
185,23900,48,0.784,0.7850784694913595,1,0.1875
186,23948,48,0.784,0.7842232188477793,1,0.020833333333333332
187,24009,61,0.7255,0.726442092306925,1,0.14754098360655737
188,24127,118,0.469,0.470760522378271,1,0.13559322033898305
189,24315,188,0.15400000000000003,0.16008880947347276,1,0.22340425531914893
190,24351,36,0.838,0.8382979743258595,1,0.08333333333333333
191,24461,110,0.5049999999999999,0.5095650207853962,1,0.2909090909090909
192,24503,42,0.8109999999999999,0.8126308477018106,1,0.2619047619047619
193,24641,138,0.379,0.38301405785212483,1,0.21739130434782608
194,24680,39,0.8245,0.8249256681272719,1,0.1282051282051282
195,24709,29,0.8694999999999999,0.8703322514894378,1,0.3103448275862069
196,24797,88,0.604,0.607465310423087,1,0.29545454545454547
197,24851,54,0.757,0.7592761735493518,1,0.3148148148148148
198,24888,37,0.8335,0.8337379411516979,1,0.02702702702702703
199,24920,32,0.856,0.8561418125665793,1,0.03125
200,25047,127,0.4285,0.4331171700248308,1,0.2283464566929134
201,25107,60,0.73,0.7303740204598153,1,0.016666666666666666
202,25138,31,0.8605,0.8610289250940079,1,0.1935483870967742
203,25222,84,0.622,0.6235666978124943,1,0.17857142857142858
204,25292,70,0.685,0.6866786551469535,1,0.15714285714285714
205,25382,90,0.595,0.5953619502212321,1,0.011111111111111112
206,25414,32,0.856,0.8566008353443617,1,0.1875
207,25436,22,0.901,0.9011083026835159,1,0.045454545454545456
208,25466,30,0.865,0.8651024760932932,1,0.03333333333333333
209,25501,35,0.8425,0.8428524848636438,1,0.08571428571428572
210,25592,91,0.5905,0.5913667067450232,1,0.07692307692307693
211,25642,50,0.775,0.7757575664859362,1,0.14
212,25725,83,0.6265000000000001,0.6275552541775185,1,0.0963855421686747
213,25749,24,0.892,0.8925108814223873,1,0.20833333333333334
214,25796,47,0.7885,0.7891972176471296,1,0.10638297872340426
215,25884,88,0.604,0.6054512175303102,1,0.03409090909090909
216,25919,35,0.8425,0.8426224901881125,1,0.02857142857142857
217,25959,40,0.82,0.8201581074115826,1,0.025
218,26029,70,0.685,0.6852030058982802,1,0.014285714285714285
219,26086,57,0.7435,0.7437563503601132,1,0.017543859649122806
220,26187,101,0.5455,0.5482646909133386,1,0.26732673267326734
221,26225,38,0.829,0.8293953170655978,1,0.07894736842105263
222,26259,34,0.847,0.8471437517545994,1,0.029411764705882353
223,26321,62,0.721,0.7216073030909315,1,0.08064516129032258
224,26449,128,0.42399999999999993,0.42704329843917743,1,0.1484375
225,26649,200,0.09999999999999998,0.10212061500451897,1,0.07
226,26739,90,0.595,0.596718118650725,1,0.17777777777777778
227,26804,65,0.7075,0.7081725861367731,1,0.07692307692307693
228,26826,22,0.901,0.9010905282316517,1,0.045454545454545456
229,26857,31,0.8605,0.8606228552188587,1,0.03225806451612903
230,26905,48,0.784,0.7846114372814572,1,0.125
231,26942,37,0.8335,0.8337134760557691,1,0.02702702702702703
232,26999,57,0.7435,0.7440244242640044,1,0.07017543859649122
233,27033,34,0.847,0.8472779094577094,1,0.08823529411764706
234,27069,36,0.838,0.8381642037398139,1,0.027777777777777776
235,27110,41,0.8155,0.8156101072296971,1,0.024390243902439025
236,27142,32,0.856,0.8567491235567146,1,0.21875
237,27187,45,0.7975,0.7979830779924622,1,0.1111111111111111
238,27205,18,0.919,0.9191016159139219,1,0.05555555555555555
239,27250,45,0.7975,0.7979959679326228,1,0.08888888888888889
240,27381,131,0.4105,0.4124260213186678,1,0.12213740458015267
241,27448,67,0.6984999999999999,0.6997079513152374,1,0.014925373134328358
242,27471,23,0.8965,0.8966002463121712,1,0.043478260869565216
243,27488,17,0.9235,0.9235828045366505,1,0.058823529411764705
244,27524,36,0.838,0.8388810888545791,1,0.2222222222222222
245,27548,24,0.892,0.8923773981285139,1,0.125
246,27581,33,0.8514999999999999,0.8522523388735175,1,0.18181818181818182
247,27626,45,0.7975,0.7976658362804723,1,0.022222222222222223
248,27702,76,0.6579999999999999,0.6586072170684312,1,0.039473684210526314
249,27731,29,0.8694999999999999,0.8703390498756653,1,0.06896551724137931
250,27779,48,0.784,0.7841558776082759,1,0.020833333333333332
251,27843,64,0.712,0.712749153776943,1,0.109375
252,27891,48,0.784,0.784167967609238,1,0.020833333333333332
253,27932,41,0.8155,0.8156316598613561,1,0.024390243902439025
254,27991,59,0.7344999999999999,0.7362877446742901,1,0.2711864406779661
255,28021,30,0.865,0.8651136769548509,1,0.03333333333333333
256,28150,129,0.4195,0.4213673971866081,1,0.07751937984496124
257,28243,93,0.5814999999999999,0.5822882700941827,1,0.06451612903225806
258,28320,77,0.6535,0.6547301834093472,1,0.14285714285714285
259,28340,20,0.91,0.9100826130674412,1,0.05
260,28360,20,0.91,0.910331411059738,1,0.15
261,28385,25,0.8875,0.8876108551965023,1,0.04
262,28445,60,0.73,0.7306902548834114,1,0.06666666666666667
263,28467,22,0.901,0.9012117028396064,1,0.13636363636363635
264,28498,31,0.8605,0.8605955087959754,1,0.03225806451612903
265,28525,27,0.8785,0.8786014502218932,1,0.037037037037037035
266,28567,42,0.8109999999999999,0.8125634165409025,1,0.2619047619047619
267,28608,41,0.8155,0.815627624761608,1,0.024390243902439025
268,28634,26,0.883,0.8831907941542521,1,0.038461538461538464
269,28681,47,0.7885,0.7898571229933915,1,0.02127659574468085
270,28730,49,0.7795,0.7796877742613955,1,0.02040816326530612
271,28784,54,0.757,0.7571383848258986,1,0.018518518518518517
272,28802,18,0.919,0.9191280099027548,1,0.05555555555555555
273,28868,66,0.703,0.7038963452462607,1,0.12121212121212122
274,28931,63,0.7164999999999999,0.7167162610886636,1,0.015873015873015872
275,28974,43,0.8065,0.8066229303598221,1,0.023255813953488372
276,29005,31,0.8605,0.8606577026920859,1,0.03225806451612903
277,29042,37,0.8335,0.8337267316453614,1,0.05405405405405406
278,29062,20,0.91,0.9101404045052692,1,0.05
279,29088,26,0.883,0.8832819613230655,1,0.038461538461538464
280,29133,45,0.7975,0.7980979613310706,1,0.13333333333333333
281,29181,48,0.784,0.7844014010177384,1,0.0625
282,29204,23,0.8965,0.8966233579734633,1,0.043478260869565216
283,29230,26,0.883,0.8836181296592731,1,0.19230769230769232
284,29264,34,0.847,0.8471898890255672,1,0.029411764705882353
285,29298,34,0.847,0.8471273143172228,1,0.029411764705882353
286,29338,40,0.82,0.8205027892167022,1,0.1
287,29376,38,0.829,0.8292224963954968,1,0.07894736842105263
288,29415,39,0.8245,0.8247196670910301,1,0.07692307692307693
289,29460,45,0.7975,0.8003351875781707,1,0.4
290,29497,37,0.8335,0.8338660472421318,1,0.08108108108108109
291,29521,24,0.892,0.8920925148394829,1,0.041666666666666664
292,29591,70,0.685,0.6862655195349238,1,0.11428571428571428
293,29637,46,0.7929999999999999,0.7931622524493893,1,0.021739130434782608
294,29668,31,0.8605,0.8609135957138158,1,0.0967741935483871
295,29690,22,0.901,0.9011014590300875,1,0.045454545454545456
296,29746,56,0.748,0.7485032501331375,1,0.05357142857142857
297,29774,28,0.874,0.8742108324668344,1,0.03571428571428571
298,29796,22,0.901,0.9013538068429944,1,0.13636363636363635
299,29842,46,0.7929999999999999,0.7943696593222503,1,0.3695652173913043
300,29874,32,0.856,0.8563083792783839,1,0.09375
301,29915,41,0.8155,0.8156695465940172,1,0.024390243902439025
302,29938,23,0.8965,0.8965938418716493,1,0.043478260869565216
303,30006,68,0.694,0.6945148265288466,1,0.07352941176470588
304,30030,24,0.892,0.8921044994320132,1,0.041666666666666664
305,30094,64,0.712,0.7134982510883577,1,0.109375
306,30150,56,0.748,0.7488782412083903,1,0.05357142857142857
307,30200,50,0.775,0.7752592833157189,1,0.02
308,30224,24,0.892,0.8920585248041464,1,0.041666666666666664
309,30269,45,0.7975,0.7976924236867208,1,0.022222222222222223
310,30300,31,0.8605,0.8607703795357243,1,0.0967741935483871
311,30329,29,0.8694999999999999,0.8696210838710423,1,0.034482758620689655
312,30351,22,0.901,0.9010726542277337,1,0.045454545454545456
313,30405,54,0.757,0.759206968549541,1,0.3888888888888889
314,30423,18,0.919,0.9190874701193613,1,0.05555555555555555
315,30465,42,0.8109999999999999,0.8112743520033363,1,0.023809523809523808
316,30564,99,0.5545,0.5561915543163384,1,0.030303030303030304
317,30598,34,0.847,0.8471653968262242,1,0.029411764705882353
318,30630,32,0.856,0.8578690448681465,1,0.53125
319,30660,30,0.865,0.866162149976429,1,0.43333333333333335
320,30713,53,0.7615,0.7617365658629337,1,0.018867924528301886
321,30735,22,0.901,0.9011148148231335,1,0.045454545454545456
322,30772,37,0.8335,0.8341781900607457,1,0.1891891891891892
323,30864,92,0.586,0.5865485716721368,1,0.010869565217391304
324,30884,20,0.91,0.9100792316270359,1,0.05
325,30908,24,0.892,0.8926790860415725,1,0.20833333333333334
326,30926,18,0.919,0.9191065498881765,1,0.05555555555555555
327,30955,29,0.8694999999999999,0.8696187789025205,1,0.034482758620689655
328,30996,41,0.8155,0.815870760631793,1,0.07317073170731707
329,31028,32,0.856,0.8564189730134475,1,0.09375
330,31070,42,0.8109999999999999,0.8111181615651399,1,0.023809523809523808
331,31149,79,0.6445,0.6446918031682957,1,0.012658227848101266
332,31196,47,0.7885,0.7886332030485318,1,0.02127659574468085
333,31224,28,0.874,0.8744769700784891,1,0.17857142857142858
334,31282,58,0.739,0.7392671912627911,1,0.017241379310344827
335,31322,40,0.82,0.8201532395568821,1,0.025
336,31425,103,0.5365,0.5370431991494836,1,0.04854368932038835
337,31469,44,0.802,0.8027557791313344,1,0.11363636363636363
338,31487,18,0.919,0.919435215400093,1,0.16666666666666666
339,31512,25,0.8875,0.887754340900932,1,0.12
340,31572,60,0.73,0.7304960475412631,1,0.016666666666666666
341,31606,34,0.847,0.8475708511990768,1,0.14705882352941177
342,31626,20,0.91,0.9100839977485291,1,0.05
343,31652,26,0.883,0.8831109183952859,1,0.038461538461538464
344,31694,42,0.8109999999999999,0.8112026669251322,1,0.023809523809523808
345,31761,67,0.6984999999999999,0.6989302102150597,1,0.014925373134328358
346,31789,28,0.874,0.8744522140889788,1,0.21428571428571427
347,31844,55,0.7525,0.7533621051747736,1,0.12727272727272726
348,31871,27,0.8785,0.8796564703122755,1,0.2222222222222222
349,31972,101,0.5455,0.5464705323761856,1,0.0297029702970297
350,32026,54,0.757,0.7577165032669282,1,0.1111111111111111
351,32050,24,0.892,0.8920873363016991,1,0.041666666666666664
352,32076,26,0.883,0.8831256493128041,1,0.038461538461538464
353,32096,20,0.91,0.9100805124846766,1,0.05
354,32142,46,0.7929999999999999,0.7933130086202271,1,0.06521739130434782
355,32182,40,0.82,0.8209311274332016,1,0.225
356,32202,20,0.91,0.9102242809626625,1,0.15
357,32222,20,0.91,0.9100739708757031,1,0.05
358,32271,49,0.7795,0.7798630123701012,1,0.061224489795918366
359,32305,34,0.847,0.8483151476810649,1,0.4117647058823529
360,32366,61,0.7255,0.725727477043114,1,0.03278688524590164
361,32387,21,0.9055,0.9058477674884107,1,0.14285714285714285
362,32453,66,0.703,0.7037021857346005,1,0.07575757575757576
363,32509,56,0.748,0.7483358931071837,1,0.017857142857142856
364,32541,32,0.856,0.856152195994404,1,0.03125
365,32569,28,0.874,0.8742376459634263,1,0.03571428571428571
366,32600,31,0.8605,0.8607673509926765,1,0.0967741935483871
367,32638,38,0.829,0.8291478345292131,1,0.02631578947368421
368,32666,28,0.874,0.8745206934374729,1,0.17857142857142858
369,32692,26,0.883,0.8831114080274303,1,0.038461538461538464
370,32729,37,0.8335,0.8336483127222548,1,0.02702702702702703
371,32761,32,0.856,0.8562083194261474,1,0.03125
372,32784,23,0.8965,0.896612048181156,1,0.043478260869565216
373,32808,24,0.892,0.8922763565128292,1,0.125
374,32829,21,0.9055,0.9056096428830342,1,0.047619047619047616
375,32847,18,0.919,0.9192945787598646,1,0.16666666666666666
376,32865,18,0.919,0.919082919578534,1,0.05555555555555555
377,32881,16,0.9279999999999999,0.9280695025556742,1,0.0625
378,32974,93,0.5814999999999999,0.5818329255764116,1,0.010752688172043012
379,33039,65,0.7075,0.7081787829389286,1,0.07692307692307693
380,33086,47,0.7885,0.788688868592979,1,0.02127659574468085
381,33106,20,0.91,0.9100621600125536,1,0.05
382,33131,25,0.8875,0.8876132325692101,1,0.04
383,33178,47,0.7885,0.7890595009419179,1,0.10638297872340426
384,33260,82,0.631,0.631712645329323,1,0.012195121951219513
385,33318,58,0.739,0.7392289349845517,1,0.017241379310344827
386,33389,71,0.6805,0.6811020154894042,1,0.09859154929577464
387,33428,39,0.8245,0.8248212902789019,1,0.02564102564102564
388,33466,38,0.829,0.8293546746409386,1,0.07894736842105263
389,33483,17,0.9235,0.9236149994976546,1,0.058823529411764705
390,33514,31,0.8605,0.8608363919347711,1,0.0967741935483871
391,33540,26,0.883,0.8831171511993022,1,0.038461538461538464
392,33556,16,0.9279999999999999,0.9280810263072625,1,0.0625
393,33591,35,0.8425,0.842818845978503,1,0.08571428571428572
394,33630,39,0.8245,0.8252395242722222,1,0.1794871794871795
395,33696,66,0.703,0.7033749964146268,1,0.045454545454545456
396,33724,28,0.874,0.8741181116375514,1,0.03571428571428571
397,33742,18,0.919,0.9190733647766969,1,0.05555555555555555
398,33801,59,0.7344999999999999,0.7348094138567379,1,0.01694915254237288
399,33827,26,0.883,0.8838982885744902,1,0.15384615384615385
400,33862,35,0.8425,0.8428529381625233,1,0.08571428571428572
401,33894,32,0.856,0.8561259448816891,1,0.03125
402,33924,30,0.865,0.8651422530053644,1,0.03333333333333333
403,34014,90,0.595,0.5957623223783053,1,0.06666666666666667
404,34089,75,0.6625,0.6630473758439122,1,0.05333333333333334
405,34111,22,0.901,0.9010880716093846,1,0.045454545454545456
406,34137,26,0.883,0.8832977308902584,1,0.11538461538461539
407,34174,37,0.8335,0.8336329803353498,1,0.02702702702702703
408,34208,34,0.847,0.8471246397858864,1,0.029411764705882353
409,34249,41,0.8155,0.8158499871894587,1,0.07317073170731707
410,34272,23,0.8965,0.8966911341335769,1,0.13043478260869565
411,34300,28,0.874,0.8743234853867279,1,0.10714285714285714
412,34345,45,0.7975,0.7977469686855331,1,0.022222222222222223
413,34369,24,0.892,0.8923415148654305,1,0.125
414,34420,51,0.7705,0.7708818934363296,1,0.058823529411764705
415,34446,26,0.883,0.8831606482225335,1,0.038461538461538464
416,34474,28,0.874,0.8741394873285173,1,0.03571428571428571
417,34490,16,0.9279999999999999,0.9280913043476668,1,0.0625
418,34506,16,0.9279999999999999,0.9280896745602858,1,0.0625
419,34570,64,0.712,0.7124238411253949,1,0.046875
420,34614,44,0.802,0.80241635452341,1,0.06818181818181818
421,34689,75,0.6625,0.6628765471919794,1,0.013333333333333334
422,34734,45,0.7975,0.7976374456157197,1,0.022222222222222223
423,34800,66,0.703,0.7033431847999995,1,0.045454545454545456
424,34832,32,0.856,0.8561189072694905,1,0.03125
425,34868,36,0.838,0.83844515082,1,0.1388888888888889
426,34905,37,0.8335,0.8338747146563656,1,0.08108108108108109
427,34948,43,0.8065,0.8066354342469609,1,0.023255813953488372
428,34976,28,0.874,0.8742105655696943,1,0.10714285714285714
429,34997,21,0.9055,0.9066721824781278,1,0.38095238095238093
430,35025,28,0.874,0.8741298574913083,1,0.03571428571428571
431,35080,55,0.7525,0.7526713013012528,1,0.01818181818181818
432,35120,40,0.82,0.8201780858553546,1,0.025
433,35169,49,0.7795,0.7796930189788538,1,0.02040816326530612
434,35230,61,0.7255,0.7256500309741354,1,0.01639344262295082
435,35394,164,0.262,0.2626667919374061,1,0.036585365853658534
436,35422,28,0.874,0.8740956204620085,1,0.03571428571428571
437,35492,70,0.685,0.6851770111277586,1,0.014285714285714285
438,35507,15,0.9325,0.932987228713415,1,0.13333333333333333
439,35560,53,0.7615,0.7616965715288545,1,0.018867924528301886
440,35610,50,0.775,0.7751420793685686,1,0.02
441,35630,20,0.91,0.9100699388145428,1,0.05
442,35653,23,0.8965,0.8965883919700862,1,0.043478260869565216
443,35693,40,0.82,0.820116381145232,1,0.025
444,35713,20,0.91,0.9102927547470724,1,0.15
445,35736,23,0.8965,0.8965629444078795,1,0.043478260869565216
446,35763,27,0.8785,0.8786027950116957,1,0.037037037037037035
447,35818,55,0.7525,0.7527135449182224,1,0.01818181818181818
448,35842,24,0.892,0.8920992506678813,1,0.041666666666666664
449,35860,18,0.919,0.9190707235019147,1,0.05555555555555555
450,35901,41,0.8155,0.8156403278459322,1,0.024390243902439025
451,35936,35,0.8425,0.8426377583423318,1,0.02857142857142857
452,35962,26,0.883,0.8830820371931042,1,0.038461538461538464
453,36024,62,0.721,0.7213279323406844,1,0.04838709677419355
454,36094,70,0.685,0.6861107579910797,1,0.2
455,36159,65,0.7075,0.7084051940648993,1,0.15384615384615385
456,36179,20,0.91,0.9103080092560296,1,0.15
457,36216,37,0.8335,0.8340702455665852,1,0.13513513513513514
458,36236,20,0.91,0.9103319229635604,1,0.2
459,36260,24,0.892,0.8922948142835397,1,0.125
460,36276,16,0.9279999999999999,0.9280857841707749,1,0.0625
461,36337,61,0.7255,0.7261395102787109,1,0.11475409836065574
462,36385,48,0.784,0.7841744017002105,1,0.020833333333333332
463,36410,25,0.8875,0.887611507465832,1,0.04
464,36424,14,0.9369999999999999,0.9370677413199221,1,0.07142857142857142
465,36440,16,0.9279999999999999,0.9280739571952895,1,0.0625
466,36494,54,0.757,0.7576567329050623,1,0.09259259259259259
467,36514,20,0.91,0.9106290624789048,1,0.35
468,36545,31,0.8605,0.8605831391960052,1,0.03225806451612903
469,36585,40,0.82,0.8208971001733593,1,0.175
470,36607,22,0.901,0.901289300234127,1,0.13636363636363635
471,36643,36,0.838,0.8380942763094226,1,0.027777777777777776
472,36663,20,0.91,0.9103715119000365,1,0.25
473,36689,26,0.883,0.8831011970677588,1,0.038461538461538464
474,36706,17,0.9235,0.9235736168937944,1,0.058823529411764705
475,36739,33,0.8514999999999999,0.8515850246683873,1,0.030303030303030304
476,36791,52,0.766,0.7661115913165172,1,0.019230769230769232
477,36828,37,0.8335,0.8336050066999464,1,0.02702702702702703
478,36852,24,0.892,0.8922815266743751,1,0.125
479,36874,22,0.901,0.9014706308843019,1,0.22727272727272727
480,36904,30,0.865,0.8650932773965123,1,0.03333333333333333
481,36928,24,0.892,0.8920792728323452,1,0.041666666666666664
482,36954,26,0.883,0.8830858597263662,1,0.038461538461538464
483,36972,18,0.919,0.9190711662971438,1,0.05555555555555555
484,36992,20,0.91,0.9101030782113687,1,0.05
485,37020,28,0.874,0.8741032027521406,1,0.03571428571428571
486,37036,16,0.9279999999999999,0.9280688284402876,1,0.0625
487,37072,36,0.838,0.8384950138998659,1,0.1388888888888889
488,37110,38,0.829,0.8293188044933054,1,0.07894736842105263
489,37180,70,0.685,0.6853827088363545,1,0.04285714285714286
490,37246,66,0.703,0.7035756609783749,1,0.10606060606060606
491,37297,51,0.7705,0.7706184972095116,1,0.0196078431372549
492,37393,96,0.5680000000000001,0.5694615388901363,1,0.125
493,37452,59,0.7344999999999999,0.7357316815481348,1,0.15254237288135594
494,37472,20,0.91,0.9102184942737547,1,0.15
495,37546,74,0.667,0.6673340640593344,1,0.04054054054054054
496,37621,75,0.6625,0.6633333378179895,1,0.08
497,37708,87,0.6085,0.6089752488129353,1,0.011494252873563218
498,37738,30,0.865,0.8651135661418641,1,0.03333333333333333
499,37762,24,0.892,0.892395412292522,1,0.20833333333333334
500,37819,57,0.7435,0.7436475313339354,1,0.017543859649122806
501,37841,22,0.901,0.9010796394458974,1,0.045454545454545456
502,37865,24,0.892,0.8921608172104221,1,0.041666666666666664
503,37929,64,0.712,0.7128924547931972,1,0.140625
504,37967,38,0.829,0.8299160485189205,1,0.23684210526315788
505,38007,40,0.82,0.8209848106798613,1,0.05
506,38114,107,0.5185,0.5191187649744605,1,0.009345794392523364
507,38144,30,0.865,0.8651273466330275,1,0.03333333333333333
508,38162,18,0.919,0.9191071491643672,1,0.05555555555555555
509,38178,16,0.9279999999999999,0.9280436016013037,1,0.0625
510,38203,25,0.8875,0.888043139966777,1,0.2
511,38223,20,0.91,0.9104131372282434,1,0.2
512,38251,28,0.874,0.8744334648432629,1,0.17857142857142858
513,38267,16,0.9279999999999999,0.9280712448311428,1,0.0625
514,38293,26,0.883,0.8832678982005622,1,0.11538461538461539
515,38311,18,0.919,0.9191217319560459,1,0.05555555555555555
516,38345,34,0.847,0.847104580613048,1,0.029411764705882353
517,38377,32,0.856,0.8561007652618405,1,0.03125
518,38412,35,0.8425,0.8426441320908111,1,0.02857142857142857
519,38444,32,0.856,0.8563444237377164,1,0.09375
520,38644,200,0.0,0.0006016179907139585,0,0.005
521,38673,29,0.8694999999999999,0.8695921823653266,1,0.034482758620689655
522,38823,150,0.32499999999999996,0.3255170575178468,1,0.02
523,38860,37,0.8335,0.8336397469053017,1,0.02702702702702703
524,38923,63,0.7164999999999999,0.7166658284340319,1,0.015873015873015872
525,38944,21,0.9055,0.9056154457802633,1,0.047619047619047616
526,39045,101,0.5455,0.5460142636104058,1,0.009900990099009901
527,39061,16,0.9279999999999999,0.9280948085216234,1,0.0625
528,39101,40,0.82,0.8203024197123592,1,0.025
529,39125,24,0.892,0.8920957837217116,1,0.041666666666666664
530,39160,35,0.8425,0.8428511182562465,1,0.08571428571428572
531,39192,32,0.856,0.8561106442153078,1,0.03125
532,39228,36,0.838,0.8382501577219889,1,0.08333333333333333
533,39248,20,0.91,0.9101053845725976,1,0.05
534,39269,21,0.9055,0.9055998143547518,1,0.047619047619047616
535,39347,78,0.649,0.6494196663158371,1,0.038461538461538464
536,39367,20,0.91,0.9100986031522442,1,0.05
537,39395,28,0.874,0.8741086153592429,1,0.03571428571428571
538,39438,43,0.8065,0.8066378898219738,1,0.023255813953488372
539,39455,17,0.9235,0.9235629326789342,1,0.058823529411764705
540,39473,18,0.919,0.9191029147995654,1,0.05555555555555555
541,39495,22,0.901,0.9010804350144472,1,0.045454545454545456
542,39515,20,0.91,0.9100611641849314,1,0.05
543,39537,22,0.901,0.9012835630591739,1,0.13636363636363635
544,39569,32,0.856,0.8562695855209497,1,0.09375
545,39591,22,0.901,0.9011749662053358,1,0.045454545454545456
546,39611,20,0.91,0.9102545953622488,1,0.15
547,39629,18,0.919,0.9190795149823778,1,0.05555555555555555
548,39655,26,0.883,0.8830771953390969,1,0.038461538461538464
549,39674,19,0.9145,0.9146250797638611,1,0.05263157894736842
550,39694,20,0.91,0.9100968202602964,1,0.05
551,39719,25,0.8875,0.8875875048277748,1,0.04
552,39754,35,0.8425,0.8426659470299279,1,0.02857142857142857
553,39780,26,0.883,0.8831164750242468,1,0.038461538461538464
554,39798,18,0.919,0.919227211398451,1,0.16666666666666666
555,39822,24,0.892,0.89209150681676,1,0.041666666666666664
556,39842,20,0.91,0.9100859774075101,1,0.05
557,39866,24,0.892,0.8921146569388098,1,0.041666666666666664
558,39888,22,0.901,0.9010709992761733,1,0.045454545454545456
559,39906,18,0.919,0.9191027526740404,1,0.05555555555555555
560,39928,22,0.901,0.9011123015507156,1,0.045454545454545456
561,39948,20,0.91,0.9100612467762291,1,0.05
562,39991,43,0.8065,0.8066427864940968,1,0.023255813953488372
563,40023,32,0.856,0.856092407131882,1,0.03125
564,40069,46,0.7929999999999999,0.7931988707341122,1,0.021739130434782608
565,40097,28,0.874,0.8745611052308575,1,0.25
566,40153,56,0.748,0.749146727534482,1,0.19642857142857142
567,40195,42,0.8109999999999999,0.8111652173701899,1,0.023809523809523808
568,40220,25,0.8875,0.8876187419313709,1,0.04
569,40240,20,0.91,0.9101147677433549,1,0.05
570,40258,18,0.919,0.9192196508667152,1,0.16666666666666666
571,40279,21,0.9055,0.9056171681693564,1,0.047619047619047616
572,40295,16,0.9279999999999999,0.9280508516593857,1,0.0625
573,40311,16,0.9279999999999999,0.9280930063359514,1,0.0625
574,40335,24,0.892,0.8920957989668243,1,0.041666666666666664
575,40349,14,0.9369999999999999,0.9370856969459421,1,0.07142857142857142
576,40367,18,0.919,0.9193019210128466,1,0.16666666666666666
577,40403,36,0.838,0.8381010979594256,1,0.027777777777777776
578,40425,22,0.901,0.9010965532209863,1,0.045454545454545456
579,40453,28,0.874,0.8740920687729395,1,0.03571428571428571
580,40471,18,0.919,0.9191048198919128,1,0.05555555555555555
581,40485,14,0.9369999999999999,0.9370759135836072,1,0.07142857142857142
582,40519,34,0.847,0.8478669097750371,1,0.2647058823529412
583,40533,14,0.9369999999999999,0.9370457936160654,1,0.07142857142857142
584,40553,20,0.91,0.910057240428417,1,0.05
585,40583,30,0.865,0.8651041348250189,1,0.03333333333333333
586,40621,38,0.829,0.82971196219663,1,0.18421052631578946
587,40635,14,0.9369999999999999,0.9370484083959072,1,0.07142857142857142
588,40649,14,0.9369999999999999,0.9370970619785751,1,0.07142857142857142
589,40667,18,0.919,0.9191000133937633,1,0.05555555555555555
590,40689,22,0.901,0.9010951973321744,1,0.045454545454545456
591,40716,27,0.8785,0.8787712729849855,1,0.1111111111111111
592,40748,32,0.856,0.8561424609163252,1,0.03125
593,40788,40,0.82,0.8211744939873339,1,0.275
594,40806,18,0.919,0.91953039722763,1,0.2777777777777778
595,40824,18,0.919,0.9190785642490054,1,0.05555555555555555
596,40844,20,0.91,0.9100885523179408,1,0.05
597,40864,20,0.91,0.9100671318950682,1,0.05
598,40881,17,0.9235,0.9235579064482429,1,0.058823529411764705
599,40899,18,0.919,0.9190723102026708,1,0.05555555555555555
600,40925,26,0.883,0.8835006746529149,1,0.23076923076923078
601,40962,37,0.8335,0.8336650032786347,1,0.02702702702702703
602,41024,62,0.721,0.7220523177526224,1,0.08064516129032258
603,41038,14,0.9369999999999999,0.9370508000069445,1,0.07142857142857142
604,41062,24,0.892,0.8923372176472656,1,0.125
605,41084,22,0.901,0.9012533016664912,1,0.18181818181818182
606,41102,18,0.919,0.9191145080396701,1,0.05555555555555555
607,41118,16,0.9279999999999999,0.9282917281400408,1,0.1875
608,41148,30,0.865,0.8654605338678651,1,0.16666666666666666
609,41177,29,0.8694999999999999,0.8697065488975553,1,0.10344827586206896
610,41193,16,0.9279999999999999,0.9282162139035011,1,0.1875
611,41213,20,0.91,0.910575159271898,1,0.35
612,41237,24,0.892,0.8923482018642771,1,0.125
613,41265,28,0.874,0.8743785529474749,1,0.10714285714285714
614,41303,38,0.829,0.829323697193416,1,0.07894736842105263
615,41328,25,0.8875,0.8876266295668698,1,0.04
616,41342,14,0.9369999999999999,0.9370634563018715,1,0.07142857142857142
617,41358,16,0.9279999999999999,0.9280735288741294,1,0.0625
618,41404,46,0.7929999999999999,0.7933111356911761,1,0.06521739130434782
619,41424,20,0.91,0.910087711867069,1,0.05
620,41441,17,0.9235,0.9235974840769715,1,0.058823529411764705
621,41502,61,0.7255,0.72563229116838,1,0.01639344262295082
622,41532,30,0.865,0.8651973378505496,1,0.1
623,41554,22,0.901,0.9011236516343057,1,0.045454545454545456
624,41577,23,0.8965,0.8965945973375914,1,0.043478260869565216
625,41612,35,0.8425,0.8426164567873513,1,0.02857142857142857
626,41628,16,0.9279999999999999,0.928224622418351,1,0.1875
627,41649,21,0.9055,0.905760706583379,1,0.14285714285714285
628,41665,16,0.9279999999999999,0.9281304018953177,1,0.0625
629,41695,30,0.865,0.8652785822712873,1,0.1
630,41709,14,0.9369999999999999,0.9370531699661079,1,0.07142857142857142
631,41734,25,0.8875,0.8876004498052551,1,0.04
632,41768,34,0.847,0.8470732881569604,1,0.029411764705882353
633,41788,20,0.91,0.9102595399272476,1,0.15
634,41819,31,0.8605,0.8605792474082922,1,0.03225806451612903
635,41844,25,0.8875,0.8880444196817141,1,0.2
636,41860,16,0.9279999999999999,0.9280604716915247,1,0.0625
637,41928,68,0.694,0.6944133989607862,1,0.014705882352941176
638,41952,24,0.892,0.8925171926602893,1,0.20833333333333334
639,41975,23,0.8965,0.896584056657904,1,0.043478260869565216
640,41993,18,0.919,0.9193004088714962,1,0.16666666666666666
641,42020,27,0.8785,0.8785667508343838,1,0.037037037037037035
642,42034,14,0.9369999999999999,0.9370764768209728,1,0.07142857142857142
643,42048,14,0.9369999999999999,0.9370811290631971,1,0.07142857142857142
644,42068,20,0.91,0.9103904699320584,1,0.25
645,42084,16,0.9279999999999999,0.928087548725769,1,0.0625
646,42102,18,0.919,0.9192329235543701,1,0.16666666666666666
647,42142,40,0.82,0.8202642401557741,1,0.075
648,42162,20,0.91,0.9100849519896372,1,0.05
649,42176,14,0.9369999999999999,0.9370790256782376,1,0.07142857142857142
650,42192,16,0.9279999999999999,0.9280628746540399,1,0.0625
651,42214,22,0.901,0.9012523963659216,1,0.13636363636363635
652,42230,16,0.9279999999999999,0.9281019005485147,1,0.0625
653,42246,16,0.9279999999999999,0.9280758400999733,1,0.0625
654,42268,22,0.901,0.9012929410289093,1,0.13636363636363635
655,42282,14,0.9369999999999999,0.9370655224507743,1,0.07142857142857142
656,42296,14,0.9369999999999999,0.9371089658497274,1,0.07142857142857142
657,42314,18,0.919,0.9190642719440978,1,0.05555555555555555
658,42338,24,0.892,0.8926051875621733,1,0.2916666666666667
659,42354,16,0.9279999999999999,0.928070876562484,1,0.0625
660,42370,16,0.9279999999999999,0.9280643104814128,1,0.0625
661,42390,20,0.91,0.9100845036761688,1,0.05
662,42412,22,0.901,0.9012822929819451,1,0.13636363636363635
663,42438,26,0.883,0.8831132581390415,1,0.038461538461538464
664,42460,22,0.901,0.9013277047757214,1,0.22727272727272727
665,42474,14,0.9369999999999999,0.9370584430839035,1,0.07142857142857142
666,42492,18,0.919,0.9190854387728187,1,0.05555555555555555
667,42515,23,0.8965,0.8965910039460655,1,0.043478260869565216
668,42539,24,0.892,0.8925527250632704,1,0.2916666666666667
669,42561,22,0.901,0.901058559559007,1,0.045454545454545456
670,42579,18,0.919,0.9191336375476058,1,0.05555555555555555
671,42595,16,0.9279999999999999,0.9280676672919348,1,0.0625
672,42611,16,0.9279999999999999,0.928161292990924,1,0.0625
673,42629,18,0.919,0.9190814707851885,1,0.05555555555555555
674,42651,22,0.901,0.9011080271172891,1,0.045454545454545456
675,42669,18,0.919,0.9191131867244831,1,0.05555555555555555
676,42691,22,0.901,0.9013850210234983,1,0.13636363636363635
677,42719,28,0.874,0.8743609760711452,1,0.17857142857142858
678,42739,20,0.91,0.9104805088451806,1,0.25
679,42761,22,0.901,0.9012922195415988,1,0.13636363636363635
680,42779,18,0.919,0.919294077041701,1,0.16666666666666666
681,42803,24,0.892,0.8923098830922641,1,0.125
682,42821,18,0.919,0.919085093432969,1,0.05555555555555555
683,42837,16,0.9279999999999999,0.9280516666609695,1,0.0625
684,42853,16,0.9279999999999999,0.9280547425606915,1,0.0625
685,42873,20,0.91,0.9100836576605135,1,0.05
686,42897,24,0.892,0.8925594372385924,1,0.25
687,42913,16,0.9279999999999999,0.9280873122082708,1,0.0625
688,42937,24,0.892,0.8923245418991368,1,0.20833333333333334
689,42979,42,0.8109999999999999,0.8111109667554004,1,0.023809523809523808
690,43009,30,0.865,0.8650925992330137,1,0.03333333333333333
691,43023,14,0.9369999999999999,0.937061781286756,1,0.07142857142857142
692,43111,88,0.604,0.6093608979331331,1,0.022727272727272728
693,43131,20,0.91,0.910100444504272,1,0.05
694,43149,18,0.919,0.9190771663484616,1,0.05555555555555555
695,43169,20,0.91,0.9101507076955688,1,0.05
696,43183,14,0.9369999999999999,0.9370805987047192,1,0.07142857142857142
697,43197,14,0.9369999999999999,0.9370788089470719,1,0.07142857142857142
698,43228,31,0.8605,0.8606103811142001,1,0.03225806451612903
699,43246,18,0.919,0.9190539019427382,1,0.05555555555555555
700,43272,26,0.883,0.883292588502768,1,0.038461538461538464
701,43286,14,0.9369999999999999,0.9371097262583441,1,0.07142857142857142
702,43306,20,0.91,0.9102310621488843,1,0.15
703,43332,26,0.883,0.8832502944013004,1,0.11538461538461539
704,43350,18,0.919,0.919098842023236,1,0.05555555555555555
705,43368,18,0.919,0.9190671339645707,1,0.05555555555555555
706,43384,16,0.9279999999999999,0.9280565413452032,1,0.0625
707,43400,16,0.9279999999999999,0.928087413636634,1,0.0625
708,43414,14,0.9369999999999999,0.9370864757638037,1,0.07142857142857142
709,43428,14,0.9369999999999999,0.9371123117067246,1,0.07142857142857142
710,43442,14,0.9369999999999999,0.9370999281767604,1,0.07142857142857142
711,43464,22,0.901,0.9016340058800558,1,0.3181818181818182
712,43478,14,0.9369999999999999,0.9370652062758389,1,0.07142857142857142
713,43514,36,0.838,0.839306927954373,1,0.3611111111111111
714,43534,20,0.91,0.9107053964598555,1,0.35
715,43568,34,0.847,0.8479793126678512,1,0.2647058823529412
716,43586,18,0.919,0.9192626183475576,1,0.16666666666666666
717,43615,29,0.8694999999999999,0.8701394086356887,1,0.20689655172413793
718,43629,14,0.9369999999999999,0.9370702601712414,1,0.07142857142857142
719,43647,18,0.919,0.9195380207444237,1,0.2777777777777778
720,43667,20,0.91,0.9107827362966536,1,0.35
721,43681,14,0.9369999999999999,0.9370635864733724,1,0.07142857142857142
722,43699,18,0.919,0.9194274354334473,1,0.2777777777777778
723,43725,26,0.883,0.8837976527490489,1,0.15384615384615385
724,43754,29,0.8694999999999999,0.8701541496573922,1,0.06896551724137931
725,43772,18,0.919,0.919236918015339,1,0.16666666666666666
726,43796,24,0.892,0.8920750294262615,1,0.041666666666666664
727,43812,16,0.9279999999999999,0.9280548222548255,1,0.0625
728,43832,20,0.91,0.9100866096944269,1,0.05
729,43849,17,0.9235,0.9235439824682753,1,0.058823529411764705
730,43876,27,0.8785,0.8785803977278489,1,0.037037037037037035
731,43892,16,0.9279999999999999,0.928292028058388,1,0.1875
732,43908,16,0.9279999999999999,0.9283037381290848,1,0.1875
733,43931,23,0.8965,0.8966688118709959,1,0.043478260869565216
734,43963,32,0.856,0.8565395886158993,1,0.21875
735,43984,21,0.9055,0.9056000807277326,1,0.047619047619047616
736,44015,31,0.8605,0.8615448508479321,1,0.2903225806451613
737,44041,26,0.883,0.8838998967777282,1,0.2692307692307692
738,44134,93,0.5814999999999999,0.5838272173854288,1,0.043010752688172046
739,44148,14,0.9369999999999999,0.9370720329349506,1,0.07142857142857142
740,44166,18,0.919,0.9192406630552459,1,0.16666666666666666
741,44184,18,0.919,0.9191300475473404,1,0.05555555555555555
742,44203,19,0.9145,0.9145484715745763,1,0.05263157894736842
743,44245,42,0.8109999999999999,0.8112175144691222,1,0.07142857142857142
744,44271,26,0.883,0.8830858953398292,1,0.038461538461538464
745,44307,36,0.838,0.8383842199914171,1,0.1111111111111111
746,44325,18,0.919,0.9190918307206885,1,0.05555555555555555
747,44341,16,0.9279999999999999,0.9281962407590975,1,0.1875
748,44403,62,0.721,0.7211106903259316,1,0.016129032258064516
749,44421,18,0.919,0.9190508742907006,1,0.05555555555555555
750,44437,16,0.9279999999999999,0.9280710235734512,1,0.0625
751,44455,18,0.919,0.9191435056310427,1,0.05555555555555555
752,44489,34,0.847,0.8470933527366786,1,0.029411764705882353
753,44509,20,0.91,0.9100594415677242,1,0.05
754,44709,200,0.0,0.004531740871256101,0,0.03
755,44749,40,0.82,0.8201047003011614,1,0.025
756,44778,29,0.8694999999999999,0.8697858494639863,1,0.10344827586206896
757,44805,27,0.8785,0.8785670071394114,1,0.037037037037037035
758,44825,20,0.91,0.9100645249732141,1,0.05
759,44845,20,0.91,0.910089731234023,1,0.05
760,44863,18,0.919,0.9190596662881939,1,0.05555555555555555
761,44883,20,0.91,0.9100882634091854,1,0.05
762,44903,20,0.91,0.9100916941568253,1,0.05
763,44974,71,0.6805,0.6806680924362356,1,0.014084507042253521
764,44988,14,0.9369999999999999,0.9370432395737887,1,0.07142857142857142
765,45007,19,0.9145,0.9149299558296374,1,0.2631578947368421
766,45029,22,0.901,0.9011208576610659,1,0.045454545454545456
767,45073,44,0.802,0.8021112621904679,1,0.022727272727272728
768,45093,20,0.91,0.9100757069564447,1,0.05
769,45127,34,0.847,0.8470787152873915,1,0.029411764705882353
770,45170,43,0.8065,0.8066300502516898,1,0.023255813953488372
771,45213,43,0.8065,0.806615480579651,1,0.023255813953488372
772,45231,18,0.919,0.9190784672645741,1,0.05555555555555555
773,45249,18,0.919,0.9190830465731298,1,0.05555555555555555
774,45263,14,0.9369999999999999,0.9370613476954085,1,0.07142857142857142
775,45277,14,0.9369999999999999,0.9370659601604966,1,0.07142857142857142
776,45303,26,0.883,0.8831740586858562,1,0.038461538461538464
777,45321,18,0.919,0.919104392169503,1,0.05555555555555555
778,45337,16,0.9279999999999999,0.9280764319471138,1,0.0625
779,45359,22,0.901,0.9014629573452997,1,0.13636363636363635
780,45377,18,0.919,0.9190827977943132,1,0.05555555555555555
781,45399,22,0.901,0.9017591030587536,1,0.3181818181818182
782,45425,26,0.883,0.8831225477088578,1,0.038461538461538464
783,45445,20,0.91,0.9103392620676724,1,0.15
784,45459,14,0.9369999999999999,0.937067094133189,1,0.07142857142857142
785,45473,14,0.9369999999999999,0.9370561710562788,1,0.07142857142857142
786,45491,18,0.919,0.9190969291181377,1,0.05555555555555555
787,45507,16,0.9279999999999999,0.9280651666613857,1,0.0625
788,45534,27,0.8785,0.8786037820084196,1,0.037037037037037035
789,45556,22,0.901,0.9010712332173827,1,0.045454545454545456
790,45596,40,0.82,0.8203321454429368,1,0.125
791,45610,14,0.9369999999999999,0.9371075659972221,1,0.07142857142857142
792,45626,16,0.9279999999999999,0.9281115351033117,1,0.0625
793,45642,16,0.9279999999999999,0.9280516470653202,1,0.0625
794,45662,20,0.91,0.910080385033755,1,0.05
795,45678,16,0.9279999999999999,0.9281132547128966,1,0.0625
796,45731,53,0.7615,0.7618671541283112,1,0.07547169811320754
797,45747,16,0.9279999999999999,0.9280638750728492,1,0.0625
798,45761,14,0.9369999999999999,0.9370763815517599,1,0.07142857142857142
799,45779,18,0.919,0.9192080864099328,1,0.16666666666666666
800,45824,45,0.7975,0.7980209218065047,1,0.08888888888888889
801,45839,15,0.9325,0.9325588278866708,1,0.06666666666666667
802,45869,30,0.865,0.8651282860065246,1,0.03333333333333333
803,45886,17,0.9235,0.9235660169771412,1,0.058823529411764705
804,45904,18,0.919,0.919078495638852,1,0.05555555555555555
805,45918,14,0.9369999999999999,0.9370794803801353,1,0.07142857142857142
806,45940,22,0.901,0.9010861323975011,1,0.045454545454545456
807,45966,26,0.883,0.8830712466615599,1,0.038461538461538464
808,45988,22,0.901,0.901200409011426,1,0.13636363636363635
809,46007,19,0.9145,0.9147121963789024,1,0.15789473684210525
810,46061,54,0.757,0.7573391112745562,1,0.05555555555555555
811,46077,16,0.9279999999999999,0.9280661047455877,1,0.0625
812,46093,16,0.9279999999999999,0.9280418175725493,1,0.0625
813,46109,16,0.9279999999999999,0.9280571251536397,1,0.0625
814,46125,16,0.9279999999999999,0.9280926647650453,1,0.0625
815,46143,18,0.919,0.9190798714821635,1,0.05555555555555555
816,46157,14,0.9369999999999999,0.9370466623530855,1,0.07142857142857142
817,46173,16,0.9279999999999999,0.9280654523187799,1,0.0625
818,46191,18,0.919,0.9190827093895498,1,0.05555555555555555
819,46223,32,0.856,0.8576293352872847,1,0.59375
820,46267,44,0.802,0.804443556092029,1,0.5681818181818182
821,46287,20,0.91,0.9104426810364296,1,0.25
822,46305,18,0.919,0.9193597855176118,1,0.2777777777777778
823,46333,28,0.874,0.8750427938314027,1,0.4642857142857143
824,46354,21,0.9055,0.9059152952903514,1,0.23809523809523808
825,46384,30,0.865,0.8662493251217857,1,0.5
826,46412,28,0.874,0.8750845710937245,1,0.4642857142857143
827,46430,18,0.919,0.9190765294302684,1,0.05555555555555555
828,46458,28,0.874,0.8743679695592066,1,0.10714285714285714
829,46472,14,0.9369999999999999,0.9371687247749039,1,0.07142857142857142
830,46492,20,0.91,0.9104443146281771,1,0.25
831,46550,58,0.739,0.7424338159333458,1,0.7413793103448276
832,46570,20,0.91,0.9101091785910653,1,0.05
833,46596,26,0.883,0.8836065807843364,1,0.2692307692307692
834,46616,20,0.91,0.9106210162563151,1,0.35
835,46634,18,0.919,0.919124929841162,1,0.05555555555555555
836,46660,26,0.883,0.8843506036744715,1,0.5
837,46676,16,0.9279999999999999,0.9282728403584014,1,0.1875
838,46742,66,0.703,0.7043605578729606,1,0.22727272727272727
839,46778,36,0.838,0.8384817005812207,1,0.1388888888888889
840,46822,44,0.802,0.8044051333592696,1,0.5909090909090909
841,46846,24,0.892,0.8926019934605791,1,0.2916666666666667
842,46871,25,0.8875,0.8875735997033556,1,0.04
843,46891,20,0.91,0.9100950885454182,1,0.05
844,46905,14,0.9369999999999999,0.9370643108742037,1,0.07142857142857142
845,46921,16,0.9279999999999999,0.9282837164559204,1,0.1875
846,46977,56,0.748,0.7499129462707056,1,0.4107142857142857
847,47003,26,0.883,0.8840769939887004,1,0.5
848,47023,20,0.91,0.9102487744063633,1,0.15
849,47041,18,0.919,0.9191983803076993,1,0.16666666666666666
850,47057,16,0.9279999999999999,0.928053611262786,1,0.0625
851,47071,14,0.9369999999999999,0.9370977825635753,1,0.07142857142857142
852,47090,19,0.9145,0.9148880290892147,1,0.2631578947368421
853,47113,23,0.8965,0.8969445007372633,1,0.21739130434782608
854,47127,14,0.9369999999999999,0.9370547119905603,1,0.07142857142857142
855,47153,26,0.883,0.8832694200896173,1,0.11538461538461539
856,47171,18,0.919,0.919309430827844,1,0.16666666666666666
857,47185,14,0.9369999999999999,0.9371011022549328,1,0.07142857142857142
858,47201,16,0.9279999999999999,0.9280885301658279,1,0.0625
859,47219,18,0.919,0.9190606279510413,1,0.05555555555555555
860,47243,24,0.892,0.8925045187559235,1,0.20833333333333334
861,47257,14,0.9369999999999999,0.937074335914897,1,0.07142857142857142
862,47279,22,0.901,0.9015519561861002,1,0.3181818181818182
863,47297,18,0.919,0.919258135293603,1,0.16666666666666666
864,47311,14,0.9369999999999999,0.937039967851348,1,0.07142857142857142
865,47333,22,0.901,0.9015820788108179,1,0.22727272727272727
866,47347,14,0.9369999999999999,0.9370428807909991,1,0.07142857142857142
867,47371,24,0.892,0.8932532427067459,1,0.375
868,47385,14,0.9369999999999999,0.9371201510057927,1,0.07142857142857142
869,47399,14,0.9369999999999999,0.9371001112186053,1,0.07142857142857142
870,47423,24,0.892,0.8922377725461336,1,0.125
871,47437,14,0.9369999999999999,0.9370575998361008,1,0.07142857142857142
872,47467,30,0.865,0.8663532257369876,1,0.4
873,47481,14,0.9369999999999999,0.9370480626299813,1,0.07142857142857142
874,47497,16,0.9279999999999999,0.9280485484061779,1,0.0625
875,47511,14,0.9369999999999999,0.937069576598195,1,0.07142857142857142
876,47525,14,0.9369999999999999,0.9370627668545897,1,0.07142857142857142
877,47541,16,0.9279999999999999,0.9280803987747861,1,0.0625
878,47565,24,0.892,0.8921149895040151,1,0.041666666666666664
879,47655,90,0.595,0.5951523621432255,1,0.011111111111111112
880,47685,30,0.865,0.8654752016904461,1,0.1
881,47750,65,0.7075,0.7079455893929367,1,0.046153846153846156
882,47780,30,0.865,0.8650967677023813,1,0.03333333333333333
883,47834,54,0.757,0.7571157525173641,1,0.018518518518518517
884,47889,55,0.7525,0.7526385563885535,1,0.01818181818181818
885,47911,22,0.901,0.9016870181331303,1,0.3181818181818182
886,47947,36,0.838,0.8381049266527736,1,0.027777777777777776
887,47965,18,0.919,0.9190895648254528,1,0.05555555555555555
888,47983,18,0.919,0.9194415213898239,1,0.2777777777777778
889,48005,22,0.901,0.9016165301395028,1,0.3181818181818182
890,48084,79,0.6445,0.644645650748941,1,0.012658227848101266
891,48116,32,0.856,0.8560648999674427,1,0.03125
892,48134,18,0.919,0.9190577062800384,1,0.05555555555555555
893,48157,23,0.8965,0.89658117102981,1,0.043478260869565216
894,48263,106,0.5229999999999999,0.5231446513565936,1,0.009433962264150943
895,48286,23,0.8965,0.8965471480494664,1,0.043478260869565216
896,48323,37,0.8335,0.833589798287712,1,0.02702702702702703
897,48337,14,0.9369999999999999,0.9370774529944388,1,0.07142857142857142
898,48358,21,0.9055,0.9055647212120177,1,0.047619047619047616
899,48409,51,0.7705,0.7706323079081584,1,0.0196078431372549
900,48467,58,0.739,0.739093141384485,1,0.017241379310344827
901,48487,20,0.91,0.9102939174082553,1,0.15
902,48503,16,0.9279999999999999,0.9280519550242138,1,0.0625
903,48529,26,0.883,0.8830942281302633,1,0.038461538461538464
904,48550,21,0.9055,0.9055831734195354,1,0.047619047619047616
905,48576,26,0.883,0.8830869015980548,1,0.038461538461538464
906,48608,32,0.856,0.856076815069278,1,0.03125
907,48625,17,0.9235,0.9235715678364099,1,0.058823529411764705
908,48648,23,0.8965,0.8965870462349202,1,0.043478260869565216
909,48666,18,0.919,0.9190736934586959,1,0.05555555555555555
910,48689,23,0.8965,0.8965837389700263,1,0.043478260869565216
911,48719,30,0.865,0.865061537777347,1,0.03333333333333333
912,48781,62,0.721,0.7211175113418617,1,0.016129032258064516
913,48801,20,0.91,0.9100594410078834,1,0.05
914,48885,84,0.622,0.6222030907745703,1,0.011904761904761904
915,48901,16,0.9279999999999999,0.9280917508616388,1,0.0625
916,48917,16,0.9279999999999999,0.9280558823595384,1,0.0625
917,48931,14,0.9369999999999999,0.9370775063069183,1,0.07142857142857142
918,48983,52,0.766,0.7660907435891888,1,0.019230769230769232
919,49004,21,0.9055,0.9055434920938495,1,0.047619047619047616
920,49029,25,0.8875,0.8875814060074617,1,0.04
921,49045,16,0.9279999999999999,0.9281087036071217,1,0.0625
922,49069,24,0.892,0.8921205428228725,1,0.041666666666666664
923,49089,20,0.91,0.910095955235937,1,0.05
924,49109,20,0.91,0.9100777917429658,1,0.05
925,49133,24,0.892,0.8920944833727174,1,0.041666666666666664
926,49151,18,0.919,0.9191095781751811,1,0.05555555555555555
927,49185,34,0.847,0.8470960697524449,1,0.029411764705882353
928,49271,86,0.613,0.6131622949670227,1,0.011627906976744186
929,49285,14,0.9369999999999999,0.9371005809304119,1,0.07142857142857142
930,49349,64,0.712,0.7121638185636667,1,0.015625
931,49377,28,0.874,0.8742361944793896,1,0.10714285714285714
932,49397,20,0.91,0.9100914268294097,1,0.05
933,49411,14,0.9369999999999999,0.9370462120533463,1,0.07142857142857142
934,49427,16,0.9279999999999999,0.9280739899609856,1,0.0625
935,49443,16,0.9279999999999999,0.9280635281976042,1,0.0625
936,49475,32,0.856,0.8561100281556928,1,0.03125
937,49499,24,0.892,0.8920724348130372,1,0.041666666666666664
938,49525,26,0.883,0.8830742192451506,1,0.038461538461538464
939,49579,54,0.757,0.7571458791280818,1,0.018518518518518517
940,49665,86,0.613,0.6131925830654653,1,0.011627906976744186
941,49685,20,0.91,0.9102547114649321,1,0.15
942,49701,16,0.9279999999999999,0.9281901617558612,1,0.1875
943,49719,18,0.919,0.9190668194873021,1,0.05555555555555555
944,49735,16,0.9279999999999999,0.9280642389771014,1,0.0625
945,49757,22,0.901,0.9010956334885596,1,0.045454545454545456
946,49771,14,0.9369999999999999,0.9370850534891508,1,0.07142857142857142
947,49785,14,0.9369999999999999,0.9370432182248323,1,0.07142857142857142
948,49801,16,0.9279999999999999,0.9281049100226522,1,0.0625
949,49839,38,0.829,0.8290929205957497,1,0.02631578947368421
950,49857,18,0.919,0.919086790266657,1,0.05555555555555555
951,49907,50,0.775,0.7751380610552637,1,0.02
952,49921,14,0.9369999999999999,0.9370361134601998,1,0.07142857142857142
953,49937,16,0.9279999999999999,0.9280977430641514,1,0.0625
954,49961,24,0.892,0.8921459251882226,1,0.041666666666666664
955,49985,24,0.892,0.8920595304479874,1,0.041666666666666664
956,49999,14,0.9369999999999999,0.9370614034573469,1,0.07142857142857142
957,50019,20,0.91,0.910110534556992,1,0.05
958,50037,18,0.919,0.919076111579963,1,0.05555555555555555
959,50053,16,0.9279999999999999,0.928072320939459,1,0.0625
960,50067,14,0.9369999999999999,0.9370553344037259,1,0.07142857142857142
961,50084,17,0.9235,0.9235911125358067,1,0.058823529411764705
962,50098,14,0.9369999999999999,0.9371184808425171,1,0.07142857142857142
963,50114,16,0.9279999999999999,0.9280669982882517,1,0.0625
964,50128,14,0.9369999999999999,0.9370616080008435,1,0.07142857142857142
965,50142,14,0.9369999999999999,0.9370652266881724,1,0.07142857142857142
966,50158,16,0.9279999999999999,0.9280761441114872,1,0.0625
967,50184,26,0.883,0.8830690080139048,1,0.038461538461538464
968,50210,26,0.883,0.8830670946637917,1,0.038461538461538464
969,50247,37,0.8335,0.8335850514059814,1,0.02702702702702703
970,50261,14,0.9369999999999999,0.9371373948072007,1,0.07142857142857142
971,50275,14,0.9369999999999999,0.9370590939475258,1,0.07142857142857142
972,50297,22,0.901,0.9010770354970771,1,0.045454545454545456
973,50319,22,0.901,0.9010985349387532,1,0.045454545454545456
974,50387,68,0.694,0.6941571598730801,1,0.014705882352941176
975,50413,26,0.883,0.8831147627565132,1,0.038461538461538464
976,50457,44,0.802,0.8021351519912898,1,0.022727272727272728
977,50532,75,0.6625,0.6626890343465546,1,0.013333333333333334
978,50556,24,0.892,0.8924130541257055,1,0.20833333333333334
979,50584,28,0.874,0.8741299035686142,1,0.03571428571428571
980,50604,20,0.91,0.9100865198654225,1,0.05
981,50636,32,0.856,0.8561016409785435,1,0.03125
982,50677,41,0.8155,0.8155848575707422,1,0.024390243902439025
983,50735,58,0.739,0.7391665536988045,1,0.017241379310344827
984,50763,28,0.874,0.874095645607796,1,0.03571428571428571
985,50783,20,0.91,0.910085852254768,1,0.05
986,50797,14,0.9369999999999999,0.9370603121309347,1,0.07142857142857142
987,50839,42,0.8109999999999999,0.8111034422241398,1,0.023809523809523808
988,50985,146,0.34299999999999997,0.34336457042932544,1,0.00684931506849315
989,51001,16,0.9279999999999999,0.9281102036509117,1,0.0625
990,51019,18,0.919,0.9190745580899915,1,0.05555555555555555
991,51034,15,0.9325,0.9325555733437518,1,0.06666666666666667
992,51052,18,0.919,0.9190772738999633,1,0.05555555555555555
993,51066,14,0.9369999999999999,0.937065601756652,1,0.07142857142857142
994,51080,14,0.9369999999999999,0.9371052952365045,1,0.07142857142857142
995,51100,20,0.91,0.9100696837130425,1,0.05
996,51122,22,0.901,0.9010836890346704,1,0.045454545454545456
997,51140,18,0.919,0.9190829125919485,1,0.05555555555555555
998,51158,18,0.919,0.9190708225675489,1,0.05555555555555555
999,51172,14,0.9369999999999999,0.9370322324959671,1,0.07142857142857142
1000,51188,16,0.9279999999999999,0.9280386873269382,1,0.0625
1001,51202,14,0.9369999999999999,0.9370772905663939,1,0.07142857142857142
1002,51218,16,0.9279999999999999,0.9280539022119674,1,0.0625
1003,51232,14,0.9369999999999999,0.937077750792308,1,0.07142857142857142
1004,51246,14,0.9369999999999999,0.9371104473482201,1,0.07142857142857142
1005,51262,16,0.9279999999999999,0.9280678934924969,1,0.0625
1006,51278,16,0.9279999999999999,0.928246522634127,1,0.1875
1007,51294,16,0.9279999999999999,0.9280672541458316,1,0.0625
1008,51312,18,0.919,0.919089833378767,1,0.05555555555555555
1009,51326,14,0.9369999999999999,0.9370560516785329,1,0.07142857142857142
1010,51344,18,0.919,0.9191910499573184,1,0.16666666666666666
1011,51358,14,0.9369999999999999,0.9370800364734427,1,0.07142857142857142
1012,51374,16,0.9279999999999999,0.9280642529374578,1,0.0625
1013,51388,14,0.9369999999999999,0.9370827125408402,1,0.07142857142857142
1014,51406,18,0.919,0.9192477372672885,1,0.16666666666666666
1015,51420,14,0.9369999999999999,0.9370709051891746,1,0.07142857142857142
1016,51436,16,0.9279999999999999,0.9280432590570428,1,0.0625
1017,51450,14,0.9369999999999999,0.9370711260644994,1,0.07142857142857142
1018,51464,14,0.9369999999999999,0.9371070402740771,1,0.07142857142857142
1019,51478,14,0.9369999999999999,0.9370840059500268,1,0.07142857142857142
1020,51494,16,0.9279999999999999,0.9283365836492753,1,0.1875
1021,51514,20,0.91,0.9100749561976977,1,0.05
1022,51532,18,0.919,0.9190591070668797,1,0.05555555555555555
1023,51546,14,0.9369999999999999,0.9370521996374301,1,0.07142857142857142
1024,51568,22,0.901,0.9010974496384545,1,0.045454545454545456
1025,51584,16,0.9279999999999999,0.9280683079868047,1,0.0625
1026,51598,14,0.9369999999999999,0.9370563015296052,1,0.07142857142857142
1027,51614,16,0.9279999999999999,0.9280567343965923,1,0.0625
1028,51628,14,0.9369999999999999,0.937062385018753,1,0.07142857142857142
1029,51642,14,0.9369999999999999,0.9370494808322611,1,0.07142857142857142
1030,51658,16,0.9279999999999999,0.9281386906566141,1,0.0625
1031,51672,14,0.9369999999999999,0.9371050031821427,1,0.07142857142857142
1032,51686,14,0.9369999999999999,0.9370971649266058,1,0.07142857142857142
1033,51706,20,0.91,0.9100895200117647,1,0.05
1034,51720,14,0.9369999999999999,0.9370781230906365,1,0.07142857142857142
1035,51734,14,0.9369999999999999,0.9370775177364298,1,0.07142857142857142
1036,51748,14,0.9369999999999999,0.9370735159741548,1,0.07142857142857142
1037,51762,14,0.9369999999999999,0.9371219179177862,1,0.07142857142857142
1038,51778,16,0.9279999999999999,0.9280492725133296,1,0.0625
1039,51792,14,0.9369999999999999,0.9370711446601904,1,0.07142857142857142
1040,51806,14,0.9369999999999999,0.9370676397368528,1,0.07142857142857142
1041,51821,15,0.9325,0.9325515101543622,1,0.06666666666666667
1042,51835,14,0.9369999999999999,0.9371002841793205,1,0.07142857142857142
1043,51849,14,0.9369999999999999,0.9370655854043334,1,0.07142857142857142
1044,51863,14,0.9369999999999999,0.9370804492326307,1,0.07142857142857142
1045,51877,14,0.9369999999999999,0.9370385217663919,1,0.07142857142857142
1046,51891,14,0.9369999999999999,0.9370482961885092,1,0.07142857142857142
1047,51905,14,0.9369999999999999,0.9370822158083018,1,0.07142857142857142
1048,51923,18,0.919,0.9190880035468885,1,0.05555555555555555
1049,51942,19,0.9145,0.9146120636689448,1,0.05263157894736842
1050,51956,14,0.9369999999999999,0.937045944689017,1,0.07142857142857142
1051,51972,16,0.9279999999999999,0.9280652615603612,1,0.0625
1052,51986,14,0.9369999999999999,0.937070795388658,1,0.07142857142857142
1053,52000,14,0.9369999999999999,0.9370566903722208,1,0.07142857142857142
1054,52014,14,0.9369999999999999,0.9370478727980854,1,0.07142857142857142
1055,52028,14,0.9369999999999999,0.9370871533311751,1,0.07142857142857142
1056,52042,14,0.9369999999999999,0.9370865141996189,1,0.07142857142857142
1057,52056,14,0.9369999999999999,0.9370617475663744,1,0.07142857142857142
1058,52070,14,0.9369999999999999,0.9370465250944784,1,0.07142857142857142
1059,52086,16,0.9279999999999999,0.9280987751671913,1,0.0625
1060,52100,14,0.9369999999999999,0.9370745499657784,1,0.07142857142857142
1061,52114,14,0.9369999999999999,0.9370816305897074,1,0.07142857142857142
1062,52128,14,0.9369999999999999,0.9370585195569552,1,0.07142857142857142
1063,52142,14,0.9369999999999999,0.9370782915165533,1,0.07142857142857142
1064,52160,18,0.919,0.9190546002855536,1,0.05555555555555555
1065,52174,14,0.9369999999999999,0.9370595980771067,1,0.07142857142857142
1066,52189,15,0.9325,0.9325557794645566,1,0.06666666666666667
1067,52203,14,0.9369999999999999,0.9370490089382854,1,0.07142857142857142
1068,52222,19,0.9145,0.9145834221163264,1,0.05263157894736842
1069,52236,14,0.9369999999999999,0.9370958330910432,1,0.07142857142857142
1070,52253,17,0.9235,0.9235887310698766,1,0.058823529411764705
1071,52271,18,0.919,0.9190573691653642,1,0.05555555555555555
1072,52285,14,0.9369999999999999,0.9370525746358334,1,0.07142857142857142
1073,52299,14,0.9369999999999999,0.9370816968107785,1,0.07142857142857142
1074,52315,16,0.9279999999999999,0.9280567046270107,1,0.0625
1075,52329,14,0.9369999999999999,0.9370501450338987,1,0.07142857142857142
1076,52354,25,0.8875,0.8875823900468667,1,0.04
1077,52368,14,0.9369999999999999,0.9370664589632025,1,0.07142857142857142
1078,52388,20,0.91,0.9100708629229026,1,0.05
1079,52409,21,0.9055,0.9055554577652278,1,0.047619047619047616
1080,52429,20,0.91,0.9100469068586182,1,0.05
1081,52451,22,0.901,0.9012159931004424,1,0.13636363636363635
1082,52466,15,0.9325,0.9325620491922955,1,0.06666666666666667
1083,52480,14,0.9369999999999999,0.9370605585267565,1,0.07142857142857142
1084,52494,14,0.9369999999999999,0.9371086196626973,1,0.07142857142857142
1085,52510,16,0.9279999999999999,0.9280593390533209,1,0.0625
1086,52529,19,0.9145,0.9145666081538912,1,0.05263157894736842
1087,52545,16,0.9279999999999999,0.9282498979501327,1,0.1875
1088,52574,29,0.8694999999999999,0.8697483462225944,1,0.10344827586206896
1089,52598,24,0.892,0.8920684805699878,1,0.041666666666666664
1090,52614,16,0.9279999999999999,0.9280515396013272,1,0.0625
1091,52628,14,0.9369999999999999,0.9370993395444527,1,0.07142857142857142
1092,52642,14,0.9369999999999999,0.9370708722789963,1,0.07142857142857142
1093,52667,25,0.8875,0.8875903077634992,1,0.04
1094,52681,14,0.9369999999999999,0.9370797690808763,1,0.07142857142857142
1095,52695,14,0.9369999999999999,0.937046318665734,1,0.07142857142857142
1096,52711,16,0.9279999999999999,0.928059838302318,1,0.0625
1097,52729,18,0.919,0.9190654685177647,1,0.05555555555555555
1098,52754,25,0.8875,0.8875504702933773,1,0.04
1099,52775,21,0.9055,0.9055565214574316,1,0.047619047619047616
1100,52789,14,0.9369999999999999,0.9370622577730326,1,0.07142857142857142
1101,52803,14,0.9369999999999999,0.9370619019082107,1,0.07142857142857142
1102,52818,15,0.9325,0.9326313601932021,1,0.06666666666666667
1103,52832,14,0.9369999999999999,0.937039668171871,1,0.07142857142857142
1104,52848,16,0.9279999999999999,0.9280577263383002,1,0.0625
1105,52873,25,0.8875,0.8875907821627789,1,0.04
1106,52887,14,0.9369999999999999,0.9370727437775911,1,0.07142857142857142
1107,52901,14,0.9369999999999999,0.9370596220933897,1,0.07142857142857142
1108,52917,16,0.9279999999999999,0.9280960569066489,1,0.0625
1109,52944,27,0.8785,0.8785701889020405,1,0.037037037037037035
1110,52959,15,0.9325,0.9325582286681543,1,0.06666666666666667
1111,52975,16,0.9279999999999999,0.9280806222066409,1,0.0625
1112,52989,14,0.9369999999999999,0.9370734905326706,1,0.07142857142857142
1113,53007,18,0.919,0.9190555853772312,1,0.05555555555555555
1114,53021,14,0.9369999999999999,0.9370633608703546,1,0.07142857142857142
1115,53047,26,0.883,0.8831268652850921,1,0.038461538461538464
1116,53244,197,0.11350000000000005,0.11373707108259472,1,0.005076142131979695
1117,53444,200,0.0,0.00041758731855582134,0,0.015
1118,53472,28,0.874,0.8742928428913093,1,0.10714285714285714
1119,53672,200,0.0,0.0036295345233063156,0,0.19
1120,53872,200,0.0,0.008346150348649781,0,0.445
1121,54018,146,0.34299999999999997,0.34318612283178707,1,0.00684931506849315
1122,54032,14,0.9369999999999999,0.9370570828637954,1,0.07142857142857142
1123,54046,14,0.9369999999999999,0.937070857117102,1,0.07142857142857142
1124,54060,14,0.9369999999999999,0.9370601991601178,1,0.07142857142857142
1125,54074,14,0.9369999999999999,0.9370642755600834,1,0.07142857142857142
1126,54114,40,0.82,0.8200862585892598,1,0.025
1127,54184,70,0.685,0.6851404302705014,1,0.014285714285714285
1128,54309,125,0.4375,0.4376931046554448,1,0.008
1129,54327,18,0.919,0.9190714273056945,1,0.05555555555555555
1130,54343,16,0.9279999999999999,0.928228917947465,1,0.1875
1131,54359,16,0.9279999999999999,0.928085870578301,1,0.0625
1132,54399,40,0.82,0.8200760951448304,1,0.025
1133,54508,109,0.5095,0.5096629471712044,1,0.009174311926605505
1134,54522,14,0.9369999999999999,0.9370756431872241,1,0.07142857142857142
1135,54536,14,0.9369999999999999,0.9370670904822679,1,0.07142857142857142
1136,54550,14,0.9369999999999999,0.9370738385889513,1,0.07142857142857142
1137,54564,14,0.9369999999999999,0.9370442073735427,1,0.07142857142857142
1138,54580,16,0.9279999999999999,0.9281517084602395,1,0.1875
1139,54594,14,0.9369999999999999,0.9370827457109537,1,0.07142857142857142
1140,54610,16,0.9279999999999999,0.9282395298218274,1,0.1875
1141,54638,28,0.874,0.8740644984175053,1,0.03571428571428571
1142,54698,60,0.73,0.7302373980332549,1,0.05
1143,54712,14,0.9369999999999999,0.9370444047107382,1,0.07142857142857142
1144,54742,30,0.865,0.8650969130215443,1,0.03333333333333333
1145,54758,16,0.9279999999999999,0.9280703630976511,1,0.0625
1146,54772,14,0.9369999999999999,0.9370466405246645,1,0.07142857142857142
1147,54786,14,0.9369999999999999,0.9370632631428751,1,0.07142857142857142
1148,54800,14,0.9369999999999999,0.9371053438569804,1,0.07142857142857142
1149,54814,14,0.9369999999999999,0.9370382817407513,1,0.07142857142857142
1150,54836,22,0.901,0.9010738743618305,1,0.045454545454545456
1151,54850,14,0.9369999999999999,0.9370594532492365,1,0.07142857142857142
1152,54864,14,0.9369999999999999,0.9371182545160239,1,0.07142857142857142
1153,54878,14,0.9369999999999999,0.937070733600838,1,0.07142857142857142
1154,54894,16,0.9279999999999999,0.9280492158137976,1,0.0625
1155,54910,16,0.9279999999999999,0.9280554362413667,1,0.0625
1156,54926,16,0.9279999999999999,0.9282264571077624,1,0.1875
1157,55000,74,0.667,0.6671262784755534,1,0.013513513513513514
1158,55016,16,0.9279999999999999,0.9280486068089046,1,0.0625
1159,55049,33,0.8514999999999999,0.8515554663256593,1,0.030303030303030304
1160,55095,46,0.7929999999999999,0.7930729528126139,1,0.021739130434782608
1161,55128,33,0.8514999999999999,0.8515791675855124,1,0.030303030303030304
1162,55159,31,0.8605,0.8606190731513645,1,0.03225806451612903
1163,55173,14,0.9369999999999999,0.9370539263081705,1,0.07142857142857142
1164,55189,16,0.9279999999999999,0.9280726875331149,1,0.0625
1165,55210,21,0.9055,0.9056072988766659,1,0.047619047619047616
1166,55241,31,0.8605,0.8605489838303265,1,0.03225806451612903
1167,55263,22,0.901,0.9010491656380506,1,0.045454545454545456
1168,55279,16,0.9279999999999999,0.9280693772766846,1,0.0625
1169,55303,24,0.892,0.8920805697024454,1,0.041666666666666664
1170,55320,17,0.9235,0.9237530201799576,1,0.17647058823529413
1171,55334,14,0.9369999999999999,0.9370679971770252,1,0.07142857142857142
1172,55365,31,0.8605,0.860576231814482,1,0.03225806451612903
1173,55381,16,0.9279999999999999,0.9280791894291858,1,0.0625
1174,55404,23,0.8965,0.8965526665288802,1,0.043478260869565216
1175,55421,17,0.9235,0.923621752696716,1,0.058823529411764705
1176,55468,47,0.7885,0.7886080878015495,1,0.02127659574468085
1177,55503,35,0.8425,0.8427184264448512,1,0.08571428571428572
1178,55522,19,0.9145,0.9145799635583207,1,0.05263157894736842
1179,55592,70,0.685,0.6850922732940632,1,0.014285714285714285
1180,55623,31,0.8605,0.8605586058119571,1,0.03225806451612903
1181,55648,25,0.8875,0.887566284885659,1,0.04
1182,55672,24,0.892,0.8921091635885705,1,0.041666666666666664
1183,55701,29,0.8694999999999999,0.8695724753091624,1,0.034482758620689655
1184,55723,22,0.901,0.9010533379168462,1,0.045454545454545456
1185,55767,44,0.802,0.8020930384505042,1,0.022727272727272728
1186,55787,20,0.91,0.9100831145173329,1,0.05
1187,55812,25,0.8875,0.8875565477946781,1,0.04
1188,55833,21,0.9055,0.9055724754332073,1,0.047619047619047616
1189,55849,16,0.9279999999999999,0.9280696856462946,1,0.0625
1190,55866,17,0.9235,0.923598519128035,1,0.058823529411764705
1191,55896,30,0.865,0.8651133484369818,1,0.03333333333333333
1192,55911,15,0.9325,0.9325614326163773,1,0.06666666666666667
1193,55938,27,0.8785,0.8785669675752075,1,0.037037037037037035
1194,55956,18,0.919,0.9190817187939464,1,0.05555555555555555
1195,55986,30,0.865,0.8650552343860842,1,0.03333333333333333
1196,56016,30,0.865,0.8650630953804861,1,0.03333333333333333
1197,56060,44,0.802,0.8020951942864044,1,0.022727272727272728
1198,56078,18,0.919,0.9190512128164187,1,0.05555555555555555
1199,56100,22,0.901,0.9010659263449924,1,0.045454545454545456
1200,56124,24,0.892,0.8920828475170743,1,0.041666666666666664
1201,56158,34,0.847,0.8473670426071066,1,0.08823529411764706
1202,56213,55,0.7525,0.7525967359269551,1,0.01818181818181818
1203,56230,17,0.9235,0.9236117693714133,1,0.058823529411764705
1204,56250,20,0.91,0.9100716955353237,1,0.05
1205,56280,30,0.865,0.8650961956938551,1,0.03333333333333333
1206,56300,20,0.91,0.9100642407639374,1,0.05
1207,56330,30,0.865,0.8651835883433682,1,0.1
1208,56388,58,0.739,0.7391305084274218,1,0.017241379310344827
1209,56420,32,0.856,0.8560819373968588,1,0.03125
1210,56436,16,0.9279999999999999,0.9281105193693667,1,0.0625
1211,56462,26,0.883,0.8830864851831087,1,0.038461538461538464
1212,56500,38,0.829,0.82916235479223,1,0.02631578947368421
1213,56571,71,0.6805,0.6806311232638136,1,0.014084507042253521
1214,56603,32,0.856,0.8560831617034486,1,0.03125
1215,56621,18,0.919,0.9190569960127041,1,0.05555555555555555
1216,56657,36,0.838,0.838085245716766,1,0.027777777777777776
1217,56673,16,0.9279999999999999,0.9280502584128714,1,0.0625
1218,56784,111,0.5005,0.5006790389363162,1,0.009009009009009009
1219,56802,18,0.919,0.9190631448928861,1,0.05555555555555555
1220,56858,56,0.748,0.7481007662628891,1,0.017857142857142856
1221,56876,18,0.919,0.9190526081015428,1,0.05555555555555555
1222,56892,16,0.9279999999999999,0.9280649159944149,1,0.0625
1223,56934,42,0.8109999999999999,0.811116168791806,1,0.023809523809523808
1224,56950,16,0.9279999999999999,0.9280719809705696,1,0.0625
1225,56993,43,0.8065,0.8065848926150834,1,0.023255813953488372
1226,57027,34,0.847,0.8470946244377294,1,0.029411764705882353
1227,57049,22,0.901,0.9010485770600832,1,0.045454545454545456
1228,57073,24,0.892,0.8920773690238167,1,0.041666666666666664
1229,57087,14,0.9369999999999999,0.9370505463240045,1,0.07142857142857142
1230,57101,14,0.9369999999999999,0.9370695610539178,1,0.07142857142857142
1231,57202,101,0.5455,0.545680330248091,1,0.009900990099009901
1232,57216,14,0.9369999999999999,0.9370527977580925,1,0.07142857142857142
1233,57236,20,0.91,0.9100591938560895,1,0.05
1234,57338,102,0.5409999999999999,0.54125775881594,1,0.00980392156862745
1235,57366,28,0.874,0.8740581205426718,1,0.03571428571428571
1236,57382,16,0.9279999999999999,0.9280728416970276,1,0.0625
1237,57537,155,0.3025,0.30272097317916974,1,0.0064516129032258064
1238,57665,128,0.42399999999999993,0.4242696801499689,1,0.0078125
1239,57715,50,0.775,0.7751273405034236,1,0.02
1240,57729,14,0.9369999999999999,0.9370686893533084,1,0.07142857142857142
1241,57751,22,0.901,0.9010642797429963,1,0.045454545454545456
1242,57765,14,0.9369999999999999,0.937048511477577,1,0.07142857142857142
1243,57779,14,0.9369999999999999,0.9370483890487924,1,0.07142857142857142
1244,57803,24,0.892,0.8920989592073195,1,0.041666666666666664
1245,57817,14,0.9369999999999999,0.9371127837996438,1,0.07142857142857142
1246,57831,14,0.9369999999999999,0.937092009242836,1,0.07142857142857142
1247,57898,67,0.6984999999999999,0.6986281299907241,1,0.014925373134328358
1248,57918,20,0.91,0.9100707540616753,1,0.05
1249,58014,96,0.5680000000000001,0.5683025382843865,1,0.010416666666666666
1250,58214,200,0.0,0.00030434101771729813,0,0.005
1251,58414,200,0.0,0.0002753284419203468,0,0.005
1252,58614,200,0.0,0.0009331719820994118,0,0.045
1253,58641,27,0.8785,0.8785720007472263,1,0.037037037037037035
1254,58758,117,0.47350000000000003,0.4736738142622004,1,0.008547008547008548
1255,58958,200,0.0,0.0010937215131483443,0,0.055
1256,59034,76,0.6579999999999999,0.6581415549814722,1,0.013157894736842105
1257,59100,66,0.703,0.707953388232217,1,0.7575757575757576
1258,59120,20,0.91,0.910100036017232,1,0.05
1259,59142,22,0.901,0.9015489184285772,1,0.4090909090909091
1260,59156,14,0.9369999999999999,0.9371019054363838,1,0.07142857142857142
1261,59246,90,0.595,0.5965499381019858,1,0.14444444444444443
1262,59260,14,0.9369999999999999,0.9370597441927806,1,0.07142857142857142
1263,59330,70,0.685,0.6872353328836889,1,0.3
1264,59358,28,0.874,0.8743067362412362,1,0.10714285714285714
1265,59385,27,0.8785,0.8797568501864733,1,0.48148148148148145
1266,59455,70,0.685,0.6853382983696887,1,0.04285714285714286
1267,59485,30,0.865,0.8650889538114576,1,0.03333333333333333
1268,59503,18,0.919,0.9192626523021601,1,0.16666666666666666
1269,59535,32,0.856,0.8576259984419461,1,0.46875
1270,59593,58,0.739,0.7397922523819801,1,0.1206896551724138
1271,59611,18,0.919,0.9195176444846045,1,0.2777777777777778
1272,59631,20,0.91,0.9103614167386841,1,0.25
1273,59734,103,0.5365,0.5385536249237203,1,0.18446601941747573
1274,59804,70,0.685,0.687332011160542,1,0.2714285714285714
1275,59834,30,0.865,0.8650653126996877,1,0.03333333333333333
1276,59880,46,0.7929999999999999,0.7944666624117911,1,0.32608695652173914
1277,59972,92,0.586,0.5872894812259856,1,0.14130434782608695
1278,60018,46,0.7929999999999999,0.7933114951129343,1,0.06521739130434782
1279,60065,47,0.7885,0.7888537507674858,1,0.06382978723404255
1280,60079,14,0.9369999999999999,0.9370374817703826,1,0.07142857142857142
1281,60093,14,0.9369999999999999,0.9370586828407993,1,0.07142857142857142
1282,60107,14,0.9369999999999999,0.9370573717915528,1,0.07142857142857142
1283,60130,23,0.8965,0.8965518410048502,1,0.043478260869565216
1284,60156,26,0.883,0.8831203013288476,1,0.038461538461538464
1285,60173,17,0.9235,0.9236322951605862,1,0.058823529411764705
1286,60205,32,0.856,0.8561009113926836,1,0.03125
1287,60221,16,0.9279999999999999,0.9283527555877191,1,0.1875
1288,60237,16,0.9279999999999999,0.928062984558836,1,0.0625
1289,60257,20,0.91,0.9102356844528902,1,0.15
1290,60273,16,0.9279999999999999,0.9280648779312672,1,0.0625
1291,60289,16,0.9279999999999999,0.9280698187949085,1,0.0625
1292,60311,22,0.901,0.9014335305056169,1,0.22727272727272727
1293,60327,16,0.9279999999999999,0.9280506920802526,1,0.0625
1294,60345,18,0.919,0.9191020985409065,1,0.05555555555555555
1295,60361,16,0.9279999999999999,0.928070336173032,1,0.0625
1296,60381,20,0.91,0.9104172045252326,1,0.25
1297,60397,16,0.9279999999999999,0.9281046884586367,1,0.0625
1298,60415,18,0.919,0.9193702350641422,1,0.2777777777777778
1299,60431,16,0.9279999999999999,0.9281297276075273,1,0.0625
1300,60449,18,0.919,0.9190808066744672,1,0.05555555555555555
1301,60467,18,0.919,0.9191717273983631,1,0.16666666666666666
1302,60481,14,0.9369999999999999,0.9370901774786371,1,0.07142857142857142
1303,60495,14,0.9369999999999999,0.9370366607537388,1,0.07142857142857142
1304,60513,18,0.919,0.9190797950866595,1,0.05555555555555555
1305,60531,18,0.919,0.9191836710492003,1,0.16666666666666666
1306,60547,16,0.9279999999999999,0.9280721202249111,1,0.0625
1307,60563,16,0.9279999999999999,0.9281050836131275,1,0.0625
1308,60577,14,0.9369999999999999,0.9370603887057214,1,0.07142857142857142
1309,60591,14,0.9369999999999999,0.9370564566835392,1,0.07142857142857142
1310,60621,30,0.865,0.8650693576369266,1,0.03333333333333333
1311,60637,16,0.9279999999999999,0.9280630447837653,1,0.0625
1312,60675,38,0.829,0.8291004391015888,1,0.02631578947368421
1313,60695,20,0.91,0.9100600576573024,1,0.05
1314,60711,16,0.9279999999999999,0.9280907008324016,1,0.0625
1315,60733,22,0.901,0.9010495209796063,1,0.045454545454545456
1316,60749,16,0.9279999999999999,0.9280598604317274,1,0.0625
1317,60779,30,0.865,0.8650733824836757,1,0.03333333333333333
1318,60839,60,0.73,0.730102903371449,1,0.016666666666666666
1319,60854,15,0.9325,0.9325521308718095,1,0.06666666666666667
1320,60871,17,0.9235,0.9235708785363047,1,0.058823529411764705
1321,60899,28,0.874,0.8741089346424618,1,0.03571428571428571
1322,60916,17,0.9235,0.9235578121840606,1,0.058823529411764705
1323,60934,18,0.919,0.9190455058837779,1,0.05555555555555555
1324,60954,20,0.91,0.9100557817118361,1,0.05
1325,60976,22,0.901,0.9010607066678183,1,0.045454545454545456
1326,61001,25,0.8875,0.8875664840491799,1,0.04
1327,61017,16,0.9279999999999999,0.9280321395895886,1,0.0625
1328,61059,42,0.8109999999999999,0.8110803397244826,1,0.023809523809523808
1329,61073,14,0.9369999999999999,0.9370548857556416,1,0.07142857142857142
1330,61157,84,0.622,0.622124819181143,1,0.011904761904761904
1331,61177,20,0.91,0.9100901912001219,1,0.05
1332,61197,20,0.91,0.910049779959984,1,0.05
1333,61229,32,0.856,0.8560617956387804,1,0.03125
1334,61315,86,0.613,0.614598549076855,1,0.1511627906976744
1335,61345,30,0.865,0.8668435194344127,1,0.5666666666666667
1336,61370,25,0.8875,0.8875847942802175,1,0.04
1337,61454,84,0.622,0.6221339255989232,1,0.011904761904761904
1338,61536,82,0.631,0.6311335585420691,1,0.012195121951219513
1339,61617,81,0.6355,0.6361826644963072,1,0.08641975308641975
1340,61705,88,0.604,0.6041347732520431,1,0.011363636363636364
1341,61820,115,0.48250000000000004,0.48368987412740844,1,0.0782608695652174
1342,61890,70,0.685,0.6856107898400632,1,0.07142857142857142
1343,62024,134,0.3969999999999999,0.39728023485264824,1,0.007462686567164179
1344,62040,16,0.9279999999999999,0.9280764089198011,1,0.0625
1345,62056,16,0.9279999999999999,0.9282657683661811,1,0.1875
1346,62070,14,0.9369999999999999,0.9370712818414284,1,0.07142857142857142
1347,62086,16,0.9279999999999999,0.9280575687057413,1,0.0625
1348,62106,20,0.91,0.9100479821806496,1,0.05
1349,62120,14,0.9369999999999999,0.9370489038856417,1,0.07142857142857142
1350,62136,16,0.9279999999999999,0.9280667707086969,1,0.0625
1351,62152,16,0.9279999999999999,0.9280484748454124,1,0.0625
1352,62251,99,0.5545,0.5546669195036552,1,0.010101010101010102
1353,62267,16,0.9279999999999999,0.9280431018788118,1,0.0625
1354,62299,32,0.856,0.8560695433410697,1,0.03125
1355,62317,18,0.919,0.9190518571814196,1,0.05555555555555555
1356,62338,21,0.9055,0.9055821485511252,1,0.047619047619047616
1357,62365,27,0.8785,0.8786075673334731,1,0.037037037037037035
1358,62393,28,0.874,0.8740754250183983,1,0.03571428571428571
1359,62417,24,0.892,0.8920625605214128,1,0.041666666666666664
1360,62455,38,0.829,0.8290926808803234,1,0.02631578947368421
1361,62484,29,0.8694999999999999,0.8695681612322645,1,0.034482758620689655
1362,62512,28,0.874,0.8742608097839278,1,0.10714285714285714
1363,62532,20,0.91,0.9100572442037062,1,0.05
1364,62591,59,0.7344999999999999,0.734610262803157,1,0.01694915254237288
1365,62615,24,0.892,0.8920651399192703,1,0.041666666666666664
1366,62659,44,0.802,0.8020969416040752,1,0.022727272727272728
1367,62789,130,0.4149999999999999,0.41545317194660475,1,0.023076923076923078
1368,62844,55,0.7525,0.7526119570920703,1,0.01818181818181818
1369,62868,24,0.892,0.8920865170955692,1,0.041666666666666664
1370,62884,16,0.9279999999999999,0.9280767370271535,1,0.0625
1371,62900,16,0.9279999999999999,0.9280829567971807,1,0.0625
1372,62933,33,0.8514999999999999,0.8515824640234501,1,0.030303030303030304
1373,63025,92,0.586,0.5861575626231437,1,0.010869565217391304
1374,63122,97,0.5635,0.5636688725076852,1,0.010309278350515464
1375,63142,20,0.91,0.9100588231043639,1,0.05
1376,63168,26,0.883,0.8830586338257136,1,0.038461538461538464
1377,63214,46,0.7929999999999999,0.7931102018002952,1,0.021739130434782608
1378,63244,30,0.865,0.8650465398503591,1,0.03333333333333333
1379,63315,71,0.6805,0.6806319906397668,1,0.014084507042253521
1380,63339,24,0.892,0.8924497280519645,1,0.20833333333333334
1381,63390,51,0.7705,0.7720337630359416,1,0.3137254901960784
1382,63590,200,0.0,0.00045925738190879715,0,0.015
1383,63614,24,0.892,0.892070514427644,1,0.041666666666666664
1384,63638,24,0.892,0.8920506232979742,1,0.041666666666666664
1385,63687,49,0.7795,0.7796038149964906,1,0.02040816326530612
1386,63757,70,0.685,0.6851129057607926,1,0.014285714285714285
1387,63793,36,0.838,0.8380899355776964,1,0.027777777777777776
1388,63821,28,0.874,0.8750342401588014,1,0.4642857142857143
1389,63835,14,0.9369999999999999,0.9370568372963336,1,0.07142857142857142
1390,63851,16,0.9279999999999999,0.9280745028534166,1,0.0625
1391,63903,52,0.766,0.7661061317423903,1,0.019230769230769232
1392,63999,96,0.5680000000000001,0.5710883107418444,1,0.3229166666666667
1393,64015,16,0.9279999999999999,0.928242946689963,1,0.1875
1394,64047,32,0.856,0.8560796664512508,1,0.03125
1395,64061,14,0.9369999999999999,0.9370707821944454,1,0.07142857142857142
1396,64078,17,0.9235,0.9235457826372151,1,0.058823529411764705
1397,64099,21,0.9055,0.9055583967098364,1,0.047619047619047616
1398,64113,14,0.9369999999999999,0.9370878129318055,1,0.07142857142857142
1399,64131,18,0.919,0.9190775400072759,1,0.05555555555555555
1400,64149,18,0.919,0.9190596966611382,1,0.05555555555555555
1401,64167,18,0.919,0.9190555954819062,1,0.05555555555555555
1402,64187,20,0.91,0.9103815065752539,1,0.25
1403,64248,61,0.7255,0.7274217261012933,1,0.3114754098360656
1404,64309,61,0.7255,0.7298241176492144,1,0.639344262295082
1405,64329,20,0.91,0.9102859050211235,1,0.15
1406,64362,33,0.8514999999999999,0.8522946399902609,1,0.21212121212121213
1407,64410,48,0.784,0.7843504137943057,1,0.0625
1408,64470,60,0.73,0.7314571049530608,1,0.25
1409,64497,27,0.8785,0.8785871236302998,1,0.037037037037037035
1410,64519,22,0.901,0.9010747288681512,1,0.045454545454545456
1411,64543,24,0.892,0.892263661953298,1,0.125
1412,64613,70,0.685,0.6872074488454516,1,0.3142857142857143
1413,64648,35,0.8425,0.844491976058933,1,0.42857142857142855
1414,64801,153,0.3115,0.31487652015309525,1,0.1895424836601307
1415,64824,23,0.8965,0.8965558425502436,1,0.043478260869565216
1416,64906,82,0.631,0.6336282676932111,1,0.32926829268292684
1417,64947,41,0.8155,0.8171257059444096,1,0.3170731707317073
1418,64965,18,0.919,0.9190725401533678,1,0.05555555555555555
1419,64990,25,0.8875,0.8876833719036039,1,0.12
1420,65009,19,0.9145,0.914558654552676,1,0.05263157894736842
1421,65025,16,0.9279999999999999,0.9280610138618524,1,0.0625
1422,65142,117,0.47350000000000003,0.47369565772497163,1,0.008547008547008548
1423,65261,119,0.4645,0.4646524730868527,1,0.008403361344537815
1424,65277,16,0.9279999999999999,0.9280714606431457,1,0.0625
1425,65297,20,0.91,0.9100537558946621,1,0.05
1426,65402,105,0.5275,0.5276791889078734,1,0.009523809523809525
1427,65418,16,0.9279999999999999,0.9280446754588536,1,0.0625
1428,65436,18,0.919,0.9192544351110732,1,0.16666666666666666
1429,65450,14,0.9369999999999999,0.9370787590651151,1,0.07142857142857142
1430,65464,14,0.9369999999999999,0.9370344820157399,1,0.07142857142857142
1431,65480,16,0.9279999999999999,0.9280594765784524,1,0.0625
1432,65510,30,0.865,0.8650742444631374,1,0.03333333333333333
1433,65573,63,0.7164999999999999,0.7165986504662366,1,0.015873015873015872
1434,65589,16,0.9279999999999999,0.9282230192350083,1,0.1875
1435,65603,14,0.9369999999999999,0.9370440354051,1,0.07142857142857142
1436,65629,26,0.883,0.8830661577247931,1,0.038461538461538464
1437,65645,16,0.9279999999999999,0.9280610061682213,1,0.0625
1438,65665,20,0.91,0.9101065458329772,1,0.05
1439,65695,30,0.865,0.8650751626987049,1,0.03333333333333333
1440,65713,18,0.919,0.9190567223076518,1,0.05555555555555555
1441,65739,26,0.883,0.8831020655675282,1,0.038461538461538464
1442,65757,18,0.919,0.9190956096440546,1,0.05555555555555555
1443,65802,45,0.7975,0.7975641440184597,1,0.022222222222222223
1444,65820,18,0.919,0.9190670720396151,1,0.05555555555555555
1445,65836,16,0.9279999999999999,0.9280352920139934,1,0.0625
1446,65854,18,0.919,0.9191011616391481,1,0.05555555555555555
1447,65898,44,0.802,0.802074287887121,1,0.022727272727272728
1448,65914,16,0.9279999999999999,0.9280727930706075,1,0.0625
1449,65930,16,0.9279999999999999,0.9280447600928649,1,0.0625
1450,65956,26,0.883,0.8830763453198894,1,0.038461538461538464
1451,65972,16,0.9279999999999999,0.9280492974924417,1,0.0625
1452,65988,16,0.9279999999999999,0.9280690243732936,1,0.0625
1453,66004,16,0.9279999999999999,0.9280694372808136,1,0.0625
1454,66020,16,0.9279999999999999,0.9281943307953262,1,0.1875
1455,66054,34,0.847,0.8470707750473757,1,0.029411764705882353
1456,66254,200,0.0,0.0002363239369544457,0,0.005
1457,66341,87,0.6085,0.6086378924955336,1,0.011494252873563218
1458,66355,14,0.9369999999999999,0.9370522917976505,1,0.07142857142857142
1459,66371,16,0.9279999999999999,0.9280573573051721,1,0.0625
1460,66385,14,0.9369999999999999,0.9370688667956383,1,0.07142857142857142
1461,66401,16,0.9279999999999999,0.9280536119874764,1,0.0625
1462,66429,28,0.874,0.8740679988485455,1,0.03571428571428571
1463,66494,65,0.7075,0.7076099791578553,1,0.015384615384615385
1464,66694,200,0.0,0.0002462404364917029,0,0.005
1465,66821,127,0.4285,0.42870144847116287,1,0.007874015748031496
1466,67016,195,0.12250000000000005,0.12281371988655924,1,0.005128205128205128
1467,67035,19,0.9145,0.9145504883768615,1,0.05263157894736842
1468,67111,76,0.6579999999999999,0.6626574046861633,1,0.7763157894736842
1469,67153,42,0.8109999999999999,0.81293623955304,1,0.5952380952380952
1470,67205,52,0.766,0.7684231348894232,1,0.5192307692307693
1471,67229,24,0.892,0.892542173881783,1,0.2916666666666667
1472,67247,18,0.919,0.919071537190745,1,0.05555555555555555
1473,67293,46,0.7929999999999999,0.7939414009639932,1,0.1956521739130435
1474,67317,24,0.892,0.8929841163437073,1,0.375
1475,67333,16,0.9279999999999999,0.9281123477878378,1,0.0625
1476,67351,18,0.919,0.9190650402025071,1,0.05555555555555555
1477,67439,88,0.604,0.6041765990179755,1,0.011363636363636364
1478,67455,16,0.9279999999999999,0.928060120060911,1,0.0625
1479,67479,24,0.892,0.8925616477037511,1,0.2916666666666667
1480,67495,16,0.9279999999999999,0.9280600374503924,1,0.0625
1481,67515,20,0.91,0.9102519033144297,1,0.15
1482,67531,16,0.9279999999999999,0.9280969478618627,1,0.0625
1483,67553,22,0.901,0.9010840397636855,1,0.045454545454545456
1484,67595,42,0.8109999999999999,0.8111258516325668,1,0.023809523809523808
1485,67619,24,0.892,0.8920546550736256,1,0.041666666666666664
1486,67635,16,0.9279999999999999,0.9280591641573349,1,0.0625
1487,67671,36,0.838,0.8389552962158194,1,0.25
1488,67739,68,0.694,0.694303681712458,1,0.04411764705882353
1489,67771,32,0.856,0.8560825649483448,1,0.03125
1490,67811,40,0.82,0.8214079416652389,1,0.3
1491,67827,16,0.9279999999999999,0.9280615476126772,1,0.0625
1492,67843,16,0.9279999999999999,0.9281251504438325,1,0.0625
1493,67861,18,0.919,0.9191853926850002,1,0.16666666666666666
1494,67899,38,0.829,0.8299085039421549,1,0.2894736842105263
1495,67919,20,0.91,0.9100939339754479,1,0.05
1496,67939,20,0.91,0.9103102378861614,1,0.15
1497,67961,22,0.901,0.9011399229435605,1,0.045454545454545456
1498,67979,18,0.919,0.9190628628128434,1,0.05555555555555555
1499,68003,24,0.892,0.8920526972561897,1,0.041666666666666664
1500,68019,16,0.9279999999999999,0.9280800958707726,1,0.0625
1501,68051,32,0.856,0.856118569913862,1,0.03125
1502,68077,26,0.883,0.8839953416608771,1,0.23076923076923078
1503,68101,24,0.892,0.8928561474295392,1,0.25
1504,68154,53,0.7615,0.762568976215856,1,0.03773584905660377
1505,68173,19,0.9145,0.9145650987846048,1,0.05263157894736842
1506,68197,24,0.892,0.8920943282365661,1,0.041666666666666664
1507,68213,16,0.9279999999999999,0.9280453843486275,1,0.0625
1508,68294,81,0.6355,0.6369457670269264,1,0.024691358024691357
1509,68358,64,0.712,0.7136358712980857,1,0.15625
1510,68391,33,0.8514999999999999,0.851575126599764,1,0.030303030303030304
1511,68455,64,0.712,0.7122461817943702,1,0.015625
1512,68473,18,0.919,0.9191948855496231,1,0.16666666666666666
1513,68499,26,0.883,0.8830872751831911,1,0.038461538461538464
1514,68541,42,0.8109999999999999,0.8112186915615488,1,0.023809523809523808
1515,68569,28,0.874,0.8741008637998532,1,0.03571428571428571
1516,68587,18,0.919,0.9190694446137045,1,0.05555555555555555
1517,68605,18,0.919,0.9191158967994171,1,0.05555555555555555
1518,68653,48,0.784,0.7842053180214276,1,0.020833333333333332
1519,68671,18,0.919,0.9190560797798905,1,0.05555555555555555
1520,68687,16,0.9279999999999999,0.9280911935023967,1,0.0625
1521,68772,85,0.6174999999999999,0.6183209150352844,1,0.047058823529411764
1522,68796,24,0.892,0.8920830796426888,1,0.041666666666666664
1523,68822,26,0.883,0.8831145348354632,1,0.038461538461538464
1524,68863,41,0.8155,0.8155978652474459,1,0.024390243902439025
1525,68891,28,0.874,0.8740897541895671,1,0.03571428571428571
1526,68907,16,0.9279999999999999,0.9280662560540401,1,0.0625
1527,68930,23,0.8965,0.8965704965829223,1,0.043478260869565216
1528,68956,26,0.883,0.8830872178002143,1,0.038461538461538464
1529,69014,58,0.739,0.7391965797901826,1,0.017241379310344827
1530,69032,18,0.919,0.9191147394522742,1,0.05555555555555555
1531,69046,14,0.9369999999999999,0.9370458666318189,1,0.07142857142857142
1532,69084,38,0.829,0.8290772186210689,1,0.02631578947368421
1533,69098,14,0.9369999999999999,0.9371198899190644,1,0.07142857142857142
1534,69176,78,0.649,0.6491297985472825,1,0.01282051282051282
1535,69192,16,0.9279999999999999,0.9280517166185506,1,0.0625
1536,69208,16,0.9279999999999999,0.9280607217079065,1,0.0625
1537,69238,30,0.865,0.8650583666631092,1,0.03333333333333333
1538,69254,16,0.9279999999999999,0.928051224883084,1,0.0625
1539,69277,23,0.8965,0.8965487356068831,1,0.043478260869565216
1540,69300,23,0.8965,0.8965481785766299,1,0.043478260869565216
1541,69316,16,0.9279999999999999,0.9280668808291487,1,0.0625
1542,69337,21,0.9055,0.9060587913579218,1,0.23809523809523808
1543,69363,26,0.883,0.8830599076990817,1,0.038461538461538464
1544,69382,19,0.9145,0.9145829723009377,1,0.05263157894736842
1545,69406,24,0.892,0.8924524200841949,1,0.20833333333333334
1546,69428,22,0.901,0.9015615317348145,1,0.22727272727272727
1547,69453,25,0.8875,0.8875593697341408,1,0.04
1548,69473,20,0.91,0.9100665313535884,1,0.05
1549,69489,16,0.9279999999999999,0.9280412588861329,1,0.0625
1550,69507,18,0.919,0.919054460402012,1,0.05555555555555555
1551,69527,20,0.91,0.9100665775370725,1,0.05
1552,69545,18,0.919,0.9190703714600216,1,0.05555555555555555
1553,69559,14,0.9369999999999999,0.9370840833320988,1,0.07142857142857142
1554,69584,25,0.8875,0.887622922772478,1,0.04
1555,69608,24,0.892,0.8920966971478865,1,0.041666666666666664
1556,69633,25,0.8875,0.8875527602996124,1,0.04
1557,69681,48,0.784,0.7841124647823726,1,0.020833333333333332
1558,69699,18,0.919,0.9190682508850393,1,0.05555555555555555
1559,69715,16,0.9279999999999999,0.9281159181341603,1,0.0625
1560,69736,21,0.9055,0.9055820291305593,1,0.047619047619047616
1561,69789,53,0.7615,0.7615943283607641,1,0.018867924528301886
1562,69809,20,0.91,0.9102350495363659,1,0.15
1563,69842,33,0.8514999999999999,0.8516484393814417,1,0.030303030303030304
1564,69870,28,0.874,0.874097556588364,1,0.03571428571428571
1565,69886,16,0.9279999999999999,0.9280602599027561,1,0.0625
1566,69903,17,0.9235,0.9235457182501103,1,0.058823529411764705
1567,69950,47,0.7885,0.788595793450086,1,0.02127659574468085
1568,69968,18,0.919,0.9192822170078594,1,0.16666666666666666
1569,69992,24,0.892,0.8920497600902791,1,0.041666666666666664
1570,70013,21,0.9055,0.9055739653386333,1,0.047619047619047616
1571,70027,14,0.9369999999999999,0.9370728893537186,1,0.07142857142857142
1572,70043,16,0.9279999999999999,0.9280510993240232,1,0.0625
1573,70113,70,0.685,0.6870039568843458,1,0.02857142857142857
1574,70129,16,0.9279999999999999,0.92820715883986,1,0.1875
1575,70143,14,0.9369999999999999,0.9370393028032996,1,0.07142857142857142
1576,70159,16,0.9279999999999999,0.9281018891687053,1,0.0625
1577,70173,14,0.9369999999999999,0.9370963436310604,1,0.07142857142857142
1578,70193,20,0.91,0.9100581648245323,1,0.05
1579,70207,14,0.9369999999999999,0.9370530428400019,1,0.07142857142857142
1580,70221,14,0.9369999999999999,0.937031411268109,1,0.07142857142857142
1581,70263,42,0.8109999999999999,0.8110684281840699,1,0.023809523809523808
1582,70277,14,0.9369999999999999,0.9370548538521308,1,0.07142857142857142
1583,70291,14,0.9369999999999999,0.9370462347068043,1,0.07142857142857142
1584,70305,14,0.9369999999999999,0.9371900743999404,1,0.07142857142857142
1585,70329,24,0.892,0.8920661361895187,1,0.041666666666666664
1586,70345,16,0.9279999999999999,0.9280525208656902,1,0.0625
1587,70373,28,0.874,0.8742731494273774,1,0.10714285714285714
1588,70387,14,0.9369999999999999,0.9370686933371457,1,0.07142857142857142
1589,70401,14,0.9369999999999999,0.9370467259591291,1,0.07142857142857142
1590,70415,14,0.9369999999999999,0.9370540724145828,1,0.07142857142857142
1591,70429,14,0.9369999999999999,0.9370558762297094,1,0.07142857142857142
1592,70447,18,0.919,0.9190835065139106,1,0.05555555555555555
1593,70461,14,0.9369999999999999,0.9370524329830896,1,0.07142857142857142
1594,70475,14,0.9369999999999999,0.9370490102548497,1,0.07142857142857142
1595,70499,24,0.892,0.8920778942236948,1,0.041666666666666664
1596,70521,22,0.901,0.901066043097842,1,0.045454545454545456
1597,70535,14,0.9369999999999999,0.9370575624707954,1,0.07142857142857142
1598,70551,16,0.9279999999999999,0.9281128528558863,1,0.0625
1599,70569,18,0.919,0.9190486954514636,1,0.05555555555555555
1600,70583,14,0.9369999999999999,0.937034708793427,1,0.07142857142857142
1601,70597,14,0.9369999999999999,0.9370583237731185,1,0.07142857142857142
1602,70611,14,0.9369999999999999,0.9371080723512427,1,0.07142857142857142
1603,70633,22,0.901,0.9010593261570456,1,0.045454545454545456
1604,70649,16,0.9279999999999999,0.9280329239777156,1,0.0625
1605,70663,14,0.9369999999999999,0.9370462710256993,1,0.07142857142857142
1606,70681,18,0.919,0.9190697211632285,1,0.05555555555555555
1607,70699,18,0.919,0.9190703040316517,1,0.05555555555555555
1608,70713,14,0.9369999999999999,0.9370347355639478,1,0.07142857142857142
1609,70727,14,0.9369999999999999,0.9370510248890583,1,0.07142857142857142
1610,70751,24,0.892,0.8926305876971092,1,0.16666666666666666
1611,70765,14,0.9369999999999999,0.937041157127903,1,0.07142857142857142
1612,70783,18,0.919,0.9190608494304802,1,0.05555555555555555
1613,70809,26,0.883,0.8831152168707217,1,0.038461538461538464
1614,70823,14,0.9369999999999999,0.9370448405524382,1,0.07142857142857142
1615,70841,18,0.919,0.9190946038100717,1,0.05555555555555555
1616,70855,14,0.9369999999999999,0.9370678917657733,1,0.07142857142857142
1617,70873,18,0.919,0.9190866972121456,1,0.05555555555555555
1618,70887,14,0.9369999999999999,0.9371291079295259,1,0.07142857142857142
1619,70921,34,0.847,0.847079121943389,1,0.029411764705882353
1620,70935,14,0.9369999999999999,0.937064565064564,1,0.07142857142857142
1621,70949,14,0.9369999999999999,0.9370459996957166,1,0.07142857142857142
1622,70967,18,0.919,0.9190463632111529,1,0.05555555555555555
1623,70987,20,0.91,0.910085437593113,1,0.05
1624,71003,16,0.9279999999999999,0.9280734017548394,1,0.0625
1625,71019,16,0.9279999999999999,0.9280794686197467,1,0.0625
1626,71036,17,0.9235,0.9236132171370655,1,0.058823529411764705
1627,71050,14,0.9369999999999999,0.9370547817925899,1,0.07142857142857142
1628,71066,16,0.9279999999999999,0.9280765059777525,1,0.0625
1629,71082,16,0.9279999999999999,0.9280830983882474,1,0.0625
1630,71096,14,0.9369999999999999,0.9370664705953227,1,0.07142857142857142
1631,71114,18,0.919,0.9190646986731419,1,0.05555555555555555
1632,71142,28,0.874,0.8740738819621016,1,0.03571428571428571
1633,71158,16,0.9279999999999999,0.9281304449791486,1,0.0625
1634,71172,14,0.9369999999999999,0.9370463232676783,1,0.07142857142857142
1635,71190,18,0.919,0.9190578962163403,1,0.05555555555555555
1636,71206,16,0.9279999999999999,0.9280517140980435,1,0.0625
1637,71222,16,0.9279999999999999,0.9280655691333601,1,0.0625
1638,71246,24,0.892,0.8920466421728356,1,0.041666666666666664
1639,71262,16,0.9279999999999999,0.9281495415022997,1,0.0625
1640,71276,14,0.9369999999999999,0.9370693800259396,1,0.07142857142857142
1641,71296,20,0.91,0.9100532482709273,1,0.05
1642,71312,16,0.9279999999999999,0.9280436321563297,1,0.0625
1643,71326,14,0.9369999999999999,0.9370928554117419,1,0.07142857142857142
1644,71342,16,0.9279999999999999,0.9280470714717791,1,0.0625
1645,71358,16,0.9279999999999999,0.9280641211567213,1,0.0625
1646,71372,14,0.9369999999999999,0.9370544649480284,1,0.07142857142857142
1647,71394,22,0.901,0.9010596858033368,1,0.045454545454545456
1648,71412,18,0.919,0.919077500603907,1,0.05555555555555555
1649,71428,16,0.9279999999999999,0.9280969068044602,1,0.0625
1650,71444,16,0.9279999999999999,0.9280622242413953,1,0.0625
1651,71458,14,0.9369999999999999,0.93707422724969,1,0.07142857142857142
1652,71474,16,0.9279999999999999,0.9280477187991956,1,0.0625
1653,71490,16,0.9279999999999999,0.9280524858921197,1,0.0625
1654,71504,14,0.9369999999999999,0.9370434537500951,1,0.07142857142857142
1655,71520,16,0.9279999999999999,0.928145081218075,1,0.1875
1656,71534,14,0.9369999999999999,0.9370619958280114,1,0.07142857142857142
1657,71548,14,0.9369999999999999,0.9370761405190978,1,0.07142857142857142
1658,71562,14,0.9369999999999999,0.9370550201662541,1,0.07142857142857142
1659,71578,16,0.9279999999999999,0.928056557582683,1,0.0625
1660,71593,15,0.9325,0.9325699274601709,1,0.06666666666666667
1661,71607,14,0.9369999999999999,0.9370657374063818,1,0.07142857142857142
1662,71621,14,0.9369999999999999,0.9370492251559231,1,0.07142857142857142
1663,71637,16,0.9279999999999999,0.9282440139174797,1,0.1875
1664,71651,14,0.9369999999999999,0.9370705752737998,1,0.07142857142857142
1665,71665,14,0.9369999999999999,0.9370396133126148,1,0.07142857142857142
1666,71681,16,0.9279999999999999,0.9280850458601793,1,0.0625
1667,71698,17,0.9235,0.9235441708022291,1,0.058823529411764705
1668,71712,14,0.9369999999999999,0.9370726831580389,1,0.07142857142857142
1669,71726,14,0.9369999999999999,0.9370557348430485,1,0.07142857142857142
1670,71740,14,0.9369999999999999,0.9370443344776912,1,0.07142857142857142
1671,71760,20,0.91,0.9100455434206288,1,0.05
1672,71776,16,0.9279999999999999,0.9280375349777354,1,0.0625
1673,71790,14,0.9369999999999999,0.9370497222297748,1,0.07142857142857142
1674,71804,14,0.9369999999999999,0.9371064148070032,1,0.07142857142857142
1675,71820,16,0.9279999999999999,0.9280746305534284,1,0.0625
1676,71834,14,0.9369999999999999,0.9371140501701629,1,0.07142857142857142
1677,71848,14,0.9369999999999999,0.9370421889301381,1,0.07142857142857142
1678,71864,16,0.9279999999999999,0.9280581860520984,1,0.0625
1679,71880,16,0.9279999999999999,0.9280577510502989,1,0.0625
1680,71894,14,0.9369999999999999,0.9370682271195816,1,0.07142857142857142
1681,71908,14,0.9369999999999999,0.9370379331193591,1,0.07142857142857142
1682,71922,14,0.9369999999999999,0.9370784987168156,1,0.07142857142857142
1683,71936,14,0.9369999999999999,0.9370510623067156,1,0.07142857142857142
1684,71950,14,0.9369999999999999,0.937049948904903,1,0.07142857142857142
1685,71964,14,0.9369999999999999,0.9370402904174652,1,0.07142857142857142
1686,71978,14,0.9369999999999999,0.9370852401073143,1,0.07142857142857142
1687,71992,14,0.9369999999999999,0.937037336627739,1,0.07142857142857142
1688,72007,15,0.9325,0.9325549148687448,1,0.06666666666666667
1689,72025,18,0.919,0.9191709216539601,1,0.16666666666666666
1690,72041,16,0.9279999999999999,0.9280457724568206,1,0.0625
1691,72071,30,0.865,0.8650509501598661,1,0.03333333333333333
1692,72089,18,0.919,0.9190640695570987,1,0.05555555555555555
1693,72107,18,0.919,0.9190927742557348,1,0.05555555555555555
1694,72133,26,0.883,0.8830633857148806,1,0.038461538461538464
1695,72151,18,0.919,0.9191129530482067,1,0.05555555555555555
1696,72167,16,0.9279999999999999,0.9280478354868352,1,0.0625
1697,72189,22,0.901,0.9010726683128716,1,0.045454545454545456
1698,72205,16,0.9279999999999999,0.9280507456874352,1,0.0625
1699,72221,16,0.9279999999999999,0.9280463313370633,1,0.0625
1700,72237,16,0.9279999999999999,0.9280715357500607,1,0.0625
1701,72253,16,0.9279999999999999,0.9281390252333929,1,0.0625
1702,72327,74,0.667,0.6671135598243437,1,0.013513513513513514
1703,72343,16,0.9279999999999999,0.9280387628762431,1,0.0625
1704,72359,16,0.9279999999999999,0.928063445117472,1,0.0625
1705,72375,16,0.9279999999999999,0.928056649567991,1,0.0625
1706,72391,16,0.9279999999999999,0.9280838776517301,1,0.0625
1707,72430,39,0.8245,0.824611598519036,1,0.02564102564102564
1708,72464,34,0.847,0.8470721545992933,1,0.029411764705882353
1709,72480,16,0.9279999999999999,0.9280932377606969,1,0.0625
1710,72496,16,0.9279999999999999,0.9280422784081354,1,0.0625
1711,72512,16,0.9279999999999999,0.9280976167941325,1,0.0625
1712,72538,26,0.883,0.8830622127248322,1,0.038461538461538464
1713,72554,16,0.9279999999999999,0.9280776371407224,1,0.0625
1714,72574,20,0.91,0.9100484275035312,1,0.05
1715,72602,28,0.874,0.8740598398952764,1,0.03571428571428571
1716,72618,16,0.9279999999999999,0.9280560243668704,1,0.0625
1717,72644,26,0.883,0.8830512856234928,1,0.038461538461538464
1718,72678,34,0.847,0.8472768446238189,1,0.08823529411764706
1719,72706,28,0.874,0.8740710835123526,1,0.03571428571428571
1720,72722,16,0.9279999999999999,0.9280321135085171,1,0.0625
1721,72740,18,0.919,0.9190456109313332,1,0.05555555555555555
1722,72758,18,0.919,0.919060775360858,1,0.05555555555555555
1723,72776,18,0.919,0.9190760882654178,1,0.05555555555555555
1724,72800,24,0.892,0.8921694140745914,1,0.041666666666666664
1725,72850,50,0.775,0.7750718947807218,1,0.02
1726,72868,18,0.919,0.9190713341045141,1,0.05555555555555555
1727,72884,16,0.9279999999999999,0.9280710916220849,1,0.0625
1728,72918,34,0.847,0.8470846899208254,1,0.029411764705882353
1729,72966,48,0.784,0.7840893591131757,1,0.020833333333333332
1730,72993,27,0.8785,0.8785848763180295,1,0.037037037037037035
1731,73019,26,0.883,0.8830973986367789,1,0.038461538461538464
1732,73102,83,0.6265000000000001,0.6266194918286405,1,0.012048192771084338
1733,73218,116,0.478,0.4781456730611886,1,0.008620689655172414
1734,73343,125,0.4375,0.4376873761328581,1,0.008
1735,73444,101,0.5455,0.54563409438272,1,0.009900990099009901
1736,73474,30,0.865,0.8650562170192994,1,0.03333333333333333
1737,73579,105,0.5275,0.5278080552740732,1,0.02857142857142857
1738,73593,14,0.9369999999999999,0.9370701687993068,1,0.07142857142857142
1739,73783,190,0.14500000000000002,0.1452150530152909,1,0.005263157894736842
1740,73806,23,0.8965,0.897304698406499,1,0.08695652173913043
1741,73890,84,0.622,0.6221098009921807,1,0.011904761904761904
1742,74012,122,0.45099999999999996,0.4512747296643372,1,0.02459016393442623
1743,74026,14,0.9369999999999999,0.9370577244583984,1,0.07142857142857142
1744,74082,56,0.748,0.7516298226711334,1,0.7678571428571429
1745,74108,26,0.883,0.8832459997927636,1,0.11538461538461539
1746,74154,46,0.7929999999999999,0.7943607550664505,1,0.043478260869565216
1747,74168,14,0.9369999999999999,0.9370543593672314,1,0.07142857142857142
1748,74190,22,0.901,0.9014599154034559,1,0.09090909090909091
1749,74221,31,0.8605,0.8605992696885983,1,0.03225806451612903
1750,74319,98,0.5589999999999999,0.5592113720160886,1,0.01020408163265306
1751,74339,20,0.91,0.9100628097302723,1,0.05
1752,74359,20,0.91,0.9100969691561657,1,0.05
1753,74387,28,0.874,0.8740602208026768,1,0.03571428571428571
1754,74401,14,0.9369999999999999,0.9371116956969058,1,0.07142857142857142
1755,74435,34,0.847,0.8475605756162372,1,0.058823529411764705
1756,74573,138,0.379,0.37930644400377855,1,0.021739130434782608
1757,74621,48,0.784,0.7842249798602822,1,0.0625
1758,74667,46,0.7929999999999999,0.7936332208591474,1,0.043478260869565216
1759,74689,22,0.901,0.9013937949203437,1,0.09090909090909091
1760,74703,14,0.9369999999999999,0.9370286674733594,1,0.07142857142857142
1761,74727,24,0.892,0.8926395514608212,1,0.08333333333333333
1762,74741,14,0.9369999999999999,0.9370675600645603,1,0.07142857142857142
1763,74773,32,0.856,0.8565331381297957,1,0.0625
1764,74787,14,0.9369999999999999,0.9370362863550478,1,0.07142857142857142
1765,74809,22,0.901,0.9015694069206893,1,0.09090909090909091
1766,74839,30,0.865,0.8653858894090714,1,0.06666666666666667
1767,74857,18,0.919,0.9190511456005158,1,0.05555555555555555
1768,74893,36,0.838,0.8387123550696066,1,0.1111111111111111
1769,74933,40,0.82,0.820543188878094,1,0.05
1770,74950,17,0.9235,0.9240552949801026,1,0.11764705882352941
1771,74974,24,0.892,0.8924444960345738,1,0.08333333333333333
1772,74995,21,0.9055,0.9055707524532912,1,0.047619047619047616
1773,75019,24,0.892,0.8923612830302606,1,0.08333333333333333
1774,75219,200,0.0,0.00023908437439418653,0,0.005
1775,75243,24,0.892,0.8924862485801098,1,0.08333333333333333
1776,75263,20,0.91,0.9103782393564117,1,0.1
1777,75293,30,0.865,0.8653524585590668,1,0.06666666666666667
1778,75493,200,0.0,0.00022163692719214198,0,0.005
1779,75513,20,0.91,0.9103444622832523,1,0.1
1780,75533,20,0.91,0.9106518308730773,1,0.1
1781,75555,22,0.901,0.9012462912949254,1,0.09090909090909091
1782,75583,28,0.874,0.8752292019218368,1,0.2857142857142857
1783,75607,24,0.892,0.8925384407223416,1,0.08333333333333333
1784,75627,20,0.91,0.9105114346040153,1,0.1
1785,75653,26,0.883,0.8835374595800546,1,0.07692307692307693
1786,75673,20,0.91,0.9105453343302122,1,0.1
1787,75835,162,0.2709999999999999,0.27119305336784594,1,0.006172839506172839
1788,75869,34,0.847,0.8477052332470311,1,0.058823529411764705
1789,75889,20,0.91,0.9103288831277838,1,0.1
1790,75909,20,0.91,0.9103824096718941,1,0.1
1791,75933,24,0.892,0.8924322156821536,1,0.08333333333333333
1792,75953,20,0.91,0.9105913270828314,1,0.1
1793,75973,20,0.91,0.9104508538791024,1,0.1
1794,75993,20,0.91,0.9104742253941922,1,0.1
1795,76033,40,0.82,0.8207081878400208,1,0.05
1796,76195,162,0.2709999999999999,0.2712494797117221,1,0.006172839506172839
1797,76251,56,0.748,0.7482533775516972,1,0.05357142857142857
1798,76337,86,0.613,0.613210381415525,1,0.03488372093023256
1799,76361,24,0.892,0.892079690479101,1,0.041666666666666664
1800,76489,128,0.42399999999999993,0.4255688565770804,1,0.0625
1801,76519,30,0.865,0.8650486986280036,1,0.03333333333333333
1802,76555,36,0.838,0.8380678816609809,1,0.027777777777777776
1803,76573,18,0.919,0.9190596236411003,1,0.05555555555555555
1804,76706,133,0.40149999999999997,0.4016516818768774,1,0.007518796992481203
1805,76734,28,0.874,0.874083720524175,1,0.03571428571428571
1806,76934,200,0.0,0.00030294507234031694,0,0.005
1807,77010,76,0.6579999999999999,0.6581292591254948,1,0.013157894736842105
1808,77210,200,0.0,0.0015041781006867917,0,0.08
1809,77232,22,0.901,0.9010865810099254,1,0.045454545454545456
1810,77248,16,0.9279999999999999,0.9280508423391253,1,0.0625
1811,77276,28,0.874,0.8740965030992913,1,0.03571428571428571
1812,77296,20,0.91,0.9100540113836826,1,0.05
1813,77320,24,0.892,0.8920682746237983,1,0.041666666666666664
1814,77350,30,0.865,0.865069037214296,1,0.03333333333333333
1815,77373,23,0.8965,0.8965577923199555,1,0.043478260869565216
1816,77393,20,0.91,0.9101150719839944,1,0.05
1817,77443,50,0.775,0.7751068997493126,1,0.02
1818,77467,24,0.892,0.892063533154009,1,0.041666666666666664
1819,77485,18,0.919,0.9190608368649469,1,0.05555555555555555
1820,77503,18,0.919,0.9190798733724881,1,0.05555555555555555
1821,77520,17,0.9235,0.9241242802148255,1,0.23529411764705882
1822,77546,26,0.883,0.8830690572421285,1,0.038461538461538464
1823,77560,14,0.9369999999999999,0.9370618774449336,1,0.07142857142857142
1824,77760,200,0.0,0.00034502697053084456,0,0.01
1825,77774,14,0.9369999999999999,0.9370583650785386,1,0.07142857142857142
1826,77792,18,0.919,0.9190702953687276,1,0.05555555555555555
1827,77992,200,0.0,0.0001898122997035059,0,0.005
1828,78014,22,0.901,0.9010658510870123,1,0.045454545454545456
1829,78034,20,0.91,0.9100440382192228,1,0.05
1830,78088,54,0.757,0.7571440816958348,1,0.018518518518518517
1831,78104,16,0.9279999999999999,0.9280442893591622,1,0.0625
1832,78120,16,0.9279999999999999,0.9280553073047717,1,0.0625
1833,78141,21,0.9055,0.9055869210953796,1,0.047619047619047616
1834,78157,16,0.9279999999999999,0.9280600985924887,1,0.0625
1835,78177,20,0.91,0.9101304930005648,1,0.05
1836,78199,22,0.901,0.9010670190573177,1,0.045454545454545456
1837,78217,18,0.919,0.9190904451267753,1,0.05555555555555555
1838,78235,18,0.919,0.9190802294584722,1,0.05555555555555555
1839,78266,31,0.8605,0.8605775054737759,1,0.03225806451612903
1840,78284,18,0.919,0.9190687343381908,1,0.05555555555555555
1841,78300,16,0.9279999999999999,0.9280572138687356,1,0.0625
1842,78324,24,0.892,0.8921491814152125,1,0.041666666666666664
1843,78367,43,0.8065,0.8065854180699445,1,0.023255813953488372
1844,78385,18,0.919,0.9190368076889079,1,0.05555555555555555
1845,78417,32,0.856,0.8560822351821177,1,0.03125
1846,78433,16,0.9279999999999999,0.9280395614208136,1,0.0625
1847,78451,18,0.919,0.9190823866139562,1,0.05555555555555555
1848,78467,16,0.9279999999999999,0.9280844712506581,1,0.0625
1849,78524,57,0.7435,0.7436822831001734,1,0.017543859649122806
1850,78540,16,0.9279999999999999,0.9280568418153747,1,0.0625
1851,78556,16,0.9279999999999999,0.9280410235975013,1,0.0625
1852,78572,16,0.9279999999999999,0.9280590476470442,1,0.0625
1853,78594,22,0.901,0.9011901492334018,1,0.13636363636363635
1854,78616,22,0.901,0.9010486325179198,1,0.045454545454545456
1855,78678,62,0.721,0.7210898569329643,1,0.016129032258064516
1856,78694,16,0.9279999999999999,0.9281042569524341,1,0.0625
1857,78710,16,0.9279999999999999,0.9281021772852568,1,0.0625
1858,78727,17,0.9235,0.9235577616578391,1,0.058823529411764705
1859,78765,38,0.829,0.8290828890670946,1,0.02631578947368421
1860,78789,24,0.892,0.8920684656754153,1,0.041666666666666664
1861,78807,18,0.919,0.9190586371527945,1,0.05555555555555555
1862,78823,16,0.9279999999999999,0.9280785151428405,1,0.0625
1863,78839,16,0.9279999999999999,0.9280398459637256,1,0.0625
1864,78855,16,0.9279999999999999,0.9280746231102426,1,0.0625
1865,78871,16,0.9279999999999999,0.9280598343411788,1,0.0625
1866,78887,16,0.9279999999999999,0.92805282338528,1,0.0625
1867,78943,56,0.748,0.7480934399612343,1,0.017857142857142856
1868,78961,18,0.919,0.9190521100327226,1,0.05555555555555555
1869,78977,16,0.9279999999999999,0.9280413727448322,1,0.0625
1870,78999,22,0.901,0.901103601523136,1,0.045454545454545456
1871,79026,27,0.8785,0.8785507209420583,1,0.037037037037037035
1872,79042,16,0.9279999999999999,0.9280428918897882,1,0.0625
1873,79058,16,0.9279999999999999,0.9280463314112268,1,0.0625
1874,79074,16,0.9279999999999999,0.9280744810345132,1,0.0625
1875,79094,20,0.91,0.9100753570934965,1,0.05
1876,79112,18,0.919,0.9190618867197459,1,0.05555555555555555
1877,79134,22,0.901,0.9010688228203703,1,0.045454545454545456
1878,79148,14,0.9369999999999999,0.9370359381683278,1,0.07142857142857142
1879,79172,24,0.892,0.8920543972538515,1,0.041666666666666664
1880,79192,20,0.91,0.9100639169735822,1,0.05
1881,79210,18,0.919,0.9190694349108599,1,0.05555555555555555
1882,79226,16,0.9279999999999999,0.9280509397089737,1,0.0625
1883,79240,14,0.9369999999999999,0.93707970700261,1,0.07142857142857142
1884,79364,124,0.44199999999999995,0.4421265382037208,1,0.008064516129032258
1885,79564,200,0.0,0.0003855835741263325,0,0.015
1886,79764,200,0.0,0.002090374224829658,0,0.005
1887,79802,38,0.829,0.8302716505226287,1,0.5526315789473685
1888,79816,14,0.9369999999999999,0.9370676401186763,1,0.07142857142857142
1889,79832,16,0.9279999999999999,0.9280685881937336,1,0.0625
1890,79852,20,0.91,0.9100746186667649,1,0.05
1891,79870,18,0.919,0.9190580875085557,1,0.05555555555555555
1892,79900,30,0.865,0.8650917357057462,1,0.03333333333333333
1893,79916,16,0.9279999999999999,0.928075060881592,1,0.0625
1894,79964,48,0.784,0.7841195754324842,1,0.020833333333333332
1895,79995,31,0.8605,0.8605685453239306,1,0.03225806451612903
1896,80017,22,0.901,0.9010652843027649,1,0.045454545454545456
1897,80031,14,0.9369999999999999,0.9370708719720539,1,0.07142857142857142
1898,80057,26,0.883,0.8830876903998092,1,0.038461538461538464
1899,80105,48,0.784,0.7868159598438705,1,0.7291666666666666
1900,80239,134,0.3969999999999999,0.40317021971498374,1,0.5373134328358209
1901,80275,36,0.838,0.8398291421279063,1,0.6388888888888888
1902,80407,132,0.4059999999999999,0.4151328997231397,1,0.8863636363636364
1903,80539,132,0.4059999999999999,0.41339300270575546,1,0.7878787878787878
1904,80739,200,0.0,0.010859675775671568,0,0.65
1905,80763,24,0.892,0.8924046420715526,1,0.20833333333333334
1906,80789,26,0.883,0.8836925064978689,1,0.2692307692307692
1907,80968,179,0.1945,0.20253712824675701,1,0.39106145251396646
1908,81018,50,0.775,0.7780338311661829,1,0.7
1909,81032,14,0.9369999999999999,0.937089377280945,1,0.07142857142857142
1910,81046,14,0.9369999999999999,0.9370355606837485,1,0.07142857142857142
1911,81064,18,0.919,0.9190558096599103,1,0.05555555555555555
1912,81078,14,0.9369999999999999,0.9370487132685679,1,0.07142857142857142
1913,81092,14,0.9369999999999999,0.9370575829509233,1,0.07142857142857142
1914,81106,14,0.9369999999999999,0.9370478148382548,1,0.07142857142857142
1915,81120,14,0.9369999999999999,0.9370633967129144,1,0.07142857142857142
1916,81134,14,0.9369999999999999,0.9370591364964751,1,0.07142857142857142
1917,81148,14,0.9369999999999999,0.9370511873467753,1,0.07142857142857142
1918,81162,14,0.9369999999999999,0.9370423661948317,1,0.07142857142857142
1919,81176,14,0.9369999999999999,0.9370813304889346,1,0.07142857142857142
1920,81190,14,0.9369999999999999,0.9370395041166155,1,0.07142857142857142
1921,81206,16,0.9279999999999999,0.9280572137496423,1,0.0625
1922,81305,99,0.5545,0.5559644582515496,1,0.04040404040404041
1923,81319,14,0.9369999999999999,0.9371180883078595,1,0.07142857142857142
1924,81335,16,0.9279999999999999,0.9280687234960728,1,0.0625
1925,81367,32,0.856,0.856074537117839,1,0.03125
1926,81381,14,0.9369999999999999,0.937035155410919,1,0.07142857142857142
1927,81397,16,0.9279999999999999,0.9280687565483086,1,0.0625
1928,81411,14,0.9369999999999999,0.937042341559846,1,0.07142857142857142
1929,81427,16,0.9279999999999999,0.9280761178227787,1,0.0625
1930,81441,14,0.9369999999999999,0.9370336030933754,1,0.07142857142857142
1931,81455,14,0.9369999999999999,0.9371106848434896,1,0.07142857142857142
1932,81487,32,0.856,0.8560681803929958,1,0.03125
1933,81501,14,0.9369999999999999,0.9370299935825852,1,0.07142857142857142
1934,81517,16,0.9279999999999999,0.9280876400211336,1,0.0625
1935,81533,16,0.9279999999999999,0.9280396103958864,1,0.0625
1936,81547,14,0.9369999999999999,0.937043109274569,1,0.07142857142857142
1937,81563,16,0.9279999999999999,0.9280498114231259,1,0.0625
1938,81577,14,0.9369999999999999,0.93705888482516,1,0.07142857142857142
1939,81591,14,0.9369999999999999,0.9370492527113027,1,0.07142857142857142
1940,81605,14,0.9369999999999999,0.9370428189897084,1,0.07142857142857142
1941,81619,14,0.9369999999999999,0.9370490494666621,1,0.07142857142857142
1942,81633,14,0.9369999999999999,0.9370560186957053,1,0.07142857142857142
1943,81647,14,0.9369999999999999,0.9370507757194211,1,0.07142857142857142
1944,81661,14,0.9369999999999999,0.9370552675592615,1,0.07142857142857142
1945,81680,19,0.9145,0.9145758309143462,1,0.05263157894736842
1946,81696,16,0.9279999999999999,0.9281630662481698,1,0.1875
1947,81710,14,0.9369999999999999,0.9371079973224765,1,0.07142857142857142
1948,81727,17,0.9235,0.923551080114567,1,0.058823529411764705
1949,81741,14,0.9369999999999999,0.937032989955922,1,0.07142857142857142
1950,81755,14,0.9369999999999999,0.9370845523503462,1,0.07142857142857142
1951,81769,14,0.9369999999999999,0.937056969832887,1,0.07142857142857142
1952,81785,16,0.9279999999999999,0.9280630679295785,1,0.0625
1953,81799,14,0.9369999999999999,0.9370825872798075,1,0.07142857142857142
1954,81813,14,0.9369999999999999,0.9370509263013649,1,0.07142857142857142
1955,81827,14,0.9369999999999999,0.9370655893120983,1,0.07142857142857142
1956,81841,14,0.9369999999999999,0.9371042341043944,1,0.07142857142857142
1957,81859,18,0.919,0.9190724569333529,1,0.05555555555555555
1958,81873,14,0.9369999999999999,0.9371147692847513,1,0.07142857142857142
1959,81889,16,0.9279999999999999,0.9280515505487159,1,0.0625
1960,81903,14,0.9369999999999999,0.9370730243764341,1,0.07142857142857142
1961,81917,14,0.9369999999999999,0.9370519459977606,1,0.07142857142857142
1962,81931,14,0.9369999999999999,0.9370370408489551,1,0.07142857142857142
1963,81945,14,0.9369999999999999,0.9370719626836052,1,0.07142857142857142
1964,81959,14,0.9369999999999999,0.9370540149478553,1,0.07142857142857142
1965,81976,17,0.9235,0.9235456184053366,1,0.058823529411764705
1966,82005,29,0.8694999999999999,0.8695605441069016,1,0.034482758620689655
1967,82021,16,0.9279999999999999,0.9280447997968587,1,0.0625
1968,82049,28,0.874,0.8740589164885104,1,0.03571428571428571
1969,82118,69,0.6895,0.6896123894706411,1,0.014492753623188406
1970,82220,102,0.5409999999999999,0.5411578607136869,1,0.00980392156862745
1971,82400,180,0.18999999999999995,0.19022158093664868,1,0.005555555555555556
1972,82528,128,0.42399999999999993,0.424147386518244,1,0.0078125
1973,82578,50,0.775,0.775082163081993,1,0.02
1974,82695,117,0.47350000000000003,0.47364431026853654,1,0.008547008547008548
1975,82719,24,0.892,0.8920700470617363,1,0.041666666666666664
1976,82919,200,0.0,0.0002313562623990566,0,0.005
1977,83013,94,0.577,0.5771145011912738,1,0.010638297872340425
1978,83029,16,0.9279999999999999,0.9281443656912624,1,0.0625
1979,83043,14,0.9369999999999999,0.937064115067598,1,0.07142857142857142
1980,83057,14,0.9369999999999999,0.937040596118197,1,0.07142857142857142
1981,83071,14,0.9369999999999999,0.9370562511840527,1,0.07142857142857142
1982,83087,16,0.9279999999999999,0.9282114590044824,1,0.1875
1983,83101,14,0.9369999999999999,0.9370661680490715,1,0.07142857142857142
1984,83115,14,0.9369999999999999,0.9370535526198086,1,0.07142857142857142
1985,83129,14,0.9369999999999999,0.9370392964505125,1,0.07142857142857142
1986,83143,14,0.9369999999999999,0.9370543517178302,1,0.07142857142857142
1987,83157,14,0.9369999999999999,0.9370370562425143,1,0.07142857142857142
1988,83171,14,0.9369999999999999,0.9370574156277158,1,0.07142857142857142
1989,83187,16,0.9279999999999999,0.9280372826670151,1,0.0625
1990,83201,14,0.9369999999999999,0.937066537603877,1,0.07142857142857142
1991,83215,14,0.9369999999999999,0.9370388104890524,1,0.07142857142857142
1992,83231,16,0.9279999999999999,0.9282786190732641,1,0.1875
1993,83245,14,0.9369999999999999,0.9370341604520186,1,0.07142857142857142
1994,83259,14,0.9369999999999999,0.937045613493488,1,0.07142857142857142
1995,83275,16,0.9279999999999999,0.9280709841771961,1,0.0625
1996,83289,14,0.9369999999999999,0.9370269092157639,1,0.07142857142857142
1997,83303,14,0.9369999999999999,0.9370422179875607,1,0.07142857142857142
1998,83321,18,0.919,0.9190557000292073,1,0.05555555555555555
1999,83335,14,0.9369999999999999,0.9370703109759937,1,0.07142857142857142
2000,83351,16,0.9279999999999999,0.928051945568622,1,0.0625
2001,83365,14,0.9369999999999999,0.9370439690634202,1,0.07142857142857142
2002,83390,25,0.8875,0.8875417897217568,1,0.04
2003,83426,36,0.838,0.8380900870781263,1,0.027777777777777776
2004,83446,20,0.91,0.910046690181114,1,0.05
2005,83488,42,0.8109999999999999,0.8110523566473282,1,0.023809523809523808
2006,83502,14,0.9369999999999999,0.9370711054186143,1,0.07142857142857142
2007,83516,14,0.9369999999999999,0.9370553569603253,1,0.07142857142857142
2008,83530,14,0.9369999999999999,0.9370303233120703,1,0.07142857142857142
2009,83548,18,0.919,0.9190604185674043,1,0.05555555555555555
2010,83562,14,0.9369999999999999,0.9370380049247101,1,0.07142857142857142
2011,83598,36,0.838,0.8380972930088826,1,0.027777777777777776
2012,83614,16,0.9279999999999999,0.9280476427633013,1,0.0625
2013,83630,16,0.9279999999999999,0.9281845673972471,1,0.1875
2014,83644,14,0.9369999999999999,0.9370520323544893,1,0.07142857142857142
2015,83658,14,0.9369999999999999,0.9370731238756901,1,0.07142857142857142
2016,83680,22,0.901,0.9010557055112917,1,0.045454545454545456
2017,83698,18,0.919,0.9190498351885478,1,0.05555555555555555
2018,83720,22,0.901,0.9010698042580163,1,0.045454545454545456
2019,83744,24,0.892,0.8920892197741893,1,0.041666666666666664
2020,83758,14,0.9369999999999999,0.9370951548048672,1,0.07142857142857142
2021,83776,18,0.919,0.919163342276799,1,0.16666666666666666
2022,83790,14,0.9369999999999999,0.9370863276288621,1,0.07142857142857142
2023,83806,16,0.9279999999999999,0.9280441436491031,1,0.0625
2024,83820,14,0.9369999999999999,0.9370656915860015,1,0.07142857142857142
2025,83834,14,0.9369999999999999,0.937094931396931,1,0.07142857142857142
2026,83848,14,0.9369999999999999,0.9370344940678244,1,0.07142857142857142
2027,83864,16,0.9279999999999999,0.9281581448975845,1,0.1875
2028,83880,16,0.9279999999999999,0.9280606374199543,1,0.0625
2029,83902,22,0.901,0.9010662334563192,1,0.045454545454545456
2030,83917,15,0.9325,0.9325363246786569,1,0.06666666666666667
2031,83931,14,0.9369999999999999,0.9370644148072089,1,0.07142857142857142
2032,83945,14,0.9369999999999999,0.9370563312626821,1,0.07142857142857142
2033,83963,18,0.919,0.9190546139104274,1,0.05555555555555555
2034,83977,14,0.9369999999999999,0.9370555225205428,1,0.07142857142857142
2035,84015,38,0.829,0.829091619515521,1,0.02631578947368421
2036,84029,14,0.9369999999999999,0.9370428694155071,1,0.07142857142857142
2037,84079,50,0.775,0.775085472506607,1,0.02
2038,84183,104,0.532,0.5321333287611557,1,0.009615384615384616
2039,84217,34,0.847,0.8471668119576877,1,0.029411764705882353
2040,84330,113,0.49150000000000005,0.4918300870120798,1,0.008849557522123894
2041,84530,200,0.0,0.0006654107469087717,0,0.005
2042,84562,32,0.856,0.8560656136820943,1,0.03125
2043,84611,49,0.7795,0.7796001365765286,1,0.02040816326530612
2044,84785,174,0.21699999999999997,0.21731013448221734,1,0.005747126436781609
2045,84807,22,0.901,0.9010495698698158,1,0.045454545454545456
2046,85007,200,0.0,0.0005945431338585249,0,0.005
2047,85081,74,0.667,0.6671427500199966,1,0.013513513513513514
2048,85281,200,0.0,0.0002637586098532404,0,0.005
2049,85429,148,0.33399999999999996,0.3341511619027057,1,0.006756756756756757
2050,85548,119,0.4645,0.4646539136065983,1,0.008403361344537815
2051,85602,54,0.757,0.7570968245535801,1,0.018518518518518517
2052,85731,129,0.4195,0.41967647854923357,1,0.007751937984496124
2053,85803,72,0.6759999999999999,0.6760940468137658,1,0.013888888888888888
2054,85883,80,0.6399999999999999,0.6401517035809158,1,0.0125
2055,85984,101,0.5455,0.5456405599835495,1,0.009900990099009901
2056,86012,28,0.874,0.8740751449441081,1,0.03571428571428571
2057,86026,14,0.9369999999999999,0.9370836688653466,1,0.07142857142857142
2058,86056,30,0.865,0.8662298447320541,1,0.5666666666666667
2059,86074,18,0.919,0.9192589784159299,1,0.16666666666666666
2060,86108,34,0.847,0.8488627168685123,1,0.6176470588235294
2061,86140,32,0.856,0.8575449606025538,1,0.53125
2062,86192,52,0.766,0.7680942102458056,1,0.34615384615384615
2063,86255,63,0.7164999999999999,0.7201405272582032,1,0.6190476190476191
2064,86315,60,0.73,0.7342585986254029,1,0.7166666666666667
2065,86362,47,0.7885,0.7914152368243678,1,0.5957446808510638
2066,86562,200,0.09999999999999998,0.11628767429075433,1,0.775
2067,86600,38,0.829,0.8294965639711047,1,0.10526315789473684
2068,86640,40,0.82,0.8225339320516133,1,0.525
2069,86736,96,0.5680000000000001,0.5722874303279275,1,0.4270833333333333
2070,86773,37,0.8335,0.8353085089107134,1,0.21621621621621623
2071,86825,52,0.766,0.7679171876579315,1,0.3076923076923077
2072,86856,31,0.8605,0.8628331036962121,1,0.5806451612903226
2073,86884,28,0.874,0.8747828362510823,1,0.32142857142857145
2074,87026,142,0.361,0.37246741755269336,1,0.9084507042253521
2075,87042,16,0.9279999999999999,0.9280498235743777,1,0.0625
2076,87060,18,0.919,0.9190781797154122,1,0.05555555555555555
2077,87074,14,0.9369999999999999,0.9370316611678509,1,0.07142857142857142
2078,87102,28,0.874,0.8740637582963613,1,0.03571428571428571
2079,87191,89,0.5994999999999999,0.5996799310369493,1,0.011235955056179775
2080,87218,27,0.8785,0.8785523724634738,1,0.037037037037037035
2081,87238,20,0.91,0.9100578761211892,1,0.05
2082,87254,16,0.9279999999999999,0.928044699150159,1,0.0625
2083,87278,24,0.892,0.8920789126216979,1,0.041666666666666664
2084,87293,15,0.9325,0.9325537053823673,1,0.06666666666666667
2085,87307,14,0.9369999999999999,0.9370419356757106,1,0.07142857142857142
2086,87321,14,0.9369999999999999,0.9370762698786227,1,0.07142857142857142
2087,87337,16,0.9279999999999999,0.9280509328584248,1,0.0625
2088,87355,18,0.919,0.9190505624406162,1,0.05555555555555555
2089,87371,16,0.9279999999999999,0.9280514825693592,1,0.0625
2090,87393,22,0.901,0.9010941019850351,1,0.045454545454545456
2091,87407,14,0.9369999999999999,0.9370412556680267,1,0.07142857142857142
2092,87425,18,0.919,0.9190830174240544,1,0.05555555555555555
2093,87448,23,0.8965,0.8969760195660066,1,0.21739130434782608
2094,87469,21,0.9055,0.9055428884900495,1,0.047619047619047616
2095,87484,15,0.9325,0.9325554294819965,1,0.06666666666666667
2096,87511,27,0.8785,0.8785895254866837,1,0.037037037037037035
2097,87544,33,0.8514999999999999,0.8517802658217469,1,0.09090909090909091
2098,87569,25,0.8875,0.8875571601344421,1,0.04
2099,87583,14,0.9369999999999999,0.9370577562241009,1,0.07142857142857142
2100,87605,22,0.901,0.9010749251801825,1,0.045454545454545456
2101,87629,24,0.892,0.8920817010257263,1,0.041666666666666664
2102,87651,22,0.901,0.9010631001915543,1,0.045454545454545456
2103,87667,16,0.9279999999999999,0.9280592286332553,1,0.0625
2104,87690,23,0.8965,0.8965531362060222,1,0.043478260869565216
2105,87711,21,0.9055,0.9055535432133651,1,0.047619047619047616
2106,87727,16,0.9279999999999999,0.9282219501817599,1,0.1875
2107,87744,17,0.9235,0.9235795549762845,1,0.058823529411764705
2108,87758,14,0.9369999999999999,0.937038107742951,1,0.07142857142857142
2109,87780,22,0.901,0.9019682557292155,1,0.3181818181818182
2110,87796,16,0.9279999999999999,0.9280597124608365,1,0.0625
2111,87819,23,0.8965,0.896547814909704,1,0.043478260869565216
2112,87842,23,0.8965,0.8965535842719177,1,0.043478260869565216
2113,87858,16,0.9279999999999999,0.9280591802016603,1,0.0625
2114,87886,28,0.874,0.8740609569770607,1,0.03571428571428571
2115,87900,14,0.9369999999999999,0.9370626834470215,1,0.07142857142857142
2116,87935,35,0.8425,0.8425969166224565,1,0.02857142857142857
2117,87959,24,0.892,0.8921094950918029,1,0.041666666666666664
2118,87980,21,0.9055,0.9055474671855112,1,0.047619047619047616
2119,87996,16,0.9279999999999999,0.9280453236252528,1,0.0625
2120,88028,32,0.856,0.8560779344590429,1,0.03125
2121,88042,14,0.9369999999999999,0.9370776292380466,1,0.07142857142857142
2122,88056,14,0.9369999999999999,0.9370509809138898,1,0.07142857142857142
2123,88070,14,0.9369999999999999,0.9370375470772304,1,0.07142857142857142
2124,88084,14,0.9369999999999999,0.9370559948773212,1,0.07142857142857142
2125,88098,14,0.9369999999999999,0.9370530467791978,1,0.07142857142857142
2126,88112,14,0.9369999999999999,0.9370379679710478,1,0.07142857142857142
2127,88126,14,0.9369999999999999,0.9370436781621814,1,0.07142857142857142
2128,88140,14,0.9369999999999999,0.9370689026706621,1,0.07142857142857142
2129,88154,14,0.9369999999999999,0.9370378788551529,1,0.07142857142857142
2130,88168,14,0.9369999999999999,0.9370586498282344,1,0.07142857142857142
2131,88184,16,0.9279999999999999,0.9280553348358677,1,0.0625
2132,88198,14,0.9369999999999999,0.9370513116513591,1,0.07142857142857142
2133,88215,17,0.9235,0.9244456250404073,1,0.23529411764705882
2134,88231,16,0.9279999999999999,0.9280674111210392,1,0.0625
2135,88249,18,0.919,0.9190348681356868,1,0.05555555555555555
2136,88263,14,0.9369999999999999,0.9370807150495752,1,0.07142857142857142
2137,88277,14,0.9369999999999999,0.9370435020944123,1,0.07142857142857142
2138,88291,14,0.9369999999999999,0.9370603476230733,1,0.07142857142857142
2139,88305,14,0.9369999999999999,0.9370610047065353,1,0.07142857142857142
2140,88319,14,0.9369999999999999,0.9370302056388962,1,0.07142857142857142
2141,88333,14,0.9369999999999999,0.9370356936844891,1,0.07142857142857142
2142,88347,14,0.9369999999999999,0.9370564775185009,1,0.07142857142857142
2143,88361,14,0.9369999999999999,0.9370695815194755,1,0.07142857142857142
2144,88377,16,0.9279999999999999,0.9280350377190508,1,0.0625
2145,88393,16,0.9279999999999999,0.928083132791905,1,0.0625
2146,88414,21,0.9055,0.9056166345813422,1,0.047619047619047616
2147,88428,14,0.9369999999999999,0.9370753256079791,1,0.07142857142857142
2148,88446,18,0.919,0.9190612206914373,1,0.05555555555555555
2149,88462,16,0.9279999999999999,0.9280849644345143,1,0.0625
2150,88476,14,0.9369999999999999,0.9370505456822249,1,0.07142857142857142
2151,88490,14,0.9369999999999999,0.9370496629643744,1,0.07142857142857142
2152,88512,22,0.901,0.9010473219721358,1,0.045454545454545456
2153,88526,14,0.9369999999999999,0.9370472054522865,1,0.07142857142857142
2154,88544,18,0.919,0.9192336512733414,1,0.16666666666666666
2155,88560,16,0.9279999999999999,0.9280614501401169,1,0.0625
2156,88574,14,0.9369999999999999,0.9371462528306985,1,0.07142857142857142
2157,88588,14,0.9369999999999999,0.9370474221825755,1,0.07142857142857142
2158,88602,14,0.9369999999999999,0.9370315158555955,1,0.07142857142857142
2159,88616,14,0.9369999999999999,0.9370682232011317,1,0.07142857142857142
2160,88630,14,0.9369999999999999,0.9370381344263828,1,0.07142857142857142
2161,88646,16,0.9279999999999999,0.928055738361916,1,0.0625
2162,88660,14,0.9369999999999999,0.9371789305390491,1,0.07142857142857142
2163,88674,14,0.9369999999999999,0.937043555730659,1,0.07142857142857142
2164,88688,14,0.9369999999999999,0.9370405200171468,1,0.07142857142857142
2165,88702,14,0.9369999999999999,0.9370750740759165,1,0.07142857142857142
2166,88716,14,0.9369999999999999,0.9370466587154739,1,0.07142857142857142
2167,88732,16,0.9279999999999999,0.9280992635981269,1,0.0625
2168,88746,14,0.9369999999999999,0.9370543299192476,1,0.07142857142857142
2169,88764,18,0.919,0.9190380545787764,1,0.05555555555555555
2170,88778,14,0.9369999999999999,0.9370586955959066,1,0.07142857142857142
2171,88792,14,0.9369999999999999,0.9370616448312201,1,0.07142857142857142
2172,88806,14,0.9369999999999999,0.9370983518940019,1,0.07142857142857142
2173,88820,14,0.9369999999999999,0.9370408097025327,1,0.07142857142857142
2174,88836,16,0.9279999999999999,0.9281174261230036,1,0.0625
2175,88850,14,0.9369999999999999,0.9370473056523453,1,0.07142857142857142
2176,88866,16,0.9279999999999999,0.9280572246661861,1,0.0625
2177,88884,18,0.919,0.9190908490141515,1,0.05555555555555555
2178,88899,15,0.9325,0.9329595841781998,1,0.13333333333333333
2179,88915,16,0.9279999999999999,0.928049470764422,1,0.0625
2180,88929,14,0.9369999999999999,0.9372005561246757,1,0.07142857142857142
2181,88943,14,0.9369999999999999,0.9370677907693707,1,0.07142857142857142
2182,88957,14,0.9369999999999999,0.9370556020005895,1,0.07142857142857142
2183,88973,16,0.9279999999999999,0.928052511957193,1,0.0625
2184,88987,14,0.9369999999999999,0.9370799305720762,1,0.07142857142857142
2185,89001,14,0.9369999999999999,0.9370553085204182,1,0.07142857142857142
2186,89016,15,0.9325,0.932551978056085,1,0.06666666666666667
2187,89030,14,0.9369999999999999,0.9371209260465495,1,0.07142857142857142
2188,89046,16,0.9279999999999999,0.9280597279660888,1,0.0625
2189,89062,16,0.9279999999999999,0.9280719648834427,1,0.0625
2190,89078,16,0.9279999999999999,0.9281756429734233,1,0.0625
2191,89092,14,0.9369999999999999,0.9370622592218534,1,0.07142857142857142
2192,89108,16,0.9279999999999999,0.928141785502142,1,0.0625
2193,89122,14,0.9369999999999999,0.9370356286652485,1,0.07142857142857142
2194,89144,22,0.901,0.9012564375569024,1,0.13636363636363635
2195,89158,14,0.9369999999999999,0.9370626847136423,1,0.07142857142857142
2196,89174,16,0.9279999999999999,0.9280772356824969,1,0.0625
2197,89190,16,0.9279999999999999,0.9280574835653495,1,0.0625
2198,89206,16,0.9279999999999999,0.928073663748769,1,0.0625
2199,89231,25,0.8875,0.8875647435676517,1,0.04
2200,89247,16,0.9279999999999999,0.9280583264173374,1,0.0625
2201,89263,16,0.9279999999999999,0.9280593712851687,1,0.0625
2202,89286,23,0.8965,0.8965584789726734,1,0.043478260869565216
2203,89316,30,0.865,0.865093761220251,1,0.03333333333333333
2204,89347,31,0.8605,0.8605946510039648,1,0.03225806451612903
2205,89405,58,0.739,0.7391551297315946,1,0.017241379310344827
2206,89432,27,0.8785,0.8786125449668503,1,0.037037037037037035
2207,89448,16,0.9279999999999999,0.9280962359326196,1,0.0625
2208,89481,33,0.8514999999999999,0.8516217509323958,1,0.030303030303030304
2209,89502,21,0.9055,0.9056116175554292,1,0.047619047619047616
2210,89530,28,0.874,0.8740527145187096,1,0.03571428571428571
2211,89550,20,0.91,0.9102375993453773,1,0.15
2212,89592,42,0.8109999999999999,0.8111253570204381,1,0.023809523809523808
2213,89609,17,0.9235,0.9235740140729005,1,0.058823529411764705
2214,89625,16,0.9279999999999999,0.9281031187397745,1,0.0625
2215,89650,25,0.8875,0.8875768154024755,1,0.04
2216,89666,16,0.9279999999999999,0.9280497739357486,1,0.0625
2217,89682,16,0.9279999999999999,0.9280584046406674,1,0.0625
2218,89704,22,0.901,0.9011398909138991,1,0.045454545454545456
2219,89720,16,0.9279999999999999,0.9280749553284745,1,0.0625
2220,89736,16,0.9279999999999999,0.928080873145299,1,0.0625
2221,89753,17,0.9235,0.9235622951533965,1,0.058823529411764705
2222,89795,42,0.8109999999999999,0.811108857057538,1,0.023809523809523808
2223,89811,16,0.9279999999999999,0.9280515172976891,1,0.0625
2224,89833,22,0.901,0.9010990216742616,1,0.045454545454545456
2225,89847,14,0.9369999999999999,0.9370392341902891,1,0.07142857142857142
2226,89863,16,0.9279999999999999,0.9281339415919528,1,0.0625
2227,89885,22,0.901,0.9011192362133295,1,0.045454545454545456
2228,89906,21,0.9055,0.9055694236051675,1,0.047619047619047616
2229,89938,32,0.856,0.8560716777929746,1,0.03125
2230,89955,17,0.9235,0.9240144704671733,1,0.11764705882352941
2231,89969,14,0.9369999999999999,0.9370753848808309,1,0.07142857142857142
2232,90001,32,0.856,0.8561604256399633,1,0.03125
2233,90017,16,0.9279999999999999,0.9280658457605275,1,0.0625
2234,90031,14,0.9369999999999999,0.9370965800868287,1,0.07142857142857142
2235,90045,14,0.9369999999999999,0.9370690204776393,1,0.07142857142857142
2236,90063,18,0.919,0.9191794904040479,1,0.05555555555555555
2237,90077,14,0.9369999999999999,0.9370419939135445,1,0.07142857142857142
2238,90091,14,0.9369999999999999,0.9370770850650992,1,0.07142857142857142
2239,90105,14,0.9369999999999999,0.9370378944928104,1,0.07142857142857142
2240,90121,16,0.9279999999999999,0.9280381230637035,1,0.0625
2241,90135,14,0.9369999999999999,0.9370522158296646,1,0.07142857142857142
2242,90151,16,0.9279999999999999,0.9280572480410464,1,0.0625
2243,90165,14,0.9369999999999999,0.937039637309096,1,0.07142857142857142
2244,90179,14,0.9369999999999999,0.9370490883523274,1,0.07142857142857142
2245,90197,18,0.919,0.9190829430279294,1,0.05555555555555555
2246,90211,14,0.9369999999999999,0.9370355200529648,1,0.07142857142857142
2247,90225,14,0.9369999999999999,0.9370426664586868,1,0.07142857142857142
2248,90239,14,0.9369999999999999,0.937191645053851,1,0.07142857142857142
2249,90253,14,0.9369999999999999,0.9370671591186004,1,0.07142857142857142
2250,90269,16,0.9279999999999999,0.9280943430798493,1,0.0625
2251,90283,14,0.9369999999999999,0.9371296357151837,1,0.07142857142857142
2252,90299,16,0.9279999999999999,0.9281023847145653,1,0.0625
2253,90313,14,0.9369999999999999,0.9370514922636906,1,0.07142857142857142
2254,90327,14,0.9369999999999999,0.937054668188951,1,0.07142857142857142
2255,90343,16,0.9279999999999999,0.9280382749929295,1,0.0625
2256,90361,18,0.919,0.9190552228853522,1,0.05555555555555555
2257,90380,19,0.9145,0.9146635013789964,1,0.15789473684210525
2258,90396,16,0.9279999999999999,0.9281419010351799,1,0.0625
2259,90410,14,0.9369999999999999,0.9371207228313639,1,0.07142857142857142
2260,90426,16,0.9279999999999999,0.9280541338882279,1,0.0625
2261,90445,19,0.9145,0.9148353215849094,1,0.15789473684210525
2262,90461,16,0.9279999999999999,0.9281797212362085,1,0.1875
2263,90475,14,0.9369999999999999,0.9370441701193839,1,0.07142857142857142
2264,90492,17,0.9235,0.9235309612730579,1,0.058823529411764705
2265,90506,14,0.9369999999999999,0.9370463676549178,1,0.07142857142857142
2266,90522,16,0.9279999999999999,0.9281823137003335,1,0.0625
2267,90536,14,0.9369999999999999,0.9370641971202164,1,0.07142857142857142
2268,90550,14,0.9369999999999999,0.9370721500142657,1,0.07142857142857142
2269,90568,18,0.919,0.9190505765314307,1,0.05555555555555555
2270,90584,16,0.9279999999999999,0.9282213799189482,1,0.1875
2271,90598,14,0.9369999999999999,0.9371308357230131,1,0.07142857142857142
2272,90612,14,0.9369999999999999,0.937073884375521,1,0.07142857142857142
2273,90628,16,0.9279999999999999,0.9280408402346205,1,0.0625
2274,90642,14,0.9369999999999999,0.9370441438473639,1,0.07142857142857142
2275,90658,16,0.9279999999999999,0.9280440020485556,1,0.0625
2276,90673,15,0.9325,0.9332408196597938,1,0.13333333333333333
2277,90687,14,0.9369999999999999,0.9370803051903724,1,0.07142857142857142
2278,90701,14,0.9369999999999999,0.9370679981830647,1,0.07142857142857142
2279,90715,14,0.9369999999999999,0.9371057562505535,1,0.07142857142857142
2280,90729,14,0.9369999999999999,0.937040593798363,1,0.07142857142857142
2281,90743,14,0.9369999999999999,0.9370845663722632,1,0.07142857142857142
2282,90757,14,0.9369999999999999,0.9370397361807902,1,0.07142857142857142
2283,90781,24,0.892,0.8920487429136151,1,0.041666666666666664
2284,90797,16,0.9279999999999999,0.9280467220695056,1,0.0625
2285,90815,18,0.919,0.919074655027841,1,0.05555555555555555
2286,90831,16,0.9279999999999999,0.9280739661498135,1,0.0625
2287,90845,14,0.9369999999999999,0.9370533373972539,1,0.07142857142857142
2288,90861,16,0.9279999999999999,0.9282698073248676,1,0.1875
2289,90875,14,0.9369999999999999,0.9370465676888341,1,0.07142857142857142
2290,90891,16,0.9279999999999999,0.9281484652770768,1,0.0625
2291,90905,14,0.9369999999999999,0.9370455744346703,1,0.07142857142857142
2292,90919,14,0.9369999999999999,0.9370764930214754,1,0.07142857142857142
2293,90935,16,0.9279999999999999,0.9280765866256436,1,0.0625
2294,90949,14,0.9369999999999999,0.9371170184506822,1,0.07142857142857142
2295,90963,14,0.9369999999999999,0.9370848854122836,1,0.07142857142857142
2296,90977,14,0.9369999999999999,0.9370509100145223,1,0.07142857142857142
2297,90999,22,0.901,0.901070030065796,1,0.045454545454545456
2298,91017,18,0.919,0.9191116591294617,1,0.05555555555555555
2299,91031,14,0.9369999999999999,0.9370505136177099,1,0.07142857142857142
2300,91045,14,0.9369999999999999,0.937050563301432,1,0.07142857142857142
2301,91063,18,0.919,0.9190466889992841,1,0.05555555555555555
2302,91079,16,0.9279999999999999,0.9280994099351985,1,0.0625
2303,91093,14,0.9369999999999999,0.9370628244135195,1,0.07142857142857142
2304,91107,14,0.9369999999999999,0.9370329323798381,1,0.07142857142857142
2305,91121,14,0.9369999999999999,0.9370298061268839,1,0.07142857142857142
2306,91137,16,0.9279999999999999,0.9280484381629993,1,0.0625
2307,91151,14,0.9369999999999999,0.9370513405093832,1,0.07142857142857142
2308,91166,15,0.9325,0.9329044315610595,1,0.13333333333333333
2309,91180,14,0.9369999999999999,0.9370499826108367,1,0.07142857142857142
2310,91194,14,0.9369999999999999,0.9370533066946101,1,0.07142857142857142
2311,91210,16,0.9279999999999999,0.9280779757520501,1,0.0625
2312,91224,14,0.9369999999999999,0.9370462811334083,1,0.07142857142857142
2313,91238,14,0.9369999999999999,0.9370461844153436,1,0.07142857142857142
2314,91253,15,0.9325,0.9325747207595,1,0.06666666666666667
2315,91267,14,0.9369999999999999,0.9370480490698619,1,0.07142857142857142
2316,91282,15,0.9325,0.9329985354539623,1,0.13333333333333333
2317,91296,14,0.9369999999999999,0.9370489148976855,1,0.07142857142857142
2318,91310,14,0.9369999999999999,0.9370478584623242,1,0.07142857142857142
2319,91325,15,0.9325,0.932980815979249,1,0.13333333333333333
2320,91342,17,0.9235,0.9238617825981408,1,0.11764705882352941
2321,91358,16,0.9279999999999999,0.928053960348309,1,0.0625
2322,91375,17,0.9235,0.923897229188922,1,0.11764705882352941
2323,91389,14,0.9369999999999999,0.937071485748361,1,0.07142857142857142
2324,91403,14,0.9369999999999999,0.9370454191650043,1,0.07142857142857142
2325,91418,15,0.9325,0.9329107984042883,1,0.13333333333333333
2326,91432,14,0.9369999999999999,0.937060565508078,1,0.07142857142857142
2327,91446,14,0.9369999999999999,0.9370375304767004,1,0.07142857142857142
2328,91461,15,0.9325,0.9329200458501412,1,0.13333333333333333
2329,91475,14,0.9369999999999999,0.937082709883448,1,0.07142857142857142
2330,91491,16,0.9279999999999999,0.9280479568160817,1,0.0625
2331,91507,16,0.9279999999999999,0.9280747472103498,1,0.0625
2332,91522,15,0.9325,0.9329045664643809,1,0.13333333333333333
2333,91536,14,0.9369999999999999,0.9370365983507741,1,0.07142857142857142
2334,91553,17,0.9235,0.9239761539829487,1,0.11764705882352941
2335,91568,15,0.9325,0.932972507646787,1,0.13333333333333333
2336,91583,15,0.9325,0.9330581248001419,1,0.13333333333333333
2337,91597,14,0.9369999999999999,0.9370404296745604,1,0.07142857142857142
2338,91612,15,0.9325,0.9328564693139012,1,0.13333333333333333
2339,91627,15,0.9325,0.9328749554145462,1,0.13333333333333333
2340,91643,16,0.9279999999999999,0.9280349581560065,1,0.0625
2341,91659,16,0.9279999999999999,0.9281029344635926,1,0.0625
2342,91678,19,0.9145,0.9151270103146142,1,0.10526315789473684
2343,91692,14,0.9369999999999999,0.9370441088397222,1,0.07142857142857142
2344,91709,17,0.9235,0.9240338654131312,1,0.11764705882352941
2345,91723,14,0.9369999999999999,0.9370352952898716,1,0.07142857142857142
2346,91739,16,0.9279999999999999,0.9280511525795465,1,0.0625
2347,91758,19,0.9145,0.9152686369919341,1,0.21052631578947367
2348,91774,16,0.9279999999999999,0.9282757522829063,1,0.1875
2349,91788,14,0.9369999999999999,0.937067102999127,1,0.07142857142857142
2350,91808,20,0.91,0.9101211189447583,1,0.05
2351,91828,20,0.91,0.9101003923568558,1,0.05
2352,91844,16,0.9279999999999999,0.9281335563910544,1,0.1875
2353,91862,18,0.919,0.9192234278766093,1,0.16666666666666666
2354,91876,14,0.9369999999999999,0.9370826179100048,1,0.07142857142857142
2355,91891,15,0.9325,0.9328489580199384,1,0.13333333333333333
2356,91907,16,0.9279999999999999,0.9280495298730275,1,0.0625
2357,91922,15,0.9325,0.9328420918678565,1,0.13333333333333333
2358,91938,16,0.9279999999999999,0.9280726658659706,1,0.0625
2359,91952,14,0.9369999999999999,0.9370881756401274,1,0.07142857142857142
2360,91966,14,0.9369999999999999,0.9370935949778694,1,0.07142857142857142
2361,91980,14,0.9369999999999999,0.9370382311431923,1,0.07142857142857142
2362,92000,20,0.91,0.9100578662019172,1,0.05
2363,92014,14,0.9369999999999999,0.9370899304231513,1,0.07142857142857142
2364,92028,14,0.9369999999999999,0.93709257665659,1,0.07142857142857142
2365,92044,16,0.9279999999999999,0.9281031080813618,1,0.0625
2366,92058,14,0.9369999999999999,0.9370617159714701,1,0.07142857142857142
2367,92072,14,0.9369999999999999,0.9370827988755756,1,0.07142857142857142
2368,92088,16,0.9279999999999999,0.9280589600963405,1,0.0625
2369,92102,14,0.9369999999999999,0.9370655131543285,1,0.07142857142857142
2370,92119,17,0.9235,0.9235681664846105,1,0.058823529411764705
2371,92133,14,0.9369999999999999,0.9370668792956397,1,0.07142857142857142
2372,92149,16,0.9279999999999999,0.9282269418914401,1,0.0625
2373,92163,14,0.9369999999999999,0.9370284789936787,1,0.07142857142857142
2374,92177,14,0.9369999999999999,0.937081766347866,1,0.07142857142857142
2375,92191,14,0.9369999999999999,0.937042553786041,1,0.07142857142857142
2376,92205,14,0.9369999999999999,0.9370364522846726,1,0.07142857142857142
2377,92223,18,0.919,0.9190730642749411,1,0.05555555555555555
2378,92239,16,0.9279999999999999,0.9280964639359198,1,0.0625
2379,92253,14,0.9369999999999999,0.9370551179315709,1,0.07142857142857142
2380,92270,17,0.9235,0.9235458250166189,1,0.058823529411764705
2381,92291,21,0.9055,0.9055841382900451,1,0.047619047619047616
2382,92307,16,0.9279999999999999,0.9280384157126003,1,0.0625
2383,92321,14,0.9369999999999999,0.9370494825882543,1,0.07142857142857142
2384,92342,21,0.9055,0.9055610183713453,1,0.047619047619047616
2385,92356,14,0.9369999999999999,0.9370493865021586,1,0.07142857142857142
2386,92379,23,0.8965,0.8965434166087047,1,0.043478260869565216
2387,92393,14,0.9369999999999999,0.9370646990447895,1,0.07142857142857142
2388,92411,18,0.919,0.91905833341873,1,0.05555555555555555
2389,92425,14,0.9369999999999999,0.9370374927334267,1,0.07142857142857142
2390,92439,14,0.9369999999999999,0.9371297894570157,1,0.07142857142857142
2391,92453,14,0.9369999999999999,0.9370440562292024,1,0.07142857142857142
2392,92470,17,0.9235,0.9235632444366487,1,0.058823529411764705
2393,92487,17,0.9235,0.9236940510812754,1,0.17647058823529413
2394,92508,21,0.9055,0.9055634424709857,1,0.047619047619047616
2395,92527,19,0.9145,0.9145963081894284,1,0.05263157894736842
2396,92543,16,0.9279999999999999,0.928221276727222,1,0.1875
2397,92557,14,0.9369999999999999,0.9370328516418014,1,0.07142857142857142
2398,92571,14,0.9369999999999999,0.9370552496456716,1,0.07142857142857142
2399,92587,16,0.9279999999999999,0.9280453147326213,1,0.0625
2400,92601,14,0.9369999999999999,0.9370937318741189,1,0.07142857142857142
2401,92615,14,0.9369999999999999,0.9370544947790824,1,0.07142857142857142
2402,92629,14,0.9369999999999999,0.9370886276774015,1,0.07142857142857142
2403,92643,14,0.9369999999999999,0.9371619530959958,1,0.07142857142857142
2404,92657,14,0.9369999999999999,0.9370560331586356,1,0.07142857142857142
2405,92673,16,0.9279999999999999,0.9280587395783975,1,0.0625
2406,92687,14,0.9369999999999999,0.9370514513750045,1,0.07142857142857142
2407,92701,14,0.9369999999999999,0.9370767191983054,1,0.07142857142857142
2408,92719,18,0.919,0.919112223754261,1,0.05555555555555555
2409,92733,14,0.9369999999999999,0.9370511657274727,1,0.07142857142857142
2410,92748,15,0.9325,0.9330163412307996,1,0.13333333333333333
2411,92766,18,0.919,0.919125550376045,1,0.05555555555555555
2412,92782,16,0.9279999999999999,0.9280455799116833,1,0.0625
2413,92798,16,0.9279999999999999,0.9280602025812749,1,0.0625
2414,92818,20,0.91,0.9100792208231997,1,0.05
2415,92832,14,0.9369999999999999,0.9370359653428434,1,0.07142857142857142
2416,92846,14,0.9369999999999999,0.9370446066775071,1,0.07142857142857142
2417,92860,14,0.9369999999999999,0.9370506210667481,1,0.07142857142857142
2418,92874,14,0.9369999999999999,0.9370379395593811,1,0.07142857142857142
2419,92890,16,0.9279999999999999,0.9280650800738207,1,0.0625
2420,92908,18,0.919,0.9190512807573625,1,0.05555555555555555
2421,92922,14,0.9369999999999999,0.9370650028750579,1,0.07142857142857142
2422,92936,14,0.9369999999999999,0.9370586567809365,1,0.07142857142857142
2423,92950,14,0.9369999999999999,0.9370430754941425,1,0.07142857142857142
2424,92964,14,0.9369999999999999,0.9370672808822365,1,0.07142857142857142
2425,92978,14,0.9369999999999999,0.9370461692425809,1,0.07142857142857142
2426,92994,16,0.9279999999999999,0.928081224569049,1,0.0625
2427,93008,14,0.9369999999999999,0.9370452724018047,1,0.07142857142857142
2428,93026,18,0.919,0.9190375172104922,1,0.05555555555555555
2429,93045,19,0.9145,0.9149933848171401,1,0.10526315789473684
2430,93060,15,0.9325,0.9328154508836418,1,0.13333333333333333
2431,93077,17,0.9235,0.9241511980001943,1,0.23529411764705882
2432,93092,15,0.9325,0.9330152247902711,1,0.13333333333333333
2433,93107,15,0.9325,0.9330155636343532,1,0.13333333333333333
2434,93124,17,0.9235,0.9239130201833375,1,0.11764705882352941
2435,93139,15,0.9325,0.9327919150437101,1,0.13333333333333333
2436,93154,15,0.9325,0.9329886295676818,1,0.13333333333333333
2437,93171,17,0.9235,0.9243801736285444,1,0.11764705882352941
2438,93186,15,0.9325,0.9328737986291559,1,0.13333333333333333
2439,93201,15,0.9325,0.9328444041585151,1,0.13333333333333333
2440,93218,17,0.9235,0.9238580584831897,1,0.11764705882352941
2441,93233,15,0.9325,0.9328864834050009,1,0.13333333333333333
2442,93250,17,0.9235,0.9239690733518928,1,0.11764705882352941
2443,93265,15,0.9325,0.933051210532181,1,0.13333333333333333
2444,93280,15,0.9325,0.9329598772768175,1,0.13333333333333333
2445,93295,15,0.9325,0.9328593981713804,1,0.13333333333333333
2446,93310,15,0.9325,0.932863750621227,1,0.13333333333333333
2447,93325,15,0.9325,0.9327565527982209,1,0.13333333333333333
2448,93340,15,0.9325,0.9329354567345866,1,0.13333333333333333
2449,93355,15,0.9325,0.9328889538085787,1,0.13333333333333333
2450,93370,15,0.9325,0.9331568632175204,1,0.13333333333333333
2451,93402,32,0.856,0.8566920792653617,1,0.0625
2452,93418,16,0.9279999999999999,0.9283845706962792,1,0.1875
2453,93433,15,0.9325,0.9330183021355684,1,0.13333333333333333
2454,93448,15,0.9325,0.9329562076817238,1,0.13333333333333333
2455,93469,21,0.9055,0.9059974334992054,1,0.09523809523809523
2456,93484,15,0.9325,0.9330416482258337,1,0.13333333333333333
2457,93499,15,0.9325,0.9329063912891843,1,0.13333333333333333
2458,93514,15,0.9325,0.9328737214970944,1,0.13333333333333333
2459,93529,15,0.9325,0.9328445454421522,1,0.13333333333333333
2460,93544,15,0.9325,0.9330076203131533,1,0.13333333333333333
2461,93561,17,0.9235,0.9242143580884072,1,0.11764705882352941
2462,93580,19,0.9145,0.9149278015249944,1,0.10526315789473684
2463,93597,17,0.9235,0.9241792960827763,1,0.11764705882352941
2464,93612,15,0.9325,0.9332006277677064,1,0.13333333333333333
2465,93629,17,0.9235,0.9239918983901863,1,0.11764705882352941
2466,93644,15,0.9325,0.9328473860128719,1,0.13333333333333333
2467,93661,17,0.9235,0.9240516734382476,1,0.11764705882352941
2468,93678,17,0.9235,0.9238230499765515,1,0.11764705882352941
2469,93693,15,0.9325,0.9329287659114611,1,0.13333333333333333
2470,93708,15,0.9325,0.9327907690090197,1,0.13333333333333333
2471,93723,15,0.9325,0.9329730190622467,1,0.13333333333333333
2472,93738,15,0.9325,0.9329433616242916,1,0.13333333333333333
2473,93753,15,0.9325,0.93284499406775,1,0.13333333333333333
2474,93768,15,0.9325,0.9330095012274738,1,0.13333333333333333
2475,93785,17,0.9235,0.9238984086200245,1,0.11764705882352941
2476,93802,17,0.9235,0.924611282428447,1,0.23529411764705882
2477,93817,15,0.9325,0.9328494427223235,1,0.13333333333333333
2478,93832,15,0.9325,0.9329007943888202,1,0.13333333333333333
2479,93851,19,0.9145,0.915299274596354,1,0.21052631578947367
2480,93866,15,0.9325,0.9328843241235673,1,0.13333333333333333
2481,93881,15,0.9325,0.9328051859378886,1,0.13333333333333333
2482,93898,17,0.9235,0.9239431849740642,1,0.11764705882352941
2483,93915,17,0.9235,0.9239276515397418,1,0.11764705882352941
2484,93930,15,0.9325,0.9328397017945802,1,0.13333333333333333
2485,93945,15,0.9325,0.9329954735448484,1,0.13333333333333333
2486,93960,15,0.9325,0.9330094484512156,1,0.13333333333333333
2487,93977,17,0.9235,0.9244642877393184,1,0.23529411764705882
2488,93994,17,0.9235,0.9243718787669198,1,0.23529411764705882
2489,94009,15,0.9325,0.9329814065108396,1,0.13333333333333333
2490,94028,19,0.9145,0.9148642539531165,1,0.10526315789473684
2491,94049,21,0.9055,0.9060332293977643,1,0.09523809523809523
2492,94064,15,0.9325,0.9329054551693593,1,0.13333333333333333
2493,94079,15,0.9325,0.9329444385092818,1,0.13333333333333333
2494,94094,15,0.9325,0.932990246065296,1,0.13333333333333333
2495,94109,15,0.9325,0.9329782965217052,1,0.13333333333333333
2496,94124,15,0.9325,0.9328838847411874,1,0.13333333333333333
2497,94139,15,0.9325,0.9328347519579734,1,0.13333333333333333
2498,94154,15,0.9325,0.9329477029648725,1,0.13333333333333333
2499,94169,15,0.9325,0.9332518926321471,1,0.13333333333333333
2500,94184,15,0.9325,0.9329369245414784,1,0.13333333333333333
2501,94199,15,0.9325,0.932833270765212,1,0.13333333333333333
2502,94214,15,0.9325,0.9330323111143454,1,0.13333333333333333
2503,94239,25,0.8875,0.8879706571484997,1,0.08
2504,94254,15,0.9325,0.9328926357325169,1,0.13333333333333333
2505,94269,15,0.9325,0.9329442067876105,1,0.13333333333333333
2506,94284,15,0.9325,0.9329788438363769,1,0.13333333333333333
2507,94301,17,0.9235,0.9239169847397286,1,0.11764705882352941
2508,94316,15,0.9325,0.9327723742106782,1,0.13333333333333333
2509,94333,17,0.9235,0.9245074792436601,1,0.23529411764705882
2510,94350,17,0.9235,0.9242653434664297,1,0.23529411764705882
2511,94365,15,0.9325,0.9327879113334541,1,0.13333333333333333
2512,94382,17,0.9235,0.9241130589544017,1,0.23529411764705882
2513,94397,15,0.9325,0.9329233548594362,1,0.13333333333333333
2514,94422,25,0.8875,0.8880192806432157,1,0.08
2515,94446,24,0.892,0.8923412912088265,1,0.08333333333333333
2516,94461,15,0.9325,0.9328272859654813,1,0.13333333333333333
2517,94476,15,0.9325,0.9328667305085983,1,0.13333333333333333
2518,94491,15,0.9325,0.9329584881020132,1,0.13333333333333333
2519,94506,15,0.9325,0.9327937614561759,1,0.13333333333333333
2520,94525,19,0.9145,0.9149160964145596,1,0.10526315789473684
2521,94540,15,0.9325,0.9328721857911294,1,0.13333333333333333
2522,94557,17,0.9235,0.9238633459998086,1,0.11764705882352941
2523,94582,25,0.8875,0.8881072821267672,1,0.16
2524,94597,15,0.9325,0.932741523434744,1,0.13333333333333333
2525,94612,15,0.9325,0.9328207232052341,1,0.13333333333333333
2526,94627,15,0.9325,0.9329042945758076,1,0.13333333333333333
2527,94644,17,0.9235,0.9240369624430478,1,0.11764705882352941
2528,94659,15,0.9325,0.9327966329176502,1,0.13333333333333333
2529,94674,15,0.9325,0.9328592378866851,1,0.13333333333333333
2530,94691,17,0.9235,0.9239039517255847,1,0.11764705882352941
2531,94706,15,0.9325,0.9329653151591291,1,0.13333333333333333
2532,94721,15,0.9325,0.9328761478041538,1,0.13333333333333333
2533,94738,17,0.9235,0.9238854937701009,1,0.11764705882352941
2534,94759,21,0.9055,0.9059668193908398,1,0.09523809523809523
2535,94840,81,0.6355,0.6375804709044021,1,0.024691358024691357
2536,94861,21,0.9055,0.906000419985385,1,0.09523809523809523
2537,94876,15,0.9325,0.9329759872387717,1,0.13333333333333333
2538,94891,15,0.9325,0.9329267320716373,1,0.13333333333333333
2539,94906,15,0.9325,0.932854347500319,1,0.13333333333333333
2540,94923,17,0.9235,0.9237784035723186,1,0.11764705882352941
2541,94948,25,0.8875,0.8878791067323354,1,0.08
2542,94997,49,0.7795,0.780146678992124,1,0.04081632653061224
2543,95016,19,0.9145,0.91552300879046,1,0.3157894736842105
2544,95045,29,0.8694999999999999,0.8707259733877589,1,0.06896551724137931
2545,95064,19,0.9145,0.914900751244915,1,0.10526315789473684
2546,95083,19,0.9145,0.9150690951386745,1,0.10526315789473684
2547,95098,15,0.9325,0.9328135769408857,1,0.13333333333333333
2548,95121,23,0.8965,0.8975515695703387,1,0.2608695652173913
2549,95136,15,0.9325,0.9328122940884999,1,0.13333333333333333
2550,95151,15,0.9325,0.9328585138083757,1,0.13333333333333333
2551,95168,17,0.9235,0.923786409878125,1,0.11764705882352941
2552,95185,17,0.9235,0.9239496456432306,1,0.11764705882352941
2553,95200,15,0.9325,0.9327467872137096,1,0.13333333333333333
2554,95215,15,0.9325,0.9327808695054451,1,0.13333333333333333
2555,95230,15,0.9325,0.9327869704178472,1,0.13333333333333333
2556,95245,15,0.9325,0.9327734818258037,1,0.13333333333333333
2557,95260,15,0.9325,0.9328842689948809,1,0.13333333333333333
2558,95279,19,0.9145,0.9150625841381348,1,0.10526315789473684
2559,95296,17,0.9235,0.9239390583141336,1,0.11764705882352941
2560,95313,17,0.9235,0.9238653601106307,1,0.11764705882352941
2561,95330,17,0.9235,0.9241366121742222,1,0.23529411764705882
2562,95345,15,0.9325,0.9328474636779374,1,0.13333333333333333
2563,95360,15,0.9325,0.9328701096628096,1,0.13333333333333333
2564,95377,17,0.9235,0.9240860208578309,1,0.11764705882352941
2565,95392,15,0.9325,0.932853499860395,1,0.13333333333333333
2566,95407,15,0.9325,0.9327667061667491,1,0.13333333333333333
2567,95426,19,0.9145,0.9149760073692219,1,0.10526315789473684
2568,95441,15,0.9325,0.9328888854956072,1,0.13333333333333333
2569,95458,17,0.9235,0.9239109694674086,1,0.11764705882352941
2570,95473,15,0.9325,0.9328666361118115,1,0.13333333333333333
2571,95488,15,0.9325,0.9329811475180155,1,0.13333333333333333
2572,95503,15,0.9325,0.9329587753774696,1,0.13333333333333333
2573,95520,17,0.9235,0.9242219806520999,1,0.23529411764705882
2574,95535,15,0.9325,0.932784199635421,1,0.13333333333333333
2575,95550,15,0.9325,0.9328515872992087,1,0.13333333333333333
2576,95564,14,0.9369999999999999,0.9371154064214336,1,0.07142857142857142
2577,95579,15,0.9325,0.9327473887617814,1,0.13333333333333333
2578,95596,17,0.9235,0.9239424494189733,1,0.11764705882352941
2579,95611,15,0.9325,0.932760028330711,1,0.13333333333333333
2580,95628,17,0.9235,0.9238171763552798,1,0.11764705882352941
2581,95645,17,0.9235,0.9239839424753441,1,0.11764705882352941
2582,95660,15,0.9325,0.9329615242694078,1,0.13333333333333333
2583,95675,15,0.9325,0.9327875621342689,1,0.13333333333333333
2584,95694,19,0.9145,0.9148718126943324,1,0.10526315789473684
2585,95709,15,0.9325,0.9329227489494761,1,0.13333333333333333
2586,95726,17,0.9235,0.9239239945413477,1,0.11764705882352941
2587,95745,19,0.9145,0.9148778985262667,1,0.10526315789473684
2588,95762,17,0.9235,0.9239063271623493,1,0.11764705882352941
2589,95781,19,0.9145,0.914780438261667,1,0.10526315789473684
2590,95804,23,0.8965,0.8969838394111703,1,0.08695652173913043
2591,95819,15,0.9325,0.9327613968122946,1,0.13333333333333333
2592,95834,15,0.9325,0.9329537084966838,1,0.13333333333333333
2593,95853,19,0.9145,0.9151873275280696,1,0.21052631578947367
2594,95868,15,0.9325,0.9330093973451022,1,0.13333333333333333
2595,95883,15,0.9325,0.9327921732799124,1,0.13333333333333333
2596,95898,15,0.9325,0.9327330402790618,1,0.13333333333333333
2597,95913,15,0.9325,0.9328574892927901,1,0.13333333333333333
2598,95930,17,0.9235,0.923895676705931,1,0.11764705882352941
2599,95947,17,0.9235,0.9245999503223994,1,0.23529411764705882
2600,95962,15,0.9325,0.9328117019439254,1,0.13333333333333333
2601,95977,15,0.9325,0.9328116302818058,1,0.13333333333333333
2602,95992,15,0.9325,0.9328448950606246,1,0.13333333333333333
2603,96007,15,0.9325,0.9328804757975672,1,0.13333333333333333
2604,96022,15,0.9325,0.932727375208235,1,0.13333333333333333
2605,96037,15,0.9325,0.9329504590786261,1,0.13333333333333333
2606,96052,15,0.9325,0.9328662865483017,1,0.13333333333333333
2607,96067,15,0.9325,0.9328103884749124,1,0.13333333333333333
2608,96082,15,0.9325,0.9329024590443901,1,0.13333333333333333
2609,96101,19,0.9145,0.914839945000753,1,0.10526315789473684
2610,96116,15,0.9325,0.9328467987862389,1,0.13333333333333333
2611,96135,19,0.9145,0.9147673779180333,1,0.10526315789473684
2612,96150,15,0.9325,0.9327651499371415,1,0.13333333333333333
2613,96165,15,0.9325,0.9328945156683206,1,0.13333333333333333
2614,96180,15,0.9325,0.9329265424588452,1,0.13333333333333333
2615,96197,17,0.9235,0.9237468093035122,1,0.11764705882352941
2616,96212,15,0.9325,0.9327786952329388,1,0.13333333333333333
2617,96226,14,0.9369999999999999,0.937046780443287,1,0.07142857142857142
2618,96241,15,0.9325,0.9328277709226762,1,0.13333333333333333
2619,96258,17,0.9235,0.9237727718372674,1,0.11764705882352941
2620,96273,15,0.9325,0.9328112556324097,1,0.13333333333333333
2621,96290,17,0.9235,0.9240079669851156,1,0.11764705882352941
2622,96305,15,0.9325,0.9327236493876356,1,0.13333333333333333
2623,96320,15,0.9325,0.9327797466679792,1,0.13333333333333333
2624,96335,15,0.9325,0.9328551794340963,1,0.13333333333333333
2625,96350,15,0.9325,0.9329362071204224,1,0.13333333333333333
2626,96365,15,0.9325,0.9328527553362318,1,0.13333333333333333
2627,96380,15,0.9325,0.9329013828775764,1,0.13333333333333333
2628,96397,17,0.9235,0.9240267915552441,1,0.23529411764705882
2629,96412,15,0.9325,0.9328451441936713,1,0.13333333333333333
2630,96429,17,0.9235,0.923948083874755,1,0.23529411764705882
2631,96446,17,0.9235,0.9238345000705137,1,0.11764705882352941
2632,96461,15,0.9325,0.932793807374694,1,0.13333333333333333
2633,96476,15,0.9325,0.932927446829533,1,0.13333333333333333
2634,96491,15,0.9325,0.9328982367693486,1,0.13333333333333333
2635,96506,15,0.9325,0.9328002621787349,1,0.13333333333333333
2636,96523,17,0.9235,0.9242678763484025,1,0.23529411764705882
2637,96540,17,0.9235,0.9239524171231897,1,0.23529411764705882
2638,96555,15,0.9325,0.9327654842866996,1,0.13333333333333333
2639,96570,15,0.9325,0.9327722844082608,1,0.13333333333333333
2640,96585,15,0.9325,0.932871842343045,1,0.13333333333333333
2641,96600,15,0.9325,0.9328736129109428,1,0.13333333333333333
2642,96615,15,0.9325,0.9327635261175601,1,0.13333333333333333
2643,96632,17,0.9235,0.9238435783679378,1,0.11764705882352941
2644,96647,15,0.9325,0.9327758199891377,1,0.13333333333333333
2645,96664,17,0.9235,0.9238252499471433,1,0.11764705882352941
2646,96679,15,0.9325,0.9327987583450109,1,0.13333333333333333
2647,96694,15,0.9325,0.9328509031389308,1,0.13333333333333333
2648,96711,17,0.9235,0.9240795806810534,1,0.11764705882352941
2649,96726,15,0.9325,0.9327889590555493,1,0.13333333333333333
2650,96743,17,0.9235,0.9240793346628725,1,0.23529411764705882
2651,96758,15,0.9325,0.9330213169728492,1,0.13333333333333333
2652,96773,15,0.9325,0.9327676781243956,1,0.13333333333333333
2653,96788,15,0.9325,0.932753180939525,1,0.13333333333333333
2654,96805,17,0.9235,0.9237943097401123,1,0.11764705882352941
2655,96820,15,0.9325,0.9328350230859089,1,0.13333333333333333
2656,96835,15,0.9325,0.9328293990730602,1,0.13333333333333333
2657,96850,15,0.9325,0.9330995033690767,1,0.13333333333333333
2658,96867,17,0.9235,0.9238884997068727,1,0.11764705882352941
2659,96882,15,0.9325,0.9327524208095357,1,0.13333333333333333
2660,96897,15,0.9325,0.9328831793868723,1,0.13333333333333333
2661,96912,15,0.9325,0.9328803801711502,1,0.13333333333333333
2662,96933,21,0.9055,0.9058951543963135,1,0.09523809523809523
2663,96950,17,0.9235,0.9237715471561982,1,0.11764705882352941
2664,96965,15,0.9325,0.9327779911920837,1,0.13333333333333333
2665,96980,15,0.9325,0.9327169274778092,1,0.13333333333333333
2666,96997,17,0.9235,0.9237811277153063,1,0.11764705882352941
2667,97016,19,0.9145,0.9149918503209298,1,0.10526315789473684
2668,97033,17,0.9235,0.9237993657422182,1,0.11764705882352941
2669,97047,14,0.9369999999999999,0.9370650885183623,1,0.07142857142857142
2670,97062,15,0.9325,0.9328109613368729,1,0.13333333333333333
2671,97077,15,0.9325,0.9328167122143757,1,0.13333333333333333
2672,97094,17,0.9235,0.9237927277299796,1,0.11764705882352941
2673,97250,156,0.29799999999999993,0.29815182898527787,1,0.00641025641025641
2674,97280,30,0.865,0.8651350571715852,1,0.03333333333333333
2675,97297,17,0.9235,0.9239290375059638,1,0.11764705882352941
2676,97311,14,0.9369999999999999,0.9370587235934636,1,0.07142857142857142
2677,97326,15,0.9325,0.9327680315771015,1,0.13333333333333333
2678,97352,26,0.883,0.883048524524167,1,0.038461538461538464
2679,97369,17,0.9235,0.9241676504743085,1,0.23529411764705882
2680,97401,32,0.856,0.8560898406793492,1,0.03125
2681,97417,16,0.9279999999999999,0.9280596467490636,1,0.0625
2682,97435,18,0.919,0.9190511682706362,1,0.05555555555555555
2683,97457,22,0.901,0.901053381085604,1,0.045454545454545456
2684,97474,17,0.9235,0.9237649412482585,1,0.11764705882352941
2685,97491,17,0.9235,0.9243827929302756,1,0.23529411764705882
2686,97516,25,0.8875,0.8875633618181923,1,0.04
2687,97533,17,0.9235,0.9238893745901385,1,0.11764705882352941
2688,97565,32,0.856,0.85609855300303,1,0.03125
2689,97582,17,0.9235,0.923545099083509,1,0.058823529411764705
2690,97601,19,0.9145,0.9150440740001824,1,0.21052631578947367
2691,97618,17,0.9235,0.9238821382346933,1,0.11764705882352941
2692,97635,17,0.9235,0.923816847339993,1,0.11764705882352941
2693,97650,15,0.9325,0.9327698637751203,1,0.13333333333333333
2694,97668,18,0.919,0.9190595864579661,1,0.05555555555555555
2695,97682,14,0.9369999999999999,0.9370779493008153,1,0.07142857142857142
2696,97698,16,0.9279999999999999,0.9280479615211055,1,0.0625
2697,97713,15,0.9325,0.9328672008862763,1,0.13333333333333333
2698,97727,14,0.9369999999999999,0.9370444637873022,1,0.07142857142857142
2699,97744,17,0.9235,0.923535883116708,1,0.058823529411764705
2700,97763,19,0.9145,0.9147762895411036,1,0.10526315789473684
2701,97793,30,0.865,0.8650808732318714,1,0.03333333333333333
2702,97808,15,0.9325,0.9329077962478595,1,0.13333333333333333
2703,97825,17,0.9235,0.9240691390047862,1,0.23529411764705882
2704,97841,16,0.9279999999999999,0.9280633185410864,1,0.0625
2705,97856,15,0.9325,0.9328987949496502,1,0.13333333333333333
2706,97871,15,0.9325,0.9327897941275806,1,0.13333333333333333
2707,97887,16,0.9279999999999999,0.928036046902471,1,0.0625
2708,97902,15,0.9325,0.9327262011406333,1,0.13333333333333333
2709,97917,15,0.9325,0.9327161970986069,1,0.13333333333333333
2710,97932,15,0.9325,0.9327128854870829,1,0.13333333333333333
2711,97946,14,0.9369999999999999,0.9370651558952732,1,0.07142857142857142
2712,97966,20,0.91,0.9100922801498851,1,0.05
2713,97983,17,0.9235,0.923889164538596,1,0.11764705882352941
2714,97998,15,0.9325,0.9328423699497109,1,0.13333333333333333
2715,98020,22,0.901,0.901057958299595,1,0.045454545454545456
2716,98034,14,0.9369999999999999,0.9371131734550229,1,0.07142857142857142
2717,98048,14,0.9369999999999999,0.9370451564432283,1,0.07142857142857142
2718,98062,14,0.9369999999999999,0.9370829667049995,1,0.07142857142857142
2719,98078,16,0.9279999999999999,0.9282963446081142,1,0.1875
2720,98092,14,0.9369999999999999,0.9370507457227089,1,0.07142857142857142
2721,98106,14,0.9369999999999999,0.9370893327959073,1,0.07142857142857142
2722,98122,16,0.9279999999999999,0.9280494214616368,1,0.0625
2723,98136,14,0.9369999999999999,0.9370665817518462,1,0.07142857142857142
2724,98150,14,0.9369999999999999,0.937052677448473,1,0.07142857142857142
2725,98164,14,0.9369999999999999,0.937075016741023,1,0.07142857142857142
2726,98180,16,0.9279999999999999,0.9281310071569528,1,0.0625
2727,98196,16,0.9279999999999999,0.9282226130105229,1,0.1875
2728,98212,16,0.9279999999999999,0.9280894082336311,1,0.0625
2729,98230,18,0.919,0.9193237996539648,1,0.16666666666666666
2730,98248,18,0.919,0.9190371739236405,1,0.05555555555555555
2731,98264,16,0.9279999999999999,0.9280457993897006,1,0.0625
2732,98278,14,0.9369999999999999,0.937045651109646,1,0.07142857142857142
2733,98294,16,0.9279999999999999,0.9280741181395707,1,0.0625
2734,98319,25,0.8875,0.8875788096333542,1,0.04
2735,98333,14,0.9369999999999999,0.9370947488168692,1,0.07142857142857142
2736,98347,14,0.9369999999999999,0.9371077392319139,1,0.07142857142857142
2737,98363,16,0.9279999999999999,0.928087686294969,1,0.0625
2738,98377,14,0.9369999999999999,0.9370417119142742,1,0.07142857142857142
2739,98393,16,0.9279999999999999,0.9280433013579681,1,0.0625
2740,98407,14,0.9369999999999999,0.937070622454761,1,0.07142857142857142
2741,98421,14,0.9369999999999999,0.9370401064698355,1,0.07142857142857142
2742,98437,16,0.9279999999999999,0.9280368279523598,1,0.0625
2743,98453,16,0.9279999999999999,0.9280358274177012,1,0.0625
2744,98469,16,0.9279999999999999,0.9281071030016254,1,0.0625
2745,98485,16,0.9279999999999999,0.9280682344464705,1,0.0625
2746,98499,14,0.9369999999999999,0.9370667886411675,1,0.07142857142857142
2747,98513,14,0.9369999999999999,0.9370486633721894,1,0.07142857142857142
2748,98527,14,0.9369999999999999,0.9370874686916802,1,0.07142857142857142
2749,98543,16,0.9279999999999999,0.9280543719702049,1,0.0625
2750,98559,16,0.9279999999999999,0.9280361995173713,1,0.0625
2751,98575,16,0.9279999999999999,0.928218239550638,1,0.1875
2752,98589,14,0.9369999999999999,0.93710106737308,1,0.07142857142857142
2753,98609,20,0.91,0.9100996613049391,1,0.05
2754,98623,14,0.9369999999999999,0.9370772208238451,1,0.07142857142857142
2755,98637,14,0.9369999999999999,0.9370480028536643,1,0.07142857142857142
2756,98651,14,0.9369999999999999,0.9370654445414262,1,0.07142857142857142
2757,98665,14,0.9369999999999999,0.9370284326277699,1,0.07142857142857142
2758,98679,14,0.9369999999999999,0.9370350832582575,1,0.07142857142857142
2759,98693,14,0.9369999999999999,0.9370698790918057,1,0.07142857142857142
2760,98707,14,0.9369999999999999,0.9370945206905691,1,0.07142857142857142
2761,98723,16,0.9279999999999999,0.9280726726728371,1,0.0625
2762,98737,14,0.9369999999999999,0.9370917845904614,1,0.07142857142857142
2763,98751,14,0.9369999999999999,0.9370457491119822,1,0.07142857142857142
2764,98765,14,0.9369999999999999,0.9371216916908828,1,0.07142857142857142
2765,98783,18,0.919,0.9190610644103122,1,0.05555555555555555
2766,98799,16,0.9279999999999999,0.9282123627142278,1,0.1875
2767,98813,14,0.9369999999999999,0.9370336773857939,1,0.07142857142857142
2768,98827,14,0.9369999999999999,0.9370958835489281,1,0.07142857142857142
2769,98843,16,0.9279999999999999,0.9280738295708532,1,0.0625
2770,98857,14,0.9369999999999999,0.9370611811459885,1,0.07142857142857142
2771,98871,14,0.9369999999999999,0.9371259050810637,1,0.07142857142857142
2772,98885,14,0.9369999999999999,0.9370557498111267,1,0.07142857142857142
2773,98899,14,0.9369999999999999,0.9370494924488387,1,0.07142857142857142
2774,98913,14,0.9369999999999999,0.9370594657710992,1,0.07142857142857142
2775,98927,14,0.9369999999999999,0.9370342173008582,1,0.07142857142857142
2776,98941,14,0.9369999999999999,0.9371122741412733,1,0.07142857142857142
2777,98961,20,0.91,0.9100481611090913,1,0.05
2778,98975,14,0.9369999999999999,0.9370386504053532,1,0.07142857142857142
2779,98991,16,0.9279999999999999,0.9280930708482045,1,0.0625
2780,99005,14,0.9369999999999999,0.9370620654598404,1,0.07142857142857142
2781,99019,14,0.9369999999999999,0.9370404656089873,1,0.07142857142857142
2782,99043,24,0.892,0.8920868516379019,1,0.041666666666666664
2783,99057,14,0.9369999999999999,0.9370952623557247,1,0.07142857142857142
2784,99077,20,0.91,0.9100934850146543,1,0.05
2785,99095,18,0.919,0.9190507232295279,1,0.05555555555555555
2786,99109,14,0.9369999999999999,0.9370427858539901,1,0.07142857142857142
2787,99127,18,0.919,0.9190427995714737,1,0.05555555555555555
2788,99141,14,0.9369999999999999,0.9371087703444384,1,0.07142857142857142
2789,99159,18,0.919,0.9190463831094344,1,0.05555555555555555
2790,99173,14,0.9369999999999999,0.9370489215528923,1,0.07142857142857142
2791,99187,14,0.9369999999999999,0.9370339123252855,1,0.07142857142857142
2792,99201,14,0.9369999999999999,0.9370593256055085,1,0.07142857142857142
2793,99215,14,0.9369999999999999,0.9370609666089346,1,0.07142857142857142
2794,99229,14,0.9369999999999999,0.9371286338838745,1,0.07142857142857142
2795,99243,14,0.9369999999999999,0.9370627435536829,1,0.07142857142857142
2796,99260,17,0.9235,0.9237719930381003,1,0.11764705882352941
2797,99276,16,0.9279999999999999,0.9280363417699601,1,0.0625
2798,99290,14,0.9369999999999999,0.9371255930605132,1,0.07142857142857142
2799,99306,16,0.9279999999999999,0.9280713844788159,1,0.0625
2800,99320,14,0.9369999999999999,0.9370293703060321,1,0.07142857142857142
2801,99336,16,0.9279999999999999,0.9280803019348735,1,0.0625
2802,99350,14,0.9369999999999999,0.9371065423794235,1,0.07142857142857142
2803,99368,18,0.919,0.919119790074981,1,0.05555555555555555
2804,99383,15,0.9325,0.9326078745285039,1,0.06666666666666667
2805,99397,14,0.9369999999999999,0.9370629063691047,1,0.07142857142857142
2806,99411,14,0.9369999999999999,0.9370573128674733,1,0.07142857142857142
2807,99425,14,0.9369999999999999,0.9370564032561637,1,0.07142857142857142
2808,99497,72,0.6759999999999999,0.6763107554810825,1,0.041666666666666664
2809,99513,16,0.9279999999999999,0.9280477929488326,1,0.0625
2810,99527,14,0.9369999999999999,0.9370580562860371,1,0.07142857142857142
2811,99543,16,0.9279999999999999,0.9280495375919391,1,0.0625
2812,99559,16,0.9279999999999999,0.928290871357099,1,0.1875
2813,99573,14,0.9369999999999999,0.9370567285850161,1,0.07142857142857142
2814,99616,43,0.8065,0.8065812594438487,1,0.023255813953488372
2815,99630,14,0.9369999999999999,0.9370506007087614,1,0.07142857142857142
2816,99644,14,0.9369999999999999,0.9371182162374287,1,0.07142857142857142
2817,99658,14,0.9369999999999999,0.9370423478430495,1,0.07142857142857142
2818,99672,14,0.9369999999999999,0.9370451438829922,1,0.07142857142857142
2819,99686,14,0.9369999999999999,0.9370442005950764,1,0.07142857142857142
2820,99704,18,0.919,0.9190383771378039,1,0.05555555555555555
2821,99720,16,0.9279999999999999,0.9282477251366796,1,0.1875
2822,99744,24,0.892,0.8920607141035956,1,0.041666666666666664
2823,99758,14,0.9369999999999999,0.9371197401097673,1,0.07142857142857142
2824,99780,22,0.901,0.9010837566567211,1,0.045454545454545456
2825,99808,28,0.874,0.8741586641700493,1,0.03571428571428571
2826,99826,18,0.919,0.91906917822231,1,0.05555555555555555
2827,99842,16,0.9279999999999999,0.9280631627528803,1,0.0625
2828,99856,14,0.9369999999999999,0.937130259755022,1,0.07142857142857142
2829,99870,14,0.9369999999999999,0.9370467677371755,1,0.07142857142857142
2830,99884,14,0.9369999999999999,0.9370965843015128,1,0.07142857142857142
2831,99898,14,0.9369999999999999,0.9370824330970962,1,0.07142857142857142
2832,99912,14,0.9369999999999999,0.9370556872771807,1,0.07142857142857142
2833,99926,14,0.9369999999999999,0.9370598473344622,1,0.07142857142857142
2834,99940,14,0.9369999999999999,0.9370375177394835,1,0.07142857142857142
2835,99956,16,0.9279999999999999,0.9280360891513828,1,0.0625
2836,99978,22,0.901,0.9010828805516595,1,0.045454545454545456
2837,99998,20,0.91,0.9100362711232706,1,0.05
