step,tv_fraction_block,tv_fraction_cumulative,position_coverage,unique_positions,unique_abstract_states,unique_observations,rnd_error_inside,rnd_error_outside,intrinsic_raw_inside,intrinsic_raw_outside,intrinsic_normalized_inside,intrinsic_normalized_outside,mean_q_loss,mean_rnd_loss,method,beta,seed,label
1000,0.187,0.187,0.4411764705882353,30,100,99,,,,,,,0.0024639833718538,,dqn,0.0,0,DQN
2000,0.149,0.168,0.5147058823529411,35,130,128,,,,,,,0.0008479285137145,,dqn,0.0,0,DQN
3000,0.08,0.1386666666666666,0.8382352941176471,57,215,207,,,,,,,0.000101050587722,,dqn,0.0,0,DQN
4000,0.192,0.152,0.8382352941176471,57,215,207,,,,,,,4.5570170582323046e-05,,dqn,0.0,0,DQN
5000,0.151,0.1518,0.8823529411764706,60,230,222,,,,,,,2.2469898349754657e-05,,dqn,0.0,0,DQN
6000,0.147,0.151,0.8823529411764706,60,231,223,,,,,,,1.6767012997888743e-05,,dqn,0.0,0,DQN
7000,0.097,0.1432857142857143,0.8823529411764706,60,231,223,,,,,,,1.84758710040569e-05,,dqn,0.0,0,DQN
8000,0.112,0.139375,0.8823529411764706,60,232,224,,,,,,,3.882196087965895e-05,,dqn,0.0,0,DQN
9000,0.128,0.1381111111111111,0.8823529411764706,60,232,224,,,,,,,3.3004513429204965e-05,,dqn,0.0,0,DQN
10000,0.114,0.1357,0.8823529411764706,60,232,224,,,,,,,2.866608789577185e-05,,dqn,0.0,0,DQN
11000,0.078,0.1304545454545454,0.8823529411764706,60,232,224,,,,,,,2.51900442766555e-05,,dqn,0.0,0,DQN
12000,0.083,0.1265,0.9411764705882352,64,243,233,,,,,,,4.1704298148943054e-05,,dqn,0.0,0,DQN
13000,0.111,0.1253076923076923,0.9411764705882352,64,243,233,,,,,,,7.2897365724657e-05,,dqn,0.0,0,DQN
14000,0.085,0.1224285714285714,0.9411764705882352,64,243,233,,,,,,,8.567776618019707e-05,,dqn,0.0,0,DQN
15000,0.072,0.1190666666666666,0.9558823529411764,65,250,239,,,,,,,0.0001064105542673,,dqn,0.0,0,DQN
16000,0.091,0.1173125,0.9705882352941176,66,254,243,,,,,,,0.0001578334447058,,dqn,0.0,0,DQN
17000,0.027,0.112,0.9852941176470588,67,259,248,,,,,,,0.0001895341297549,,dqn,0.0,0,DQN
18000,0.053,0.1087222222222222,1.0,68,265,254,,,,,,,0.0002542300276963,,dqn,0.0,0,DQN
19000,0.054,0.1058421052631578,1.0,68,266,255,,,,,,,0.0003290304111833,,dqn,0.0,0,DQN
20000,0.047,0.1029,1.0,68,270,258,,,,,,,0.0003561256382636,,dqn,0.0,0,DQN
21000,0.06,0.1008571428571428,1.0,68,270,258,,,,,,,0.0004317292130526,,dqn,0.0,0,DQN
22000,0.028,0.0975454545454545,1.0,68,270,258,,,,,,,0.0004862498413458,,dqn,0.0,0,DQN
23000,0.047,0.0953478260869565,1.0,68,270,258,,,,,,,0.0004332751107649,,dqn,0.0,0,DQN
24000,0.147,0.0975,1.0,68,271,259,,,,,,,0.000461220539415,,dqn,0.0,0,DQN
25000,0.017,0.09428,1.0,68,271,259,,,,,,,0.0003949389858062,,dqn,0.0,0,DQN
26000,0.035,0.092,1.0,68,271,259,,,,,,,0.0004375267676732,,dqn,0.0,0,DQN
27000,0.047,0.0903333333333333,1.0,68,271,259,,,,,,,0.0002783238337633,,dqn,0.0,0,DQN
28000,0.022,0.0878928571428571,1.0,68,271,259,,,,,,,0.0002432355591099,,dqn,0.0,0,DQN
29000,0.047,0.0864827586206896,1.0,68,271,259,,,,,,,0.0001755425815726,,dqn,0.0,0,DQN
30000,0.047,0.0851666666666666,1.0,68,271,259,,,,,,,0.0001505850384019,,dqn,0.0,0,DQN
31000,0.02,0.0830645161290322,1.0,68,271,259,,,,,,,0.0001392762008435,,dqn,0.0,0,DQN
32000,0.097,0.0835,1.0,68,271,259,,,,,,,0.0001112483099113,,dqn,0.0,0,DQN
33000,0.022,0.0816363636363636,1.0,68,271,259,,,,,,,0.0001051194110796,,dqn,0.0,0,DQN
34000,0.025,0.0799705882352941,1.0,68,271,259,,,,,,,7.889228139129045e-05,,dqn,0.0,0,DQN
35000,0.01,0.0779714285714285,1.0,68,271,259,,,,,,,7.506691088929074e-05,,dqn,0.0,0,DQN
36000,0.028,0.0765833333333333,1.0,68,271,259,,,,,,,6.862525330825519e-05,,dqn,0.0,0,DQN
37000,0.02,0.075054054054054,1.0,68,271,259,,,,,,,5.892181062108648e-05,,dqn,0.0,0,DQN
38000,0.01,0.0733421052631578,1.0,68,271,259,,,,,,,5.307086307993814e-05,,dqn,0.0,0,DQN
39000,0.033,0.0723076923076923,1.0,68,271,259,,,,,,,5.186769047122652e-05,,dqn,0.0,0,DQN
40000,0.033,0.071325,1.0,68,271,259,,,,,,,4.9545523085839706e-05,,dqn,0.0,0,DQN
41000,0.052,0.0708536585365853,1.0,68,271,259,,,,,,,5.183441346071049e-05,,dqn,0.0,0,DQN
42000,0.046,0.0702619047619047,1.0,68,271,259,,,,,,,4.6590528046408505e-05,,dqn,0.0,0,DQN
43000,0.012,0.068906976744186,1.0,68,271,259,,,,,,,5.624260655122271e-05,,dqn,0.0,0,DQN
44000,0.016,0.0677045454545454,1.0,68,271,259,,,,,,,5.972376003182944e-05,,dqn,0.0,0,DQN
45000,0.016,0.0665555555555555,1.0,68,271,259,,,,,,,5.034044819126393e-05,,dqn,0.0,0,DQN
46000,0.026,0.0656739130434782,1.0,68,271,259,,,,,,,3.981116469799417e-05,,dqn,0.0,0,DQN
47000,0.119,0.0668085106382978,1.0,68,271,259,,,,,,,4.249783304203447e-05,,dqn,0.0,0,DQN
48000,0.021,0.0658541666666666,1.0,68,271,259,,,,,,,4.403740178895532e-05,,dqn,0.0,0,DQN
49000,0.012,0.0647551020408163,1.0,68,271,259,,,,,,,4.0097158829325965e-05,,dqn,0.0,0,DQN
50000,0.032,0.0641,1.0,68,271,259,,,,,,,5.576670519440085e-05,,dqn,0.0,0,DQN
51000,0.017,0.0631764705882352,1.0,68,271,259,,,,,,,3.791778843174143e-05,,dqn,0.0,0,DQN
52000,0.005,0.0620576923076923,1.0,68,271,259,,,,,,,4.4959272963637886e-05,,dqn,0.0,0,DQN
53000,0.094,0.0626603773584905,1.0,68,271,259,,,,,,,3.832042724002349e-05,,dqn,0.0,0,DQN
54000,0.005,0.0615925925925925,1.0,68,271,259,,,,,,,3.965403233678444e-05,,dqn,0.0,0,DQN
55000,0.012,0.060690909090909,1.0,68,271,259,,,,,,,4.8151430544749016e-05,,dqn,0.0,0,DQN
56000,0.237,0.0638392857142857,1.0,68,271,259,,,,,,,4.253656854484688e-05,,dqn,0.0,0,DQN
57000,0.158,0.0654912280701754,1.0,68,271,259,,,,,,,4.737177738218179e-05,,dqn,0.0,0,DQN
58000,0.145,0.0668620689655172,1.0,68,271,259,,,,,,,4.4640768993076566e-05,,dqn,0.0,0,DQN
59000,0.111,0.0676101694915254,1.0,68,271,259,,,,,,,4.555122749059137e-05,,dqn,0.0,0,DQN
60000,0.037,0.0671,1.0,68,271,259,,,,,,,4.612447091449212e-05,,dqn,0.0,0,DQN
61000,0.014,0.0662295081967213,1.0,68,271,259,,,,,,,5.406218763687321e-05,,dqn,0.0,0,DQN
62000,0.039,0.0657903225806451,1.0,68,271,259,,,,,,,4.503450957156474e-05,,dqn,0.0,0,DQN
63000,0.068,0.0658253968253968,1.0,68,271,259,,,,,,,5.707026291543116e-05,,dqn,0.0,0,DQN
64000,0.081,0.0660625,1.0,68,271,259,,,,,,,5.644848986185025e-05,,dqn,0.0,0,DQN
65000,0.022,0.0653846153846153,1.0,68,271,259,,,,,,,6.507943510132463e-05,,dqn,0.0,0,DQN
66000,0.005,0.0644696969696969,1.0,68,271,259,,,,,,,5.840613658642724e-05,,dqn,0.0,0,DQN
67000,0.02,0.0638059701492537,1.0,68,271,259,,,,,,,4.794711978956911e-05,,dqn,0.0,0,DQN
68000,0.445,0.0694117647058823,1.0,68,271,259,,,,,,,3.783754424239305e-05,,dqn,0.0,0,DQN
69000,0.028,0.0688115942028985,1.0,68,271,259,,,,,,,4.944789197759292e-05,,dqn,0.0,0,DQN
70000,0.012,0.068,1.0,68,271,259,,,,,,,5.937848041230609e-05,,dqn,0.0,0,DQN
71000,0.038,0.0675774647887323,1.0,68,271,259,,,,,,,5.9403746020507245e-05,,dqn,0.0,0,DQN
72000,0.02,0.0669166666666666,1.0,68,271,259,,,,,,,7.877253883475532e-05,,dqn,0.0,0,DQN
73000,0.01,0.0661369863013698,1.0,68,271,259,,,,,,,8.019582571591855e-05,,dqn,0.0,0,DQN
74000,0.026,0.0655945945945945,1.0,68,271,259,,,,,,,0.0001023422763746,,dqn,0.0,0,DQN
75000,0.252,0.06808,1.0,68,271,259,,,,,,,9.764184553228004e-05,,dqn,0.0,0,DQN
76000,0.181,0.0695657894736842,1.0,68,271,259,,,,,,,0.0001087590816873,,dqn,0.0,0,DQN
77000,0.405,0.0739220779220779,1.0,68,271,259,,,,,,,0.0001082707538176,,dqn,0.0,0,DQN
78000,0.392,0.078,1.0,68,271,259,,,,,,,0.0001183183004463,,dqn,0.0,0,DQN
79000,0.646,0.0851898734177215,1.0,68,271,259,,,,,,,0.0001622323353608,,dqn,0.0,0,DQN
80000,0.041,0.0846375,1.0,68,271,259,,,,,,,0.0001522166844392,,dqn,0.0,0,DQN
81000,0.042,0.0841111111111111,1.0,68,271,259,,,,,,,0.0001977546117345,,dqn,0.0,0,DQN
82000,0.14,0.0847926829268292,1.0,68,271,259,,,,,,,0.0001857455592166,,dqn,0.0,0,DQN
83000,0.125,0.0852771084337349,1.0,68,271,259,,,,,,,0.000171767325306,,dqn,0.0,0,DQN
84000,0.1,0.0854523809523809,1.0,68,271,259,,,,,,,0.0001717460678287,,dqn,0.0,0,DQN
85000,0.034,0.0848470588235294,1.0,68,271,259,,,,,,,0.0002294270144411,,dqn,0.0,0,DQN
86000,0.046,0.0843953488372093,1.0,68,271,259,,,,,,,0.0002356285127862,,dqn,0.0,0,DQN
87000,0.051,0.0840114942528735,1.0,68,271,259,,,,,,,0.0002447412909587,,dqn,0.0,0,DQN
88000,0.042,0.0835340909090909,1.0,68,271,259,,,,,,,0.0001936616582174,,dqn,0.0,0,DQN
89000,0.038,0.0830224719101123,1.0,68,271,259,,,,,,,0.0001950902586636,,dqn,0.0,0,DQN
90000,0.144,0.0837,1.0,68,271,259,,,,,,,0.0001811230643602,,dqn,0.0,0,DQN
91000,0.128,0.0841868131868131,1.0,68,271,259,,,,,,,0.0001891517686822,,dqn,0.0,0,DQN
92000,0.049,0.0838043478260869,1.0,68,271,259,,,,,,,0.0002517519457878,,dqn,0.0,0,DQN
93000,0.126,0.084258064516129,1.0,68,271,259,,,,,,,0.0001702990276128,,dqn,0.0,0,DQN
94000,0.126,0.0847021276595744,1.0,68,271,259,,,,,,,0.0002041660691038,,dqn,0.0,0,DQN
95000,0.066,0.0845052631578947,1.0,68,271,259,,,,,,,0.0002479725764087,,dqn,0.0,0,DQN
96000,0.123,0.08490625,1.0,68,271,259,,,,,,,0.0002384524195688,,dqn,0.0,0,DQN
97000,0.087,0.0849278350515463,1.0,68,271,259,,,,,,,0.0002206667435357,,dqn,0.0,0,DQN
98000,0.115,0.085234693877551,1.0,68,271,259,,,,,,,0.0001961369055777,,dqn,0.0,0,DQN
99000,0.036,0.0847373737373737,1.0,68,271,259,,,,,,,0.0002201221194886,,dqn,0.0,0,DQN
100000,0.06,0.08449,1.0,68,271,259,,,,,,,0.0002273444927843,,dqn,0.0,0,DQN
1000,0.16,0.16,0.7352941176470589,50,171,166,,,,,,,0.0083951074630022,,dqn,0.0,1,DQN
2000,0.137,0.1485,0.8382352941176471,57,200,192,,,,,,,0.0020143715640006,,dqn,0.0,1,DQN
3000,0.135,0.144,0.9264705882352942,63,233,225,,,,,,,6.851848171208985e-05,,dqn,0.0,1,DQN
4000,0.198,0.1575,0.9264705882352942,63,234,226,,,,,,,1.1569046715976582e-05,,dqn,0.0,1,DQN
5000,0.1,0.146,0.9411764705882352,64,245,235,,,,,,,6.143011318499703e-06,,dqn,0.0,1,DQN
6000,0.186,0.1526666666666666,0.9411764705882352,64,247,237,,,,,,,3.506811638885665e-06,,dqn,0.0,1,DQN
7000,0.215,0.1615714285714285,0.9411764705882352,64,247,237,,,,,,,2.033097466977552e-06,,dqn,0.0,1,DQN
8000,0.105,0.1545,0.9852941176470588,67,264,252,,,,,,,1.8690594505414992e-06,,dqn,0.0,1,DQN
9000,0.179,0.1572222222222222,1.0,68,265,253,,,,,,,1.0144772719371531e-05,,dqn,0.0,1,DQN
10000,0.161,0.1576,1.0,68,268,256,,,,,,,8.938946496016342e-06,,dqn,0.0,1,DQN
11000,0.201,0.1615454545454545,1.0,68,269,257,,,,,,,2.100444513064304e-05,,dqn,0.0,1,DQN
12000,0.175,0.1626666666666666,1.0,68,269,257,,,,,,,2.1422472032782025e-05,,dqn,0.0,1,DQN
13000,0.187,0.1645384615384615,1.0,68,269,257,,,,,,,2.962729829403088e-05,,dqn,0.0,1,DQN
14000,0.182,0.1657857142857143,1.0,68,269,257,,,,,,,3.47131244003549e-05,,dqn,0.0,1,DQN
15000,0.094,0.161,1.0,68,270,258,,,,,,,5.5022898163315405e-05,,dqn,0.0,1,DQN
16000,0.065,0.155,1.0,68,270,258,,,,,,,8.885908382262642e-05,,dqn,0.0,1,DQN
17000,0.072,0.1501176470588235,1.0,68,270,258,,,,,,,0.0001086719045588,,dqn,0.0,1,DQN
18000,0.146,0.1498888888888888,1.0,68,270,258,,,,,,,0.0001363301431956,,dqn,0.0,1,DQN
19000,0.129,0.1487894736842105,1.0,68,271,259,,,,,,,0.0001751885676403,,dqn,0.0,1,DQN
20000,0.132,0.14795,1.0,68,271,259,,,,,,,0.000233058352529,,dqn,0.0,1,DQN
21000,0.126,0.1469047619047619,1.0,68,271,259,,,,,,,0.0002895618917791,,dqn,0.0,1,DQN
22000,0.066,0.1432272727272727,1.0,68,271,259,,,,,,,0.0003869606672633,,dqn,0.0,1,DQN
23000,0.07,0.1400434782608695,1.0,68,271,259,,,,,,,0.0004924614394694,,dqn,0.0,1,DQN
24000,0.032,0.1355416666666666,1.0,68,271,259,,,,,,,0.0005177908521036,,dqn,0.0,1,DQN
25000,0.024,0.13108,1.0,68,271,259,,,,,,,0.0004501937788227,,dqn,0.0,1,DQN
26000,0.028,0.1271153846153846,1.0,68,271,259,,,,,,,0.0004082468753949,,dqn,0.0,1,DQN
27000,0.016,0.123,1.0,68,271,259,,,,,,,0.0003414908335453,,dqn,0.0,1,DQN
28000,0.007,0.1188571428571428,1.0,68,271,259,,,,,,,0.0003089324600969,,dqn,0.0,1,DQN
29000,0.03,0.1157931034482758,1.0,68,271,259,,,,,,,0.0002644329767063,,dqn,0.0,1,DQN
30000,0.018,0.1125333333333333,1.0,68,271,259,,,,,,,0.000227280237681,,dqn,0.0,1,DQN
31000,0.132,0.1131612903225806,1.0,68,271,259,,,,,,,0.0001960626540148,,dqn,0.0,1,DQN
32000,0.043,0.11096875,1.0,68,271,259,,,,,,,0.0001692400424471,,dqn,0.0,1,DQN
33000,0.041,0.1088484848484848,1.0,68,271,259,,,,,,,0.0001619637093008,,dqn,0.0,1,DQN
34000,0.011,0.1059705882352941,1.0,68,271,259,,,,,,,0.0001125909839302,,dqn,0.0,1,DQN
35000,0.015,0.1033714285714285,1.0,68,271,259,,,,,,,0.0001160804151068,,dqn,0.0,1,DQN
36000,0.044,0.1017222222222222,1.0,68,271,259,,,,,,,0.0001086476082182,,dqn,0.0,1,DQN
37000,0.019,0.0994864864864864,1.0,68,271,259,,,,,,,0.0001121720033688,,dqn,0.0,1,DQN
38000,0.029,0.0976315789473684,1.0,68,271,259,,,,,,,0.0001050987632124,,dqn,0.0,1,DQN
39000,0.021,0.0956666666666666,1.0,68,271,259,,,,,,,8.762151235441706e-05,,dqn,0.0,1,DQN
40000,0.282,0.100325,1.0,68,271,259,,,,,,,8.75781351569458e-05,,dqn,0.0,1,DQN
41000,0.036,0.0987560975609756,1.0,68,271,259,,,,,,,8.52682874083257e-05,,dqn,0.0,1,DQN
42000,0.048,0.097547619047619,1.0,68,271,259,,,,,,,9.617187941421434e-05,,dqn,0.0,1,DQN
43000,0.011,0.0955348837209302,1.0,68,271,259,,,,,,,7.015045361004013e-05,,dqn,0.0,1,DQN
44000,0.014,0.0936818181818181,1.0,68,271,259,,,,,,,7.701541539199753e-05,,dqn,0.0,1,DQN
45000,0.02,0.0920444444444444,1.0,68,271,259,,,,,,,8.030604589703216e-05,,dqn,0.0,1,DQN
46000,0.039,0.0908913043478261,1.0,68,271,259,,,,,,,7.969437439487593e-05,,dqn,0.0,1,DQN
47000,0.01,0.0891702127659574,1.0,68,271,259,,,,,,,9.267914328847836e-05,,dqn,0.0,1,DQN
48000,0.01,0.0875208333333333,1.0,68,271,259,,,,,,,7.286598626888008e-05,,dqn,0.0,1,DQN
49000,0.435,0.0946122448979591,1.0,68,271,259,,,,,,,9.41695912679279e-05,,dqn,0.0,1,DQN
50000,0.159,0.0959,1.0,68,271,259,,,,,,,8.410716068283364e-05,,dqn,0.0,1,DQN
51000,0.04,0.0948039215686274,1.0,68,271,259,,,,,,,7.314752581214634e-05,,dqn,0.0,1,DQN
52000,0.103,0.0949615384615384,1.0,68,271,259,,,,,,,0.0001259980213162,,dqn,0.0,1,DQN
53000,0.083,0.0947358490566037,1.0,68,271,259,,,,,,,0.0001421749679798,,dqn,0.0,1,DQN
54000,0.215,0.0969629629629629,1.0,68,271,259,,,,,,,0.0001688099357215,,dqn,0.0,1,DQN
55000,0.128,0.0975272727272727,1.0,68,271,259,,,,,,,0.0001782890916788,,dqn,0.0,1,DQN
56000,0.168,0.0987857142857142,1.0,68,271,259,,,,,,,0.0002465365183743,,dqn,0.0,1,DQN
57000,0.041,0.0977719298245614,1.0,68,271,259,,,,,,,0.0002680155405869,,dqn,0.0,1,DQN
58000,0.133,0.0983793103448275,1.0,68,271,259,,,,,,,0.0002764928407395,,dqn,0.0,1,DQN
59000,0.085,0.0981525423728813,1.0,68,271,259,,,,,,,0.0002970974254976,,dqn,0.0,1,DQN
60000,0.03,0.0970166666666666,1.0,68,271,259,,,,,,,0.0003441095181324,,dqn,0.0,1,DQN
61000,0.025,0.0958360655737704,1.0,68,271,259,,,,,,,0.0003468681287613,,dqn,0.0,1,DQN
62000,0.073,0.0954677419354838,1.0,68,271,259,,,,,,,0.000374901725605,,dqn,0.0,1,DQN
63000,0.049,0.0947301587301587,1.0,68,271,259,,,,,,,0.0003902163436432,,dqn,0.0,1,DQN
64000,0.018,0.09353125,1.0,68,271,259,,,,,,,0.0003577225424978,,dqn,0.0,1,DQN
65000,0.052,0.0928923076923076,1.0,68,271,259,,,,,,,0.00041135275339,,dqn,0.0,1,DQN
66000,0.067,0.0925,1.0,68,271,259,,,,,,,0.0003948279569794,,dqn,0.0,1,DQN
67000,0.024,0.0914776119402985,1.0,68,271,259,,,,,,,0.0003496683578314,,dqn,0.0,1,DQN
68000,0.055,0.0909411764705882,1.0,68,271,259,,,,,,,0.0003310801942889,,dqn,0.0,1,DQN
69000,0.045,0.0902753623188405,1.0,68,271,259,,,,,,,0.0002889494129367,,dqn,0.0,1,DQN
70000,0.126,0.0907857142857142,1.0,68,271,259,,,,,,,0.0003002577067463,,dqn,0.0,1,DQN
71000,0.397,0.0950985915492957,1.0,68,271,259,,,,,,,0.0002843250326468,,dqn,0.0,1,DQN
72000,0.039,0.0943194444444444,1.0,68,271,259,,,,,,,0.0003191378041401,,dqn,0.0,1,DQN
73000,0.057,0.0938082191780821,1.0,68,271,259,,,,,,,0.0002926861978498,,dqn,0.0,1,DQN
74000,0.022,0.0928378378378378,1.0,68,271,259,,,,,,,0.0002636363660749,,dqn,0.0,1,DQN
75000,0.041,0.0921466666666666,1.0,68,271,259,,,,,,,0.0003081492797709,,dqn,0.0,1,DQN
76000,0.009,0.0910526315789473,1.0,68,271,259,,,,,,,0.0002605404024161,,dqn,0.0,1,DQN
77000,0.05,0.0905194805194805,1.0,68,271,259,,,,,,,0.0002836118858626,,dqn,0.0,1,DQN
78000,0.389,0.0943461538461538,1.0,68,271,259,,,,,,,0.0003018051076314,,dqn,0.0,1,DQN
79000,0.08,0.0941645569620253,1.0,68,271,259,,,,,,,0.0002965227111844,,dqn,0.0,1,DQN
80000,0.041,0.0935,1.0,68,271,259,,,,,,,0.0003235746296577,,dqn,0.0,1,DQN
81000,0.038,0.0928148148148148,1.0,68,271,259,,,,,,,0.0003407553195079,,dqn,0.0,1,DQN
82000,0.076,0.0926097560975609,1.0,68,271,259,,,,,,,0.0003216539721797,,dqn,0.0,1,DQN
83000,0.089,0.0925662650602409,1.0,68,271,259,,,,,,,0.000318794166933,,dqn,0.0,1,DQN
84000,0.006,0.0915357142857142,1.0,68,271,259,,,,,,,0.0002760920899763,,dqn,0.0,1,DQN
85000,0.247,0.0933647058823529,1.0,68,271,259,,,,,,,0.0003010427308549,,dqn,0.0,1,DQN
86000,0.036,0.0926976744186046,1.0,68,271,259,,,,,,,0.0003342412453503,,dqn,0.0,1,DQN
87000,0.005,0.0916896551724137,1.0,68,271,259,,,,,,,0.0002501621160499,,dqn,0.0,1,DQN
88000,0.015,0.0908181818181818,1.0,68,271,259,,,,,,,0.0002818098136094,,dqn,0.0,1,DQN
89000,0.006,0.0898651685393258,1.0,68,271,259,,,,,,,0.0003247058919221,,dqn,0.0,1,DQN
90000,0.331,0.0925444444444444,1.0,68,271,259,,,,,,,0.0003146547940918,,dqn,0.0,1,DQN
91000,0.298,0.0948021978021978,1.0,68,271,259,,,,,,,0.0002666136533343,,dqn,0.0,1,DQN
92000,0.023,0.0940217391304347,1.0,68,271,259,,,,,,,0.0002862656860065,,dqn,0.0,1,DQN
93000,0.438,0.0977204301075268,1.0,68,271,259,,,,,,,0.0002840183547573,,dqn,0.0,1,DQN
94000,0.05,0.0972127659574468,1.0,68,271,259,,,,,,,0.0002847597226973,,dqn,0.0,1,DQN
95000,0.048,0.0966947368421052,1.0,68,271,259,,,,,,,0.0003930482787309,,dqn,0.0,1,DQN
96000,0.01,0.0957916666666666,1.0,68,271,259,,,,,,,0.0003471776111041,,dqn,0.0,1,DQN
97000,0.045,0.0952680412371134,1.0,68,271,259,,,,,,,0.0003348217980378,,dqn,0.0,1,DQN
98000,0.021,0.0945102040816326,1.0,68,271,259,,,,,,,0.0003170948294296,,dqn,0.0,1,DQN
99000,0.032,0.0938787878787878,1.0,68,271,259,,,,,,,0.000346310222847,,dqn,0.0,1,DQN
100000,0.084,0.09378,1.0,68,271,259,,,,,,,0.0003401864272889,,dqn,0.0,1,DQN
1000,0.135,0.135,0.7352941176470589,50,169,162,,,,,,,0.0013807218056172,,dqn,0.0,2,DQN
2000,0.125,0.13,0.7794117647058824,53,194,186,,,,,,,0.0001282471612566,,dqn,0.0,2,DQN
3000,0.129,0.1296666666666666,0.9264705882352942,63,238,228,,,,,,,0.0002157129600818,,dqn,0.0,2,DQN
4000,0.116,0.12625,0.9264705882352942,63,240,230,,,,,,,7.403536705351144e-05,,dqn,0.0,2,DQN
5000,0.172,0.1354,0.9264705882352942,63,241,231,,,,,,,4.8606747963276576e-05,,dqn,0.0,2,DQN
6000,0.165,0.1403333333333333,0.9264705882352942,63,243,233,,,,,,,3.319041534223288e-05,,dqn,0.0,2,DQN
7000,0.148,0.1414285714285714,0.9264705882352942,63,245,235,,,,,,,2.1401541100658502e-05,,dqn,0.0,2,DQN
8000,0.25,0.155,0.9264705882352942,63,245,235,,,,,,,1.4881989016430453e-05,,dqn,0.0,2,DQN
9000,0.202,0.1602222222222222,0.9264705882352942,63,247,237,,,,,,,1.3644284895690362e-05,,dqn,0.0,2,DQN
10000,0.234,0.1676,0.9264705882352942,63,247,237,,,,,,,2.260623513620885e-05,,dqn,0.0,2,DQN
11000,0.15,0.166,0.9411764705882352,64,251,240,,,,,,,3.29839300011372e-05,,dqn,0.0,2,DQN
12000,0.103,0.16075,0.9852941176470588,67,263,251,,,,,,,3.96377486226811e-05,,dqn,0.0,2,DQN
13000,0.105,0.1564615384615384,1.0,68,269,257,,,,,,,6.557889803343642e-05,,dqn,0.0,2,DQN
14000,0.105,0.1527857142857142,1.0,68,269,257,,,,,,,0.0001058272629879,,dqn,0.0,2,DQN
15000,0.078,0.1478,1.0,68,269,257,,,,,,,0.0001423317087819,,dqn,0.0,2,DQN
16000,0.047,0.1415,1.0,68,269,257,,,,,,,0.0001645765453758,,dqn,0.0,2,DQN
17000,0.079,0.1378235294117647,1.0,68,269,257,,,,,,,0.0001877813631454,,dqn,0.0,2,DQN
18000,0.049,0.1328888888888889,1.0,68,271,259,,,,,,,0.0002362418073116,,dqn,0.0,2,DQN
19000,0.096,0.1309473684210526,1.0,68,271,259,,,,,,,0.0002664991990786,,dqn,0.0,2,DQN
20000,0.102,0.1295,1.0,68,271,259,,,,,,,0.0003182964227453,,dqn,0.0,2,DQN
21000,0.108,0.1284761904761904,1.0,68,271,259,,,,,,,0.0003286523780498,,dqn,0.0,2,DQN
22000,0.105,0.1274090909090909,1.0,68,271,259,,,,,,,0.0003437270628746,,dqn,0.0,2,DQN
23000,0.075,0.1251304347826086,1.0,68,271,259,,,,,,,0.0004214591227027,,dqn,0.0,2,DQN
24000,0.062,0.1225,1.0,68,271,259,,,,,,,0.0004962769518824,,dqn,0.0,2,DQN
25000,0.027,0.11868,1.0,68,271,259,,,,,,,0.0005243659057268,,dqn,0.0,2,DQN
26000,0.072,0.1168846153846153,1.0,68,271,259,,,,,,,0.0004980791674424,,dqn,0.0,2,DQN
27000,0.118,0.1169259259259259,1.0,68,271,259,,,,,,,0.0004019687265681,,dqn,0.0,2,DQN
28000,0.027,0.1137142857142857,1.0,68,271,259,,,,,,,0.00037413277226,,dqn,0.0,2,DQN
29000,0.082,0.1126206896551724,1.0,68,271,259,,,,,,,0.0003205778614155,,dqn,0.0,2,DQN
30000,0.22,0.1162,1.0,68,271,259,,,,,,,0.0002848207029237,,dqn,0.0,2,DQN
31000,0.074,0.1148387096774193,1.0,68,271,259,,,,,,,0.0002679759142447,,dqn,0.0,2,DQN
32000,0.075,0.11359375,1.0,68,271,259,,,,,,,0.0002087245993643,,dqn,0.0,2,DQN
33000,0.084,0.1126969696969697,1.0,68,271,259,,,,,,,0.0002532545422809,,dqn,0.0,2,DQN
34000,0.098,0.1122647058823529,1.0,68,271,259,,,,,,,0.0002159221597657,,dqn,0.0,2,DQN
35000,0.074,0.1111714285714285,1.0,68,271,259,,,,,,,0.0002093226026399,,dqn,0.0,2,DQN
36000,0.187,0.1132777777777777,1.0,68,271,259,,,,,,,0.0002076650056969,,dqn,0.0,2,DQN
37000,0.069,0.112081081081081,1.0,68,271,259,,,,,,,0.0002019021341002,,dqn,0.0,2,DQN
38000,0.256,0.1158684210526315,1.0,68,271,259,,,,,,,0.0002415500247743,,dqn,0.0,2,DQN
39000,0.13,0.1162307692307692,1.0,68,271,259,,,,,,,0.0002516328297815,,dqn,0.0,2,DQN
40000,0.052,0.114625,1.0,68,271,259,,,,,,,0.0002287878720926,,dqn,0.0,2,DQN
41000,0.065,0.1134146341463414,1.0,68,271,259,,,,,,,0.0002501703200923,,dqn,0.0,2,DQN
42000,0.064,0.1122380952380952,1.0,68,271,259,,,,,,,0.0002551542283708,,dqn,0.0,2,DQN
43000,0.052,0.1108372093023255,1.0,68,271,259,,,,,,,0.0002928496395416,,dqn,0.0,2,DQN
44000,0.039,0.1092045454545454,1.0,68,271,259,,,,,,,0.000265457735587,,dqn,0.0,2,DQN
45000,0.032,0.1074888888888888,1.0,68,271,259,,,,,,,0.0002958471746496,,dqn,0.0,2,DQN
46000,0.014,0.1054565217391304,1.0,68,271,259,,,,,,,0.0002796851923812,,dqn,0.0,2,DQN
47000,0.017,0.1035744680851063,1.0,68,271,259,,,,,,,0.0002484458284316,,dqn,0.0,2,DQN
48000,0.277,0.1071875,1.0,68,271,259,,,,,,,0.0002553750359747,,dqn,0.0,2,DQN
49000,0.056,0.1061428571428571,1.0,68,271,259,,,,,,,0.0002623156121389,,dqn,0.0,2,DQN
50000,0.014,0.1043,1.0,68,271,259,,,,,,,0.0002568140990215,,dqn,0.0,2,DQN
51000,0.016,0.1025686274509803,1.0,68,271,259,,,,,,,0.0002267671537565,,dqn,0.0,2,DQN
52000,0.038,0.101326923076923,1.0,68,271,259,,,,,,,0.0002366354423684,,dqn,0.0,2,DQN
53000,0.065,0.1006415094339622,1.0,68,271,259,,,,,,,0.0002234757353662,,dqn,0.0,2,DQN
54000,0.458,0.1072592592592592,1.0,68,271,259,,,,,,,0.0002564018827488,,dqn,0.0,2,DQN
55000,0.045,0.1061272727272727,1.0,68,271,259,,,,,,,0.0002206135598958,,dqn,0.0,2,DQN
56000,0.324,0.1100178571428571,1.0,68,271,259,,,,,,,0.0002523281917647,,dqn,0.0,2,DQN
57000,0.078,0.1094561403508772,1.0,68,271,259,,,,,,,0.0002510386018834,,dqn,0.0,2,DQN
58000,0.249,0.1118620689655172,1.0,68,271,259,,,,,,,0.0002603342077086,,dqn,0.0,2,DQN
59000,0.066,0.1110847457627118,1.0,68,271,259,,,,,,,0.0002692049813081,,dqn,0.0,2,DQN
60000,0.023,0.1096166666666666,1.0,68,271,259,,,,,,,0.0002999902655069,,dqn,0.0,2,DQN
61000,0.037,0.1084262295081967,1.0,68,271,259,,,,,,,0.0002994947787969,,dqn,0.0,2,DQN
62000,0.058,0.1076129032258064,1.0,68,271,259,,,,,,,0.0002553429991621,,dqn,0.0,2,DQN
63000,0.07,0.107015873015873,1.0,68,271,259,,,,,,,0.0002730457365817,,dqn,0.0,2,DQN
64000,0.071,0.106453125,1.0,68,271,259,,,,,,,0.0002407649732917,,dqn,0.0,2,DQN
65000,0.071,0.1059076923076923,1.0,68,271,259,,,,,,,0.0002564030866947,,dqn,0.0,2,DQN
66000,0.108,0.1059393939393939,1.0,68,271,259,,,,,,,0.0002286197985899,,dqn,0.0,2,DQN
67000,0.196,0.1072835820895522,1.0,68,271,259,,,,,,,0.0002917276526763,,dqn,0.0,2,DQN
68000,0.017,0.1059558823529411,1.0,68,271,259,,,,,,,0.0002561958394248,,dqn,0.0,2,DQN
69000,0.018,0.1046811594202898,1.0,68,271,259,,,,,,,0.00026376566741,,dqn,0.0,2,DQN
70000,0.011,0.1033428571428571,1.0,68,271,259,,,,,,,0.0002369890532786,,dqn,0.0,2,DQN
71000,0.025,0.1022394366197183,1.0,68,271,259,,,,,,,0.0002481833210405,,dqn,0.0,2,DQN
72000,0.053,0.1015555555555555,1.0,68,271,259,,,,,,,0.0002292435090487,,dqn,0.0,2,DQN
73000,0.189,0.1027534246575342,1.0,68,271,259,,,,,,,0.0002179127788033,,dqn,0.0,2,DQN
74000,0.796,0.1121216216216216,1.0,68,271,259,,,,,,,0.0002168616731964,,dqn,0.0,2,DQN
75000,0.079,0.11168,1.0,68,271,259,,,,,,,0.0002681069729437,,dqn,0.0,2,DQN
76000,0.073,0.1111710526315789,1.0,68,271,259,,,,,,,0.0002473037098999,,dqn,0.0,2,DQN
77000,0.063,0.1105454545454545,1.0,68,271,259,,,,,,,0.0001940270111139,,dqn,0.0,2,DQN
78000,0.079,0.1101410256410256,1.0,68,271,259,,,,,,,0.0002089862815704,,dqn,0.0,2,DQN
79000,0.07,0.109632911392405,1.0,68,271,259,,,,,,,0.0002176353973909,,dqn,0.0,2,DQN
80000,0.084,0.1093125,1.0,68,271,259,,,,,,,0.0002013313817823,,dqn,0.0,2,DQN
81000,0.068,0.1088024691358024,1.0,68,271,259,,,,,,,0.0002211732498025,,dqn,0.0,2,DQN
82000,0.073,0.1083658536585365,1.0,68,271,259,,,,,,,0.000237227284932,,dqn,0.0,2,DQN
83000,0.069,0.1078915662650602,1.0,68,271,259,,,,,,,0.0002464089990229,,dqn,0.0,2,DQN
84000,0.068,0.1074166666666666,1.0,68,271,259,,,,,,,0.0002244159102777,,dqn,0.0,2,DQN
85000,0.061,0.1068705882352941,1.0,68,271,259,,,,,,,0.0001937967275523,,dqn,0.0,2,DQN
86000,0.058,0.1063023255813953,1.0,68,271,259,,,,,,,0.0002191621288969,,dqn,0.0,2,DQN
87000,0.074,0.1059310344827586,1.0,68,271,259,,,,,,,0.000250259644252,,dqn,0.0,2,DQN
88000,0.076,0.1055909090909091,1.0,68,271,259,,,,,,,0.0002066235367832,,dqn,0.0,2,DQN
89000,0.034,0.1047865168539325,1.0,68,271,259,,,,,,,0.000203186839499,,dqn,0.0,2,DQN
90000,0.03,0.1039555555555555,1.0,68,271,259,,,,,,,0.0001989058626541,,dqn,0.0,2,DQN
91000,0.069,0.1035714285714285,1.0,68,271,259,,,,,,,0.0001996042951202,,dqn,0.0,2,DQN
92000,0.144,0.1040108695652173,1.0,68,271,259,,,,,,,0.0001786058978618,,dqn,0.0,2,DQN
93000,0.039,0.1033118279569892,1.0,68,271,259,,,,,,,0.0002145052118589,,dqn,0.0,2,DQN
94000,0.02,0.1024255319148936,1.0,68,271,259,,,,,,,0.000232689166072,,dqn,0.0,2,DQN
95000,0.42,0.1057684210526315,1.0,68,271,259,,,,,,,0.0002437334462229,,dqn,0.0,2,DQN
96000,0.371,0.10853125,1.0,68,271,259,,,,,,,0.0001913668422706,,dqn,0.0,2,DQN
97000,0.077,0.1082061855670103,1.0,68,271,259,,,,,,,0.0001861051556421,,dqn,0.0,2,DQN
98000,0.072,0.1078367346938775,1.0,68,271,259,,,,,,,0.0001985424873836,,dqn,0.0,2,DQN
99000,0.077,0.1075252525252525,1.0,68,271,259,,,,,,,0.0001844630018856,,dqn,0.0,2,DQN
100000,0.062,0.10707,1.0,68,271,259,,,,,,,0.0001575538908604,,dqn,0.0,2,DQN
1000,0.156,0.156,0.5147058823529411,35,119,118,,,,,,,0.0037339660339057,,dqn,0.0,3,DQN
2000,0.198,0.177,0.5441176470588235,37,135,134,,,,,,,0.0004270386262687,,dqn,0.0,3,DQN
3000,0.111,0.155,0.8676470588235294,59,206,199,,,,,,,0.0005739673516072,,dqn,0.0,3,DQN
4000,0.178,0.16075,0.8823529411764706,60,211,203,,,,,,,0.0002097737445947,,dqn,0.0,3,DQN
5000,0.121,0.1528,0.8970588235294118,61,218,209,,,,,,,0.0001143704201876,,dqn,0.0,3,DQN
6000,0.075,0.1398333333333333,0.9411764705882352,64,231,222,,,,,,,6.480380210359727e-05,,dqn,0.0,3,DQN
7000,0.108,0.1352857142857143,0.9558823529411764,65,240,230,,,,,,,7.205864515253779e-05,,dqn,0.0,3,DQN
8000,0.12,0.133375,0.9558823529411764,65,240,230,,,,,,,6.949590585463738e-05,,dqn,0.0,3,DQN
9000,0.142,0.1343333333333333,0.9558823529411764,65,240,230,,,,,,,6.826481485222757e-05,,dqn,0.0,3,DQN
10000,0.081,0.129,0.9558823529411764,65,241,231,,,,,,,5.006130194942671e-05,,dqn,0.0,3,DQN
11000,0.087,0.1251818181818181,0.9705882352941176,66,250,239,,,,,,,6.486951466649771e-05,,dqn,0.0,3,DQN
12000,0.1,0.1230833333333333,0.9705882352941176,66,255,244,,,,,,,6.679230784993706e-05,,dqn,0.0,3,DQN
13000,0.051,0.1175384615384615,0.9852941176470588,67,260,248,,,,,,,0.0001086770714791,,dqn,0.0,3,DQN
14000,0.101,0.1163571428571428,0.9852941176470588,67,261,249,,,,,,,0.0001756627244785,,dqn,0.0,3,DQN
15000,0.085,0.1142666666666666,1.0,68,266,254,,,,,,,0.0002418256946057,,dqn,0.0,3,DQN
16000,0.053,0.1104375,1.0,68,270,258,,,,,,,0.0002278999708469,,dqn,0.0,3,DQN
17000,0.038,0.1061764705882352,1.0,68,271,259,,,,,,,0.0002870873527226,,dqn,0.0,3,DQN
18000,0.032,0.1020555555555555,1.0,68,271,259,,,,,,,0.0003210576881429,,dqn,0.0,3,DQN
19000,0.047,0.0991578947368421,1.0,68,271,259,,,,,,,0.0003940425232813,,dqn,0.0,3,DQN
20000,0.075,0.09795,1.0,68,271,259,,,,,,,0.0003710254862107,,dqn,0.0,3,DQN
21000,0.126,0.0992857142857142,1.0,68,271,259,,,,,,,0.0003396464610823,,dqn,0.0,3,DQN
22000,0.065,0.0977272727272727,1.0,68,271,259,,,,,,,0.0003137885459018,,dqn,0.0,3,DQN
23000,0.088,0.0973043478260869,1.0,68,271,259,,,,,,,0.0003007752272878,,dqn,0.0,3,DQN
24000,0.093,0.097125,1.0,68,271,259,,,,,,,0.0002688613707014,,dqn,0.0,3,DQN
25000,0.077,0.09632,1.0,68,271,259,,,,,,,0.0002409690013064,,dqn,0.0,3,DQN
26000,0.102,0.0965384615384615,1.0,68,271,259,,,,,,,0.0002288806470592,,dqn,0.0,3,DQN
27000,0.089,0.0962592592592592,1.0,68,271,259,,,,,,,0.0002432352563355,,dqn,0.0,3,DQN
28000,0.106,0.0966071428571428,1.0,68,271,259,,,,,,,0.0002506599876269,,dqn,0.0,3,DQN
29000,0.091,0.0964137931034482,1.0,68,271,259,,,,,,,0.0002425913394799,,dqn,0.0,3,DQN
30000,0.064,0.0953333333333333,1.0,68,271,259,,,,,,,0.0002618325694038,,dqn,0.0,3,DQN
31000,0.075,0.0946774193548387,1.0,68,271,259,,,,,,,0.0003104365506706,,dqn,0.0,3,DQN
32000,0.058,0.09353125,1.0,68,271,259,,,,,,,0.0002889953638796,,dqn,0.0,3,DQN
33000,0.079,0.093090909090909,1.0,68,271,259,,,,,,,0.000261446200423,,dqn,0.0,3,DQN
34000,0.038,0.0914705882352941,1.0,68,271,259,,,,,,,0.0003306094915033,,dqn,0.0,3,DQN
35000,0.077,0.0910571428571428,1.0,68,271,259,,,,,,,0.0002885596619526,,dqn,0.0,3,DQN
36000,0.054,0.0900277777777777,1.0,68,271,259,,,,,,,0.0002746782206795,,dqn,0.0,3,DQN
37000,0.061,0.0892432432432432,1.0,68,271,259,,,,,,,0.0002595214019056,,dqn,0.0,3,DQN
38000,0.056,0.0883684210526315,1.0,68,271,259,,,,,,,0.0002368993321979,,dqn,0.0,3,DQN
39000,0.065,0.0877692307692307,1.0,68,271,259,,,,,,,0.0002145716988734,,dqn,0.0,3,DQN
40000,0.082,0.087625,1.0,68,271,259,,,,,,,0.0002155392055974,,dqn,0.0,3,DQN
41000,0.06,0.0869512195121951,1.0,68,271,259,,,,,,,0.0002636116338035,,dqn,0.0,3,DQN
42000,0.178,0.0891190476190476,1.0,68,271,259,,,,,,,0.0002361900074652,,dqn,0.0,3,DQN
43000,0.125,0.089953488372093,1.0,68,271,259,,,,,,,0.0002363151739418,,dqn,0.0,3,DQN
44000,0.02,0.0883636363636363,1.0,68,271,259,,,,,,,0.0002247480170135,,dqn,0.0,3,DQN
45000,0.011,0.0866444444444444,1.0,68,271,259,,,,,,,0.0002410195613056,,dqn,0.0,3,DQN
46000,0.026,0.0853260869565217,1.0,68,271,259,,,,,,,0.0002518744037488,,dqn,0.0,3,DQN
47000,0.042,0.0844042553191489,1.0,68,271,259,,,,,,,0.0002290105476758,,dqn,0.0,3,DQN
48000,0.025,0.0831666666666666,1.0,68,271,259,,,,,,,0.0002379539079074,,dqn,0.0,3,DQN
49000,0.068,0.0828571428571428,1.0,68,271,259,,,,,,,0.0002362026679134,,dqn,0.0,3,DQN
50000,0.049,0.08218,1.0,68,271,259,,,,,,,0.0002192694685691,,dqn,0.0,3,DQN
51000,0.053,0.0816078431372549,1.0,68,271,259,,,,,,,0.0002301625026098,,dqn,0.0,3,DQN
52000,0.018,0.0803846153846153,1.0,68,271,259,,,,,,,0.0002300480844301,,dqn,0.0,3,DQN
53000,0.043,0.0796792452830188,1.0,68,271,259,,,,,,,0.0002531536623168,,dqn,0.0,3,DQN
54000,0.056,0.0792407407407407,1.0,68,271,259,,,,,,,0.0002595480855939,,dqn,0.0,3,DQN
55000,0.067,0.0790181818181818,1.0,68,271,259,,,,,,,0.0002308683477485,,dqn,0.0,3,DQN
56000,0.219,0.0815178571428571,1.0,68,271,259,,,,,,,0.0002631281483481,,dqn,0.0,3,DQN
57000,0.067,0.0812631578947368,1.0,68,271,259,,,,,,,0.0002418294591134,,dqn,0.0,3,DQN
58000,0.058,0.0808620689655172,1.0,68,271,259,,,,,,,0.0002641975530573,,dqn,0.0,3,DQN
59000,0.048,0.0803050847457627,1.0,68,271,259,,,,,,,0.0002852397501096,,dqn,0.0,3,DQN
60000,0.035,0.07955,1.0,68,271,259,,,,,,,0.0002888146548339,,dqn,0.0,3,DQN
61000,0.026,0.0786721311475409,1.0,68,271,259,,,,,,,0.0002763253148323,,dqn,0.0,3,DQN
62000,0.041,0.0780645161290322,1.0,68,271,259,,,,,,,0.0003094456468179,,dqn,0.0,3,DQN
63000,0.036,0.0773968253968254,1.0,68,271,259,,,,,,,0.0002354801741653,,dqn,0.0,3,DQN
64000,0.087,0.077546875,1.0,68,271,259,,,,,,,0.0003027040131059,,dqn,0.0,3,DQN
65000,0.058,0.0772461538461538,1.0,68,271,259,,,,,,,0.0002647741801893,,dqn,0.0,3,DQN
66000,0.077,0.0772424242424242,1.0,68,271,259,,,,,,,0.0002377659580042,,dqn,0.0,3,DQN
67000,0.072,0.0771641791044776,1.0,68,271,259,,,,,,,0.000262026064347,,dqn,0.0,3,DQN
68000,0.091,0.0773676470588235,1.0,68,271,259,,,,,,,0.0002304167154943,,dqn,0.0,3,DQN
69000,0.134,0.0781884057971014,1.0,68,271,259,,,,,,,0.0001794061993978,,dqn,0.0,3,DQN
70000,0.065,0.078,1.0,68,271,259,,,,,,,0.0002177585257306,,dqn,0.0,3,DQN
71000,0.035,0.0773943661971831,1.0,68,271,259,,,,,,,0.0002262749824471,,dqn,0.0,3,DQN
72000,0.057,0.0771111111111111,1.0,68,271,259,,,,,,,0.0002259058656309,,dqn,0.0,3,DQN
73000,0.064,0.076931506849315,1.0,68,271,259,,,,,,,0.0002329252341721,,dqn,0.0,3,DQN
74000,0.076,0.0769189189189189,1.0,68,271,259,,,,,,,0.0002267226974106,,dqn,0.0,3,DQN
75000,0.063,0.0767333333333333,1.0,68,271,259,,,,,,,0.0002249697437252,,dqn,0.0,3,DQN
76000,0.072,0.0766710526315789,1.0,68,271,259,,,,,,,0.0002493105278686,,dqn,0.0,3,DQN
77000,0.226,0.0786103896103896,1.0,68,271,259,,,,,,,0.0002173645170465,,dqn,0.0,3,DQN
78000,0.143,0.0794358974358974,1.0,68,271,259,,,,,,,0.0002226988699471,,dqn,0.0,3,DQN
79000,0.073,0.0793544303797468,1.0,68,271,259,,,,,,,0.0002397909349241,,dqn,0.0,3,DQN
80000,0.048,0.0789625,1.0,68,271,259,,,,,,,0.0002200974008001,,dqn,0.0,3,DQN
81000,0.03,0.078358024691358,1.0,68,271,259,,,,,,,0.0002241325794074,,dqn,0.0,3,DQN
82000,0.141,0.0791219512195122,1.0,68,271,259,,,,,,,0.0002242558569591,,dqn,0.0,3,DQN
83000,0.087,0.0792168674698795,1.0,68,271,259,,,,,,,0.000217420488248,,dqn,0.0,3,DQN
84000,0.058,0.0789642857142857,1.0,68,271,259,,,,,,,0.0001976435236977,,dqn,0.0,3,DQN
85000,0.066,0.0788117647058823,1.0,68,271,259,,,,,,,0.0002030722028688,,dqn,0.0,3,DQN
86000,0.056,0.0785465116279069,1.0,68,271,259,,,,,,,0.0001730623260326,,dqn,0.0,3,DQN
87000,0.015,0.0778160919540229,1.0,68,271,259,,,,,,,0.0002416118314285,,dqn,0.0,3,DQN
88000,0.017,0.077125,1.0,68,271,259,,,,,,,0.0002060976819727,,dqn,0.0,3,DQN
89000,0.071,0.0770561797752809,1.0,68,271,259,,,,,,,0.0001877388871264,,dqn,0.0,3,DQN
90000,0.022,0.0764444444444444,1.0,68,271,259,,,,,,,0.0002263993048924,,dqn,0.0,3,DQN
91000,0.021,0.0758351648351648,1.0,68,271,259,,,,,,,0.0002314371301494,,dqn,0.0,3,DQN
92000,0.068,0.07575,1.0,68,271,259,,,,,,,0.0002214247941226,,dqn,0.0,3,DQN
93000,0.079,0.0757849462365591,1.0,68,271,259,,,,,,,0.0002319848565795,,dqn,0.0,3,DQN
94000,0.071,0.0757340425531915,1.0,68,271,259,,,,,,,0.0002356885689555,,dqn,0.0,3,DQN
95000,0.079,0.0757684210526315,1.0,68,271,259,,,,,,,0.0002222127720358,,dqn,0.0,3,DQN
96000,0.082,0.0758333333333333,1.0,68,271,259,,,,,,,0.0002072185097586,,dqn,0.0,3,DQN
97000,0.071,0.0757835051546391,1.0,68,271,259,,,,,,,0.0001938541387953,,dqn,0.0,3,DQN
98000,0.075,0.0757755102040816,1.0,68,271,259,,,,,,,0.0001942928441317,,dqn,0.0,3,DQN
99000,0.079,0.0758080808080808,1.0,68,271,259,,,,,,,0.0001621291813536,,dqn,0.0,3,DQN
100000,0.072,0.07577,1.0,68,271,259,,,,,,,0.0001716706100596,,dqn,0.0,3,DQN
1000,0.153,0.153,0.4117647058823529,28,105,102,,,,,,,0.0027000396512448,,dqn,0.0,4,DQN
2000,0.173,0.163,0.6029411764705882,41,151,144,,,,,,,0.0001714577144566,,dqn,0.0,4,DQN
3000,0.173,0.1663333333333333,0.7205882352941176,49,182,175,,,,,,,0.0003379370838083,,dqn,0.0,4,DQN
4000,0.162,0.16525,0.7205882352941176,49,187,179,,,,,,,9.630386397475376e-05,,dqn,0.0,4,DQN
5000,0.082,0.1486,0.7647058823529411,52,207,199,,,,,,,7.365388127891492e-05,,dqn,0.0,4,DQN
6000,0.095,0.1396666666666666,0.7647058823529411,52,207,199,,,,,,,4.617832764279228e-05,,dqn,0.0,4,DQN
7000,0.182,0.1457142857142857,0.8088235294117647,55,217,209,,,,,,,3.994235874006336e-05,,dqn,0.0,4,DQN
8000,0.231,0.156375,0.8088235294117647,55,217,209,,,,,,,4.036317973714176e-05,,dqn,0.0,4,DQN
9000,0.191,0.1602222222222222,0.9264705882352942,63,241,233,,,,,,,3.2266018371956306e-05,,dqn,0.0,4,DQN
10000,0.29,0.1732,0.9264705882352942,63,241,233,,,,,,,5.189589254041493e-05,,dqn,0.0,4,DQN
11000,0.266,0.1816363636363636,0.9264705882352942,63,241,233,,,,,,,3.224428158500814e-05,,dqn,0.0,4,DQN
12000,0.348,0.1955,0.9264705882352942,63,241,233,,,,,,,2.5574254137382013e-05,,dqn,0.0,4,DQN
13000,0.306,0.204,0.9705882352941176,66,258,248,,,,,,,2.94401131043287e-05,,dqn,0.0,4,DQN
14000,0.251,0.2073571428571428,0.9705882352941176,66,258,248,,,,,,,3.456478686780429e-05,,dqn,0.0,4,DQN
15000,0.176,0.2052666666666666,0.9705882352941176,66,258,248,,,,,,,4.064375508437479e-05,,dqn,0.0,4,DQN
16000,0.226,0.2065625,0.9705882352941176,66,259,249,,,,,,,5.933892949406072e-05,,dqn,0.0,4,DQN
17000,0.099,0.200235294117647,0.9852941176470588,67,263,252,,,,,,,6.0486273475135024e-05,,dqn,0.0,4,DQN
18000,0.162,0.1981111111111111,0.9852941176470588,67,263,252,,,,,,,6.442672868251976e-05,,dqn,0.0,4,DQN
19000,0.11,0.1934736842105263,0.9852941176470588,67,263,252,,,,,,,8.080586792902978e-05,,dqn,0.0,4,DQN
20000,0.165,0.19205,1.0,68,270,258,,,,,,,9.482701461911347e-05,,dqn,0.0,4,DQN
21000,0.037,0.1846666666666666,1.0,68,270,258,,,,,,,0.0001370384353876,,dqn,0.0,4,DQN
22000,0.058,0.1789090909090909,1.0,68,270,258,,,,,,,0.000187863388006,,dqn,0.0,4,DQN
23000,0.067,0.1740434782608695,1.0,68,270,258,,,,,,,0.0002517804429944,,dqn,0.0,4,DQN
24000,0.066,0.1695416666666666,1.0,68,270,258,,,,,,,0.0003333744808769,,dqn,0.0,4,DQN
25000,0.039,0.16432,1.0,68,270,258,,,,,,,0.0003919157811978,,dqn,0.0,4,DQN
26000,0.013,0.1585,1.0,68,270,258,,,,,,,0.0004187627383544,,dqn,0.0,4,DQN
27000,0.016,0.1532222222222222,1.0,68,271,259,,,,,,,0.000492874372012,,dqn,0.0,4,DQN
28000,0.022,0.1485357142857143,1.0,68,271,259,,,,,,,0.0004824947839442,,dqn,0.0,4,DQN
29000,0.027,0.1443448275862069,1.0,68,271,259,,,,,,,0.0004988110667945,,dqn,0.0,4,DQN
30000,0.02,0.1402,1.0,68,271,259,,,,,,,0.000477076691528,,dqn,0.0,4,DQN
31000,0.05,0.1372903225806451,1.0,68,271,259,,,,,,,0.0004099110739152,,dqn,0.0,4,DQN
32000,0.028,0.133875,1.0,68,271,259,,,,,,,0.0003409922969967,,dqn,0.0,4,DQN
33000,0.19,0.1355757575757575,1.0,68,271,259,,,,,,,0.0003269374308802,,dqn,0.0,4,DQN
34000,0.015,0.1320294117647059,1.0,68,271,259,,,,,,,0.0002217158300536,,dqn,0.0,4,DQN
35000,0.01,0.1285428571428571,1.0,68,271,259,,,,,,,0.0001749478292622,,dqn,0.0,4,DQN
36000,0.021,0.1255555555555555,1.0,68,271,259,,,,,,,0.0001594712071018,,dqn,0.0,4,DQN
37000,0.013,0.1225135135135135,1.0,68,271,259,,,,,,,0.0001204255582042,,dqn,0.0,4,DQN
38000,0.009,0.1195263157894736,1.0,68,271,259,,,,,,,0.0001182693402615,,dqn,0.0,4,DQN
39000,0.017,0.1168974358974359,1.0,68,271,259,,,,,,,0.0001355982442564,,dqn,0.0,4,DQN
40000,0.009,0.1142,1.0,68,271,259,,,,,,,0.000104648646205,,dqn,0.0,4,DQN
41000,0.013,0.1117317073170731,1.0,68,271,259,,,,,,,9.239144368621056e-05,,dqn,0.0,4,DQN
42000,0.009,0.1092857142857142,1.0,68,271,259,,,,,,,8.799020479455066e-05,,dqn,0.0,4,DQN
43000,0.011,0.107,1.0,68,271,259,,,,,,,7.628713684016475e-05,,dqn,0.0,4,DQN
44000,0.026,0.1051590909090909,1.0,68,271,259,,,,,,,7.229048859153408e-05,,dqn,0.0,4,DQN
45000,0.025,0.1033777777777777,1.0,68,271,259,,,,,,,5.976220276079402e-05,,dqn,0.0,4,DQN
46000,0.042,0.1020434782608695,1.0,68,271,259,,,,,,,4.769369730001927e-05,,dqn,0.0,4,DQN
47000,0.01,0.1000851063829787,1.0,68,271,259,,,,,,,5.04363736108644e-05,,dqn,0.0,4,DQN
48000,0.024,0.0985,1.0,68,271,259,,,,,,,4.610765105871906e-05,,dqn,0.0,4,DQN
49000,0.043,0.0973673469387755,1.0,68,271,259,,,,,,,4.442711551905632e-05,,dqn,0.0,4,DQN
50000,0.241,0.10024,1.0,68,271,259,,,,,,,4.030650410231829e-05,,dqn,0.0,4,DQN
51000,0.058,0.0994117647058823,1.0,68,271,259,,,,,,,4.966027285377095e-05,,dqn,0.0,4,DQN
52000,0.03,0.098076923076923,1.0,68,271,259,,,,,,,4.42981656046868e-05,,dqn,0.0,4,DQN
53000,0.352,0.1028679245283018,1.0,68,271,259,,,,,,,4.1462174969638e-05,,dqn,0.0,4,DQN
54000,0.1,0.1028148148148148,1.0,68,271,259,,,,,,,3.6471659473818365e-05,,dqn,0.0,4,DQN
55000,0.038,0.1016363636363636,1.0,68,271,259,,,,,,,3.5249621890670824e-05,,dqn,0.0,4,DQN
56000,0.013,0.1000535714285714,1.0,68,271,259,,,,,,,3.484193302847416e-05,,dqn,0.0,4,DQN
57000,0.01,0.0984736842105263,1.0,68,271,259,,,,,,,4.078176529264965e-05,,dqn,0.0,4,DQN
58000,0.177,0.0998275862068965,1.0,68,271,259,,,,,,,2.9811356742129648e-05,,dqn,0.0,4,DQN
59000,0.238,0.1021694915254237,1.0,68,271,259,,,,,,,3.0231502607080076e-05,,dqn,0.0,4,DQN
60000,0.011,0.10065,1.0,68,271,259,,,,,,,3.503033232721009e-05,,dqn,0.0,4,DQN
61000,0.01,0.0991639344262295,1.0,68,271,259,,,,,,,2.857235953945292e-05,,dqn,0.0,4,DQN
62000,0.156,0.1000806451612903,1.0,68,271,259,,,,,,,4.011076507185862e-05,,dqn,0.0,4,DQN
63000,0.011,0.0986666666666666,1.0,68,271,259,,,,,,,3.19620095059463e-05,,dqn,0.0,4,DQN
64000,0.014,0.09734375,1.0,68,271,259,,,,,,,3.449290787671089e-05,,dqn,0.0,4,DQN
65000,0.357,0.1013384615384615,1.0,68,271,259,,,,,,,3.325257764072376e-05,,dqn,0.0,4,DQN
66000,0.038,0.1003787878787878,1.0,68,271,259,,,,,,,3.079308020937788e-05,,dqn,0.0,4,DQN
67000,0.012,0.0990597014925373,1.0,68,271,259,,,,,,,3.301235394292234e-05,,dqn,0.0,4,DQN
68000,0.028,0.0980147058823529,1.0,68,271,259,,,,,,,2.8977656340316573e-05,,dqn,0.0,4,DQN
69000,0.017,0.0968405797101449,1.0,68,271,259,,,,,,,2.5623626016454185e-05,,dqn,0.0,4,DQN
70000,0.079,0.0965857142857142,1.0,68,271,259,,,,,,,3.125985510996543e-05,,dqn,0.0,4,DQN
71000,0.149,0.0973239436619718,1.0,68,271,259,,,,,,,2.4653452580878365e-05,,dqn,0.0,4,DQN
72000,0.124,0.0976944444444444,1.0,68,271,259,,,,,,,3.257408732429212e-05,,dqn,0.0,4,DQN
73000,0.047,0.097,1.0,68,271,259,,,,,,,3.1483149460200364e-05,,dqn,0.0,4,DQN
74000,0.018,0.0959324324324324,1.0,68,271,259,,,,,,,3.3182629566454126e-05,,dqn,0.0,4,DQN
75000,0.053,0.09536,1.0,68,271,259,,,,,,,3.1646327599105464e-05,,dqn,0.0,4,DQN
76000,0.107,0.0955131578947368,1.0,68,271,259,,,,,,,3.6415556799966e-05,,dqn,0.0,4,DQN
77000,0.041,0.0948051948051948,1.0,68,271,259,,,,,,,3.4615619190390136e-05,,dqn,0.0,4,DQN
78000,0.083,0.0946538461538461,1.0,68,271,259,,,,,,,5.949451064043387e-05,,dqn,0.0,4,DQN
79000,0.092,0.0946202531645569,1.0,68,271,259,,,,,,,4.328698035260459e-05,,dqn,0.0,4,DQN
80000,0.185,0.09575,1.0,68,271,259,,,,,,,4.873236524321101e-05,,dqn,0.0,4,DQN
81000,0.191,0.0969259259259259,1.0,68,271,259,,,,,,,3.946030571671599e-05,,dqn,0.0,4,DQN
82000,0.041,0.0962439024390243,1.0,68,271,259,,,,,,,4.228348874380572e-05,,dqn,0.0,4,DQN
83000,0.146,0.0968433734939759,1.0,68,271,259,,,,,,,5.218936723076695e-05,,dqn,0.0,4,DQN
84000,0.076,0.0965952380952381,1.0,68,271,259,,,,,,,8.80934146018717e-05,,dqn,0.0,4,DQN
85000,0.081,0.0964117647058823,1.0,68,271,259,,,,,,,7.440764357306762e-05,,dqn,0.0,4,DQN
86000,0.078,0.0961976744186046,1.0,68,271,259,,,,,,,7.117779744157814e-05,,dqn,0.0,4,DQN
87000,0.067,0.0958620689655172,1.0,68,271,259,,,,,,,6.055579414464773e-05,,dqn,0.0,4,DQN
88000,0.063,0.0954886363636363,1.0,68,271,259,,,,,,,8.70885716695966e-05,,dqn,0.0,4,DQN
89000,0.07,0.0952022471910112,1.0,68,271,259,,,,,,,6.521505659748072e-05,,dqn,0.0,4,DQN
90000,0.005,0.0942,1.0,68,271,259,,,,,,,0.0001140403979009,,dqn,0.0,4,DQN
91000,0.024,0.0934285714285714,1.0,68,271,259,,,,,,,0.0001109577005474,,dqn,0.0,4,DQN
92000,0.028,0.0927173913043478,1.0,68,271,259,,,,,,,0.0001314445808941,,dqn,0.0,4,DQN
93000,0.027,0.092010752688172,1.0,68,271,259,,,,,,,0.0001031329290606,,dqn,0.0,4,DQN
94000,0.032,0.0913723404255319,1.0,68,271,259,,,,,,,0.000152333510482,,dqn,0.0,4,DQN
95000,0.06,0.0910421052631579,1.0,68,271,259,,,,,,,0.0001531699047791,,dqn,0.0,4,DQN
96000,0.032,0.0904270833333333,1.0,68,271,259,,,,,,,0.0002018541504667,,dqn,0.0,4,DQN
97000,0.01,0.0895979381443299,1.0,68,271,259,,,,,,,0.0001944752672065,,dqn,0.0,4,DQN
98000,0.006,0.0887448979591836,1.0,68,271,259,,,,,,,0.0002020453204672,,dqn,0.0,4,DQN
99000,0.005,0.0878989898989899,1.0,68,271,259,,,,,,,0.0001821533319271,,dqn,0.0,4,DQN
100000,0.236,0.08938,1.0,68,271,259,,,,,,,0.0002241174001337,,dqn,0.0,4,DQN
1000,0.187,0.187,0.4411764705882353,30,100,99,0.0076965919825283,0.0072537999958725,0.0,0.0,0.0,0.0,0.0024639833718538,0.0074236392974853,lp_rnd,0.01,0,LP-RND (beta=0.01)
2000,0.136,0.1615,0.6470588235294118,44,157,154,0.0004787546766986,0.0003685805926468,0.0069629991023034,0.0067487372898203,2.805596310855985,2.582362821213008,0.0008163202497817,0.0003623957905329,lp_rnd,0.01,0,LP-RND (beta=0.01)
3000,0.115,0.146,0.8235294117647058,56,202,197,3.473164048915825e-05,5.572074554187422e-05,2.4437235990025447e-05,2.5867092941388555e-05,0.0072581688068306,0.0076740332888321,0.0002965204220236,3.089845573322236e-05,lp_rnd,0.01,0,LP-RND (beta=0.01)
4000,0.13,0.142,0.9411764705882352,64,231,222,1.1776068686231155e-05,1.859352432010338e-05,5.130312001710991e-06,5.454018208235314e-06,0.001664011037231,0.0017619077323947,0.0001671578962777,1.569718430209832e-05,lp_rnd,0.01,0,LP-RND (beta=0.01)
5000,0.149,0.1434,0.9411764705882352,64,235,226,5.287813306897945e-06,1.5165394679160328e-05,2.378641644075428e-06,2.975771649958823e-06,0.0008317181386527,0.001045593214496,0.0001006583365051,9.38604849739022e-06,lp_rnd,0.01,0,LP-RND (beta=0.01)
6000,0.144,0.1435,0.9558823529411764,65,240,230,2.158494878538401e-06,1.2867182409868622e-05,7.946182710346269e-07,3.233300911511901e-06,0.0002968447829652,0.0012351532661073,8.233874621328142e-05,6.100977723463075e-06,lp_rnd,0.01,0,LP-RND (beta=0.01)
7000,0.124,0.1407142857142857,0.9558823529411764,65,246,236,1.34144114471632e-06,1.146289514618993e-05,2.3462292352677094e-07,1.5968695865853416e-06,9.4700223378394e-05,0.0006391094106014,7.538339025268215e-05,5.115777837772839e-06,lp_rnd,0.01,0,LP-RND (beta=0.01)
8000,0.098,0.135375,0.9558823529411764,65,247,237,9.83531676564205e-07,1.2073810877511947e-05,2.0845723434942965e-07,2.453560270746347e-06,8.938830946942215e-05,0.001050186329912,7.208761426045385e-05,4.042483120542783e-06,lp_rnd,0.01,0,LP-RND (beta=0.01)
9000,0.119,0.1335555555555555,0.9558823529411764,65,248,237,7.832127481692203e-07,3.942492436326487e-06,1.731714349284821e-07,7.627462249525287e-07,7.794160323609454e-05,0.0003475327515807,6.896153324123588e-05,3.1234977207077465e-06,lp_rnd,0.01,0,LP-RND (beta=0.01)
10000,0.055,0.1257,0.9705882352941176,66,254,243,6.416822998289718e-07,7.652648692556487e-06,9.756065641009958e-08,8.393547974023137e-07,4.607413152008262e-05,0.0003956396550298,6.473096752233686e-05,2.651318131370317e-06,lp_rnd,0.01,0,LP-RND (beta=0.01)
11000,0.123,0.1254545454545454,0.9705882352941176,66,254,243,5.225918377712932e-07,8.854047772011216e-07,8.414130686504928e-08,1.815763361606253e-07,4.1761967530725706e-05,8.979818192130565e-05,6.067556751077064e-05,2.0592977323303786e-06,lp_rnd,0.01,0,LP-RND (beta=0.01)
12000,0.067,0.1205833333333333,0.9705882352941176,66,257,245,4.415933436497816e-07,3.910158049768488e-06,3.0217674916185844e-08,4.535498269257982e-07,1.558183005914299e-05,0.000234505402755,6.408245099828492e-05,1.63544907513824e-06,lp_rnd,0.01,0,LP-RND (beta=0.01)
13000,0.086,0.1179230769230769,1.0,68,269,257,4.341323435935095e-07,5.659258845875751e-06,5.826214847005294e-08,1.5142528482949925e-07,3.1394142385981455e-05,8.03097523972539e-05,8.274588492804468e-05,1.6716065855462148e-06,lp_rnd,0.01,0,LP-RND (beta=0.01)
14000,0.077,0.115,1.0,68,270,258,3.990922878059579e-07,4.313006463897052e-06,1.0918407008523299e-07,4.0185757045157195e-07,6.04973005727826e-05,0.0002225371888633,9.432512921921445e-05,1.460763603262194e-06,lp_rnd,0.01,0,LP-RND (beta=0.01)
15000,0.139,0.1166,1.0,68,270,258,3.522739317965369e-07,1.3568082184736691e-06,5.9222018534547456e-08,2.806217227340829e-07,3.381492579659972e-05,0.0001613740853991,0.0001265483902288,1.2563115272996584e-06,lp_rnd,0.01,0,LP-RND (beta=0.01)
16000,0.138,0.1179375,1.0,68,271,259,2.804409782143374e-07,2.28467586291808e-06,5.4848299866478926e-08,2.5671910171472985e-07,3.2456346818602234e-05,0.0001518227261036,0.0001575311284104,1.05664692495111e-06,lp_rnd,0.01,0,LP-RND (beta=0.01)
17000,0.101,0.1169411764705882,1.0,68,271,259,2.219010906992255e-07,7.445255427988676e-07,3.8141154217361995e-08,1.6038477533877614e-07,2.3154141642904104e-05,9.797829082453762e-05,0.0001755377684748,9.27421725577915e-07,lp_rnd,0.01,0,LP-RND (beta=0.01)
18000,0.101,0.1160555555555555,1.0,68,271,259,2.109855914356855e-07,2.227330222732725e-06,3.2542379897515085e-08,1.7029213054987454e-07,2.0381863374700827e-05,0.0001065205024264,0.0002039090608705,8.215642969275905e-07,lp_rnd,0.01,0,LP-RND (beta=0.01)
19000,0.077,0.114,1.0,68,271,259,1.9413315934888514e-07,1.838687812607463e-06,2.0514644943831e-08,1.8115093493052316e-07,1.3098836161059858e-05,0.0001160354631093,0.000281966306833,7.47671506843517e-07,lp_rnd,0.01,0,LP-RND (beta=0.01)
20000,0.115,0.11405,1.0,68,271,259,1.8800555442117402e-07,9.049129498238393e-07,3.58132735834221e-08,9.747523734110069e-08,2.351043592194044e-05,6.434390390369361e-05,0.0003112619403109,6.854724940694723e-07,lp_rnd,0.01,0,LP-RND (beta=0.01)
21000,0.066,0.1117619047619047,1.0,68,271,259,1.40971401071018e-07,1.0440703440821032e-06,1.4071642114159162e-08,1.4466694581268104e-07,9.496771321423604e-06,9.776119084768684e-05,0.0003330653174743,6.121754573342741e-07,lp_rnd,0.01,0,LP-RND (beta=0.01)
22000,0.087,0.1106363636363636,1.0,68,271,259,1.3869673054500709e-07,5.578363225928705e-07,9.899486186093614e-09,9.453950522613545e-08,6.84256513080676e-06,6.539080722810535e-05,0.0002849054798389,5.299916232388568e-07,lp_rnd,0.01,0,LP-RND (beta=0.01)
23000,0.076,0.1091304347826087,1.0,68,271,259,1.2047257395184526e-07,2.4076568826947885e-07,5.617574896482917e-09,2.851364414036908e-08,3.961764893518428e-06,2.0083099753490987e-05,0.0002868583604977,4.792468289025465e-07,lp_rnd,0.01,0,LP-RND (beta=0.01)
24000,0.076,0.10775,1.0,68,271,259,1.0347764843818129e-07,2.8340634344749845e-07,1.82309678464776e-08,6.10793045020921e-08,1.3141944441582462e-05,4.39971414322434e-05,0.0002612326620201,4.0623036995413033e-07,lp_rnd,0.01,0,LP-RND (beta=0.01)
25000,0.062,0.10592,1.0,68,271,259,9.282287357386337e-08,2.342376358018667e-07,9.706969908877234e-09,2.8723404455679785e-08,7.086049446679599e-06,2.111051421679901e-05,0.0002334613728107,3.72053768984415e-07,lp_rnd,0.01,0,LP-RND (beta=0.01)
26000,0.074,0.1046923076923077,1.0,68,271,259,8.915371163242515e-08,2.104786912823253e-07,1.8170611681966875e-08,3.546191516292805e-08,1.3617005036922275e-05,2.650949744916057e-05,0.0002698473349155,3.195674544116401e-07,lp_rnd,0.01,0,LP-RND (beta=0.01)
27000,0.209,0.1085555555555555,1.0,68,271,259,9.749920931855913e-08,6.103874179351991e-07,1.272996715376696e-08,5.551490005832484e-08,9.709520329498924e-06,4.217816887772635e-05,0.000203962306321,3.027957198256104e-07,lp_rnd,0.01,0,LP-RND (beta=0.01)
28000,0.284,0.1148214285714285,1.0,68,271,259,1.0263634679554793e-07,8.390532048469485e-07,4.7277908036066255e-09,7.904067821604553e-08,3.6692088426605913e-06,6.129857232087125e-05,0.00021241383923,2.815831202767072e-07,lp_rnd,0.01,0,LP-RND (beta=0.01)
29000,0.131,0.1153793103448275,1.0,68,271,259,8.747674314853533e-08,3.985756053407562e-07,4.357855782763778e-09,3.833929697741384e-08,3.430755351805306e-06,3.015858293105331e-05,0.0001979624001578,2.654540408002504e-07,lp_rnd,0.01,0,LP-RND (beta=0.01)
30000,0.063,0.1136333333333333,1.0,68,271,259,7.303222968884046e-08,2.828626083178441e-07,2.528992101450253e-08,1.9362245195519706e-08,2.0279758937560265e-05,1.5526188657570577e-05,0.0001892405745657,2.444336679729986e-07,lp_rnd,0.01,0,LP-RND (beta=0.01)
31000,0.034,0.1110645161290322,1.0,68,271,259,4.41020458322662e-08,9.853732270808719e-08,4.8212439530877476e-09,1.3508955680333822e-08,3.935999376261877e-06,1.1014429218686707e-05,0.0002014030473674,2.1814961031196845e-07,lp_rnd,0.01,0,LP-RND (beta=0.01)
32000,0.088,0.11034375,1.0,68,271,259,5.50341448372778e-08,9.918628544028317e-08,5.9950390712321614e-09,4.459347513085102e-09,4.961710863556584e-06,3.6848926418541433e-06,0.0001741929330264,1.947243084039485e-07,lp_rnd,0.01,0,LP-RND (beta=0.01)
33000,0.085,0.1095757575757575,1.0,68,271,259,4.72849435423688e-08,6.136117088441187e-08,2.1923064461843213e-09,6.966291680486557e-09,1.8354780144881785e-06,5.856752791944289e-06,0.0001850317970674,1.767036037598757e-07,lp_rnd,0.01,0,LP-RND (beta=0.01)
34000,0.07,0.1084117647058823,1.0,68,271,259,4.3426991247486056e-08,8.124359252540535e-08,7.917323076510131e-09,1.0780030561875573e-08,6.741990989934045e-06,9.195338369286687e-06,0.0002138309956671,1.622701111614333e-07,lp_rnd,0.01,0,LP-RND (beta=0.01)
35000,0.062,0.1070857142857142,1.0,68,271,259,3.780921411081665e-08,9.773813135373353e-08,9.66818218315776e-09,1.1310338326179304e-08,8.35824881816807e-06,9.766731718438064e-06,0.0002415553685932,1.480908966726702e-07,lp_rnd,0.01,0,LP-RND (beta=0.01)
36000,0.121,0.1074722222222222,1.0,68,271,259,4.395600055106626e-08,5.404007945112997e-08,1.3033633529655035e-09,1.740088168613333e-09,1.140157304227842e-06,1.5252568580112272e-06,0.0002166972729946,1.332117701267066e-07,lp_rnd,0.01,0,LP-RND (beta=0.01)
37000,0.11,0.1075405405405405,1.0,68,271,259,4.0643209767407297e-08,8.11114744438732e-08,7.125002939160781e-09,1.238435108970237e-08,6.33056246604891e-06,1.0989851459922016e-05,0.0002361602399278,1.3005968883206264e-07,lp_rnd,0.01,0,LP-RND (beta=0.01)
38000,0.181,0.1094736842105263,1.0,68,271,259,3.735085221345741e-08,3.3057229394485524e-08,4.621626602597543e-09,2.5573376210054636e-09,4.161417199189888e-06,2.3035424035039035e-06,0.0002657403215744,1.1821908898923542e-07,lp_rnd,0.01,0,LP-RND (beta=0.01)
39000,0.068,0.1084102564102564,1.0,68,271,259,2.9440107489097545e-08,4.630130770824767e-08,1.644110259700055e-09,3.666305840705098e-09,1.4985729383906175e-06,3.345822485632432e-06,0.0002337954225899,1.068732840039388e-07,lp_rnd,0.01,0,LP-RND (beta=0.01)
40000,0.061,0.107225,1.0,68,271,259,2.5121979978977286e-08,3.2175864258139365e-08,2.6488530451030386e-08,5.923042949256125e-09,2.446169718698799e-05,5.465221458723651e-06,0.0002342429177492,1.0228702761949649e-07,lp_rnd,0.01,0,LP-RND (beta=0.01)
41000,0.073,0.106390243902439,1.0,68,271,259,2.547720420020067e-08,2.7008246794723526e-08,1.3889599510115632e-08,3.345697848935573e-09,1.29859660537708e-05,3.1268411177520177e-06,0.0002293678482596,9.318415427372885e-08,lp_rnd,0.01,0,LP-RND (beta=0.01)
42000,0.091,0.1060238095238095,1.0,68,271,259,2.678203033704781e-08,2.4735884858314146e-08,4.104195635360671e-09,3.952730024480496e-09,3.882634279393849e-06,3.7391816944963698e-06,0.000237092331914,8.97038405085482e-08,lp_rnd,0.01,0,LP-RND (beta=0.01)
43000,0.085,0.1055348837209302,1.0,68,271,259,2.546759719191481e-08,2.3907201294532955e-08,7.286657677241236e-09,8.491156284713735e-09,6.973007587906948e-06,8.124003502142116e-06,0.0002715919793247,8.164730909676622e-08,lp_rnd,0.01,0,LP-RND (beta=0.01)
44000,0.071,0.10475,1.0,68,271,259,2.2596766861427182e-08,2.4732168810963515e-08,3.848407627000578e-09,4.023535508356523e-09,3.720900675800147e-06,3.894878387668529e-06,0.0002254481513223,7.926374627409416e-08,lp_rnd,0.01,0,LP-RND (beta=0.01)
45000,0.077,0.1041333333333333,1.0,68,271,259,2.0967412925667847e-08,2.4486421767554592e-08,4.340577421300753e-09,2.0669865838190724e-09,4.249901792244653e-06,2.0226228257598377e-06,0.0002463322566072,7.196143226195772e-08,lp_rnd,0.01,0,LP-RND (beta=0.01)
46000,0.058,0.1031304347826087,1.0,68,271,259,2.2436279776578543e-08,1.8301862983372426e-08,6.696305778074796e-09,2.258952980321777e-09,6.633336325948224e-06,2.235430358039026e-06,0.000254197410547,6.954193034225397e-08,lp_rnd,0.01,0,LP-RND (beta=0.01)
47000,0.038,0.1017446808510638,1.0,68,271,259,1.864556240399314e-08,1.9432948641807504e-08,1.810872340968217e-09,4.909594661055713e-09,1.813622213726788e-06,4.908777276948033e-06,0.0002684174725873,6.689691321426496e-08,lp_rnd,0.01,0,LP-RND (beta=0.01)
48000,0.077,0.1012291666666666,1.0,68,271,259,2.0540995046306163e-08,1.821884771035619e-08,2.195360188012102e-09,2.6454027638252888e-09,2.218919793284808e-06,2.6721330461360267e-06,0.0002319564833028,6.24693673678678e-08,lp_rnd,0.01,0,LP-RND (beta=0.01)
49000,0.058,0.1003469387755102,1.0,68,271,259,2.0415384754371723e-08,1.7909925737798125e-08,7.436540578733628e-10,7.746926850900257e-10,7.584381330197262e-07,7.90209235894039e-07,0.0002276478459007,6.023604321470089e-08,lp_rnd,0.01,0,LP-RND (beta=0.01)
50000,0.063,0.0996,1.0,68,271,259,1.7473192247594158e-08,1.7471301920676726e-08,1.1040507865958364e-08,1.3360565732850196e-08,1.138212665055351e-05,1.377110036740574e-05,0.0002262571444034,5.7685558132902774e-08,lp_rnd,0.01,0,LP-RND (beta=0.01)
51000,0.023,0.0980980392156862,1.0,68,271,259,1.962014658953076e-08,2.5415156047712032e-08,1.7436574310018523e-09,7.276350679043057e-09,1.8145063699058531e-06,7.577562421923313e-06,0.0002791116336857,5.5950201170773544e-08,lp_rnd,0.01,0,LP-RND (beta=0.01)
52000,0.044,0.0970576923076923,1.0,68,271,259,1.7184489588893053e-08,1.9976006594568337e-08,5.96648106678608e-09,2.4207451087830902e-09,6.271047400146495e-06,2.541959691901522e-06,0.0002452592166318,5.328364984791278e-08,lp_rnd,0.01,0,LP-RND (beta=0.01)
53000,0.052,0.0962075471698113,1.0,68,271,259,1.5462806881070783e-08,1.4253848915994164e-08,3.167111205771588e-09,3.239160191359877e-09,3.3626152750098428e-06,3.434885443690516e-06,0.0002621765576218,4.9295764465995266e-08,lp_rnd,0.01,0,LP-RND (beta=0.01)
54000,0.009,0.0945925925925925,1.0,68,271,259,1.4627122032114434e-08,1.5978741241240235e-08,1.970351782966241e-10,1.0825830681506527e-09,2.1001398428105425e-07,1.159577133682713e-06,0.0002616123878647,4.819032729486139e-08,lp_rnd,0.01,0,LP-RND (beta=0.01)
55000,0.029,0.0934,1.0,68,271,259,1.5954183629379918e-08,1.6649891694909984e-08,1.4333423337120618e-10,1.101193414060919e-09,1.546998173577887e-07,1.1905236394849469e-06,0.0002484408191271,4.5557735622203664e-08,lp_rnd,0.01,0,LP-RND (beta=0.01)
56000,0.016,0.0920178571428571,1.0,68,271,259,1.7448145428478057e-08,3.418267917907661e-08,9.875490869504232e-09,1.0294390805471666e-08,1.0746829429369129e-05,1.1214150766090752e-05,0.0002572319063674,4.3522274820517744e-08,lp_rnd,0.01,0,LP-RND (beta=0.01)
57000,0.011,0.0905964912280701,1.0,68,271,259,1.6081494519875672e-08,1.6101785187735722e-08,4.3591137971981716e-09,2.490624304931118e-09,4.78625731683688e-06,2.7396330229777235e-06,0.0003047796548153,4.1862585420382464e-08,lp_rnd,0.01,0,LP-RND (beta=0.01)
58000,0.018,0.0893448275862068,1.0,68,271,259,1.635635903261977e-08,1.5537701208028685e-08,9.914971559826171e-10,2.581186674221029e-09,1.098942554912917e-06,2.8638393477407863e-06,0.0002929964887462,3.969783613921862e-08,lp_rnd,0.01,0,LP-RND (beta=0.01)
59000,0.247,0.0920169491525423,1.0,68,271,259,2.001715814785776e-08,1.8934339575937496e-08,6.6711040596267916e-09,1.6743505204117775e-09,7.465499426579927e-06,1.8702879593451788e-06,0.0002853918761975,3.420464200942774e-08,lp_rnd,0.01,0,LP-RND (beta=0.01)
60000,0.013,0.0907,1.0,68,271,259,1.8875018232150225e-08,1.5030052397310485e-08,1.8743232607002588e-10,5.216658461727837e-10,2.1083261604783569e-07,5.884362493189303e-07,0.0003208312773986,3.319926927058958e-08,lp_rnd,0.01,0,LP-RND (beta=0.01)
61000,0.005,0.0892950819672131,1.0,68,271,259,1.0952621654070073e-08,1.2491832838932953e-08,1.3689400191196912e-08,6.005564026425112e-09,1.5565589549912992e-05,6.831466898516484e-06,0.0002879258190077,2.678825477531177e-08,lp_rnd,0.01,0,LP-RND (beta=0.01)
62000,0.219,0.0913870967741935,1.0,68,271,259,1.5296569399264682e-08,1.3683100183135797e-08,1.791665162249073e-09,4.539737821116286e-09,2.0508543958880683e-06,5.206484662817201e-06,0.0002937640962568,2.62969654407641e-08,lp_rnd,0.01,0,LP-RND (beta=0.01)
63000,0.077,0.0911587301587301,1.0,68,271,259,1.6165788609621493e-08,1.4003960488400084e-08,6.362673101232774e-10,3.830936473789771e-09,7.367898578304426e-07,4.423327705601238e-06,0.0002818100540639,2.23347208652136e-08,lp_rnd,0.01,0,LP-RND (beta=0.01)
64000,0.063,0.09071875,1.0,68,271,259,1.0513485436733492e-08,1.6653529606681995e-08,2.6013315734289903e-09,2.935828596237404e-09,3.028025282569265e-06,3.417639340757136e-06,0.000287625034806,2.0893866027105192e-08,lp_rnd,0.01,0,LP-RND (beta=0.01)
65000,0.016,0.0895692307692307,1.0,68,271,259,1.088809697957771e-08,1.2237121080451305e-08,2.759433237464748e-10,9.215133606504447e-10,3.240063451185535e-07,1.082394894695986e-06,0.000286706771626,2.0957541099875244e-08,lp_rnd,0.01,0,LP-RND (beta=0.01)
66000,0.03,0.0886666666666666,1.0,68,271,259,1.3176598664029392e-08,1.2110144467065344e-08,3.186751529327125e-09,4.023362038489872e-09,3.769699294795395e-06,4.760101523678805e-06,0.0002864636809663,1.910337755051117e-08,lp_rnd,0.01,0,LP-RND (beta=0.01)
67000,0.128,0.0892537313432835,1.0,68,271,259,1.3043397771583809e-08,1.0915777839730163e-08,2.4346892557591812e-11,2.2712646824458583e-10,2.8992735830539083e-08,2.706289668606784e-07,0.0003051112957928,1.981498145209315e-08,lp_rnd,0.01,0,LP-RND (beta=0.01)
68000,0.03,0.0883823529411764,1.0,68,271,259,1.0586850344533142e-08,1.463371780508385e-07,3.057876174494822e-09,3.662980443156711e-08,3.664961832568597e-06,4.4100835062482855e-05,0.0002917261198099,1.840155723975556e-08,lp_rnd,0.01,0,LP-RND (beta=0.01)
69000,0.058,0.0879420289855072,1.0,68,271,259,9.609096059078776e-09,8.799435755771763e-09,1.5718734742938718e-10,8.69794699110426e-10,1.9025965745715388e-07,1.0521497882743955e-06,0.0003000735567836,1.568667065199314e-08,lp_rnd,0.01,0,LP-RND (beta=0.01)
70000,0.07,0.0876857142857142,1.0,68,271,259,1.2544657100401122e-08,1.0374406774748263e-08,9.043213955450823e-10,1.7353306094362043e-09,1.1014265030205e-06,2.113419573994447e-06,0.0002868814819155,1.6035660699964542e-08,lp_rnd,0.01,0,LP-RND (beta=0.01)
71000,0.025,0.0868028169014084,1.0,68,271,259,9.661674695848888e-09,1.1705315270450805e-08,1.49534571391996e-09,1.65120620720653e-09,1.8334470518266904e-06,2.0249419408803632e-06,0.0003018584664414,1.5815072428093657e-08,lp_rnd,0.01,0,LP-RND (beta=0.01)
72000,0.07,0.0865694444444444,1.0,68,271,259,8.697440973775322e-09,8.170453625232058e-08,1.9593408482977888e-10,3.7567512801909065e-09,2.417474036597615e-07,4.645267039942338e-06,0.0002849736689945,1.2721565218587473e-08,lp_rnd,0.01,0,LP-RND (beta=0.01)
73000,0.011,0.0855342465753424,1.0,68,271,259,1.0980907657912294e-08,2.5148733194901715e-08,8.581395795979253e-10,5.021803677536169e-09,1.0654238246608437e-06,6.239429774091679e-06,0.0002648311822297,1.4696224015509074e-08,lp_rnd,0.01,0,LP-RND (beta=0.01)
74000,0.007,0.0844729729729729,1.0,68,271,259,7.107094183008858e-09,1.0573200814375325e-08,4.25846113927264e-09,1.8387246166738759e-09,5.328897073277366e-06,2.3015163541601656e-06,0.000300533416057,1.51399722068124e-08,lp_rnd,0.01,0,LP-RND (beta=0.01)
75000,0.008,0.0834533333333333,1.0,68,271,259,1.08319094249687e-08,1.4613267198242265e-08,8.158828612714331e-10,2.07196766285441e-09,1.0257296079176788e-06,2.6064987804501275e-06,0.0002721614970691,1.4988175781160963e-08,lp_rnd,0.01,0,LP-RND (beta=0.01)
76000,0.02,0.0826184210526315,1.0,68,271,259,9.77712393268604e-09,8.977166029138999e-09,6.255023832224538e-09,5.050599000700156e-09,7.932527216535668e-06,6.403172502777926e-06,0.0003234705793356,1.222033021419655e-08,lp_rnd,0.01,0,LP-RND (beta=0.01)
77000,0.012,0.0817012987012987,1.0,68,271,259,1.1046745555335729e-08,1.1134277182880924e-08,2.193953729801024e-08,3.5404811395274874e-08,2.8011542718141776e-05,4.518868071357362e-05,0.0003417666143473,1.4280662720800307e-08,lp_rnd,0.01,0,LP-RND (beta=0.01)
78000,0.01,0.0807820512820512,1.0,68,271,259,7.979155136617067e-09,1.059520759006848e-08,4.03431879014704e-09,2.2890778318867148e-09,5.177875467339283e-06,2.940646673974204e-06,0.0002363775719222,1.1283639475667684e-08,lp_rnd,0.01,0,LP-RND (beta=0.01)
79000,0.397,0.0847848101265822,1.0,68,271,259,1.5796238742730645e-08,1.9742248841058452e-08,1.737939929109192e-09,1.2819773508094792e-08,2.2458451265755108e-06,1.6579621045267047e-05,0.0002746279831544,1.2617676206860828e-08,lp_rnd,0.01,0,LP-RND (beta=0.01)
80000,0.758,0.0932,1.0,68,271,259,1.330272282932849e-08,1.0497571938438797e-08,1.5232084419931202e-08,8.86296918684531e-09,1.9812382772466317e-05,1.1528343927032651e-05,0.0002476178483966,1.0745691134017576e-08,lp_rnd,0.01,0,LP-RND (beta=0.01)
81000,0.412,0.0971358024691358,1.0,68,271,259,1.1742512185370298e-08,1.1828994753575628e-08,2.8564680247897452e-08,2.8908312625028113e-08,3.736039580160289e-05,3.786037337050897e-05,0.0002676238108681,1.0577006240186647e-08,lp_rnd,0.01,0,LP-RND (beta=0.01)
82000,0.671,0.1041341463414634,1.0,68,271,259,1.637271150135399e-08,9.717111183069947e-08,1.856883074856439e-09,1.05325067833162e-08,2.444949962663091e-06,1.39081532585299e-05,0.0002685553512137,1.2904051317041976e-08,lp_rnd,0.01,0,LP-RND (beta=0.01)
83000,0.082,0.103867469879518,1.0,68,271,259,4.6020119916731294e-09,7.336882555715514e-09,2.894568013462721e-10,6.362133901283682e-11,3.826664630141983e-07,8.41981717000983e-08,0.0002787538764096,9.137973032036229e-09,lp_rnd,0.01,0,LP-RND (beta=0.01)
84000,0.284,0.1060119047619047,1.0,68,271,259,1.9293384477673523e-08,4.000718007174789e-08,8.261576790442499e-11,6.904087881162934e-09,1.1002496981508797e-07,9.209106839650258e-06,0.0003031662118391,1.254858522736768e-08,lp_rnd,0.01,0,LP-RND (beta=0.01)
85000,0.05,0.1053529411764706,1.0,68,271,259,1.3301170191937217e-08,1.0347586779354371e-08,7.843428377896088e-09,1.2458195032786983e-08,1.051252739874708e-05,1.67027168768514e-05,0.0002802177637965,9.120612647461891e-09,lp_rnd,0.01,0,LP-RND (beta=0.01)
86000,0.048,0.1046860465116279,1.0,68,271,259,1.4893837699027822e-08,1.8368613265991377e-08,2.9267321251709904e-09,5.690660526369666e-09,3.949262075683192e-06,7.679198153597887e-06,0.0002705661815984,1.5635864477003823e-08,lp_rnd,0.01,0,LP-RND (beta=0.01)
87000,0.062,0.1041954022988505,1.0,68,271,259,5.3141981393346805e-09,5.475244964415361e-09,1.5925522549443649e-12,6.513231351437872e-11,2.155190431502612e-09,8.821519535443283e-08,0.0002347472679109,6.059893996629429e-09,lp_rnd,0.01,0,LP-RND (beta=0.01)
88000,0.081,0.1039318181818181,1.0,68,271,259,1.3014790120784793e-08,1.0061105527170698e-08,1.0791195892971644e-09,1.2478083068082121e-09,1.4734061185977436e-06,1.70306240902746e-06,0.0002570599978615,1.172509530045218e-08,lp_rnd,0.01,0,LP-RND (beta=0.01)
89000,0.07,0.1035505617977528,1.0,68,271,259,8.555106175859148e-09,7.332046737493482e-09,5.0564836762134754e-09,5.703170328350859e-09,6.934824587557411e-06,7.823003381968684e-06,0.0002612652716578,8.969447523821117e-09,lp_rnd,0.01,0,LP-RND (beta=0.01)
90000,0.055,0.1030111111111111,1.0,68,271,259,8.763725175856249e-09,9.405706524862969e-09,2.6990133118364283e-08,2.1547131031564266e-08,3.723049594032332e-05,2.972420338828255e-05,0.0002474316003189,1.0628439425452996e-08,lp_rnd,0.01,0,LP-RND (beta=0.01)
91000,0.074,0.1026923076923077,1.0,68,271,259,8.506539202764737e-09,8.50419119567869e-09,3.248147474711861e-09,3.036427984138827e-09,4.503280220768737e-06,4.210540775690067e-06,0.0002685956349095,1.0111465739481852e-08,lp_rnd,0.01,0,LP-RND (beta=0.01)
92000,0.07,0.1023369565217391,1.0,68,271,259,8.271678805396984e-09,8.265279282618071e-09,7.643166353789508e-10,4.011325811061226e-09,1.0662366859490475e-06,5.592525666081137e-06,0.0002818270891303,9.898014319054129e-09,lp_rnd,0.01,0,LP-RND (beta=0.01)
93000,0.08,0.1020967741935483,1.0,68,271,259,5.820140720758094e-09,7.563933414273696e-09,3.015791044669314e-09,4.126052155736683e-09,4.225702924590788e-06,5.783198752377433e-06,0.000254083374138,8.545660437953017e-09,lp_rnd,0.01,0,LP-RND (beta=0.01)
94000,0.079,0.1018510638297872,1.0,68,271,259,9.890603521492017e-09,1.0217841354267072e-08,7.452799390286653e-09,6.038774730838519e-09,1.0503863444223897e-05,8.513229352402846e-06,0.000261223487651,1.1772214435601392e-08,lp_rnd,0.01,0,LP-RND (beta=0.01)
95000,0.127,0.1021157894736842,1.0,68,271,259,1.5474248054622785e-08,4.506669094273264e-09,2.1614735285952487e-10,9.350279110222768e-12,3.070938070264795e-07,1.3235253189176253e-08,0.0002447158099444,6.3906278744418905e-09,lp_rnd,0.01,0,LP-RND (beta=0.01)
96000,0.101,0.1021041666666666,1.0,68,271,259,1.26926069830464e-08,9.888307618587611e-09,1.698340563892191e-09,6.219243514694805e-10,2.4204119288851437e-06,8.860538192603674e-07,0.0002625744688499,1.0977163820258264e-08,lp_rnd,0.01,0,LP-RND (beta=0.01)
97000,0.071,0.1017835051546391,1.0,68,271,259,9.901513027328711e-09,1.0404634420092565e-08,8.401846092093704e-09,6.931415720304429e-09,1.202561267271343e-05,9.922463340265626e-06,0.0002451325490499,1.1953872387948652e-08,lp_rnd,0.01,0,LP-RND (beta=0.01)
98000,0.062,0.1013775510204081,1.0,68,271,259,5.351080550886067e-09,5.422253060699035e-09,7.198864461533196e-10,8.570702578706391e-10,1.034797142643738e-06,1.2323334944406869e-06,0.0002611476618776,6.190709386844073e-09,lp_rnd,0.01,0,LP-RND (beta=0.01)
99000,0.065,0.101010101010101,1.0,68,271,259,8.955774653497992e-09,8.140472666955105e-09,4.759619249155706e-09,4.569307914330713e-09,6.887934333108431e-06,6.6115303469406766e-06,0.0002736339704676,9.655175371658942e-09,lp_rnd,0.01,0,LP-RND (beta=0.01)
100000,0.041,0.10041,1.0,68,271,259,7.241472599068929e-09,8.492187375594264e-09,7.83429974010461e-11,3.4713878544959956e-10,1.1393499370801729e-07,5.047545960658505e-07,0.0002594274937365,9.810375030810948e-09,lp_rnd,0.01,0,LP-RND (beta=0.01)
1000,0.16,0.16,0.7352941176470589,50,171,166,0.0096697420114651,0.0090537758156036,0.0,0.0,0.0,0.0,0.0083951074630022,0.0088682658970355,lp_rnd,0.01,1,LP-RND (beta=0.01)
2000,0.153,0.1565,0.8382352941176471,57,200,192,0.0009890030094871,0.0004200590921944,0.0083856008752109,0.0084892037245439,3.0933067506202856,2.5479623396324467,0.0022467035196605,0.0004870502166413,lp_rnd,0.01,1,LP-RND (beta=0.01)
3000,0.102,0.1383333333333333,0.8676470588235294,59,223,213,3.767008766040888e-05,5.527219351448338e-05,3.0360158386126084e-05,2.445847802895016e-05,0.0072271857016247,0.005791570716789,0.0001302867170452,4.132355733236182e-05,lp_rnd,0.01,1,LP-RND (beta=0.01)
4000,0.112,0.13175,0.9264705882352942,63,238,228,1.3767722448067484e-05,3.654910806330639e-05,6.118574260329167e-06,1.1779918756437344e-05,0.0015743001977781,0.0030707184663367,8.942201860554633e-05,2.031251161315595e-05,lp_rnd,0.01,1,LP-RND (beta=0.01)
5000,0.154,0.1362,0.9264705882352942,63,238,228,6.960493347041729e-06,1.2296043060206077e-05,3.2333682006006333e-06,1.9503180327823768e-06,0.0009110347572349,0.000542376665131,7.401881278383371e-05,1.3515601371182129e-05,lp_rnd,0.01,1,LP-RND (beta=0.01)
6000,0.098,0.1298333333333333,0.9705882352941176,66,254,243,3.7306302399939542e-06,2.2317717285782216e-05,1.203641962009136e-06,3.0961028967879543e-06,0.0003647443930301,0.0009403065897394,6.430941271537449e-05,8.55779125868139e-06,lp_rnd,0.01,1,LP-RND (beta=0.01)
7000,0.159,0.134,0.9852941176470588,67,263,252,2.422247012779032e-06,1.6376935415426982e-05,4.910415409912098e-07,3.715143861476556e-06,0.000157241566189,0.0012160037930247,5.884939949464751e-05,7.0100607738368126e-06,lp_rnd,0.01,1,LP-RND (beta=0.01)
8000,0.108,0.13075,0.9852941176470588,67,266,255,1.6372219541246388e-06,1.3148588450551064e-05,2.704772431048628e-07,3.9381182490015645e-06,9.20587166551858e-05,0.0013518350197608,7.332710403716191e-05,6.025638582514148e-06,lp_rnd,0.01,1,LP-RND (beta=0.01)
9000,0.167,0.1347777777777777,0.9852941176470588,67,266,255,1.0408839179904215e-06,5.412619589030166e-06,2.1711791246052818e-07,6.640150020718404e-07,7.857590743872415e-05,0.0002386826327291,6.782121274954988e-05,4.613118646147995e-06,lp_rnd,0.01,1,LP-RND (beta=0.01)
10000,0.119,0.1332,1.0,68,270,258,9.667442577856566e-07,9.123421509943755e-06,1.1221110470683588e-07,1.2095576467350672e-06,4.254569497319453e-05,0.0004572317968111,6.07681342817159e-05,3.618458005462344e-06,lp_rnd,0.01,1,LP-RND (beta=0.01)
11000,0.158,0.1354545454545454,1.0,68,270,258,7.602884671423684e-07,3.033039049395021e-06,2.0606567056370586e-07,3.646899569283472e-07,8.168653611013518e-05,0.0001448969006646,5.8706822866042784e-05,2.883883638446605e-06,lp_rnd,0.01,1,LP-RND (beta=0.01)
12000,0.249,0.1449166666666666,1.0,68,270,258,5.900359859852764e-07,1.2020475193636177e-06,7.53869501299978e-08,2.2181394331005655e-07,3.115716132536176e-05,9.193439212888597e-05,6.079435846459091e-05,2.179736420430345e-06,lp_rnd,0.01,1,LP-RND (beta=0.01)
13000,0.292,0.1562307692307692,1.0,68,270,258,4.285062701504178e-07,1.820510258801776e-06,1.473204191453633e-07,1.985548913484049e-07,6.305329309563557e-05,8.44828100441944e-05,6.081348907628126e-05,1.7291561138677025e-06,lp_rnd,0.01,1,LP-RND (beta=0.01)
14000,0.168,0.1570714285714285,1.0,68,270,258,2.881302249912481e-07,8.476629679031989e-07,9.415513482108077e-08,1.0578997551900461e-07,4.178598447031285e-05,4.6772363018515576e-05,6.680094167677453e-05,1.3402090940530798e-06,lp_rnd,0.01,1,LP-RND (beta=0.01)
15000,0.194,0.1595333333333333,1.0,68,270,258,2.4559106389322494e-07,7.336324282605096e-07,4.854727182456588e-08,7.480694079075594e-08,2.2156631298179547e-05,3.434013168537622e-05,9.245986520454609e-05,1.1014486520934951e-06,lp_rnd,0.01,1,LP-RND (beta=0.01)
16000,0.173,0.160375,1.0,68,270,258,1.768328916462404e-07,7.79754689700018e-07,3.263338939600833e-08,9.32550356635022e-08,1.5411784365815302e-05,4.424534339730748e-05,0.0001000559203348,9.056259554256484e-07,lp_rnd,0.01,1,LP-RND (beta=0.01)
17000,0.139,0.1591176470588235,1.0,68,270,258,1.5995461034997614e-07,1.5545459056884536e-06,3.3719611275846085e-08,1.6432861915557468e-07,1.642898055747909e-05,7.976631059120694e-05,9.343412488306056e-05,7.937010911120979e-07,lp_rnd,0.01,1,LP-RND (beta=0.01)
18000,0.133,0.1576666666666666,1.0,68,270,258,1.5313429513914918e-07,5.05846162683235e-07,2.5664498429536172e-08,5.886371808489091e-08,1.2803655386548354e-05,2.942709122421505e-05,0.0001127498926898,6.854818654176143e-07,lp_rnd,0.01,1,LP-RND (beta=0.01)
19000,0.134,0.1564210526315789,1.0,68,271,259,1.3602807718701e-07,9.192864290151432e-07,3.095996287199728e-08,8.795550210870306e-08,1.587070092978198e-05,4.530101773610072e-05,0.0001269646417385,5.900381468251226e-07,lp_rnd,0.01,1,LP-RND (beta=0.01)
20000,0.101,0.15365,1.0,68,271,259,1.1810517916350508e-07,8.429413765450968e-07,2.267982898954437e-08,6.281208637481741e-08,1.1917467127204047e-05,3.2957474529850645e-05,0.0001426620128895,5.490107278234291e-07,lp_rnd,0.01,1,LP-RND (beta=0.01)
21000,0.12,0.152047619047619,1.0,68,271,259,1.270158414889977e-07,6.276586198803648e-07,1.515189363606358e-08,3.841727667703248e-08,8.150805909847905e-06,2.06784478762668e-05,0.000159895587687,4.887828685724571e-07,lp_rnd,0.01,1,LP-RND (beta=0.01)
22000,0.092,0.1493181818181818,1.0,68,271,259,9.436882707154097e-08,7.264550401622686e-07,9.613100846751344e-09,8.140137066606079e-08,5.274643930909336e-06,4.499665469075604e-05,0.0001716570994394,4.29075390073308e-07,lp_rnd,0.01,1,LP-RND (beta=0.01)
23000,0.086,0.1465652173913043,1.0,68,271,259,8.159934997465587e-08,7.28942438475592e-07,2.0787225749504513e-08,1.019896158890944e-07,1.1699350086039244e-05,5.747781505006796e-05,0.0002009380728013,3.899638275299822e-07,lp_rnd,0.01,1,LP-RND (beta=0.01)
24000,0.06,0.1429583333333333,1.0,68,271,259,8.016774900217646e-08,5.276818981080037e-07,1.0547527118376366e-08,5.334988743732144e-08,6.052413034540129e-06,3.058754099074722e-05,0.000232181805848,3.726603791562866e-07,lp_rnd,0.01,1,LP-RND (beta=0.01)
25000,0.052,0.13932,1.0,68,271,259,6.680622977893992e-08,6.487260533055682e-07,1.6814734049575012e-08,8.144860016064588e-08,9.869474882831366e-06,4.779109473134625e-05,0.0002413717506588,3.377295602149389e-07,lp_rnd,0.01,1,LP-RND (beta=0.01)
26000,0.071,0.1366923076923077,1.0,68,271,259,6.854568861184094e-08,6.496428194683052e-07,6.737889895477347e-09,5.433394894344918e-08,4.038197172751167e-06,3.247546785442911e-05,0.0002821375880212,3.10344913998506e-07,lp_rnd,0.01,1,LP-RND (beta=0.01)
27000,0.076,0.1344444444444444,1.0,68,271,259,6.352724774298e-08,4.890244374870086e-07,9.704148549055364e-09,6.633785342499542e-08,5.909466426708462e-06,4.046129932459478e-05,0.0002946175970519,2.886989790553685e-07,lp_rnd,0.01,1,LP-RND (beta=0.01)
28000,0.044,0.1312142857142857,1.0,68,271,259,7.050834546521142e-08,5.404845672961571e-07,7.405019425926246e-09,8.272488759095038e-08,4.58311705690842e-06,5.131177740437306e-05,0.0003027847733719,2.684827349810349e-07,lp_rnd,0.01,1,LP-RND (beta=0.01)
29000,0.031,0.1277586206896551,1.0,68,271,259,7.417069797054043e-08,5.041206852362126e-07,7.457548729088294e-09,1.063365398670134e-07,4.689477686432171e-06,6.716038269934261e-05,0.0003171039788103,2.533296749476222e-07,lp_rnd,0.01,1,LP-RND (beta=0.01)
30000,0.07,0.1258333333333333,1.0,68,271,259,7.055193902110496e-08,2.5314562292685825e-07,5.473430800658922e-09,4.067316172751134e-08,3.505596936468084e-06,2.6101640304434047e-05,0.0003394393623748,2.302786230288234e-07,lp_rnd,0.01,1,LP-RND (beta=0.01)
31000,0.042,0.1231290322580645,1.0,68,271,259,5.4464526349257935e-08,1.5952968432601577e-07,7.968916278178724e-09,2.2939136712154648e-08,5.187206561114338e-06,1.495798151780262e-05,0.0004156778601754,2.0743918211962867e-07,lp_rnd,0.01,1,LP-RND (beta=0.01)
32000,0.027,0.120125,1.0,68,271,259,4.762560847750677e-08,1.3452813690754966e-07,7.3527721524526524e-09,2.137377901936967e-08,4.857162019750298e-06,1.4157565155767784e-05,0.0004347286717857,1.8654506814641533e-07,lp_rnd,0.01,1,LP-RND (beta=0.01)
33000,0.047,0.1179090909090909,1.0,68,271,259,4.370497616767527e-08,9.072078242836392e-08,9.275102633922717e-09,1.473761740090556e-08,6.222430721123708e-06,9.897040177079596e-06,0.0003953685494925,1.7354797305557669e-07,lp_rnd,0.01,1,LP-RND (beta=0.01)
34000,0.017,0.1149411764705882,1.0,68,271,259,3.52410525336796e-08,8.835491708542219e-08,5.455352457354767e-09,1.6487387413736765e-08,3.709645820791726e-06,1.124016761680132e-05,0.0004327458822735,1.549457705181112e-07,lp_rnd,0.01,1,LP-RND (beta=0.01)
35000,0.024,0.1123428571428571,1.0,68,271,259,3.893341382621429e-08,2.9276517674173777e-07,1.4746124025559009e-08,3.55361716573968e-08,1.0189437296907644e-05,2.458675608159094e-05,0.0004294951044485,1.4659814695860974e-07,lp_rnd,0.01,1,LP-RND (beta=0.01)
36000,0.024,0.1098888888888888,1.0,68,271,259,3.891311332419415e-08,3.1950444801522654e-07,6.082084909782755e-09,6.862707741246311e-08,4.261213937545904e-06,4.819486198689185e-05,0.0004122442606403,1.4066777724508487e-07,lp_rnd,0.01,1,LP-RND (beta=0.01)
37000,0.034,0.1078378378378378,1.0,68,271,259,3.63617004741373e-08,2.853449450627663e-07,4.313243409496061e-09,3.8097057940815696e-08,3.069354614432369e-06,2.708190326807148e-05,0.000365414074753,1.320191450275843e-07,lp_rnd,0.01,1,LP-RND (beta=0.01)
38000,0.094,0.1074736842105263,1.0,68,271,259,4.178868489071512e-08,1.8659043232359534e-07,1.0209970174277587e-09,1.7925678652503772e-08,7.376991839630656e-07,1.288998666765822e-05,0.0003563651937874,1.2375763127892014e-07,lp_rnd,0.01,1,LP-RND (beta=0.01)
39000,0.033,0.1055641025641025,1.0,68,271,259,4.1311769574249555e-08,3.1995456558069693e-07,1.0549593629648232e-08,9.834640743556585e-08,7.678512635529248e-06,7.173116550960713e-05,0.0003163181105337,1.2008457489542936e-07,lp_rnd,0.01,1,LP-RND (beta=0.01)
40000,0.048,0.104125,1.0,68,271,259,2.7757098045958866e-08,7.278296887123113e-08,1.4556769308467683e-09,9.456393615871113e-09,1.070116360775617e-06,6.989345867552413e-06,0.0002948218485689,1.0723461608463937e-07,lp_rnd,0.01,1,LP-RND (beta=0.01)
41000,0.032,0.1023658536585365,1.0,68,271,259,3.0881224466483566e-08,8.280302072196546e-08,4.732180092226201e-09,1.4009019936743116e-08,3.538553607457114e-06,1.0470015562429464e-05,0.0002589587920947,1.0335182152942935e-07,lp_rnd,0.01,1,LP-RND (beta=0.01)
42000,0.146,0.1034047619047619,1.0,68,271,259,2.755584600682574e-08,5.0934211440259664e-08,2.3107554834581767e-09,5.215936365621128e-09,1.7489322599814894e-06,3.942652429950243e-06,0.0002402833497581,9.470054930815765e-08,lp_rnd,0.01,1,LP-RND (beta=0.01)
43000,0.121,0.1038139534883721,1.0,68,271,259,2.8256226552314703e-08,6.387621227252803e-08,5.22983986328643e-09,1.2291904216509666e-08,4.0032029034153495e-06,9.40191720814366e-06,0.0002165105370895,8.874358236710124e-08,lp_rnd,0.01,1,LP-RND (beta=0.01)
44000,0.041,0.1023863636363636,1.0,68,271,259,3.08466716451748e-08,1.4652449081975878e-07,3.491244800033001e-09,1.2866865616299968e-08,2.693889459596718e-06,9.956274088067364e-06,0.0001998057385462,8.418402329013476e-08,lp_rnd,0.01,1,LP-RND (beta=0.01)
45000,0.166,0.1038,1.0,68,271,259,4.215040272370629e-08,1.4148753540799304e-07,6.307875721087252e-10,1.3041043870686666e-08,4.935456702440943e-07,1.0215328624632663e-05,0.0002014926436213,8.160199073259379e-08,lp_rnd,0.01,1,LP-RND (beta=0.01)
46000,0.016,0.101891304347826,1.0,68,271,259,3.9810901686365696e-08,2.369959246890399e-07,7.4483814671566514e-09,2.1050804206373908e-08,5.875807345964039e-06,1.6678318979396724e-05,0.0001970479047031,7.756753246113136e-08,lp_rnd,0.01,1,LP-RND (beta=0.01)
47000,0.018,0.1001063829787234,1.0,68,271,259,3.938896576806251e-08,1.354458601931859e-07,2.3525444308663483e-09,3.8252419653190895e-08,1.8859372300918277e-06,3.059811912113461e-05,0.0002036215110629,7.68951352050351e-08,lp_rnd,0.01,1,LP-RND (beta=0.01)
48000,0.01,0.0982291666666666,1.0,68,271,259,3.4315279506813574e-08,6.925294475612184e-08,6.716824607622129e-09,1.2845573587992305e-08,5.425135914090141e-06,1.03622837670824e-05,0.0002027771675311,7.246934061555523e-08,lp_rnd,0.01,1,LP-RND (beta=0.01)
49000,0.078,0.0978163265306122,1.0,68,271,259,3.7999713939576366e-08,4.8648599223760775e-08,1.574047934728749e-08,2.1801335923828533e-08,1.2836621162717209e-05,1.7797157266161976e-05,0.0002077003842459,6.788015635095236e-08,lp_rnd,0.01,1,LP-RND (beta=0.01)
50000,0.006,0.09598,1.0,68,271,259,3.3280586878940234e-08,4.382748114618613e-08,4.79092913489391e-10,3.1938698906712707e-09,3.9534522735905033e-07,2.631881456646634e-06,0.0001923323685678,6.36669224149955e-08,lp_rnd,0.01,1,LP-RND (beta=0.01)
51000,0.005,0.0941960784313725,1.0,68,271,259,1.466804757654927e-08,3.593196927178867e-08,2.964577419106717e-08,1.6156714057981088e-08,2.4678149796426013e-05,1.344940897826316e-05,0.0001862007038639,5.964526771862211e-08,lp_rnd,0.01,1,LP-RND (beta=0.01)
52000,0.01,0.092576923076923,1.0,68,271,259,1.854486093577634e-08,5.120415446708333e-08,5.9460706580694034e-09,3.805299174305242e-09,4.999515799452433e-06,3.2040615187462364e-06,0.0001898002012558,5.8296101199672986e-08,lp_rnd,0.01,1,LP-RND (beta=0.01)
53000,0.01,0.0910188679245283,1.0,68,271,259,2.3820795025386583e-08,6.26218952706338e-08,1.8664201739682083e-09,6.528508276742837e-09,1.581587755464143e-06,5.5410859684347e-06,0.0001808213990407,5.395626955895238e-08,lp_rnd,0.01,1,LP-RND (beta=0.01)
54000,0.009,0.0895,1.0,68,271,259,1.9132431540293105e-08,1.819305324397394e-08,4.4463672250256215e-10,1.567321196921563e-09,3.8160681549248817e-07,1.342097333783867e-06,0.0001756207672679,5.168881084749445e-08,lp_rnd,0.01,1,LP-RND (beta=0.01)
55000,0.032,0.0884545454545454,1.0,68,271,259,1.6562333018943498e-08,2.7576526142951756e-08,7.062352230802205e-10,3.45636174961046e-09,6.094563894874669e-07,2.986818706468519e-06,0.0001819555590614,4.9448312184452456e-08,lp_rnd,0.01,1,LP-RND (beta=0.01)
56000,0.019,0.0872142857142857,1.0,68,271,259,1.7960520135467935e-08,2.973946755320826e-08,1.7579006788238123e-09,6.727513033007577e-09,1.530043914589017e-06,5.870129078784043e-06,0.000180099755883,4.6430439331501826e-08,lp_rnd,0.01,1,LP-RND (beta=0.01)
57000,0.011,0.0858771929824561,1.0,68,271,259,1.5291694738744418e-08,3.6390696275938334e-08,8.094447536486562e-10,2.619880212559752e-09,7.11749824470527e-07,2.3024124391868488e-06,0.0002182266243062,4.568263276460983e-08,lp_rnd,0.01,1,LP-RND (beta=0.01)
58000,0.168,0.0872931034482758,1.0,68,271,259,1.98470158165241e-08,1.90152269218941e-08,1.0266122682115305e-08,9.277933935014636e-09,9.093981043533991e-06,8.229604209589991e-06,0.0002064398516245,4.1483607118308897e-08,lp_rnd,0.01,1,LP-RND (beta=0.01)
59000,0.018,0.0861186440677966,1.0,68,271,259,1.3872578024592348e-08,2.1998655072727443e-08,3.000728801241494e-10,4.2721330342985626e-10,2.6822981615212816e-07,3.819694225651737e-07,0.000199163869177,3.988563668055889e-08,lp_rnd,0.01,1,LP-RND (beta=0.01)
60000,0.024,0.0850833333333333,1.0,68,271,259,1.7354718292080424e-08,1.7084047378498755e-08,1.4862055660221548e-08,1.2118719091988085e-08,1.338886798341795e-05,1.0928445331612994e-05,0.0001892199727512,3.6046287542390586e-08,lp_rnd,0.01,1,LP-RND (beta=0.01)
61000,0.089,0.0851475409836065,1.0,68,271,259,1.6312071992777758e-08,1.8316336734433408e-08,2.878756239630384e-09,3.227014904349275e-09,2.621991191549208e-06,2.9365236019100832e-06,0.0001905252075398,3.6050069131654543e-08,lp_rnd,0.01,1,LP-RND (beta=0.01)
62000,0.161,0.0863709677419354,1.0,68,271,259,1.690131094291753e-08,1.869570944567474e-08,1.693318170291689e-10,1.5270334423511015e-09,1.5473464560946305e-07,1.4019311307510928e-06,0.0002037517314251,3.180239902533799e-08,lp_rnd,0.01,1,LP-RND (beta=0.01)
63000,0.026,0.0854126984126984,1.0,68,271,259,1.9938695480994703e-08,1.592530220722972e-08,9.037353873800122e-09,7.629111246006231e-09,8.357889770285267e-06,7.05107238068623e-06,0.0002223037769808,3.1323152779094695e-08,lp_rnd,0.01,1,LP-RND (beta=0.01)
64000,0.009,0.08421875,1.0,68,271,259,2.2606611298985832e-08,1.6986639707351873e-08,2.23417116905643e-09,4.154663682041678e-09,2.076678580176703e-06,3.8674534670230805e-06,0.0002275494024752,3.1727346161858356e-08,lp_rnd,0.01,1,LP-RND (beta=0.01)
65000,0.136,0.0850153846153846,1.0,68,271,259,1.9664163287887416e-08,2.3119235380029712e-08,4.517844147808477e-08,1.603196338390217e-08,4.242116807920477e-05,1.504277364554994e-05,0.0002471333512044,2.6499951539804555e-08,lp_rnd,0.01,1,LP-RND (beta=0.01)
66000,0.028,0.0841515151515151,1.0,68,271,259,1.4741706315974616e-08,1.5353309739018457e-08,1.2180450108851511e-08,8.022489580286539e-09,1.1512458814784016e-05,7.585682680001231e-06,0.0001988709155775,2.742061119498373e-08,lp_rnd,0.01,1,LP-RND (beta=0.01)
67000,0.05,0.0836417910447761,1.0,68,271,259,1.1713057861406642e-08,1.4439083096541936e-08,9.912838017100967e-10,1.3993913562440763e-09,9.44761207783422e-07,1.3333510247715738e-06,0.0002429362086945,2.5822409229103727e-08,lp_rnd,0.01,1,LP-RND (beta=0.01)
68000,0.012,0.0825882352941176,1.0,68,271,259,1.4164308799931764e-08,1.1401397198371536e-08,1.574505081869404e-09,2.478989136324669e-09,1.5112002001355275e-06,2.380285019008031e-06,0.000255147263334,2.3657500586971024e-08,lp_rnd,0.01,1,LP-RND (beta=0.01)
69000,0.149,0.0835507246376811,1.0,68,271,259,1.9068272081372503e-08,1.5254616007509e-08,1.2426248963435756e-08,9.86502964915623e-09,1.2027028480323269e-05,9.539540321262814e-06,0.0002247094412932,2.4538331311330097e-08,lp_rnd,0.01,1,LP-RND (beta=0.01)
70000,0.048,0.0830428571428571,1.0,68,271,259,2.0825727059525793e-08,1.9351180768900637e-08,8.95440497676129e-09,1.324501015634235e-08,8.714094061826336e-06,1.29000680079669e-05,0.0002541293690374,2.4538620063019324e-08,lp_rnd,0.01,1,LP-RND (beta=0.01)
71000,0.069,0.0828450704225352,1.0,68,271,259,1.3620984398359142e-08,1.4146245592280966e-08,7.355445425041811e-09,4.486631721116391e-09,7.212635790178527e-06,4.398887093820551e-06,0.0002538734375043,2.34863695549592e-08,lp_rnd,0.01,1,LP-RND (beta=0.01)
72000,0.318,0.0861111111111111,1.0,68,271,259,1.8456391372584613e-08,1.2650377402829262e-08,5.47763232396509e-12,3.7675979182350347e-10,5.416031463001044e-09,3.711221000681039e-07,0.0002797561054503,2.154764229755912e-08,lp_rnd,0.01,1,LP-RND (beta=0.01)
73000,0.035,0.0854109589041095,1.0,68,271,259,9.617342719029208e-09,1.1587159272834422e-08,2.5699683270374863e-09,7.841560388931657e-10,2.553405271074568e-06,7.794533975449994e-07,0.0002862912025184,1.836038487645908e-08,lp_rnd,0.01,1,LP-RND (beta=0.01)
74000,0.075,0.0852702702702702,1.0,68,271,259,1.6399012960910397e-08,1.3609386275043496e-08,3.449382350121747e-09,8.467872664925296e-10,3.453438147171066e-06,8.47876710425155e-07,0.0002517569420051,1.9736612585585788e-08,lp_rnd,0.01,1,LP-RND (beta=0.01)
75000,0.045,0.0847333333333333,1.0,68,271,259,1.7549262137311278e-08,1.2915454696070696e-08,9.305036346379186e-09,9.602656037406834e-09,9.375411356957358e-06,9.674909693235568e-06,0.0002368758794086,2.2289779677997506e-08,lp_rnd,0.01,1,LP-RND (beta=0.01)
76000,0.069,0.0845263157894736,1.0,68,271,259,1.0280115398233834e-08,1.086089092190606e-08,5.4657627409589486e-09,3.647070399828751e-09,5.541354470609074e-06,3.698125772774548e-06,0.000221835519076,1.604094403684364e-08,lp_rnd,0.01,1,LP-RND (beta=0.01)
77000,0.076,0.0844155844155844,1.0,68,271,259,1.4000683076337576e-08,1.2607522294788444e-08,6.028903931643015e-09,7.953149743155523e-09,6.15458157222856e-06,8.119031897011374e-06,0.0002556347527163,1.7618785139505987e-08,lp_rnd,0.01,1,LP-RND (beta=0.01)
78000,0.072,0.0842564102564102,1.0,68,271,259,1.1382380192702534e-08,1.1386603327608384e-08,3.0318947994187645e-08,1.7768803682259054e-08,3.1149936146843675e-05,1.8257990800415723e-05,0.0002156188045612,1.6225487151411144e-08,lp_rnd,0.01,1,LP-RND (beta=0.01)
79000,0.081,0.0842151898734177,1.0,68,271,259,1.3844121048447841e-08,1.2551864140978869e-08,5.8655846906586745e-08,2.4835260576147573e-08,6.0641865644126486e-05,2.5681503403612896e-05,0.0002546471014325,1.66522561764193e-08,lp_rnd,0.01,1,LP-RND (beta=0.01)
80000,0.079,0.08415,1.0,68,271,259,8.901653831771402e-09,1.0483340275974693e-08,6.295261892646852e-10,3.340193057600434e-10,6.557056424507681e-07,3.480334718707076e-07,0.0002305977525393,1.3563856495535376e-08,lp_rnd,0.01,1,LP-RND (beta=0.01)
81000,0.099,0.0843333333333333,1.0,68,271,259,1.3248086023271494e-08,1.2212531514121632e-08,5.92968668555177e-10,2.4046213250944687e-10,6.203704820170858e-07,2.515905862818931e-07,0.0002414359920906,1.603227546431718e-08,lp_rnd,0.01,1,LP-RND (beta=0.01)
82000,0.133,0.0849268292682926,1.0,68,271,259,9.222821197645847e-09,1.0589805560843176e-08,7.184897589165997e-09,7.3953006379205625e-09,7.573456125390077e-06,7.794250811296389e-06,0.0001989784902289,1.2523170516254291e-08,lp_rnd,0.01,1,LP-RND (beta=0.01)
83000,0.068,0.084722891566265,1.0,68,271,259,1.2635337191568188e-08,1.4648513203455446e-08,1.5457430433668866e-10,2.994725754932629e-10,1.6408156132496884e-07,3.1798218506937706e-07,0.0002489688417524,1.7444734729199497e-08,lp_rnd,0.01,1,LP-RND (beta=0.01)
84000,0.075,0.0846071428571428,1.0,68,271,259,9.517814539468837e-09,8.875448657280778e-09,1.3685157895793054e-10,1.0124913250151422e-10,1.455106523375208e-07,1.0764059361988757e-07,0.0002139056367044,1.2126842927173698e-08,lp_rnd,0.01,1,LP-RND (beta=0.01)
85000,0.073,0.0844705882352941,1.0,68,271,259,1.2167153744189896e-08,1.2502346853466536e-08,1.4662457944899796e-09,1.8221281338619038e-09,1.5725594424417629e-06,1.9545516982138727e-06,0.000219095772828,1.5394739587337724e-08,lp_rnd,0.01,1,LP-RND (beta=0.01)
86000,0.078,0.0843953488372093,1.0,68,271,259,1.1729936263045934e-08,1.0540917934845706e-08,4.016880773873912e-10,3.738146066490727e-10,4.331475512720807e-07,4.032508325024349e-07,0.0002041708033889,1.3461371109801944e-08,lp_rnd,0.01,1,LP-RND (beta=0.01)
87000,0.077,0.0843103448275862,1.0,68,271,259,9.997018397083685e-09,9.552738570048153e-09,1.100194161459548e-08,1.51401673892051e-08,1.1935966600350894e-05,1.642694225832354e-05,0.0002004697765195,1.2663609521013086e-08,lp_rnd,0.01,1,LP-RND (beta=0.01)
88000,0.07,0.0841477272727272,1.0,68,271,259,1.3244544622941541e-08,1.1814595615752136e-08,1.581590223866312e-10,2.950184082691514e-10,1.725832097990762e-07,3.218184614870804e-07,0.0001833843847736,1.4556705191126618e-08,lp_rnd,0.01,1,LP-RND (beta=0.01)
89000,0.071,0.084,1.0,68,271,259,1.189663638336804e-08,1.1644176260091606e-08,1.490609763946613e-09,7.602046264584245e-09,1.6339070676741692e-06,8.337660066741145e-06,0.0001898410905115,1.4424424837455872e-08,lp_rnd,0.01,1,LP-RND (beta=0.01)
90000,0.099,0.0841666666666666,1.0,68,271,259,1.2580920542161548e-08,1.0669822677627425e-08,3.040476826539141e-10,6.048309744276246e-10,3.3493021864528213e-07,6.665710076722615e-07,0.0001810428181424,1.3146096741634141e-08,lp_rnd,0.01,1,LP-RND (beta=0.01)
91000,0.088,0.0842087912087912,1.0,68,271,259,1.1509406135216822e-08,8.779926030850137e-09,5.998488968165945e-09,4.621045908255729e-09,6.65179117196213e-06,5.125309628315366e-06,0.0001752283470383,1.1443712873537848e-08,lp_rnd,0.01,1,LP-RND (beta=0.01)
92000,0.075,0.0841086956521739,1.0,68,271,259,8.947651789862713e-09,9.533005096069221e-09,3.633257428248271e-09,4.082657012820872e-09,4.056312024621661e-06,4.556303510163901e-06,0.0001418026604768,1.1898370007701332e-08,lp_rnd,0.01,1,LP-RND (beta=0.01)
93000,0.073,0.0839892473118279,1.0,68,271,259,1.1424953006486876e-08,1.2533222440433204e-08,5.835028807164874e-11,4.5233785140171597e-10,6.548454061904362e-08,5.076116431144893e-07,0.000185670610196,1.4762013000657605e-08,lp_rnd,0.01,1,LP-RND (beta=0.01)
94000,0.075,0.0838936170212766,1.0,68,271,259,1.0544809262806136e-08,9.864714701078168e-09,1.0410351691803044e-08,1.2094516884934285e-08,1.1730389883656904e-05,1.3631689958560109e-05,0.0001806415995251,1.2134641231842381e-08,lp_rnd,0.01,1,LP-RND (beta=0.01)
95000,0.085,0.0839052631578947,1.0,68,271,259,9.791764539060336e-09,9.643256525544867e-09,4.477303338536759e-10,4.175353432763634e-10,5.074645854182443e-07,4.733547275956567e-07,0.0001234468635645,1.1424559116957057e-08,lp_rnd,0.01,1,LP-RND (beta=0.01)
96000,0.077,0.0838333333333333,1.0,68,271,259,1.0087602409957309e-08,1.1523314746552263e-08,4.237348446149288e-09,3.0246758279660197e-09,4.830070166388333e-06,3.4472593750867685e-06,0.0001606440639253,1.3656649008542132e-08,lp_rnd,0.01,1,LP-RND (beta=0.01)
97000,0.069,0.083680412371134,1.0,68,271,259,8.784869759173707e-09,9.278641385239665e-09,1.0590006527094822e-08,1.5467459636286964e-08,1.2125344515915872e-05,1.7710035842839223e-05,0.0001427589612238,1.085635132613838e-08,lp_rnd,0.01,1,LP-RND (beta=0.01)
98000,0.036,0.0831938775510204,1.0,68,271,259,9.805033334636054e-09,1.2652045566935698e-08,1.3927325219024548e-08,4.9598653764073245e-09,1.6017749976736705e-05,5.708694363914067e-06,0.0001231784259595,1.2362006807320471e-08,lp_rnd,0.01,1,LP-RND (beta=0.01)
99000,0.026,0.0826161616161616,1.0,68,271,259,6.925393258860879e-09,1.0699522505266804e-08,3.953102682803415e-09,4.89746114778041e-09,4.567683999556835e-06,5.662362046772546e-06,0.0001313970381939,1.0061067933664348e-08,lp_rnd,0.01,1,LP-RND (beta=0.01)
100000,0.028,0.08207,1.0,68,271,259,3.463251677501436e-08,1.971111133741801e-08,1.2956370738186655e-09,1.1358564535894206e-09,1.5047118798712837e-06,1.3211301696317055e-06,0.000153237898161,1.5416598144524228e-08,lp_rnd,0.01,1,LP-RND (beta=0.01)
1000,0.135,0.135,0.7352941176470589,50,169,162,0.0074447168554696,0.0074542634689782,0.0,0.0,0.0,0.0,0.0013807218056172,0.0074874465353786,lp_rnd,0.01,2,LP-RND (beta=0.01)
2000,0.119,0.127,0.8676470588235294,59,206,198,0.0007323521787242,0.0003650374345161,0.0065915172160485,0.0069710708608603,2.4753956509211457,2.6458051166673973,0.0002289468219387,0.0003891954706014,lp_rnd,0.01,2,LP-RND (beta=0.01)
3000,0.137,0.1303333333333333,0.8823529411764706,60,217,209,3.58822730892832e-05,4.228677337341904e-05,2.594878432100017e-05,1.8826169850145327e-05,0.0075381208399896,0.0054560592055262,0.0004241490450367,3.281599365072907e-05,lp_rnd,0.01,2,LP-RND (beta=0.01)
4000,0.13,0.13025,0.8823529411764706,60,222,214,1.124628734907254e-05,1.6385606377768672e-05,7.041150664778028e-06,5.576189362952506e-06,0.0022415763368396,0.0017690205880154,0.0001634731064477,1.4933472087705014e-05,lp_rnd,0.01,2,LP-RND (beta=0.01)
5000,0.083,0.1208,0.9117647058823528,62,231,223,5.636591177483434e-06,2.2518417381744066e-05,1.743975470831119e-06,3.774749486943013e-06,0.0006002159444873,0.0013071157824402,0.0001016876504836,8.78163976722135e-06,lp_rnd,0.01,2,LP-RND (beta=0.01)
6000,0.103,0.1178333333333333,0.9117647058823528,62,232,224,3.0453059919645703e-06,7.303614357106746e-06,7.232407155755124e-07,1.7006064206030011e-06,0.000269394315477,0.000629586242223,8.055021710606524e-05,6.934488893421076e-06,lp_rnd,0.01,2,LP-RND (beta=0.01)
7000,0.078,0.1121428571428571,0.9117647058823528,62,236,228,1.7583877609129745e-06,8.650601389621179e-06,4.233762951618048e-07,1.345005230098861e-06,0.0001680552567076,0.0005352348047086,7.737340455787489e-05,5.052008993743584e-06,lp_rnd,0.01,2,LP-RND (beta=0.01)
8000,0.116,0.112625,0.9705882352941176,66,251,242,1.5071279639461613e-06,9.305098966744478e-06,1.7800348487149866e-07,7.694158547975674e-07,7.47825089052856e-05,0.0003199131869357,8.795501566964959e-05,4.022789176474362e-06,lp_rnd,0.01,2,LP-RND (beta=0.01)
9000,0.122,0.1136666666666666,0.9705882352941176,66,251,242,1.1023962545151769e-06,4.207605376652563e-06,2.020543933842985e-07,1.1426563440316832e-06,8.88298046356923e-05,0.0005093501705082,9.085933805727108e-05,3.024714428761399e-06,lp_rnd,0.01,2,LP-RND (beta=0.01)
10000,0.128,0.1151,0.9705882352941176,66,252,243,7.681549170079904e-07,4.023910692586879e-06,1.3533189191505812e-07,6.759827446995136e-07,6.242364098864475e-05,0.0003150388986552,6.857277186099964e-05,2.3983951026593787e-06,lp_rnd,0.01,2,LP-RND (beta=0.01)
11000,0.1,0.1137272727272727,1.0,68,265,253,5.397212736113488e-07,1.107545910039044e-05,1.747452326128496e-07,1.26713838416966e-06,8.42831751400066e-05,0.0006192462600493,8.966246471027262e-05,2.0236196220366763e-06,lp_rnd,0.01,2,LP-RND (beta=0.01)
12000,0.114,0.11375,1.0,68,267,255,4.986332156844136e-07,1.993768416971997e-06,8.187722462600121e-08,2.01489215456231e-07,4.1310159444795673e-05,0.0001022169932342,7.150186777653289e-05,1.947461048303012e-06,lp_rnd,0.01,2,LP-RND (beta=0.01)
13000,0.155,0.1169230769230769,1.0,68,269,257,3.7309270037293306e-07,3.1486124843361846e-06,7.000093706122448e-08,2.954324559369961e-07,3.682554997668198e-05,0.0001547910351565,7.246595979449921e-05,1.5352787500546583e-06,lp_rnd,0.01,2,LP-RND (beta=0.01)
14000,0.107,0.1162142857142857,1.0,68,270,258,3.556821077998002e-07,3.7447011372163463e-06,7.45215004637481e-08,5.072423547380899e-07,4.045898203658916e-05,0.0002758418645851,7.266244270795141e-05,1.3674258443643338e-06,lp_rnd,0.01,2,LP-RND (beta=0.01)
15000,0.226,0.1235333333333333,1.0,68,270,258,2.9452692584513453e-07,8.424177952631083e-07,3.995038277774264e-08,1.0350078194900366e-07,2.2437848014799656e-05,5.812902959555138e-05,8.801824621241394e-05,1.1248509117365302e-06,lp_rnd,0.01,2,LP-RND (beta=0.01)
16000,0.119,0.12325,1.0,68,271,259,2.194233718718229e-07,1.957520109804352e-06,2.3585103005983863e-08,2.3209068467064162e-07,1.3669193292464671e-05,0.0001344446498549,9.862356346002344e-05,9.504597441036822e-07,lp_rnd,0.01,2,LP-RND (beta=0.01)
17000,0.14,0.124235294117647,1.0,68,271,259,2.0523182076967065e-07,1.1080875273391757e-06,4.3576313199114996e-08,1.614754750790201e-07,2.6029020840758963e-05,9.63939947299953e-05,0.0001128701222805,8.166865594034789e-07,lp_rnd,0.01,2,LP-RND (beta=0.01)
18000,0.091,0.1223888888888889,1.0,68,271,259,1.5864058312175346e-07,1.6502913803676671e-06,4.786263177733177e-08,2.2835988373122794e-07,2.9316052538004538e-05,0.0001402181941338,0.0001307003499077,7.41055958158654e-07,lp_rnd,0.01,2,LP-RND (beta=0.01)
19000,0.092,0.1207894736842105,1.0,68,271,259,1.7839122565617246e-07,5.38679800720611e-07,3.684685414755321e-08,9.03526243778821e-08,2.3122322700567236e-05,5.680548243227733e-05,0.0001624537205825,6.411739475851163e-07,lp_rnd,0.01,2,LP-RND (beta=0.01)
20000,0.098,0.11965,1.0,68,271,259,1.4394741605497306e-07,5.374973068825536e-07,1.4832229014155484e-08,4.925305746497516e-08,9.572234898921157e-06,3.173852099641875e-05,0.0001831762734091,5.516796652216271e-07,lp_rnd,0.01,2,LP-RND (beta=0.01)
21000,0.086,0.118047619047619,1.0,68,271,259,1.3095842132679274e-07,3.631205203094537e-07,2.5877965486238493e-08,6.994311961796067e-08,1.7079576382553282e-05,4.622747002557268e-05,0.0002083460620615,4.7481279557359814e-07,lp_rnd,0.01,2,LP-RND (beta=0.01)
22000,0.052,0.1150454545454545,1.0,68,271,259,9.308686102280299e-08,5.026307709415477e-07,7.27513324796711e-09,8.21566017280051e-08,4.920978328114888e-06,5.5518778054438165e-05,0.0002390234631293,4.250754051042805e-07,lp_rnd,0.01,2,LP-RND (beta=0.01)
23000,0.105,0.1146086956521739,1.0,68,271,259,1.1873985108596097e-07,4.642881106386564e-07,1.1681544738924761e-08,6.068054990971098e-08,8.058007344404883e-06,4.192039555203381e-05,0.0003090645113716,3.693646705471565e-07,lp_rnd,0.01,2,LP-RND (beta=0.01)
24000,0.075,0.1129583333333333,1.0,68,271,259,8.245637062032075e-08,2.485630619865155e-07,1.5728949781153764e-08,3.769877647674068e-08,1.1060493362837204e-05,2.6570721599436493e-05,0.0003166607593684,3.3398110256399604e-07,lp_rnd,0.01,2,LP-RND (beta=0.01)
25000,0.087,0.11192,1.0,68,271,259,7.847132012893755e-08,2.274798699113228e-07,1.8344853176762597e-08,2.5216730868196423e-08,1.3199671384515696e-05,1.812921712994192e-05,0.0002957763794729,2.93869577781436e-07,lp_rnd,0.01,2,LP-RND (beta=0.01)
26000,0.106,0.1116923076923076,1.0,68,271,259,7.284569740708974e-08,2.2532885871068934e-07,1.6375079154275717e-08,3.0190675916001805e-08,1.2014829053661765e-05,2.2134412394805085e-05,0.000287899893774,2.611526272104925e-07,lp_rnd,0.01,2,LP-RND (beta=0.01)
27000,0.114,0.1117777777777777,1.0,68,271,259,7.770332067449097e-08,1.5817508553815673e-07,1.204537961771884e-08,1.4274066363307476e-08,8.989574164349433e-06,1.0658535848618277e-05,0.0002995837859507,2.3660984396656207e-07,lp_rnd,0.01,2,LP-RND (beta=0.01)
28000,0.065,0.1101071428571428,1.0,68,271,259,5.934646259548187e-08,1.739956981242327e-07,1.2423443005961696e-08,3.859544163290479e-08,9.436413368192565e-06,2.9333364525609996e-05,0.0002988514141143,2.113203938449715e-07,lp_rnd,0.01,2,LP-RND (beta=0.01)
29000,0.083,0.1091724137931034,1.0,68,271,259,5.849762092662946e-08,1.0362627355361021e-07,9.25159294822661e-09,1.4135733444553666e-08,7.159733134492929e-06,1.0930787058974938e-05,0.000269710247192,1.913829481239304e-07,lp_rnd,0.01,2,LP-RND (beta=0.01)
30000,0.129,0.1098333333333333,1.0,68,271,259,6.29354627189854e-08,3.093462870814519e-07,1.9997441332482897e-08,3.3752978709232344e-08,1.5681043996681455e-05,2.6581337476182967e-05,0.0002871397399067,1.7790367078518442e-07,lp_rnd,0.01,2,LP-RND (beta=0.01)
31000,0.268,0.1149354838709677,1.0,68,271,259,6.253266065489717e-08,8.172921832323263e-08,1.0166591025093389e-08,9.204657406651032e-09,8.128995763992728e-06,7.342598762536261e-06,0.0002922728796802,1.6234762779987477e-07,lp_rnd,0.01,2,LP-RND (beta=0.01)
32000,0.054,0.11303125,1.0,68,271,259,4.9164302193158055e-08,1.2285973813596068e-07,5.500459511733037e-09,1.0430183451246521e-08,4.445377662472935e-06,8.464978252273335e-06,0.0003193171282855,1.545811024747934e-07,lp_rnd,0.01,2,LP-RND (beta=0.01)
33000,0.058,0.1113636363636363,1.0,68,271,259,4.060427300137019e-08,4.21136761095054e-08,4.224379206594277e-09,4.42650584646196e-09,3.466339460033244e-06,3.6422457616334658e-06,0.0002916861105695,1.4262082220994898e-07,lp_rnd,0.01,2,LP-RND (beta=0.01)
34000,0.031,0.109,1.0,68,271,259,4.02978997841281e-08,8.617466490602375e-08,1.0945040028420205e-08,8.867179751839725e-09,9.134137919622216e-06,7.400161202841498e-06,0.0002819966274637,1.285501921550747e-07,lp_rnd,0.01,2,LP-RND (beta=0.01)
35000,0.036,0.1069142857142857,1.0,68,271,259,3.3650380432743226e-08,8.169682682501136e-08,8.591090752376987e-09,6.914851991140482e-09,7.280602811977094e-06,5.868252521358847e-06,0.0002948596803616,1.208289768825921e-07,lp_rnd,0.01,2,LP-RND (beta=0.01)
36000,0.081,0.1061944444444444,1.0,68,271,259,3.2184105070984414e-08,7.820126182689432e-08,4.2359239408277205e-09,7.888635484898437e-09,3.641515878469692e-06,6.771259032517463e-06,0.0003310618134019,1.1162787804863685e-07,lp_rnd,0.01,2,LP-RND (beta=0.01)
37000,0.089,0.1057297297297297,1.0,68,271,259,3.874647476273436e-08,8.362325121027875e-08,1.8211787334118187e-08,2.6480296985279608e-08,1.5865349480771397e-05,2.3073850264627404e-05,0.0003781199497097,1.0287589719482073e-07,lp_rnd,0.01,2,LP-RND (beta=0.01)
38000,0.024,0.103578947368421,1.0,68,271,259,3.434586441179258e-08,1.0779814453098693e-07,6.1002877934276025e-09,9.015195944952629e-09,5.397794017319996e-06,7.971219137907273e-06,0.0003417374994023,9.717578750212397e-08,lp_rnd,0.01,2,LP-RND (beta=0.01)
39000,0.023,0.1015128205128205,1.0,68,271,259,2.9264958147633562e-08,3.0673862160151646e-08,9.000267970518311e-10,1.866731626321937e-09,8.028418427450856e-07,1.6672062703253356e-06,0.0003053996222461,9.386238850161989e-08,lp_rnd,0.01,2,LP-RND (beta=0.01)
40000,0.019,0.09945,1.0,68,271,259,2.0366120345727268e-08,4.7943925784931054e-08,0.0,2.6851670163612173e-09,0.0,2.4300379447134648e-06,0.0003597811465751,8.730127439093848e-08,lp_rnd,0.01,2,LP-RND (beta=0.01)
41000,0.02,0.0975121951219512,1.0,68,271,259,2.509823429086566e-08,6.879978695322516e-08,4.81315209910349e-10,7.428850875953395e-09,4.412555951757986e-07,6.8090785865190895e-06,0.0003364861280933,8.348207513009244e-08,lp_rnd,0.01,2,LP-RND (beta=0.01)
42000,0.01,0.0954285714285714,1.0,68,271,259,3.443633707078675e-08,5.611449089994352e-08,2.30112808807803e-09,5.713034564392657e-09,2.128097810626868e-06,5.294644351756585e-06,0.0002858356684409,8.166175058654803e-08,lp_rnd,0.01,2,LP-RND (beta=0.01)
43000,0.06,0.0946046511627907,1.0,68,271,259,2.6938965813627648e-08,2.5429718374546593e-08,1.0601061066021582e-09,5.070450145801884e-09,9.95538716557213e-07,4.75729708504502e-06,0.0002716163152317,7.367701033800245e-08,lp_rnd,0.01,2,LP-RND (beta=0.01)
44000,0.029,0.0931136363636363,1.0,68,271,259,2.3429118170452452e-08,4.022748648071812e-08,1.281615488065215e-09,2.911518091958504e-09,1.2139158261592095e-06,2.765211098830809e-06,0.0002538965212579,7.19277522858164e-08,lp_rnd,0.01,2,LP-RND (beta=0.01)
45000,0.035,0.0918222222222222,1.0,68,271,259,2.1648790392094142e-08,2.5875190366623057e-08,1.460165347363532e-09,1.4396275144931876e-09,1.4002870876430412e-06,1.3812590503923257e-06,0.0002383801468749,6.616277694959649e-08,lp_rnd,0.01,2,LP-RND (beta=0.01)
46000,0.02,0.0902608695652174,1.0,68,271,259,1.9177664656311323e-08,3.7827930593821306e-08,1.2768408108598803e-09,7.451457172833192e-09,1.2336066224748776e-06,7.231281656900111e-06,0.0002469768565879,6.461575130423115e-08,lp_rnd,0.01,2,LP-RND (beta=0.01)
47000,0.015,0.0886595744680851,1.0,68,271,259,1.6630161396117653e-08,4.30983940576444e-08,2.162303965510167e-09,2.5669864717784423e-09,2.1247512843607177e-06,2.511817039872641e-06,0.000227775819404,5.823933083881627e-08,lp_rnd,0.01,2,LP-RND (beta=0.01)
48000,0.015,0.087125,1.0,68,271,259,2.427819397373317e-08,3.0467850094187844e-08,0.0,1.0563537996955315e-09,0.0,1.0463746573189332e-06,0.000214795357012,6.147366563347135e-08,lp_rnd,0.01,2,LP-RND (beta=0.01)
49000,0.14,0.088204081632653,1.0,68,271,259,2.4015282530852136e-08,1.855862972137121e-08,8.68738828176317e-09,1.069628372179408e-08,8.710246425068908e-06,1.0690435664648284e-05,0.0002112865735571,5.4846321058121826e-08,lp_rnd,0.01,2,LP-RND (beta=0.01)
50000,0.523,0.0969,1.0,68,271,259,3.139383575790522e-08,2.584974532111753e-07,9.076740567572574e-09,3.711399099253062e-08,9.177736121684305e-06,3.735321413622841e-05,0.0001883585809464,5.353563834376018e-08,lp_rnd,0.01,2,LP-RND (beta=0.01)
51000,0.336,0.1015882352941176,1.0,68,271,259,2.6529813848409303e-08,1.4999636830127597e-08,7.241865784295208e-10,6.299857653618913e-10,7.385592359763576e-07,6.444994103916582e-07,0.0002132471775521,5.14001582114787e-08,lp_rnd,0.01,2,LP-RND (beta=0.01)
52000,0.033,0.1002692307692307,1.0,68,271,259,2.3000470538260164e-08,7.172295108418076e-08,0.0,7.822804786117701e-09,0.0,8.030652956119945e-06,0.0002177498156938,5.185537367857762e-08,lp_rnd,0.01,2,LP-RND (beta=0.01)
53000,0.04,0.0991320754716981,1.0,68,271,259,1.912995095665337e-08,3.965965754785621e-08,2.024073975093188e-09,5.138664251521282e-09,2.103560774963115e-06,5.3431912065233296e-06,0.0002211837038025,5.067330064356668e-08,lp_rnd,0.01,2,LP-RND (beta=0.01)
54000,0.012,0.0975185185185185,1.0,68,271,259,1.4939590083547692e-08,2.1310752055288473e-08,7.267107730394666e-09,7.966115008755158e-09,7.624797519889403e-06,8.357325663749328e-06,0.0002217429558759,4.699556320275634e-08,lp_rnd,0.01,2,LP-RND (beta=0.01)
55000,0.056,0.0967636363636363,1.0,68,271,259,1.43513509885475e-08,1.7623718151740092e-08,6.05465990042932e-09,2.4305362097729753e-08,6.416514491324859e-06,2.5736720848683152e-05,0.0002159218938525,4.32191386980918e-08,lp_rnd,0.01,2,LP-RND (beta=0.01)
56000,0.019,0.095375,1.0,68,271,259,1.1921444463182164e-08,2.4143604685100865e-08,2.2334170068916133e-09,7.262522288616431e-09,2.3881975755727277e-06,7.76511302658565e-06,0.0002577843031831,4.193932059326499e-08,lp_rnd,0.01,2,LP-RND (beta=0.01)
57000,0.035,0.0943157894736842,1.0,68,271,259,1.5609664519696966e-08,1.7375863742429873e-08,5.983366183467556e-09,1.489492022916536e-08,6.435955290786037e-06,1.606088785067865e-05,0.000240353304051,3.9357462870981416e-08,lp_rnd,0.01,2,LP-RND (beta=0.01)
58000,0.233,0.0967068965517241,1.0,68,271,259,2.3407217165015907e-08,1.4609975977100665e-08,7.316776864881138e-09,7.818366350101868e-09,7.948743606720535e-06,8.504875594560758e-06,0.0002683281375366,3.300649547144374e-08,lp_rnd,0.01,2,LP-RND (beta=0.01)
59000,0.649,0.1060677966101694,1.0,68,271,259,2.2056962726404985e-08,2.6571102361740253e-08,1.877400087129049e-09,2.3465375498971398e-09,2.057869342924775e-06,2.5754991162453845e-06,0.0002731840307965,3.534194786780631e-08,lp_rnd,0.01,2,LP-RND (beta=0.01)
60000,0.404,0.1110333333333333,1.0,68,271,259,1.90871614503917e-08,1.3755846165348535e-08,2.228442971846381e-08,3.974085968657425e-08,2.4640674045991468e-05,4.393233525225744e-05,0.000261286955613,2.9064517262700205e-08,lp_rnd,0.01,2,LP-RND (beta=0.01)
61000,0.005,0.1092950819672131,1.0,68,271,259,1.664739679441141e-08,1.6937417597094765e-08,1.1348917361431175e-09,1.2921070964713076e-09,1.263891022453054e-06,1.4403669444322703e-06,0.0003083543694292,2.9077338779437413e-08,lp_rnd,0.01,2,LP-RND (beta=0.01)
62000,0.019,0.1078387096774193,1.0,68,271,259,1.1156326727931731e-08,1.0807746592683229e-08,4.151176525331386e-09,2.816267673025553e-09,4.671528872688661e-06,3.1660648656198278e-06,0.0002748020683995,2.78809528357904e-08,lp_rnd,0.01,2,LP-RND (beta=0.01)
63000,0.007,0.1062380952380952,1.0,68,271,259,1.4798699662524735e-08,1.6174794177641012e-08,2.419245756105478e-09,2.1991096829858433e-09,2.738873508930919e-06,2.4898011810705737e-06,0.0002940684976574,2.4529338885859177e-08,lp_rnd,0.01,2,LP-RND (beta=0.01)
64000,0.029,0.10503125,1.0,68,271,259,1.1045375189190775e-08,1.3016673724696903e-08,1.6014859323733835e-09,1.4875622781862882e-09,1.8293626733202875e-06,1.6986975690676e-06,0.0002817506164245,2.1179193733900093e-08,lp_rnd,0.01,2,LP-RND (beta=0.01)
65000,0.052,0.1042153846153846,1.0,68,271,259,1.2996628089973354e-08,1.2204752941637028e-08,5.033107699845209e-09,6.753702565787065e-09,5.795827339049958e-06,7.774863576284835e-06,0.0002818720326126,2.072666566954595e-08,lp_rnd,0.01,2,LP-RND (beta=0.01)
66000,0.012,0.1028181818181818,1.0,68,271,259,1.208761707394146e-08,1.3875483586673082e-08,1.780155874560781e-09,2.1595940867799986e-08,2.065837419256295e-06,2.5034106040432848e-05,0.0002701543784696,2.2832318742560533e-08,lp_rnd,0.01,2,LP-RND (beta=0.01)
67000,0.059,0.1021641791044776,1.0,68,271,259,7.830787558883088e-09,1.1350232534221781e-08,3.727577944993631e-11,1.7957928933001088e-10,4.342648114506096e-08,2.0965390264729667e-07,0.000256657784645,1.589743553953582e-08,lp_rnd,0.01,2,LP-RND (beta=0.01)
68000,0.018,0.1009264705882353,1.0,68,271,259,1.6628373924712193e-08,2.1735310033130293e-08,7.731290916110664e-11,7.17753198129844e-10,9.081927313217941e-08,8.440952741483416e-07,0.0002881869507209,1.937337276403106e-08,lp_rnd,0.01,2,LP-RND (beta=0.01)
69000,0.046,0.1001304347826086,1.0,68,271,259,8.796949782145971e-09,1.1266779943203888e-08,1.3084502225663391e-09,1.9130399162067452e-09,1.548165166686558e-06,2.2681203418910256e-06,0.0002752574414751,1.4463723223334668e-08,lp_rnd,0.01,2,LP-RND (beta=0.01)
70000,0.062,0.0995857142857142,1.0,68,271,259,1.4833640724345382e-08,1.5974532475777734e-08,1.4764870329948339e-10,9.0954168385474e-11,1.763120616426484e-07,1.0849346846817465e-07,0.000289680700018,1.8865205766438463e-08,lp_rnd,0.01,2,LP-RND (beta=0.01)
71000,0.023,0.0985070422535211,1.0,68,271,259,5.654386842804031e-09,8.4967359351603e-09,1.2379131053563695e-09,2.5483893214699554e-09,1.4854901176449123e-06,3.059022270785044e-06,0.0003289069563656,1.2200871282064262e-08,lp_rnd,0.01,2,LP-RND (beta=0.01)
72000,0.051,0.0978472222222222,1.0,68,271,259,1.3143991006714373e-08,1.3100045291248268e-08,6.861257453262031e-09,9.093815716611634e-09,8.298967499058568e-06,1.101486986997383e-05,0.0002697369630075,1.3811902274785126e-08,lp_rnd,0.01,2,LP-RND (beta=0.01)
73000,0.033,0.096958904109589,1.0,68,271,259,2.2241982000289453e-08,1.42659839259469e-08,9.573142548040803e-10,2.2202137622352276e-09,1.1690580525749643e-06,2.706429326530545e-06,0.0002470241425328,1.6955188352429927e-08,lp_rnd,0.01,2,LP-RND (beta=0.01)
74000,0.034,0.0961081081081081,1.0,68,271,259,1.2923004594538451e-08,1.1885819532244184e-08,5.674614373167983e-12,6.776711053367013e-11,6.966309618757198e-09,8.298977170748838e-08,0.0002641173065123,1.4834256969686876e-08,lp_rnd,0.01,2,LP-RND (beta=0.01)
75000,0.026,0.0951733333333333,1.0,68,271,259,1.0253342811546911e-08,9.268751690242896e-09,4.634685797537504e-09,5.563490449989893e-09,5.726483243407236e-06,6.872662294266854e-06,0.0003292614256197,1.3474915578792768e-08,lp_rnd,0.01,2,LP-RND (beta=0.01)
76000,0.067,0.0948026315789473,1.0,68,271,259,7.459648015381695e-09,1.2657724210562838e-08,2.3718247432415447e-10,5.575443495002077e-10,2.9458913347164205e-07,6.926880810049698e-07,0.000280727903209,1.4804681866431582e-08,lp_rnd,0.01,2,LP-RND (beta=0.01)
77000,0.159,0.0956363636363636,1.0,68,271,259,1.0703800856142156e-08,1.7689144251304997e-08,1.9114992328327147e-09,2.6078462362229486e-09,2.388070246949896e-06,3.2608340906472577e-06,0.0003149028953653,1.4465154147713654e-08,lp_rnd,0.01,2,LP-RND (beta=0.01)
78000,0.061,0.0951923076923076,1.0,68,271,259,1.2232904026719605e-08,1.173241439381007e-08,1.4700294417084068e-08,1.1597523957396204e-08,1.8525166382608445e-05,1.4608144407952394e-05,0.0003363715744037,1.207022799420976e-08,lp_rnd,0.01,2,LP-RND (beta=0.01)
79000,0.049,0.0946075949367088,1.0,68,271,259,9.557183992049661e-09,1.2378650195541762e-08,3.402802212340062e-09,4.626522920115591e-09,4.314351850543511e-06,5.865825595234516e-06,0.0002798795356507,1.3252781724482076e-08,lp_rnd,0.01,2,LP-RND (beta=0.01)
80000,0.072,0.094325,1.0,68,271,259,8.912408283601181e-09,1.0152510808759616e-08,1.6117869230638762e-10,4.985773135342598e-10,2.055131944944638e-07,6.356000719858098e-07,0.0003218977946721,1.3213867770978104e-08,lp_rnd,0.01,2,LP-RND (beta=0.01)
81000,0.066,0.0939753086419753,1.0,68,271,259,9.947323167190028e-09,1.2309322708163923e-08,6.465618411037135e-10,5.138941750129875e-10,8.296122145048439e-07,6.593348379393007e-07,0.0002705548653607,1.38775063174279e-08,lp_rnd,0.01,2,LP-RND (beta=0.01)
82000,0.061,0.0935731707317073,1.0,68,271,259,1.7820825111584608e-08,1.3410052807515072e-08,1.8820567690834678e-10,6.192487035515516e-10,2.430957573109968e-07,7.995326179506074e-07,0.0003041983709699,1.496574708670373e-08,lp_rnd,0.01,2,LP-RND (beta=0.01)
83000,0.06,0.0931686746987951,1.0,68,271,259,8.667339197280614e-09,1.0577950136706697e-08,6.951307400064147e-11,2.71477235372648e-10,9.024837833289349e-08,3.523502527476636e-07,0.0002629364363365,1.2132893983496371e-08,lp_rnd,0.01,2,LP-RND (beta=0.01)
84000,0.069,0.0928809523809523,1.0,68,271,259,1.1508351458595571e-08,9.357134156717806e-09,1.8047534500670072e-08,1.2862079453536529e-08,2.358693807919216e-05,1.680428207503537e-05,0.0003181231554422,1.2305948463464666e-08,lp_rnd,0.01,2,LP-RND (beta=0.01)
85000,0.051,0.0923882352941176,1.0,68,271,259,9.178426620045056e-09,8.825996434346846e-09,7.387796692486803e-09,4.8093226585102704e-08,9.712755926292685e-06,6.320733656865167e-05,0.0002910480582318,1.0529344434684342e-08,lp_rnd,0.01,2,LP-RND (beta=0.01)
86000,0.008,0.091406976744186,1.0,68,271,259,1.29699346124168e-08,1.4978856467057837e-08,5.830199101275468e-09,4.243699076284864e-09,7.7041510837624e-06,5.608038107606437e-06,0.0003268035856708,1.6087733279768202e-08,lp_rnd,0.01,2,LP-RND (beta=0.01)
87000,0.072,0.091183908045977,1.0,68,271,259,8.313399598740434e-09,7.153842724264099e-09,7.53453073080538e-10,1.2127954320894048e-09,1.0004751013341318e-06,1.6103399332632432e-06,0.0003362888220631,8.262094719824198e-09,lp_rnd,0.01,2,LP-RND (beta=0.01)
88000,0.042,0.090625,1.0,68,271,259,1.3287409697658791e-08,1.0852742836339138e-08,1.2404631158237036e-10,5.286448388760901e-10,1.65726809146052e-07,7.075402149550361e-07,0.0003117531377251,1.1872611375862708e-08,lp_rnd,0.01,2,LP-RND (beta=0.01)
89000,0.062,0.0903033707865168,1.0,68,271,259,1.2534415779949425e-08,1.1582929887295011e-08,2.5234125040414724e-08,2.7673997850948075e-08,3.393300030829756e-05,3.720827244425916e-05,0.0002919264332525,1.3128181366062196e-08,lp_rnd,0.01,2,LP-RND (beta=0.01)
90000,0.061,0.0899777777777777,1.0,68,271,259,8.985920682410608e-09,9.029090344283708e-09,3.546161979726526e-10,1.8428302872563308e-10,4.787799075956069e-07,2.489112730919031e-07,0.0002752225724741,9.388284374578504e-09,lp_rnd,0.01,2,LP-RND (beta=0.01)
91000,0.057,0.0896153846153846,1.0,68,271,259,1.0872697901853244e-08,1.0656923052516433e-08,6.514342803978535e-09,1.2094614497378654e-08,8.860551995868146e-06,1.64474303696558e-05,0.0002730290305465,1.0794477560915894e-08,lp_rnd,0.01,2,LP-RND (beta=0.01)
92000,0.036,0.0890326086956521,1.0,68,271,259,8.001227799141969e-09,1.0357128512654212e-08,2.9208698731291664e-11,4.408685138948577e-11,3.982695994637352e-08,6.012725811355725e-08,0.0002739162082478,1.0698626261185228e-08,lp_rnd,0.01,2,LP-RND (beta=0.01)
93000,0.38,0.0921612903225806,1.0,68,271,259,1.2673367471067791e-08,8.007710575533291e-09,4.5865336219033805e-09,2.662765823606193e-09,6.311550393927929e-06,3.663024691887477e-06,0.0003094868213474,1.0073244476771492e-08,lp_rnd,0.01,2,LP-RND (beta=0.01)
94000,0.096,0.0922021276595744,1.0,68,271,259,1.1832586991530428e-08,1.1513359314725334e-08,6.783998971378787e-09,5.638175938172627e-09,9.379789311765988e-06,7.791300195996124e-06,0.0002861063097859,1.2700825354733381e-08,lp_rnd,0.01,2,LP-RND (beta=0.01)
95000,0.075,0.0920210526315789,1.0,68,271,259,1.4467025263124417e-08,9.752320753595866e-09,4.780662495503426e-11,1.5326326634239366e-10,6.626277579614627e-08,2.1249934740209175e-07,0.0002660826492021,1.104108099256318e-08,lp_rnd,0.01,2,LP-RND (beta=0.01)
96000,0.073,0.0918229166666666,1.0,68,271,259,9.927160922063485e-09,9.978782754018882e-09,1.2172983138995422e-09,2.001368590451347e-09,1.6996553396208217e-06,2.7939212054440416e-06,0.0002246420198235,1.1280404623392748e-08,lp_rnd,0.01,2,LP-RND (beta=0.01)
97000,0.074,0.0916391752577319,1.0,68,271,259,1.3871976616946609e-08,1.0455021697018838e-08,7.79886030229967e-09,5.5801730210422885e-09,1.09495853259666e-05,7.83228721578194e-06,0.0002359301142732,1.2231139215113096e-08,lp_rnd,0.01,2,LP-RND (beta=0.01)
98000,0.077,0.0914897959183673,1.0,68,271,259,7.158273871201945e-09,6.4108682049027885e-09,5.674418063855064e-10,3.7720751122362776e-10,8.001876090367506e-07,5.319860128951375e-07,0.0002386871031152,7.596748188787306e-09,lp_rnd,0.01,2,LP-RND (beta=0.01)
99000,0.064,0.0912121212121212,1.0,68,271,259,1.3480191118301482e-08,1.4865132316820787e-08,3.378254481711806e-10,2.8722737922660785e-10,4.789701701194663e-07,4.072079174432205e-07,0.0002528580024411,1.598924778861699e-08,lp_rnd,0.01,2,LP-RND (beta=0.01)
100000,0.075,0.09105,1.0,68,271,259,6.3436038251947955e-09,4.8774093071114556e-09,1.8483464447882621e-09,3.7718444149396344e-09,2.632911936953379e-06,5.372198500650645e-06,0.0002066883425905,5.765638649526949e-09,lp_rnd,0.01,2,LP-RND (beta=0.01)
1000,0.156,0.156,0.5147058823529411,35,119,118,0.0054056089556513,0.0049795021641761,0.0,0.0,0.0,0.0,0.0037339660339057,0.0050593162886798,lp_rnd,0.01,3,LP-RND (beta=0.01)
2000,0.18,0.168,0.5882352941176471,40,149,145,0.000335322364218,0.0003268529077769,0.0049798163857,0.0046356538980744,3.1475755583814653,2.4394837763536046,0.0005176605550223,0.0002949482503063,lp_rnd,0.01,3,LP-RND (beta=0.01)
3000,0.128,0.1546666666666666,0.6911764705882353,47,179,173,2.0509548079417076e-05,5.303954298608564e-05,2.528463025797123e-05,2.1570255863645065e-05,0.0108556352778881,0.0091026918290549,0.0006662339391186,2.9645853299371085e-05,lp_rnd,0.01,3,LP-RND (beta=0.01)
4000,0.137,0.15025,0.9117647058823528,62,227,220,8.074801503492375e-06,3.071814567016108e-05,6.822482943464216e-06,5.7891565823043125e-06,0.0031888482712543,0.0026823669501795,0.0002459404760593,1.4546196518040232e-05,lp_rnd,0.01,3,LP-RND (beta=0.01)
5000,0.178,0.1558,0.9264705882352942,63,232,224,3.06603481008965e-06,7.736577731271862e-06,1.6112694027653784e-06,2.1254676907022205e-06,0.0008154335946167,0.0010739541352418,0.0002589046300563,8.897181070096848e-06,lp_rnd,0.01,3,LP-RND (beta=0.01)
6000,0.153,0.1553333333333333,1.0,68,258,248,1.6687386777094716e-06,1.7464929760622843e-05,5.525643752463152e-07,2.1526254012373417e-06,0.000299764309787,0.0011724730036571,0.0001698693527068,6.536714374533403e-06,lp_rnd,0.01,3,LP-RND (beta=0.01)
7000,0.13,0.1517142857142857,1.0,68,258,248,9.68766776474275e-07,4.497509434750309e-06,2.288730598820621e-07,1.0841728559352953e-06,0.0001325551191149,0.0006355225238144,0.0001170076658509,4.279889296753936e-06,lp_rnd,0.01,3,LP-RND (beta=0.01)
8000,0.139,0.150125,1.0,68,259,249,6.797163200890085e-07,4.413326553586715e-06,2.1334475770031242e-07,3.200038114992852e-07,0.0001315166691967,0.0001938445535756,9.971218382452207e-05,3.298051652336653e-06,lp_rnd,0.01,3,LP-RND (beta=0.01)
9000,0.201,0.1557777777777777,1.0,68,259,249,4.668037988789935e-07,9.134775991890608e-07,1.0659190638818645e-07,1.9052316906609564e-07,6.893248154307038e-05,0.0001236801769188,8.175851306077675e-05,2.2466692286116084e-06,lp_rnd,0.01,3,LP-RND (beta=0.01)
10000,0.122,0.1524,1.0,68,263,253,3.135445417618283e-07,4.618429650621605e-06,3.894276662161947e-08,3.191596081664245e-07,2.665021666296929e-05,0.0002177606590306,8.109005784172041e-05,1.8631416953667207e-06,lp_rnd,0.01,3,LP-RND (beta=0.01)
11000,0.075,0.1453636363636363,1.0,68,263,253,2.8871792579820975e-07,2.43994141805993e-06,1.3572431593426397e-08,2.263554317916739e-07,9.716541361447673e-06,0.000159243659676,9.558084238415176e-05,1.6052794084089329e-06,lp_rnd,0.01,3,LP-RND (beta=0.01)
12000,0.13,0.1440833333333333,1.0,68,263,253,2.561222648121377e-07,7.746145338810636e-07,5.2853492167497074e-08,1.555239199421911e-07,3.8934057183248354e-05,0.0001157301151957,0.0001122337718716,1.200767419618387e-06,lp_rnd,0.01,3,LP-RND (beta=0.01)
13000,0.111,0.1415384615384615,1.0,68,263,253,1.832035002741356e-07,8.240159471857108e-07,8.899332483748893e-08,1.8104833879963997e-07,6.840887345946658e-05,0.000140689792008,0.0001539022347114,9.827855712387646e-07,lp_rnd,0.01,3,LP-RND (beta=0.01)
14000,0.155,0.1425,1.0,68,263,253,1.690047344852481e-07,6.61658530615008e-07,2.3390878957049992e-08,6.070693873800657e-08,1.8608169546163196e-05,4.8222839400232014e-05,0.0002026289079876,8.356781425646886e-07,lp_rnd,0.01,3,LP-RND (beta=0.01)
15000,0.108,0.1402,1.0,68,269,258,1.7766789975029147e-07,5.557687650051082e-06,2.4167156045909574e-08,5.457181182718995e-07,1.975268720549375e-05,0.0004511426871078,0.0002378379494384,8.044003799909661e-07,lp_rnd,0.01,3,LP-RND (beta=0.01)
16000,0.084,0.1366875,1.0,68,270,259,2.1842631094313806e-07,6.519464943616192e-06,5.058231463313709e-08,1.9551414231840477e-06,4.279910471375012e-05,0.0016649716505327,0.0002205890016884,9.565008129754917e-07,lp_rnd,0.01,3,LP-RND (beta=0.01)
17000,0.051,0.1316470588235294,1.0,68,271,259,1.685811936931268e-07,2.967863340314251e-06,3.3787756871217934e-08,5.312501023874799e-07,2.936801151035867e-05,0.0004643954192249,0.0002297082162804,8.568407687903345e-07,lp_rnd,0.01,3,LP-RND (beta=0.01)
18000,0.052,0.1272222222222222,1.0,68,271,259,1.440240508051497e-07,2.3878391833796924e-06,1.0643994950389524e-08,2.2142656774054466e-07,9.53452510382756e-06,0.0001985137095161,0.0002428459180227,8.027053325463385e-07,lp_rnd,0.01,3,LP-RND (beta=0.01)
19000,0.079,0.1246842105263157,1.0,68,271,259,1.606007117785955e-07,1.33133080049696e-06,3.4564411552327315e-08,2.8478838008349e-07,3.1747060007586295e-05,0.0002636603977089,0.0002964645365173,6.907270381759645e-07,lp_rnd,0.01,3,LP-RND (beta=0.01)
20000,0.061,0.1215,1.0,68,271,259,1.291459778754035e-07,5.718488216316996e-07,4.5038275593507014e-08,1.0557142630833153e-07,4.256127906481885e-05,9.981845792736652e-05,0.0003020371700986,5.961097923830039e-07,lp_rnd,0.01,3,LP-RND (beta=0.01)
21000,0.094,0.1201904761904762,1.0,68,271,259,1.2404802817096626e-07,1.4126401367771622e-06,2.0913216841493407e-08,1.616815434343881e-07,2.0244025843843048e-05,0.0001566362609426,0.0002959419269791,5.215739065533853e-07,lp_rnd,0.01,3,LP-RND (beta=0.01)
22000,0.068,0.1178181818181818,1.0,68,271,259,1.187654619355987e-07,6.252099530813119e-07,4.3533466504855185e-09,7.601590396915093e-08,4.3425724494130845e-06,7.540045882296632e-05,0.0003029185220184,4.619034961166336e-07,lp_rnd,0.01,3,LP-RND (beta=0.01)
23000,0.023,0.113695652173913,1.0,68,271,259,9.61985515014812e-08,3.190982022130688e-07,1.4873724667366963e-08,1.1153186384911897e-07,1.5077540902164123e-05,0.0001130731238315,0.0002795732090817,3.9830859182643517e-07,lp_rnd,0.01,3,LP-RND (beta=0.01)
24000,0.022,0.109875,1.0,68,271,259,8.881495587460947e-08,1.3866850269659118e-06,2.3991795217170875e-09,2.838577130585321e-07,2.4722777577342998e-06,0.0002938344498269,0.0002686225551078,3.799966664956855e-07,lp_rnd,0.01,3,LP-RND (beta=0.01)
25000,0.021,0.10632,1.0,68,271,259,7.38040059543112e-08,3.89360585230694e-07,1.7271066524028273e-08,6.91077953868479e-08,1.826576904369219e-05,7.296994258809159e-05,0.0002241705298492,3.432465418029551e-07,lp_rnd,0.01,3,LP-RND (beta=0.01)
26000,0.019,0.1029615384615384,1.0,68,271,259,6.875814070153147e-08,7.191523410248605e-07,3.3751950474269453e-09,1.7643464029175398e-07,3.641438100718895e-06,0.0001897065856495,0.0001588892414602,3.0815367249203974e-07,lp_rnd,0.01,3,LP-RND (beta=0.01)
27000,0.063,0.1014814814814814,1.0,68,271,259,8.195702633658569e-08,4.041576027509976e-07,2.55012272039797e-08,7.523726393233332e-08,2.7889718370678173e-05,8.247716860453133e-05,0.0001542399864993,2.809823331801908e-07,lp_rnd,0.01,3,LP-RND (beta=0.01)
28000,0.071,0.1003928571428571,1.0,68,271,259,8.002345618077106e-08,3.4179263702429214e-07,2.030347645877939e-08,5.563864212841784e-08,2.2631449433319063e-05,6.211261258964592e-05,0.000118369670472,2.4866454891991906e-07,lp_rnd,0.01,3,LP-RND (beta=0.01)
29000,0.021,0.0976551724137931,1.0,68,271,259,6.33892686066485e-08,2.58156621576565e-07,4.756228088624647e-09,3.5579278402603806e-08,5.419123433624445e-06,4.031876927610874e-05,0.0001205303769174,2.245904548345834e-07,lp_rnd,0.01,3,LP-RND (beta=0.01)
30000,0.04,0.0957333333333333,1.0,68,271,259,7.37705051712112e-08,4.264230907250847e-07,1.6405656566576e-08,9.741542646250304e-08,1.89353251806393e-05,0.0001125829086754,0.0001051008666108,2.0207227041879605e-07,lp_rnd,0.01,3,LP-RND (beta=0.01)
31000,0.033,0.0937096774193548,1.0,68,271,259,7.103632106784309e-08,1.4652271892171002e-07,1.2449991906102945e-08,1.8939204258428297e-08,1.457105623239443e-05,2.216422767020059e-05,9.713599553742824e-05,1.905254942258239e-07,lp_rnd,0.01,3,LP-RND (beta=0.01)
32000,0.072,0.09303125,1.0,68,271,259,6.192963482772502e-08,1.0245559411598185e-07,1.6528916531773536e-08,2.1397314900760267e-08,1.9667605842475573e-05,2.5448939322376755e-05,9.323031232997892e-05,1.6913603298718272e-07,lp_rnd,0.01,3,LP-RND (beta=0.01)
33000,0.043,0.0915151515151515,1.0,68,271,259,5.31800159671077e-08,7.394968765053778e-08,1.1996798056260516e-08,7.4061244883279855e-09,1.4442243490695266e-05,8.938726706682426e-06,8.448490337377734e-05,1.5029697110691132e-07,lp_rnd,0.01,3,LP-RND (beta=0.01)
34000,0.039,0.0899705882352941,1.0,68,271,259,5.3790617316487953e-08,1.27013957674492e-07,6.901466384134344e-09,2.1628093475030212e-08,8.454598357143856e-06,2.6538266488786796e-05,7.502006695858654e-05,1.3691721489905717e-07,lp_rnd,0.01,3,LP-RND (beta=0.01)
35000,0.02,0.0879714285714285,1.0,68,271,259,3.8795177559336484e-08,1.1982431326255845e-07,1.2626422574157914e-08,2.3299849371425104e-08,1.5717972872169095e-05,2.8992666294252576e-05,7.906756055308506e-05,1.28008855863726e-07,lp_rnd,0.01,3,LP-RND (beta=0.01)
36000,0.023,0.0861666666666666,1.0,68,271,259,4.3702884866547726e-08,3.205498797975328e-07,3.426447145339688e-10,2.535213657293752e-08,4.3033445044206667e-07,3.200258344151003e-05,6.549528616505995e-05,1.2220731596812584e-07,lp_rnd,0.01,3,LP-RND (beta=0.01)
37000,0.187,0.0888918918918919,1.0,68,271,259,5.6423266049869634e-08,2.017751725243673e-07,2.843948202307072e-09,2.3769855999586083e-08,3.632025385174392e-06,3.027109149619665e-05,5.7825699716204326e-05,1.1724598878615214e-07,lp_rnd,0.01,3,LP-RND (beta=0.01)
38000,0.055,0.088,1.0,68,271,259,5.066043594323137e-08,3.763951122187137e-08,3.2762349116472422e-09,1.0970315647547992e-08,4.242949968551263e-06,1.4190373618698364e-05,6.385337777101086e-05,1.0679358875975709e-07,lp_rnd,0.01,3,LP-RND (beta=0.01)
39000,0.131,0.0891025641025641,1.0,68,271,259,5.203925819525644e-08,2.43160355111635e-07,5.400471235600348e-09,2.335766594691604e-08,7.072691578099974e-06,3.06879250708022e-05,6.799280221503067e-05,9.920840847854607e-08,lp_rnd,0.01,3,LP-RND (beta=0.01)
40000,0.048,0.088075,1.0,68,271,259,4.4409464513191686e-08,2.9336277546507973e-07,2.8122956926187235e-09,5.100321776870034e-08,3.740198920651098e-06,6.780523876388755e-05,6.949971692438339e-05,9.710192289702492e-08,lp_rnd,0.01,3,LP-RND (beta=0.01)
41000,0.018,0.0863658536585365,1.0,68,271,259,5.1159917882317686e-08,3.044130835633591e-07,1.2020150307200261e-08,6.437368776437544e-08,1.616576933495477e-05,8.659468739286262e-05,6.779159116376832e-05,9.53187542052092e-08,lp_rnd,0.01,3,LP-RND (beta=0.01)
42000,0.051,0.0855238095238095,1.0,68,271,259,4.6487368063940184e-08,5.944382031235911e-07,9.917559444707143e-09,9.615845177038815e-08,1.3486793267744652e-05,0.0001310309385157,6.362634862080085e-05,9.477686024439437e-08,lp_rnd,0.01,3,LP-RND (beta=0.01)
43000,0.037,0.0843953488372093,1.0,68,271,259,5.659393511183299e-08,3.0956250752486626e-07,6.713349876008579e-10,5.1376213302798186e-08,9.259276821239472e-07,7.07520665543097e-05,5.682949181755248e-05,9.609526783904699e-08,lp_rnd,0.01,3,LP-RND (beta=0.01)
44000,0.039,0.0833636363636363,1.0,68,271,259,5.539126941738022e-08,2.679258115735223e-07,4.648932589317995e-09,3.9848675921487223e-08,6.449804389201523e-06,5.547015840655936e-05,6.606304213346448e-05,9.387192014287393e-08,lp_rnd,0.01,3,LP-RND (beta=0.01)
45000,0.017,0.0818888888888888,1.0,68,271,259,5.6355501076201534e-08,2.0177495917883505e-07,2.9604090159677173e-09,4.824806482405698e-08,4.175194179088756e-06,6.794291363185442e-05,5.491255384959004e-05,8.881311105568558e-08,lp_rnd,0.01,3,LP-RND (beta=0.01)
46000,0.42,0.0892391304347826,1.0,68,271,259,4.952124838451612e-08,2.213747350765516e-07,1.0528396736441709e-08,2.5271212815856017e-08,1.4975650337910024e-05,3.600331987995943e-05,4.8359421370832936e-05,8.352262894462116e-08,lp_rnd,0.01,3,LP-RND (beta=0.01)
47000,0.168,0.0909148936170212,1.0,68,271,259,4.944337638783447e-08,1.6954394388317527e-07,3.439083050084589e-09,3.2711999653916706e-08,4.950176884953852e-06,4.702397550312665e-05,4.794194513578986e-05,7.897213777141589e-08,lp_rnd,0.01,3,LP-RND (beta=0.01)
48000,0.039,0.0898333333333333,1.0,68,271,259,5.6259560338025366e-08,8.54819842354439e-08,3.1182822478005904e-09,9.547792975478691e-09,4.513012220480856e-06,1.3874334207570924e-05,4.219842636439352e-05,7.338848432425495e-08,lp_rnd,0.01,3,LP-RND (beta=0.01)
49000,0.253,0.0931632653061224,1.0,68,271,259,3.538175366393243e-08,9.566280016597937e-08,9.175912042488571e-09,5.51033034296163e-08,1.3451431581390175e-05,8.094380024770561e-05,5.850246431737105e-05,6.817289379945634e-08,lp_rnd,0.01,3,LP-RND (beta=0.01)
50000,0.431,0.09992,1.0,68,271,259,3.8581255970875615e-08,9.478098659445857e-08,6.082335855905793e-09,1.2957311650889948e-08,9.024305362117198e-06,1.9199024642990265e-05,3.920682093666983e-05,6.521820085225728e-08,lp_rnd,0.01,3,LP-RND (beta=0.01)
51000,0.413,0.1060588235294117,1.0,68,271,259,3.284884827532425e-08,3.172806590086307e-08,1.6191485588932474e-08,3.908114473341119e-09,2.4188290165787607e-05,5.85204337193678e-06,5.022421815215239e-05,5.9153711703174855e-08,lp_rnd,0.01,3,LP-RND (beta=0.01)
52000,0.018,0.1043653846153846,1.0,68,271,259,2.584870056270777e-08,2.9036661293992237e-08,1.5514342403359174e-09,2.339383473540761e-09,2.343763493578109e-06,3.5296855510914627e-06,4.262441696675978e-05,5.624884338395476e-08,lp_rnd,0.01,3,LP-RND (beta=0.01)
53000,0.019,0.102754716981132,1.0,68,271,259,2.7748131652054708e-08,6.836557776069454e-08,1.2057594782271211e-08,4.690132781865095e-09,1.8400548014523768e-05,7.15680680940305e-06,4.120881601926385e-05,5.51366220431504e-08,lp_rnd,0.01,3,LP-RND (beta=0.01)
54000,0.022,0.1012592592592592,1.0,68,271,259,2.433328839434136e-08,2.3339403618122883e-08,3.510090359784809e-09,5.294015003245449e-09,5.410364714653389e-06,8.147269598852581e-06,3.5581382171812944e-05,4.8838646351967446e-08,lp_rnd,0.01,3,LP-RND (beta=0.01)
55000,0.118,0.1015636363636363,1.0,68,271,259,2.388736702979284e-08,3.607765047857218e-08,3.2075784589618847e-10,5.1365961381032984e-09,4.988873650889071e-07,7.986712904562826e-06,3.980299993486369e-05,4.8467979462785144e-08,lp_rnd,0.01,3,LP-RND (beta=0.01)
56000,0.11,0.1017142857142857,1.0,68,271,259,2.714170683759676e-08,3.1170243845200426e-08,4.832032664901155e-09,5.477401505643638e-09,7.5796960291917635e-06,8.586593129320351e-06,4.365832059079367e-05,4.5189898058239924e-08,lp_rnd,0.01,3,LP-RND (beta=0.01)
57000,0.674,0.1117543859649122,1.0,68,271,259,2.4275755142971475e-08,3.649464814329064e-08,4.2903711654931e-09,6.289529292744757e-09,6.7852585742829945e-06,9.931819611746213e-06,3.8356409330845054e-05,4.486417058124914e-08,lp_rnd,0.01,3,LP-RND (beta=0.01)
58000,0.245,0.114051724137931,1.0,68,271,259,2.5405079204969e-08,2.319334273599677e-08,1.0688590134519677e-08,4.981132257216512e-09,1.704963829887937e-05,7.93850040544721e-06,3.816425695993075e-05,3.90830340322168e-08,lp_rnd,0.01,3,LP-RND (beta=0.01)
59000,0.298,0.1171694915254237,1.0,68,271,259,2.695477339616365e-08,1.328014700828744e-07,1.6664337292632615e-09,3.58893645856193e-09,2.6863804608717672e-06,5.776176449545285e-06,3.786140476381661e-05,4.0673748619823867e-08,lp_rnd,0.01,3,LP-RND (beta=0.01)
60000,0.072,0.1164166666666666,1.0,68,271,259,2.2907838700033285e-08,8.262751857484578e-08,8.762170495341731e-10,9.323017386833132e-09,1.4185187446908262e-06,1.510983495767372e-05,3.9517957899875e-05,3.814069914476193e-08,lp_rnd,0.01,3,LP-RND (beta=0.01)
61000,0.184,0.1175245901639344,1.0,68,271,259,2.0278543508640653e-08,9.000594983809248e-08,6.979269374989658e-09,2.8984951379127856e-08,1.1432822793630204e-05,4.740453902945752e-05,5.097367708981437e-05,3.7399520468994754e-08,lp_rnd,0.01,3,LP-RND (beta=0.01)
62000,0.264,0.1198870967741935,1.0,68,271,259,2.429783885204984e-08,4.8080404604549e-08,5.342375967535655e-09,7.619216262741786e-09,8.820314250621942e-06,1.2562014976985072e-05,3.573125406512645e-05,3.717449038553866e-08,lp_rnd,0.01,3,LP-RND (beta=0.01)
63000,0.078,0.1192222222222222,1.0,68,271,259,1.6032609849412292e-08,3.387308123989719e-08,2.130949917946769e-08,1.9600255336331083e-08,3.5410769132009195e-05,3.258179301483271e-05,4.826858256444666e-05,3.5099558486351166e-08,lp_rnd,0.01,3,LP-RND (beta=0.01)
64000,0.221,0.1208125,1.0,68,271,259,2.13437304170541e-08,2.8925172389930672e-08,2.545222484256861e-09,3.4871701304624846e-09,4.260748474740248e-06,5.843926267504864e-06,4.753539887406077e-05,3.6388165788103784e-08,lp_rnd,0.01,3,LP-RND (beta=0.01)
65000,0.096,0.1204307692307692,1.0,68,271,259,1.654452820576413e-08,2.681005071634805e-08,1.6120802702005812e-09,6.573229330556888e-09,2.7186079063838387e-06,1.1101664035573545e-05,3.407367249167237e-05,3.1180265291475e-08,lp_rnd,0.01,3,LP-RND (beta=0.01)
66000,0.095,0.1200454545454545,1.0,68,271,259,1.8282503324117345e-08,2.5763132598180143e-08,5.859226872105768e-09,5.7455674678369026e-09,9.969251386574513e-06,9.763903587126023e-06,4.995572777033885e-05,3.0830916567303744e-08,lp_rnd,0.01,3,LP-RND (beta=0.01)
67000,0.009,0.1183880597014925,1.0,68,271,259,1.4838071561563817e-08,3.600137325915415e-08,1.3935733061348146e-09,2.626461599615656e-09,2.3804167528675293e-06,4.4978787113620805e-06,4.626886524602014e-05,2.8589929307543115e-08,lp_rnd,0.01,3,LP-RND (beta=0.01)
68000,0.12,0.1184117647058823,1.0,68,271,259,1.6840884875524152e-08,3.4603250995387826e-08,1.2420278812837655e-08,1.1403263237210544e-08,2.1435814067594595e-05,1.967726126139036e-05,4.236467350392559e-05,2.897331326501273e-08,lp_rnd,0.01,3,LP-RND (beta=0.01)
69000,0.027,0.1170869565217391,1.0,68,271,259,2.0853551379534316e-08,2.7905248079614225e-08,2.7181313660767722e-09,6.450359406593072e-09,4.718275769632729e-06,1.1204681661299648e-05,3.843787284301925e-05,2.7480397627677175e-08,lp_rnd,0.01,3,LP-RND (beta=0.01)
70000,0.218,0.1185285714285714,1.0,68,271,259,1.7208231993284374e-08,2.3685199351112687e-08,1.877611346727346e-09,5.3153318001659695e-09,3.28811878035621e-06,9.299852625199288e-06,4.143387324143077e-05,2.462143178583176e-08,lp_rnd,0.01,3,LP-RND (beta=0.01)
71000,0.383,0.1222535211267605,1.0,68,271,259,1.6673725427911654e-08,1.7035028034681654e-08,2.1720195603217645e-08,2.099247766002253e-08,3.82985571839992e-05,3.6985193487721294e-05,3.2096944549948604e-05,2.5809109797769737e-08,lp_rnd,0.01,3,LP-RND (beta=0.01)
72000,0.084,0.1217222222222222,1.0,68,271,259,1.9428839590073297e-08,1.986075506359692e-08,4.395082208227951e-09,8.046833990501628e-09,7.79695317106421e-06,1.4286936784879142e-05,3.406336478235516e-05,2.5129183049976693e-08,lp_rnd,0.01,3,LP-RND (beta=0.01)
73000,0.039,0.1205890410958904,1.0,68,271,259,1.8495935324635543e-08,4.292308665349523e-08,9.330804960592183e-10,3.1000521483886382e-09,1.6650230663673236e-06,5.533502493560218e-06,3.8406821384626254e-05,2.491703511608989e-08,lp_rnd,0.01,3,LP-RND (beta=0.01)
74000,0.201,0.1216756756756756,1.0,68,271,259,1.6974036098186526e-08,1.5157067990643952e-08,4.8154623726900785e-09,4.9706815695895135e-09,8.656842075238462e-06,8.946709706622076e-06,5.902311824354456e-05,2.3093073855839923e-08,lp_rnd,0.01,3,LP-RND (beta=0.01)
75000,0.07,0.1209866666666666,1.0,68,271,259,1.1144132613541812e-08,2.257408900954448e-08,2.2867135486746647e-10,1.7065046107394582e-09,4.13395637163494e-07,3.0909924334025563e-06,5.038041092336698e-05,2.148313808758573e-08,lp_rnd,0.01,3,LP-RND (beta=0.01)
76000,0.01,0.1195263157894736,1.0,68,271,259,1.5860932567335343e-08,1.3997677121330546e-08,4.844374679180419e-10,1.3829596502771415e-09,8.826974245682264e-07,2.5247979381142803e-06,5.184929597419341e-05,2.292920777424712e-08,lp_rnd,0.01,3,LP-RND (beta=0.01)
77000,0.066,0.1188311688311688,1.0,68,271,259,1.572070107088674e-08,2.4866029026712536e-08,6.391671293247792e-09,6.295306312407356e-09,1.1736976649209504e-05,1.1559339170837216e-05,6.780356592275893e-05,2.229794756525294e-08,lp_rnd,0.01,3,LP-RND (beta=0.01)
78000,0.074,0.1182564102564102,1.0,68,271,259,1.3092953841229556e-08,2.2888992807184446e-08,5.831285304474926e-11,3.3651608552767363e-09,1.077006468367546e-07,6.2199530088509305e-06,7.730158491642669e-05,1.996705942142185e-08,lp_rnd,0.01,3,LP-RND (beta=0.01)
79000,0.084,0.1178227848101265,1.0,68,271,259,2.1581150097141743e-08,2.36897773222468e-08,5.106894827657168e-10,3.183852620654577e-09,9.492252060769504e-07,5.920845493981411e-06,7.461756217958281e-05,2.4662732659219698e-08,lp_rnd,0.01,3,LP-RND (beta=0.01)
80000,0.085,0.1174125,1.0,68,271,259,1.3289865803923316e-08,1.6720618943338418e-08,7.317010944853014e-10,1.49361303847179e-09,1.3654190182769284e-06,2.7926845634884496e-06,8.359944393100705e-05,1.9249501201912263e-08,lp_rnd,0.01,3,LP-RND (beta=0.01)
81000,0.112,0.1173456790123456,1.0,68,271,259,1.1558185472207834e-08,1.4776528750342938e-08,1.4044988354872906e-08,1.5308052358253032e-08,2.6409717856166855e-05,2.8805991361649533e-05,0.000105073585001,1.929414709422872e-08,lp_rnd,0.01,3,LP-RND (beta=0.01)
82000,0.034,0.1163292682926829,1.0,68,271,259,1.0117375107633526e-08,1.0961705246747285e-08,1.7144525015353072e-10,2.8714175159977236e-10,3.2371231486311245e-07,5.430713235403118e-07,0.0001389797972178,1.851968457255993e-08,lp_rnd,0.01,3,LP-RND (beta=0.01)
83000,0.04,0.1154096385542168,1.0,68,271,259,2.0818769685959642e-08,1.3390230619210926e-08,1.3979211122006062e-10,1.3227807247699155e-09,2.664219831950591e-07,2.5179839175249583e-06,0.0001372449346031,2.0193613238905783e-08,lp_rnd,0.01,3,LP-RND (beta=0.01)
84000,0.007,0.1141190476190476,1.0,68,271,259,1.118150080462296e-08,1.0082395233125117e-08,7.304964252544517e-10,5.815833610381726e-09,1.4013103001778745e-06,1.114501022856454e-05,0.0001798755101767,1.597340248005175e-08,lp_rnd,0.01,3,LP-RND (beta=0.01)
85000,0.005,0.112835294117647,1.0,68,271,259,1.7625223058814754e-08,1.3067952749170231e-08,1.0080006163093456e-09,3.5856481361951635e-09,1.9423047387571086e-06,6.914658405972306e-06,0.0001924749599247,1.845890803497952e-08,lp_rnd,0.01,3,LP-RND (beta=0.01)
86000,0.007,0.1116046511627907,1.0,68,271,259,1.1859149852609465e-08,1.4567179951722613e-08,2.829071326410875e-09,4.703709473837902e-09,5.482538432178724e-06,9.122314278063536e-06,0.0001703819984973,1.6686802153831337e-08,lp_rnd,0.01,3,LP-RND (beta=0.01)
87000,0.005,0.1103793103448275,1.0,68,271,259,7.896303433341246e-09,1.9087575939032358e-08,5.547713399778331e-11,4.786188078360877e-09,1.0826011242778445e-07,9.337719507679913e-06,0.0002236108154593,1.61495374646492e-08,lp_rnd,0.01,3,LP-RND (beta=0.01)
88000,0.007,0.1092045454545454,1.0,68,271,259,6.1757289123879195e-09,2.0284165219143717e-08,1.2243584558900368e-08,8.907651865308496e-09,2.401458555832789e-05,1.7479099546304613e-05,0.0002028044439939,1.5675372858403593e-08,lp_rnd,0.01,3,LP-RND (beta=0.01)
89000,0.005,0.1080337078651685,1.0,68,271,259,1.2160737128397161e-08,2.0873709349275282e-08,1.5003453412987256e-08,9.28036532713466e-09,2.9583728765867488e-05,1.830742668737949e-05,0.0002249156218231,1.7306464652033782e-08,lp_rnd,0.01,3,LP-RND (beta=0.01)
90000,0.005,0.1068888888888889,1.0,68,271,259,1.1852586045968394e-08,2.2992393674631717e-08,5.517593670845145e-09,4.239043750749218e-09,1.0927498385315524e-05,8.410500715140429e-06,0.0001838194015981,1.5428584837939852e-08,lp_rnd,0.01,3,LP-RND (beta=0.01)
91000,0.005,0.1057692307692307,1.0,68,271,259,1.3656545050366733e-08,2.4262735793231663e-08,0.0,7.434916796125805e-10,0.0,1.4830330260736273e-06,0.0001659663932441,1.6695880373784887e-08,lp_rnd,0.01,3,LP-RND (beta=0.01)
92000,0.087,0.1055652173913043,1.0,68,271,259,4.639580912305894e-09,1.2879805063542684e-08,4.105332207005297e-09,3.0619225164346842e-09,8.23822026370077e-06,6.139197033926206e-06,0.0002110604336339,1.1955097479976472e-08,lp_rnd,0.01,3,LP-RND (beta=0.01)
93000,0.082,0.1053118279569892,1.0,68,271,259,2.3544852638018458e-08,3.6836563460155715e-08,8.387347049949696e-10,5.872954975884827e-09,1.6899196273073985e-06,1.1842912247011264e-05,0.000246452901928,1.7216558193977605e-08,lp_rnd,0.01,3,LP-RND (beta=0.01)
94000,0.007,0.1042659574468085,1.0,68,271,259,1.3927504419594276e-08,2.8388928618882344e-08,7.360991118231043e-09,4.6947071371750515e-08,1.4925773298968464e-05,9.51626568710952e-05,0.0002491389244387,1.3389273263442191e-08,lp_rnd,0.01,3,LP-RND (beta=0.01)
95000,0.005,0.1032210526315789,1.0,68,271,259,1.6421868087590497e-08,2.5294593237835008e-08,3.015721983246067e-09,4.416235075678461e-09,6.144927055972638e-06,9.001974744077287e-06,0.0002296418156893,1.4686838096578117e-08,lp_rnd,0.01,3,LP-RND (beta=0.01)
96000,0.03,0.1024583333333333,1.0,68,271,259,1.163115618633507e-08,1.5950056221725414e-08,7.913464550313164e-10,1.0559720486341166e-09,1.6200328866336071e-06,2.1625937910846447e-06,0.0002094547323122,1.3875932383333733e-08,lp_rnd,0.01,3,LP-RND (beta=0.01)
97000,0.005,0.1014536082474226,1.0,68,271,259,1.935646789519296e-08,5.3528392091358056e-08,1.6320337437036868e-08,2.948991828711672e-08,3.3584403723772934e-05,6.070190965078633e-05,0.0001722830556032,1.6455911914459165e-08,lp_rnd,0.01,3,LP-RND (beta=0.01)
98000,0.008,0.1005,1.0,68,271,259,7.600347184943956e-09,2.1997223792816122e-08,3.289004457673883e-09,1.4326350129285768e-08,6.793598211129559e-06,2.965212762295161e-05,0.0001627160575103,1.2495593987305042e-08,lp_rnd,0.01,3,LP-RND (beta=0.01)
99000,0.006,0.0995454545454545,1.0,68,271,259,1.0993646141580864e-08,1.5704020099965306e-08,2.849525060355518e-10,1.413825395456507e-09,5.917678462868524e-07,2.9398297976858267e-06,0.0001915114087441,1.3459500191714824e-08,lp_rnd,0.01,3,LP-RND (beta=0.01)
100000,0.008,0.09863,1.0,68,271,259,9.401382256024604e-09,1.3014740756370929e-08,1.862865639523648e-08,6.481825605375222e-09,3.894040154112028e-05,1.3555313494122112e-05,0.000158070573445,1.2512238242834428e-08,lp_rnd,0.01,3,LP-RND (beta=0.01)
1000,0.153,0.153,0.4117647058823529,28,105,102,0.00656047383372,0.006786378649192,0.0,0.0,0.0,0.0,0.0027000396512448,0.0067680571228265,lp_rnd,0.01,4,LP-RND (beta=0.01)
2000,0.162,0.1575,0.6029411764705882,41,143,137,0.0004994042843845,0.0003237304044787,0.0059368512449487,0.0063253213959325,2.436531805580144,2.6166880447778462,0.0002760090157389,0.0003397339777548,lp_rnd,0.01,4,LP-RND (beta=0.01)
3000,0.088,0.1343333333333333,0.6617647058823529,45,170,163,2.8814240811863616e-05,5.711897355185731e-05,1.6745507960794466e-05,2.7209404214096663e-05,0.0053684353461863,0.008835134711141,0.0004370908687706,2.641348238739738e-05,lp_rnd,0.01,4,LP-RND (beta=0.01)
4000,0.075,0.1195,0.7205882352941176,49,189,181,8.80560955920373e-06,3.3388568338375846e-05,5.3205061946452286e-06,9.088994771150897e-06,0.0018971539027281,0.0031875614511488,0.0002049431791492,1.4894995382292109e-05,lp_rnd,0.01,4,LP-RND (beta=0.01)
5000,0.139,0.1234,0.7352941176470589,50,200,192,5.118677782781737e-06,1.8300850451447103e-05,1.917351008539541e-06,5.103287918242072e-06,0.0007324919205247,0.00195515562462,0.000130073326989,8.608193975305766e-06,lp_rnd,0.01,4,LP-RND (beta=0.01)
6000,0.148,0.1275,0.9411764705882352,64,236,224,2.9285637333794363e-06,2.2675855492608065e-05,8.932683088589231e-07,9.66008005714507e-07,0.0003699255517738,0.0003906145773572,0.0001120087615599,7.154327274520256e-06,lp_rnd,0.01,4,LP-RND (beta=0.01)
7000,0.119,0.1262857142857142,0.9411764705882352,64,237,225,1.5332021722055548e-06,4.967837981597722e-06,7.70937764390961e-07,1.4337889597288475e-06,0.0003402030545305,0.0006327700658671,7.28231542489084e-05,4.421525323550668e-06,lp_rnd,0.01,4,LP-RND (beta=0.01)
8000,0.156,0.13,0.9411764705882352,64,237,225,9.66037000820891e-07,3.98491687198045e-06,3.210879985824879e-07,6.026858282369028e-07,0.0001503970750124,0.0002799850383844,6.390075228227943e-05,3.1646443768522657e-06,lp_rnd,0.01,4,LP-RND (beta=0.01)
9000,0.095,0.1261111111111111,0.9411764705882352,64,237,225,6.624458729962307e-07,2.9850073033759904e-06,1.34673643970018e-07,7.647285160427014e-07,6.604692562443712e-05,0.0003770474831912,5.442370144282904e-05,2.287844488989777e-06,lp_rnd,0.01,4,LP-RND (beta=0.01)
10000,0.178,0.1313,0.9411764705882352,64,237,225,4.722486219505432e-07,4.27427826582682e-07,8.837417613186222e-08,1.555462664105124e-07,4.541561730558427e-05,8.04124129291457e-05,5.049180228343176e-05,1.6969067589798214e-06,lp_rnd,0.01,4,LP-RND (beta=0.01)
11000,0.235,0.1407272727272727,0.9411764705882352,64,237,225,3.013439242781328e-07,7.443663461626457e-07,7.249975923625552e-08,9.798533908845464e-08,3.894721433558274e-05,5.286120402155654e-05,4.712500137338793e-05,1.2396135397523269e-06,lp_rnd,0.01,4,LP-RND (beta=0.01)
12000,0.166,0.1428333333333333,0.9411764705882352,64,237,225,2.244570470265378e-07,2.4721324307055896e-06,6.657438089964178e-08,3.404177468088537e-07,3.72655692416128e-05,0.0001908550886224,4.076245129363088e-05,1.032560594609322e-06,lp_rnd,0.01,4,LP-RND (beta=0.01)
13000,0.202,0.1473846153846154,0.9852941176470588,67,247,235,2.0315725367767627e-07,3.615560330784393e-06,3.471178477767434e-08,2.790096248675913e-07,2.021696384567552e-05,0.0001627790295503,3.972147456170205e-05,9.700616671182162e-07,lp_rnd,0.01,4,LP-RND (beta=0.01)
14000,0.283,0.1570714285714285,0.9852941176470588,67,247,235,1.575813718131185e-07,5.049444900960444e-07,6.527390166343861e-08,8.453997535986331e-08,3.928391354199984e-05,5.096941548429196e-05,3.303903902906313e-05,8.277946265593527e-07,lp_rnd,0.01,4,LP-RND (beta=0.01)
15000,0.293,0.1661333333333333,0.9852941176470588,67,247,235,1.3043962690557186e-07,1.237866169649438e-07,5.389265141548017e-08,5.1189519339056727e-08,3.349422347715046e-05,3.190155493680286e-05,2.9984974566559685e-05,6.601903235861073e-07,lp_rnd,0.01,4,LP-RND (beta=0.01)
16000,0.233,0.1703125,0.9852941176470588,67,247,235,1.0597338795143473e-07,6.962981142592101e-07,2.1843346557372862e-08,1.3253276044752148e-07,1.4038385508828277e-05,8.543243821689474e-05,3.007547226798124e-05,5.47857641088001e-07,lp_rnd,0.01,4,LP-RND (beta=0.01)
17000,0.123,0.1675294117647058,0.9852941176470588,67,247,235,9.140501911281357e-08,3.450226072237443e-07,1.791204629245204e-08,4.779583869594873e-08,1.1828295918661327e-05,3.1500839984446474e-05,2.5586174141608352e-05,4.783523190639016e-07,lp_rnd,0.01,4,LP-RND (beta=0.01)
18000,0.119,0.1648333333333333,0.9852941176470588,67,247,235,8.506011252960844e-08,2.327062051653487e-07,2.1470650855732143e-08,2.1500578996092276e-08,1.461110529971865e-05,1.452884038190242e-05,2.5116157082038625e-05,4.141789789642303e-07,lp_rnd,0.01,4,LP-RND (beta=0.01)
19000,0.103,0.161578947368421,0.9852941176470588,67,251,239,9.999824043681206e-08,2.3681114965483594e-06,1.8516672984558293e-08,7.632704895571076e-08,1.2876725427985907e-05,5.3218343659002905e-05,2.3338437172924383e-05,3.9824634338714316e-07,lp_rnd,0.01,4,LP-RND (beta=0.01)
20000,0.08,0.1575,0.9852941176470588,67,251,239,7.705560891579923e-08,4.500578229224441e-07,2.4113074648113302e-09,4.383391187414902e-08,1.7168923098033218e-06,3.1441130204816776e-05,2.1476124295304544e-05,3.929848936792269e-07,lp_rnd,0.01,4,LP-RND (beta=0.01)
21000,0.111,0.1552857142857142,0.9852941176470588,67,251,239,6.813431785535162e-08,2.3341255551539866e-07,1.723368182094443e-08,2.8900380397534366e-08,1.2538623967095368e-05,2.118665850175528e-05,2.0668833151603395e-05,3.4106392124755305e-07,lp_rnd,0.01,4,LP-RND (beta=0.01)
22000,0.048,0.1504090909090909,0.9852941176470588,67,251,239,6.563762015391698e-08,2.570078370300504e-07,1.9239678813084044e-08,4.1000898142548854e-08,1.4430128719184231e-05,3.0698873783483695e-05,1.9580580101091985e-05,2.929069492907388e-07,lp_rnd,0.01,4,LP-RND (beta=0.01)
23000,0.028,0.1450869565217391,1.0,68,256,244,6.531530827302845e-08,8.156316444344341e-07,7.239566723882262e-09,2.937972232849621e-08,5.545464486317431e-06,2.246878368836008e-05,2.2561704886584265e-05,2.932092543659337e-07,lp_rnd,0.01,4,LP-RND (beta=0.01)
24000,0.085,0.1425833333333333,1.0,68,256,244,6.918166563540287e-08,1.4813665256357878e-07,1.1359206803931824e-09,1.6161871294339616e-08,8.845113420027446e-07,1.2656656077926574e-05,2.2010126329405468e-05,2.502437229985333e-07,lp_rnd,0.01,4,LP-RND (beta=0.01)
25000,0.109,0.14124,1.0,68,256,244,6.24599309032102e-08,5.031827340260608e-07,6.7640371591255025e-09,6.54337416453782e-08,5.385344232021804e-06,5.2495160243188745e-05,2.273316397349845e-05,2.292524528080264e-07,lp_rnd,0.01,4,LP-RND (beta=0.01)
26000,0.179,0.1426923076923077,1.0,68,256,244,6.599647052067786e-08,4.459282816275912e-07,4.194505291826576e-09,5.285727943036429e-08,3.391338107924634e-06,4.305916133909796e-05,1.7922741633924488e-05,2.336766727850659e-07,lp_rnd,0.01,4,LP-RND (beta=0.01)
27000,0.102,0.1411851851851852,1.0,68,256,244,6.062739563542794e-08,1.0821812514158165e-07,1.2525135038065313e-08,7.989414132991577e-09,1.0403148067036422e-05,6.603417006605588e-06,1.6988407203371026e-05,2.0614837829668885e-07,lp_rnd,0.01,4,LP-RND (beta=0.01)
28000,0.118,0.1403571428571428,1.0,68,256,244,5.449462570084052e-08,5.0410444275433127e-08,2.7253449395552935e-08,7.394819995446271e-09,2.295304168434305e-05,6.233767493238229e-06,1.9497978366757702e-05,1.800661220698885e-07,lp_rnd,0.01,4,LP-RND (beta=0.01)
29000,0.109,0.1392758620689655,1.0,68,256,244,5.3202149140812246e-08,3.333236983396856e-08,4.720388630433496e-09,3.229586585442799e-09,4.042091604499033e-06,2.767859655384628e-06,1.74916700649419e-05,1.711471025025446e-07,lp_rnd,0.01,4,LP-RND (beta=0.01)
30000,0.174,0.1404333333333333,1.0,68,256,244,4.8740247832637425e-08,8.590138476997698e-08,3.0049108907395296e-08,3.146584628905292e-08,2.6183604070270167e-05,2.7395221620328552e-05,1.6596135976328696e-05,1.4740683031178037e-07,lp_rnd,0.01,4,LP-RND (beta=0.01)
31000,0.064,0.1379677419354838,1.0,68,256,244,4.0849165466871895e-08,8.820483592522704e-08,2.715544816789261e-09,1.861398671381245e-08,2.3967598658070137e-06,1.6480500416308297e-05,1.4201972418049991e-05,1.3965980413388478e-07,lp_rnd,0.01,4,LP-RND (beta=0.01)
32000,0.067,0.13575,1.0,68,257,245,4.2636325833084935e-08,2.0992305370721817e-07,2.897902362519744e-09,2.40790241917205e-08,2.606016855795224e-06,2.1604791014332914e-05,1.5818452295206954e-05,1.286955329486972e-07,lp_rnd,0.01,4,LP-RND (beta=0.01)
33000,0.059,0.1334242424242424,1.0,68,260,248,3.684136993968931e-08,8.219747245157714e-07,2.8484670441573244e-09,2.228432773060661e-08,2.5963445567304565e-06,2.0428668665166577e-05,1.6220405198112077e-05,1.305647466285365e-07,lp_rnd,0.01,4,LP-RND (beta=0.01)
34000,0.159,0.1341764705882352,1.0,68,260,248,5.3310357911486255e-08,3.5501161410574045e-07,1.6365881742750113e-08,4.005871846046952e-08,1.5179628190685762e-05,3.722642820977338e-05,1.988836031387109e-05,1.5035692122644661e-07,lp_rnd,0.01,4,LP-RND (beta=0.01)
35000,0.096,0.1330857142857142,1.0,68,260,248,3.168057713387462e-08,4.6142464829369444e-08,8.148035912647345e-09,4.959909300381848e-09,7.673705027540808e-06,4.66308365066221e-06,2.0230840492445168e-05,1.222952195654159e-07,lp_rnd,0.01,4,LP-RND (beta=0.01)
36000,0.041,0.1305277777777777,1.0,68,261,249,4.401533364342612e-08,4.776581288036288e-07,3.703156329007891e-09,2.7127715510394398e-08,3.5381210141473e-06,2.583154703987528e-05,2.626219428111653e-05,1.372642225661025e-07,lp_rnd,0.01,4,LP-RND (beta=0.01)
37000,0.06,0.1286216216216216,1.0,68,265,253,4.2313700010510046e-08,2.0335733386768737e-06,1.2962622530920951e-08,1.6450673446823136e-07,1.2504373968654012e-05,0.0001590755856597,2.5955189660408e-05,1.557848608069179e-07,lp_rnd,0.01,4,LP-RND (beta=0.01)
38000,0.092,0.1276578947368421,1.0,68,265,253,5.754044689995993e-08,4.7083415024162754e-07,2.191880841080448e-09,9.591608438481129e-08,2.1466620303686536e-06,9.383971428615877e-05,5.176232912276646e-05,1.7090762933591465e-07,lp_rnd,0.01,4,LP-RND (beta=0.01)
39000,0.2,0.1295128205128205,1.0,68,266,254,5.180278795258176e-08,9.75718051947072e-07,6.386367257249504e-10,1.3843433307236808e-07,6.336946377444731e-07,0.0001374651328569,7.741122561378688e-05,1.526318188780351e-07,lp_rnd,0.01,4,LP-RND (beta=0.01)
40000,0.22,0.131775,1.0,68,266,254,5.1213924753571153e-08,5.280513359177774e-07,5.102001407211984e-10,2.1370514564804485e-08,5.125752326040209e-07,2.142531432551637e-05,9.267419464868e-05,1.531911397751884e-07,lp_rnd,0.01,4,LP-RND (beta=0.01)
41000,0.189,0.133170731707317,1.0,68,267,255,4.319115515561973e-08,8.465257953927953e-07,3.936674055521074e-09,8.885024428813394e-08,3.99581090311585e-06,9.011171167780012e-05,0.0001144918440982,1.7091083433129486e-07,lp_rnd,0.01,4,LP-RND (beta=0.01)
42000,0.047,0.1311190476190476,1.0,68,267,255,3.403257201346441e-08,2.350977845903213e-07,3.6990286389482203e-09,1.856456000562049e-08,3.7981288872832008e-06,1.906355523230289e-05,0.000138189460717,1.464263062089799e-07,lp_rnd,0.01,4,LP-RND (beta=0.01)
43000,0.061,0.1294883720930232,1.0,68,267,255,3.772838143904255e-08,9.285276615850846e-07,4.956921634542312e-09,1.464585011772143e-07,5.137434271215377e-06,0.0001528513862011,0.0001574540894744,1.3564318657088849e-07,lp_rnd,0.01,4,LP-RND (beta=0.01)
44000,0.054,0.1277727272727272,1.0,68,269,257,4.8051770266492135e-08,3.383889054560042e-06,7.846994494516197e-10,4.621542451969462e-07,8.221410674957277e-07,0.0004867978364641,0.0001880828168104,1.6845045070468246e-07,lp_rnd,0.01,4,LP-RND (beta=0.01)
45000,0.16,0.1284888888888889,1.0,68,269,257,5.120167505534567e-08,9.275245284088402e-07,1.2194504983575884e-08,9.777269409649849e-08,1.2935503146382143e-05,0.0001041750655035,0.000230483889607,1.69218020367623e-07,lp_rnd,0.01,4,LP-RND (beta=0.01)
46000,0.04,0.1265652173913043,1.0,68,270,258,4.706555079003749e-08,2.2957148290740173e-06,1.0999774824327346e-08,4.907728217854827e-07,1.1809525925191768e-05,0.0005285454290686,0.0002417670066024,1.6468720782114588e-07,lp_rnd,0.01,4,LP-RND (beta=0.01)
47000,0.032,0.1245531914893617,1.0,68,270,258,5.6530373659935413e-08,6.423123139517529e-07,1.1505960795243908e-08,9.747493475553153e-08,1.2491348346147317e-05,0.0001061534190407,0.0003049790462682,1.871245326512394e-07,lp_rnd,0.01,4,LP-RND (beta=0.01)
48000,0.104,0.124125,1.0,68,270,258,4.997602774349839e-08,3.647579910278008e-07,2.0935978250181413e-09,4.7883097693229056e-08,2.298156165479457e-06,5.245606351313767e-05,0.0002796099603565,1.7494878375146073e-07,lp_rnd,0.01,4,LP-RND (beta=0.01)
49000,0.185,0.1253673469387755,1.0,68,270,258,4.796687108531339e-08,2.125638972999317e-07,6.774662387832953e-09,1.505697241271681e-08,7.527884730444501e-06,1.6688840467656873e-05,0.000372108186164,1.5292229552166248e-07,lp_rnd,0.01,4,LP-RND (beta=0.01)
50000,0.138,0.12562,1.0,68,270,258,4.1806299562282497e-08,6.743282229649891e-07,1.3015236682281943e-09,6.076634143846353e-08,1.4575577397514088e-06,6.816050843276083e-05,0.0003404617811793,1.529067054448774e-07,lp_rnd,0.01,4,LP-RND (beta=0.01)
51000,0.046,0.1240588235294117,1.0,68,270,258,3.4189450401224466e-08,4.62100362693164e-07,2.417735364569689e-09,8.20409338433312e-08,2.7370754572814854e-06,9.288169078274876e-05,0.0004465243217528,1.3779151403880973e-07,lp_rnd,0.01,4,LP-RND (beta=0.01)
52000,0.039,0.1224230769230769,1.0,68,271,259,3.215101083370451e-08,3.11900779845246e-07,4.010706205894493e-09,9.129911690994889e-08,4.582871814310579e-06,0.0001043211522227,0.0004213483031016,1.3596494663303818e-07,lp_rnd,0.01,4,LP-RND (beta=0.01)
53000,0.09,0.1218113207547169,1.0,68,271,259,3.70097932350038e-08,1.2353065302589698e-07,3.632408902060686e-09,1.7550256392484658e-08,4.182886981110986e-06,2.0243894908767383e-05,0.0004034201506856,1.351690618278667e-07,lp_rnd,0.01,4,LP-RND (beta=0.01)
54000,0.056,0.1205925925925926,1.0,68,271,259,3.2601984493016034e-08,8.672930722448792e-07,3.667168949458447e-10,1.1928068777803637e-07,4.2702239717858746e-07,0.0001392749522743,0.0004713783302104,1.3069276309707334e-07,lp_rnd,0.01,4,LP-RND (beta=0.01)
55000,0.085,0.1199454545454545,1.0,68,271,259,3.640782223153096e-08,1.654466801694134e-06,3.457024424633078e-08,6.630172665723432e-07,4.0541244506144285e-05,0.0007788727422443,0.0004521605951485,1.33350017168965e-07,lp_rnd,0.01,4,LP-RND (beta=0.01)
56000,0.124,0.1200178571428571,1.0,68,271,259,3.1422639536965986e-08,1.4052368559090465e-07,2.0352924865176743e-09,6.080735576149597e-09,2.4095214538664797e-06,7.2049382859948005e-06,0.000447572370258,1.212378640893519e-07,lp_rnd,0.01,4,LP-RND (beta=0.01)
57000,0.094,0.1195614035087719,1.0,68,271,259,2.6945167222753817e-08,1.155468769259537e-07,2.8396187925872536e-08,2.966624566606065e-08,3.397179706916319e-05,3.545286690205363e-05,0.0004333490685385,1.0752215784037845e-07,lp_rnd,0.01,4,LP-RND (beta=0.01)
58000,0.032,0.118051724137931,1.0,68,271,259,2.9710074705979753e-08,5.003773331235806e-07,6.351816794758491e-09,2.0517476197179e-07,7.643730516410106e-06,0.0002477758829688,0.0004320976788658,1.0298418111709397e-07,lp_rnd,0.01,4,LP-RND (beta=0.01)
59000,0.01,0.1162203389830508,1.0,68,271,259,3.317591499296668e-08,8.231008052468303e-08,6.934257967827762e-09,3.25306128880616e-08,8.442057147378523e-06,3.958701909914547e-05,0.0003436148696891,9.296385817592068e-08,lp_rnd,0.01,4,LP-RND (beta=0.01)
60000,0.266,0.1187166666666666,1.0,68,271,259,2.6874723913273563e-08,3.711809180974063e-07,2.9832288953265142e-09,7.633111891635e-08,3.663691391054204e-06,9.349938756597486e-05,0.0003527647130704,9.099191488282089e-08,lp_rnd,0.01,4,LP-RND (beta=0.01)
61000,0.008,0.1169016393442623,1.0,68,271,259,3.3169092583662525e-08,1.0171184633601993e-07,0.0,2.0735727027009604e-08,0.0,2.5675435281893853e-05,0.0003712467825716,8.964982653481001e-08,lp_rnd,0.01,4,LP-RND (beta=0.01)
62000,0.007,0.1151290322580645,1.0,68,271,259,2.8925827828223712e-08,2.311718490367069e-07,3.150406411935234e-09,1.0639367803774337e-07,3.9287087490978895e-06,0.00013270245793,0.0003483355319813,8.058439962077556e-08,lp_rnd,0.01,4,LP-RND (beta=0.01)
63000,0.007,0.1134126984126984,1.0,68,271,259,2.3858541808863265e-08,1.5102455219941104e-07,1.48916663127758e-08,2.2151517818201283e-08,1.870522025462392e-05,2.784766958032081e-05,0.0003864982664108,7.326136683261098e-08,lp_rnd,0.01,4,LP-RND (beta=0.01)
64000,0.007,0.11175,1.0,68,271,259,3.460901863507258e-08,9.227528622808426e-07,2.9167977239857076e-09,8.474041676041332e-08,3.687690424111784e-06,0.000107192942541,0.0003227608745883,8.245374836590713e-08,lp_rnd,0.01,4,LP-RND (beta=0.01)
65000,0.007,0.1101384615384615,1.0,68,271,259,2.8905361406015928e-08,1.9764272077917315e-07,1.795718113888662e-09,7.971735311875878e-08,2.2926594372157044e-06,0.0001018594308758,0.0002894731819069,8.362540716078115e-08,lp_rnd,0.01,4,LP-RND (beta=0.01)
66000,0.007,0.1085757575757575,1.0,68,271,259,2.9994890127227336e-08,1.2768615201932e-07,9.720894057961362e-09,3.47885957955163e-08,1.2495309149428462e-05,4.4788262455586e-05,0.000342121033319,7.608966993544187e-08,lp_rnd,0.01,4,LP-RND (beta=0.01)
67000,0.007,0.1070597014925373,1.0,68,271,259,2.5607919974999863e-08,2.4969544224944125e-07,1.0755682820575072e-08,5.136255627415477e-08,1.3928539231085164e-05,6.65780376127333e-05,0.0003083785495919,7.105056932843467e-08,lp_rnd,0.01,4,LP-RND (beta=0.01)
68000,0.007,0.1055882352941176,1.0,68,271,259,2.5056923647071017e-08,1.4059853665963388e-07,3.6190243183195243e-09,2.7055021105400253e-08,4.716933622088632e-06,3.533716155956665e-05,0.0002517365868934,6.550770002178296e-08,lp_rnd,0.01,4,LP-RND (beta=0.01)
69000,0.007,0.104159420289855,1.0,68,271,259,2.5357577878740552e-08,1.5022356104461556e-07,4.127501134527327e-09,7.705703747010887e-08,5.413049546148106e-06,0.0001014334094515,0.00023583860413,6.21164688290321e-08,lp_rnd,0.01,4,LP-RND (beta=0.01)
70000,0.006,0.1027571428571428,1.0,68,271,259,3.4858420150385434e-08,8.080892085373002e-07,2.189034731259198e-09,8.266695451135658e-08,2.892119486016795e-06,0.0001095895486676,0.0002953713949345,6.736858892963937e-08,lp_rnd,0.01,4,LP-RND (beta=0.01)
71000,0.005,0.1013802816901408,1.0,68,271,259,2.4456423020069453e-08,7.200331706413933e-08,4.203451453577145e-09,8.610593524179739e-08,5.597089699574302e-06,0.0001148675518433,0.000257037626281,6.47851960255963e-08,lp_rnd,0.01,4,LP-RND (beta=0.01)
72000,0.013,0.1001527777777777,1.0,68,271,259,3.851923163339804e-08,3.828402413197261e-07,1.8545943584277104e-08,6.77300867863925e-08,2.4833005340544465e-05,9.084850897434591e-05,0.0002315967486533,6.164487965065747e-08,lp_rnd,0.01,4,LP-RND (beta=0.01)
73000,0.212,0.1016849315068493,1.0,68,271,259,3.2454298766235444e-08,4.072446024506022e-07,3.3009621618927173e-09,5.888349954950948e-08,4.45597494050434e-06,7.95875164401458e-05,0.0002353676525951,6.193078598748513e-08,lp_rnd,0.01,4,LP-RND (beta=0.01)
74000,0.091,0.1015405405405405,1.0,68,271,259,4.0586678848045504e-08,5.15487533690454e-08,2.5130420821229704e-10,2.6950604588744286e-08,3.409291501628753e-07,3.668033840379584e-05,0.0002600901590694,6.000845657361253e-08,lp_rnd,0.01,4,LP-RND (beta=0.01)
75000,0.008,0.1002933333333333,1.0,68,271,259,4.137343734278432e-08,3.132979223382264e-07,1.240904823340827e-08,4.9467754566436393e-08,1.699050307035442e-05,6.784029835861206e-05,0.0002473095437894,5.7536687089410075e-08,lp_rnd,0.01,4,LP-RND (beta=0.01)
76000,0.027,0.099328947368421,1.0,68,271,259,3.7280520399147264e-08,3.8291352149121945e-08,5.785789559387956e-09,1.1002204139406924e-08,7.9822793762887e-06,1.5169857796469376e-05,0.0002447016835926,5.6758248899058125e-08,lp_rnd,0.01,4,LP-RND (beta=0.01)
77000,0.039,0.0985454545454545,1.0,68,271,259,2.7196243547787336e-08,7.502712631258973e-08,6.8053268547484364e-09,6.568114362255541e-09,9.429078492422693e-06,9.117947872912782e-06,0.0002456248336518,4.8379850637658703e-08,lp_rnd,0.01,4,LP-RND (beta=0.01)
78000,0.023,0.097576923076923,1.0,68,271,259,3.0505028763874856e-08,4.186379872794447e-07,5.175241105224932e-09,3.7164761804150894e-08,7.229293321131965e-06,5.188387995754669e-05,0.000217931865824,5.121765230775565e-08,lp_rnd,0.01,4,LP-RND (beta=0.01)
79000,0.021,0.0966075949367088,1.0,68,271,259,2.331942732036212e-08,4.702481588821652e-07,2.5044076865231633e-10,1.050960052553742e-07,3.527983791903517e-07,0.0001478706592088,0.0002636916648266,5.3935458094400704e-08,lp_rnd,0.01,4,LP-RND (beta=0.01)
80000,0.01,0.095525,1.0,68,271,259,1.970252201388689e-08,4.789366358049951e-08,5.282953363661136e-09,1.2866104803777034e-08,7.4629169413392355e-06,1.8203291091219486e-05,0.0002534974563884,5.261539135403837e-08,lp_rnd,0.01,4,LP-RND (beta=0.01)
81000,0.046,0.0949135802469135,1.0,68,271,259,2.6929156653380297e-08,8.213709428702004e-08,4.968405358627221e-09,2.5658237402905426e-08,7.072258689469575e-06,3.654421438288322e-05,0.0002651801687006,4.754704871157145e-08,lp_rnd,0.01,4,LP-RND (beta=0.01)
82000,0.026,0.0940731707317073,1.0,68,271,259,1.6747898743055053e-08,8.75126176608175e-08,1.341797083699047e-09,6.1715694740389405e-09,1.9218044991919845e-06,8.840757466543853e-06,0.0002824125144261,4.5829359679672166e-08,lp_rnd,0.01,4,LP-RND (beta=0.01)
83000,0.017,0.093144578313253,1.0,68,271,259,2.5887241422390833e-08,9.359401441997776e-08,1.7435092846586915e-08,2.0995950768876852e-08,2.513705380567364e-05,3.024091517997407e-05,0.0002842198911735,4.4210744311712356e-08,lp_rnd,0.01,4,LP-RND (beta=0.01)
84000,0.279,0.0953571428571428,1.0,68,271,259,1.857565300781465e-08,3.7121560405334665e-08,4.251329881521858e-09,4.295158677176783e-09,6.154670240364499e-06,6.227828861873152e-06,0.0002691555901567,4.2690779904042136e-08,lp_rnd,0.01,4,LP-RND (beta=0.01)
85000,0.046,0.0947764705882353,1.0,68,271,259,2.0119465735946997e-08,2.891409174682813e-07,1.5189411178115702e-09,3.1122185172332766e-08,2.213242063229946e-06,4.542898887020257e-05,0.0002635000111422,4.17720152547929e-08,lp_rnd,0.01,4,LP-RND (beta=0.01)
86000,0.138,0.0952790697674418,1.0,68,271,259,1.7125587196340948e-08,3.5790277368740346e-08,1.0063927076561022e-08,1.157085909530604e-08,1.4751812266606886e-05,1.6963678680220096e-05,0.000243617483519,3.9149990710640744e-08,lp_rnd,0.01,4,LP-RND (beta=0.01)
87000,0.084,0.0951494252873563,1.0,68,271,259,2.6665674832248077e-08,6.075274107076533e-08,1.081231865945093e-09,6.327394859881381e-09,1.5944857827351774e-06,9.332962037903132e-06,0.0002880897786744,3.863208669763197e-08,lp_rnd,0.01,4,LP-RND (beta=0.01)
88000,0.079,0.094965909090909,1.0,68,271,259,1.6013264267332023e-08,4.5623568004718735e-08,1.9801934438171027e-09,1.2040459275042644e-08,2.936496291510746e-06,1.7864621080534953e-05,0.0002765596670215,3.646114174937765e-08,lp_rnd,0.01,4,LP-RND (beta=0.01)
89000,0.056,0.0945280898876404,1.0,68,271,259,1.311981582898168e-08,2.6675191072030623e-08,1.917812797458396e-09,4.208606329726435e-09,2.861642470074434e-06,6.280433164334978e-06,0.0002693131164969,3.3548948572992287e-08,lp_rnd,0.01,4,LP-RND (beta=0.01)
90000,0.054,0.0940777777777777,1.0,68,271,259,1.5170160897018496e-08,2.5811275456653346e-08,3.546534679101767e-09,3.514278254354346e-09,5.311509925455021e-06,5.271998272855061e-06,0.000252919238878,3.34804844879244e-08,lp_rnd,0.01,4,LP-RND (beta=0.01)
91000,0.236,0.0956373626373626,1.0,68,271,259,2.807832512918452e-08,2.7258125340357974e-08,4.099259615369097e-09,3.4501753583249652e-09,6.181895518599668e-06,5.201722734741627e-06,0.0002732995896363,2.7907355166334467e-08,lp_rnd,0.01,4,LP-RND (beta=0.01)
92000,0.749,0.1027391304347826,1.0,68,271,259,5.440796769296816e-08,1.837365836900057e-08,4.8275040918915876e-08,2.060567639491685e-09,7.325400743091275e-05,3.120967146109267e-06,0.0002674533678447,2.97144512204639e-08,lp_rnd,0.01,4,LP-RND (beta=0.01)
93000,0.697,0.1091290322580645,1.0,68,271,259,2.329713878978032e-08,4.7690971031485823e-08,7.206947200985664e-09,3.997399814899368e-09,1.0987042011615547e-05,6.091819736466422e-06,0.0002817846929115,2.6128920673329505e-08,lp_rnd,0.01,4,LP-RND (beta=0.01)
94000,0.386,0.1120744680851063,1.0,68,271,259,8.202746662797554e-08,7.728916269059908e-08,3.7337590279216965e-09,2.730122956516133e-08,5.725246893690812e-06,4.182793546196765e-05,0.0002926859747601,2.516422231746418e-08,lp_rnd,0.01,4,LP-RND (beta=0.01)
95000,0.07,0.1116315789473684,1.0,68,271,259,6.048447216094083e-08,4.614119621149462e-08,6.352458673372244e-09,9.501571177162488e-09,9.778766702643727e-06,1.4633810072003394e-05,0.0002498678684378,2.7705573195646598e-08,lp_rnd,0.01,4,LP-RND (beta=0.01)
96000,0.129,0.1118125,1.0,68,271,259,1.1659249751707468e-08,2.8687279685819413e-08,7.975616584048105e-10,3.0775199538903875e-09,1.2349341942657769e-06,4.766946994458712e-06,0.0002647461093116,2.2399136355932824e-08,lp_rnd,0.01,4,LP-RND (beta=0.01)
97000,0.118,0.1118762886597938,1.0,68,271,259,1.5817634670993616e-08,1.7454832163669813e-08,2.068060566486933e-09,1.6737213975566771e-09,3.218930404207486e-06,2.605597696750048e-06,0.0002848322579507,2.3521030842132973e-08,lp_rnd,0.01,4,LP-RND (beta=0.01)
98000,0.148,0.1122448979591836,1.0,68,271,259,1.4603349213065792e-08,2.5254131303379343e-08,5.435653983977663e-09,4.095335303011746e-09,8.502576840192279e-06,6.4069786389702056e-06,0.0002461039757803,2.2516754271784123e-08,lp_rnd,0.01,4,LP-RND (beta=0.01)
99000,0.106,0.1121818181818181,1.0,68,271,259,1.6014574863286158e-08,1.6048005150461888e-08,9.926874215719456e-09,1.4132184102051062e-08,1.5596122554816787e-05,2.221709346096071e-05,0.0002617126856307,2.4163676965560653e-08,lp_rnd,0.01,4,LP-RND (beta=0.01)
100000,0.116,0.11222,1.0,68,271,259,1.1985513265774506e-08,1.214679257099798e-07,3.5482554021407766e-09,1.0861520981765038e-08,5.601157534365912e-06,1.7171130609548966e-05,0.0002423830390271,2.1304527098475745e-08,lp_rnd,0.01,4,LP-RND (beta=0.01)
1000,0.187,0.187,0.4411764705882353,30,100,99,0.0076965919825283,0.0072537999958725,0.0076965919825283,0.0072537999958725,4.783324225545196,4.95134590366796,0.0060953991487622,0.0074236392974853,rnd,0.01,0,RND (beta=0.01)
2000,0.1,0.1435,0.6470588235294118,44,156,150,0.0006062727357675,0.0003738113073551,0.0006062727357675,0.0003738113073551,0.4070892900085808,0.2841829082384212,0.0010406628049386,0.0003665841898873,rnd,0.01,0,RND (beta=0.01)
3000,0.047,0.1113333333333333,0.7647058823529411,52,190,182,3.5740380147391525e-05,4.773414852643289e-05,3.5740380147391525e-05,4.773414852643289e-05,0.0101395252568477,0.0134548925971081,0.0004138974069501,3.0157930933455644e-05,rnd,0.01,0,RND (beta=0.01)
4000,0.093,0.10675,0.8382352941176471,57,205,197,1.788779622153035e-05,1.8669281045161055e-05,1.788779622153035e-05,1.8669281045161055e-05,0.0054156879185145,0.0056425877236299,0.0002764500940684,1.518588453427583e-05,rnd,0.01,0,RND (beta=0.01)
5000,0.194,0.1242,0.8382352941176471,57,208,200,8.512138416551456e-06,1.043471413668392e-05,8.512138416551456e-06,1.043471413668392e-05,0.0027547999454135,0.0034469689971314,0.0002320246979797,8.738611043327182e-06,rnd,0.01,0,RND (beta=0.01)
6000,0.142,0.1271666666666666,0.8382352941176471,57,212,204,3.303435838640492e-06,1.6037340759225893e-05,3.303435838640492e-06,1.6037340759225893e-05,0.0011643739672,0.0056280614294467,0.0002054460103172,6.486275556881083e-06,rnd,0.01,0,RND (beta=0.01)
7000,0.191,0.1362857142857143,0.8382352941176471,57,212,204,1.667690547249535e-06,3.462957711630386e-06,1.667690547249535e-06,3.462957711630386e-06,0.0006244904554905,0.0013058233515145,0.0001925206956584,4.428707726447101e-06,rnd,0.01,0,RND (beta=0.01)
8000,0.262,0.152,0.8382352941176471,57,212,204,9.071531762040698e-07,8.076248615468663e-07,9.071531762040698e-07,8.076248615468663e-07,0.0003587296697361,0.0003212203009423,0.0001779974978198,2.9029430857008267e-06,rnd,0.01,0,RND (beta=0.01)
9000,0.288,0.1671111111111111,0.8382352941176471,57,212,204,4.897371926265098e-07,1.3886472888633777e-06,4.897371926265098e-07,1.3886472888633777e-06,0.0002055080119026,0.0005849977559857,0.0001610560605913,1.979391212501014e-06,rnd,0.01,0,RND (beta=0.01)
10000,0.168,0.1672,0.8382352941176471,57,212,204,3.692876666894747e-07,2.4850283067722445e-06,3.692876666894747e-07,2.4850283067722445e-06,0.0001624465056234,0.0010833357304468,0.0001476472201993,1.5579301392563138e-06,rnd,0.01,0,RND (beta=0.01)
11000,0.184,0.1687272727272727,0.8382352941176471,57,212,204,2.605278861051128e-07,2.200458635382528e-06,2.605278861051128e-07,2.200458635382528e-06,0.0001189664689969,0.0010218812302843,0.0001277558577658,1.1779832013587565e-06,rnd,0.01,0,RND (beta=0.01)
12000,0.098,0.1628333333333333,0.8382352941176471,57,212,204,2.643223425895151e-07,2.4469037851485915e-06,2.643223425895151e-07,2.4469037851485915e-06,0.0001265013931386,0.0011732381598625,0.0001213151050214,1.0232867939237166e-06,rnd,0.01,0,RND (beta=0.01)
13000,0.08,0.1564615384615384,0.8382352941176471,57,216,208,2.3133772346639607e-07,6.214214919882412e-06,2.3133772346639607e-07,6.214214919882412e-06,0.0001156103405621,0.0030754191174463,0.0001125995751863,1.0271275982631778e-06,rnd,0.01,0,RND (beta=0.01)
14000,0.188,0.1587142857142857,0.9117647058823528,62,233,224,1.8847612862378194e-07,5.404950212080927e-06,1.8847612862378194e-07,5.404950212080927e-06,9.699626073232078e-05,0.002818013805878,0.0001097529192084,8.420469204679648e-07,rnd,0.01,0,RND (beta=0.01)
15000,0.086,0.1538666666666666,0.9117647058823528,62,233,224,1.908455863212889e-07,9.965831631188238e-07,1.908455863212889e-07,9.965831631188238e-07,0.0001014062777336,0.000531879425438,0.0001188083033248,8.870008138899266e-07,rnd,0.01,0,RND (beta=0.01)
16000,0.069,0.1485625,0.9117647058823528,62,233,224,2.1001603475935449e-07,9.759245282685064e-07,2.1001603475935449e-07,9.759245282685064e-07,0.0001147452808036,0.0005360169231391,0.0001089663708007,7.070714069215001e-07,rnd,0.01,0,RND (beta=0.01)
17000,0.057,0.1431764705882353,0.9117647058823528,62,233,224,1.6667137327985664e-07,1.0901651822222514e-06,1.6667137327985664e-07,1.0901651822222514e-06,9.402887462346284e-05,0.0006129691058711,0.0001171883661081,6.056593481105211e-07,rnd,0.01,0,RND (beta=0.01)
18000,0.026,0.1366666666666666,0.9117647058823528,62,233,224,2.103431212455794e-07,1.4722828934935618e-06,2.103431212455794e-07,1.4722828934935618e-06,0.000121130854804,0.000857717767074,0.0001037376847234,5.313018454984331e-07,rnd,0.01,0,RND (beta=0.01)
19000,0.058,0.1325263157894737,0.9117647058823528,62,233,224,1.4216397897973037e-07,5.874205879577084e-07,1.4216397897973037e-07,5.874205879577084e-07,8.498913788563289e-05,0.0003501405079309,0.0001090459667302,4.673958935796918e-07,rnd,0.01,0,RND (beta=0.01)
20000,0.028,0.1273,0.9411764705882352,64,242,233,1.017310786721737e-07,6.173988762848267e-06,1.017310786721737e-07,6.173988762848267e-06,6.194158031022295e-05,0.0037796801192849,0.0001079883504771,4.858635609537032e-07,rnd,0.01,0,RND (beta=0.01)
21000,0.161,0.1289047619047619,0.9705882352941176,66,247,238,1.7805480838532e-07,2.119658871656217e-06,1.7805480838532e-07,2.119658871656217e-06,0.0001112957979528,0.0013133239026032,0.0001120282519323,5.857062522238721e-07,rnd,0.01,0,RND (beta=0.01)
22000,0.167,0.1306363636363636,0.9705882352941176,66,249,240,1.3824860792017113e-07,1.0892592097245158e-06,1.3824860792017113e-07,1.0892592097245158e-06,8.823324856794023e-05,0.0006953348126793,0.0001204771064913,5.089764029264643e-07,rnd,0.01,0,RND (beta=0.01)
23000,0.117,0.1300434782608695,0.9852941176470588,67,260,249,1.071154338485174e-07,5.735210880509398e-06,1.071154338485174e-07,5.735210880509398e-06,6.97522230701762e-05,0.0037314898048794,0.0001166068485763,5.67964481241745e-07,rnd,0.01,0,RND (beta=0.01)
24000,0.234,0.134375,0.9852941176470588,67,260,249,1.171943132396208e-07,2.154067586442757e-07,1.171943132396208e-07,2.154067586442757e-07,7.82333016994973e-05,0.0001436290920185,0.0001120247839753,4.871728108355455e-07,rnd,0.01,0,RND (beta=0.01)
25000,0.217,0.13768,0.9852941176470588,67,260,249,8.841321641831025e-08,3.313990141481044e-07,8.841321641831025e-08,3.313990141481044e-07,6.01019761230599e-05,0.0002244271040937,0.0001166937115258,4.061269351680608e-07,rnd,0.01,0,RND (beta=0.01)
26000,0.172,0.139,0.9852941176470588,67,262,251,8.484524276951128e-08,1.220749716554919e-06,8.484524276951128e-08,1.220749716554919e-06,5.873382269552508e-05,0.0008499934495197,0.0001204406329561,3.603292488989496e-07,rnd,0.01,0,RND (beta=0.01)
27000,0.058,0.136,0.9852941176470588,67,262,251,8.99392286623291e-08,1.0044521838089295e-06,8.99392286623291e-08,1.0044521838089295e-06,6.351745616858455e-05,0.0007079394106596,0.0001196915631098,3.771897474322827e-07,rnd,0.01,0,RND (beta=0.01)
28000,0.106,0.1349285714285714,0.9852941176470588,67,262,251,7.572644026308938e-08,2.079018225801401e-06,7.572644026308938e-08,2.079018225801401e-06,5.446962994047284e-05,0.0014935483761675,0.0001563172501828,3.502567712345694e-07,rnd,0.01,0,RND (beta=0.01)
29000,0.081,0.1330689655172413,0.9852941176470588,67,262,251,7.625671879959893e-08,1.0133367182432574e-06,7.625671879959893e-08,1.0133367182432574e-06,5.562793416449348e-05,0.0007405800975223,0.0001729171117513,3.613487352041034e-07,rnd,0.01,0,RND (beta=0.01)
30000,0.104,0.1321,0.9852941176470588,67,262,251,8.144442638251365e-08,7.857099856151128e-07,8.144442638251365e-08,7.857099856151128e-07,6.0332930668187234e-05,0.0005816235461439,0.0001938967129171,3.405142025414421e-07,rnd,0.01,0,RND (beta=0.01)
31000,0.14,0.1323548387096774,0.9852941176470588,67,262,251,6.360967949195893e-08,3.328274313454497e-07,6.360967949195893e-08,3.328274313454497e-07,4.806884547052708e-05,0.0002519835236665,0.0002381753229637,2.850752707672655e-07,rnd,0.01,0,RND (beta=0.01)
32000,0.084,0.13084375,0.9852941176470588,67,262,251,5.132598695262962e-08,2.806159810206825e-07,5.132598695262962e-08,2.806159810206825e-07,3.932055183232503e-05,0.0002149578983566,0.0002273102296949,2.503832936966433e-07,rnd,0.01,0,RND (beta=0.01)
33000,0.104,0.130030303030303,0.9852941176470588,67,262,251,4.764512294099286e-08,2.2753176900131805e-07,4.764512294099286e-08,2.2753176900131805e-07,3.7023573156722e-05,0.000176996226922,0.0002550644308994,2.325982781528069e-07,rnd,0.01,0,RND (beta=0.01)
34000,0.084,0.1286764705882352,0.9852941176470588,67,262,251,4.4635027250991686e-08,1.1313830059517177e-07,4.4635027250991686e-08,1.1313830059517177e-07,3.52594076430021e-05,8.939372619736468e-05,0.0002664403342696,2.1600177979408386e-07,rnd,0.01,0,RND (beta=0.01)
35000,0.097,0.1277714285714285,0.9852941176470588,67,262,251,3.923940591469723e-08,1.2053077189109536e-07,3.923940591469723e-08,1.2053077189109536e-07,3.14279317252275e-05,9.656185838862152e-05,0.0002729659196738,1.8863815632741421e-07,rnd,0.01,0,RND (beta=0.01)
36000,0.079,0.1264166666666666,1.0,68,264,252,3.6536127867159715e-08,3.933137128926442e-07,3.6536127867159715e-08,3.933137128926442e-07,2.966287861440437e-05,0.0003198579800386,0.0002646118768334,1.743055667837723e-07,rnd,0.01,0,RND (beta=0.01)
37000,0.086,0.1253243243243243,1.0,68,264,252,3.4146456628655836e-08,1.8605384759997642e-07,3.4146456628655836e-08,1.8605384759997642e-07,2.808710189901603e-05,0.0001529150992662,0.0002789357091296,1.5760905716533102e-07,rnd,0.01,0,RND (beta=0.01)
38000,0.059,0.123578947368421,1.0,68,265,253,3.173665889034502e-08,3.958382369580653e-07,3.173665889034502e-08,3.958382369580653e-07,2.643692084668854e-05,0.00032997045438,0.0002510434993237,1.5213588572038361e-07,rnd,0.01,0,RND (beta=0.01)
39000,0.051,0.1217179487179487,1.0,68,265,253,4.2310204229067956e-08,5.2826168145140796e-08,4.2310204229067956e-08,5.2826168145140796e-08,3.576899093222345e-05,4.465330761457701e-05,0.0002499898612149,1.4385336185185338e-07,rnd,0.01,0,RND (beta=0.01)
40000,0.185,0.1233,1.0,68,265,253,3.480136128344482e-08,2.299142979765808e-07,3.480136128344482e-08,2.299142979765808e-07,2.9718673193042868e-05,0.0001969293668211,0.0002735238560599,1.3386144890148445e-07,rnd,0.01,0,RND (beta=0.01)
41000,0.122,0.1232682926829268,1.0,68,265,253,2.6924631842823173e-08,7.456773496925801e-08,2.6924631842823173e-08,7.456773496925801e-08,2.323855732367029e-05,6.471208602523827e-05,0.0002439397732923,1.2761765802515868e-07,rnd,0.01,0,RND (beta=0.01)
42000,0.045,0.1214047619047619,1.0,68,265,253,2.9161614594702063e-08,1.0002906802015325e-07,2.9161614594702063e-08,1.0002906802015325e-07,2.555908376527991e-05,8.755813888511047e-05,0.000251701166333,1.1437193482777277e-07,rnd,0.01,0,RND (beta=0.01)
43000,0.037,0.1194418604651162,1.0,68,265,253,2.8693277975833098e-08,2.914981489103953e-07,2.8693277975833098e-08,2.914981489103953e-07,2.5407155481171397e-05,0.0002593461084986,0.0002972445209488,1.0549955541705459e-07,rnd,0.01,0,RND (beta=0.01)
44000,0.032,0.1174545454545454,1.0,68,266,254,2.8218378328448424e-08,4.2891716009486237e-07,2.8218378328448424e-08,4.2891716009486237e-07,2.529133885788784e-05,0.0003839176292974,0.0003066541996104,1.1473949615137257e-07,rnd,0.01,0,RND (beta=0.01)
45000,0.07,0.1164,1.0,68,267,255,3.159032530167646e-08,5.737178994437236e-07,3.159032530167646e-08,5.737178994437236e-07,2.8632108452477176e-05,0.0005178474860259,0.0002862355917495,1.197652961852924e-07,rnd,0.01,0,RND (beta=0.01)
46000,0.024,0.114391304347826,1.0,68,267,255,3.117258451368343e-08,4.013939088887142e-07,3.117258451368343e-08,4.013939088887142e-07,2.853679495813596e-05,0.0003686145592897,0.0003471248540736,1.1218520946876255e-07,rnd,0.01,0,RND (beta=0.01)
47000,0.025,0.1124893617021276,1.0,68,267,255,2.8044815181260678e-08,5.361997106170873e-07,2.8044815181260678e-08,5.361997106170873e-07,2.595019692914675e-05,0.0004975158695939,0.0002844237389526,1.0909748070986325e-07,rnd,0.01,0,RND (beta=0.01)
48000,0.13,0.1128541666666666,1.0,68,267,255,3.3508075452787655e-08,3.23288877624916e-08,3.3508075452787655e-08,3.23288877624916e-08,3.1379066660374864e-05,3.023406698015313e-05,0.0003013531597262,9.288378886118664e-08,rnd,0.01,0,RND (beta=0.01)
49000,0.14,0.1134081632653061,1.0,68,267,255,3.0783719497305483e-08,2.8243105640248637e-08,3.0783719497305483e-08,2.8243105640248637e-08,2.9143053905973908e-05,2.6694711080100583e-05,0.000230379740622,1.031856306568102e-07,rnd,0.01,0,RND (beta=0.01)
50000,0.021,0.11156,1.0,68,267,255,2.0810153980984784e-08,2.0935095616439e-08,2.0810153980984784e-08,2.0935095616439e-08,1.990527534829044e-05,1.9990058573357617e-05,0.000244059703702,8.355937530879487e-08,rnd,0.01,0,RND (beta=0.01)
51000,0.006,0.1094901960784313,1.0,68,267,255,1.6526878532374667e-08,3.2275326185860695e-08,1.6526878532374667e-08,3.2275326185860695e-08,1.593331372236118e-05,3.1102539304150404e-05,0.0002421099142029,8.385771165286828e-08,rnd,0.01,0,RND (beta=0.01)
52000,0.157,0.1104038461538461,1.0,68,267,255,2.3672257580905003e-08,2.5508071521105408e-08,2.3672257580905003e-08,2.5508071521105408e-08,2.310581087080176e-05,2.480595546557272e-05,0.000229874553639,8.006847831509845e-08,rnd,0.01,0,RND (beta=0.01)
53000,0.051,0.1092830188679245,1.0,68,267,255,2.9507752720561772e-08,1.162795394977774e-06,2.9507752720561772e-08,1.162795394977774e-06,2.894865065024069e-05,0.0011427009813953,0.0002238168260028,7.707762604880486e-08,rnd,0.01,0,RND (beta=0.01)
54000,0.012,0.1074814814814814,1.0,68,267,255,1.6248059490446092e-08,3.6099213405301946e-08,1.6248059490446092e-08,3.6099213405301946e-08,1.6087920416471067e-05,3.57927446466844e-05,0.0002051326825994,7.597077884469172e-08,rnd,0.01,0,RND (beta=0.01)
55000,0.021,0.1059090909090909,1.0,68,267,255,1.8960072115500485e-08,2.9290767077042563e-08,1.8960072115500485e-08,2.9290767077042563e-08,1.896193058405525e-05,2.9307936068648425e-05,0.0002104808761209,7.507415729790523e-08,rnd,0.01,0,RND (beta=0.01)
56000,0.038,0.1046964285714285,1.0,68,267,255,1.8250456666392197e-08,3.3936322689397446e-08,1.8250456666392197e-08,3.3936322689397446e-08,1.8428444502576427e-05,3.424390674826016e-05,0.000178095060651,6.15280380804606e-08,rnd,0.01,0,RND (beta=0.01)
57000,0.048,0.1037017543859649,1.0,68,267,255,1.922544581867136e-08,2.2838394377814072e-08,1.922544581867136e-08,2.2838394377814072e-08,1.956381393656405e-05,2.326168226106905e-05,0.0002306098664478,5.72411017047969e-08,rnd,0.01,0,RND (beta=0.01)
58000,0.016,0.1021896551724138,1.0,68,267,255,1.5448468115852876e-08,2.3256466605033248e-08,1.5448468115852876e-08,2.3256466605033248e-08,1.584429481348828e-05,2.387923472503613e-05,0.000244261549114,5.7450506139034024e-08,rnd,0.01,0,RND (beta=0.01)
59000,0.026,0.1008983050847457,1.0,68,267,255,1.6461784431325118e-08,2.349581011294e-08,1.6461784431325118e-08,2.349581011294e-08,1.704468079085744e-05,2.43481888366102e-05,0.0002003271840046,5.478327476904354e-08,rnd,0.01,0,RND (beta=0.01)
60000,0.235,0.1031333333333333,1.0,68,267,255,1.7512553808998328e-08,1.602735852560769e-08,1.7512553808998328e-08,1.602735852560769e-08,1.8298266911772832e-05,1.6741662866131113e-05,0.0002042931260798,4.470932321076759e-08,rnd,0.01,0,RND (beta=0.01)
61000,0.092,0.1029508196721311,1.0,68,267,255,1.6876346214220545e-08,2.4180439706823256e-08,1.6876346214220545e-08,2.4180439706823256e-08,1.776573049215804e-05,2.5480611065568625e-05,0.0002477917889252,4.38427269990882e-08,rnd,0.01,0,RND (beta=0.01)
62000,0.012,0.1014838709677419,1.0,68,267,255,2.1714602227440597e-08,5.6986270127611e-08,2.1714602227440597e-08,5.6986270127611e-08,2.304685852393536e-05,6.0521795848796063e-05,0.0002629409834457,4.709138830349957e-08,rnd,0.01,0,RND (beta=0.01)
63000,0.008,0.1,1.0,68,267,255,1.540412053468998e-08,1.5185086886168507e-08,1.540412053468998e-08,1.5185086886168507e-08,1.6450261361878924e-05,1.6245580393748674e-05,0.0002023020972019,4.078508331950559e-08,rnd,0.01,0,RND (beta=0.01)
64000,0.028,0.098875,1.0,68,267,255,1.9866617113300277e-08,6.878044515873213e-08,1.9866617113300277e-08,6.878044515873213e-08,2.140548649454701e-05,7.419545083915917e-05,0.0002354958537372,4.115557396300318e-08,rnd,0.01,0,RND (beta=0.01)
65000,0.019,0.0976461538461538,1.0,68,267,255,1.8491065754601192e-08,2.1522548039348025e-07,1.8491065754601192e-08,2.1522548039348025e-07,2.0115066366205144e-05,0.0002338316912208,0.0002770155636662,4.021222711969585e-08,rnd,0.01,0,RND (beta=0.01)
66000,0.11,0.0978333333333333,1.0,68,267,255,1.575780469341804e-08,1.659876525716226e-08,1.575780469341804e-08,1.659876525716226e-08,1.7279573582118947e-05,1.8176848380596965e-05,0.0002881305302987,3.9771261481469376e-08,rnd,0.01,0,RND (beta=0.01)
67000,0.01,0.0965223880597015,1.0,68,267,255,1.3928387243566933e-08,1.3084919666302616e-08,1.3928387243566933e-08,1.3084919666302616e-08,1.537101707581902e-05,1.4434297235091442e-05,0.0002690508185382,3.55919744059463e-08,rnd,0.01,0,RND (beta=0.01)
68000,0.038,0.0956617647058823,1.0,68,267,255,1.468302194449372e-08,1.3792328679013433e-08,1.468302194449372e-08,1.3792328679013433e-08,1.6321314879948476e-05,1.5324725243440472e-05,0.0002653287583154,3.351356722935961e-08,rnd,0.01,0,RND (beta=0.01)
69000,0.069,0.0952753623188405,1.0,68,267,255,1.291594523443241e-08,1.1589938106266136e-08,1.291594523443241e-08,1.1589938106266136e-08,1.4455758126901792e-05,1.2970968140483244e-05,0.0002837651206832,3.0069547207300926e-08,rnd,0.01,0,RND (beta=0.01)
70000,0.062,0.0948,1.0,68,267,255,1.1865739247793596e-08,1.352665066925908e-08,1.1865739247793596e-08,1.352665066925908e-08,1.3379891810546707e-05,1.5253208181526818e-05,0.0002286506485393,2.9759787906424864e-08,rnd,0.01,0,RND (beta=0.01)
71000,0.073,0.0944929577464788,1.0,68,267,255,1.3270944319112791e-08,1.1375153223290074e-08,1.3270944319112791e-08,1.1375153223290074e-08,1.506789979445903e-05,1.2915245278251935e-05,0.0002425503400254,2.4886551368119568e-08,rnd,0.01,0,RND (beta=0.01)
72000,0.068,0.094125,1.0,68,267,255,1.3024457525561922e-08,1.1828171659576008e-08,1.3024457525561922e-08,1.1828171659576008e-08,1.4883369074044563e-05,1.3520107164543093e-05,0.0002295110065506,2.5852703938511468e-08,rnd,0.01,0,RND (beta=0.01)
73000,0.076,0.0938767123287671,1.0,68,267,255,1.3046622723687418e-08,1.2328597669688997e-08,1.3046622723687418e-08,1.2328597669688997e-08,1.5018731339436396e-05,1.41867757707953e-05,0.0002469729678527,2.3584162362144668e-08,rnd,0.01,0,RND (beta=0.01)
74000,0.298,0.0966351351351351,1.0,68,267,255,1.4266316634375606e-08,1.2178261340962557e-08,1.4266316634375606e-08,1.2178261340962557e-08,1.6542075217974653e-05,1.4111745653628207e-05,0.0002532546043387,2.2364352874060244e-08,rnd,0.01,0,RND (beta=0.01)
75000,0.072,0.0963066666666666,1.0,68,267,255,1.2534646530602977e-08,1.1028833229099793e-08,1.2534646530602977e-08,1.1028833229099793e-08,1.462911582894948e-05,1.2868839422686342e-05,0.0002262647690172,2.205389915088673e-08,rnd,0.01,0,RND (beta=0.01)
76000,0.089,0.0962105263157894,1.0,68,267,255,1.1764557867214597e-08,1.0444967555826275e-08,1.1764557867214597e-08,1.0444967555826275e-08,1.3812411533566284e-05,1.226964307172429e-05,0.0002478853103609,2.1068695533088544e-08,rnd,0.01,0,RND (beta=0.01)
77000,0.03,0.0953506493506493,1.0,68,267,255,1.1522515119821718e-08,1.1685273215711334e-08,1.1522515119821718e-08,1.1685273215711334e-08,1.3623408726129524e-05,1.38215864862231e-05,0.0002645690686294,1.982459083338384e-08,rnd,0.01,0,RND (beta=0.01)
78000,0.059,0.0948846153846153,1.0,68,267,255,8.382135366217104e-09,8.572144260096485e-09,8.382135366217104e-09,8.572144260096485e-09,9.975435774965997e-06,1.0203693929431583e-05,0.0002393502666086,1.7445300585894332e-08,rnd,0.01,0,RND (beta=0.01)
79000,0.065,0.094506329113924,1.0,68,267,255,1.0181926727389404e-08,9.880415299352087e-09,1.0181926727389404e-08,9.880415299352087e-09,1.2184541676959755e-05,1.1823506516029954e-05,0.0002998157777755,1.6608586808075646e-08,rnd,0.01,0,RND (beta=0.01)
80000,0.043,0.0938625,1.0,68,267,255,9.431323561919173e-09,1.0989358360606513e-08,9.431323561919173e-09,1.0989358360606513e-08,1.1356538665688234e-05,1.323510515997564e-05,0.0002883557786294,1.5879264599893973e-08,rnd,0.01,0,RND (beta=0.01)
81000,0.062,0.0934691358024691,1.0,68,267,255,1.1623649336951625e-08,9.509604160750627e-09,1.1623649336951625e-08,9.509604160750627e-09,1.4080881562284324e-05,1.1520607210290044e-05,0.0002421447851495,1.5551365037058673e-08,rnd,0.01,0,RND (beta=0.01)
82000,0.076,0.0932560975609756,1.0,68,267,255,1.4167544836127109e-08,1.2490124949215878e-08,1.4167544836127109e-08,1.2490124949215878e-08,1.7264417228208216e-05,1.5229926991171205e-05,0.0002172657869582,1.9308159762143617e-08,rnd,0.01,0,RND (beta=0.01)
83000,0.046,0.0926867469879518,1.0,68,267,255,9.440494381398792e-09,8.614722095008606e-09,9.440494381398792e-09,8.614722095008606e-09,1.1581230386376766e-05,1.0570362000021271e-05,0.000234711375592,1.4046639140508078e-08,rnd,0.01,0,RND (beta=0.01)
84000,0.114,0.0929404761904761,1.0,68,267,255,1.43157718097074e-08,1.441662138552108e-08,1.43157718097074e-08,1.441662138552108e-08,1.7685034897939838e-05,1.779484752437112e-05,0.0002891716774583,1.6013167678519123e-08,rnd,0.01,0,RND (beta=0.01)
85000,0.014,0.0920117647058823,1.0,68,267,255,1.2299410616962396e-08,9.471181350689614e-09,1.2299410616962396e-08,9.471181350689614e-09,1.5277436749014646e-05,1.1757384891698192e-05,0.0002647592302491,1.4481323110659972e-08,rnd,0.01,0,RND (beta=0.01)
86000,0.05,0.0915232558139534,1.0,68,267,255,1.0419738138978118e-08,1.0101276388323711e-08,1.0419738138978118e-08,1.0101276388323711e-08,1.3009236606650388e-05,1.2608389426381237e-05,0.0002536925042935,1.5796731144712693e-08,rnd,0.01,0,RND (beta=0.01)
87000,0.015,0.0906436781609195,1.0,68,267,255,8.937703007324178e-09,1.0534502534483289e-08,8.937703007324178e-09,1.0534502534483289e-08,1.1218509261948844e-05,1.3229708977018606e-05,0.0002563500285593,1.3294573638855668e-08,rnd,0.01,0,RND (beta=0.01)
88000,0.281,0.0928068181818181,1.0,68,267,255,7.089156090151737e-09,1.0848563227320698e-08,7.089156090151737e-09,1.0848563227320698e-08,8.950575609030504e-06,1.3698744802216168e-05,0.0003025454574471,1.3720654856719252e-08,rnd,0.01,0,RND (beta=0.01)
89000,0.414,0.0964157303370786,1.0,68,267,255,1.6036530606665156e-08,1.887191027492269e-08,1.6036530606665156e-08,1.887191027492269e-08,2.0379260427072945e-05,2.3958493338692496e-05,0.0002759676264194,1.3767674160058974e-08,rnd,0.01,0,RND (beta=0.01)
90000,0.049,0.0958888888888888,1.0,68,267,255,9.295585688939392e-09,1.2894813563810378e-08,9.295585688939392e-09,1.2894813563810378e-08,1.1860849386527123e-05,1.6456472217540037e-05,0.0002638436998498,1.2766856342327772e-08,rnd,0.01,0,RND (beta=0.01)
91000,0.073,0.0956373626373626,1.0,68,267,255,9.288998761961252e-09,1.0989822388628094e-08,9.288998761961252e-09,1.0989822388628094e-08,1.1925198143297256e-05,1.4109799068244935e-05,0.0002793147159909,1.4139880637031865e-08,rnd,0.01,0,RND (beta=0.01)
92000,0.032,0.094945652173913,1.0,68,267,255,9.230684216987584e-09,1.1162589474886082e-08,9.230684216987584e-09,1.1162589474886082e-08,1.1918378637971014e-05,1.4407888790122467e-05,0.0002254644839333,1.2546464326579354e-08,rnd,0.01,0,RND (beta=0.01)
93000,0.037,0.0943225806451612,1.0,68,267,255,1.2195166168196452e-08,9.134221484700838e-09,1.2195166168196452e-08,9.134221484700838e-09,1.584203254819284e-05,1.186218695134817e-05,0.0002565412219383,1.3194106176728226e-08,rnd,0.01,0,RND (beta=0.01)
94000,0.027,0.0936063829787234,1.0,68,267,255,7.845540011891322e-09,8.860406093876574e-09,7.845540011891322e-09,8.860406093876574e-09,1.0237957160695657e-05,1.1564247451615652e-05,0.0002571531029436,1.0406963836251392e-08,rnd,0.01,0,RND (beta=0.01)
95000,0.046,0.0931052631578947,1.0,68,267,255,7.605421891299573e-09,9.599225060998154e-09,7.605421891299573e-09,9.599225060998154e-09,9.980006957888432e-06,1.2593453503480208e-05,0.0002676249761352,9.078995291567082e-09,rnd,0.01,0,RND (beta=0.01)
96000,0.027,0.0924166666666666,1.0,68,267,255,1.3878108152388369e-08,5.450781682540637e-08,1.3878108152388369e-08,5.450781682540637e-08,1.82970138426603e-05,7.190045575556064e-05,0.0002962121407908,1.2156640206595348e-08,rnd,0.01,0,RND (beta=0.01)
97000,0.023,0.091701030927835,1.0,68,267,255,1.1340395509125233e-08,1.5116157640059598e-08,1.1340395509125233e-08,1.5116157640059598e-08,1.5038316076513237e-05,2.004093374288056e-05,0.0002371616664588,1.3883691233007591e-08,rnd,0.01,0,RND (beta=0.01)
98000,0.269,0.0935102040816326,1.0,68,267,255,7.819285223955758e-09,6.3488844897289065e-09,7.819285223955758e-09,6.3488844897289065e-09,1.042444754935219e-05,8.46406778211512e-06,0.0002599035601762,6.8623405164447425e-09,rnd,0.01,0,RND (beta=0.01)
99000,0.079,0.0933636363636363,1.0,68,267,255,1.4499115611367622e-08,9.101550591491409e-09,1.4499115611367622e-08,9.101550591491409e-09,1.9435339304393223e-05,1.2190172840764564e-05,0.0002216677161085,9.436753554692422e-09,rnd,0.01,0,RND (beta=0.01)
100000,0.067,0.0931,1.0,68,267,255,8.172948436598236e-09,9.183855092569891e-09,8.172948436598236e-09,9.183855092569891e-09,1.0982312386780332e-05,1.235643209114951e-05,0.0002312211495362,9.887256109508693e-09,rnd,0.01,0,RND (beta=0.01)
1000,0.16,0.16,0.7352941176470589,50,171,166,0.0096697420114651,0.0090537758156036,0.0096697420114651,0.0090537758156036,4.750321585735381,4.9754886980707225,0.0150514505803585,0.0088682658970355,rnd,0.01,1,RND (beta=0.01)
2000,0.127,0.1435,0.8676470588235294,59,218,208,0.0011509789424518,0.0004205428444192,0.0011509789424518,0.0004205428444192,0.7708935256052045,0.2263527680792237,0.0023408170673938,0.0004881758990704,rnd,0.01,1,RND (beta=0.01)
3000,0.118,0.135,0.8676470588235294,59,218,208,4.344477681223583e-05,3.500996047410054e-05,4.344477681223583e-05,3.500996047410054e-05,0.0097303620742954,0.0079230949534053,0.0003401259920792,3.825262386999384e-05,rnd,0.01,1,RND (beta=0.01)
4000,0.087,0.123,0.9558823529411764,65,249,239,1.2748109201175408e-05,5.800940453869016e-05,1.2748109201175408e-05,5.800940453869016e-05,0.0031058958568659,0.0140270408880544,0.0002658085701696,2.0914963517498107e-05,rnd,0.01,1,RND (beta=0.01)
5000,0.123,0.123,0.9558823529411764,65,252,242,6.877585909807557e-06,2.238722869304872e-05,6.877585909807557e-06,2.238722869304872e-05,0.0018067903994602,0.0058201002562501,0.0002356607766778,1.5007935107860249e-05,rnd,0.01,1,RND (beta=0.01)
6000,0.144,0.1265,0.9705882352941176,66,259,249,3.967141641365086e-06,1.4656727945128075e-05,3.967141641365086e-06,1.4656727945128075e-05,0.0011225158638741,0.0040984571720495,0.0002170139360459,1.027242883856161e-05,rnd,0.01,1,RND (beta=0.01)
7000,0.185,0.1348571428571428,0.9705882352941176,66,259,249,2.376628177948127e-06,1.0008362155559258e-05,2.376628177948127e-06,1.0008362155559258e-05,0.0007113296136895,0.0029919357553081,0.0001948561307435,7.47374554543967e-06,rnd,0.01,1,RND (beta=0.01)
8000,0.158,0.13775,0.9705882352941176,66,260,250,1.7468744792633424e-06,8.638223082857918e-06,1.7468744792633424e-06,8.638223082857918e-06,0.0005533842288397,0.002749330754028,0.0001897863945559,5.508631581960799e-06,rnd,0.01,1,RND (beta=0.01)
9000,0.121,0.1358888888888889,0.9705882352941176,66,260,250,1.1872310132978534e-06,3.753161769126884e-06,1.1872310132978534e-06,3.753161769126884e-06,0.0003980291980001,0.0012601112462241,0.0001814700315626,4.0512225485827006e-06,rnd,0.01,1,RND (beta=0.01)
10000,0.121,0.1344,0.9705882352941176,66,260,250,8.606182769261234e-07,3.258793703968853e-06,8.606182769261234e-07,3.258793703968853e-06,0.0003032148019329,0.0011407557810869,0.0001659733410124,3.097271055708006e-06,rnd,0.01,1,RND (beta=0.01)
11000,0.163,0.137,0.9705882352941176,66,260,250,6.618983901015352e-07,8.693055522841747e-07,6.618983901015352e-07,8.693055522841747e-07,0.000243430866543,0.0003185254343461,0.0001557301230386,2.348080819729148e-06,rnd,0.01,1,RND (beta=0.01)
12000,0.154,0.1384166666666666,0.9705882352941176,66,260,250,4.196943153415718e-07,7.745904550416476e-07,4.196943153415718e-07,7.745904550416476e-07,0.0001610777279802,0.000296997494572,0.0001540188929684,1.748932070597675e-06,rnd,0.01,1,RND (beta=0.01)
13000,0.141,0.1386153846153846,0.9705882352941176,66,260,250,3.5581386282421e-07,1.3937789898333477e-06,3.5581386282421e-07,1.3937789898333477e-06,0.0001406363451362,0.0005574675758644,0.000153106926904,1.3996567005847282e-06,rnd,0.01,1,RND (beta=0.01)
14000,0.078,0.1342857142857142,1.0,68,268,256,2.7053843518697016e-07,5.3119811747265576e-06,2.7053843518697016e-07,5.3119811747265576e-06,0.0001109469920539,0.0021851850184019,0.0001591757815986,1.2682287472216558e-06,rnd,0.01,1,RND (beta=0.01)
15000,0.056,0.1290666666666666,1.0,68,269,257,2.416857536959226e-07,1.224695813786296e-06,2.416857536959226e-07,1.224695813786296e-06,0.0001027667630964,0.0005206523665836,0.0001791730676086,1.1425904608017844e-06,rnd,0.01,1,RND (beta=0.01)
16000,0.071,0.1254375,1.0,68,269,257,3.4551938109387546e-07,1.3145924242355077e-06,3.4551938109387546e-07,1.3145924242355077e-06,0.0001517216611712,0.0005744265156913,0.0001804513232964,9.94845319723936e-07,rnd,0.01,1,RND (beta=0.01)
17000,0.023,0.1194117647058823,1.0,68,269,257,2.4785515630237176e-07,7.696888935661862e-07,2.4785515630237176e-07,7.696888935661862e-07,0.0001123616528524,0.0003458413257092,0.0001762478561395,8.520150781237135e-07,rnd,0.01,1,RND (beta=0.01)
18000,0.045,0.1152777777777777,1.0,68,269,257,2.1136133862379817e-07,1.564601559673948e-07,2.1136133862379817e-07,1.564601559673948e-07,9.85367644061063e-05,7.254443721072294e-05,0.0001711030332589,6.893156495380026e-07,rnd,0.01,1,RND (beta=0.01)
19000,0.059,0.1123157894736842,1.0,68,269,257,2.211886009642852e-07,6.099681964764497e-07,2.211886009642852e-07,6.099681964764497e-07,0.0001055097333008,0.0002912697472895,0.0001881523285919,6.00350023972851e-07,rnd,0.01,1,RND (beta=0.01)
20000,0.043,0.10885,1.0,68,269,257,1.9239415361119242e-07,1.0128022986008773e-06,1.9239415361119242e-07,1.0128022986008773e-06,9.435266356691732e-05,0.000494197190406,0.0001930557155355,5.297226795164533e-07,rnd,0.01,1,RND (beta=0.01)
21000,0.039,0.1055238095238095,1.0,68,269,257,1.5312606795083786e-07,9.173771431040992e-07,1.5312606795083786e-07,9.173771431040992e-07,7.63366548043589e-05,0.0004579976704443,0.0002002767759549,5.054788562688373e-07,rnd,0.01,1,RND (beta=0.01)
22000,0.054,0.1031818181818181,1.0,68,269,257,1.6322171466261656e-07,3.685607548033535e-07,1.6322171466261656e-07,3.685607548033535e-07,8.347117136426328e-05,0.0001877486694368,0.0002075727449155,4.433117456557056e-07,rnd,0.01,1,RND (beta=0.01)
23000,0.053,0.101,1.0,68,269,257,1.783478369935343e-07,9.215797983129884e-07,1.783478369935343e-07,9.215797983129884e-07,9.2974783628344e-05,0.0004809031089918,0.0002281488581757,4.136372973135849e-07,rnd,0.01,1,RND (beta=0.01)
24000,0.097,0.1008333333333333,1.0,68,269,257,1.3671322958473577e-07,5.366492240257542e-07,1.3671322958473577e-07,5.366492240257542e-07,7.290558041324311e-05,0.0002857738602441,0.0002307581030363,3.648246608918271e-07,rnd,0.01,1,RND (beta=0.01)
25000,0.118,0.10152,1.0,68,269,257,1.6199767496564588e-07,9.14940766810014e-07,1.6199767496564588e-07,9.14940766810014e-07,8.774094945908149e-05,0.0004969666367477,0.0002509423990668,3.561844547022019e-07,rnd,0.01,1,RND (beta=0.01)
26000,0.061,0.0999615384615384,1.0,68,269,257,1.0259351471096929e-07,1.1826190816986353e-06,1.0259351471096929e-07,1.1826190816986353e-06,5.665353436153454e-05,0.0006561396586321,0.0003093865135815,3.3828122350598733e-07,rnd,0.01,1,RND (beta=0.01)
27000,0.086,0.0994444444444444,1.0,68,271,259,9.163969267143955e-08,1.1879470296213793e-06,9.163969267143955e-08,1.1879470296213793e-06,5.171074168395007e-05,0.0006679285549141,0.0002854610960239,3.36478302067178e-07,rnd,0.01,1,RND (beta=0.01)
28000,0.033,0.0970714285714285,1.0,68,271,259,7.44413867114314e-08,4.944865571561345e-07,7.44413867114314e-08,4.944865571561345e-07,4.263564490062922e-05,0.0002838824447073,0.0002916271324102,3.2042267449128305e-07,rnd,0.01,1,RND (beta=0.01)
29000,0.103,0.0972758620689655,1.0,68,271,259,9.108488720547701e-08,3.785011611098853e-07,9.108488720547701e-08,3.785011611098853e-07,5.318351448845709e-05,0.0002208404746695,0.0002969550874768,2.814920173435098e-07,rnd,0.01,1,RND (beta=0.01)
30000,0.248,0.1023,1.0,68,271,259,8.17643404452207e-08,3.400710591780192e-07,8.17643404452207e-08,3.400710591780192e-07,4.85297943797042e-05,0.0002020297865961,0.0002910399976353,2.666931317847343e-07,rnd,0.01,1,RND (beta=0.01)
31000,0.106,0.1024193548387096,1.0,68,271,259,7.19373553262924e-08,4.067765981432612e-07,7.19373553262924e-08,4.067765981432612e-07,4.334486236049209e-05,0.0002454937080562,0.0002791175093989,2.427788006471588e-07,rnd,0.01,1,RND (beta=0.01)
32000,0.055,0.1009375,1.0,68,271,259,6.906696060323985e-08,2.820879683397346e-06,6.906696060323985e-08,2.820879683397346e-06,4.237568758958392e-05,0.0017306913418963,0.0003253456320817,2.546980405284671e-07,rnd,0.01,1,RND (beta=0.01)
33000,0.047,0.0993030303030303,1.0,68,271,259,1.0490720296245932e-07,7.538395922255872e-07,1.0490720296245932e-07,7.538395922255872e-07,6.51876693122273e-05,0.0004692840781107,0.0003043135900006,2.487149317857984e-07,rnd,0.01,1,RND (beta=0.01)
34000,0.031,0.0972941176470588,1.0,68,271,259,9.465206528235989e-08,6.30509326957661e-07,9.465206528235989e-08,6.30509326957661e-07,5.964725034793718e-05,0.0003984702206822,0.0002752622624029,2.278756053044617e-07,rnd,0.01,1,RND (beta=0.01)
35000,0.048,0.0958857142857142,1.0,68,271,259,8.797867604807645e-08,3.460736239522143e-07,8.797867604807645e-08,3.460736239522143e-07,5.643185506858107e-05,0.0002216393953057,0.0002316388198069,2.2082662378863922e-07,rnd,0.01,1,RND (beta=0.01)
36000,0.033,0.0941388888888888,1.0,68,271,259,9.88312367433013e-08,4.0887434650942e-07,9.88312367433013e-08,4.0887434650942e-07,6.423692474378449e-05,0.0002655558661464,0.0002475442613758,1.9565057302628478e-07,rnd,0.01,1,RND (beta=0.01)
37000,0.052,0.093,1.0,68,271,259,9.072334999488545e-08,2.974469357608039e-07,9.072334999488545e-08,2.974469357608039e-07,5.97160414808543e-05,0.0001954597647437,0.0002171736529289,1.819958447910608e-07,rnd,0.01,1,RND (beta=0.01)
38000,0.206,0.0959736842105263,1.0,68,271,259,1.0082395376839399e-07,6.319100879793966e-07,1.0082395376839399e-07,6.319100879793966e-07,6.733638763161846e-05,0.0004210667170803,0.0002034694051671,1.7495135928413677e-07,rnd,0.01,1,RND (beta=0.01)
39000,0.014,0.0938717948717948,1.0,68,271,259,4.3302729782876015e-08,2.7916814712168066e-07,4.3302729782876015e-08,2.7916814712168066e-07,2.931321913064968e-05,0.000188510286033,0.0002106620589529,1.620966209614494e-07,rnd,0.01,1,RND (beta=0.01)
40000,0.03,0.092275,1.0,68,271,259,4.1511911952341056e-08,2.9500365591816445e-07,4.1511911952341056e-08,2.9500365591816445e-07,2.847205497573477e-05,0.0002016997622751,0.0002180668528126,1.510853008497293e-07,rnd,0.01,1,RND (beta=0.01)
41000,0.007,0.0901951219512195,1.0,68,271,259,3.234319326647242e-08,2.079373703921978e-07,3.234319326647242e-08,2.079373703921978e-07,2.241143205196788e-05,0.0001441105100855,0.0001697436707872,1.4129285997910302e-07,rnd,0.01,1,RND (beta=0.01)
42000,0.008,0.0882380952380952,1.0,68,271,259,2.580138724894709e-08,1.402593004822476e-07,2.580138724894709e-08,1.402593004822476e-07,1.8043718587094555e-05,9.818892908109343e-05,0.0001922911918645,1.342960709393992e-07,rnd,0.01,1,RND (beta=0.01)
43000,0.007,0.0863488372093023,1.0,68,271,259,2.8520307385601236e-08,1.265299696165096e-07,2.8520307385601236e-08,1.265299696165096e-07,2.0199065493352435e-05,8.970534169614029e-05,0.00018954831275,1.2016027241656958e-07,rnd,0.01,1,RND (beta=0.01)
44000,0.025,0.0849545454545454,1.0,68,271,259,2.9804731731530864e-08,1.843403248677133e-07,2.9804731731530864e-08,1.843403248677133e-07,2.1374730989361956e-05,0.0001320155854378,0.0001913007964512,1.161854062630141e-07,rnd,0.01,1,RND (beta=0.01)
45000,0.007,0.0832222222222222,1.0,68,271,259,3.041507312673275e-08,1.6400207181065633e-07,3.041507312673275e-08,1.6400207181065633e-07,2.205726527702869e-05,0.0001188941585038,0.0001739850761678,1.0664689381911785e-07,rnd,0.01,1,RND (beta=0.01)
46000,0.127,0.0841739130434782,1.0,68,271,259,3.1813953263569096e-08,1.728837335701095e-07,3.1813953263569096e-08,1.728837335701095e-07,2.3345660312804388e-05,0.0001267114918068,0.0001949065788248,1.0279389135803285e-07,rnd,0.01,1,RND (beta=0.01)
47000,0.015,0.0827021276595744,1.0,68,271,259,4.6396341109774167e-08,1.627540011959386e-07,4.6396341109774167e-08,1.627540011959386e-07,3.441870868367464e-05,0.0001204819108229,0.0001781381879554,9.760278798864874e-08,rnd,0.01,1,RND (beta=0.01)
48000,0.019,0.081375,1.0,68,271,259,3.0425501136065983e-08,1.0710612513061137e-07,3.0425501136065983e-08,1.0710612513061137e-07,2.274097246857664e-05,8.012125679974788e-05,0.0001686043724866,9.178669383302916e-08,rnd,0.01,1,RND (beta=0.01)
49000,0.089,0.0815306122448979,1.0,68,271,259,3.1057807571675335e-08,4.40391347626292e-08,3.1057807571675335e-08,4.40391347626292e-08,2.344924717435361e-05,3.326446185279904e-05,0.0001595589819125,8.88850553835141e-08,rnd,0.01,1,RND (beta=0.01)
50000,0.029,0.08048,1.0,68,271,259,4.630943717387481e-08,6.504751885954439e-08,4.630943717387481e-08,6.504751885954439e-08,3.536713205142809e-05,4.968041941189202e-05,0.0001765585390794,7.980953846598026e-08,rnd,0.01,1,RND (beta=0.01)
51000,0.006,0.0790196078431372,1.0,68,271,259,1.7114333950019045e-08,5.175951353011021e-08,1.7114333950019045e-08,5.175951353011021e-08,1.320904622718043e-05,3.99109561242105e-05,0.0001548172150532,7.72088322129605e-08,rnd,0.01,1,RND (beta=0.01)
52000,0.014,0.0777692307692307,1.0,68,271,259,2.441640838719244e-08,4.327464619416799e-08,2.441640838719244e-08,4.327464619416799e-08,1.8986214439209232e-05,3.3681235401647493e-05,0.000133752606951,7.233703147235815e-08,rnd,0.01,1,RND (beta=0.01)
53000,0.007,0.0764339622641509,1.0,68,271,259,2.8536403462453563e-08,2.247624295297657e-08,2.8536403462453563e-08,2.247624295297657e-08,2.24398859160333e-05,1.7658826081513716e-05,0.0001345537454135,6.825232841123352e-08,rnd,0.01,1,RND (beta=0.01)
54000,0.041,0.0757777777777777,1.0,68,271,259,2.76233633257323e-08,8.915749413320268e-08,2.76233633257323e-08,8.915749413320268e-08,2.1883297159865074e-05,7.084407697927175e-05,0.0001359565002558,6.40572862060651e-08,rnd,0.01,1,RND (beta=0.01)
55000,0.014,0.0746545454545454,1.0,68,271,259,2.8115278549734057e-08,9.161969107523025e-08,2.8115278549734057e-08,9.161969107523025e-08,2.248206619712402e-05,7.346674989956755e-05,0.000133775996881,6.180879149120244e-08,rnd,0.01,1,RND (beta=0.01)
56000,0.007,0.0734464285714285,1.0,68,271,259,2.2879572268509818e-08,4.11815524463149e-08,2.2879572268509818e-08,4.11815524463149e-08,1.8465146546055093e-05,3.325536445629178e-05,0.0001433788816862,6.142283926280357e-08,rnd,0.01,1,RND (beta=0.01)
57000,0.014,0.0724035087719298,1.0,68,271,259,3.6867483288460796e-08,2.3402986663307246e-08,3.6867483288460796e-08,2.3402986663307246e-08,3.0009447998281823e-05,1.906823648498189e-05,0.0001332655740256,5.374438893568367e-08,rnd,0.01,1,RND (beta=0.01)
58000,0.008,0.0712931034482758,1.0,68,271,259,1.4443688911569552e-08,2.453154893380311e-08,1.4443688911569552e-08,2.453154893380311e-08,1.186730128055566e-05,2.0149998339224854e-05,0.0001566215721231,5.3523472494987354e-08,rnd,0.01,1,RND (beta=0.01)
59000,0.019,0.0704067796610169,1.0,68,271,259,1.7847350872033843e-08,3.215775189232497e-08,1.7847350872033843e-08,3.215775189232497e-08,1.476927983510234e-05,2.664141193023469e-05,0.0001765108469917,4.94681143390352e-08,rnd,0.01,1,RND (beta=0.01)
60000,0.009,0.0693833333333333,1.0,68,271,259,1.7776438888795887e-08,6.307904136956517e-08,1.7776438888795887e-08,6.307904136956517e-08,1.4844809616408151e-05,5.2723064756531615e-05,0.0001502976787319,4.753921789735216e-08,rnd,0.01,1,RND (beta=0.01)
61000,0.273,0.0727213114754098,1.0,68,271,259,2.7180650414165413e-08,4.6784573447773384e-08,2.7180650414165413e-08,4.6784573447773384e-08,2.291473233556465e-05,3.9357573453002575e-05,0.0001699330834217,4.5739836394886884e-08,rnd,0.01,1,RND (beta=0.01)
62000,0.005,0.0716290322580645,1.0,68,271,259,1.678011294359294e-08,2.0245448969541583e-08,1.678011294359294e-08,2.0245448969541583e-08,1.4240795623556212e-05,1.7188407293053493e-05,0.0001767199460182,4.3117254787006233e-08,rnd,0.01,1,RND (beta=0.01)
63000,0.231,0.0741587301587301,1.0,68,271,259,2.8628711336160012e-08,2.6177939185234143e-08,2.8628711336160012e-08,2.6177939185234143e-08,2.4567923251311967e-05,2.2380011088278844e-05,0.0001719823610164,4.3124094073476726e-08,rnd,0.01,1,RND (beta=0.01)
64000,0.114,0.07478125,1.0,68,271,259,9.150513627911812e-08,3.7736670878183864e-08,9.150513627911812e-08,3.7736670878183864e-08,7.907877421175077e-05,3.2565589038221124e-05,0.0001644026226972,4.2601796078400874e-08,rnd,0.01,1,RND (beta=0.01)
65000,0.012,0.0738153846153846,1.0,68,271,259,1.55773045943756e-08,6.12323702237454e-08,1.55773045943756e-08,6.12323702237454e-08,1.3553988093475303e-05,5.326010614775502e-05,0.0001815575235564,3.7730063024099535e-08,rnd,0.01,1,RND (beta=0.01)
66000,0.017,0.0729545454545454,1.0,68,271,259,1.977445101781641e-08,3.6592969260132635e-08,1.977445101781641e-08,3.6592969260132635e-08,1.7288835119217917e-05,3.206389683020037e-05,0.0001739880964923,4.0369428877085054e-08,rnd,0.01,1,RND (beta=0.01)
67000,0.024,0.0722238805970149,1.0,68,271,259,1.3467275757535663e-08,1.6118915551127023e-08,1.3467275757535663e-08,1.6118915551127023e-08,1.1877354352631652e-05,1.42159277558329e-05,0.0001715853923944,3.4980374216786456e-08,rnd,0.01,1,RND (beta=0.01)
68000,0.013,0.0713529411764705,1.0,68,271,259,2.1779960057699558e-08,1.542632581778238e-08,2.1779960057699558e-08,1.542632581778238e-08,1.934027884641859e-05,1.3708243524767578e-05,0.0001894015267121,3.4134219046855216e-08,rnd,0.01,1,RND (beta=0.01)
69000,0.321,0.0749710144927536,1.0,68,271,259,2.3028556797718227e-08,2.6401062798877684e-08,2.3028556797718227e-08,2.6401062798877684e-08,2.063016578866832e-05,2.365096464369997e-05,0.0002377238439948,3.7570097584982426e-08,rnd,0.01,1,RND (beta=0.01)
70000,0.113,0.0755142857142857,1.0,68,271,259,1.1647533869549925e-08,1.4125831967497143e-08,1.1647533869549925e-08,1.4125831967497143e-08,1.049449592070472e-05,1.274529642215708e-05,0.0001969418722503,2.9748527695439013e-08,rnd,0.01,1,RND (beta=0.01)
71000,0.335,0.079169014084507,1.0,68,271,259,4.9687668622352926e-08,2.5657140554491757e-08,4.9687668622352926e-08,2.5657140554491757e-08,4.512452589345335e-05,2.332567080547378e-05,0.0001813426880571,3.272376945151478e-08,rnd,0.01,1,RND (beta=0.01)
72000,0.018,0.0783194444444444,1.0,68,271,259,1.0590739890008964e-08,2.914485082261124e-08,1.0590739890008964e-08,2.914485082261124e-08,9.666321187262468e-06,2.662824284901484e-05,0.0002079981497304,2.849861946518928e-08,rnd,0.01,1,RND (beta=0.01)
73000,0.009,0.0773698630136986,1.0,68,271,259,9.201752249055062e-09,2.3757206360029662e-08,9.201752249055062e-09,2.3757206360029662e-08,8.473055034879677e-06,2.188062502239582e-05,0.000221537634793,2.657589604826427e-08,rnd,0.01,1,RND (beta=0.01)
74000,0.007,0.0764189189189189,1.0,68,271,259,1.5101214564542228e-08,2.8568152957061297e-08,1.5101214564542228e-08,2.8568152957061297e-08,1.3985330307228274e-05,2.6475853033960383e-05,0.0002118359134317,2.7868916989248763e-08,rnd,0.01,1,RND (beta=0.01)
75000,0.032,0.0758266666666666,1.0,68,271,259,1.3430053770469021e-08,1.6966552030626705e-08,1.3430053770469021e-08,1.6966552030626705e-08,1.2526661030795902e-05,1.5823674670342614e-05,0.0001973718506933,2.4821131197505508e-08,rnd,0.01,1,RND (beta=0.01)
76000,0.14,0.0766710526315789,1.0,68,271,259,8.403209239560283e-09,2.3705977697777225e-08,8.403209239560283e-09,2.3705977697777225e-08,7.891461832338983e-06,2.2244493048052776e-05,0.0001966309793688,2.6545315569670435e-08,rnd,0.01,1,RND (beta=0.01)
77000,0.531,0.0825714285714285,1.0,68,271,259,1.860274254747916e-08,5.1244404386293394e-08,1.860274254747916e-08,5.1244404386293394e-08,1.7579003794378212e-05,4.843320731079928e-05,0.0002032911213727,2.6750357877691757e-08,rnd,0.01,1,RND (beta=0.01)
78000,0.224,0.0843846153846153,1.0,68,271,259,2.9974416183258564e-08,1.6654931466324143e-08,2.9974416183258564e-08,1.6654931466324143e-08,2.856383911891433e-05,1.5842011796477994e-05,0.0001898201596438,2.576888954797241e-08,rnd,0.01,1,RND (beta=0.01)
79000,0.124,0.084886075949367,1.0,68,271,259,1.9271851034362973e-08,1.2835641521753257e-08,1.9271851034362973e-08,1.2835641521753257e-08,1.8427161027576606e-05,1.2296350032602804e-05,0.0001916818547144,2.2413423801381785e-08,rnd,0.01,1,RND (beta=0.01)
80000,0.028,0.084175,1.0,68,271,259,1.1818690946542783e-08,1.3340186699922328e-08,1.1818690946542783e-08,1.3340186699922328e-08,1.1369242020483013e-05,1.2852288353992302e-05,0.0002088908331365,2.0780439656586932e-08,rnd,0.01,1,RND (beta=0.01)
81000,0.006,0.0832098765432098,1.0,68,271,259,1.1643733236847234e-08,1.29929703363432e-08,1.1643733236847234e-08,1.29929703363432e-08,1.128060858961408e-05,1.259218758817264e-05,0.0002254152769082,2.1699759344517845e-08,rnd,0.01,1,RND (beta=0.01)
82000,0.028,0.0825365853658536,1.0,68,271,259,1.29010211878468e-08,2.5382501262236056e-08,1.29010211878468e-08,2.5382501262236056e-08,1.2580886831697724e-05,2.476113313723651e-05,0.0002137908296681,2.2008609847468107e-08,rnd,0.01,1,RND (beta=0.01)
83000,0.01,0.0816626506024096,1.0,68,271,259,1.1513079689606796e-08,1.5097748078777766e-08,1.1513079689606796e-08,1.5097748078777766e-08,1.128509816894627e-05,1.481479843072444e-05,0.0002311177268784,1.9920717503563168e-08,rnd,0.01,1,RND (beta=0.01)
84000,0.022,0.0809523809523809,1.0,68,271,259,1.3970916423744484e-08,2.0190496162728066e-08,1.3970916423744484e-08,2.0190496162728066e-08,1.378646566781656e-05,1.992102557823731e-05,0.0002153605930441,1.9328280309149906e-08,rnd,0.01,1,RND (beta=0.01)
85000,0.053,0.0806235294117647,1.0,68,271,259,1.4887413809065745e-08,1.4351817945027184e-08,1.4887413809065745e-08,1.4351817945027184e-08,1.478117870154293e-05,1.4244124999387236e-05,0.0002174531738119,1.8893890611826332e-08,rnd,0.01,1,RND (beta=0.01)
86000,0.07,0.0805,1.0,68,271,259,1.4211724473435692e-08,4.212625074161938e-08,1.4211724473435692e-08,4.212625074161938e-08,1.4203156866904763e-05,4.202072313772636e-05,0.000217075582782,1.9899789018840152e-08,rnd,0.01,1,RND (beta=0.01)
87000,0.042,0.0800574712643678,1.0,68,271,259,1.3302933410926022e-08,1.2322875186282998e-08,1.3302933410926022e-08,1.2322875186282998e-08,1.3366206346491487e-05,1.2380913356535828e-05,0.0002413079146167,1.6978377881171623e-08,rnd,0.01,1,RND (beta=0.01)
88000,0.051,0.0797272727272727,1.0,68,271,259,8.726477755002521e-09,1.084796258277656e-08,8.726477755002521e-09,1.084796258277656e-08,8.803804198265522e-06,1.0952810754288129e-05,0.0002615790978708,1.4455217232756112e-08,rnd,0.01,1,RND (beta=0.01)
89000,0.063,0.0795393258426966,1.0,68,271,259,1.3903916941944185e-08,1.5015639938486404e-08,1.3903916941944185e-08,1.5015639938486404e-08,1.4116300576301187e-05,1.5247828680590776e-05,0.0002510783793873,1.8221538043761144e-08,rnd,0.01,1,RND (beta=0.01)
90000,0.093,0.0796888888888888,1.0,68,271,259,1.3934692308042232e-08,3.0505327318578014e-08,1.3934692308042232e-08,3.0505327318578014e-08,1.4236266048647142e-05,3.118989820942706e-05,0.0002944925046126,1.444017151341903e-08,rnd,0.01,1,RND (beta=0.01)
91000,0.37,0.0828791208791208,1.0,68,271,259,1.3034192217434518e-08,1.6035710265998358e-08,1.3034192217434518e-08,1.6035710265998358e-08,1.3382701906325327e-05,1.646477301668556e-05,0.0002561753667091,1.5160351192200495e-08,rnd,0.01,1,RND (beta=0.01)
92000,0.078,0.0828260869565217,1.0,68,271,259,1.2174837072970892e-08,1.2747896198640832e-08,1.2174837072970892e-08,1.2747896198640832e-08,1.2565253573967827e-05,1.3158589434450564e-05,0.0002769786081655,1.5957778116693077e-08,rnd,0.01,1,RND (beta=0.01)
93000,0.04,0.0823655913978494,1.0,68,271,259,9.2314642652358e-09,1.2497017130389904e-08,9.2314642652358e-09,1.2497017130389904e-08,9.577104708960937e-06,1.2974356464329042e-05,0.000338239183844,1.5246454293293965e-08,rnd,0.01,1,RND (beta=0.01)
94000,0.056,0.0820851063829787,1.0,68,271,259,1.2273720900735086e-08,1.2799298425974391e-08,1.2273720900735086e-08,1.2799298425974391e-08,1.2809677233534437e-05,1.335785664971188e-05,0.0003057922860823,1.6173520256290712e-08,rnd,0.01,1,RND (beta=0.01)
95000,0.055,0.0818,1.0,68,271,259,1.1060269130861142e-08,1.3004314655247652e-08,1.1060269130861142e-08,1.3004314655247652e-08,1.1602561592801905e-05,1.3646336117342083e-05,0.0003378599902871,1.533599692005172e-08,rnd,0.01,1,RND (beta=0.01)
96000,0.073,0.0817083333333333,1.0,68,271,259,9.77078548815272e-09,1.112166820082364e-08,9.77078548815272e-09,1.112166820082364e-08,1.031059817896222e-05,1.1738964526938308e-05,0.0003270085111319,1.3627004517124951e-08,rnd,0.01,1,RND (beta=0.01)
97000,0.068,0.0815670103092783,1.0,68,271,259,8.214504277772986e-09,1.0562020863004778e-08,8.214504277772986e-09,1.0562020863004778e-08,8.711796665363988e-06,1.1203689528259498e-05,0.0002629371871203,1.2356119621914632e-08,rnd,0.01,1,RND (beta=0.01)
98000,0.048,0.0812244897959183,1.0,68,271,259,1.1594787812744626e-08,1.0460791078538994e-08,1.1594787812744626e-08,1.0460791078538994e-08,1.2354109838944173e-05,1.1147850231908827e-05,0.0002672379515411,1.4532006837986166e-08,rnd,0.01,1,RND (beta=0.01)
99000,0.013,0.0805353535353535,1.0,68,271,259,7.722942550427202e-09,1.2676157956918225e-08,7.722942550427202e-09,1.2676157956918225e-08,8.272122296213293e-06,1.3575606064334432e-05,0.0003123062896042,1.2668872333199132e-08,rnd,0.01,1,RND (beta=0.01)
100000,0.036,0.08009,1.0,68,271,259,1.1796742817161821e-08,1.499096850988052e-08,1.1796742817161821e-08,1.499096850988052e-08,1.270303636673066e-05,1.6137209745915767e-05,0.000282515635366,1.5256028914167885e-08,rnd,0.01,1,RND (beta=0.01)
1000,0.135,0.135,0.7352941176470589,50,169,162,0.0074447168554696,0.0074542634689782,0.0074447168554696,0.0074542634689782,4.658964026977466,4.96652436530281,0.0046108113601803,0.0074874465353786,rnd,0.01,2,RND (beta=0.01)
2000,0.126,0.1305,0.8529411764705882,58,201,193,0.0007113265171014,0.000359697479548,0.0007113265171014,0.000359697479548,0.5537048838829592,0.2814364721759684,0.0003639726717228,0.0003878177397273,rnd,0.01,2,RND (beta=0.01)
3000,0.173,0.1446666666666666,0.9117647058823528,62,232,223,3.765762203907651e-05,4.537971559696107e-05,3.765762203907651e-05,4.537971559696107e-05,0.0104367212400097,0.0126863685174718,0.0004309151990892,3.1101644881346144e-05,rnd,0.01,2,RND (beta=0.01)
4000,0.206,0.16,0.9117647058823528,62,236,227,9.559124596605824e-06,2.058969644163223e-05,9.559124596605824e-06,2.058969644163223e-05,0.0028332796452548,0.0061425564473467,0.0003131535501743,1.6164484430191805e-05,rnd,0.01,2,RND (beta=0.01)
5000,0.157,0.1594,0.9117647058823528,62,236,227,4.272044779676214e-06,1.3919984258664064e-05,4.272044779676214e-06,1.3919984258664064e-05,0.0013855057109762,0.0044400057023374,0.0002467192728363,9.688163081136736e-06,rnd,0.01,2,RND (beta=0.01)
6000,0.086,0.1471666666666666,0.9264705882352942,63,243,234,1.780079147071647e-06,1.4959041026201784e-05,1.780079147071647e-06,1.4959041026201784e-05,0.0006098705653611,0.0051835402569169,0.0002222644175708,6.686218848926728e-06,rnd,0.01,2,RND (beta=0.01)
7000,0.14,0.1461428571428571,0.9411764705882352,64,244,235,1.3781032673624135e-06,2.9814068899097124e-06,1.3781032673624135e-06,2.9814068899097124e-06,0.0005089068579774,0.0011015136327722,0.0002046481853831,4.861715499600905e-06,rnd,0.01,2,RND (beta=0.01)
8000,0.132,0.144375,0.9411764705882352,64,244,235,7.600614925319281e-07,5.082629239699344e-06,7.600614925319281e-07,5.082629239699344e-06,0.0002983513318848,0.001990099924439,0.0001881495807683,3.435674203274175e-06,rnd,0.01,2,RND (beta=0.01)
9000,0.086,0.1378888888888889,0.9558823529411764,65,253,244,6.52210912956561e-07,9.124638792541022e-06,6.52210912956561e-07,9.124638792541022e-06,0.0002675989257827,0.0037376365897001,0.0001740877214724,2.9910503250221158e-06,rnd,0.01,2,RND (beta=0.01)
10000,0.062,0.1303,1.0,68,269,257,4.639370224191636e-07,1.59250407371803e-05,4.639370224191636e-07,1.59250407371803e-05,0.0002020792218968,0.0069019177338863,0.0001642609741211,2.890614337616171e-06,rnd,0.01,2,RND (beta=0.01)
11000,0.054,0.1233636363636363,1.0,68,269,257,4.902774582694326e-07,2.307412192252336e-06,4.902774582694326e-07,2.307412192252336e-06,0.0002213170881579,0.0010434083955252,0.0001610879157087,2.4514289195849414e-06,rnd,0.01,2,RND (beta=0.01)
12000,0.028,0.1154166666666666,1.0,68,269,257,3.659637276395448e-07,2.377665057473108e-06,3.659637276395448e-07,2.377665057473108e-06,0.0001725962674531,0.0011220240724952,0.0001460596783654,1.875393858085772e-06,rnd,0.01,2,RND (beta=0.01)
13000,0.054,0.1106923076923076,1.0,68,270,258,4.063931137289324e-07,2.213915317675335e-06,4.063931137289324e-07,2.213915317675335e-06,0.0001986183886755,0.001084237138503,0.0001515670896369,1.515262203611201e-06,rnd,0.01,2,RND (beta=0.01)
14000,0.073,0.108,1.0,68,271,259,2.792143361571792e-07,1.9667294162547284e-06,2.792143361571792e-07,1.9667294162547284e-06,0.0001418238304891,0.0009981862137426,0.0001446237873969,1.2385005476289737e-06,rnd,0.01,2,RND (beta=0.01)
15000,0.076,0.1058666666666666,1.0,68,271,259,4.142632863179367e-07,6.815531012326545e-07,4.142632863179367e-07,6.815531012326545e-07,0.0002181619246519,0.0003556534130552,0.0001496673156543,1.0290352637696289e-06,rnd,0.01,2,RND (beta=0.01)
16000,0.074,0.103875,1.0,68,271,259,2.8250538792380013e-07,1.4535521364457072e-06,2.8250538792380013e-07,1.4535521364457072e-06,0.0001524133002758,0.0007911220717239,0.000146132654776,8.42959605932947e-07,rnd,0.01,2,RND (beta=0.01)
17000,0.178,0.108235294117647,1.0,68,271,259,2.270100452985103e-07,1.0169860165461288e-06,2.270100452985103e-07,1.0169860165461288e-06,0.0001261017603437,0.0005654729931053,0.0001593832901035,7.431905589783128e-07,rnd,0.01,2,RND (beta=0.01)
18000,0.108,0.1082222222222222,1.0,68,271,259,1.970745703253577e-07,6.580286278797555e-07,1.970745703253577e-07,6.580286278797555e-07,0.0001125941901573,0.000375369398319,0.0001575394062456,6.442545854099535e-07,rnd,0.01,2,RND (beta=0.01)
19000,0.086,0.1070526315789473,1.0,68,271,259,1.9196303391311178e-07,1.3628918503053854e-06,1.9196303391311178e-07,1.3628918503053854e-06,0.0001123159744306,0.0007963342860329,0.0001694266811373,5.855622790420512e-07,rnd,0.01,2,RND (beta=0.01)
20000,0.123,0.10785,1.0,68,271,259,1.4371420103829245e-07,7.498835272719347e-07,1.4371420103829245e-07,7.498835272719347e-07,8.62915870627765e-05,0.000449957558987,0.0001882563407125,5.100156401169897e-07,rnd,0.01,2,RND (beta=0.01)
21000,0.169,0.1107619047619047,1.0,68,271,259,1.497458025665595e-07,4.323765390211185e-07,1.497458025665595e-07,4.323765390211185e-07,9.222189165706722e-05,0.0002645507650685,0.0002110877649902,4.5475588329679793e-07,rnd,0.01,2,RND (beta=0.01)
22000,0.209,0.1152272727272727,1.0,68,271,259,1.8436392566986562e-07,6.13365404657708e-07,1.8436392566986562e-07,6.13365404657708e-07,0.0001161006666465,0.0003852194376759,0.0002263914912509,3.958133650314721e-07,rnd,0.01,2,RND (beta=0.01)
23000,0.11,0.115,1.0,68,271,259,1.0275620926268981e-07,1.554677617185574e-07,1.0275620926268981e-07,1.554677617185574e-07,6.615506469555906e-05,0.0001000519624053,0.000202871152851,3.545861696352404e-07,rnd,0.01,2,RND (beta=0.01)
24000,0.072,0.1132083333333333,1.0,68,271,259,1.1211691960018773e-07,2.942434420407724e-07,1.1211691960018773e-07,2.942434420407724e-07,7.344139192773436e-05,0.0001926903453361,0.0002531623758331,3.1056542604801505e-07,rnd,0.01,2,RND (beta=0.01)
25000,0.064,0.11124,1.0,68,271,259,1.1481312023331469e-07,3.368750090809772e-07,1.1481312023331469e-07,3.368750090809772e-07,7.65870392402336e-05,0.0002250716091089,0.0002437530512816,2.781198424415265e-07,rnd,0.01,2,RND (beta=0.01)
26000,0.052,0.1089615384615384,1.0,68,271,259,7.901950263353379e-08,1.4032529574331616e-07,7.901950263353379e-08,1.4032529574331616e-07,5.405898999468469e-05,9.597514556637306e-05,0.0002731510031917,2.499345041542256e-07,rnd,0.01,2,RND (beta=0.01)
27000,0.075,0.1077037037037037,1.0,68,271,259,6.69294952852321e-08,9.355712088670992e-08,6.69294952852321e-08,9.355712088670992e-08,4.663957302905647e-05,6.50158378050237e-05,0.0002802832428897,2.201173921037025e-07,rnd,0.01,2,RND (beta=0.01)
28000,0.079,0.1066785714285714,1.0,68,271,259,6.427838283019079e-08,1.6201468095209096e-07,6.427838283019079e-08,1.6201468095209096e-07,4.561022011316312e-05,0.0001145958276822,0.0003257938078168,2.019659133196683e-07,rnd,0.01,2,RND (beta=0.01)
29000,0.057,0.1049655172413793,1.0,68,271,259,4.8612939607507326e-08,6.733779011945402e-08,4.8612939607507326e-08,6.733779011945402e-08,3.4933533815602e-05,4.847996705678936e-05,0.0003159050866779,1.7969505358550465e-07,rnd,0.01,2,RND (beta=0.01)
30000,0.058,0.1034,1.0,68,271,259,5.1421808879924494e-08,3.3006533412725845e-07,5.1421808879924494e-08,3.3006533412725845e-07,3.759795538584413e-05,0.0002425624858114,0.0003123373309208,1.6576661705514086e-07,rnd,0.01,2,RND (beta=0.01)
31000,0.076,0.102516129032258,1.0,68,271,259,4.680212474882314e-08,1.3989879592634384e-07,4.680212474882314e-08,1.3989879592634384e-07,3.491358540261183e-05,0.0001039133180485,0.0003726561563053,1.552683610448469e-07,rnd,0.01,2,RND (beta=0.01)
32000,0.106,0.102625,1.0,68,271,259,4.043209989873194e-08,6.378724580700707e-08,4.043209989873194e-08,6.378724580700707e-08,3.054931139265775e-05,4.821432593548921e-05,0.0003357877469679,1.4551422649944357e-07,rnd,0.01,2,RND (beta=0.01)
33000,0.038,0.1006666666666666,1.0,68,271,259,3.330552100777595e-08,8.188689446270679e-08,3.330552100777595e-08,8.188689446270679e-08,2.55611836040763e-05,6.283891717583109e-05,0.0003599242841446,1.337493405557666e-07,rnd,0.01,2,RND (beta=0.01)
34000,0.069,0.099735294117647,1.0,68,271,259,4.5485171468265216e-08,2.5120512977745226e-07,4.5485171468265216e-08,2.5120512977745226e-07,3.53679196730485e-05,0.0001953187974684,0.0003053249778022,1.2250220269649506e-07,rnd,0.01,2,RND (beta=0.01)
35000,0.036,0.0979142857142857,1.0,68,271,259,5.3636077850743255e-08,3.4277652195588254e-07,5.3636077850743255e-08,3.4277652195588254e-07,4.240925409194895e-05,0.0002703835125816,0.0003182158085419,1.227654845799009e-07,rnd,0.01,2,RND (beta=0.01)
36000,0.051,0.0966111111111111,1.0,68,271,259,3.8927248596667374e-08,1.4551984078853576e-07,3.8927248596667374e-08,1.4551984078853576e-07,3.1158448254743025e-05,0.0001164527229042,0.0003072330882077,1.1353915911271885e-07,rnd,0.01,2,RND (beta=0.01)
37000,0.02,0.0945405405405405,1.0,68,271,259,5.036025254590015e-08,2.3338047650250825e-07,5.036025254590015e-08,2.3338047650250825e-07,4.086228285360245e-05,0.0001894923098516,0.0003698152642173,1.109063088939877e-07,rnd,0.01,2,RND (beta=0.01)
38000,0.042,0.0931578947368421,1.0,68,271,259,3.7072076815765825e-08,1.454495392297715e-07,3.7072076815765825e-08,1.454495392297715e-07,3.0483651172129214e-05,0.000119377300362,0.0003543843778843,1.058869737313728e-07,rnd,0.01,2,RND (beta=0.01)
39000,0.069,0.0925384615384615,1.0,68,271,259,3.13382073527983e-08,3.609875533093288e-08,3.13382073527983e-08,3.609875533093288e-08,2.607732504206338e-05,3.00423165056738e-05,0.0003412530564073,9.69021223653499e-08,rnd,0.01,2,RND (beta=0.01)
40000,0.128,0.093425,1.0,68,271,259,5.7607761436151434e-08,2.086147667741971e-07,5.7607761436151434e-08,2.086147667741971e-07,4.853569122523062e-05,0.0001758925843866,0.0003070720806917,9.108326730000726e-08,rnd,0.01,2,RND (beta=0.01)
41000,0.061,0.0926341463414634,1.0,68,271,259,2.9027067583808546e-08,4.8939866148027104e-08,2.9027067583808546e-08,4.8939866148027104e-08,2.4766054906559547e-05,4.17040045905001e-05,0.0003279054756112,8.835082477531843e-08,rnd,0.01,2,RND (beta=0.01)
42000,0.096,0.0927142857142857,1.0,68,271,259,2.6161722741872378e-08,4.622484158228107e-08,2.6161722741872378e-08,4.622484158228107e-08,2.2598050144689385e-05,3.989203499282848e-05,0.0003193247254066,8.07393339403717e-08,rnd,0.01,2,RND (beta=0.01)
43000,0.069,0.0921627906976744,1.0,68,271,259,2.6392989513708373e-08,3.2574165299474594e-08,2.6392989513708373e-08,3.2574165299474594e-08,2.3035362056113665e-05,2.8475682771114705e-05,0.0003171427310062,7.77319410794064e-08,rnd,0.01,2,RND (beta=0.01)
44000,0.078,0.091840909090909,1.0,68,271,259,2.3503042167742453e-08,2.510511146041533e-08,2.3503042167742453e-08,2.510511146041533e-08,2.0755682328142657e-05,2.2180861654094403e-05,0.0002897370071295,7.368169243271438e-08,rnd,0.01,2,RND (beta=0.01)
45000,0.082,0.0916222222222222,1.0,68,271,259,2.1723020433951872e-08,2.2996528288023604e-08,2.1723020433951872e-08,2.2996528288023604e-08,1.9392342449939774e-05,2.0536112098423288e-05,0.0003034236703515,6.614241322111525e-08,rnd,0.01,2,RND (beta=0.01)
46000,0.196,0.093891304347826,1.0,68,271,259,2.641110330436902e-08,2.0245025190265294e-08,2.641110330436902e-08,2.0245025190265294e-08,2.3844197015397893e-05,1.827891701497939e-05,0.000302517037976,6.271929142798173e-08,rnd,0.01,2,RND (beta=0.01)
47000,0.213,0.0964255319148936,1.0,68,271,259,2.3427405834784628e-08,1.7250012436395268e-08,2.3427405834784628e-08,1.7250012436395268e-08,2.1385931612553895e-05,1.5744444708817026e-05,0.0002677019473921,5.81745431844638e-08,rnd,0.01,2,RND (beta=0.01)
48000,0.114,0.0967916666666666,1.0,68,271,259,2.3263019315945993e-08,1.8770022915933167e-08,2.3263019315945993e-08,1.8770022915933167e-08,2.141177956966049e-05,1.731351704245036e-05,0.000263400253224,5.6278222459127394e-08,rnd,0.01,2,RND (beta=0.01)
49000,0.071,0.0962653061224489,1.0,68,271,259,1.614873941611115e-08,1.7496698047346386e-08,1.614873941611115e-08,1.7496698047346386e-08,1.503156604117428e-05,1.6302532205269242e-05,0.0002789097056879,5.201097407336874e-08,rnd,0.01,2,RND (beta=0.01)
50000,0.075,0.09584,1.0,68,271,259,1.7628694006788238e-08,1.7906736505362668e-08,1.7628694006788238e-08,1.7906736505362668e-08,1.6579107424441187e-05,1.6836660696945815e-05,0.0002471991723741,5.235308779916181e-08,rnd,0.01,2,RND (beta=0.01)
51000,0.071,0.0953529411764705,1.0,68,271,259,1.7585674900639222e-08,1.6704941443041358e-08,1.7585674900639222e-08,1.6704941443041358e-08,1.6705455105825337e-05,1.58672144061378e-05,0.0002465522446002,4.9419187291732676e-08,rnd,0.01,2,RND (beta=0.01)
52000,0.076,0.0949807692307692,1.0,68,271,259,1.7193555328014712e-08,1.7310330359116744e-08,1.7193555328014712e-08,1.7310330359116744e-08,1.650658113379708e-05,1.6612946184973057e-05,0.0002023748084554,4.642419844635982e-08,rnd,0.01,2,RND (beta=0.01)
53000,0.071,0.0945283018867924,1.0,68,271,259,1.560411418231076e-08,1.4578729871684492e-08,1.560411418231076e-08,1.4578729871684492e-08,1.5115130582119348e-05,1.4119304488555453e-05,0.000229101580312,4.2676195085356037e-08,rnd,0.01,2,RND (beta=0.01)
54000,0.067,0.0940185185185185,1.0,68,271,259,1.5489439276810984e-08,1.4573562117959105e-08,1.5489439276810984e-08,1.4573562117959105e-08,1.5133801337267296e-05,1.423998412781706e-05,0.0002427333074024,4.277604474633989e-08,rnd,0.01,2,RND (beta=0.01)
55000,0.06,0.0934,1.0,68,271,259,1.7463438066004738e-08,1.49863568311538e-08,1.7463438066004738e-08,1.49863568311538e-08,1.7207839792067124e-05,1.4779210981179942e-05,0.0002633498606305,4.097051945706198e-08,rnd,0.01,2,RND (beta=0.01)
56000,0.079,0.0931428571428571,1.0,68,271,259,1.3109553004334909e-08,1.3378875302826852e-08,1.3109553004334909e-08,1.3378875302826852e-08,1.3045480529649723e-05,1.3314359191905108e-05,0.0002356276812463,3.6419602383652724e-08,rnd,0.01,2,RND (beta=0.01)
57000,0.081,0.0929298245614035,1.0,68,271,259,1.6350574441706505e-08,1.387986143188222e-08,1.6350574441706505e-08,1.387986143188222e-08,1.6411490617128723e-05,1.3935429561841658e-05,0.0002614362822041,3.5111374987017995e-08,rnd,0.01,2,RND (beta=0.01)
58000,0.077,0.0926551724137931,1.0,68,271,259,1.25957977727618e-08,1.2128479858807878e-08,1.25957977727618e-08,1.2128479858807878e-08,1.2758341255835377e-05,1.2283132562967638e-05,0.0002287863659162,3.1221202551279254e-08,rnd,0.01,2,RND (beta=0.01)
59000,0.073,0.092322033898305,1.0,68,271,259,1.4730806942594264e-08,1.4335795481073781e-08,1.4730806942594264e-08,1.4335795481073781e-08,1.502850678614284e-05,1.463027934396033e-05,0.0002799178370205,3.1260863684767776e-08,rnd,0.01,2,RND (beta=0.01)
60000,0.058,0.09175,1.0,68,271,259,1.3930129482869951e-08,1.1036510331956814e-08,1.3930129482869951e-08,1.1036510331956814e-08,1.4349326033678609e-05,1.1362478158285196e-05,0.0002436912007528,2.8512042836048582e-08,rnd,0.01,2,RND (beta=0.01)
61000,0.063,0.0912786885245901,1.0,68,271,259,1.3740567914518062e-08,1.3490310537101873e-08,1.3740567914518062e-08,1.3490310537101873e-08,1.4265413610446418e-05,1.4001933794569476e-05,0.0002796446016234,2.7060458805294733e-08,rnd,0.01,2,RND (beta=0.01)
62000,0.065,0.0908548387096774,1.0,68,271,259,1.6952370618383842e-08,1.1830369669279994e-08,1.6952370618383842e-08,1.1830369669279994e-08,1.7754428128929898e-05,1.2382942771244342e-05,0.0002624796346563,2.5849961563295664e-08,rnd,0.01,2,RND (beta=0.01)
63000,0.054,0.0902698412698412,1.0,68,271,259,1.2641935917853985e-08,1.1977364772877738e-08,1.2641935917853985e-08,1.1977364772877738e-08,1.3331701087543192e-05,1.2632655156995733e-05,0.0002592783725417,2.52031681853282e-08,rnd,0.01,2,RND (beta=0.01)
64000,0.071,0.08996875,1.0,68,271,259,1.1933312228827265e-08,1.0838509989281021e-08,1.1933312228827265e-08,1.0838509989281021e-08,1.2690192091586992e-05,1.1520314830854222e-05,0.0002421197986625,2.2602589652365167e-08,rnd,0.01,2,RND (beta=0.01)
65000,0.069,0.0896461538461538,1.0,68,271,259,1.3900047904961665e-08,1.4608574648093557e-08,1.3900047904961665e-08,1.4608574648093557e-08,1.4891541392803367e-05,1.5654685152436494e-05,0.0002306551065062,2.661946402016113e-08,rnd,0.01,2,RND (beta=0.01)
66000,0.137,0.0903636363636363,1.0,68,271,259,1.0991419057964663e-08,2.721389204766567e-08,1.0991419057964663e-08,2.721389204766567e-08,1.1875791960731645e-05,2.938411247210985e-05,0.0002143782538923,2.2069339998598283e-08,rnd,0.01,2,RND (beta=0.01)
67000,0.062,0.0899402985074626,1.0,68,271,259,1.4941421286598296e-08,1.1561904963400018e-08,1.4941421286598296e-08,1.1561904963400018e-08,1.6269185830236906e-05,1.2577985094164014e-05,0.000262523199739,1.969502254905997e-08,rnd,0.01,2,RND (beta=0.01)
68000,0.019,0.0888970588235294,1.0,68,271,259,2.243689146755469e-08,1.4367727669855574e-08,2.243689146755469e-08,1.4367727669855574e-08,2.451849079227682e-05,1.5715663632035082e-05,0.0002206559386086,2.1693501075947808e-08,rnd,0.01,2,RND (beta=0.01)
69000,0.106,0.0891449275362318,1.0,68,271,259,2.4023048900250576e-08,9.980255022362946e-09,2.4023048900250576e-08,9.980255022362946e-09,2.644044131057557e-05,1.1011637726490045e-05,0.0001869430422834,1.9997725277498545e-08,rnd,0.01,2,RND (beta=0.01)
70000,0.048,0.0885571428571428,1.0,68,271,259,1.0418951502481436e-08,1.4098320154983494e-08,1.0418951502481436e-08,1.4098320154983494e-08,1.157494969299427e-05,1.5659613333244605e-05,0.0002258688255676,1.89562787755726e-08,rnd,0.01,2,RND (beta=0.01)
71000,0.072,0.0883239436619718,1.0,68,271,259,1.0866286051514074e-08,1.3399770983056278e-08,1.0866286051514074e-08,1.3399770983056278e-08,1.215869026350077e-05,1.4976868800071914e-05,0.0001801978673663,1.8789133076291265e-08,rnd,0.01,2,RND (beta=0.01)
72000,0.037,0.0876111111111111,1.0,68,271,259,1.3218494395157973e-08,1.4933015758754806e-08,1.3218494395157973e-08,1.4933015758754806e-08,1.4879626673852706e-05,1.6830457207801756e-05,0.0001799701603736,1.9305775306843745e-08,rnd,0.01,2,RND (beta=0.01)
73000,0.019,0.0866712328767123,1.0,68,271,259,7.549433861679008e-09,1.5369828101599282e-08,7.549433861679008e-09,1.5369828101599282e-08,8.559511386980438e-06,1.7447150366590426e-05,0.0002330386895027,1.794288922574161e-08,rnd,0.01,2,RND (beta=0.01)
74000,0.541,0.0928108108108108,1.0,68,271,259,1.5488233774066278e-08,1.1396100299936352e-08,1.5488233774066278e-08,1.1396100299936352e-08,1.771159863393052e-05,1.3003445381020491e-05,0.0002035354782553,1.6559333354093653e-08,rnd,0.01,2,RND (beta=0.01)
75000,0.154,0.0936266666666666,1.0,68,271,259,1.3295807964709316e-08,1.8378327013964773e-08,1.3295807964709316e-08,1.8378327013964773e-08,1.5260995693035667e-05,2.112901695282891e-05,0.0001682662912307,1.6857560716676545e-08,rnd,0.01,2,RND (beta=0.01)
76000,0.057,0.0931447368421052,1.0,68,271,259,9.154632441973557e-09,1.2368412290523825e-08,9.154632441973557e-09,1.2368412290523825e-08,1.05986608212737e-05,1.4323661514174318e-05,0.0001867228384503,1.4130270119983024e-08,rnd,0.01,2,RND (beta=0.01)
77000,0.273,0.0954805194805194,1.0,68,271,259,2.7735881141657032e-08,1.3210010853723785e-08,2.7735881141657032e-08,1.3210010853723785e-08,3.2278072872150166e-05,1.537353599919648e-05,0.0001744556591943,1.6202615877702885e-08,rnd,0.01,2,RND (beta=0.01)
78000,0.069,0.0951410256410256,1.0,68,271,259,2.0163959907579122e-08,2.661324072252261e-08,2.0163959907579122e-08,2.661324072252261e-08,2.3621910128061707e-05,3.1209216497210566e-05,0.000171609267651,1.5283356208928293e-08,rnd,0.01,2,RND (beta=0.01)
79000,0.014,0.0941139240506329,1.0,68,271,259,1.2602321622764582e-08,1.7274992994009494e-08,1.2602321622764582e-08,1.7274992994009494e-08,1.4861404429848135e-05,2.03861477556747e-05,0.0002030955950765,1.8638892135491858e-08,rnd,0.01,2,RND (beta=0.01)
80000,0.073,0.09385,1.0,68,271,259,7.1612313263528705e-09,7.967915424064322e-09,7.1612313263528705e-09,7.967915424064322e-09,8.504845735227966e-06,9.462358683270146e-06,0.0001805559199592,1.1584628657246298e-08,rnd,0.01,2,RND (beta=0.01)
81000,0.127,0.0942592592592592,1.0,68,271,259,3.2639949193578164e-08,1.9565756331704213e-08,3.2639949193578164e-08,1.9565756331704213e-08,3.893611448075736e-05,2.335140005999882e-05,0.0001830082179221,1.3946039339851612e-08,rnd,0.01,2,RND (beta=0.01)
82000,0.015,0.0932926829268292,1.0,68,271,259,1.3749771676785372e-08,1.2971328245242974e-08,1.3749771676785372e-08,1.2971328245242974e-08,1.6516700243162465e-05,1.559324853761423e-05,0.0002005749509144,1.5647566117049653e-08,rnd,0.01,2,RND (beta=0.01)
83000,0.025,0.0924698795180722,1.0,68,271,259,1.0663944607358644e-08,1.4231311493923124e-08,1.0663944607358644e-08,1.4231311493923124e-08,1.2886930613053235e-05,1.7211132994175804e-05,0.0001811890231876,1.4181563695148112e-08,rnd,0.01,2,RND (beta=0.01)
84000,0.27,0.0945833333333333,1.0,68,271,259,1.527672763372927e-08,1.4381345138807328e-08,1.527672763372927e-08,1.4381345138807328e-08,1.8586964204560376e-05,1.7484971097355206e-05,0.0002413298189649,1.1350313618985198e-08,rnd,0.01,2,RND (beta=0.01)
85000,0.076,0.0943647058823529,1.0,68,271,259,1.0605697930987644e-08,1.2721650395877897e-08,1.0605697930987644e-08,1.2721650395877897e-08,1.29717516653942e-05,1.5564203777925847e-05,0.0001929349435406,1.5479480653390886e-08,rnd,0.01,2,RND (beta=0.01)
86000,0.046,0.0938023255813953,1.0,68,271,259,1.0081429691055632e-08,8.964053870255411e-09,1.0081429691055632e-08,8.964053870255411e-09,1.2407426323735644e-05,1.1035219629880851e-05,0.0001984091237827,1.125808335800116e-08,rnd,0.01,2,RND (beta=0.01)
87000,0.379,0.0970804597701149,1.0,68,271,259,1.3112321978716302e-08,1.1099601580313934e-08,1.3112321978716302e-08,1.1099601580313934e-08,1.6217817641364683e-05,1.3737257325202115e-05,0.0001815478029388,1.3047277336974972e-08,rnd,0.01,2,RND (beta=0.01)
88000,0.064,0.0967045454545454,1.0,68,271,259,1.1323983733352304e-08,1.3320063199390116e-08,1.1323983733352304e-08,1.3320063199390116e-08,1.4100997864131062e-05,1.6583063272925992e-05,0.000152850918076,1.4132474978056921e-08,rnd,0.01,2,RND (beta=0.01)
89000,0.06,0.0962921348314606,1.0,68,271,259,7.2389219304043935e-09,8.744998348927415e-09,7.2389219304043935e-09,8.744998348927415e-09,9.062258696838334e-06,1.09482546247026e-05,0.0001604264032503,1.0310273624414281e-08,rnd,0.01,2,RND (beta=0.01)
90000,0.064,0.0959333333333333,1.0,68,271,259,2.1904464140090615e-08,1.91633075013284e-08,2.1904464140090615e-08,1.91633075013284e-08,2.7581382239783288e-05,2.4142987814890775e-05,0.0001469183245316,2.2236733828895348e-08,rnd,0.01,2,RND (beta=0.01)
91000,0.42,0.0994945054945054,1.0,68,271,259,2.305528466387118e-09,2.7636720161653914e-09,2.305528466387118e-09,2.7636720161653914e-09,2.919471284875833e-06,3.4985319811912824e-06,0.0001580933328021,3.364752991549813e-09,rnd,0.01,2,RND (beta=0.01)
92000,0.192,0.1005,1.0,68,271,259,1.4616376108287737e-08,1.3019812887194553e-08,1.4616376108287737e-08,1.3019812887194553e-08,1.859997987426109e-05,1.6570777656804683e-05,0.0001589505129593,1.3120471106464748e-08,rnd,0.01,2,RND (beta=0.01)
93000,0.031,0.099752688172043,1.0,68,271,259,1.052524894480521e-08,1.2235102061213329e-08,1.052524894480521e-08,1.2235102061213329e-08,1.346420581258851e-05,1.564973376757293e-05,0.0001351298187257,1.0554940212070818e-08,rnd,0.01,2,RND (beta=0.01)
94000,0.041,0.099127659574468,1.0,68,271,259,6.463502034405831e-09,9.30845036845984e-09,6.463502034405831e-09,9.30845036845984e-09,8.310326749117275e-06,1.1962416829485978e-05,0.0001577707044158,1.0516290125661688e-08,rnd,0.01,2,RND (beta=0.01)
95000,0.053,0.0986421052631578,1.0,68,271,259,9.955834902817387e-09,1.2382278083425558e-08,9.955834902817387e-09,1.2382278083425558e-08,1.287273480904401e-05,1.6004019908595793e-05,0.0001393226505792,1.3505195485263854e-08,rnd,0.01,2,RND (beta=0.01)
96000,0.073,0.098375,1.0,68,271,259,9.98067076702031e-09,9.438747007345162e-09,9.98067076702031e-09,9.438747007345162e-09,1.2982679422312445e-05,1.2276085049574834e-05,0.0001787397404998,1.1360968877494048e-08,rnd,0.01,2,RND (beta=0.01)
97000,0.042,0.0977938144329896,1.0,68,271,259,1.1280581204592144e-08,9.653335632593144e-09,1.1280581204592144e-08,9.653335632593144e-09,1.4735965976907608e-05,1.26117177998204e-05,0.0001431458579163,9.716473383561408e-09,rnd,0.01,2,RND (beta=0.01)
98000,0.045,0.0972551020408163,1.0,68,271,259,1.1250925247008324e-08,1.0261929054330045e-08,1.1250925247008324e-08,1.0261929054330045e-08,1.47821025105313e-05,1.3476345363876025e-05,0.000167701071457,1.0781802829429311e-08,rnd,0.01,2,RND (beta=0.01)
99000,0.037,0.0966464646464646,1.0,68,271,259,9.27787278835633e-09,1.3572514760175528e-08,9.27787278835633e-09,1.3572514760175528e-08,1.2243108862502674e-05,1.7913646519014275e-05,0.0001526432262908,1.1624273709043286e-08,rnd,0.01,2,RND (beta=0.01)
100000,0.08,0.09648,1.0,68,271,259,9.755009086620526e-09,1.2390375068552108e-08,9.755009086620526e-09,1.2390375068552108e-08,1.2947040472355368e-05,1.642952886105451e-05,0.0001496933895266,9.62561919981564e-09,rnd,0.01,2,RND (beta=0.01)
1000,0.156,0.156,0.5147058823529411,35,119,118,0.0054056089556513,0.0049795021641761,0.0054056089556513,0.0049795021641761,4.919378150486014,4.754713693886326,0.0082304887473583,0.0050593162886798,rnd,0.01,3,RND (beta=0.01)
2000,0.212,0.184,0.5588235294117647,38,137,134,0.0002921251822851,0.0003267577617326,0.0002921251822851,0.0003267577617326,0.2596265288279608,0.312993661505055,0.0007298309898178,0.0002942442150852,rnd,0.01,3,RND (beta=0.01)
3000,0.143,0.1703333333333333,0.5588235294117647,38,139,136,2.0610869653553293e-05,1.832979195836787e-05,2.0610869653553293e-05,1.832979195836787e-05,0.0084314901649534,0.0074756336150332,0.0007736980092886,2.265480384176044e-05,rnd,0.01,3,RND (beta=0.01)
4000,0.157,0.167,0.5588235294117647,38,139,136,5.406140043462051e-06,4.560025346458983e-06,5.406140043462051e-06,4.560025346458983e-06,0.0023746673792224,0.0019868800850059,0.0003823610139224,7.727168546352914e-06,rnd,0.01,3,RND (beta=0.01)
5000,0.092,0.152,0.8823529411764706,60,221,213,2.4141844901153133e-06,4.650827973167534e-05,2.4141844901153133e-06,4.650827973167534e-05,0.0011515335619844,0.0218309935683279,0.0003696365520445,7.465729652267328e-06,rnd,0.01,3,RND (beta=0.01)
6000,0.069,0.1381666666666666,0.9264705882352942,63,234,225,1.2634389504719234e-06,2.655930063798616e-05,1.2634389504719234e-06,2.655930063798616e-05,0.0006401956669281,0.0134915274020414,0.0002810521077917,6.86735752333334e-06,rnd,0.01,3,RND (beta=0.01)
7000,0.058,0.1267142857142857,0.9411764705882352,64,244,235,1.0916233155112736e-06,1.4288089026819133e-05,1.0916233155112736e-06,1.4288089026819133e-05,0.0005936516318573,0.0078297672330371,0.0002668422158167,5.518865129715777e-06,rnd,0.01,3,RND (beta=0.01)
8000,0.177,0.133,0.9411764705882352,64,245,236,8.809456558584177e-07,3.567798321899595e-06,8.809456558584177e-07,3.567798321899595e-06,0.0005052833396426,0.0020391516255537,0.0002220790866631,4.182620154892902e-06,rnd,0.01,3,RND (beta=0.01)
9000,0.146,0.1344444444444444,0.9705882352941176,66,253,242,6.951503845491298e-07,1.0000864933068172e-05,6.951503845491298e-07,1.0000864933068172e-05,0.0004231418857125,0.0060496482132929,0.0001896069286849,3.190460206496937e-06,rnd,0.01,3,RND (beta=0.01)
10000,0.092,0.1302,1.0,68,263,251,5.465337308902215e-07,5.021637771130877e-06,5.465337308902215e-07,5.021637771130877e-06,0.0003459491521402,0.0032373254457751,0.0001781706194124,2.44030525539074e-06,rnd,0.01,3,RND (beta=0.01)
11000,0.058,0.1236363636363636,1.0,68,263,251,3.666868154098289e-07,2.9487815030279186e-06,3.666868154098289e-07,2.9487815030279186e-06,0.0002439139743014,0.0019589623481912,0.0001664703482965,2.0755632061195683e-06,rnd,0.01,3,RND (beta=0.01)
12000,0.07,0.1191666666666666,1.0,68,264,252,3.244431458223777e-07,3.366843988103287e-06,3.244431458223777e-07,3.366843988103287e-06,0.000224158794384,0.0023288726270403,0.0001556120457862,1.663886186520358e-06,rnd,0.01,3,RND (beta=0.01)
13000,0.18,0.1238461538461538,1.0,68,267,255,3.162866474800315e-07,3.268379275069248e-06,3.162866474800315e-07,3.268379275069248e-06,0.0002276682354683,0.0023409783658746,0.0001575281402856,1.4207304047317848e-06,rnd,0.01,3,RND (beta=0.01)
14000,0.13,0.1242857142857142,1.0,68,267,255,2.892842041127061e-07,2.488931043564829e-06,2.892842041127061e-07,2.488931043564829e-06,0.0002157936232888,0.0018494449214628,0.0001793076817302,1.2495213487113688e-06,rnd,0.01,3,RND (beta=0.01)
15000,0.139,0.1252666666666666,1.0,68,268,256,2.2357666868625895e-07,1.8188210242531564e-06,2.2357666868625895e-07,1.8188210242531564e-06,0.0001722680562365,0.0013951216441873,0.000148965744429,1.032103376246596e-06,rnd,0.01,3,RND (beta=0.01)
16000,0.087,0.122875,1.0,68,268,256,1.8800279291973498e-07,1.1470498901972957e-06,1.8800279291973498e-07,1.1470498901972957e-06,0.0001479879377494,0.0009103658794836,0.0001598190702661,8.605606543312661e-07,rnd,0.01,3,RND (beta=0.01)
17000,0.067,0.1195882352941176,1.0,68,268,256,1.542236816264259e-07,6.275869924646164e-07,1.542236816264259e-07,6.275869924646164e-07,0.0001256192264338,0.0005126154652895,0.0001530867136498,7.141228185929549e-07,rnd,0.01,3,RND (beta=0.01)
18000,0.079,0.1173333333333333,1.0,68,268,256,2.0995140366045534e-07,9.335609864909256e-07,2.0995140366045534e-07,9.335609864909256e-07,0.0001751991421583,0.0007839586217348,0.0001506117749158,6.164461552202737e-07,rnd,0.01,3,RND (beta=0.01)
19000,0.028,0.1126315789473684,1.0,68,268,256,1.7077359818326195e-07,8.063762776925611e-07,1.7077359818326195e-07,8.063762776925611e-07,0.0001474662037925,0.0006950681206275,0.0001684852738253,5.46897371108912e-07,rnd,0.01,3,RND (beta=0.01)
20000,0.041,0.10905,1.0,68,268,256,1.9315207532045174e-07,6.749127458216981e-07,1.9315207532045174e-07,6.749127458216981e-07,0.0001700088144019,0.0005956962122726,0.000172473349472,4.720253238872374e-07,rnd,0.01,3,RND (beta=0.01)
21000,0.03,0.1052857142857142,1.0,68,268,256,1.2467620026749653e-07,5.413946005622566e-07,1.2467620026749653e-07,5.413946005622566e-07,0.0001122296367026,0.0004894274969607,0.0001783446902736,4.169116993608668e-07,rnd,0.01,3,RND (beta=0.01)
22000,0.033,0.102,1.0,68,270,258,1.1670684362353645e-07,1.6039130510814533e-06,1.1670684362353645e-07,1.6039130510814533e-06,0.0001077918327834,0.0014835580661838,0.000184554418698,3.884264311437846e-07,rnd,0.01,3,RND (beta=0.01)
23000,0.027,0.0987391304347826,1.0,68,270,258,1.7859095535754935e-07,2.797707816882442e-07,1.7859095535754935e-07,2.797707816882442e-07,0.0001679106017805,0.0002637235926005,0.0001628097742104,3.664828474541082e-07,rnd,0.01,3,RND (beta=0.01)
24000,0.031,0.0959166666666666,1.0,68,270,258,1.5304484779129956e-07,1.960783096141048e-07,1.5304484779129956e-07,1.960783096141048e-07,0.0001476568232491,0.0001888947207696,0.0001531601738006,3.20107434440331e-07,rnd,0.01,3,RND (beta=0.01)
25000,0.02,0.09288,1.0,68,270,258,1.5095368297579625e-07,1.629344544654302e-06,1.5095368297579625e-07,1.629344544654302e-06,0.0001479495490451,0.0016100724298473,0.0001492090622632,3.053031744713053e-07,rnd,0.01,3,RND (beta=0.01)
26000,0.04,0.0908461538461538,1.0,68,271,259,1.0283996108029215e-07,1.288958309209054e-06,1.0283996108029215e-07,1.288958309209054e-06,0.0001028885939695,0.0012953590433286,0.0001493180522056,2.936386387091261e-07,rnd,0.01,3,RND (beta=0.01)
27000,0.069,0.090037037037037,1.0,68,271,259,1.1410135393684935e-07,5.188843643181555e-07,1.1410135393684935e-07,5.188843643181555e-07,0.000116605564265,0.0005265520980058,0.0001468993145199,2.902244017590761e-07,rnd,0.01,3,RND (beta=0.01)
28000,0.107,0.0906428571428571,1.0,68,271,259,1.2833794285653086e-07,3.580819487912683e-07,1.2833794285653086e-07,3.580819487912683e-07,0.0001332942165862,0.0003719304222744,0.0001422078349387,2.688030531601271e-07,rnd,0.01,3,RND (beta=0.01)
29000,0.046,0.089103448275862,1.0,68,271,259,9.687094450266219e-08,9.909799533608669e-07,9.687094450266219e-08,9.909799533608669e-07,0.0001020082345319,0.0010478529897202,0.0001362507641479,2.492642001143964e-07,rnd,0.01,3,RND (beta=0.01)
30000,0.018,0.0867333333333333,1.0,68,271,259,7.19778757090555e-08,1.7519790864443531e-06,7.19778757090555e-08,1.7519790864443531e-06,7.73629198241422e-05,0.0018830418973393,0.0001482017415,2.7348446061381536e-07,rnd,0.01,3,RND (beta=0.01)
31000,0.024,0.0847096774193548,1.0,68,271,259,8.725953367279733e-08,8.753289553260017e-07,8.725953367279733e-08,8.753289553260017e-07,9.497225855460432e-05,0.0009548356632086,0.0001198139061707,2.491786803844321e-07,rnd,0.01,3,RND (beta=0.01)
32000,0.03,0.083,1.0,68,271,259,1.2937776017925746e-07,1.6242390427200523e-06,1.2937776017925746e-07,1.6242390427200523e-06,0.0001437029608156,0.0017964209754995,0.0001461858601678,2.6726067384430506e-07,rnd,0.01,3,RND (beta=0.01)
33000,0.029,0.0813636363636363,1.0,68,271,259,8.210553953200235e-08,7.082172942798026e-07,8.210553953200235e-08,7.082172942798026e-07,9.229221216838744e-05,0.0007974006893431,0.0001310990908687,2.423179851334112e-07,rnd,0.01,3,RND (beta=0.01)
34000,0.135,0.0829411764705882,1.0,68,271,259,1.121549215836408e-07,6.507177834452536e-07,1.121549215836408e-07,6.507177834452536e-07,0.0001278468446447,0.0007430064935429,0.0001157821907145,2.253034687385025e-07,rnd,0.01,3,RND (beta=0.01)
35000,0.061,0.0823142857142857,1.0,68,271,259,1.127792143680925e-07,5.35413092608758e-07,1.127792143680925e-07,5.35413092608758e-07,0.0001307666087543,0.0006204608236333,0.0001104813849606,2.028902308239822e-07,rnd,0.01,3,RND (beta=0.01)
36000,0.028,0.0808055555555555,1.0,68,271,259,8.2029256276428e-08,4.300868187461172e-07,8.2029256276428e-08,4.300868187461172e-07,9.63665949812078e-05,0.0005060232777819,0.0001186752546291,1.866410581428113e-07,rnd,0.01,3,RND (beta=0.01)
37000,0.129,0.0821081081081081,1.0,68,271,259,1.0142613284303422e-07,2.942266785398823e-07,1.0142613284303422e-07,2.942266785398823e-07,0.0001207807635104,0.0003503188110252,0.0001028297105958,1.734501771082364e-07,rnd,0.01,3,RND (beta=0.01)
38000,0.086,0.0822105263157894,1.0,68,271,259,8.100056338328609e-08,4.6748679556384726e-07,8.100056338328609e-08,4.6748679556384726e-07,9.785957880655732e-05,0.0005644221658289,9.92600166491684e-05,1.6045655635821277e-07,rnd,0.01,3,RND (beta=0.01)
39000,0.079,0.0821282051282051,1.0,68,271,259,9.52114161351876e-08,1.715429892341749e-07,9.52114161351876e-08,1.715429892341749e-07,0.000116514139285,0.000209329520495,9.469985977102623e-05,1.4618794387644129e-07,rnd,0.01,3,RND (beta=0.01)
40000,0.109,0.0828,1.0,68,271,259,8.350305823355924e-08,1.20340617251712e-07,8.350305823355924e-08,1.20340617251712e-07,0.0001031439679584,0.0001488034726228,7.677997470045738e-05,1.3247082233647236e-07,rnd,0.01,3,RND (beta=0.01)
41000,0.092,0.0830243902439024,1.0,68,271,259,5.5553406280958617e-08,6.35786645963914e-08,5.5553406280958617e-08,6.35786645963914e-08,6.950255949081433e-05,7.95478483294732e-05,8.966443236886334e-05,1.1998961056036705e-07,rnd,0.01,3,RND (beta=0.01)
42000,0.071,0.0827380952380952,1.0,68,271,259,8.863570162026157e-08,6.814741985117415e-08,8.863570162026157e-08,6.814741985117415e-08,0.0001120429334757,8.628591983792743e-05,7.732717499311547e-05,1.1008846903237669e-07,rnd,0.01,3,RND (beta=0.01)
43000,0.127,0.0837674418604651,1.0,68,271,259,1.2074209725131988e-07,4.031737069793439e-08,1.2074209725131988e-07,4.031737069793439e-08,0.0001550733981393,5.166404650211106e-05,8.307276092409666e-05,9.798644933667335e-08,rnd,0.01,3,RND (beta=0.01)
44000,0.307,0.0888409090909091,1.0,68,271,259,9.614064819532469e-08,7.402353898675665e-08,9.614064819532469e-08,7.402353898675665e-08,0.0001247002307028,9.582337730317549e-05,8.426045081614575e-05,9.307243739087313e-08,rnd,0.01,3,RND (beta=0.01)
45000,0.166,0.0905555555555555,1.0,68,271,259,5.75207003901953e-08,5.188025942608136e-08,5.75207003901953e-08,5.188025942608136e-08,7.526647602021114e-05,6.797762453915369e-05,7.75801905829212e-05,8.283170874534563e-08,rnd,0.01,3,RND (beta=0.01)
46000,0.122,0.0912391304347826,1.0,68,271,259,4.460658458269996e-08,3.6047832546851074e-08,4.460658458269996e-08,3.6047832546851074e-08,5.9025212127121e-05,4.776027445462465e-05,7.474164186487541e-05,7.917827825565384e-08,rnd,0.01,3,RND (beta=0.01)
47000,0.046,0.0902765957446808,1.0,68,271,259,4.1309069208773016e-08,4.184776981452408e-08,4.1309069208773016e-08,4.184776981452408e-08,5.54140923381644e-05,5.6072678652955645e-05,6.873365444107549e-05,7.442190511852687e-08,rnd,0.01,3,RND (beta=0.01)
48000,0.049,0.0894166666666666,1.0,68,271,259,4.2038078251987e-08,5.307080993523626e-08,4.2038078251987e-08,5.307080993523626e-08,5.689265408116711e-05,7.183574459265508e-05,6.370789866832638e-05,7.01299245431386e-08,rnd,0.01,3,RND (beta=0.01)
49000,0.24,0.0924897959183673,1.0,68,271,259,2.7564253139248745e-08,3.608899466343486e-08,2.7564253139248745e-08,3.608899466343486e-08,3.772318559758129e-05,4.93215502996313e-05,7.780905340268874e-05,6.428401109381809e-08,rnd,0.01,3,RND (beta=0.01)
50000,0.041,0.09146,1.0,68,271,259,2.2226249957044756e-08,2.7176522382968684e-08,2.2226249957044756e-08,2.7176522382968684e-08,3.059291175133297e-05,3.751454495414708e-05,6.782450493869874e-05,6.266372240659734e-08,rnd,0.01,3,RND (beta=0.01)
51000,0.022,0.0900980392156862,1.0,68,271,259,3.9715098482611726e-08,2.9406128588727315e-08,3.9715098482611726e-08,2.9406128588727315e-08,5.536989453268236e-05,4.097918995623705e-05,5.989777051979672e-05,5.7686668750278616e-08,rnd,0.01,3,RND (beta=0.01)
52000,0.089,0.090076923076923,1.0,68,271,259,3.05739462810654e-08,3.6524281032481626e-08,3.05739462810654e-08,3.6524281032481626e-08,4.303663584929924e-05,5.138617665993027e-05,4.039740988696394e-05,5.4643327580095044e-08,rnd,0.01,3,RND (beta=0.01)
53000,0.017,0.0886981132075471,1.0,68,271,259,3.0759107156755175e-08,1.9988586919707032e-08,3.0759107156755175e-08,1.9988586919707032e-08,4.368926022138212e-05,2.8400698779860848e-05,4.393094374086104e-05,5.44791859713456e-08,rnd,0.01,3,RND (beta=0.01)
54000,0.037,0.0877407407407407,1.0,68,271,259,2.755241457208513e-08,2.175791697406101e-08,2.755241457208513e-08,2.175791697406101e-08,3.949784653623711e-05,3.121626233917983e-05,4.325501838309265e-05,4.945577098958155e-08,rnd,0.01,3,RND (beta=0.01)
55000,0.073,0.0874727272727272,1.0,68,271,259,2.4986981591879368e-08,2.2754007837685547e-08,2.4986981591879368e-08,2.2754007837685547e-08,3.612482387392544e-05,3.2904775073152505e-05,3.575591276705836e-05,4.700946503533033e-08,rnd,0.01,3,RND (beta=0.01)
56000,0.035,0.0865357142857142,1.0,68,271,259,2.1604782267965157e-08,2.6129135730151597e-08,2.1604782267965157e-08,2.6129135730151597e-08,3.1604252999013894e-05,3.8109936903393975e-05,3.7979628942366615e-05,4.58844728115082e-08,rnd,0.01,3,RND (beta=0.01)
57000,0.075,0.0863333333333333,1.0,68,271,259,2.749439794058617e-08,2.3355311640936464e-08,2.749439794058617e-08,2.3355311640936464e-08,4.047966231772841e-05,3.439367284645076e-05,3.921835007503205e-05,4.234078718567957e-08,rnd,0.01,3,RND (beta=0.01)
58000,0.005,0.0849310344827586,1.0,68,271,259,1.4744514231779248e-08,1.5456091813003834e-08,1.4744514231779248e-08,1.5456091813003834e-08,2.1896590480314287e-05,2.2958703926871216e-05,4.085277166359447e-05,4.0386171074047184e-08,rnd,0.01,3,RND (beta=0.01)
59000,0.032,0.0840338983050847,1.0,68,271,259,2.359272813223789e-08,1.605447051104148e-08,2.359272813223789e-08,1.605447051104148e-08,3.526293040305827e-05,2.405181124922e-05,4.508664178899835e-05,3.6207384827235965e-08,rnd,0.01,3,RND (beta=0.01)
60000,0.015,0.0828833333333333,1.0,68,271,259,2.3085808524096293e-08,2.7071860765298074e-08,2.3085808524096293e-08,2.7071860765298074e-08,3.48492078769126e-05,4.086141442114055e-05,4.117807719262601e-05,3.744734927835225e-08,rnd,0.01,3,RND (beta=0.01)
61000,0.028,0.081983606557377,1.0,68,271,259,1.8736739588425573e-08,2.649679557383589e-08,1.8736739588425573e-08,2.649679557383589e-08,2.8545931995851305e-05,4.0354258286787086e-05,5.7647692556656695e-05,3.3335740093676244e-08,rnd,0.01,3,RND (beta=0.01)
62000,0.21,0.0840483870967741,1.0,68,271,259,2.556544198350523e-08,2.3721504003287523e-08,2.556544198350523e-08,2.3721504003287523e-08,3.921631705085286e-05,3.6425320237008194e-05,8.446429840205382e-05,3.2170313356338906e-08,rnd,0.01,3,RND (beta=0.01)
63000,0.041,0.0833650793650793,1.0,68,271,259,2.8300367144591224e-08,2.0401116550942673e-08,2.8300367144591224e-08,2.0401116550942673e-08,4.387179478776408e-05,3.158902569037739e-05,8.653276983318393e-05,3.217748005557297e-08,rnd,0.01,3,RND (beta=0.01)
64000,0.054,0.08290625,1.0,68,271,259,1.9312593137867766e-08,2.8461740277258395e-08,1.9312593137867766e-08,2.8461740277258395e-08,3.013286439366736e-05,4.439021243955963e-05,0.0001006461750007,3.1546671018567454e-08,rnd,0.01,3,RND (beta=0.01)
65000,0.081,0.082876923076923,1.0,68,271,259,2.138228173944025e-08,2.8283765688133082e-08,2.138228173944025e-08,2.8283765688133082e-08,3.361650118635022e-05,4.445844720243787e-05,9.218582601943128e-05,3.0159052990086365e-08,rnd,0.01,3,RND (beta=0.01)
66000,0.094,0.0830454545454545,1.0,68,271,259,1.750371152511924e-08,2.3914015124527124e-08,1.750371152511924e-08,2.3914015124527124e-08,2.770104147819807e-05,3.786014957231266e-05,0.0001105031645606,2.885757885451312e-08,rnd,0.01,3,RND (beta=0.01)
67000,0.074,0.082910447761194,1.0,68,271,259,1.5074227415861724e-08,1.9214612045447982e-08,1.5074227415861724e-08,1.9214612045447982e-08,2.4051140811046533e-05,3.065114876908765e-05,0.000149874350016,2.8345796215134555e-08,rnd,0.01,3,RND (beta=0.01)
68000,0.054,0.082485294117647,1.0,68,271,259,1.2888389762840312e-08,1.7010183303255768e-08,1.2888389762840312e-08,1.7010183303255768e-08,2.070539765422784e-05,2.7339798557826338e-05,0.0001631300478161,2.7705115302367746e-08,rnd,0.01,3,RND (beta=0.01)
69000,0.121,0.0830434782608695,1.0,68,271,259,2.461381015626737e-08,2.4009071394878352e-08,2.461381015626737e-08,2.4009071394878352e-08,3.984238509601608e-05,3.884574574349581e-05,0.0001635981783747,2.6823956214450106e-08,rnd,0.01,3,RND (beta=0.01)
70000,0.348,0.0868285714285714,1.0,68,271,259,2.257597795552923e-08,1.6961740185196776e-08,2.257597795552923e-08,1.6961740185196776e-08,3.6794744424407006e-05,2.76449645348396e-05,0.0001798737521739,2.5023137688151565e-08,rnd,0.01,3,RND (beta=0.01)
71000,0.399,0.091225352112676,1.0,68,271,259,2.266425306521833e-08,2.2193877505622137e-08,2.266425306521833e-08,2.2193877505622137e-08,3.7194197000428574e-05,3.647414733075163e-05,0.0001598550522148,2.5749575264022442e-08,rnd,0.01,3,RND (beta=0.01)
72000,0.062,0.0908194444444444,1.0,68,271,259,1.4654085830094969e-08,1.6746213382585792e-08,1.4654085830094969e-08,1.6746213382585792e-08,2.4230786216321515e-05,2.767402311292782e-05,0.0002112549945632,2.5006146965544933e-08,rnd,0.01,3,RND (beta=0.01)
73000,0.029,0.089972602739726,1.0,68,271,259,1.6317224598314453e-08,3.267631643353379e-08,1.6317224598314453e-08,3.267631643353379e-08,2.7137340447064235e-05,5.443385625899156e-05,0.0002765058614386,2.438931918202769e-08,rnd,0.01,3,RND (beta=0.01)
74000,0.061,0.089581081081081,1.0,68,271,259,1.999326885469764e-08,2.2739563458345357e-08,1.999326885469764e-08,2.2739563458345357e-08,3.351919152164025e-05,3.8102874552888586e-05,0.0002155225005717,2.5372697797010346e-08,rnd,0.01,3,RND (beta=0.01)
75000,0.013,0.08856,1.0,68,271,259,1.3230334639812414e-08,2.444172510765624e-08,1.3230334639812414e-08,2.444172510765624e-08,2.228635646869961e-05,4.123175653603409e-05,0.0003034526922783,2.1087881069359328e-08,rnd,0.01,3,RND (beta=0.01)
76000,0.005,0.0874605263157894,1.0,68,271,259,1.2873323296247465e-08,2.5079946597339757e-08,1.2873323296247465e-08,2.5079946597339757e-08,2.1860949091002333e-05,4.258925072184433e-05,0.0002954746183058,2.1974405798097507e-08,rnd,0.01,3,RND (beta=0.01)
77000,0.011,0.0864675324675324,1.0,68,271,259,1.5223557687187913e-08,3.08678385916685e-08,1.5223557687187913e-08,3.08678385916685e-08,2.6027338406206937e-05,5.274218842925326e-05,0.0002558678084533,1.9991329629043264e-08,rnd,0.01,3,RND (beta=0.01)
78000,0.109,0.0867564102564102,1.0,68,271,259,1.4256926298040265e-08,2.174938974075203e-08,1.4256926298040265e-08,2.174938974075203e-08,2.4531198269303068e-05,3.740526459774473e-05,0.0002773075957284,2.2474999241683945e-08,rnd,0.01,3,RND (beta=0.01)
79000,0.155,0.0876202531645569,1.0,68,271,259,1.64938675964544e-08,3.611168569458863e-08,1.64938675964544e-08,3.611168569458863e-08,2.854132377286503e-05,6.252502860038084e-05,0.000265606546347,2.1669868266016582e-08,rnd,0.01,3,RND (beta=0.01)
80000,0.005,0.0865875,1.0,68,271,259,6.6524153297109485e-09,3.917034311848018e-08,6.6524153297109485e-09,3.917034311848018e-08,1.158469107964226e-05,6.826359867368197e-05,0.0002337586172352,1.9564852339559732e-08,rnd,0.01,3,RND (beta=0.01)
81000,0.005,0.0855802469135802,1.0,68,271,259,1.0526960636525471e-08,3.4596439666624245e-08,1.0526960636525471e-08,3.4596439666624245e-08,1.845179443159652e-05,6.061637772322469e-05,0.0001921110942939,1.6368619982998213e-08,rnd,0.01,3,RND (beta=0.01)
82000,0.005,0.0845975609756097,1.0,68,271,259,1.5672978292968765e-08,3.8682132006072006e-08,1.5672978292968765e-08,3.8682132006072006e-08,2.7635316642030157e-05,6.821836049221975e-05,0.0001658980610063,1.877690891394224e-08,rnd,0.01,3,RND (beta=0.01)
83000,0.005,0.0836385542168674,1.0,68,271,259,1.4513492718748466e-08,2.7815450215825804e-08,1.4513492718748466e-08,2.7815450215825804e-08,2.5746710307880748e-05,4.933399199668838e-05,0.000208377004048,1.9803626805980916e-08,rnd,0.01,3,RND (beta=0.01)
84000,0.061,0.0833690476190476,1.0,68,271,259,7.460681784569719e-09,1.8884779750987404e-08,7.460681784569719e-09,1.8884779750987404e-08,1.3298930066994798e-05,3.369841722678515e-05,0.0001593694041994,1.3586426796496909e-08,rnd,0.01,3,RND (beta=0.01)
85000,0.005,0.0824470588235294,1.0,68,271,259,1.710033670221378e-08,3.6338041927579865e-08,1.710033670221378e-08,3.6338041927579865e-08,3.070908466212401e-05,6.521298820859897e-05,0.0001746100337868,1.5185138279694145e-08,rnd,0.01,3,RND (beta=0.01)
86000,0.005,0.0815465116279069,1.0,68,271,259,1.3527658371259576e-08,2.935838758855616e-07,1.3527658371259576e-08,2.935838758855616e-07,2.4415834568748865e-05,0.0005296605975681,0.000133632973082,1.764658439595834e-08,rnd,0.01,3,RND (beta=0.01)
87000,0.005,0.0806666666666666,1.0,68,271,259,1.1323822590725286e-08,3.436675023220614e-08,1.1323822590725286e-08,3.436675023220614e-08,2.0559339487328465e-05,6.241009734937712e-05,0.0001495813536112,1.9469921268999717e-08,rnd,0.01,3,RND (beta=0.01)
88000,0.01,0.0798636363636363,1.0,68,271,259,1.6858378604212023e-08,4.5859403581440387e-08,1.6858378604212023e-08,4.5859403581440387e-08,3.077302659548881e-05,8.371499601374596e-05,0.0001312299140854,1.8423278902446327e-08,rnd,0.01,3,RND (beta=0.01)
89000,0.01,0.0790786516853932,1.0,68,271,259,1.2627374990081818e-08,4.56063090423988e-08,1.2627374990081818e-08,4.56063090423988e-08,2.317082345721249e-05,8.380481152648092e-05,0.0001353197080306,1.5247273160934326e-08,rnd,0.01,3,RND (beta=0.01)
90000,0.014,0.0783555555555555,1.0,68,271,259,1.7016970055294678e-08,4.5071727819665575e-08,1.7016970055294678e-08,4.5071727819665575e-08,3.140308419728214e-05,8.324244809159165e-05,0.0001426185515128,1.7697361159196844e-08,rnd,0.01,3,RND (beta=0.01)
91000,0.012,0.0776263736263736,1.0,68,271,259,1.5202526867004924e-08,5.2638053774056326e-08,1.5202526867004924e-08,5.2638053774056326e-08,2.8222846833088792e-05,9.758855977466632e-05,0.0001107710739097,1.7186006842084823e-08,rnd,0.01,3,RND (beta=0.01)
92000,0.01,0.076891304347826,1.0,68,271,259,1.8512452992780483e-08,3.959643554410168e-08,1.8512452992780483e-08,3.959643554410168e-08,3.454084769131313e-05,7.39304965661479e-05,0.0001440244739467,1.8351252453641112e-08,rnd,0.01,3,RND (beta=0.01)
93000,0.014,0.0762150537634408,1.0,68,271,259,2.3289818930548123e-08,2.9879256699670266e-08,2.3289818930548123e-08,2.9879256699670266e-08,4.36631606585445e-05,5.609399000047994e-05,0.0001040733271643,1.8030107305389008e-08,rnd,0.01,3,RND (beta=0.01)
94000,0.166,0.0771702127659574,1.0,68,271,259,1.0223549842713496e-08,3.39238536282932e-08,1.0223549842713496e-08,3.39238536282932e-08,1.927820632696552e-05,6.396663772304575e-05,0.0001161184368706,1.3335560891780674e-08,rnd,0.01,3,RND (beta=0.01)
95000,0.011,0.0764736842105263,1.0,68,271,259,2.041200663039821e-08,3.869962866197247e-08,2.041200663039821e-08,3.869962866197247e-08,3.87196890682162e-05,7.341964889689991e-05,0.0001140204429248,1.823904907549689e-08,rnd,0.01,3,RND (beta=0.01)
96000,0.011,0.0757916666666666,1.0,68,271,259,9.912539153137086e-09,2.111772745830486e-08,9.912539153137086e-09,2.111772745830486e-08,1.8894112396998927e-05,4.023626326679976e-05,8.714474995758792e-05,1.3595620401041233e-08,rnd,0.01,3,RND (beta=0.01)
97000,0.01,0.0751134020618556,1.0,68,271,259,2.041096296423461e-08,2.876673843677967e-08,2.041096296423461e-08,2.876673843677967e-08,3.910423565261927e-05,5.515778270999693e-05,0.0001115658776191,1.6071483973867373e-08,rnd,0.01,3,RND (beta=0.01)
98000,0.012,0.074469387755102,1.0,68,271,259,2.0432737279918456e-08,4.994765938095855e-08,2.0432737279918456e-08,4.994765938095855e-08,3.935687359970554e-05,9.61725757836363e-05,0.0001138628564153,1.6505407651301595e-08,rnd,0.01,3,RND (beta=0.01)
99000,0.013,0.0738484848484848,1.0,68,271,259,1.4102895330180532e-08,3.160827183048301e-08,1.4102895330180532e-08,3.160827183048301e-08,2.727829297680917e-05,6.116418422745186e-05,0.0001098916672549,1.4992155359383476e-08,rnd,0.01,3,RND (beta=0.01)
100000,0.081,0.07392,1.0,68,271,259,1.157683702811017e-08,2.8750892453282663e-08,1.157683702811017e-08,2.8750892453282663e-08,2.2524058886243487e-05,5.595135533897313e-05,9.92361081925992e-05,1.4431147298266113e-08,rnd,0.01,3,RND (beta=0.01)
1000,0.153,0.153,0.4117647058823529,28,105,102,0.00656047383372,0.006786378649192,0.00656047383372,0.006786378649192,4.871142887118101,4.916964297066287,0.0068754046224057,0.0067680571228265,rnd,0.01,4,RND (beta=0.01)
2000,0.129,0.141,0.6176470588235294,42,156,149,0.0005978259200779,0.0003330249950244,0.0005978259200779,0.0003330249950244,0.4802765049615113,0.2898856276296184,0.0004931948191806,0.0003430099017605,rnd,0.01,4,RND (beta=0.01)
3000,0.163,0.1483333333333333,0.6176470588235294,42,160,153,2.5788292730604928e-05,2.6089128872208156e-05,2.5788292730604928e-05,2.6089128872208156e-05,0.0079162129267627,0.0080280198112683,0.0007011496013146,2.5563235633853764e-05,rnd,0.01,4,RND (beta=0.01)
4000,0.122,0.14175,0.7205882352941176,49,187,179,9.508907762814429e-06,3.470231093800083e-05,9.508907762814429e-06,3.470231093800083e-05,0.0031193419872905,0.0113931891575158,0.0003365870850248,1.2550447600915505e-05,rnd,0.01,4,RND (beta=0.01)
5000,0.117,0.1368,0.75,51,200,192,4.236998528089565e-06,1.6748502902457934e-05,4.236998528089565e-06,1.6748502902457934e-05,0.0014829179054465,0.0059565726823802,0.0002641241097153,8.134027303412949e-06,rnd,0.01,4,RND (beta=0.01)
6000,0.085,0.1281666666666666,0.9705882352941176,66,248,238,1.952665726053858e-06,2.2729329157160748e-05,1.952665726053858e-06,2.2729329157160748e-05,0.0007562274038315,0.0086981768606657,0.0002191435543063,6.558388134408233e-06,rnd,0.01,4,RND (beta=0.01)
7000,0.069,0.1197142857142857,0.9852941176470588,67,252,242,1.6421761408995392e-06,8.719111307426491e-06,1.6421761408995392e-06,8.719111307426491e-06,0.0006604587659137,0.0035751795154924,0.000189067703417,5.223564099196665e-06,rnd,0.01,4,RND (beta=0.01)
8000,0.137,0.121875,0.9852941176470588,67,252,242,1.17644285919795e-06,4.885483615027436e-06,1.17644285919795e-06,4.885483615027436e-06,0.0005085278789743,0.0021355618695781,0.0001674697779963,3.820198382072704e-06,rnd,0.01,4,RND (beta=0.01)
9000,0.093,0.1186666666666666,0.9852941176470588,67,258,248,9.040419427257744e-07,1.709377803975145e-05,9.040419427257744e-07,1.709377803975145e-05,0.0004178422557302,0.0077514446296714,0.0001474997104232,3.57220492014676e-06,rnd,0.01,4,RND (beta=0.01)
10000,0.172,0.124,0.9852941176470588,67,258,248,7.201854629762914e-07,1.366339563659492e-06,7.201854629762914e-07,1.366339563659492e-06,0.0003442143292902,0.0006547666327513,0.0001355637598535,2.6003747857430427e-06,rnd,0.01,4,RND (beta=0.01)
11000,0.104,0.1221818181818181,0.9852941176470588,67,259,249,5.031253167249343e-07,3.719950161200953e-06,5.031253167249343e-07,3.719950161200953e-06,0.0002533151874886,0.0018707017779082,0.0001201794250355,1.95909215580059e-06,rnd,0.01,4,RND (beta=0.01)
12000,0.135,0.12325,0.9852941176470588,67,259,249,4.459452802157776e-07,1.0222517741749605e-06,4.459452802157776e-07,1.0222517741749605e-06,0.0002315236706884,0.0005365127840563,0.0001126661999551,1.5286362572624055e-06,rnd,0.01,4,RND (beta=0.01)
13000,0.121,0.123076923076923,0.9852941176470588,67,259,249,2.976140062841755e-07,8.0818054065521e-07,2.976140062841755e-07,8.0818054065521e-07,0.0001616320221538,0.0004405081097998,0.0001012754833172,1.156829084806077e-06,rnd,0.01,4,RND (beta=0.01)
14000,0.194,0.1281428571428571,0.9852941176470588,67,259,249,2.789069386532208e-07,1.9914955192957654e-07,2.789069386532208e-07,1.9914955192957654e-07,0.0001566707137883,0.0001114124751388,9.372485539097395e-05,9.135456456021984e-07,rnd,0.01,4,RND (beta=0.01)
15000,0.153,0.1298,0.9852941176470588,67,259,249,2.160280070094347e-07,5.518180593951352e-07,2.160280070094347e-07,5.518180593951352e-07,0.0001246602529776,0.0003212874820593,9.028135522748924e-05,7.443162796363368e-07,rnd,0.01,4,RND (beta=0.01)
16000,0.186,0.1333125,0.9852941176470588,67,259,249,1.9540813018349864e-07,4.928684138752478e-07,1.9540813018349864e-07,4.928684138752478e-07,0.0001165678902524,0.0002969311735823,8.405032859081985e-05,6.242073427529249e-07,rnd,0.01,4,RND (beta=0.01)
17000,0.124,0.1327647058823529,0.9852941176470588,67,259,249,1.5272713746013774e-07,4.125578108301137e-07,1.5272713746013774e-07,4.125578108301137e-07,9.358779931275604e-05,0.0002554883753722,7.924005401218892e-05,5.40994803586159e-07,rnd,0.01,4,RND (beta=0.01)
18000,0.148,0.1336111111111111,0.9852941176470588,67,259,249,1.4960301768567394e-07,8.046742946290506e-07,1.4960301768567394e-07,8.046742946290506e-07,9.474135301005728e-05,0.0005086358538964,7.349846631404943e-05,4.667179071446981e-07,rnd,0.01,4,RND (beta=0.01)
19000,0.117,0.1327368421052631,0.9852941176470588,67,259,249,1.0332943408031545e-07,3.15071401328296e-07,1.0332943408031545e-07,3.15071401328296e-07,6.712171767999704e-05,0.0002035388061962,7.990818608504923e-05,4.118764644971407e-07,rnd,0.01,4,RND (beta=0.01)
20000,0.165,0.13435,0.9852941176470588,67,259,249,1.0039239736091657e-07,2.613778573390336e-07,1.0039239736091657e-07,2.613778573390336e-07,6.688991442061832e-05,0.0001725020673941,7.519159740422766e-05,3.6209832427402956e-07,rnd,0.01,4,RND (beta=0.01)
21000,0.049,0.1302857142857142,0.9852941176470588,67,261,251,9.482560456580805e-08,8.45634487648589e-07,9.482560456580805e-08,8.45634487648589e-07,6.441903545045656e-05,0.0005721347462135,7.495708584792738e-05,3.424866910748392e-07,rnd,0.01,4,RND (beta=0.01)
22000,0.068,0.1274545454545454,0.9852941176470588,67,261,251,8.851342952704714e-08,1.3243577292808386e-07,8.851342952704714e-08,1.3243577292808386e-07,6.160910777966583e-05,9.159839775136238e-05,7.995911311945747e-05,2.937529019177987e-07,rnd,0.01,4,RND (beta=0.01)
23000,0.148,0.1283478260869565,0.9852941176470588,67,261,251,6.757630147950215e-08,2.466545706064195e-07,6.757630147950215e-08,2.466545706064195e-07,4.798825349740629e-05,0.0001753300052712,8.124983603738656e-05,2.718556545104889e-07,rnd,0.01,4,RND (beta=0.01)
24000,0.146,0.1290833333333333,0.9852941176470588,67,261,251,6.689953083438256e-08,4.796376604656896e-08,6.689953083438256e-08,4.796376604656896e-08,4.8385328829815656e-05,3.4805029353668845e-05,7.428992283166736e-05,2.413920809800629e-07,rnd,0.01,4,RND (beta=0.01)
25000,0.119,0.12868,0.9852941176470588,67,261,251,5.5370921681530324e-08,5.135582897420999e-08,5.5370921681530324e-08,5.135582897420999e-08,4.1028342655747486e-05,3.797884325727367e-05,7.482320953749877e-05,2.0502278624690009e-07,rnd,0.01,4,RND (beta=0.01)
26000,0.149,0.1294615384615384,0.9852941176470588,67,261,251,5.2487455491531904e-08,1.2545926810036526e-07,5.2487455491531904e-08,1.2545926810036526e-07,3.953957303709834e-05,9.515240602339804e-05,7.332601211373913e-05,1.8848292336315356e-07,rnd,0.01,4,RND (beta=0.01)
27000,0.092,0.128074074074074,0.9852941176470588,67,261,251,4.0723834951582265e-08,1.1929371721974884e-07,4.0723834951582265e-08,1.1929371721974884e-07,3.1363359702588e-05,9.158171372245787e-05,7.394876292664776e-05,1.708989756856738e-07,rnd,0.01,4,RND (beta=0.01)
28000,0.195,0.1304642857142857,0.9852941176470588,67,261,251,5.036777400627776e-08,3.154373525170802e-08,5.036777400627776e-08,3.154373525170802e-08,3.935864804273509e-05,2.466556295509968e-05,8.609090419304266e-05,1.589521478031486e-07,rnd,0.01,4,RND (beta=0.01)
29000,0.11,0.1297586206896551,0.9852941176470588,67,261,251,4.8989711665115014e-08,3.749311111436071e-07,4.8989711665115014e-08,3.749311111436071e-07,3.9016482557555405e-05,0.0002972673888613,8.629085204938747e-05,1.482702015529469e-07,rnd,0.01,4,RND (beta=0.01)
30000,0.193,0.1318666666666666,0.9852941176470588,67,261,251,4.437591676273804e-08,7.311141655131933e-08,4.437591676273804e-08,7.311141655131933e-08,3.590956385478132e-05,5.902104490917326e-05,9.997344392286324e-05,1.414911803578889e-07,rnd,0.01,4,RND (beta=0.01)
31000,0.1,0.1308387096774193,0.9852941176470588,67,261,251,3.8454393536113686e-08,4.602541343453244e-08,3.8454393536113686e-08,4.602541343453244e-08,3.15514322706963e-05,3.776872187544211e-05,0.0001163692348745,1.2182488987377837e-07,rnd,0.01,4,RND (beta=0.01)
32000,0.166,0.1319375,0.9852941176470588,67,261,251,3.9136808128953176e-08,1.786521592138143e-07,3.9136808128953176e-08,1.786521592138143e-07,3.26012067042924e-05,0.0001493578984658,0.0001334214968483,1.2495835524717336e-07,rnd,0.01,4,RND (beta=0.01)
33000,0.045,0.1293030303030303,0.9852941176470588,67,262,252,4.0844827806394186e-08,8.235181574694033e-07,4.0844827806394186e-08,8.235181574694033e-07,3.4668716440484555e-05,0.0007001478781367,0.0001620351018464,1.1893051200395633e-07,rnd,0.01,4,RND (beta=0.01)
34000,0.028,0.1263235294117647,0.9852941176470588,67,262,252,5.6668906139074286e-08,2.7617022232778844e-07,5.6668906139074286e-08,2.7617022232778844e-07,4.860487346359524e-05,0.0002367448427411,0.0001830768281224,1.3312420905720046e-07,rnd,0.01,4,RND (beta=0.01)
35000,0.05,0.1241428571428571,0.9852941176470588,67,262,252,3.420830587685941e-08,5.068714336908224e-07,3.420830587685941e-08,5.068714336908224e-07,2.9801849650454392e-05,0.0004421130005329,0.0002137904685569,1.2031450476257532e-07,rnd,0.01,4,RND (beta=0.01)
36000,0.056,0.12225,0.9852941176470588,67,263,253,3.9179504624747055e-08,5.115051210675041e-07,3.9179504624747055e-08,5.115051210675041e-07,3.4589262105362185e-05,0.0004538125584489,0.0002846016606636,1.2733229684513957e-07,rnd,0.01,4,RND (beta=0.01)
37000,0.032,0.1198108108108108,1.0,68,267,256,3.609620818911807e-08,1.5501418043298274e-06,3.609620818911807e-08,1.5501418043298274e-06,3.230382344604092e-05,0.0013831006470933,0.0002933335393499,1.549752178036101e-07,rnd,0.01,4,RND (beta=0.01)
38000,0.07,0.1185,1.0,68,267,256,3.389297752929922e-08,2.0996739350102773e-07,3.389297752929922e-08,2.0996739350102773e-07,3.0804033298136484e-05,0.0001907039865053,0.0002988895094422,1.2541938717092193e-07,rnd,0.01,4,RND (beta=0.01)
39000,0.08,0.1175128205128205,1.0,68,267,256,3.381381934453031e-08,1.9201674874665904e-07,3.381381934453031e-08,1.9201674874665904e-07,3.10801178990389e-05,0.0001766602604913,0.0003199348155903,1.3915719981838493e-07,rnd,0.01,4,RND (beta=0.01)
40000,0.038,0.115525,1.0,68,267,256,3.0413077717047315e-08,2.021365481991409e-07,3.0413077717047315e-08,2.021365481991409e-07,2.836150568255949e-05,0.0001887060545052,0.0002980610228369,1.0958065275445961e-07,rnd,0.01,4,RND (beta=0.01)
41000,0.067,0.1143414634146341,1.0,68,267,256,3.8382816208963764e-08,1.082378197616542e-07,3.8382816208963764e-08,1.082378197616542e-07,3.6171852125451706e-05,0.000102127878388,0.0003586208592168,1.185622801855857e-07,rnd,0.01,4,RND (beta=0.01)
42000,0.499,0.1235,1.0,68,267,256,2.6369055333830518e-08,5.3219583045218125e-08,2.6369055333830518e-08,5.3219583045218125e-08,2.5182220226349527e-05,5.072177475916124e-05,0.0003201103334831,9.755248942866503e-08,rnd,0.01,4,RND (beta=0.01)
43000,0.237,0.1261395348837209,1.0,68,268,256,3.7236738047438484e-08,2.004434406360276e-06,3.7236738047438484e-08,2.004434406360276e-06,3.597667475365393e-05,0.0019364491045786,0.000299155131086,1.0946565178571177e-07,rnd,0.01,4,RND (beta=0.01)
44000,0.09,0.1253181818181818,1.0,68,268,256,4.1021554646963274e-08,1.139666215111101e-06,4.1021554646963274e-08,1.139666215111101e-06,4.0033021470793e-05,0.0011108451755428,0.0003565416231103,1.201518622568898e-07,rnd,0.01,4,RND (beta=0.01)
45000,0.023,0.1230444444444444,1.0,68,268,256,3.8610054786186974e-08,8.932408308386582e-07,3.8610054786186974e-08,8.932408308386582e-07,3.8039739124393694e-05,0.0008824807130643,0.0003624968677031,1.2308008681394258e-07,rnd,0.01,4,RND (beta=0.01)
46000,0.042,0.1212826086956521,1.0,68,268,256,3.385365255850626e-08,1.3627706370205592e-06,3.385365255850626e-08,1.3627706370205592e-06,3.3805034731636145e-05,0.0013629601319634,0.0004309820090529,1.1845266726595584e-07,rnd,0.01,4,RND (beta=0.01)
47000,0.008,0.1188723404255319,1.0,68,268,256,2.852386793428252e-08,3.182093825069001e-07,2.852386793428252e-08,3.182093825069001e-07,2.875708631302293e-05,0.0003197346992888,0.0004451221359377,1.225475161135137e-07,rnd,0.01,4,RND (beta=0.01)
48000,0.014,0.1166875,1.0,68,268,256,3.9840471747051454e-08,2.242418004206694e-07,3.9840471747051454e-08,2.242418004206694e-07,4.054776588360326e-05,0.0002283275056199,0.0004216785172102,1.0895506397901045e-07,rnd,0.01,4,RND (beta=0.01)
49000,0.014,0.1145918367346938,1.0,68,268,256,3.544106024528608e-08,4.349293416568435e-07,3.544106024528608e-08,4.349293416568435e-07,3.6513244621483295e-05,0.0004475016819181,0.0003617317779971,9.670171575848485e-08,rnd,0.01,4,RND (beta=0.01)
50000,0.091,0.11412,1.0,68,268,256,4.166955321941409e-08,1.805871317449189e-07,4.166955321941409e-08,1.805871317449189e-07,4.332830494464295e-05,0.000187739253199,0.0003375921291662,9.436501957438281e-08,rnd,0.01,4,RND (beta=0.01)
51000,0.013,0.1121372549019607,1.0,68,268,256,2.6434636633500585e-08,1.333498035245338e-07,2.6434636633500585e-08,1.333498035245338e-07,2.771793637161421e-05,0.0001398140709223,0.0002460068018526,8.92478774368044e-08,rnd,0.01,4,RND (beta=0.01)
52000,0.006,0.1100961538461538,1.0,68,268,256,1.826952381970652e-08,3.544963400330977e-07,1.826952381970652e-08,3.544963400330977e-07,1.9379946739522616e-05,0.0003757186083012,0.0002372433316186,8.213641593890488e-08,rnd,0.01,4,RND (beta=0.01)
53000,0.01,0.1082075471698113,1.0,68,268,256,3.8768250476550755e-08,2.0894606932834773e-07,3.8768250476550755e-08,2.0894606932834773e-07,4.148882754045418e-05,0.0002235076153577,0.000214761071541,8.629371486001959e-08,rnd,0.01,4,RND (beta=0.01)
54000,0.014,0.1064629629629629,1.0,68,268,256,2.960982494114108e-08,6.740583823483481e-07,2.960982494114108e-08,6.740583823483481e-07,3.19102945720628e-05,0.0007282445258596,0.0001941635899606,8.014923026600229e-08,rnd,0.01,4,RND (beta=0.01)
55000,0.054,0.1055090909090909,1.0,68,268,256,2.2349296800059536e-08,8.994554648845658e-08,2.2349296800059536e-08,8.994554648845658e-08,2.436180303150787e-05,9.797541546352798e-05,0.0002005640497764,7.800672995728065e-08,rnd,0.01,4,RND (beta=0.01)
56000,0.132,0.1059821428571428,1.0,68,268,256,2.3491377375326337e-08,4.753042427480314e-07,2.3491377375326337e-08,4.753042427480314e-07,2.58294693361137e-05,0.0005226363162169,0.0002113654537024,7.467442973840832e-08,rnd,0.01,4,RND (beta=0.01)
57000,0.132,0.106438596491228,1.0,68,268,256,3.1682118013251576e-08,1.514178368654155e-07,3.1682118013251576e-08,1.514178368654155e-07,3.5135207577059174e-05,0.00016782735202,0.0001803206321656,7.060714079365482e-08,rnd,0.01,4,RND (beta=0.01)
58000,0.105,0.1064137931034482,1.0,68,268,256,1.7403895949793682e-08,1.1427257562399322e-07,1.7403895949793682e-08,1.1427257562399322e-07,1.948218254931401e-05,0.0001275958242871,0.0001769512488381,6.834543179046194e-08,rnd,0.01,4,RND (beta=0.01)
59000,0.031,0.1051355932203389,1.0,68,268,256,2.3533246176138925e-08,4.957645583085579e-07,2.3533246176138925e-08,4.957645583085579e-07,2.6516046988299592e-05,0.0005598168314827,0.0002017950307099,6.567329298157178e-08,rnd,0.01,4,RND (beta=0.01)
60000,0.035,0.1039666666666666,1.0,68,268,256,2.1900508479737773e-08,1.2470912364175176e-07,2.1900508479737773e-08,1.2470912364175176e-07,2.4934959961141623e-05,0.0001416629711945,0.0001669693679409,6.504225068404425e-08,rnd,0.01,4,RND (beta=0.01)
61000,0.013,0.1024754098360655,1.0,68,268,256,1.295507154544304e-08,7.981982369762401e-08,1.295507154544304e-08,7.981982369762401e-08,1.4875760789413624e-05,9.134678776941874e-05,0.0001897098871731,5.980588611187444e-08,rnd,0.01,4,RND (beta=0.01)
62000,0.029,0.1012903225806451,1.0,68,268,256,1.4547544624870877e-08,4.7983407541848976e-08,1.4547544624870877e-08,4.7983407541848976e-08,1.6834976618262496e-05,5.551456644417404e-05,0.0001865002925867,5.557457178007041e-08,rnd,0.01,4,RND (beta=0.01)
63000,0.082,0.1009841269841269,1.0,68,268,256,1.979766599980164e-08,8.90219930422399e-08,1.979766599980164e-08,8.90219930422399e-08,2.310187286426447e-05,0.0001038144037274,0.0001679287472206,5.380228101081741e-08,rnd,0.01,4,RND (beta=0.01)
64000,0.031,0.099890625,1.0,68,268,256,1.6854021261051898e-08,2.7087856973870266e-08,1.6854021261051898e-08,2.7087856973870266e-08,1.980096746784717e-05,3.18341857963156e-05,0.0001968312101244,5.287533930342647e-08,rnd,0.01,4,RND (beta=0.01)
65000,0.034,0.098876923076923,1.0,68,268,256,1.4495811753559785e-08,1.9661127751863734e-08,1.4495811753559785e-08,1.9661127751863734e-08,1.71408541688571e-05,2.327175762983481e-05,0.0001841641869459,4.5814231807383984e-08,rnd,0.01,4,RND (beta=0.01)
66000,0.024,0.0977424242424242,1.0,68,268,256,1.4577513122541557e-08,4.6488476461368806e-08,1.4577513122541557e-08,4.6488476461368806e-08,1.738441582171463e-05,5.551361252727378e-05,0.000201819065744,4.596717366567305e-08,rnd,0.01,4,RND (beta=0.01)
67000,0.128,0.0981940298507462,1.0,68,268,256,1.2816006887683697e-08,4.1658124314538255e-08,1.2816006887683697e-08,4.1658124314538255e-08,1.5418010682006075e-05,5.005499808560894e-05,0.0002017226203433,4.2586563168356407e-08,rnd,0.01,4,RND (beta=0.01)
68000,0.036,0.0972794117647058,1.0,68,268,256,3.2001679035115813e-08,8.794913077851069e-08,3.2001679035115813e-08,8.794913077851069e-08,3.875695532496637e-05,0.000106322535796,0.0002085464914821,4.4899184779900745e-08,rnd,0.01,4,RND (beta=0.01)
69000,0.454,0.1024492753623188,1.0,68,268,256,3.2231052184512505e-08,4.165878844084617e-08,3.2231052184512505e-08,4.165878844084617e-08,3.9346232413317947e-05,5.071658005390183e-05,0.0001924047301856,4.1691290649126246e-08,rnd,0.01,4,RND (beta=0.01)
70000,0.009,0.1011142857142857,1.0,68,268,256,1.2361863532817097e-08,2.0034730438844773e-08,1.2361863532817097e-08,2.0034730438844773e-08,1.5162178895727352e-05,2.4607487272282677e-05,0.000230088160285,4.100627940228918e-08,rnd,0.01,4,RND (beta=0.01)
71000,0.065,0.1006056338028169,1.0,68,268,256,1.3066222982215638e-08,4.505946032505021e-08,1.3066222982215638e-08,4.505946032505021e-08,1.6171326903167793e-05,5.564470260862098e-05,0.0002117031285038,3.785974555015059e-08,rnd,0.01,4,RND (beta=0.01)
72000,0.011,0.0993611111111111,1.0,68,268,256,1.1183130340955668e-08,2.021752757164612e-08,1.1183130340955668e-08,2.021752757164612e-08,1.3943120974102504e-05,2.5181844456294467e-05,0.0002253418234213,3.35135349667226e-08,rnd,0.01,4,RND (beta=0.01)
73000,0.065,0.0988904109589041,1.0,68,268,256,1.6098418447868953e-08,2.7762441395825222e-08,1.6098418447868953e-08,2.7762441395825222e-08,2.0162512495717523e-05,3.480108336093687e-05,0.000235378304188,3.3392105725837954e-08,rnd,0.01,4,RND (beta=0.01)
74000,0.029,0.0979459459459459,1.0,68,268,256,1.787460348317158e-08,8.08262291411427e-08,1.787460348317158e-08,8.08262291411427e-08,2.253895167728596e-05,0.0001019419034172,0.0002286068581388,3.286694054960293e-08,rnd,0.01,4,RND (beta=0.01)
75000,0.014,0.0968266666666666,1.0,68,268,256,1.8739506644850837e-08,8.097054251744084e-08,1.8739506644850837e-08,8.097054251744084e-08,2.3796485384616977e-05,0.0001028687333609,0.0002446976323158,3.441999316944333e-08,rnd,0.01,4,RND (beta=0.01)
76000,0.016,0.0957631578947368,1.0,68,268,256,1.4590340102760281e-08,8.134122144858115e-08,1.4590340102760281e-08,8.134122144858115e-08,1.862007848035276e-05,0.0001040807509107,0.0002694334906686,3.195909942910191e-08,rnd,0.01,4,RND (beta=0.01)
77000,0.009,0.0946363636363636,1.0,68,268,256,1.3276804396629892e-08,4.364910338049983e-08,1.3276804396629892e-08,4.364910338049983e-08,1.7085228831567098e-05,5.613113803945929e-05,0.0002545189179199,3.276144056307828e-08,rnd,0.01,4,RND (beta=0.01)
78000,0.038,0.0939102564102564,1.0,68,268,256,1.6413159521558453e-08,4.2157076805875645e-08,1.6413159521558453e-08,4.2157076805875645e-08,2.1231128560350737e-05,5.461329093909654e-05,0.0002755015689458,3.2135574145719664e-08,rnd,0.01,4,RND (beta=0.01)
79000,0.01,0.0928481012658227,1.0,68,268,256,1.1398260557626829e-08,6.963384357747211e-08,1.1398260557626829e-08,6.963384357747211e-08,1.4848148912850268e-05,9.076188416246912e-05,0.0002880563585213,2.9603883312745443e-08,rnd,0.01,4,RND (beta=0.01)
80000,0.492,0.0978375,1.0,68,268,256,1.2210113247489376e-08,1.7159762397112382e-08,1.2210113247489376e-08,1.7159762397112382e-08,1.6024836624451287e-05,2.2506954867521343e-05,0.0002515767452446,2.8002936472759646e-08,rnd,0.01,4,RND (beta=0.01)
81000,0.135,0.0982962962962963,1.0,68,268,256,3.2280800939306406e-08,2.4932547258370917e-08,3.2280800939306406e-08,2.4932547258370917e-08,4.257377183307168e-05,3.289894035504616e-05,0.0002599573533484,2.749410137115049e-08,rnd,0.01,4,RND (beta=0.01)
82000,0.049,0.0976951219512195,1.0,68,268,256,2.6866303195754894e-08,1.82473861194578e-08,2.6866303195754894e-08,1.82473861194578e-08,3.56764630397523e-05,2.4234572563940943e-05,0.0002708946006298,2.571345636503963e-08,rnd,0.01,4,RND (beta=0.01)
83000,0.031,0.0968915662650602,1.0,68,268,256,2.7119201307540713e-08,3.637052365024516e-08,2.7119201307540713e-08,3.637052365024516e-08,3.624346389310242e-05,4.860548841514364e-05,0.0002534859701613,2.7713826605602064e-08,rnd,0.01,4,RND (beta=0.01)
84000,0.036,0.0961666666666666,1.0,68,268,256,3.7043733599103255e-08,4.663243758705892e-08,3.7043733599103255e-08,4.663243758705892e-08,4.97990842174485e-05,6.272103945313302e-05,0.0002550614775013,2.70854156725342e-08,rnd,0.01,4,RND (beta=0.01)
85000,0.127,0.0965294117647058,1.0,68,268,256,2.4891743210812865e-08,3.190202508590201e-08,2.4891743210812865e-08,3.190202508590201e-08,3.3710739708525295e-05,4.31534692765049e-05,0.0002220931575798,2.265534536327607e-08,rnd,0.01,4,RND (beta=0.01)
86000,0.017,0.0956046511627907,1.0,68,268,256,3.99954695245028e-08,3.70033615583263e-08,3.99954695245028e-08,3.70033615583263e-08,5.4361014354096914e-05,5.030139600271921e-05,0.0003048612595766,2.1714940581230025e-08,rnd,0.01,4,RND (beta=0.01)
87000,0.032,0.0948735632183908,1.0,68,268,256,1.6693199184070195e-08,2.993209448572155e-08,1.6693199184070195e-08,2.993209448572155e-08,2.2825971449730323e-05,4.091921863482902e-05,0.0002411523437422,2.1722411401192688e-08,rnd,0.01,4,RND (beta=0.01)
88000,0.093,0.0948522727272727,1.0,68,268,256,1.4784318092345242e-08,3.0635901622734065e-08,1.4784318092345242e-08,3.0635901622734065e-08,2.0336316425852527e-05,4.213066556368629e-05,0.0002633656805826,2.2185000432273232e-08,rnd,0.01,4,RND (beta=0.01)
89000,0.04,0.0942359550561797,1.0,68,268,256,1.0977834913328266e-08,1.2079526747153328e-08,1.0977834913328266e-08,1.2079526747153328e-08,1.51837108727346e-05,1.6708374676463283e-05,0.0002787003994972,2.0965680021856062e-08,rnd,0.01,4,RND (beta=0.01)
90000,0.027,0.0934888888888888,1.0,68,268,256,1.2817355621308481e-08,2.017192836839492e-08,1.2817355621308481e-08,2.017192836839492e-08,1.7825867918938866e-05,2.804540854723107e-05,0.0002804784871132,2.32039851923993e-08,rnd,0.01,4,RND (beta=0.01)
91000,0.098,0.0935384615384615,1.0,68,268,256,1.3910937247923461e-08,1.7036079650083242e-08,1.3910937247923461e-08,1.7036079650083242e-08,1.947478848010289e-05,2.3849858448209997e-05,0.0002979077503418,1.740203749722724e-08,rnd,0.01,4,RND (beta=0.01)
92000,0.037,0.0929239130434782,1.0,68,268,256,1.6133749390521867e-08,1.6089999823556668e-08,1.6133749390521867e-08,1.6089999823556668e-08,2.2659096342518654e-05,2.2626359003659103e-05,0.000263462930835,2.104268593416947e-08,rnd,0.01,4,RND (beta=0.01)
93000,0.632,0.0987204301075268,1.0,68,268,256,2.089439949540707e-08,1.7238634223595478e-08,2.089439949540707e-08,1.7238634223595478e-08,2.9533620350631856e-05,2.435815330506401e-05,0.0002333347749772,2.0103374107183213e-08,rnd,0.01,4,RND (beta=0.01)
94000,0.051,0.0982127659574468,1.0,68,268,256,1.4484263087396976e-08,1.3058049446558653e-08,1.4484263087396976e-08,1.3058049446558653e-08,2.0575168136426066e-05,1.8559232735460115e-05,0.0002844186685534,1.8997174233259527e-08,rnd,0.01,4,RND (beta=0.01)
95000,0.164,0.0989052631578947,1.0,68,268,256,9.131491369961955e-09,1.1625087960446964e-08,9.131491369961955e-09,1.1625087960446964e-08,1.3050473387793795e-05,1.6602310546403728e-05,0.0002902613033879,1.7418504740129848e-08,rnd,0.01,4,RND (beta=0.01)
96000,0.048,0.098375,1.0,68,268,256,1.0635284861115757e-08,1.1402069874867556e-08,1.0635284861115757e-08,1.1402069874867556e-08,1.5280966978786732e-05,1.637566951779501e-05,0.0002923296705266,1.785098709605748e-08,rnd,0.01,4,RND (beta=0.01)
97000,0.2,0.0994226804123711,1.0,68,268,256,2.2861050485989413e-08,1.2579341026747182e-08,2.2861050485989413e-08,1.2579341026747182e-08,3.3035301659212534e-05,1.8149294958066023e-05,0.0002566732135351,1.7239403673707797e-08,rnd,0.01,4,RND (beta=0.01)
98000,0.09,0.0993265306122449,1.0,68,268,256,1.0988209216596564e-08,1.0895408361236543e-08,1.0988209216596564e-08,1.0895408361236543e-08,1.594418382271575e-05,1.581099202264261e-05,0.0002547846531343,1.6015121678814027e-08,rnd,0.01,4,RND (beta=0.01)
99000,0.072,0.099050505050505,1.0,68,268,256,8.321744639062779e-09,1.0289548717498177e-08,8.321744639062779e-09,1.0289548717498177e-08,1.2136377066775688e-05,1.5005506270351856e-05,0.0002270112221222,1.5401994825747783e-08,rnd,0.01,4,RND (beta=0.01)
100000,0.061,0.09867,1.0,68,268,256,9.774580463789702e-09,1.203267661417494e-08,9.774580463789702e-09,1.203267661417494e-08,1.433257308709406e-05,1.7639913390435652e-05,0.0002922434618312,1.660488788335357e-08,rnd,0.01,4,RND (beta=0.01)
