episode,end_step,length,extrinsic_return,shaped_return,success,tv_fraction
0,200,200,0.0,0.0,0,0.24
1,400,200,0.0,0.0,0,0.12
2,600,200,0.0,0.0,0,0.215
3,800,200,0.0,0.0,0,0.1
4,1000,200,0.0,0.0,0,0.125
5,1200,200,0.0,8.153263543657376,0,0.27
6,1400,200,0.0,5.3437052401518965,0,0.135
7,1600,200,0.0,4.481688124312617,0,0.005
8,1800,200,0.0,4.069130318578851,0,0.175
9,2000,200,0.0,3.9738759819251843,0,0.045
10,2200,200,0.0,0.004328109084299271,0,0.255
11,2400,200,0.0,0.008462944374075305,0,0.15
12,2600,200,0.0,0.010679163096848852,0,0.11
13,2800,200,0.0,0.017973567767878663,0,0.015
14,3000,200,0.0,0.018123320111432657,0,0.235
15,3200,200,0.0,0.000732474675113372,0,0.175
16,3400,200,0.0,0.00363640962272564,0,0.14
17,3600,200,0.0,0.004359567741016797,0,0.175
18,3800,200,0.0,0.0049364705038426725,0,0.17
19,4000,200,0.0,0.008023973837161916,0,0.1
20,4200,200,0.0,0.0013016729956069738,0,0.015
21,4400,200,0.0,0.00395704004805707,0,0.16
22,4600,200,0.0,0.0017832135557221543,0,0.165
23,4800,200,0.0,0.002678785567684447,0,0.065
24,5000,200,0.0,0.006633372482580373,0,0.01
25,5188,188,0.15400000000000003,0.15489996731956687,1,0.010638297872340425
26,5388,200,0.0,0.0006993729792515314,0,0.215
27,5588,200,0.0,0.0028654511655954486,0,0.085
28,5788,200,0.0,0.0025053955929595457,0,0.1
29,5988,200,0.0,0.00516109282908344,0,0.005
30,6188,200,0.0,0.000264816097599392,0,0.1
31,6388,200,0.0,0.002076555879615732,0,0.09
32,6588,200,0.0,0.0022265267271902515,0,0.065
33,6788,200,0.0,0.0008198179903982746,0,0.295
34,6988,200,0.0,0.0024524283936319734,0,0.05
35,7188,200,0.0,0.0009716284464952075,0,0.05
36,7388,200,0.0,0.0002402976630090154,0,0.125
37,7588,200,0.0,0.0006426513610281457,0,0.14
38,7788,200,0.0,0.0010319577813865915,0,0.1
39,7988,200,0.0,0.0006640035477487598,0,0.225
40,8188,200,0.0,0.0003701825042609893,0,0.17
41,8310,122,0.45099999999999996,0.45150636459929866,1,0.2459016393442623
42,8443,133,0.40149999999999997,0.4018810048213969,1,0.09774436090225563
43,8643,200,0.0,0.0016065386963027123,0,0.315
44,8843,200,0.0,0.00099811556410484,0,0.39
45,9043,200,0.0,0.0010972032622095973,0,0.12
46,9243,200,0.0,0.0002967498276572372,0,0.165
47,9345,102,0.5409999999999999,0.5411366025087344,1,0.049019607843137254
48,9545,200,0.0,0.0005106494227381631,0,0.025
49,9745,200,0.0,0.0006690204071499802,0,0.03
50,9945,200,0.0,0.0004133384097245962,0,0.135
51,10145,200,0.0,0.0005188676784185085,0,0.03
52,10345,200,0.0,0.00030901711754322794,0,0.295
53,10545,200,0.0,0.0008739643479676604,0,0.18
54,10745,200,0.0,0.0006816436804574362,0,0.32
55,10945,200,0.0,0.0003747063130970729,0,0.095
56,11145,200,0.0,0.0003090702051484499,0,0.005
57,11345,200,0.0,0.00020766217867849824,0,0.145
58,11545,200,0.0,0.0007836539434219716,0,0.055
59,11745,200,0.0,0.0003698700562461074,0,0.285
60,11945,200,0.0,0.0004305622246134794,0,0.285
61,12145,200,0.0,0.0003324271960184561,0,0.3
62,12345,200,0.0,0.0002886442294675308,0,0.27
63,12545,200,0.0,0.00017944313685632287,0,0.015
64,12745,200,0.0,0.0004233276302611235,0,0.315
65,12945,200,0.0,0.0004297160832742755,0,0.165
66,13145,200,0.0,0.00018370054669740004,0,0.275
67,13345,200,0.0,0.00029738351604372313,0,0.335
68,13545,200,0.0,0.0002771353507704737,0,0.135
69,13745,200,0.0,0.00043071617166960517,0,0.33
70,13945,200,0.0,0.00033382733681609913,0,0.28
71,14145,200,0.0,0.00025209245304968136,0,0.335
72,14345,200,0.0,0.00015360250888718418,0,0.22
73,14545,200,0.0,0.0002755282543378069,0,0.39
74,14745,200,0.0,0.00031425675019169176,0,0.325
75,14945,200,0.0,0.00038883290929961144,0,0.065
76,15145,200,0.0,0.00023568661752179851,0,0.315
77,15345,200,0.0,0.00038320281214826224,0,0.45
78,15545,200,0.0,0.00032090973974567495,0,0.3
79,15745,200,0.0,0.00026335223698248475,0,0.165
80,15945,200,0.0,0.0006173353951996728,0,0.485
81,16145,200,0.0,0.000217188243904162,0,0.23
82,16345,200,0.0,0.00034713483252187915,0,0.395
83,16545,200,0.0,0.00023601122663242485,0,0.045
84,16745,200,0.0,0.0002647131408361444,0,0.27
85,16945,200,0.0,0.0002523305079455928,0,0.31
86,17027,82,0.631,0.6312838657587454,1,0.07317073170731707
87,17227,200,0.0,0.00013678149259897928,0,0.15
88,17325,98,0.5589999999999999,0.559367948546562,1,0.04081632653061224
89,17525,200,0.0,0.0003513708167457715,0,0.47
90,17725,200,0.0,0.00024866720879526926,0,0.255
91,17925,200,0.0,0.00034072157205693946,0,0.35
92,18125,200,0.0,0.0002646756936139743,0,0.355
93,18325,200,0.0,0.0002161284483512598,0,0.33
94,18464,139,0.37450000000000006,0.37461778183954664,1,0.15827338129496402
95,18664,200,0.0,0.00028637216128228377,0,0.31
96,18864,200,0.0,0.00047091701979634995,0,0.42
97,19064,200,0.0,0.0003372410200331557,0,0.37
98,19264,200,0.0,0.00037863359836611183,0,0.375
99,19464,200,0.0,0.00015043736368216875,0,0.19
100,19664,200,0.0,0.0004105011293343276,0,0.16
101,19864,200,0.0,0.0004243100805778373,0,0.48
102,20064,200,0.0,0.00026503956582543117,0,0.37
103,20264,200,0.0,0.00021553578404067913,0,0.24
104,20464,200,0.0,0.0003791552915609015,0,0.48
105,20664,200,0.0,0.0005075061556252652,0,0.57
106,20864,200,0.0,0.0003721367422547661,0,0.385
107,21064,200,0.0,0.00014569645762908256,0,0.25
108,21264,200,0.0,0.00024234525632647617,0,0.4
109,21291,27,0.8785,0.8785096160829621,1,0.037037037037037035
110,21491,200,0.0,0.0004882359634077924,0,0.56
111,21691,200,0.0,0.00032781953370295816,0,0.44
112,21764,73,0.6715,0.671714645704908,1,0.1232876712328767
113,21964,200,0.0,0.00042968647523427395,0,0.575
114,21998,34,0.847,0.8470919194572988,1,0.08823529411764706
115,22022,24,0.892,0.8920138821501487,1,0.041666666666666664
116,22222,200,0.0,0.00026109526743142106,0,0.275
117,22380,158,0.2889999999999999,0.2891144171796396,1,0.08860759493670886
118,22580,200,0.0,0.00030833500597497417,0,0.375
119,22780,200,0.0,0.0004695990335041782,0,0.51
120,22980,200,0.0,0.00013163030584707397,0,0.13
121,23109,129,0.4195,0.4198142459934907,1,0.34108527131782945
122,23193,84,0.622,0.622093214760444,1,0.07142857142857142
123,23233,40,0.82,0.8200341239687379,1,0.275
124,23261,28,0.874,0.8740348033466849,1,0.10714285714285714
125,23461,200,0.0,0.00024505644892331145,0,0.22
126,23648,187,0.15849999999999997,0.15867579474617413,1,0.0855614973262032
127,23848,200,0.0,0.00012868326508671214,0,0.165
128,23915,67,0.6984999999999999,0.6986757448124018,1,0.16417910447761194
129,24115,200,0.0,0.0001301107863720495,0,0.11
130,24139,24,0.892,0.8920066764813408,1,0.041666666666666664
131,24197,58,0.739,0.7390549424541875,1,0.15517241379310345
132,24233,36,0.838,0.8380298211444978,1,0.027777777777777776
133,24262,29,0.8694999999999999,0.8695169701090295,1,0.034482758620689655
134,24340,78,0.649,0.649096281583402,1,0.08974358974358974
135,24404,64,0.712,0.7120460340154794,1,0.09375
136,24486,82,0.631,0.6311803952251912,1,0.5487804878048781
137,24520,34,0.847,0.8471004659113217,1,0.2647058823529412
138,24720,200,0.0,0.0004398822941252445,0,0.45
139,24770,50,0.775,0.7753484271873736,1,0.18
140,24859,89,0.5994999999999999,0.5996342802690096,1,0.011235955056179775
141,24891,32,0.856,0.8561643614469603,1,0.03125
142,24921,30,0.865,0.8650577946824595,1,0.1
143,24974,53,0.7615,0.7616790155705515,1,0.3018867924528302
144,25026,52,0.766,0.7660501070827984,1,0.019230769230769232
145,25071,45,0.7975,0.7975491650678745,1,0.022222222222222223
146,25154,83,0.6265000000000001,0.6266134197309803,1,0.10843373493975904
147,25203,49,0.7795,0.7796005924001327,1,0.22448979591836735
148,25338,135,0.39249999999999996,0.39256407807669186,1,0.044444444444444446
149,25354,16,0.9279999999999999,0.9280185608525131,1,0.0625
150,25385,31,0.8605,0.8605255970222148,1,0.03225806451612903
151,25407,22,0.901,0.9010511237669828,1,0.045454545454545456
152,25446,39,0.8245,0.8245365079708533,1,0.02564102564102564
153,25477,31,0.8605,0.8605778315455239,1,0.22580645161290322
154,25511,34,0.847,0.8470613576730637,1,0.08823529411764706
155,25543,32,0.856,0.8560684848852026,1,0.03125
156,25574,31,0.8605,0.8605414464441881,1,0.03225806451612903
157,25605,31,0.8605,0.8605475042930283,1,0.03225806451612903
158,25628,23,0.8965,0.8965418821442019,1,0.21739130434782608
159,25661,33,0.8514999999999999,0.8515315797807528,1,0.030303030303030304
160,25699,38,0.829,0.8291645073615806,1,0.18421052631578946
161,25723,24,0.892,0.8921022663638098,1,0.041666666666666664
162,25750,27,0.8785,0.8786677652057526,1,0.037037037037037035
163,25800,50,0.775,0.775094438976855,1,0.14
164,25834,34,0.847,0.8470457994828395,1,0.029411764705882353
165,25864,30,0.865,0.8650490263017153,1,0.03333333333333333
166,25887,23,0.8965,0.8965396466272504,1,0.043478260869565216
167,25932,45,0.7975,0.7976446225672269,1,0.2
168,25979,47,0.7885,0.7891808701462529,1,0.2553191489361702
169,26009,30,0.865,0.8650108331988449,1,0.03333333333333333
170,26045,36,0.838,0.8380240174307665,1,0.19444444444444445
171,26065,20,0.91,0.9100140532353943,1,0.05
172,26110,45,0.7975,0.7975669371703286,1,0.24444444444444444
173,26217,107,0.5185,0.5186285393609326,1,0.17757009345794392
174,26312,95,0.5725,0.5725865956679129,1,0.17894736842105263
175,26339,27,0.8785,0.8785316270884383,1,0.18518518518518517
176,26365,26,0.883,0.8830291493080417,1,0.038461538461538464
177,26407,42,0.8109999999999999,0.8110264559342569,1,0.07142857142857142
178,26437,30,0.865,0.865040466693438,1,0.03333333333333333
179,26487,50,0.775,0.7750413583903534,1,0.02
180,26519,32,0.856,0.8560356248997887,1,0.21875
181,26563,44,0.802,0.8020206209097784,1,0.06818181818181818
182,26593,30,0.865,0.8650366770866735,1,0.1
183,26636,43,0.8065,0.806583686460969,1,0.2558139534883721
184,26679,43,0.8065,0.8065755167285509,1,0.16279069767441862
185,26725,46,0.7929999999999999,0.793103203936606,1,0.06521739130434782
186,26750,25,0.8875,0.8875361648993774,1,0.12
187,26768,18,0.919,0.9190220561590563,1,0.05555555555555555
188,26810,42,0.8109999999999999,0.8110505723219764,1,0.11904761904761904
189,26833,23,0.8965,0.8965336120837537,1,0.13043478260869565
190,26875,42,0.8109999999999999,0.8110291834240433,1,0.07142857142857142
191,26907,32,0.856,0.8560634839269319,1,0.15625
192,26937,30,0.865,0.8650647105402737,1,0.26666666666666666
193,26973,36,0.838,0.838074802134527,1,0.027777777777777776
194,27010,37,0.8335,0.8335071040769603,1,0.02702702702702703
195,27032,22,0.901,0.9010228286572698,1,0.13636363636363635
196,27061,29,0.8694999999999999,0.8695290600562884,1,0.10344827586206896
197,27085,24,0.892,0.892013119204645,1,0.041666666666666664
198,27142,57,0.7435,0.7435616270834363,1,0.19298245614035087
199,27159,17,0.9235,0.9235204885639938,1,0.058823529411764705
200,27198,39,0.8245,0.8245166555134934,1,0.02564102564102564
201,27230,32,0.856,0.8560416136420796,1,0.3125
202,27276,46,0.7929999999999999,0.7930677493423045,1,0.06521739130434782
203,27313,37,0.8335,0.8335347284092365,1,0.02702702702702703
204,27346,33,0.8514999999999999,0.851540721069988,1,0.030303030303030304
205,27383,37,0.8335,0.8335627345740206,1,0.08108108108108109
206,27430,47,0.7885,0.7885503694688056,1,0.10638297872340426
207,27466,36,0.838,0.8380234694722395,1,0.08333333333333333
208,27519,53,0.7615,0.7616032267639121,1,0.05660377358490566
209,27561,42,0.8109999999999999,0.8111107363290263,1,0.11904761904761904
210,27579,18,0.919,0.9190225996868984,1,0.05555555555555555
211,27619,40,0.82,0.8200673454527789,1,0.15
212,27696,77,0.6535,0.6536820227951899,1,0.23376623376623376
213,27737,41,0.8155,0.8155551339601432,1,0.14634146341463414
214,27768,31,0.8605,0.8605611076591586,1,0.03225806451612903
215,27810,42,0.8109999999999999,0.8110600519100926,1,0.07142857142857142
216,27846,36,0.838,0.8380712943838629,1,0.16666666666666666
217,27871,25,0.8875,0.8875400339713615,1,0.12
218,27900,29,0.8694999999999999,0.8695812057864948,1,0.034482758620689655
219,27943,43,0.8065,0.8065860174186765,1,0.11627906976744186
220,27974,31,0.8605,0.8605307300454527,1,0.03225806451612903
221,28017,43,0.8065,0.8065103675770589,1,0.06976744186046512
222,28052,35,0.8425,0.8425230567822416,1,0.2
223,28099,47,0.7885,0.7885162000993203,1,0.14893617021276595
224,28119,20,0.91,0.910008579582569,1,0.05
225,28145,26,0.883,0.883019268699864,1,0.038461538461538464
226,28197,52,0.766,0.766122940147149,1,0.40384615384615385
227,28225,28,0.874,0.874018228419991,1,0.03571428571428571
228,28254,29,0.8694999999999999,0.8695444806213299,1,0.10344827586206896
229,28286,32,0.856,0.8560091615537436,1,0.03125
230,28323,37,0.8335,0.8335192468588669,1,0.02702702702702703
231,28351,28,0.874,0.8740373724887849,1,0.10714285714285714
232,28383,32,0.856,0.8560491597795824,1,0.21875
233,28420,37,0.8335,0.8335485876777501,1,0.21621621621621623
234,28501,81,0.6355,0.6355622295858465,1,0.012345679012345678
235,28532,31,0.8605,0.8605177838246594,1,0.03225806451612903
236,28564,32,0.856,0.8560230541254121,1,0.03125
237,28579,15,0.9325,0.9325092057731145,1,0.06666666666666667
238,28623,44,0.802,0.802055872502931,1,0.022727272727272728
239,28663,40,0.82,0.8200999314325694,1,0.125
240,28683,20,0.91,0.910016424444986,1,0.05
241,28718,35,0.8425,0.8425193569924732,1,0.08571428571428572
242,28787,69,0.6895,0.6895568324703426,1,0.014492753623188406
243,28811,24,0.892,0.8920319062475748,1,0.20833333333333334
244,28848,37,0.8335,0.8335442132734086,1,0.02702702702702703
245,28864,16,0.9279999999999999,0.9280145988022707,1,0.0625
246,28886,22,0.901,0.9010174507164479,1,0.045454545454545456
247,28909,23,0.8965,0.8965206866772087,1,0.043478260869565216
248,28941,32,0.856,0.8560370151990703,1,0.09375
249,28965,24,0.892,0.8920789523544723,1,0.125
250,28987,22,0.901,0.9010332675923599,1,0.045454545454545456
251,29013,26,0.883,0.8830113049517518,1,0.038461538461538464
252,29095,82,0.631,0.631110397290384,1,0.08536585365853659
253,29147,52,0.766,0.7660295829704017,1,0.019230769230769232
254,29184,37,0.8335,0.8335147352300236,1,0.02702702702702703
255,29220,36,0.838,0.8380481553594198,1,0.027777777777777776
256,29242,22,0.901,0.9010226861157699,1,0.045454545454545456
257,29266,24,0.892,0.8920132983547099,1,0.041666666666666664
258,29308,42,0.8109999999999999,0.8110441928481932,1,0.07142857142857142
259,29350,42,0.8109999999999999,0.8110726458478164,1,0.11904761904761904
260,29391,41,0.8155,0.8155460348978486,1,0.07317073170731707
261,29525,134,0.3969999999999999,0.3976059851024826,1,0.06716417910447761
262,29557,32,0.856,0.8560305786515459,1,0.09375
263,29585,28,0.874,0.8740811862966941,1,0.03571428571428571
264,29728,143,0.35650000000000004,0.35714516237006083,1,0.02097902097902098
265,29774,46,0.7929999999999999,0.793148547143821,1,0.021739130434782608
266,29855,81,0.6355,0.6359615736604254,1,0.04938271604938271
267,29879,24,0.892,0.8920604095171157,1,0.041666666666666664
268,29915,36,0.838,0.8381939109558443,1,0.027777777777777776
269,29951,36,0.838,0.8381233465639418,1,0.027777777777777776
270,29975,24,0.892,0.8920368480851855,1,0.041666666666666664
271,30006,31,0.8605,0.8605143787591062,1,0.16129032258064516
272,30033,27,0.8785,0.8785230642815426,1,0.037037037037037035
273,30064,31,0.8605,0.8605137049937653,1,0.16129032258064516
274,30086,22,0.901,0.9010156630220361,1,0.13636363636363635
275,30104,18,0.919,0.9190034856544463,1,0.05555555555555555
276,30141,37,0.8335,0.8335136413208261,1,0.02702702702702703
277,30177,36,0.838,0.8380164546422614,1,0.027777777777777776
278,30195,18,0.919,0.9190081999228216,1,0.05555555555555555
279,30220,25,0.8875,0.8875103295457347,1,0.04
280,30258,38,0.829,0.8290426680720441,1,0.07894736842105263
281,30276,18,0.919,0.9190085146524942,1,0.05555555555555555
282,30310,34,0.847,0.8470275332135279,1,0.14705882352941177
283,30348,38,0.829,0.8290231780613283,1,0.02631578947368421
284,30433,85,0.6174999999999999,0.6175488622432141,1,0.11764705882352941
285,30463,30,0.865,0.8650191770578599,1,0.1
286,30485,22,0.901,0.9010119120718988,1,0.045454545454545456
287,30514,29,0.8694999999999999,0.8695132343597327,1,0.034482758620689655
288,30540,26,0.883,0.8830164893706173,1,0.038461538461538464
289,30596,56,0.748,0.748030178702135,1,0.017857142857142856
290,30619,23,0.8965,0.8965161921847659,1,0.043478260869565216
291,30643,24,0.892,0.8920161373824661,1,0.041666666666666664
292,30677,34,0.847,0.8470206921418091,1,0.08823529411764706
293,30714,37,0.8335,0.8335401067683332,1,0.16216216216216217
294,30733,19,0.9145,0.9145119561400706,1,0.05263157894736842
295,30778,45,0.7975,0.7975288387194245,1,0.022222222222222223
296,30798,20,0.91,0.9100116675996601,1,0.05
297,30820,22,0.901,0.9010157149642607,1,0.045454545454545456
298,30848,28,0.874,0.8740759141389699,1,0.2857142857142857
299,30868,20,0.91,0.9100086945646128,1,0.15
300,30904,36,0.838,0.8380599240044084,1,0.027777777777777776
301,30929,25,0.8875,0.8875160918389934,1,0.04
302,30953,24,0.892,0.8920158075317624,1,0.125
303,31003,50,0.775,0.7750387810816967,1,0.06
304,31036,33,0.8514999999999999,0.8515307171675995,1,0.030303030303030304
305,31144,108,0.514,0.5140540890182397,1,0.009259259259259259
306,31164,20,0.91,0.9100035137422404,1,0.05
307,31191,27,0.8785,0.8785234254654243,1,0.18518518518518517
308,31231,40,0.82,0.8200257595650645,1,0.025
309,31267,36,0.838,0.8380216428707844,1,0.027777777777777776
310,31299,32,0.856,0.8560214553627195,1,0.15625
311,31330,31,0.8605,0.8605079313435436,1,0.03225806451612903
312,31366,36,0.838,0.8380426916699008,1,0.3055555555555556
313,31410,44,0.802,0.8020811642303397,1,0.06818181818181818
314,31461,51,0.7705,0.7705518548515442,1,0.11764705882352941
315,31524,63,0.7164999999999999,0.7166326628947189,1,0.1111111111111111
316,31548,24,0.892,0.8920073434698143,1,0.125
317,31614,66,0.703,0.7031200497181601,1,0.13636363636363635
318,31663,49,0.7795,0.7795174342922271,1,0.02040816326530612
319,31685,22,0.901,0.9010064733616984,1,0.045454545454545456
320,31705,20,0.91,0.9100301500474862,1,0.15
321,31739,34,0.847,0.8471034765920739,1,0.38235294117647056
322,31773,34,0.847,0.8470687060162981,1,0.08823529411764706
323,31793,20,0.91,0.9100272826419865,1,0.15
324,31846,53,0.7615,0.7615352610815949,1,0.018867924528301886
325,31870,24,0.892,0.892029392502479,1,0.041666666666666664
326,31902,32,0.856,0.8560696922603028,1,0.46875
327,31926,24,0.892,0.8920311499685164,1,0.16666666666666666
328,31940,14,0.9369999999999999,0.9370176723140686,1,0.07142857142857142
329,32004,64,0.712,0.7120778745332615,1,0.125
330,32060,56,0.748,0.7480263596305373,1,0.05357142857142857
331,32097,37,0.8335,0.8335179040722878,1,0.02702702702702703
332,32134,37,0.8335,0.8335087729654903,1,0.02702702702702703
333,32164,30,0.865,0.8650170523109793,1,0.1
334,32205,41,0.8155,0.815506564033796,1,0.024390243902439025
335,32266,61,0.7255,0.7255288902538366,1,0.06557377049180328
336,32354,88,0.604,0.6040156861807071,1,0.011363636363636364
337,32385,31,0.8605,0.8605093908120304,1,0.03225806451612903
338,32504,119,0.4645,0.4645335536316838,1,0.025210084033613446
339,32537,33,0.8514999999999999,0.8515022746811318,1,0.030303030303030304
340,32654,117,0.47350000000000003,0.47356271690780277,1,0.042735042735042736
341,32708,54,0.757,0.7570173243077044,1,0.05555555555555555
342,32752,44,0.802,0.8020321877670021,1,0.06818181818181818
343,32804,52,0.766,0.7660316697524197,1,0.019230769230769232
344,32869,65,0.7075,0.7075425700327829,1,0.046153846153846156
345,32902,33,0.8514999999999999,0.8515114301504785,1,0.030303030303030304
346,32940,38,0.829,0.8290209178006956,1,0.02631578947368421
347,32970,30,0.865,0.8650190812663363,1,0.1
348,33074,104,0.532,0.5320264016302768,1,0.009615384615384616
349,33274,200,0.0,0.0001745261254387845,0,0.035
350,33474,200,0.0,0.00011527169594877078,0,0.005
351,33499,25,0.8875,0.8875047758955099,1,0.04
352,33546,47,0.7885,0.7885430795448967,1,0.10638297872340426
353,33576,30,0.865,0.8650205554153678,1,0.1
354,33708,132,0.4059999999999999,0.40607646975990874,1,0.007575757575757576
355,33748,40,0.82,0.8200217525775898,1,0.025
356,33789,41,0.8155,0.815577846865522,1,0.024390243902439025
357,33813,24,0.892,0.8920134473243239,1,0.08333333333333333
358,33837,24,0.892,0.8920355404665823,1,0.041666666666666664
359,33951,114,0.487,0.487085720213257,1,0.008771929824561403
360,34072,121,0.4555,0.4556096339959686,1,0.008264462809917356
361,34113,41,0.8155,0.8155122480200606,1,0.024390243902439025
362,34166,53,0.7615,0.761511426061668,1,0.018867924528301886
363,34208,42,0.8109999999999999,0.8110223942319507,1,0.07142857142857142
364,34286,78,0.649,0.6492339961084074,1,0.01282051282051282
365,34328,42,0.8109999999999999,0.8110095265388617,1,0.023809523809523808
366,34358,30,0.865,0.8650152753299812,1,0.03333333333333333
367,34396,38,0.829,0.8290042068708103,1,0.02631578947368421
368,34446,50,0.775,0.7750079716467747,1,0.1
369,34488,42,0.8109999999999999,0.8110061375311803,1,0.07142857142857142
370,34536,48,0.784,0.7840199960066654,1,0.0625
371,34614,78,0.649,0.649269027422648,1,0.038461538461538464
372,34644,30,0.865,0.8650149472175593,1,0.1
373,34680,36,0.838,0.8380198305045748,1,0.027777777777777776
374,34782,102,0.5409999999999999,0.5410418824130867,1,0.029411764705882353
375,34879,97,0.5635,0.5635261701141309,1,0.010309278350515464
376,34943,64,0.712,0.7120272604536177,1,0.046875
377,34984,41,0.8155,0.8155267051052173,1,0.024390243902439025
378,35035,51,0.7705,0.7705155610488467,1,0.0196078431372549
379,35051,16,0.9279999999999999,0.9280043036022371,1,0.0625
380,35085,34,0.847,0.8470219201086796,1,0.08823529411764706
381,35103,18,0.919,0.9190140758912909,1,0.16666666666666666
382,35137,34,0.847,0.8470201446689761,1,0.029411764705882353
383,35167,30,0.865,0.8650090029422846,1,0.03333333333333333
384,35209,42,0.8109999999999999,0.8110217350828425,1,0.11904761904761904
385,35246,37,0.8335,0.8335098074742369,1,0.13513513513513514
386,35446,200,0.0,0.00015399010783531873,0,0.005
387,35482,36,0.838,0.8380508823846439,1,0.1388888888888889
388,35528,46,0.7929999999999999,0.7930183018604721,1,0.06521739130434782
389,35594,66,0.703,0.7030337810284529,1,0.07575757575757576
390,35618,24,0.892,0.8920197825499321,1,0.041666666666666664
391,35648,30,0.865,0.8650480083626213,1,0.36666666666666664
392,35716,68,0.694,0.694079524321723,1,0.1323529411764706
393,35778,62,0.721,0.7210376651145828,1,0.016129032258064516
394,35885,107,0.5185,0.5185513419750263,1,0.06542056074766354
395,35914,29,0.8694999999999999,0.8695221918109388,1,0.034482758620689655
396,36000,86,0.613,0.6131076236354874,1,0.03488372093023256
397,36122,122,0.45099999999999996,0.45110113930070067,1,0.10655737704918032
398,36191,69,0.6895,0.6895746022172715,1,0.18840579710144928
399,36391,200,0.0,0.00043017557039304777,0,0.27
400,36427,36,0.838,0.838112271212465,1,0.3611111111111111
401,36482,55,0.7525,0.7525371304874002,1,0.05454545454545454
402,36573,91,0.5905,0.5906549475326814,1,0.07692307692307693
403,36604,31,0.8605,0.8605777776497693,1,0.3225806451612903
404,36634,30,0.865,0.865030534209192,1,0.16666666666666666
405,36734,100,0.55,0.5501436884321234,1,0.22
406,36815,81,0.6355,0.6355997607155588,1,0.16049382716049382
407,36846,31,0.8605,0.8605351462570743,1,0.22580645161290322
408,36904,58,0.739,0.7390855156280706,1,0.017241379310344827
409,37005,101,0.5455,0.5457646319545925,1,0.10891089108910891
410,37163,158,0.2889999999999999,0.2890385982343595,1,0.012658227848101266
411,37203,40,0.82,0.8200254216301797,1,0.025
412,37269,66,0.703,0.7030208243161187,1,0.015151515151515152
413,37292,23,0.8965,0.8965043721393835,1,0.043478260869565216
414,37341,49,0.7795,0.7795241794128355,1,0.02040816326530612
415,37386,45,0.7975,0.797516153191393,1,0.022222222222222223
416,37419,33,0.8514999999999999,0.8515131520473613,1,0.030303030303030304
417,37452,33,0.8514999999999999,0.8515113003785891,1,0.030303030303030304
418,37524,72,0.6759999999999999,0.6760762696846092,1,0.013888888888888888
419,37585,61,0.7255,0.7255157643866266,1,0.03278688524590164
420,37612,27,0.8785,0.8785395018955643,1,0.037037037037037035
421,37734,122,0.45099999999999996,0.4511347230823633,1,0.20491803278688525
422,37752,18,0.919,0.9190114101149347,1,0.05555555555555555
423,37776,24,0.892,0.8920161177450031,1,0.041666666666666664
424,37800,24,0.892,0.8920093891102128,1,0.041666666666666664
425,37858,58,0.739,0.7390280234616817,1,0.017241379310344827
426,37887,29,0.8694999999999999,0.8695233616177079,1,0.034482758620689655
427,37971,84,0.622,0.6220546077709871,1,0.011904761904761904
428,38012,41,0.8155,0.8155174630697881,1,0.024390243902439025
429,38212,200,0.0,7.394254882933492e-05,0,0.005
430,38240,28,0.874,0.8740259456233588,1,0.03571428571428571
431,38260,20,0.91,0.9100023151831166,1,0.05
432,38295,35,0.8425,0.842528898770728,1,0.02857142857142857
433,38317,22,0.901,0.9010199146929169,1,0.13636363636363635
434,38406,89,0.5994999999999999,0.5996526423153126,1,0.011235955056179775
435,38505,99,0.5545,0.5546057350923369,1,0.010101010101010102
436,38532,27,0.8785,0.8785086930239288,1,0.037037037037037035
437,38554,22,0.901,0.9010023764328179,1,0.045454545454545456
438,38596,42,0.8109999999999999,0.8110156112759704,1,0.07142857142857142
439,38612,16,0.9279999999999999,0.9280015787570667,1,0.0625
440,38812,200,0.0,0.0010198931056406679,0,0.005
441,38828,16,0.9279999999999999,0.9280024228152252,1,0.0625
442,38966,138,0.379,0.3793926854687167,1,0.007246376811594203
443,39035,69,0.6895,0.6895713035371339,1,0.043478260869565216
444,39076,41,0.8155,0.8155104359292504,1,0.024390243902439025
445,39108,32,0.856,0.8560910725648723,1,0.09375
446,39136,28,0.874,0.8740223259597081,1,0.17857142857142858
447,39231,95,0.5725,0.57283068921068,1,0.010526315789473684
448,39269,38,0.829,0.8290084112914522,1,0.02631578947368421
449,39324,55,0.7525,0.7525182165163942,1,0.01818181818181818
450,39378,54,0.757,0.7570280107458173,1,0.018518518518518517
451,39392,14,0.9369999999999999,0.9370045681996371,1,0.07142857142857142
452,39418,26,0.883,0.8830305855230058,1,0.11538461538461539
453,39529,111,0.5005,0.5005424758842852,1,0.009009009009009009
454,39579,50,0.775,0.7750305421639807,1,0.02
455,39629,50,0.775,0.7750513435261099,1,0.08
456,39647,18,0.919,0.9190052384686112,1,0.05555555555555555
457,39663,16,0.9279999999999999,0.928033716111169,1,0.0625
458,39696,33,0.8514999999999999,0.8515128670124111,1,0.030303030303030304
459,39722,26,0.883,0.8830236071262398,1,0.11538461538461539
460,39740,18,0.919,0.9190041716775886,1,0.05555555555555555
461,39758,18,0.919,0.9190166009875322,1,0.16666666666666666
462,39778,20,0.91,0.9100057892563788,1,0.05
463,39816,38,0.829,0.8290214590616711,1,0.02631578947368421
464,39836,20,0.91,0.9100219051176625,1,0.05
465,39852,16,0.9279999999999999,0.9280055818068036,1,0.0625
466,39870,18,0.919,0.9190040762238565,1,0.05555555555555555
467,39898,28,0.874,0.8740074869341404,1,0.03571428571428571
468,39920,22,0.901,0.9010548057422111,1,0.22727272727272727
469,39948,28,0.874,0.8740308438464242,1,0.10714285714285714
470,39963,15,0.9325,0.9325037518113861,1,0.06666666666666667
471,39980,17,0.9235,0.9235031136120795,1,0.058823529411764705
472,40000,20,0.91,0.9100055368094778,1,0.05
473,40027,27,0.8785,0.878516716639313,1,0.18518518518518517
474,40043,16,0.9279999999999999,0.9280060422234032,1,0.0625
475,40081,38,0.829,0.8290173019600074,1,0.02631578947368421
476,40100,19,0.9145,0.9145066506407104,1,0.05263157894736842
477,40116,16,0.9279999999999999,0.9280045078123265,1,0.0625
478,40140,24,0.892,0.8920063609583947,1,0.041666666666666664
479,40185,45,0.7975,0.7975127273008793,1,0.022222222222222223
480,40205,20,0.91,0.9100047089517019,1,0.05
481,40240,35,0.8425,0.8425117356958491,1,0.02857142857142857
482,40261,21,0.9055,0.9055150224379694,1,0.14285714285714285
483,40281,20,0.91,0.9100040971044805,1,0.05
484,40357,76,0.6579999999999999,0.6580300383005349,1,0.039473684210526314
485,40377,20,0.91,0.9100029986797643,1,0.05
486,40397,20,0.91,0.9100022701289876,1,0.35
487,40434,37,0.8335,0.833508013940994,1,0.02702702702702703
488,40462,28,0.874,0.874014010946343,1,0.17857142857142858
489,40487,25,0.8875,0.8875067911521973,1,0.04
490,40509,22,0.901,0.9010062483691237,1,0.045454545454545456
491,40541,32,0.856,0.8560049998099007,1,0.03125
492,40562,21,0.9055,0.9055034163240254,1,0.047619047619047616
493,40586,24,0.892,0.8920036918233023,1,0.041666666666666664
494,40604,18,0.919,0.9190059301591035,1,0.05555555555555555
495,40620,16,0.9279999999999999,0.9280021758397728,1,0.0625
496,40643,23,0.8965,0.8965060833428135,1,0.043478260869565216
497,40681,38,0.829,0.8290082511843729,1,0.02631578947368421
498,40715,34,0.847,0.8470242122318804,1,0.029411764705882353
499,40850,135,0.39249999999999996,0.3928405599861386,1,0.007407407407407408
500,40870,20,0.91,0.9100342129105838,1,0.15
501,40902,32,0.856,0.8560266877756884,1,0.03125
502,40932,30,0.865,0.8650733290110887,1,0.23333333333333334
503,40947,15,0.9325,0.9325073360640274,1,0.06666666666666667
504,40967,20,0.91,0.910019891175168,1,0.05
505,40985,18,0.919,0.9190084999576982,1,0.05555555555555555
506,41185,200,0.09999999999999998,0.10011398370937458,1,0.04
507,41208,23,0.8965,0.8965248302347293,1,0.043478260869565216
508,41272,64,0.712,0.7120125643563415,1,0.015625
509,41360,88,0.604,0.6040100200197663,1,0.011363636363636364
510,41378,18,0.919,0.9190061588238476,1,0.05555555555555555
511,41424,46,0.7929999999999999,0.7930376488751543,1,0.10869565217391304
512,41505,81,0.6355,0.6355194569321667,1,0.012345679012345678
513,41686,181,0.1855,0.18588190458467221,1,0.016574585635359115
514,41774,88,0.604,0.604066845056397,1,0.03409090909090909
515,41912,138,0.379,0.3790621623706053,1,0.036231884057971016
516,41955,43,0.8065,0.8065163072090619,1,0.023255813953488372
517,41989,34,0.847,0.8470264221353145,1,0.029411764705882353
518,42165,176,0.20799999999999996,0.2080548572122188,1,0.005681818181818182
519,42240,75,0.6625,0.6625112054339503,1,0.013333333333333334
520,42339,99,0.5545,0.5545188475360537,1,0.010101010101010102
521,42395,56,0.748,0.7480269878438924,1,0.05357142857142857
522,42450,55,0.7525,0.7525192187244021,1,0.05454545454545454
523,42519,69,0.6895,0.6895187244183986,1,0.014492753623188406
524,42570,51,0.7705,0.7705114514993052,1,0.0196078431372549
525,42633,63,0.7164999999999999,0.7165080429113703,1,0.015873015873015872
526,42738,105,0.5275,0.5275232553905723,1,0.0380952380952381
527,42756,18,0.919,0.9190052499175206,1,0.05555555555555555
528,42812,56,0.748,0.7480283048192704,1,0.125
529,42852,40,0.82,0.8200317165797852,1,0.025
530,42891,39,0.8245,0.8245376021329271,1,0.15384615384615385
531,42921,30,0.865,0.8650086862999865,1,0.03333333333333333
532,43012,91,0.5905,0.5905239757985986,1,0.01098901098901099
533,43060,48,0.784,0.7840137205681084,1,0.0625
534,43260,200,0.0,0.00027581416352439274,0,0.005
535,43284,24,0.892,0.8920119650641881,1,0.041666666666666664
536,43484,200,0.0,0.000818731811109055,0,0.005
537,43684,200,0.0,0.0001330716631177502,0,0.005
538,43884,200,0.0,0.0002472608649555043,0,0.005
539,43976,92,0.586,0.5860116094263351,1,0.010869565217391304
540,44176,200,0.0,3.971465538188382e-05,0,0.005
541,44376,200,0.0,9.88872450649864e-05,0,0.08
542,44576,200,0.0,0.00012077467852945928,0,0.005
543,44747,171,0.23050000000000004,0.2305469926926579,1,0.04093567251461988
544,44947,200,0.0,0.0002823066678959189,0,0.055
545,45019,72,0.6759999999999999,0.6761901215006593,1,0.3888888888888889
546,45219,200,0.0,0.00021376767733820537,0,0.005
547,45397,178,0.19899999999999995,0.19927951283437387,1,0.0056179775280898875
548,45597,200,0.0,0.000328680603441086,0,0.005
549,45733,136,0.3879999999999999,0.38828992766998915,1,0.007352941176470588
550,45758,25,0.8875,0.8875239581356622,1,0.04
551,45817,59,0.7344999999999999,0.7346372227220586,1,0.01694915254237288
552,46017,200,0.0,0.001191620800114052,0,0.045
553,46068,51,0.7705,0.7705114661948469,1,0.058823529411764705
554,46261,193,0.13150000000000006,0.1320743779156879,1,0.025906735751295335
555,46461,200,0.0,0.000837735585093609,0,0.005
556,46652,191,0.14050000000000007,0.14067412217244346,1,0.015706806282722512
557,46803,151,0.3205,0.3205623607248714,1,0.006622516556291391
558,46819,16,0.9279999999999999,0.928007139265115,1,0.0625
559,46914,95,0.5725,0.5732698517497316,1,0.010526315789473684
560,47114,200,0.0,5.519037658259947e-05,0,0.025
561,47314,200,0.0,0.0009273604197613574,0,0.005
562,47514,200,0.0,0.004856156849087056,0,0.005
563,47714,200,0.0,0.0016765900242623176,0,0.005
564,47914,200,0.0,0.0016413343454306528,0,0.005
565,48020,106,0.5229999999999999,0.5230172496350781,1,0.009433962264150943
566,48044,24,0.892,0.8920060833701247,1,0.041666666666666664
567,48080,36,0.838,0.838014615670214,1,0.027777777777777776
568,48161,81,0.6355,0.6355232647236816,1,0.012345679012345678
569,48213,52,0.766,0.7660350421455087,1,0.019230769230769232
570,48253,40,0.82,0.8200094432919588,1,0.025
571,48285,32,0.856,0.8560287380361727,1,0.09375
572,48335,50,0.775,0.7750460465801788,1,0.02
573,48361,26,0.883,0.8830069310189136,1,0.038461538461538464
574,48407,46,0.7929999999999999,0.793030366446055,1,0.021739130434782608
575,48428,21,0.9055,0.9055061974712123,1,0.047619047619047616
576,48448,20,0.91,0.910013323110792,1,0.05
577,48475,27,0.8785,0.8785334525391983,1,0.037037037037037035
578,48547,72,0.6759999999999999,0.676056254500309,1,0.013888888888888888
579,48571,24,0.892,0.8920072631234734,1,0.041666666666666664
580,48600,29,0.8694999999999999,0.8695129434653109,1,0.034482758620689655
581,48800,200,0.0,0.0009903445054606549,0,0.005
582,48842,42,0.8109999999999999,0.8110227322962984,1,0.023809523809523808
583,48895,53,0.7615,0.7615587418911726,1,0.018867924528301886
584,48941,46,0.7929999999999999,0.7930435803039009,1,0.021739130434782608
585,48959,18,0.919,0.9190115750678136,1,0.05555555555555555
586,48975,16,0.9279999999999999,0.9280045782009312,1,0.0625
587,48997,22,0.901,0.9010064370435346,1,0.045454545454545456
588,49028,31,0.8605,0.8605012714266744,1,0.03225806451612903
589,49056,28,0.874,0.8740069756837888,1,0.03571428571428571
590,49256,200,0.0,0.0001587420248767507,0,0.005
591,49456,200,0.0,8.375439712396854e-05,0,0.005
592,49488,32,0.856,0.8560558024718878,1,0.0625
593,49688,200,0.0,0.0005263489597194577,0,0.005
594,49888,200,0.0,0.001812413712046928,0,0.005
595,50088,200,0.0,0.002030852038597235,0,0.01
596,50288,200,0.0,5.8651268085577254e-05,0,0.005
597,50345,57,0.7435,0.7437055639114454,1,0.03508771929824561
598,50427,82,0.631,0.631044385157802,1,0.012195121951219513
599,50627,200,0.0,0.00010295565235187734,0,0.04
600,50827,200,0.0,0.00034896173133781004,0,0.01
601,51017,190,0.14500000000000002,0.14940009188700254,1,0.005263157894736842
602,51217,200,0.0,0.0007534790520627914,0,0.01
603,51417,200,0.0,0.00015715997903096264,0,0.01
604,51617,200,0.0,0.00027461409095926666,0,0.01
605,51798,181,0.1855,0.18655021567565014,1,0.011049723756906077
606,51998,200,0.0,0.00327920160485844,0,0.02
607,52198,200,0.0,0.00025828866588334496,0,0.01
608,52240,42,0.8109999999999999,0.8111267621578456,1,0.047619047619047616
609,52342,102,0.5409999999999999,0.5415882220551071,1,0.0196078431372549
610,52542,200,0.0,0.0016483597651938122,0,0.01
611,52742,200,0.0,8.116506786613876e-05,0,0.01
612,52942,200,0.0,0.00026725498149800323,0,0.01
613,53142,200,0.0,0.0002878807401936268,0,0.01
614,53342,200,0.0,0.0005418079060366648,0,0.01
615,53542,200,0.0,0.0012217059162911023,0,0.01
616,53742,200,0.0,0.0006213646052973668,0,0.01
617,53942,200,0.0,0.0007351193983827778,0,0.01
618,54090,148,0.33399999999999996,0.3341309256267317,1,0.013513513513513514
619,54118,28,0.874,0.8740074001992219,1,0.03571428571428571
620,54253,135,0.39249999999999996,0.3927602861199637,1,0.014814814814814815
621,54312,59,0.7344999999999999,0.7345270989585105,1,0.03389830508474576
622,54512,200,0.0,0.0013818465776309727,0,0.01
623,54712,200,0.0,0.000488202239346928,0,0.01
624,54778,66,0.703,0.7031519197896634,1,0.030303030303030304
625,54978,200,0.0,0.00038886806663079626,0,0.01
626,55084,106,0.5229999999999999,0.5233132661749468,1,0.03773584905660377
627,55164,80,0.6399999999999999,0.6402522869706435,1,0.45
628,55218,54,0.757,0.7570986314140573,1,0.07407407407407407
629,55283,65,0.7075,0.7076324534340631,1,0.5846153846153846
630,55391,108,0.514,0.5141121486889961,1,0.018518518518518517
631,55535,144,0.352,0.3522673016545686,1,0.1388888888888889
632,55639,104,0.532,0.5323080729632047,1,0.21153846153846154
633,55839,200,0.0,0.0042888778189410885,0,0.03
634,56014,175,0.21250000000000002,0.21697400949310777,1,0.011428571428571429
635,56214,200,0.0,9.485598698020623e-05,0,0.02
636,56414,200,0.0,0.0003217021646860303,0,0.01
637,56614,200,0.0,0.0003013093809520915,0,0.04
638,56814,200,0.0,0.0006193708774785621,0,0.1
639,57014,200,0.0,0.000179198536843588,0,0.135
640,57214,200,0.0,0.00012088689319204319,0,0.02
641,57414,200,0.0,0.0003577795328810177,0,0.01
642,57614,200,0.0,0.0002901179789794651,0,0.225
643,57814,200,0.0,0.0006981518077569968,0,0.07
644,58014,200,0.0,0.0002554797463331122,0,0.1
645,58175,161,0.27549999999999997,0.2756051364119983,1,0.037267080745341616
646,58375,200,0.0,0.00014475435289108826,0,0.14
647,58513,138,0.379,0.3790754732767011,1,0.11594202898550725
648,58713,200,0.0,0.0005044146370323447,0,0.225
649,58913,200,0.0,0.00014216727187788675,0,0.07
650,59113,200,0.0,0.00021571743716186417,0,0.23
651,59313,200,0.0,0.0002972297463990603,0,0.225
652,59513,200,0.0,0.000310725765819858,0,0.14
653,59625,112,0.4959999999999999,0.49613712118133896,1,0.017857142857142856
654,59693,68,0.694,0.694080791108671,1,0.08823529411764706
655,59775,82,0.631,0.6312837940622874,1,0.3170731707317073
656,59975,200,0.0,0.0003778097991580959,0,0.1
657,60053,78,0.649,0.6491129276304768,1,0.23076923076923078
658,60085,32,0.856,0.8560116652918254,1,0.0625
659,60186,101,0.5455,0.5455916801914643,1,0.16831683168316833
660,60288,102,0.5409999999999999,0.5410368411152012,1,0.0392156862745098
661,60354,66,0.703,0.7030437664191946,1,0.030303030303030304
662,60492,138,0.379,0.37908311254132904,1,0.057971014492753624
663,60692,200,0.0,8.617464404703535e-05,0,0.01
664,60801,109,0.5095,0.5096883622663907,1,0.05504587155963303
665,60901,100,0.55,0.5500876738215102,1,0.06
666,60930,29,0.8694999999999999,0.8695393889288069,1,0.20689655172413793
667,61130,200,0.0,0.000110093594257478,0,0.04
668,61330,200,0.0,0.00017737324222790626,0,0.06
669,61530,200,0.0,0.0003607951005120286,0,0.11
670,61730,200,0.0,0.000140596823029969,0,0.01
671,61930,200,0.0,0.0002664134595727246,0,0.02
672,62130,200,0.0,0.00013436145338202753,0,0.08
673,62330,200,0.0,0.0021788157431325826,0,0.15
674,62530,200,0.0,0.0002977541500856621,0,0.1
675,62682,152,0.31599999999999995,0.3160520693862085,1,0.02631578947368421
676,62882,200,0.0,0.0001500207209732917,0,0.13
677,63029,147,0.3385,0.33866257154451235,1,0.09523809523809523
678,63082,53,0.7615,0.7615289161886124,1,0.03773584905660377
679,63282,200,0.0,0.0001248520525188011,0,0.05
680,63308,26,0.883,0.8830273505083991,1,0.15384615384615385
681,63362,54,0.757,0.7570365724537749,1,0.05555555555555555
682,63454,92,0.586,0.5861281216877983,1,0.10869565217391304
683,63484,30,0.865,0.8650240684601912,1,0.23333333333333334
684,63558,74,0.667,0.66704578622881,1,0.21621621621621623
685,63600,42,0.8109999999999999,0.8110537606530455,1,0.11904761904761904
686,63676,76,0.6579999999999999,0.6581287978464387,1,0.05263157894736842
687,63726,50,0.775,0.7750495068550676,1,0.04
688,63907,181,0.1855,0.1858286402379451,1,0.06629834254143646
689,63968,61,0.7255,0.7255576588517952,1,0.03278688524590164
690,64027,59,0.7344999999999999,0.7345937983991778,1,0.06779661016949153
691,64043,16,0.9279999999999999,0.9280185092386491,1,0.0625
692,64057,14,0.9369999999999999,0.9370137428179529,1,0.07142857142857142
693,64071,14,0.9369999999999999,0.9370057796600175,1,0.07142857142857142
694,64089,18,0.919,0.9190090968876877,1,0.05555555555555555
695,64103,14,0.9369999999999999,0.9370070493433883,1,0.07142857142857142
696,64121,18,0.919,0.9190144035018691,1,0.05555555555555555
697,64165,44,0.802,0.802023529090054,1,0.022727272727272728
698,64213,48,0.784,0.7840236610781436,1,0.020833333333333332
699,64233,20,0.91,0.9100180638663311,1,0.05
700,64279,46,0.7929999999999999,0.7930169139463695,1,0.021739130434782608
701,64293,14,0.9369999999999999,0.9370134227337533,1,0.07142857142857142
702,64309,16,0.9279999999999999,0.9280180672745701,1,0.0625
703,64377,68,0.694,0.6940430775840947,1,0.014705882352941176
704,64524,147,0.3385,0.33855010820634795,1,0.006802721088435374
705,64607,83,0.6265000000000001,0.6265545408964887,1,0.012048192771084338
706,64807,200,0.0,0.00015220579362366715,0,0.005
707,64823,16,0.9279999999999999,0.928010835139533,1,0.0625
708,64839,16,0.9279999999999999,0.9280066226227714,1,0.0625
709,65014,175,0.21250000000000002,0.21257651953073825,1,0.005714285714285714
710,65042,28,0.874,0.8740069641411611,1,0.03571428571428571
711,65092,50,0.775,0.7750103469843017,1,0.04
712,65292,200,0.0,5.129912070286348e-05,0,0.005
713,65492,200,0.0,2.1826926914181488e-05,0,0.005
714,65678,186,0.16299999999999992,0.16316372697861825,1,0.005376344086021506
715,65695,17,0.9235,0.9235029930565901,1,0.058823529411764705
716,65719,24,0.892,0.8920056169809861,1,0.041666666666666664
717,65765,46,0.7929999999999999,0.7930154195538685,1,0.021739130434782608
718,65950,185,0.16749999999999998,0.16752420335501225,1,0.005405405405405406
719,66014,64,0.712,0.7120326148272832,1,0.015625
720,66115,101,0.5455,0.5455240202429994,1,0.009900990099009901
721,66131,16,0.9279999999999999,0.9280016192048449,1,0.0625
722,66151,20,0.91,0.9100153303123872,1,0.05
723,66173,22,0.901,0.9010237945631374,1,0.045454545454545456
724,66201,28,0.874,0.874004562342004,1,0.03571428571428571
725,66221,20,0.91,0.9100015231622333,1,0.05
726,66299,78,0.649,0.6490096561775666,1,0.01282051282051282
727,66321,22,0.901,0.9010101109304798,1,0.045454545454545456
728,66341,20,0.91,0.9100081336587261,1,0.05
729,66367,26,0.883,0.8830058053956966,1,0.038461538461538464
730,66381,14,0.9369999999999999,0.9370111190396222,1,0.07142857142857142
731,66399,18,0.919,0.9190236940925672,1,0.16666666666666666
732,66479,80,0.6399999999999999,0.6400400858656916,1,0.0375
733,66495,16,0.9279999999999999,0.9280043549123191,1,0.0625
734,66517,22,0.901,0.901019845794909,1,0.045454545454545456
735,66535,18,0.919,0.919008891907567,1,0.05555555555555555
736,66551,16,0.9279999999999999,0.9280041063753471,1,0.0625
737,66577,26,0.883,0.8830389421498744,1,0.038461538461538464
738,66597,20,0.91,0.9100027935102605,1,0.05
739,66611,14,0.9369999999999999,0.9370025464923488,1,0.07142857142857142
740,66631,20,0.91,0.910015225559957,1,0.05
741,66645,14,0.9369999999999999,0.9370011270967813,1,0.07142857142857142
742,66659,14,0.9369999999999999,0.9370018325909698,1,0.07142857142857142
743,66681,22,0.901,0.9010090934723731,1,0.045454545454545456
744,66767,86,0.613,0.6130141848992077,1,0.023255813953488372
745,66783,16,0.9279999999999999,0.9280012995696179,1,0.0625
746,66797,14,0.9369999999999999,0.9370009587621052,1,0.07142857142857142
747,66821,24,0.892,0.8920035542059572,1,0.041666666666666664
748,66845,24,0.892,0.8920343061273203,1,0.041666666666666664
749,66867,22,0.901,0.9010050023013931,1,0.045454545454545456
750,66920,53,0.7615,0.7615108109148403,1,0.018867924528301886
751,66993,73,0.6715,0.6715236029465677,1,0.0684931506849315
752,67009,16,0.9279999999999999,0.9280031770962115,1,0.0625
753,67091,82,0.631,0.6310022886712842,1,0.012195121951219513
754,67172,81,0.6355,0.6355220727896389,1,0.024691358024691357
755,67188,16,0.9279999999999999,0.9280002809701708,1,0.0625
756,67253,65,0.7075,0.7075044169145245,1,0.03076923076923077
757,67401,148,0.33399999999999996,0.334097959551549,1,0.0472972972972973
758,67440,39,0.8245,0.8245213567044704,1,0.05128205128205128
759,67456,16,0.9279999999999999,0.9280012886215652,1,0.0625
760,67505,49,0.7795,0.7795368112415626,1,0.04081632653061224
761,67622,117,0.47350000000000003,0.47357900138015707,1,0.03418803418803419
762,67791,169,0.23950000000000005,0.2395727499940024,1,0.08284023668639054
763,67859,68,0.694,0.6940155023758906,1,0.029411764705882353
764,67941,82,0.631,0.6310378517724404,1,0.024390243902439025
765,67963,22,0.901,0.9010252831996896,1,0.09090909090909091
766,67979,16,0.9279999999999999,0.928010478495871,1,0.0625
767,68009,30,0.865,0.865020795742934,1,0.06666666666666667
768,68053,44,0.802,0.8020175761774975,1,0.045454545454545456
769,68069,16,0.9279999999999999,0.9280034049377953,1,0.0625
770,68087,18,0.919,0.9190017908472246,1,0.05555555555555555
771,68101,14,0.9369999999999999,0.9370033399224262,1,0.07142857142857142
772,68119,18,0.919,0.9190085728455905,1,0.05555555555555555
773,68191,72,0.6759999999999999,0.6760062308392005,1,0.013888888888888888
774,68219,28,0.874,0.8740012419548175,1,0.03571428571428571
775,68271,52,0.766,0.766007212684915,1,0.019230769230769232
776,68291,20,0.91,0.9100016961194826,1,0.05
777,68343,52,0.766,0.7660024520992107,1,0.019230769230769232
778,68365,22,0.901,0.901012855323756,1,0.045454545454545456
779,68385,20,0.91,0.9100217316177709,1,0.05
780,68469,84,0.622,0.6220024999055845,1,0.011904761904761904
781,68485,16,0.9279999999999999,0.9280082944019212,1,0.0625
782,68513,28,0.874,0.8740062466018014,1,0.03571428571428571
783,68531,18,0.919,0.9190106025865866,1,0.05555555555555555
784,68547,16,0.9279999999999999,0.9280025102500004,1,0.0625
785,68561,14,0.9369999999999999,0.9370080476532947,1,0.07142857142857142
786,68589,28,0.874,0.8740050874064248,1,0.03571428571428571
787,68613,24,0.892,0.8920053320612771,1,0.041666666666666664
788,68645,32,0.856,0.8560111664875544,1,0.03125
789,68667,22,0.901,0.9010022956595991,1,0.045454545454545456
790,68687,20,0.91,0.9100035595042963,1,0.05
791,68751,64,0.712,0.712002620563867,1,0.015625
792,68765,14,0.9369999999999999,0.937011314354873,1,0.07142857142857142
793,68781,16,0.9279999999999999,0.9280045642444986,1,0.0625
794,68807,26,0.883,0.8830021212351825,1,0.038461538461538464
795,68835,28,0.874,0.8740038140978084,1,0.03571428571428571
796,68853,18,0.919,0.9190036406118065,1,0.05555555555555555
797,68869,16,0.9279999999999999,0.9280121622312051,1,0.0625
798,68959,90,0.595,0.5950146922351489,1,0.011111111111111112
799,68975,16,0.9279999999999999,0.9280029489067161,1,0.0625
800,68999,24,0.892,0.8920036054231628,1,0.041666666666666664
801,69015,16,0.9279999999999999,0.9280042868256801,1,0.0625
802,69029,14,0.9369999999999999,0.9370076825452668,1,0.07142857142857142
803,69043,14,0.9369999999999999,0.9370031223112372,1,0.07142857142857142
804,69065,22,0.901,0.9010066343093958,1,0.045454545454545456
805,69079,14,0.9369999999999999,0.9370026895115721,1,0.07142857142857142
806,69099,20,0.91,0.9100062740389501,1,0.05
807,69115,16,0.9279999999999999,0.9280055797361332,1,0.1875
808,69129,14,0.9369999999999999,0.937002652704481,1,0.07142857142857142
809,69143,14,0.9369999999999999,0.9370068527141894,1,0.07142857142857142
810,69157,14,0.9369999999999999,0.9370013988799698,1,0.07142857142857142
811,69171,14,0.9369999999999999,0.9370014119662834,1,0.07142857142857142
812,69185,14,0.9369999999999999,0.9370085217008305,1,0.07142857142857142
813,69205,20,0.91,0.9100075629833285,1,0.05
814,69224,19,0.9145,0.9145037980501023,1,0.05263157894736842
815,69240,16,0.9279999999999999,0.9280052080788878,1,0.0625
816,69258,18,0.919,0.9190075826722277,1,0.05555555555555555
817,69272,14,0.9369999999999999,0.937006358276426,1,0.07142857142857142
818,69292,20,0.91,0.9100046705236243,1,0.05
819,69306,14,0.9369999999999999,0.9370046601393255,1,0.07142857142857142
820,69505,199,0.10450000000000004,0.10459770623900992,1,0.005025125628140704
821,69519,14,0.9369999999999999,0.9370041981010931,1,0.07142857142857142
822,69533,14,0.9369999999999999,0.9370007088679777,1,0.07142857142857142
823,69602,69,0.6895,0.6895115779408002,1,0.014492753623188406
824,69618,16,0.9279999999999999,0.9280036856281545,1,0.0625
825,69684,66,0.703,0.7030200140375225,1,0.045454545454545456
826,69700,16,0.9279999999999999,0.9280071161412662,1,0.0625
827,69716,16,0.9279999999999999,0.9280055431320597,1,0.0625
828,69730,14,0.9369999999999999,0.9370043334492485,1,0.07142857142857142
829,69746,16,0.9279999999999999,0.9280041947240456,1,0.0625
830,69816,70,0.685,0.685038578830521,1,0.014285714285714285
831,69854,38,0.829,0.8290200439327626,1,0.02631578947368421
832,69868,14,0.9369999999999999,0.9370099229781889,1,0.07142857142857142
833,69882,14,0.9369999999999999,0.9370048987679824,1,0.07142857142857142
834,69898,16,0.9279999999999999,0.9280042874381296,1,0.0625
835,69915,17,0.9235,0.9235035317055175,1,0.058823529411764705
836,69933,18,0.919,0.9190131719304743,1,0.05555555555555555
837,69949,16,0.9279999999999999,0.9280043147770345,1,0.0625
838,69965,16,0.9279999999999999,0.9280218731110329,1,0.0625
839,69989,24,0.892,0.8920116649331041,1,0.041666666666666664
840,70005,16,0.9279999999999999,0.9280031688904361,1,0.0625
841,70023,18,0.919,0.9190033974648498,1,0.05555555555555555
842,70039,16,0.9279999999999999,0.928003041113613,1,0.0625
843,70053,14,0.9369999999999999,0.9370002805309924,1,0.07142857142857142
844,70069,16,0.9279999999999999,0.9280088828254529,1,0.0625
845,70085,16,0.9279999999999999,0.9280010958053634,1,0.0625
846,70101,16,0.9279999999999999,0.9280025683915993,1,0.0625
847,70142,41,0.8155,0.8155121713677302,1,0.024390243902439025
848,70192,50,0.775,0.7750105805004547,1,0.02
849,70208,16,0.9279999999999999,0.9280455539725467,1,0.1875
850,70224,16,0.9279999999999999,0.9280250714980973,1,0.1875
851,70238,14,0.9369999999999999,0.9370112816110912,1,0.07142857142857142
852,70252,14,0.9369999999999999,0.9370015629657601,1,0.07142857142857142
853,70268,16,0.9279999999999999,0.9280086265129409,1,0.1875
854,70282,14,0.9369999999999999,0.9370058281028205,1,0.07142857142857142
855,70366,84,0.622,0.6220114574725153,1,0.011904761904761904
856,70384,18,0.919,0.9190065194381859,1,0.16666666666666666
857,70398,14,0.9369999999999999,0.937011614529299,1,0.07142857142857142
858,70412,14,0.9369999999999999,0.9370027548722438,1,0.07142857142857142
859,70428,16,0.9279999999999999,0.9280186049966133,1,0.0625
860,70546,118,0.469,0.4690564992557828,1,0.00847457627118644
861,70560,14,0.9369999999999999,0.9370037827700088,1,0.07142857142857142
862,70588,28,0.874,0.8740045853134384,1,0.03571428571428571
863,70604,16,0.9279999999999999,0.9280118456199267,1,0.0625
864,70622,18,0.919,0.9190081786168993,1,0.05555555555555555
865,70636,14,0.9369999999999999,0.93701026038646,1,0.07142857142857142
866,70650,14,0.9369999999999999,0.9370060011612512,1,0.07142857142857142
867,70668,18,0.919,0.9190026598420356,1,0.05555555555555555
868,70682,14,0.9369999999999999,0.9370022373667034,1,0.07142857142857142
869,70882,200,0.0,0.00018722844699009682,0,0.005
870,70896,14,0.9369999999999999,0.937000844470619,1,0.07142857142857142
871,70912,16,0.9279999999999999,0.9280030926915385,1,0.0625
872,70926,14,0.9369999999999999,0.9370063657176733,1,0.07142857142857142
873,70946,20,0.91,0.9100029928896528,1,0.05
874,70970,24,0.892,0.8920047332127579,1,0.041666666666666664
875,70986,16,0.9279999999999999,0.9280030165314406,1,0.0625
876,71002,16,0.9279999999999999,0.9280044230914382,1,0.0625
877,71016,14,0.9369999999999999,0.9370070257204728,1,0.07142857142857142
878,71030,14,0.9369999999999999,0.937002357336358,1,0.07142857142857142
879,71046,16,0.9279999999999999,0.9280040559658965,1,0.0625
880,71060,14,0.9369999999999999,0.9370071775304021,1,0.07142857142857142
881,71078,18,0.919,0.9190258964084782,1,0.2777777777777778
882,71092,14,0.9369999999999999,0.9370019107784865,1,0.07142857142857142
883,71106,14,0.9369999999999999,0.9370119512725195,1,0.07142857142857142
884,71120,14,0.9369999999999999,0.937003327815133,1,0.07142857142857142
885,71136,16,0.9279999999999999,0.9280028957020643,1,0.0625
886,71150,14,0.9369999999999999,0.9370199794746953,1,0.07142857142857142
887,71164,14,0.9369999999999999,0.9370060995907967,1,0.07142857142857142
888,71178,14,0.9369999999999999,0.9370030859543313,1,0.07142857142857142
889,71192,14,0.9369999999999999,0.9370056950545105,1,0.07142857142857142
890,71210,18,0.919,0.9190074683982655,1,0.05555555555555555
891,71224,14,0.9369999999999999,0.9370102883835147,1,0.07142857142857142
892,71240,16,0.9279999999999999,0.9280028114738289,1,0.0625
893,71254,14,0.9369999999999999,0.9370066494098173,1,0.07142857142857142
894,71269,15,0.9325,0.9325020332845155,1,0.06666666666666667
895,71285,16,0.9279999999999999,0.928003796400348,1,0.1875
896,71301,16,0.9279999999999999,0.9280042492277871,1,0.0625
897,71315,14,0.9369999999999999,0.9370037048517438,1,0.07142857142857142
898,71329,14,0.9369999999999999,0.9370075146889627,1,0.07142857142857142
899,71343,14,0.9369999999999999,0.9370019729472809,1,0.07142857142857142
900,71357,14,0.9369999999999999,0.9370032463366232,1,0.07142857142857142
901,71373,16,0.9279999999999999,0.9280040002232091,1,0.0625
902,71389,16,0.9279999999999999,0.92801306128885,1,0.0625
903,71403,14,0.9369999999999999,0.9370051582983042,1,0.07142857142857142
904,71417,14,0.9369999999999999,0.9370042320981624,1,0.07142857142857142
905,71431,14,0.9369999999999999,0.9370035451766366,1,0.07142857142857142
906,71447,16,0.9279999999999999,0.9280041367500994,1,0.0625
907,71470,23,0.8965,0.8965054078309227,1,0.043478260869565216
908,71484,14,0.9369999999999999,0.9370052506827036,1,0.07142857142857142
909,71500,16,0.9279999999999999,0.9280120739842319,1,0.1875
910,71514,14,0.9369999999999999,0.9370109801711608,1,0.07142857142857142
911,71532,18,0.919,0.9190063612733202,1,0.05555555555555555
912,71548,16,0.9279999999999999,0.928003804921532,1,0.0625
913,71562,14,0.9369999999999999,0.9370015309765842,1,0.07142857142857142
914,71576,14,0.9369999999999999,0.9370033270073705,1,0.07142857142857142
915,71590,14,0.9369999999999999,0.9370134596133661,1,0.07142857142857142
916,71607,17,0.9235,0.9235031266948088,1,0.058823529411764705
917,71621,14,0.9369999999999999,0.9370023087637221,1,0.07142857142857142
918,71637,16,0.9279999999999999,0.928003677124957,1,0.0625
919,71655,18,0.919,0.9190077563779476,1,0.16666666666666666
920,71670,15,0.9325,0.9325064059755616,1,0.06666666666666667
921,71684,14,0.9369999999999999,0.9370017578935479,1,0.07142857142857142
922,71704,20,0.91,0.9100119293228559,1,0.05
923,71718,14,0.9369999999999999,0.9370084278778172,1,0.07142857142857142
924,71734,16,0.9279999999999999,0.9280081756742711,1,0.1875
925,71764,30,0.865,0.8650227951826246,1,0.03333333333333333
926,71780,16,0.9279999999999999,0.9280016442032595,1,0.0625
927,71794,14,0.9369999999999999,0.9370022966686481,1,0.07142857142857142
928,71812,18,0.919,0.919002025184434,1,0.05555555555555555
929,71826,14,0.9369999999999999,0.9370028791863304,1,0.07142857142857142
930,71840,14,0.9369999999999999,0.937006086652909,1,0.07142857142857142
931,71856,16,0.9279999999999999,0.9280047656230821,1,0.0625
932,71870,14,0.9369999999999999,0.9370021278699372,1,0.07142857142857142
933,71884,14,0.9369999999999999,0.9370164372039488,1,0.07142857142857142
934,71898,14,0.9369999999999999,0.9370173518638666,1,0.07142857142857142
935,71916,18,0.919,0.9190043997813648,1,0.05555555555555555
936,71939,23,0.8965,0.8965120798241443,1,0.13043478260869565
937,71955,16,0.9279999999999999,0.928011776829307,1,0.0625
938,71969,14,0.9369999999999999,0.9370017976233157,1,0.07142857142857142
939,71983,14,0.9369999999999999,0.9370059609946417,1,0.07142857142857142
940,71997,14,0.9369999999999999,0.937012301411378,1,0.07142857142857142
941,72013,16,0.9279999999999999,0.9280030018017128,1,0.0625
942,72027,14,0.9369999999999999,0.9370007189011866,1,0.07142857142857142
943,72043,16,0.9279999999999999,0.9280104472360566,1,0.1875
944,72071,28,0.874,0.8740064953468946,1,0.03571428571428571
945,72089,18,0.919,0.9190052341269929,1,0.16666666666666666
946,72103,14,0.9369999999999999,0.9370014430604464,1,0.07142857142857142
947,72117,14,0.9369999999999999,0.9370031265041171,1,0.07142857142857142
948,72131,14,0.9369999999999999,0.9370008830929858,1,0.07142857142857142
949,72145,14,0.9369999999999999,0.9370007807915133,1,0.07142857142857142
950,72161,16,0.9279999999999999,0.9280021131298539,1,0.1875
951,72175,14,0.9369999999999999,0.9370028754090126,1,0.07142857142857142
952,72191,16,0.9279999999999999,0.9280017766073565,1,0.0625
953,72209,18,0.919,0.9190208859172322,1,0.16666666666666666
954,72223,14,0.9369999999999999,0.9370008606633624,1,0.07142857142857142
955,72237,14,0.9369999999999999,0.9370013832152514,1,0.07142857142857142
956,72251,14,0.9369999999999999,0.9370131576599652,1,0.07142857142857142
957,72265,14,0.9369999999999999,0.9370096956456566,1,0.07142857142857142
958,72283,18,0.919,0.9190062019129446,1,0.05555555555555555
959,72297,14,0.9369999999999999,0.9370077532576614,1,0.07142857142857142
960,72311,14,0.9369999999999999,0.9370015417058871,1,0.07142857142857142
961,72325,14,0.9369999999999999,0.9370019109421619,1,0.07142857142857142
962,72341,16,0.9279999999999999,0.928010037337734,1,0.0625
963,72357,16,0.9279999999999999,0.9280020289222686,1,0.0625
964,72373,16,0.9279999999999999,0.9280020252483445,1,0.0625
965,72387,14,0.9369999999999999,0.9370039723311789,1,0.07142857142857142
966,72401,14,0.9369999999999999,0.9370012784244808,1,0.07142857142857142
967,72421,20,0.91,0.910008126686249,1,0.05
968,72437,16,0.9279999999999999,0.9280014004702627,1,0.0625
969,72451,14,0.9369999999999999,0.9370007035344353,1,0.07142857142857142
970,72465,14,0.9369999999999999,0.9370013247664195,1,0.07142857142857142
971,72481,16,0.9279999999999999,0.9280016469843791,1,0.0625
972,72495,14,0.9369999999999999,0.9370023620531376,1,0.07142857142857142
973,72511,16,0.9279999999999999,0.9280053907713819,1,0.0625
974,72525,14,0.9369999999999999,0.9370012941387974,1,0.07142857142857142
975,72545,20,0.91,0.9100108800469796,1,0.05
976,72565,20,0.91,0.9100017613689152,1,0.05
977,72579,14,0.9369999999999999,0.9370012448260627,1,0.07142857142857142
978,72595,16,0.9279999999999999,0.9280019723564162,1,0.0625
979,72611,16,0.9279999999999999,0.9280029693586137,1,0.0625
980,72625,14,0.9369999999999999,0.937002130931852,1,0.07142857142857142
981,72643,18,0.919,0.9190112010741857,1,0.16666666666666666
982,72661,18,0.919,0.9190055699243669,1,0.05555555555555555
983,72679,18,0.919,0.9190021420220948,1,0.05555555555555555
984,72693,14,0.9369999999999999,0.93700194669092,1,0.07142857142857142
985,72709,16,0.9279999999999999,0.9280024738199303,1,0.0625
986,72723,14,0.9369999999999999,0.9370024174235677,1,0.07142857142857142
987,72737,14,0.9369999999999999,0.9370015935206011,1,0.07142857142857142
988,72751,14,0.9369999999999999,0.9370020315101111,1,0.07142857142857142
989,72765,14,0.9369999999999999,0.9370131471439536,1,0.07142857142857142
990,72781,16,0.9279999999999999,0.9280111539461608,1,0.0625
991,72795,14,0.9369999999999999,0.9370014815561386,1,0.07142857142857142
992,72809,14,0.9369999999999999,0.9370016117230943,1,0.07142857142857142
993,72823,14,0.9369999999999999,0.9370060328294837,1,0.07142857142857142
994,72845,22,0.901,0.9010012698492137,1,0.045454545454545456
995,72870,25,0.8875,0.8875174130873729,1,0.12
996,72888,18,0.919,0.9190068382711734,1,0.05555555555555555
997,72902,14,0.9369999999999999,0.937001751312793,1,0.07142857142857142
998,72920,18,0.919,0.919003721419207,1,0.05555555555555555
999,72942,22,0.901,0.9010173308638839,1,0.045454545454545456
1000,72956,14,0.9369999999999999,0.9370014670461684,1,0.07142857142857142
1001,72974,18,0.919,0.9190058655216893,1,0.05555555555555555
1002,72994,20,0.91,0.9100128577701078,1,0.05
1003,73010,16,0.9279999999999999,0.9280019811141199,1,0.0625
1004,73024,14,0.9369999999999999,0.9370105026975974,1,0.07142857142857142
1005,73038,14,0.9369999999999999,0.9370019364510427,1,0.07142857142857142
1006,73054,16,0.9279999999999999,0.9280078844035505,1,0.0625
1007,73070,16,0.9279999999999999,0.9280013634223808,1,0.0625
1008,73086,16,0.9279999999999999,0.9280030382776673,1,0.0625
1009,73102,16,0.9279999999999999,0.9280015201213285,1,0.1875
1010,73116,14,0.9369999999999999,0.9370018247862839,1,0.07142857142857142
1011,73132,16,0.9279999999999999,0.9280114653389636,1,0.0625
1012,73146,14,0.9369999999999999,0.9370021776727647,1,0.07142857142857142
1013,73162,16,0.9279999999999999,0.928003810875071,1,0.0625
1014,73176,14,0.9369999999999999,0.9370006114993337,1,0.07142857142857142
1015,73194,18,0.919,0.9190065858677678,1,0.05555555555555555
1016,73208,14,0.9369999999999999,0.9370025214880181,1,0.07142857142857142
1017,73228,20,0.91,0.9100090390288871,1,0.05
1018,73242,14,0.9369999999999999,0.9370017350551949,1,0.07142857142857142
1019,73258,16,0.9279999999999999,0.928001147152506,1,0.0625
1020,73272,14,0.9369999999999999,0.9370053847898108,1,0.07142857142857142
1021,73286,14,0.9369999999999999,0.9370127212406101,1,0.07142857142857142
1022,73300,14,0.9369999999999999,0.9370041463846237,1,0.07142857142857142
1023,73314,14,0.9369999999999999,0.9370057143286938,1,0.07142857142857142
1024,73330,16,0.9279999999999999,0.9280030267129252,1,0.0625
1025,73344,14,0.9369999999999999,0.9370017104295983,1,0.07142857142857142
1026,73358,14,0.9369999999999999,0.9370012913901544,1,0.07142857142857142
1027,73372,14,0.9369999999999999,0.9370058727169752,1,0.07142857142857142
1028,73386,14,0.9369999999999999,0.9370016730301726,1,0.07142857142857142
1029,73400,14,0.9369999999999999,0.9370148009873522,1,0.07142857142857142
1030,73414,14,0.9369999999999999,0.9370010389797335,1,0.07142857142857142
1031,73428,14,0.9369999999999999,0.9370020115924267,1,0.07142857142857142
1032,73442,14,0.9369999999999999,0.9370086281573977,1,0.07142857142857142
1033,73456,14,0.9369999999999999,0.9370051719220819,1,0.07142857142857142
1034,73470,14,0.9369999999999999,0.9370027565932677,1,0.07142857142857142
1035,73484,14,0.9369999999999999,0.9370015630751309,1,0.07142857142857142
1036,73505,21,0.9055,0.9055008155253135,1,0.047619047619047616
1037,73519,14,0.9369999999999999,0.9370069220599575,1,0.07142857142857142
1038,73533,14,0.9369999999999999,0.9370023005642171,1,0.07142857142857142
1039,73547,14,0.9369999999999999,0.9370093919250622,1,0.07142857142857142
1040,73565,18,0.919,0.9190131352294955,1,0.05555555555555555
1041,73579,14,0.9369999999999999,0.9370118502872137,1,0.07142857142857142
1042,73595,16,0.9279999999999999,0.9280043063100679,1,0.0625
1043,73611,16,0.9279999999999999,0.9280022280577788,1,0.0625
1044,73625,14,0.9369999999999999,0.9370021197651123,1,0.07142857142857142
1045,73639,14,0.9369999999999999,0.9370102254547635,1,0.07142857142857142
1046,73653,14,0.9369999999999999,0.9370118636476249,1,0.07142857142857142
1047,73670,17,0.9235,0.9235205812017054,1,0.058823529411764705
1048,73684,14,0.9369999999999999,0.9370020926535887,1,0.07142857142857142
1049,73698,14,0.9369999999999999,0.9370006501915354,1,0.07142857142857142
1050,73712,14,0.9369999999999999,0.937002786832668,1,0.07142857142857142
1051,73726,14,0.9369999999999999,0.9370255360307844,1,0.07142857142857142
1052,73740,14,0.9369999999999999,0.9370132634335884,1,0.07142857142857142
1053,73754,14,0.9369999999999999,0.9370024016923152,1,0.07142857142857142
1054,73768,14,0.9369999999999999,0.9370008714655916,1,0.07142857142857142
1055,73794,26,0.883,0.8830014859602071,1,0.038461538461538464
1056,73808,14,0.9369999999999999,0.9370069424986893,1,0.07142857142857142
1057,73822,14,0.9369999999999999,0.9370149525171932,1,0.07142857142857142
1058,73836,14,0.9369999999999999,0.9370148656507402,1,0.07142857142857142
1059,73852,16,0.9279999999999999,0.9280026490953072,1,0.0625
1060,73866,14,0.9369999999999999,0.9370052046617063,1,0.07142857142857142
1061,73880,14,0.9369999999999999,0.9370016370281211,1,0.07142857142857142
1062,73894,14,0.9369999999999999,0.9370008444628551,1,0.07142857142857142
1063,73910,16,0.9279999999999999,0.9280008304199812,1,0.0625
1064,73924,14,0.9369999999999999,0.9370039210859671,1,0.07142857142857142
1065,73938,14,0.9369999999999999,0.9370120062710027,1,0.07142857142857142
1066,73954,16,0.9279999999999999,0.928013496410584,1,0.0625
1067,73970,16,0.9279999999999999,0.9280055002380873,1,0.0625
1068,73984,14,0.9369999999999999,0.9370053403729601,1,0.07142857142857142
1069,74000,16,0.9279999999999999,0.9280142700272183,1,0.0625
1070,74014,14,0.9369999999999999,0.9370017945121061,1,0.07142857142857142
1071,74028,14,0.9369999999999999,0.9370089828938625,1,0.07142857142857142
1072,74042,14,0.9369999999999999,0.9370024598431876,1,0.07142857142857142
1073,74056,14,0.9369999999999999,0.9370176329924278,1,0.07142857142857142
1074,74070,14,0.9369999999999999,0.9370098435177011,1,0.07142857142857142
1075,74084,14,0.9369999999999999,0.937005651405176,1,0.07142857142857142
1076,74098,14,0.9369999999999999,0.9370014040134579,1,0.07142857142857142
1077,74114,16,0.9279999999999999,0.9280085252209856,1,0.0625
1078,74128,14,0.9369999999999999,0.9370063213253397,1,0.07142857142857142
1079,74143,15,0.9325,0.932525442405099,1,0.06666666666666667
1080,74157,14,0.9369999999999999,0.9370086542357516,1,0.07142857142857142
1081,74173,16,0.9279999999999999,0.9280014214928158,1,0.0625
1082,74187,14,0.9369999999999999,0.9370154571527904,1,0.07142857142857142
1083,74201,14,0.9369999999999999,0.9370020391687589,1,0.07142857142857142
1084,74215,14,0.9369999999999999,0.9370019187428715,1,0.07142857142857142
1085,74231,16,0.9279999999999999,0.9280246553145797,1,0.1875
1086,74245,14,0.9369999999999999,0.9370088223825875,1,0.07142857142857142
1087,74263,18,0.919,0.9190114862394825,1,0.05555555555555555
1088,74279,16,0.9279999999999999,0.9280274184065036,1,0.1875
1089,74293,14,0.9369999999999999,0.9370016708784823,1,0.07142857142857142
1090,74307,14,0.9369999999999999,0.9370052458390409,1,0.07142857142857142
1091,74321,14,0.9369999999999999,0.9370015083361546,1,0.07142857142857142
1092,74335,14,0.9369999999999999,0.937001811629122,1,0.07142857142857142
1093,74349,14,0.9369999999999999,0.9370017894874284,1,0.07142857142857142
1094,74365,16,0.9279999999999999,0.9280103860450042,1,0.0625
1095,74381,16,0.9279999999999999,0.9280094302892679,1,0.0625
1096,74397,16,0.9279999999999999,0.9280032946477366,1,0.0625
1097,74415,18,0.919,0.9190092193787767,1,0.16666666666666666
1098,74429,14,0.9369999999999999,0.9370006688131733,1,0.07142857142857142
1099,74443,14,0.9369999999999999,0.9370119584967833,1,0.07142857142857142
1100,74457,14,0.9369999999999999,0.9370048411552905,1,0.07142857142857142
1101,74471,14,0.9369999999999999,0.9370086765009521,1,0.07142857142857142
1102,74485,14,0.9369999999999999,0.9370008135626677,1,0.07142857142857142
1103,74503,18,0.919,0.9190113761142448,1,0.05555555555555555
1104,74523,20,0.91,0.9100102043732372,1,0.05
1105,74537,14,0.9369999999999999,0.9370332206679256,1,0.07142857142857142
1106,74553,16,0.9279999999999999,0.9280030655918191,1,0.0625
1107,74573,20,0.91,0.9100030515163169,1,0.15
1108,74587,14,0.9369999999999999,0.9370027119524603,1,0.07142857142857142
1109,74601,14,0.9369999999999999,0.9370018695164753,1,0.07142857142857142
1110,74618,17,0.9235,0.9235197205988044,1,0.058823529411764705
1111,74632,14,0.9369999999999999,0.937030588897762,1,0.07142857142857142
1112,74648,16,0.9279999999999999,0.9280014023680709,1,0.0625
1113,74664,16,0.9279999999999999,0.9280083180897726,1,0.0625
1114,74678,14,0.9369999999999999,0.937002294950393,1,0.07142857142857142
1115,74692,14,0.9369999999999999,0.9370160183652907,1,0.07142857142857142
1116,74706,14,0.9369999999999999,0.9370093256639136,1,0.07142857142857142
1117,74729,23,0.8965,0.8965224059242332,1,0.043478260869565216
1118,74745,16,0.9279999999999999,0.9280017212793128,1,0.0625
1119,74761,16,0.9279999999999999,0.9280143386695479,1,0.0625
1120,74779,18,0.919,0.9190106467403942,1,0.05555555555555555
1121,74801,22,0.901,0.9010211511809985,1,0.045454545454545456
1122,74817,16,0.9279999999999999,0.9280073025429161,1,0.0625
1123,74833,16,0.9279999999999999,0.9280206617857595,1,0.0625
1124,74852,19,0.9145,0.9145118020224029,1,0.05263157894736842
1125,74866,14,0.9369999999999999,0.9370030380025098,1,0.07142857142857142
1126,74880,14,0.9369999999999999,0.9370146015061885,1,0.07142857142857142
1127,74894,14,0.9369999999999999,0.9370060729197919,1,0.07142857142857142
1128,74910,16,0.9279999999999999,0.9280203208021565,1,0.0625
1129,74924,14,0.9369999999999999,0.9370113466159462,1,0.07142857142857142
1130,74938,14,0.9369999999999999,0.9370022038578255,1,0.07142857142857142
1131,74952,14,0.9369999999999999,0.9370143624842815,1,0.07142857142857142
1132,74966,14,0.9369999999999999,0.9370019542100668,1,0.07142857142857142
1133,74984,18,0.919,0.9190220858230238,1,0.05555555555555555
1134,75001,17,0.9235,0.9235156671013642,1,0.058823529411764705
1135,75021,20,0.91,0.9100037306605527,1,0.05
1136,75035,14,0.9369999999999999,0.9370023647626119,1,0.07142857142857142
1137,75049,14,0.9369999999999999,0.9370059702251746,1,0.07142857142857142
1138,75065,16,0.9279999999999999,0.928002201206295,1,0.0625
1139,75079,14,0.9369999999999999,0.9370048262302282,1,0.07142857142857142
1140,75097,18,0.919,0.9190044338057919,1,0.05555555555555555
1141,75115,18,0.919,0.9190047482798955,1,0.05555555555555555
1142,75129,14,0.9369999999999999,0.9370000851224062,1,0.07142857142857142
1143,75143,14,0.9369999999999999,0.9370001940889134,1,0.07142857142857142
1144,75161,18,0.919,0.9190052432194323,1,0.16666666666666666
1145,75175,14,0.9369999999999999,0.9370035021132068,1,0.07142857142857142
1146,75189,14,0.9369999999999999,0.9370156152416317,1,0.07142857142857142
1147,75203,14,0.9369999999999999,0.9370047014559133,1,0.07142857142857142
1148,75219,16,0.9279999999999999,0.9280005214478185,1,0.1875
1149,75233,14,0.9369999999999999,0.9370027452705026,1,0.07142857142857142
1150,75249,16,0.9279999999999999,0.9280368671159375,1,0.0625
1151,75263,14,0.9369999999999999,0.937001811356221,1,0.07142857142857142
1152,75277,14,0.9369999999999999,0.9370032988256304,1,0.07142857142857142
1153,75291,14,0.9369999999999999,0.9370008690297287,1,0.07142857142857142
1154,75305,14,0.9369999999999999,0.9370006911307478,1,0.07142857142857142
1155,75321,16,0.9279999999999999,0.9280019005055025,1,0.0625
1156,75335,14,0.9369999999999999,0.9370030081361082,1,0.07142857142857142
1157,75349,14,0.9369999999999999,0.9370033711376242,1,0.07142857142857142
1158,75363,14,0.9369999999999999,0.9370016465706382,1,0.07142857142857142
1159,75377,14,0.9369999999999999,0.9370011450693481,1,0.07142857142857142
1160,75391,14,0.9369999999999999,0.9370044859762815,1,0.07142857142857142
1161,75405,14,0.9369999999999999,0.9370076011819315,1,0.07142857142857142
1162,75419,14,0.9369999999999999,0.9370026327569482,1,0.07142857142857142
1163,75433,14,0.9369999999999999,0.9370014491910377,1,0.07142857142857142
1164,75447,14,0.9369999999999999,0.937026935915623,1,0.07142857142857142
1165,75461,14,0.9369999999999999,0.9370224006324136,1,0.07142857142857142
1166,75477,16,0.9279999999999999,0.928002002364573,1,0.0625
1167,75491,14,0.9369999999999999,0.937006124684782,1,0.07142857142857142
1168,75507,16,0.9279999999999999,0.9280086290240763,1,0.0625
1169,75522,15,0.9325,0.9325001836373423,1,0.06666666666666667
1170,75538,16,0.9279999999999999,0.9280040901677546,1,0.0625
1171,75552,14,0.9369999999999999,0.9370015716459253,1,0.07142857142857142
1172,75567,15,0.9325,0.9325102670714025,1,0.06666666666666667
1173,75583,16,0.9279999999999999,0.9280028781035566,1,0.0625
1174,75597,14,0.9369999999999999,0.9370031197788812,1,0.07142857142857142
1175,75611,14,0.9369999999999999,0.9370007157391276,1,0.07142857142857142
1176,75625,14,0.9369999999999999,0.9370005616107248,1,0.07142857142857142
1177,75639,14,0.9369999999999999,0.9370101842938764,1,0.07142857142857142
1178,75653,14,0.9369999999999999,0.9370129752565031,1,0.07142857142857142
1179,75667,14,0.9369999999999999,0.9370051357372705,1,0.07142857142857142
1180,75683,16,0.9279999999999999,0.9280011272832023,1,0.0625
1181,75697,14,0.9369999999999999,0.9370118090547576,1,0.07142857142857142
1182,75711,14,0.9369999999999999,0.937000940219582,1,0.07142857142857142
1183,75727,16,0.9279999999999999,0.9280011554920704,1,0.0625
1184,75743,16,0.9279999999999999,0.9280031545768057,1,0.0625
1185,75759,16,0.9279999999999999,0.9280149712673608,1,0.0625
1186,75775,16,0.9279999999999999,0.9280015359992677,1,0.0625
1187,75789,14,0.9369999999999999,0.9370005445844043,1,0.07142857142857142
1188,75803,14,0.9369999999999999,0.9370147132041404,1,0.07142857142857142
1189,75817,14,0.9369999999999999,0.9370013334765972,1,0.07142857142857142
1190,75831,14,0.9369999999999999,0.9370056763724802,1,0.07142857142857142
1191,75845,14,0.9369999999999999,0.9370073164324927,1,0.07142857142857142
1192,75859,14,0.9369999999999999,0.9370008639205357,1,0.07142857142857142
1193,75873,14,0.9369999999999999,0.9370026450127806,1,0.07142857142857142
1194,75893,20,0.91,0.9100078085467678,1,0.05
1195,75907,14,0.9369999999999999,0.937017349620168,1,0.07142857142857142
1196,75921,14,0.9369999999999999,0.9370017619357388,1,0.07142857142857142
1197,75939,18,0.919,0.9190019112698423,1,0.05555555555555555
1198,75953,14,0.9369999999999999,0.9370026347942092,1,0.07142857142857142
1199,75971,18,0.919,0.9190019893900219,1,0.16666666666666666
1200,75987,16,0.9279999999999999,0.9280007059229308,1,0.0625
1201,76001,14,0.9369999999999999,0.9370102163942674,1,0.07142857142857142
1202,76015,14,0.9369999999999999,0.9370016864501304,1,0.07142857142857142
1203,76029,14,0.9369999999999999,0.9370047342201622,1,0.07142857142857142
1204,76045,16,0.9279999999999999,0.9280129633290862,1,0.1875
1205,76059,14,0.9369999999999999,0.9370022607643453,1,0.07142857142857142
1206,76073,14,0.9369999999999999,0.937003723442982,1,0.07142857142857142
1207,76089,16,0.9279999999999999,0.9280041259273467,1,0.0625
1208,76103,14,0.9369999999999999,0.9370019502304112,1,0.07142857142857142
1209,76121,18,0.919,0.9190040030591549,1,0.16666666666666666
1210,76136,15,0.9325,0.9325071929741314,1,0.06666666666666667
1211,76154,18,0.919,0.9190132726808181,1,0.05555555555555555
1212,76168,14,0.9369999999999999,0.9370070575150663,1,0.07142857142857142
1213,76182,14,0.9369999999999999,0.9370014585893934,1,0.07142857142857142
1214,76198,16,0.9279999999999999,0.9280065584380474,1,0.0625
1215,76212,14,0.9369999999999999,0.9370145938500938,1,0.07142857142857142
1216,76228,16,0.9279999999999999,0.9280097859227986,1,0.0625
1217,76248,20,0.91,0.910001870936095,1,0.05
1218,76262,14,0.9369999999999999,0.9370012343866054,1,0.07142857142857142
1219,76276,14,0.9369999999999999,0.9370064950888728,1,0.07142857142857142
1220,76290,14,0.9369999999999999,0.9370028969584325,1,0.07142857142857142
1221,76304,14,0.9369999999999999,0.9370021103229735,1,0.07142857142857142
1222,76320,16,0.9279999999999999,0.9280008320562099,1,0.0625
1223,76334,14,0.9369999999999999,0.9370022309494273,1,0.07142857142857142
1224,76351,17,0.9235,0.9235041635689131,1,0.058823529411764705
1225,76365,14,0.9369999999999999,0.9370005458332296,1,0.07142857142857142
1226,76381,16,0.9279999999999999,0.9280014792787125,1,0.0625
1227,76397,16,0.9279999999999999,0.92800199282105,1,0.0625
1228,76411,14,0.9369999999999999,0.937001037911471,1,0.07142857142857142
1229,76425,14,0.9369999999999999,0.9370074918126945,1,0.07142857142857142
1230,76439,14,0.9369999999999999,0.9370018797731723,1,0.07142857142857142
1231,76455,16,0.9279999999999999,0.928006537514927,1,0.0625
1232,76469,14,0.9369999999999999,0.9370015753263391,1,0.07142857142857142
1233,76483,14,0.9369999999999999,0.937009154934067,1,0.07142857142857142
1234,76499,16,0.9279999999999999,0.9280021049699726,1,0.1875
1235,76516,17,0.9235,0.9235187852650173,1,0.17647058823529413
1236,76530,14,0.9369999999999999,0.9370080580502875,1,0.07142857142857142
1237,76544,14,0.9369999999999999,0.9370062380296276,1,0.07142857142857142
1238,76558,14,0.9369999999999999,0.9370033777376817,1,0.07142857142857142
1239,76574,16,0.9279999999999999,0.9280071693640382,1,0.0625
1240,76588,14,0.9369999999999999,0.93701660852909,1,0.07142857142857142
1241,76604,16,0.9279999999999999,0.9280068027317838,1,0.0625
1242,76619,15,0.9325,0.9325042187948507,1,0.06666666666666667
1243,76633,14,0.9369999999999999,0.9370024399294978,1,0.07142857142857142
1244,76649,16,0.9279999999999999,0.928020653285799,1,0.0625
1245,76665,16,0.9279999999999999,0.928003941317777,1,0.0625
1246,76679,14,0.9369999999999999,0.9370074978587849,1,0.07142857142857142
1247,76695,16,0.9279999999999999,0.9280042385841714,1,0.0625
1248,76712,17,0.9235,0.9235012247883932,1,0.058823529411764705
1249,76726,14,0.9369999999999999,0.9370019876610358,1,0.07142857142857142
1250,76742,16,0.9279999999999999,0.928027265010682,1,0.0625
1251,76758,16,0.9279999999999999,0.9280112064616383,1,0.0625
1252,76772,14,0.9369999999999999,0.9370020056763542,1,0.07142857142857142
1253,76788,16,0.9279999999999999,0.9280197305117811,1,0.0625
1254,76804,16,0.9279999999999999,0.9280156874524542,1,0.0625
1255,76820,16,0.9279999999999999,0.9280019356738161,1,0.0625
1256,76834,14,0.9369999999999999,0.937001054955133,1,0.07142857142857142
1257,76850,16,0.9279999999999999,0.9280094926047282,1,0.0625
1258,76866,16,0.9279999999999999,0.9280021547062178,1,0.0625
1259,76880,14,0.9369999999999999,0.9370065225466471,1,0.07142857142857142
1260,76894,14,0.9369999999999999,0.9370044596695807,1,0.07142857142857142
1261,76908,14,0.9369999999999999,0.9370016214022426,1,0.07142857142857142
1262,76922,14,0.9369999999999999,0.9370039473984164,1,0.07142857142857142
1263,76938,16,0.9279999999999999,0.9280025597216942,1,0.0625
1264,76952,14,0.9369999999999999,0.9370052383873068,1,0.07142857142857142
1265,76966,14,0.9369999999999999,0.9370023967759253,1,0.07142857142857142
1266,76986,20,0.91,0.910001222056843,1,0.05
1267,77000,14,0.9369999999999999,0.9370026446630426,1,0.07142857142857142
1268,77016,16,0.9279999999999999,0.9280005578931135,1,0.0625
1269,77030,14,0.9369999999999999,0.9370009232421987,1,0.07142857142857142
1270,77044,14,0.9369999999999999,0.9370104380222418,1,0.07142857142857142
1271,77058,14,0.9369999999999999,0.9370011392699886,1,0.07142857142857142
1272,77072,14,0.9369999999999999,0.9370039715857192,1,0.07142857142857142
1273,77088,16,0.9279999999999999,0.9280121545213114,1,0.1875
1274,77102,14,0.9369999999999999,0.9370004544022439,1,0.07142857142857142
1275,77116,14,0.9369999999999999,0.9370034134819771,1,0.07142857142857142
1276,77130,14,0.9369999999999999,0.9370002507984215,1,0.07142857142857142
1277,77146,16,0.9279999999999999,0.9280052894060371,1,0.0625
1278,77162,16,0.9279999999999999,0.928000507534984,1,0.0625
1279,77178,16,0.9279999999999999,0.9280003282738424,1,0.1875
1280,77194,16,0.9279999999999999,0.9280114239632529,1,0.0625
1281,77208,14,0.9369999999999999,0.9370011176116817,1,0.07142857142857142
1282,77222,14,0.9369999999999999,0.9370079132101813,1,0.07142857142857142
1283,77236,14,0.9369999999999999,0.9370005116893069,1,0.07142857142857142
1284,77250,14,0.9369999999999999,0.9370091802091919,1,0.07142857142857142
1285,77264,14,0.9369999999999999,0.9370034397388007,1,0.07142857142857142
1286,77278,14,0.9369999999999999,0.9370081947365785,1,0.07142857142857142
1287,77292,14,0.9369999999999999,0.937000324478593,1,0.07142857142857142
1288,77308,16,0.9279999999999999,0.9280004568051239,1,0.0625
1289,77322,14,0.9369999999999999,0.9370147427792079,1,0.07142857142857142
1290,77337,15,0.9325,0.9325003665504386,1,0.06666666666666667
1291,77353,16,0.9279999999999999,0.9280077733129706,1,0.0625
1292,77368,15,0.9325,0.9325002852194966,1,0.06666666666666667
1293,77384,16,0.9279999999999999,0.9280093879615684,1,0.0625
1294,77398,14,0.9369999999999999,0.9370041888743912,1,0.07142857142857142
1295,77412,14,0.9369999999999999,0.9370010286664067,1,0.07142857142857142
1296,77433,21,0.9055,0.9055359688917951,1,0.14285714285714285
1297,77447,14,0.9369999999999999,0.937000676809152,1,0.07142857142857142
1298,77465,18,0.919,0.9190073641651644,1,0.05555555555555555
1299,77479,14,0.9369999999999999,0.937003742247206,1,0.07142857142857142
1300,77493,14,0.9369999999999999,0.9370000586477698,1,0.07142857142857142
1301,77507,14,0.9369999999999999,0.9370050199381532,1,0.07142857142857142
1302,77521,14,0.9369999999999999,0.937006080523335,1,0.07142857142857142
1303,77535,14,0.9369999999999999,0.9370002806679184,1,0.07142857142857142
1304,77551,16,0.9279999999999999,0.9280015231483597,1,0.0625
1305,77569,18,0.919,0.9190004424176562,1,0.05555555555555555
1306,77585,16,0.9279999999999999,0.9280000662829327,1,0.0625
1307,77599,14,0.9369999999999999,0.937001415512754,1,0.07142857142857142
1308,77615,16,0.9279999999999999,0.9280001394334705,1,0.0625
1309,77629,14,0.9369999999999999,0.9370003882249808,1,0.07142857142857142
1310,77643,14,0.9369999999999999,0.9370070260758674,1,0.07142857142857142
1311,77663,20,0.91,0.9100225422494803,1,0.05
1312,77681,18,0.919,0.9190138003036542,1,0.16666666666666666
1313,77697,16,0.9279999999999999,0.9280012715680391,1,0.0625
1314,77711,14,0.9369999999999999,0.9370012333489608,1,0.07142857142857142
1315,77725,14,0.9369999999999999,0.9370050050745278,1,0.07142857142857142
1316,77741,16,0.9279999999999999,0.9280009185186021,1,0.0625
1317,77760,19,0.9145,0.9145046500139553,1,0.05263157894736842
1318,77774,14,0.9369999999999999,0.9370001791833723,1,0.07142857142857142
1319,77788,14,0.9369999999999999,0.9370001402726899,1,0.07142857142857142
1320,77804,16,0.9279999999999999,0.9279999999999999,1,0.0625
1321,77819,15,0.9325,0.932501732440852,1,0.06666666666666667
1322,77836,17,0.9235,0.9235011164963286,1,0.058823529411764705
1323,77854,18,0.919,0.9190013929833766,1,0.05555555555555555
1324,77868,14,0.9369999999999999,0.9370002410148441,1,0.07142857142857142
1325,77882,14,0.9369999999999999,0.9370012846798453,1,0.07142857142857142
1326,77896,14,0.9369999999999999,0.93700027957044,1,0.07142857142857142
1327,77918,22,0.901,0.9010006878640562,1,0.045454545454545456
1328,77934,16,0.9279999999999999,0.9280055820145517,1,0.0625
1329,77950,16,0.9279999999999999,0.9280015400357069,1,0.0625
1330,77964,14,0.9369999999999999,0.9370002559092944,1,0.07142857142857142
1331,77978,14,0.9369999999999999,0.9370009477777399,1,0.07142857142857142
1332,77992,14,0.9369999999999999,0.9370006379019734,1,0.07142857142857142
1333,78006,14,0.9369999999999999,0.9370004071743764,1,0.07142857142857142
1334,78020,14,0.9369999999999999,0.9370049550423123,1,0.07142857142857142
1335,78034,14,0.9369999999999999,0.9370031260092532,1,0.07142857142857142
1336,78050,16,0.9279999999999999,0.9280023912626632,1,0.0625
1337,78068,18,0.919,0.9190095994715101,1,0.16666666666666666
1338,78084,16,0.9279999999999999,0.9280057523376416,1,0.0625
1339,78100,16,0.9279999999999999,0.928007226902183,1,0.0625
1340,78114,14,0.9369999999999999,0.9370040044783182,1,0.07142857142857142
1341,78128,14,0.9369999999999999,0.9370028597060746,1,0.07142857142857142
1342,78144,16,0.9279999999999999,0.928009482015682,1,0.1875
1343,78158,14,0.9369999999999999,0.9370084733814276,1,0.07142857142857142
1344,78172,14,0.9369999999999999,0.9370023114054867,1,0.07142857142857142
1345,78186,14,0.9369999999999999,0.9370022293757088,1,0.07142857142857142
1346,78200,14,0.9369999999999999,0.9370036327795304,1,0.07142857142857142
1347,78214,14,0.9369999999999999,0.937003419675767,1,0.07142857142857142
1348,78228,14,0.9369999999999999,0.9370040980863709,1,0.07142857142857142
1349,78244,16,0.9279999999999999,0.9280112202050138,1,0.1875
1350,78258,14,0.9369999999999999,0.9370122058251867,1,0.07142857142857142
1351,78305,47,0.7885,0.7885081957789689,1,0.02127659574468085
1352,78335,30,0.865,0.8650216953541807,1,0.03333333333333333
1353,78349,14,0.9369999999999999,0.9370031093427795,1,0.07142857142857142
1354,78363,14,0.9369999999999999,0.9370022702075512,1,0.07142857142857142
1355,78377,14,0.9369999999999999,0.9370033198124434,1,0.07142857142857142
1356,78393,16,0.9279999999999999,0.9280082012877986,1,0.0625
1357,78409,16,0.9279999999999999,0.9280178918293739,1,0.1875
1358,78423,14,0.9369999999999999,0.9370049102540745,1,0.07142857142857142
1359,78437,14,0.9369999999999999,0.9370031760234093,1,0.07142857142857142
1360,78451,14,0.9369999999999999,0.9370073058553849,1,0.07142857142857142
1361,78465,14,0.9369999999999999,0.9370063807731573,1,0.07142857142857142
1362,78481,16,0.9279999999999999,0.9280028489035846,1,0.0625
1363,78495,14,0.9369999999999999,0.9370031522733394,1,0.07142857142857142
1364,78509,14,0.9369999999999999,0.9370075030380487,1,0.07142857142857142
1365,78525,16,0.9279999999999999,0.9280364797183773,1,0.1875
1366,78541,16,0.9279999999999999,0.9280011170419932,1,0.0625
1367,78557,16,0.9279999999999999,0.9280293421057527,1,0.1875
1368,78571,14,0.9369999999999999,0.9370117622206062,1,0.07142857142857142
1369,78585,14,0.9369999999999999,0.9370157754044695,1,0.07142857142857142
1370,78599,14,0.9369999999999999,0.9370092567929316,1,0.07142857142857142
1371,78613,14,0.9369999999999999,0.9370092853699062,1,0.07142857142857142
1372,78627,14,0.9369999999999999,0.9370039135768673,1,0.07142857142857142
1373,78641,14,0.9369999999999999,0.9370048615012229,1,0.07142857142857142
1374,78655,14,0.9369999999999999,0.9370176527573068,1,0.07142857142857142
1375,78669,14,0.9369999999999999,0.9370101569041537,1,0.07142857142857142
1376,78687,18,0.919,0.9190036708324356,1,0.05555555555555555
1377,78703,16,0.9279999999999999,0.9280493344700811,1,0.1875
1378,78719,16,0.9279999999999999,0.9280018884967753,1,0.0625
1379,78745,26,0.883,0.8830093425817543,1,0.038461538461538464
1380,78761,16,0.9279999999999999,0.9280221377888977,1,0.0625
1381,78775,14,0.9369999999999999,0.9370054252349798,1,0.07142857142857142
1382,78789,14,0.9369999999999999,0.9370086755717127,1,0.07142857142857142
1383,78805,16,0.9279999999999999,0.9280128964537112,1,0.1875
1384,78821,16,0.9279999999999999,0.928001880567818,1,0.0625
1385,78835,14,0.9369999999999999,0.9370020798920217,1,0.07142857142857142
1386,78849,14,0.9369999999999999,0.9370033525845957,1,0.07142857142857142
1387,78863,14,0.9369999999999999,0.937003083950993,1,0.07142857142857142
1388,78877,14,0.9369999999999999,0.9370075157842023,1,0.07142857142857142
1389,78891,14,0.9369999999999999,0.9370112171638182,1,0.07142857142857142
1390,78907,16,0.9279999999999999,0.928004207664803,1,0.0625
1391,78925,18,0.919,0.9190103492867977,1,0.05555555555555555
1392,78939,14,0.9369999999999999,0.9370106239805005,1,0.07142857142857142
1393,78953,14,0.9369999999999999,0.9370034756763462,1,0.07142857142857142
1394,78969,16,0.9279999999999999,0.9280076432278678,1,0.0625
1395,78987,18,0.919,0.9190155475939187,1,0.05555555555555555
1396,79001,14,0.9369999999999999,0.9370044287977504,1,0.07142857142857142
1397,79015,14,0.9369999999999999,0.9370042107370246,1,0.07142857142857142
1398,79029,14,0.9369999999999999,0.9370030901844977,1,0.07142857142857142
1399,79045,16,0.9279999999999999,0.9280038469449058,1,0.0625
1400,79063,18,0.919,0.9190038324244179,1,0.16666666666666666
1401,79077,14,0.9369999999999999,0.9370008723278698,1,0.07142857142857142
1402,79091,14,0.9369999999999999,0.9370009937136751,1,0.07142857142857142
1403,79105,14,0.9369999999999999,0.9370013654767675,1,0.07142857142857142
1404,79119,14,0.9369999999999999,0.9370083293486812,1,0.07142857142857142
1405,79133,14,0.9369999999999999,0.9370007937898664,1,0.07142857142857142
1406,79147,14,0.9369999999999999,0.9370012969037781,1,0.07142857142857142
1407,79163,16,0.9279999999999999,0.928008778951765,1,0.1875
1408,79177,14,0.9369999999999999,0.9370010241232087,1,0.07142857142857142
1409,79191,14,0.9369999999999999,0.9370006241617507,1,0.07142857142857142
1410,79243,52,0.766,0.7660012664786253,1,0.057692307692307696
1411,79257,14,0.9369999999999999,0.9370009393368925,1,0.07142857142857142
1412,79271,14,0.9369999999999999,0.9370070726523793,1,0.07142857142857142
1413,79285,14,0.9369999999999999,0.9370027462441172,1,0.07142857142857142
1414,79345,60,0.73,0.7300037775603099,1,0.016666666666666666
1415,79361,16,0.9279999999999999,0.9280009444943194,1,0.0625
1416,79377,16,0.9279999999999999,0.928000938148265,1,0.1875
1417,79391,14,0.9369999999999999,0.9370010939081636,1,0.07142857142857142
1418,79405,14,0.9369999999999999,0.9370005532543413,1,0.07142857142857142
1419,79419,14,0.9369999999999999,0.9370009814161708,1,0.07142857142857142
1420,79437,18,0.919,0.9190017925280181,1,0.05555555555555555
1421,79451,14,0.9369999999999999,0.9370015110840797,1,0.07142857142857142
1422,79465,14,0.9369999999999999,0.937006558688003,1,0.07142857142857142
1423,79479,14,0.9369999999999999,0.9370004281570679,1,0.07142857142857142
1424,79493,14,0.9369999999999999,0.9370020542499223,1,0.07142857142857142
1425,79507,14,0.9369999999999999,0.9370110112041627,1,0.07142857142857142
1426,79521,14,0.9369999999999999,0.9370045402610289,1,0.07142857142857142
1427,79535,14,0.9369999999999999,0.9370002097540432,1,0.07142857142857142
1428,79549,14,0.9369999999999999,0.9370093601602566,1,0.07142857142857142
1429,79563,14,0.9369999999999999,0.9370009723231392,1,0.07142857142857142
1430,79581,18,0.919,0.9190011376317225,1,0.05555555555555555
1431,79595,14,0.9369999999999999,0.9370016501410856,1,0.07142857142857142
1432,79633,38,0.829,0.829011532954198,1,0.02631578947368421
1433,79671,38,0.829,0.8290011101328102,1,0.07894736842105263
1434,79695,24,0.892,0.8920006885245215,1,0.041666666666666664
1435,79709,14,0.9369999999999999,0.9370061702138809,1,0.07142857142857142
1436,79725,16,0.9279999999999999,0.9280023894829768,1,0.0625
1437,79741,16,0.9279999999999999,0.928001267236657,1,0.0625
1438,79755,14,0.9369999999999999,0.9370053483447881,1,0.07142857142857142
1439,79769,14,0.9369999999999999,0.9370055374678863,1,0.07142857142857142
1440,79863,94,0.577,0.5770012895165524,1,0.010638297872340425
1441,79877,14,0.9369999999999999,0.9370013745703352,1,0.07142857142857142
1442,79891,14,0.9369999999999999,0.9370020632012862,1,0.07142857142857142
1443,79907,16,0.9279999999999999,0.9280034371451296,1,0.0625
1444,79921,14,0.9369999999999999,0.9370014817271538,1,0.07142857142857142
1445,79937,16,0.9279999999999999,0.9280018988660718,1,0.0625
1446,79951,14,0.9369999999999999,0.9370012002862129,1,0.07142857142857142
1447,79965,14,0.9369999999999999,0.9370012346431288,1,0.07142857142857142
1448,79985,20,0.91,0.9100016970525765,1,0.05
1449,80001,16,0.9279999999999999,0.9280012613038636,1,0.0625
1450,80016,15,0.9325,0.9325016986509902,1,0.06666666666666667
1451,80030,14,0.9369999999999999,0.9370140077675401,1,0.07142857142857142
1452,80044,14,0.9369999999999999,0.9370018856530773,1,0.07142857142857142
1453,80058,14,0.9369999999999999,0.9370002501383369,1,0.07142857142857142
1454,80072,14,0.9369999999999999,0.9370003484217772,1,0.07142857142857142
1455,80090,18,0.919,0.9190035102769224,1,0.05555555555555555
1456,80104,14,0.9369999999999999,0.9370092808291277,1,0.07142857142857142
1457,80120,16,0.9279999999999999,0.9280001519631522,1,0.0625
1458,80138,18,0.919,0.919010663033623,1,0.05555555555555555
1459,80152,14,0.9369999999999999,0.9370109083991311,1,0.07142857142857142
1460,80166,14,0.9369999999999999,0.9370042271646501,1,0.07142857142857142
1461,80182,16,0.9279999999999999,0.9280059115461224,1,0.0625
1462,80198,16,0.9279999999999999,0.9280058598040698,1,0.0625
1463,80212,14,0.9369999999999999,0.9370001577082842,1,0.07142857142857142
1464,80226,14,0.9369999999999999,0.9370065395197268,1,0.07142857142857142
1465,80240,14,0.9369999999999999,0.9370002223347725,1,0.07142857142857142
1466,80256,16,0.9279999999999999,0.9280003399756784,1,0.0625
1467,80270,14,0.9369999999999999,0.9370001452428678,1,0.07142857142857142
1468,80284,14,0.9369999999999999,0.9370007309193746,1,0.07142857142857142
1469,80300,16,0.9279999999999999,0.9280004398380147,1,0.0625
1470,80314,14,0.9369999999999999,0.9370008313927211,1,0.07142857142857142
1471,80330,16,0.9279999999999999,0.9280044209507804,1,0.0625
1472,80344,14,0.9369999999999999,0.9370017687611819,1,0.07142857142857142
1473,80358,14,0.9369999999999999,0.937016216734274,1,0.07142857142857142
1474,80372,14,0.9369999999999999,0.9370042818692619,1,0.07142857142857142
1475,80386,14,0.9369999999999999,0.937000241868553,1,0.07142857142857142
1476,80402,16,0.9279999999999999,0.9280180833275846,1,0.1875
1477,80418,16,0.9279999999999999,0.9280261311833955,1,0.1875
1478,80432,14,0.9369999999999999,0.9370052303154037,1,0.07142857142857142
1479,80446,14,0.9369999999999999,0.9370009216848716,1,0.07142857142857142
1480,80460,14,0.9369999999999999,0.9370185102432934,1,0.07142857142857142
1481,80476,16,0.9279999999999999,0.9280004960568783,1,0.0625
1482,80490,14,0.9369999999999999,0.9370008835133214,1,0.07142857142857142
1483,80504,14,0.9369999999999999,0.9370078985786204,1,0.07142857142857142
1484,80518,14,0.9369999999999999,0.9370043811914889,1,0.07142857142857142
1485,80532,14,0.9369999999999999,0.937017510988479,1,0.07142857142857142
1486,80546,14,0.9369999999999999,0.9370102202712971,1,0.07142857142857142
1487,80560,14,0.9369999999999999,0.937009330442455,1,0.07142857142857142
1488,80574,14,0.9369999999999999,0.937003329560341,1,0.07142857142857142
1489,80588,14,0.9369999999999999,0.9370004364234349,1,0.07142857142857142
1490,80602,14,0.9369999999999999,0.9370061996842572,1,0.07142857142857142
1491,80618,16,0.9279999999999999,0.9280025294910567,1,0.1875
1492,80640,22,0.901,0.9010044913825139,1,0.045454545454545456
1493,80656,16,0.9279999999999999,0.9280006067832633,1,0.0625
1494,80670,14,0.9369999999999999,0.937004048315048,1,0.07142857142857142
1495,80684,14,0.9369999999999999,0.937001170613735,1,0.07142857142857142
1496,80701,17,0.9235,0.9235003729455393,1,0.058823529411764705
1497,80715,14,0.9369999999999999,0.9370020188118205,1,0.07142857142857142
1498,80729,14,0.9369999999999999,0.9370176496133517,1,0.07142857142857142
1499,80743,14,0.9369999999999999,0.9370007504826348,1,0.07142857142857142
1500,80757,14,0.9369999999999999,0.9370007754504088,1,0.07142857142857142
1501,80772,15,0.9325,0.9325066459538432,1,0.06666666666666667
1502,80786,14,0.9369999999999999,0.9370053524829535,1,0.07142857142857142
1503,80800,14,0.9369999999999999,0.9370010996522982,1,0.07142857142857142
1504,80814,14,0.9369999999999999,0.9370003686055245,1,0.07142857142857142
1505,80830,16,0.9279999999999999,0.9280049758511328,1,0.0625
1506,80845,15,0.9325,0.9325015168195212,1,0.06666666666666667
1507,80859,14,0.9369999999999999,0.9370173494854354,1,0.07142857142857142
1508,80873,14,0.9369999999999999,0.9370007584895141,1,0.07142857142857142
1509,80887,14,0.9369999999999999,0.9370098704739201,1,0.07142857142857142
1510,80901,14,0.9369999999999999,0.9370003667086786,1,0.07142857142857142
1511,80917,16,0.9279999999999999,0.9280065901077106,1,0.0625
1512,80931,14,0.9369999999999999,0.9370003670855929,1,0.07142857142857142
1513,80945,14,0.9369999999999999,0.9370010422382881,1,0.07142857142857142
1514,80959,14,0.9369999999999999,0.937000814932908,1,0.07142857142857142
1515,80975,16,0.9279999999999999,0.9280245017997432,1,0.0625
1516,80989,14,0.9369999999999999,0.9370056049431474,1,0.07142857142857142
1517,81003,14,0.9369999999999999,0.9370025400410493,1,0.07142857142857142
1518,81017,14,0.9369999999999999,0.9370025259985953,1,0.07142857142857142
1519,81083,66,0.703,0.7030177792634489,1,0.015151515151515152
1520,81229,146,0.34299999999999997,0.34305764223986823,1,0.03424657534246575
1521,81245,16,0.9279999999999999,0.9280017149512788,1,0.0625
1522,81262,17,0.9235,0.9235018780688218,1,0.058823529411764705
1523,81276,14,0.9369999999999999,0.9370015880185547,1,0.07142857142857142
1524,81290,14,0.9369999999999999,0.9370056484163634,1,0.07142857142857142
1525,81304,14,0.9369999999999999,0.9370031939915421,1,0.07142857142857142
1526,81320,16,0.9279999999999999,0.9280039914174005,1,0.0625
1527,81458,138,0.379,0.37901507685357483,1,0.007246376811594203
1528,81552,94,0.577,0.577011863188193,1,0.010638297872340425
1529,81752,200,0.0,3.38525099802663e-05,0,0.005
1530,81821,69,0.6895,0.6895090157887017,1,0.014492753623188406
1531,81837,16,0.9279999999999999,0.9280134602349027,1,0.0625
1532,81851,14,0.9369999999999999,0.9370025449406046,1,0.07142857142857142
1533,81865,14,0.9369999999999999,0.9370023128885674,1,0.07142857142857142
1534,81879,14,0.9369999999999999,0.9370080819883844,1,0.07142857142857142
1535,81951,72,0.6759999999999999,0.6760109271233017,1,0.013888888888888888
1536,81967,16,0.9279999999999999,0.9280037467151402,1,0.0625
1537,81981,14,0.9369999999999999,0.9370039923327851,1,0.07142857142857142
1538,81995,14,0.9369999999999999,0.9370031116695217,1,0.07142857142857142
1539,82011,16,0.9279999999999999,0.9280006099385091,1,0.0625
1540,82027,16,0.9279999999999999,0.9280027413472167,1,0.0625
1541,82045,18,0.919,0.9190009120211041,1,0.05555555555555555
1542,82061,16,0.9279999999999999,0.9280011778320603,1,0.0625
1543,82075,14,0.9369999999999999,0.9370011619381804,1,0.07142857142857142
1544,82089,14,0.9369999999999999,0.937011653927695,1,0.07142857142857142
1545,82107,18,0.919,0.9190012213852765,1,0.05555555555555555
1546,82121,14,0.9369999999999999,0.9370139425685498,1,0.07142857142857142
1547,82135,14,0.9369999999999999,0.9370002295910802,1,0.07142857142857142
1548,82149,14,0.9369999999999999,0.9370006951955732,1,0.07142857142857142
1549,82163,14,0.9369999999999999,0.9370157911725369,1,0.07142857142857142
1550,82177,14,0.9369999999999999,0.9370013999945754,1,0.07142857142857142
1551,82199,22,0.901,0.9010104761756632,1,0.045454545454545456
1552,82224,25,0.8875,0.8875053881154251,1,0.12
1553,82238,14,0.9369999999999999,0.9370060464101349,1,0.07142857142857142
1554,82252,14,0.9369999999999999,0.9370084350524078,1,0.07142857142857142
1555,82268,16,0.9279999999999999,0.9280004574718316,1,0.1875
1556,82282,14,0.9369999999999999,0.9370168490546613,1,0.07142857142857142
1557,82296,14,0.9369999999999999,0.9370058830908534,1,0.07142857142857142
1558,82312,16,0.9279999999999999,0.928006449999135,1,0.0625
1559,82326,14,0.9369999999999999,0.9370014741511257,1,0.07142857142857142
1560,82340,14,0.9369999999999999,0.9370010056253232,1,0.07142857142857142
1561,82354,14,0.9369999999999999,0.9370012986147526,1,0.07142857142857142
1562,82390,36,0.838,0.8380064611813619,1,0.027777777777777776
1563,82404,14,0.9369999999999999,0.9370010788001664,1,0.07142857142857142
1564,82418,14,0.9369999999999999,0.9370052538693612,1,0.07142857142857142
1565,82432,14,0.9369999999999999,0.9370016089125753,1,0.07142857142857142
1566,82446,14,0.9369999999999999,0.9370001906820951,1,0.07142857142857142
1567,82460,14,0.9369999999999999,0.9370001387951369,1,0.07142857142857142
1568,82474,14,0.9369999999999999,0.9370065622002827,1,0.07142857142857142
1569,82490,16,0.9279999999999999,0.9280164080088833,1,0.0625
1570,82504,14,0.9369999999999999,0.9370011352699282,1,0.07142857142857142
1571,82520,16,0.9279999999999999,0.9280145335143354,1,0.0625
1572,82534,14,0.9369999999999999,0.9370009580632368,1,0.07142857142857142
1573,82550,16,0.9279999999999999,0.9280008640226622,1,0.0625
1574,82566,16,0.9279999999999999,0.928003380061718,1,0.0625
1575,82582,16,0.9279999999999999,0.9280049574811379,1,0.0625
1576,82596,14,0.9369999999999999,0.9370039443124782,1,0.07142857142857142
1577,82610,14,0.9369999999999999,0.9370091297225952,1,0.07142857142857142
1578,82626,16,0.9279999999999999,0.9280115906245482,1,0.0625
1579,82642,16,0.9279999999999999,0.9280089678125346,1,0.0625
1580,82658,16,0.9279999999999999,0.9280102569552761,1,0.1875
1581,82676,18,0.919,0.9190024121635498,1,0.05555555555555555
1582,82690,14,0.9369999999999999,0.9370034675644984,1,0.07142857142857142
1583,82704,14,0.9369999999999999,0.9370029448884322,1,0.07142857142857142
1584,82718,14,0.9369999999999999,0.9370056938508847,1,0.07142857142857142
1585,82734,16,0.9279999999999999,0.9280014224509994,1,0.0625
1586,82750,16,0.9279999999999999,0.9280007334278091,1,0.0625
1587,82764,14,0.9369999999999999,0.9370086352372208,1,0.07142857142857142
1588,82778,14,0.9369999999999999,0.9370002434662924,1,0.07142857142857142
1589,82792,14,0.9369999999999999,0.9370132753101448,1,0.07142857142857142
1590,82809,17,0.9235,0.923501780939495,1,0.058823529411764705
1591,82823,14,0.9369999999999999,0.9370016865694477,1,0.07142857142857142
1592,82839,16,0.9279999999999999,0.9280032349640706,1,0.0625
1593,82853,14,0.9369999999999999,0.9370002532104132,1,0.07142857142857142
1594,82869,16,0.9279999999999999,0.9279999999999999,1,0.0625
1595,82883,14,0.9369999999999999,0.9370003449242188,1,0.07142857142857142
1596,82903,20,0.91,0.9100033594963824,1,0.15
1597,82917,14,0.9369999999999999,0.9370005436536097,1,0.07142857142857142
1598,82933,16,0.9279999999999999,0.9280016501067984,1,0.0625
1599,82947,14,0.9369999999999999,0.9370118443066406,1,0.07142857142857142
1600,82961,14,0.9369999999999999,0.9370040589072384,1,0.07142857142857142
1601,82979,18,0.919,0.9190026977258728,1,0.05555555555555555
1602,82993,14,0.9369999999999999,0.9370004669625528,1,0.07142857142857142
1603,83017,24,0.892,0.8920069106251252,1,0.041666666666666664
1604,83031,14,0.9369999999999999,0.9370119942104678,1,0.07142857142857142
1605,83045,14,0.9369999999999999,0.9370048269202047,1,0.07142857142857142
1606,83084,39,0.8245,0.8245025170070792,1,0.02564102564102564
1607,83098,14,0.9369999999999999,0.9370044878435759,1,0.07142857142857142
1608,83112,14,0.9369999999999999,0.9370012677508371,1,0.07142857142857142
1609,83126,14,0.9369999999999999,0.9370105324595149,1,0.07142857142857142
1610,83140,14,0.9369999999999999,0.9370025664914503,1,0.07142857142857142
1611,83159,19,0.9145,0.9145407154815671,1,0.2631578947368421
1612,83173,14,0.9369999999999999,0.9370103597294512,1,0.07142857142857142
1613,83187,14,0.9369999999999999,0.9370096801654157,1,0.07142857142857142
1614,83201,14,0.9369999999999999,0.9370032489539891,1,0.07142857142857142
1615,83251,50,0.775,0.7750033666870338,1,0.02
1616,83265,14,0.9369999999999999,0.9370100500934208,1,0.07142857142857142
1617,83279,14,0.9369999999999999,0.9370016270247219,1,0.07142857142857142
1618,83293,14,0.9369999999999999,0.937007632520694,1,0.07142857142857142
1619,83307,14,0.9369999999999999,0.9370112118345906,1,0.07142857142857142
1620,83321,14,0.9369999999999999,0.9370025305752436,1,0.07142857142857142
1621,83337,16,0.9279999999999999,0.9280037615087182,1,0.0625
1622,83351,14,0.9369999999999999,0.9370103627311611,1,0.07142857142857142
1623,83365,14,0.9369999999999999,0.9370076066417452,1,0.07142857142857142
1624,83379,14,0.9369999999999999,0.9370017826862242,1,0.07142857142857142
1625,83393,14,0.9369999999999999,0.9370033802601597,1,0.07142857142857142
1626,83407,14,0.9369999999999999,0.9370027564392388,1,0.07142857142857142
1627,83421,14,0.9369999999999999,0.937003322995592,1,0.07142857142857142
1628,83435,14,0.9369999999999999,0.9370021542450776,1,0.07142857142857142
1629,83449,14,0.9369999999999999,0.9370039693365313,1,0.07142857142857142
1630,83463,14,0.9369999999999999,0.9370030729920612,1,0.07142857142857142
1631,83479,16,0.9279999999999999,0.928010720577484,1,0.0625
1632,83493,14,0.9369999999999999,0.9370100065248427,1,0.07142857142857142
1633,83507,14,0.9369999999999999,0.9370032926317995,1,0.07142857142857142
1634,83523,16,0.9279999999999999,0.9280160477230887,1,0.0625
1635,83537,14,0.9369999999999999,0.9370036805892817,1,0.07142857142857142
1636,83551,14,0.9369999999999999,0.9370005032730827,1,0.07142857142857142
1637,83565,14,0.9369999999999999,0.9370030212300245,1,0.07142857142857142
1638,83579,14,0.9369999999999999,0.9370201492286897,1,0.07142857142857142
1639,83593,14,0.9369999999999999,0.9370096519888497,1,0.07142857142857142
1640,83607,14,0.9369999999999999,0.9370208293621538,1,0.07142857142857142
1641,83621,14,0.9369999999999999,0.9370050272718128,1,0.07142857142857142
1642,83635,14,0.9369999999999999,0.9370018803090222,1,0.07142857142857142
1643,83649,14,0.9369999999999999,0.9370017558193643,1,0.07142857142857142
1644,83663,14,0.9369999999999999,0.9370037563148945,1,0.07142857142857142
1645,83677,14,0.9369999999999999,0.937015707953447,1,0.07142857142857142
1646,83695,18,0.919,0.9190032863441602,1,0.05555555555555555
1647,83709,14,0.9369999999999999,0.9370198108186233,1,0.07142857142857142
1648,83727,18,0.919,0.9190035033101835,1,0.16666666666666666
1649,83741,14,0.9369999999999999,0.9370015491525976,1,0.07142857142857142
1650,83757,16,0.9279999999999999,0.9280027455698245,1,0.0625
1651,83771,14,0.9369999999999999,0.9370022117391866,1,0.07142857142857142
1652,83785,14,0.9369999999999999,0.9370028427008754,1,0.07142857142857142
1653,83799,14,0.9369999999999999,0.9370044032120842,1,0.07142857142857142
1654,83815,16,0.9279999999999999,0.9280042724969315,1,0.0625
1655,83833,18,0.919,0.9190010907589197,1,0.05555555555555555
1656,83847,14,0.9369999999999999,0.9370147679485985,1,0.07142857142857142
1657,83861,14,0.9369999999999999,0.9370039670277907,1,0.07142857142857142
1658,83875,14,0.9369999999999999,0.9370025332300232,1,0.07142857142857142
1659,83889,14,0.9369999999999999,0.9370027980536301,1,0.07142857142857142
1660,83903,14,0.9369999999999999,0.9370032269346,1,0.07142857142857142
1661,83917,14,0.9369999999999999,0.9370131376714755,1,0.07142857142857142
1662,83931,14,0.9369999999999999,0.9370066980479466,1,0.07142857142857142
1663,83947,16,0.9279999999999999,0.928007407671967,1,0.0625
1664,83967,20,0.91,0.9100125665376377,1,0.05
1665,83981,14,0.9369999999999999,0.9370027041463553,1,0.07142857142857142
1666,83997,16,0.9279999999999999,0.9280072217015289,1,0.0625
1667,84011,14,0.9369999999999999,0.9370058344456974,1,0.07142857142857142
1668,84032,21,0.9055,0.905511353783694,1,0.047619047619047616
1669,84052,20,0.91,0.910000615863888,1,0.05
1670,84096,44,0.802,0.8020025454765078,1,0.022727272727272728
1671,84112,16,0.9279999999999999,0.9280006007980852,1,0.0625
1672,84134,22,0.901,0.9010014025953392,1,0.045454545454545456
1673,84153,19,0.9145,0.9145150786135744,1,0.05263157894736842
1674,84170,17,0.9235,0.9235044540673807,1,0.058823529411764705
1675,84184,14,0.9369999999999999,0.9370018006341876,1,0.07142857142857142
1676,84212,28,0.874,0.8740024574963864,1,0.03571428571428571
1677,84228,16,0.9279999999999999,0.9280012451533977,1,0.0625
1678,84245,17,0.9235,0.9235009953010599,1,0.058823529411764705
1679,84265,20,0.91,0.9100006887177979,1,0.05
1680,84324,59,0.7344999999999999,0.734529716843052,1,0.01694915254237288
1681,84338,14,0.9369999999999999,0.9370007233621999,1,0.07142857142857142
1682,84356,18,0.919,0.9190029644682147,1,0.05555555555555555
1683,84377,21,0.9055,0.9055180427418346,1,0.047619047619047616
1684,84395,18,0.919,0.9190043471539818,1,0.05555555555555555
1685,84419,24,0.892,0.8920032567635725,1,0.125
1686,84433,14,0.9369999999999999,0.9370019295180343,1,0.07142857142857142
1687,84447,14,0.9369999999999999,0.9370041885555813,1,0.07142857142857142
1688,84461,14,0.9369999999999999,0.9370008063407322,1,0.07142857142857142
1689,84475,14,0.9369999999999999,0.9370064843698583,1,0.07142857142857142
1690,84495,20,0.91,0.9100009823760679,1,0.05
1691,84509,14,0.9369999999999999,0.9370003470742483,1,0.07142857142857142
1692,84527,18,0.919,0.9190013799240812,1,0.05555555555555555
1693,84550,23,0.8965,0.8965085380427766,1,0.043478260869565216
1694,84564,14,0.9369999999999999,0.9370007944271423,1,0.07142857142857142
1695,84578,14,0.9369999999999999,0.9370007518708491,1,0.07142857142857142
1696,84596,18,0.919,0.9190013542077287,1,0.05555555555555555
1697,84612,16,0.9279999999999999,0.928000807889249,1,0.0625
1698,84626,14,0.9369999999999999,0.9370005069018481,1,0.07142857142857142
1699,84652,26,0.883,0.8830089294081834,1,0.07692307692307693
1700,84666,14,0.9369999999999999,0.9370018540457558,1,0.07142857142857142
1701,84686,20,0.91,0.9100011265502088,1,0.15
1702,84700,14,0.9369999999999999,0.9370009793121971,1,0.07142857142857142
1703,84714,14,0.9369999999999999,0.9370022956014838,1,0.07142857142857142
1704,84730,16,0.9279999999999999,0.9280041146584163,1,0.0625
1705,84751,21,0.9055,0.9055011851700661,1,0.047619047619047616
1706,84765,14,0.9369999999999999,0.9370044094806019,1,0.07142857142857142
1707,84779,14,0.9369999999999999,0.9370007745671886,1,0.07142857142857142
1708,84793,14,0.9369999999999999,0.9370001542119718,1,0.07142857142857142
1709,84807,14,0.9369999999999999,0.9370007206645167,1,0.07142857142857142
1710,84821,14,0.9369999999999999,0.9370033754380425,1,0.07142857142857142
1711,84835,14,0.9369999999999999,0.9370191998252702,1,0.07142857142857142
1712,84849,14,0.9369999999999999,0.9370019922385717,1,0.07142857142857142
1713,84864,15,0.9325,0.9325012696098984,1,0.06666666666666667
1714,84882,18,0.919,0.9190011382801282,1,0.05555555555555555
1715,84896,14,0.9369999999999999,0.9370013068018979,1,0.07142857142857142
1716,84910,14,0.9369999999999999,0.9370017910011023,1,0.07142857142857142
1717,84924,14,0.9369999999999999,0.9370099727117207,1,0.07142857142857142
1718,84938,14,0.9369999999999999,0.937000640996174,1,0.07142857142857142
1719,84955,17,0.9235,0.9235022035596961,1,0.058823529411764705
1720,84969,14,0.9369999999999999,0.9370058627536376,1,0.07142857142857142
1721,84983,14,0.9369999999999999,0.9370003433463573,1,0.07142857142857142
1722,84998,15,0.9325,0.9325151027291049,1,0.06666666666666667
1723,85014,16,0.9279999999999999,0.9280052026762541,1,0.0625
1724,85030,16,0.9279999999999999,0.9280008982383333,1,0.0625
1725,85044,14,0.9369999999999999,0.9370013009959136,1,0.07142857142857142
1726,85062,18,0.919,0.919002753966763,1,0.05555555555555555
1727,85076,14,0.9369999999999999,0.9370001486460547,1,0.07142857142857142
1728,85090,14,0.9369999999999999,0.9370031788959182,1,0.07142857142857142
1729,85104,14,0.9369999999999999,0.9369999999999999,1,0.07142857142857142
1730,85118,14,0.9369999999999999,0.9370059883160554,1,0.07142857142857142
1731,85134,16,0.9279999999999999,0.9280030479395364,1,0.0625
1732,85148,14,0.9369999999999999,0.9370005100238478,1,0.07142857142857142
1733,85166,18,0.919,0.9190001694321352,1,0.05555555555555555
1734,85188,22,0.901,0.9010019959614471,1,0.045454545454545456
1735,85204,16,0.9279999999999999,0.9280024599090572,1,0.0625
1736,85224,20,0.91,0.9100052556395121,1,0.15
1737,85240,16,0.9279999999999999,0.9280014771578216,1,0.0625
1738,85254,14,0.9369999999999999,0.9370026861016706,1,0.07142857142857142
1739,85270,16,0.9279999999999999,0.928000611596956,1,0.0625
1740,85286,16,0.9279999999999999,0.9280024278690618,1,0.0625
1741,85306,20,0.91,0.9100087105161199,1,0.05
1742,85320,14,0.9369999999999999,0.9370041534272137,1,0.07142857142857142
1743,85334,14,0.9369999999999999,0.9370014522566453,1,0.07142857142857142
1744,85352,18,0.919,0.9190037048892049,1,0.05555555555555555
1745,85367,15,0.9325,0.9325010589677988,1,0.06666666666666667
1746,85381,14,0.9369999999999999,0.9370010075144187,1,0.07142857142857142
1747,85397,16,0.9279999999999999,0.9280037418704317,1,0.1875
1748,85411,14,0.9369999999999999,0.9370005992350966,1,0.07142857142857142
1749,85429,18,0.919,0.9190026605850535,1,0.05555555555555555
1750,85445,16,0.9279999999999999,0.928010803236792,1,0.0625
1751,85463,18,0.919,0.9190032630173032,1,0.05555555555555555
1752,85481,18,0.919,0.919040526799306,1,0.16666666666666666
1753,85495,14,0.9369999999999999,0.9370045526727179,1,0.07142857142857142
1754,85511,16,0.9279999999999999,0.9280009406407106,1,0.0625
1755,85525,14,0.9369999999999999,0.9370008650292326,1,0.07142857142857142
1756,85539,14,0.9369999999999999,0.9370009012083954,1,0.07142857142857142
1757,85553,14,0.9369999999999999,0.9370045547374176,1,0.07142857142857142
1758,85567,14,0.9369999999999999,0.9370028820774815,1,0.07142857142857142
1759,85583,16,0.9279999999999999,0.9280100583312817,1,0.0625
1760,85601,18,0.919,0.9190013380502333,1,0.05555555555555555
1761,85615,14,0.9369999999999999,0.9370011988452195,1,0.07142857142857142
1762,85634,19,0.9145,0.9145258384253333,1,0.15789473684210525
1763,85648,14,0.9369999999999999,0.9370021369147926,1,0.07142857142857142
1764,85664,16,0.9279999999999999,0.9280082447511744,1,0.0625
1765,85678,14,0.9369999999999999,0.9370009964221253,1,0.07142857142857142
1766,85699,21,0.9055,0.9055270416384619,1,0.047619047619047616
1767,85713,14,0.9369999999999999,0.9370058456712795,1,0.07142857142857142
1768,85727,14,0.9369999999999999,0.9370132836549685,1,0.07142857142857142
1769,85741,14,0.9369999999999999,0.9370075300875682,1,0.07142857142857142
1770,85755,14,0.9369999999999999,0.9370007151854993,1,0.07142857142857142
1771,85769,14,0.9369999999999999,0.9370003582056102,1,0.07142857142857142
1772,85793,24,0.892,0.8920226696625974,1,0.08333333333333333
1773,85807,14,0.9369999999999999,0.937001866045912,1,0.07142857142857142
1774,85821,14,0.9369999999999999,0.9370017025721264,1,0.07142857142857142
1775,85837,16,0.9279999999999999,0.9280090752860799,1,0.0625
1776,85853,16,0.9279999999999999,0.9280011688178972,1,0.1875
1777,85867,14,0.9369999999999999,0.9370136860641247,1,0.07142857142857142
1778,85881,14,0.9369999999999999,0.9370063027439812,1,0.07142857142857142
1779,85897,16,0.9279999999999999,0.928005353000567,1,0.0625
1780,85913,16,0.9279999999999999,0.9280008620366541,1,0.0625
1781,85927,14,0.9369999999999999,0.9370007963894642,1,0.07142857142857142
1782,85943,16,0.9279999999999999,0.9280001005209038,1,0.0625
1783,85957,14,0.9369999999999999,0.9370101600162443,1,0.07142857142857142
1784,85973,16,0.9279999999999999,0.9280012993810501,1,0.0625
1785,85987,14,0.9369999999999999,0.9370004499231682,1,0.07142857142857142
1786,86003,16,0.9279999999999999,0.9280013867873419,1,0.0625
1787,86021,18,0.919,0.9190014940090647,1,0.05555555555555555
1788,86035,14,0.9369999999999999,0.9370004588116762,1,0.07142857142857142
1789,86049,14,0.9369999999999999,0.9370009579532483,1,0.07142857142857142
1790,86063,14,0.9369999999999999,0.9370023254573729,1,0.07142857142857142
1791,86077,14,0.9369999999999999,0.937000661492397,1,0.07142857142857142
1792,86091,14,0.9369999999999999,0.9370048252093933,1,0.07142857142857142
1793,86107,16,0.9279999999999999,0.9280064445545008,1,0.0625
1794,86123,16,0.9279999999999999,0.9280060265050657,1,0.1875
1795,86137,14,0.9369999999999999,0.9370061060122716,1,0.07142857142857142
1796,86153,16,0.9279999999999999,0.9280076776935864,1,0.1875
1797,86167,14,0.9369999999999999,0.9370047678112174,1,0.07142857142857142
1798,86183,16,0.9279999999999999,0.928004610371301,1,0.0625
1799,86197,14,0.9369999999999999,0.9370134078168676,1,0.07142857142857142
1800,86215,18,0.919,0.9190075933659182,1,0.05555555555555555
1801,86229,14,0.9369999999999999,0.9370025672362386,1,0.07142857142857142
1802,86243,14,0.9369999999999999,0.9370103508115825,1,0.07142857142857142
1803,86260,17,0.9235,0.9235130283425139,1,0.058823529411764705
1804,86274,14,0.9369999999999999,0.9370059085586476,1,0.07142857142857142
1805,86288,14,0.9369999999999999,0.9370012703598504,1,0.07142857142857142
1806,86302,14,0.9369999999999999,0.9370158490179932,1,0.07142857142857142
1807,86318,16,0.9279999999999999,0.928002583867754,1,0.0625
1808,86332,14,0.9369999999999999,0.9370012634559235,1,0.07142857142857142
1809,86352,20,0.91,0.91000908629464,1,0.05
1810,86368,16,0.9279999999999999,0.9280017035771256,1,0.0625
1811,86382,14,0.9369999999999999,0.9370132943461218,1,0.07142857142857142
1812,86400,18,0.919,0.9190111962151243,1,0.16666666666666666
1813,86417,17,0.9235,0.9235017778940326,1,0.058823529411764705
1814,86433,16,0.9279999999999999,0.9280084097564562,1,0.1875
1815,86447,14,0.9369999999999999,0.9370023343910541,1,0.07142857142857142
1816,86461,14,0.9369999999999999,0.9370049221612918,1,0.07142857142857142
1817,86475,14,0.9369999999999999,0.9370013080882099,1,0.07142857142857142
1818,86491,16,0.9279999999999999,0.9280176195823011,1,0.0625
1819,86509,18,0.919,0.9190167614804075,1,0.16666666666666666
1820,86525,16,0.9279999999999999,0.9280052409864618,1,0.1875
1821,86541,16,0.9279999999999999,0.9280213342969512,1,0.0625
1822,86555,14,0.9369999999999999,0.9370162961143099,1,0.07142857142857142
1823,86571,16,0.9279999999999999,0.9280044039431619,1,0.0625
1824,86585,14,0.9369999999999999,0.9370084480911317,1,0.07142857142857142
1825,86601,16,0.9279999999999999,0.9280029096409907,1,0.0625
1826,86615,14,0.9369999999999999,0.937010575454633,1,0.07142857142857142
1827,86629,14,0.9369999999999999,0.9370102437500021,1,0.07142857142857142
1828,86643,14,0.9369999999999999,0.9370012529174683,1,0.07142857142857142
1829,86657,14,0.9369999999999999,0.9370008345054158,1,0.07142857142857142
1830,86671,14,0.9369999999999999,0.9370081885364604,1,0.07142857142857142
1831,86685,14,0.9369999999999999,0.9370065610486161,1,0.07142857142857142
1832,86699,14,0.9369999999999999,0.9370009943151044,1,0.07142857142857142
1833,86713,14,0.9369999999999999,0.9370037771746189,1,0.07142857142857142
1834,86727,14,0.9369999999999999,0.9370015831114258,1,0.07142857142857142
1835,86741,14,0.9369999999999999,0.9370041235232862,1,0.07142857142857142
1836,86759,18,0.919,0.9190082775260664,1,0.05555555555555555
1837,86773,14,0.9369999999999999,0.937001743738936,1,0.07142857142857142
1838,86787,14,0.9369999999999999,0.9370125658376032,1,0.07142857142857142
1839,86801,14,0.9369999999999999,0.9370045467419684,1,0.07142857142857142
1840,86815,14,0.9369999999999999,0.9370019348776008,1,0.07142857142857142
1841,86829,14,0.9369999999999999,0.9370059347745604,1,0.07142857142857142
1842,86843,14,0.9369999999999999,0.9370023926011918,1,0.07142857142857142
1843,86857,14,0.9369999999999999,0.9370079730147086,1,0.07142857142857142
1844,86871,14,0.9369999999999999,0.9370030254138504,1,0.07142857142857142
1845,86885,14,0.9369999999999999,0.937007713031568,1,0.07142857142857142
1846,86899,14,0.9369999999999999,0.9370065664924433,1,0.07142857142857142
1847,86913,14,0.9369999999999999,0.9370231610797631,1,0.07142857142857142
1848,86927,14,0.9369999999999999,0.9370015537904085,1,0.07142857142857142
1849,86941,14,0.9369999999999999,0.9370014200968347,1,0.07142857142857142
1850,86955,14,0.9369999999999999,0.9370100469688667,1,0.07142857142857142
1851,86969,14,0.9369999999999999,0.9370012941538354,1,0.07142857142857142
1852,86983,14,0.9369999999999999,0.9370017748589814,1,0.07142857142857142
1853,86997,14,0.9369999999999999,0.9370185377506967,1,0.07142857142857142
1854,87015,18,0.919,0.9190016780725156,1,0.05555555555555555
1855,87029,14,0.9369999999999999,0.9370050138619334,1,0.07142857142857142
1856,87043,14,0.9369999999999999,0.9370004805149242,1,0.07142857142857142
1857,87057,14,0.9369999999999999,0.9370005620471216,1,0.07142857142857142
1858,87087,30,0.865,0.8650012673037824,1,0.03333333333333333
1859,87109,22,0.901,0.9010010817853724,1,0.045454545454545456
1860,87129,20,0.91,0.9100008559116016,1,0.15
1861,87143,14,0.9369999999999999,0.9370069052927299,1,0.07142857142857142
1862,87157,14,0.9369999999999999,0.9370089831719091,1,0.07142857142857142
1863,87171,14,0.9369999999999999,0.9370032689101413,1,0.07142857142857142
1864,87187,16,0.9279999999999999,0.9280015235027833,1,0.0625
1865,87207,20,0.91,0.9100006296089613,1,0.05
1866,87221,14,0.9369999999999999,0.9370009047183738,1,0.07142857142857142
1867,87235,14,0.9369999999999999,0.937001069363283,1,0.07142857142857142
1868,87283,48,0.784,0.7840031186364564,1,0.020833333333333332
1869,87317,34,0.847,0.8470011322810903,1,0.029411764705882353
1870,87333,16,0.9279999999999999,0.9280019514750564,1,0.0625
1871,87347,14,0.9369999999999999,0.9370010994170251,1,0.07142857142857142
1872,87371,24,0.892,0.8920112782307759,1,0.041666666666666664
1873,87391,20,0.91,0.9100010828990259,1,0.05
1874,87443,52,0.766,0.7660150191716133,1,0.019230769230769232
1875,87461,18,0.919,0.9190013152747042,1,0.05555555555555555
1876,87479,18,0.919,0.9190008188225556,1,0.05555555555555555
1877,87501,22,0.901,0.9010155182957573,1,0.13636363636363635
1878,87541,40,0.82,0.8200019751832778,1,0.025
1879,87569,28,0.874,0.8740006458114569,1,0.03571428571428571
1880,87583,14,0.9369999999999999,0.9370005861843821,1,0.07142857142857142
1881,87597,14,0.9369999999999999,0.9370007515352193,1,0.07142857142857142
1882,87613,16,0.9279999999999999,0.9280084057706273,1,0.0625
1883,87629,16,0.9279999999999999,0.9280011435360714,1,0.0625
1884,87645,16,0.9279999999999999,0.928010918647071,1,0.0625
1885,87659,14,0.9369999999999999,0.937006047951294,1,0.07142857142857142
1886,87681,22,0.901,0.9010043448911539,1,0.045454545454545456
1887,87705,24,0.892,0.892004127982676,1,0.125
1888,87729,24,0.892,0.8920013110398772,1,0.041666666666666664
1889,87743,14,0.9369999999999999,0.9370143961068499,1,0.07142857142857142
1890,87758,15,0.9325,0.9325006414846457,1,0.06666666666666667
1891,87772,14,0.9369999999999999,0.9370006697505895,1,0.07142857142857142
1892,87786,14,0.9369999999999999,0.9370063116393701,1,0.07142857142857142
1893,87806,20,0.91,0.9100011310129611,1,0.05
1894,87828,22,0.901,0.9010007322283613,1,0.045454545454545456
1895,87844,16,0.9279999999999999,0.9280008480682622,1,0.0625
1896,87888,44,0.802,0.8020032294841165,1,0.022727272727272728
1897,87925,37,0.8335,0.833505049846634,1,0.02702702702702703
1898,87939,14,0.9369999999999999,0.9370069382947953,1,0.07142857142857142
1899,87957,18,0.919,0.9190019930595839,1,0.05555555555555555
1900,87977,20,0.91,0.9100145096894126,1,0.05
1901,88022,45,0.7975,0.7975063739178163,1,0.06666666666666667
1902,88038,16,0.9279999999999999,0.9280080542327576,1,0.0625
1903,88054,16,0.9279999999999999,0.9280156270931788,1,0.1875
1904,88068,14,0.9369999999999999,0.9370037382877646,1,0.07142857142857142
1905,88082,14,0.9369999999999999,0.9370022463245841,1,0.07142857142857142
1906,88098,16,0.9279999999999999,0.9280115599043859,1,0.0625
1907,88112,14,0.9369999999999999,0.9370001584669871,1,0.07142857142857142
1908,88126,14,0.9369999999999999,0.9370137377731582,1,0.07142857142857142
1909,88140,14,0.9369999999999999,0.9370025363058889,1,0.07142857142857142
1910,88156,16,0.9279999999999999,0.9280014593713658,1,0.0625
1911,88172,16,0.9279999999999999,0.9280002119459096,1,0.0625
1912,88186,14,0.9369999999999999,0.9370005543723903,1,0.07142857142857142
1913,88200,14,0.9369999999999999,0.9370099946495268,1,0.07142857142857142
1914,88214,14,0.9369999999999999,0.9370005922542449,1,0.07142857142857142
1915,88230,16,0.9279999999999999,0.9279999999999999,1,0.0625
1916,88244,14,0.9369999999999999,0.9370008004873389,1,0.07142857142857142
1917,88262,18,0.919,0.9190092380711711,1,0.05555555555555555
1918,88276,14,0.9369999999999999,0.9370010377293808,1,0.07142857142857142
1919,88292,16,0.9279999999999999,0.9280359935096002,1,0.1875
1920,88306,14,0.9369999999999999,0.9370023639544427,1,0.07142857142857142
1921,88330,24,0.892,0.8920075609135569,1,0.041666666666666664
1922,88346,16,0.9279999999999999,0.928012363611115,1,0.0625
1923,88360,14,0.9369999999999999,0.9370004342710716,1,0.07142857142857142
1924,88376,16,0.9279999999999999,0.9280013692907045,1,0.0625
1925,88390,14,0.9369999999999999,0.9370036370080493,1,0.07142857142857142
1926,88407,17,0.9235,0.9235000572826202,1,0.058823529411764705
1927,88423,16,0.9279999999999999,0.9280005811389931,1,0.0625
1928,88447,24,0.892,0.8920009995752843,1,0.041666666666666664
1929,88473,26,0.883,0.8830008310962236,1,0.038461538461538464
1930,88517,44,0.802,0.8020049740783128,1,0.022727272727272728
1931,88566,49,0.7795,0.779585733966075,1,0.673469387755102
1932,88580,14,0.9369999999999999,0.9370048924151837,1,0.07142857142857142
1933,88596,16,0.9279999999999999,0.9280023891702486,1,0.0625
1934,88613,17,0.9235,0.9235062127482893,1,0.058823529411764705
1935,88629,16,0.9279999999999999,0.9280057824732383,1,0.1875
1936,88665,36,0.838,0.8380733400893763,1,0.5833333333333334
1937,88719,54,0.757,0.7570919498406576,1,0.7222222222222222
1938,88798,79,0.6445,0.644500605308066,1,0.0759493670886076
1939,88876,78,0.649,0.6491909663105162,1,0.8333333333333334
1940,88914,38,0.829,0.8290298568259168,1,0.5526315789473685
1941,88932,18,0.919,0.9190000955604953,1,0.05555555555555555
1942,88984,52,0.766,0.7660873608075123,1,0.75
1943,89000,16,0.9279999999999999,0.9280062156237875,1,0.0625
1944,89054,54,0.757,0.7570069577665864,1,0.018518518518518517
1945,89083,29,0.8694999999999999,0.8695040238992024,1,0.034482758620689655
1946,89097,14,0.9369999999999999,0.9370045184725293,1,0.07142857142857142
1947,89114,17,0.9235,0.923503262770445,1,0.058823529411764705
1948,89129,15,0.9325,0.9325020153606537,1,0.06666666666666667
1949,89145,16,0.9279999999999999,0.9280042981802284,1,0.0625
1950,89166,21,0.9055,0.9055063545368419,1,0.14285714285714285
1951,89185,19,0.9145,0.914504765560419,1,0.05263157894736842
1952,89201,16,0.9279999999999999,0.9280022758503199,1,0.0625
1953,89215,14,0.9369999999999999,0.9370020990060492,1,0.07142857142857142
1954,89235,20,0.91,0.9100034424992519,1,0.05
1955,89249,14,0.9369999999999999,0.937002432056686,1,0.07142857142857142
1956,89265,16,0.9279999999999999,0.9280030693092118,1,0.0625
1957,89279,14,0.9369999999999999,0.9370013728429273,1,0.07142857142857142
1958,89300,21,0.9055,0.9055045252630782,1,0.047619047619047616
1959,89316,16,0.9279999999999999,0.9280042536303054,1,0.0625
1960,89332,16,0.9279999999999999,0.9280036702976124,1,0.0625
1961,89366,34,0.847,0.8470373415523136,1,0.20588235294117646
1962,89382,16,0.9279999999999999,0.9280150115851176,1,0.0625
1963,89396,14,0.9369999999999999,0.9370164476979183,1,0.07142857142857142
1964,89410,14,0.9369999999999999,0.9370037601203088,1,0.07142857142857142
1965,89428,18,0.919,0.9190332045530198,1,0.16666666666666666
1966,89446,18,0.919,0.9190055428946468,1,0.05555555555555555
1967,89468,22,0.901,0.901007231218856,1,0.045454545454545456
1968,89484,16,0.9279999999999999,0.9280030211977613,1,0.0625
1969,89508,24,0.892,0.8920104539809857,1,0.041666666666666664
1970,89530,22,0.901,0.9010064303812494,1,0.045454545454545456
1971,89560,30,0.865,0.8650090102018437,1,0.03333333333333333
1972,89582,22,0.901,0.9010097806465931,1,0.045454545454545456
1973,89600,18,0.919,0.91900313718713,1,0.05555555555555555
1974,89614,14,0.9369999999999999,0.9370035479310842,1,0.07142857142857142
1975,89636,22,0.901,0.9010088335557714,1,0.045454545454545456
1976,89652,16,0.9279999999999999,0.928003564038026,1,0.0625
1977,89671,19,0.9145,0.9145024428255766,1,0.05263157894736842
1978,89689,18,0.919,0.9190020363499661,1,0.05555555555555555
1979,89708,19,0.9145,0.9145079624115516,1,0.05263157894736842
1980,89732,24,0.892,0.8920078777504147,1,0.041666666666666664
1981,89748,16,0.9279999999999999,0.9280039971034844,1,0.0625
1982,89778,30,0.865,0.865008861784669,1,0.03333333333333333
1983,89816,38,0.829,0.8290145504313498,1,0.02631578947368421
1984,89830,14,0.9369999999999999,0.9370047276244229,1,0.07142857142857142
1985,89850,20,0.91,0.9100051267262139,1,0.05
1986,89864,14,0.9369999999999999,0.9370138440092628,1,0.07142857142857142
1987,89880,16,0.9279999999999999,0.9280066792405891,1,0.0625
1988,89898,18,0.919,0.9190067266706936,1,0.05555555555555555
1989,89912,14,0.9369999999999999,0.9370048312167409,1,0.07142857142857142
1990,89927,15,0.9325,0.9325029799664692,1,0.06666666666666667
1991,89941,14,0.9369999999999999,0.9370042465555262,1,0.07142857142857142
1992,89955,14,0.9369999999999999,0.937003194705104,1,0.07142857142857142
1993,89971,16,0.9279999999999999,0.9280026348172692,1,0.0625
1994,89985,14,0.9369999999999999,0.9370063962456847,1,0.07142857142857142
1995,89999,14,0.9369999999999999,0.9370028427567385,1,0.07142857142857142
1996,90015,16,0.9279999999999999,0.9280015911776504,1,0.0625
1997,90031,16,0.9279999999999999,0.9280020229068051,1,0.1875
1998,90051,20,0.91,0.9100030304150254,1,0.05
1999,90067,16,0.9279999999999999,0.9280025666241826,1,0.0625
2000,90083,16,0.9279999999999999,0.9280104716679165,1,0.0625
2001,90099,16,0.9279999999999999,0.9280014654097866,1,0.0625
2002,90117,18,0.919,0.9190011884810911,1,0.05555555555555555
2003,90133,16,0.9279999999999999,0.9280118326657978,1,0.0625
2004,90149,16,0.9279999999999999,0.9280023461466002,1,0.0625
2005,90173,24,0.892,0.8920029969698405,1,0.041666666666666664
2006,90189,16,0.9279999999999999,0.9280076619680503,1,0.0625
2007,90203,14,0.9369999999999999,0.9370049401594158,1,0.07142857142857142
2008,90221,18,0.919,0.9190017571228708,1,0.05555555555555555
2009,90237,16,0.9279999999999999,0.9280129202827704,1,0.0625
2010,90255,18,0.919,0.9190036825697233,1,0.05555555555555555
2011,90271,16,0.9279999999999999,0.9280021798948468,1,0.0625
2012,90289,18,0.919,0.9190075299814482,1,0.16666666666666666
2013,90307,18,0.919,0.9190273491733573,1,0.16666666666666666
2014,90327,20,0.91,0.9100291549838776,1,0.15
2015,90345,18,0.919,0.9190029628737538,1,0.05555555555555555
2016,90365,20,0.91,0.9100219368510901,1,0.15
2017,90383,18,0.919,0.9190056630757873,1,0.05555555555555555
2018,90403,20,0.91,0.9100629090640718,1,0.35
2019,90419,16,0.9279999999999999,0.9280130564239598,1,0.0625
2020,90437,18,0.919,0.9190018771565025,1,0.05555555555555555
2021,90451,14,0.9369999999999999,0.9370024729406338,1,0.07142857142857142
2022,90503,52,0.766,0.7662156839313877,1,0.5961538461538461
2023,90519,16,0.9279999999999999,0.9280061726903974,1,0.0625
2024,90536,17,0.9235,0.9235012075392784,1,0.058823529411764705
2025,90552,16,0.9279999999999999,0.9280008050160544,1,0.0625
2026,90596,44,0.802,0.8022058004443671,1,0.6136363636363636
2027,90612,16,0.9279999999999999,0.9280022358619956,1,0.0625
2028,90628,16,0.9279999999999999,0.9280024376744728,1,0.0625
2029,90644,16,0.9279999999999999,0.9280020234771071,1,0.0625
2030,90661,17,0.9235,0.9235067961352685,1,0.058823529411764705
2031,90685,24,0.892,0.8920553589826206,1,0.2916666666666667
2032,90699,14,0.9369999999999999,0.9370025394779113,1,0.07142857142857142
2033,90713,14,0.9369999999999999,0.9370119184396828,1,0.07142857142857142
2034,90729,16,0.9279999999999999,0.9280050968281468,1,0.0625
2035,90745,16,0.9279999999999999,0.9280002451354504,1,0.0625
2036,90765,20,0.91,0.9100175639270398,1,0.15
2037,90787,22,0.901,0.9010233581509776,1,0.22727272727272727
2038,90803,16,0.9279999999999999,0.9280005891205184,1,0.0625
2039,90817,14,0.9369999999999999,0.9370009297132318,1,0.07142857142857142
2040,90841,24,0.892,0.8920835291360146,1,0.375
2041,90859,18,0.919,0.9190308682626327,1,0.16666666666666666
2042,90877,18,0.919,0.9190032832513495,1,0.16666666666666666
2043,90893,16,0.9279999999999999,0.9280023453237256,1,0.0625
2044,90919,26,0.883,0.883059312301636,1,0.4230769230769231
2045,90935,16,0.9279999999999999,0.9280031760993347,1,0.0625
2046,90955,20,0.91,0.9100275884858613,1,0.35
2047,90973,18,0.919,0.9190087991753269,1,0.16666666666666666
2048,90990,17,0.9235,0.9235080189362711,1,0.17647058823529413
2049,91008,18,0.919,0.9190015650194892,1,0.05555555555555555
2050,91024,16,0.9279999999999999,0.9280013917208346,1,0.0625
2051,91038,14,0.9369999999999999,0.9370014703041782,1,0.07142857142857142
2052,91054,16,0.9279999999999999,0.9280027242556064,1,0.0625
2053,91070,16,0.9279999999999999,0.9280041551638514,1,0.0625
2054,91090,20,0.91,0.9100009718178688,1,0.05
2055,91114,24,0.892,0.8920024860321829,1,0.041666666666666664
2056,91138,24,0.892,0.8920028362626005,1,0.041666666666666664
2057,91152,14,0.9369999999999999,0.9370057687721138,1,0.07142857142857142
2058,91178,26,0.883,0.8830068866293186,1,0.038461538461538464
2059,91192,14,0.9369999999999999,0.9370046486153083,1,0.07142857142857142
2060,91215,23,0.8965,0.8965013311345806,1,0.043478260869565216
2061,91229,14,0.9369999999999999,0.9370046303791135,1,0.07142857142857142
2062,91245,16,0.9279999999999999,0.928010369898209,1,0.0625
2063,91267,22,0.901,0.9010022034645626,1,0.045454545454545456
2064,91281,14,0.9369999999999999,0.937013387879802,1,0.07142857142857142
2065,91295,14,0.9369999999999999,0.9370116352412059,1,0.07142857142857142
2066,91309,14,0.9369999999999999,0.9370032738156411,1,0.07142857142857142
2067,91325,16,0.9279999999999999,0.9280021314436654,1,0.0625
2068,91343,18,0.919,0.9190156772534706,1,0.05555555555555555
2069,91363,20,0.91,0.9100014548692205,1,0.05
2070,91379,16,0.9279999999999999,0.9280150618514873,1,0.0625
2071,91403,24,0.892,0.8920085424397518,1,0.041666666666666664
2072,91425,22,0.901,0.9010032867523581,1,0.045454545454545456
2073,91467,42,0.8109999999999999,0.8110181412574947,1,0.023809523809523808
2074,91501,34,0.847,0.847004408157582,1,0.029411764705882353
2075,91515,14,0.9369999999999999,0.937009471692028,1,0.07142857142857142
2076,91533,18,0.919,0.919025052218781,1,0.2777777777777778
2077,91549,16,0.9279999999999999,0.9280118396000873,1,0.0625
2078,91567,18,0.919,0.9190024848743072,1,0.05555555555555555
2079,91590,23,0.8965,0.8965185396425007,1,0.043478260869565216
2080,91605,15,0.9325,0.9325070923410591,1,0.06666666666666667
2081,91619,14,0.9369999999999999,0.9370061417181715,1,0.07142857142857142
2082,91633,14,0.9369999999999999,0.9370003109998768,1,0.07142857142857142
2083,91649,16,0.9279999999999999,0.92801012550891,1,0.1875
2084,91663,14,0.9369999999999999,0.9370026839897295,1,0.07142857142857142
2085,91681,18,0.919,0.9190042655201212,1,0.05555555555555555
2086,91697,16,0.9279999999999999,0.928001128064117,1,0.0625
2087,91711,14,0.9369999999999999,0.9370043688076432,1,0.07142857142857142
2088,91725,14,0.9369999999999999,0.9370076718759619,1,0.07142857142857142
2089,91739,14,0.9369999999999999,0.9370036015365353,1,0.07142857142857142
2090,91755,16,0.9279999999999999,0.9280062518099166,1,0.0625
2091,91771,16,0.9279999999999999,0.928008081319761,1,0.1875
2092,91785,14,0.9369999999999999,0.9370071427149922,1,0.07142857142857142
2093,91799,14,0.9369999999999999,0.9370088065791865,1,0.07142857142857142
2094,91815,16,0.9279999999999999,0.9280051946605002,1,0.0625
2095,91829,14,0.9369999999999999,0.9370029538064891,1,0.07142857142857142
2096,91843,14,0.9369999999999999,0.937015038350858,1,0.07142857142857142
2097,91857,14,0.9369999999999999,0.9370083492655427,1,0.07142857142857142
2098,91871,14,0.9369999999999999,0.9370069821515566,1,0.07142857142857142
2099,91887,16,0.9279999999999999,0.9280020387181732,1,0.0625
2100,91901,14,0.9369999999999999,0.937013730586317,1,0.07142857142857142
2101,91921,20,0.91,0.9100220588776168,1,0.05
2102,91935,14,0.9369999999999999,0.9370012055324588,1,0.07142857142857142
2103,91953,18,0.919,0.9190007239514234,1,0.05555555555555555
2104,91967,14,0.9369999999999999,0.9370001890079313,1,0.07142857142857142
2105,91981,14,0.9369999999999999,0.9370014133621974,1,0.07142857142857142
2106,91997,16,0.9279999999999999,0.9280135092407676,1,0.1875
2107,92015,18,0.919,0.9190026111072668,1,0.05555555555555555
2108,92029,14,0.9369999999999999,0.9370101471230946,1,0.07142857142857142
2109,92045,16,0.9279999999999999,0.9280030780012931,1,0.0625
2110,92059,14,0.9369999999999999,0.9370026315311774,1,0.07142857142857142
2111,92076,17,0.9235,0.9235034779381334,1,0.058823529411764705
2112,92094,18,0.919,0.9190075035501183,1,0.05555555555555555
2113,92112,18,0.919,0.9190094195252055,1,0.05555555555555555
2114,92130,18,0.919,0.9190032322212198,1,0.05555555555555555
2115,92146,16,0.9279999999999999,0.9280004974715628,1,0.0625
2116,92160,14,0.9369999999999999,0.9370072596816899,1,0.07142857142857142
2117,92176,16,0.9279999999999999,0.9280016071325307,1,0.0625
2118,92194,18,0.919,0.9190035370220174,1,0.05555555555555555
2119,92214,20,0.91,0.9100114442158604,1,0.15
2120,92234,20,0.91,0.9100072977222092,1,0.05
2121,92248,14,0.9369999999999999,0.9370023759267131,1,0.07142857142857142
2122,92295,47,0.7885,0.7885072200418214,1,0.02127659574468085
2123,92311,16,0.9279999999999999,0.9280016053203541,1,0.0625
2124,92325,14,0.9369999999999999,0.9370115305011867,1,0.07142857142857142
2125,92349,24,0.892,0.8920066801759023,1,0.041666666666666664
2126,92373,24,0.892,0.892029265736117,1,0.125
2127,92389,16,0.9279999999999999,0.9280153589536133,1,0.0625
2128,92403,14,0.9369999999999999,0.9370024107561469,1,0.07142857142857142
2129,92417,14,0.9369999999999999,0.9370016595749605,1,0.07142857142857142
2130,92433,16,0.9279999999999999,0.9280020195448365,1,0.0625
2131,92447,14,0.9369999999999999,0.9370022392325392,1,0.07142857142857142
2132,92461,14,0.9369999999999999,0.9370025429226055,1,0.07142857142857142
2133,92475,14,0.9369999999999999,0.9370028949677305,1,0.07142857142857142
2134,92489,14,0.9369999999999999,0.9370096385651867,1,0.07142857142857142
2135,92507,18,0.919,0.9190049389761958,1,0.05555555555555555
2136,92521,14,0.9369999999999999,0.9370039857139597,1,0.07142857142857142
2137,92539,18,0.919,0.9190023720148911,1,0.05555555555555555
2138,92555,16,0.9279999999999999,0.9280016825110429,1,0.0625
2139,92573,18,0.919,0.9190059192460792,1,0.05555555555555555
2140,92587,14,0.9369999999999999,0.9370024440275749,1,0.07142857142857142
2141,92609,22,0.901,0.9010143776032155,1,0.045454545454545456
2142,92630,21,0.9055,0.9055133626251709,1,0.047619047619047616
2143,92646,16,0.9279999999999999,0.928004051883742,1,0.0625
2144,92662,16,0.9279999999999999,0.9280028110470315,1,0.1875
2145,92678,16,0.9279999999999999,0.928001074836329,1,0.0625
2146,92694,16,0.9279999999999999,0.9280004868167703,1,0.0625
2147,92708,14,0.9369999999999999,0.9370054029852484,1,0.07142857142857142
2148,92722,14,0.9369999999999999,0.9370022256919097,1,0.07142857142857142
2149,92736,14,0.9369999999999999,0.9370023524821438,1,0.07142857142857142
2150,92754,18,0.919,0.9190012826882625,1,0.05555555555555555
2151,92771,17,0.9235,0.9235115647568923,1,0.058823529411764705
2152,92787,16,0.9279999999999999,0.9280038587734809,1,0.0625
2153,92801,14,0.9369999999999999,0.9370021872846068,1,0.07142857142857142
2154,92817,16,0.9279999999999999,0.9280012565240913,1,0.0625
2155,92835,18,0.919,0.919002368974434,1,0.05555555555555555
2156,92851,16,0.9279999999999999,0.9280021484390357,1,0.0625
2157,92869,18,0.919,0.9190084292504325,1,0.05555555555555555
2158,92883,14,0.9369999999999999,0.9370020793690207,1,0.07142857142857142
2159,92901,18,0.919,0.919001773232413,1,0.05555555555555555
2160,92917,16,0.9279999999999999,0.9280026963755763,1,0.0625
2161,92931,14,0.9369999999999999,0.937002606697141,1,0.07142857142857142
2162,92947,16,0.9279999999999999,0.9280049017283957,1,0.0625
2163,92963,16,0.9279999999999999,0.9280034055508987,1,0.0625
2164,92977,14,0.9369999999999999,0.9370026421162733,1,0.07142857142857142
2165,92991,14,0.9369999999999999,0.9370014587866561,1,0.07142857142857142
2166,93005,14,0.9369999999999999,0.937004752359765,1,0.07142857142857142
2167,93021,16,0.9279999999999999,0.9280127739224109,1,0.0625
2168,93039,18,0.919,0.9190063971122997,1,0.05555555555555555
2169,93054,15,0.9325,0.9325052965088889,1,0.06666666666666667
2170,93070,16,0.9279999999999999,0.9280026811716555,1,0.0625
2171,93084,14,0.9369999999999999,0.9370024246166619,1,0.07142857142857142
2172,93102,18,0.919,0.9190054708552247,1,0.05555555555555555
2173,93116,14,0.9369999999999999,0.9370033070070163,1,0.07142857142857142
2174,93130,14,0.9369999999999999,0.9370030198989612,1,0.07142857142857142
2175,93154,24,0.892,0.8920069033596913,1,0.041666666666666664
2176,93168,14,0.9369999999999999,0.9370055791360625,1,0.07142857142857142
2177,93182,14,0.9369999999999999,0.9370031473516406,1,0.07142857142857142
2178,93196,14,0.9369999999999999,0.9370041279170053,1,0.07142857142857142
2179,93210,14,0.9369999999999999,0.9370039529150677,1,0.07142857142857142
2180,93224,14,0.9369999999999999,0.9370279694310001,1,0.07142857142857142
2181,93238,14,0.9369999999999999,0.9370054833118264,1,0.07142857142857142
2182,93254,16,0.9279999999999999,0.9280037785509065,1,0.0625
2183,93268,14,0.9369999999999999,0.9370016026881034,1,0.07142857142857142
2184,93282,14,0.9369999999999999,0.9370019904491905,1,0.07142857142857142
2185,93305,23,0.8965,0.8965052257912208,1,0.043478260869565216
2186,93319,14,0.9369999999999999,0.9370070857014317,1,0.07142857142857142
2187,93333,14,0.9369999999999999,0.9370003915160711,1,0.07142857142857142
2188,93349,16,0.9279999999999999,0.9280024870549644,1,0.0625
2189,93363,14,0.9369999999999999,0.9370070396776919,1,0.07142857142857142
2190,93379,16,0.9279999999999999,0.9280030455296259,1,0.0625
2191,93393,14,0.9369999999999999,0.9370019497418147,1,0.07142857142857142
2192,93407,14,0.9369999999999999,0.9370022942756762,1,0.07142857142857142
2193,93423,16,0.9279999999999999,0.928003754850532,1,0.0625
2194,93437,14,0.9369999999999999,0.9370013332816891,1,0.07142857142857142
2195,93451,14,0.9369999999999999,0.9370021112095699,1,0.07142857142857142
2196,93465,14,0.9369999999999999,0.9370017120910284,1,0.07142857142857142
2197,93479,14,0.9369999999999999,0.9370103215369965,1,0.07142857142857142
2198,93503,24,0.892,0.8920035110142037,1,0.041666666666666664
2199,93538,35,0.8425,0.8425069594546636,1,0.02857142857142857
2200,93556,18,0.919,0.9190104295867099,1,0.16666666666666666
2201,93570,14,0.9369999999999999,0.9370025741364173,1,0.07142857142857142
2202,93584,14,0.9369999999999999,0.937002858652666,1,0.07142857142857142
2203,93598,14,0.9369999999999999,0.937005504534962,1,0.07142857142857142
2204,93612,14,0.9369999999999999,0.9370038839949747,1,0.07142857142857142
2205,93630,18,0.919,0.9190047737849069,1,0.05555555555555555
2206,93644,14,0.9369999999999999,0.9370186972073624,1,0.07142857142857142
2207,93658,14,0.9369999999999999,0.93700485984076,1,0.07142857142857142
2208,93672,14,0.9369999999999999,0.9370039384221482,1,0.07142857142857142
2209,93686,14,0.9369999999999999,0.9370036215562196,1,0.07142857142857142
2210,93700,14,0.9369999999999999,0.9370034378467522,1,0.07142857142857142
2211,93722,22,0.901,0.9010119235259478,1,0.045454545454545456
2212,93738,16,0.9279999999999999,0.9280042308454313,1,0.0625
2213,93754,16,0.9279999999999999,0.9280171563090732,1,0.1875
2214,93770,16,0.9279999999999999,0.9280026537004021,1,0.1875
2215,93784,14,0.9369999999999999,0.9370029544491637,1,0.07142857142857142
2216,93798,14,0.9369999999999999,0.937001936968734,1,0.07142857142857142
2217,93812,14,0.9369999999999999,0.9370073214993233,1,0.07142857142857142
2218,93826,14,0.9369999999999999,0.9370014472587921,1,0.07142857142857142
2219,93842,16,0.9279999999999999,0.9280029739774724,1,0.0625
2220,93856,14,0.9369999999999999,0.9370031623153361,1,0.07142857142857142
2221,93870,14,0.9369999999999999,0.9370029340593675,1,0.07142857142857142
2222,93884,14,0.9369999999999999,0.9370025049455069,1,0.07142857142857142
2223,93898,14,0.9369999999999999,0.9370025584655658,1,0.07142857142857142
2224,93914,16,0.9279999999999999,0.9280081371722652,1,0.0625
2225,93930,16,0.9279999999999999,0.928012889025106,1,0.0625
2226,93946,16,0.9279999999999999,0.9280028499041667,1,0.1875
2227,93960,14,0.9369999999999999,0.9370047446401825,1,0.07142857142857142
2228,93976,16,0.9279999999999999,0.9280218644186782,1,0.1875
2229,93992,16,0.9279999999999999,0.92801041332922,1,0.0625
2230,94010,18,0.919,0.9190109903860666,1,0.05555555555555555
2231,94024,14,0.9369999999999999,0.9370065192269407,1,0.07142857142857142
2232,94038,14,0.9369999999999999,0.9370073683245351,1,0.07142857142857142
2233,94052,14,0.9369999999999999,0.9370117455911083,1,0.07142857142857142
2234,94074,22,0.901,0.9010087266612001,1,0.045454545454545456
2235,94088,14,0.9369999999999999,0.9370037623356533,1,0.07142857142857142
2236,94120,32,0.856,0.8560236854090748,1,0.09375
2237,94166,46,0.7929999999999999,0.7930115410972702,1,0.021739130434782608
2238,94240,74,0.667,0.6670191658080427,1,0.013513513513513514
2239,94254,14,0.9369999999999999,0.9370043137471953,1,0.07142857142857142
2240,94365,111,0.5005,0.5005225313596665,1,0.009009009009009009
2241,94386,21,0.9055,0.9055054293346484,1,0.047619047619047616
2242,94402,16,0.9279999999999999,0.9280030475586968,1,0.0625
2243,94430,28,0.874,0.8740396163628413,1,0.10714285714285714
2244,94446,16,0.9279999999999999,0.9280086733523061,1,0.0625
2245,94460,14,0.9369999999999999,0.9370053881824205,1,0.07142857142857142
2246,94480,20,0.91,0.9100176969423539,1,0.15
2247,94502,22,0.901,0.9010115760019277,1,0.045454545454545456
2248,94516,14,0.9369999999999999,0.9370074345472117,1,0.07142857142857142
2249,94534,18,0.919,0.919013048233724,1,0.05555555555555555
2250,94578,44,0.802,0.8020392952250963,1,0.022727272727272728
2251,94610,32,0.856,0.8561061334094989,1,0.53125
2252,94666,56,0.748,0.7480252896627377,1,0.05357142857142857
2253,94694,28,0.874,0.8740048797451828,1,0.03571428571428571
2254,94708,14,0.9369999999999999,0.937006582746432,1,0.07142857142857142
2255,94722,14,0.9369999999999999,0.9370054213583078,1,0.07142857142857142
2256,94740,18,0.919,0.9190194517887257,1,0.16666666666666666
2257,94754,14,0.9369999999999999,0.9370039156985638,1,0.07142857142857142
2258,94837,83,0.6265000000000001,0.6265136558419026,1,0.012048192771084338
2259,94853,16,0.9279999999999999,0.9280049285181722,1,0.0625
2260,94867,14,0.9369999999999999,0.9370125209037053,1,0.07142857142857142
2261,94883,16,0.9279999999999999,0.9280094457041483,1,0.0625
2262,94905,22,0.901,0.9010115895104938,1,0.045454545454545456
2263,94929,24,0.892,0.8920227558951466,1,0.041666666666666664
2264,94945,16,0.9279999999999999,0.9280088144858402,1,0.1875
2265,94961,16,0.9279999999999999,0.9280033786405318,1,0.0625
2266,94983,22,0.901,0.901020757435578,1,0.045454545454545456
2267,95043,60,0.73,0.7300342231795688,1,0.016666666666666666
2268,95063,20,0.91,0.9100161597829988,1,0.15
2269,95113,50,0.775,0.7751203025917532,1,0.74
2270,95313,200,0.0,0.000349380775187964,0,0.185
2271,95345,32,0.856,0.8561455277965303,1,0.53125
2272,95430,85,0.6174999999999999,0.617730085060466,1,0.38823529411764707
2273,95460,30,0.865,0.8651410420487464,1,0.5666666666666667
2274,95568,108,0.514,0.5141696786231399,1,0.26851851851851855
2275,95624,56,0.748,0.7480484295155931,1,0.08928571428571429
2276,95638,14,0.9369999999999999,0.9370071898354623,1,0.07142857142857142
2277,95652,14,0.9369999999999999,0.9370070621921615,1,0.07142857142857142
2278,95666,14,0.9369999999999999,0.9370072679264911,1,0.07142857142857142
2279,95708,42,0.8109999999999999,0.8110127107559953,1,0.023809523809523808
2280,95740,32,0.856,0.8560646192789905,1,0.25
2281,95760,20,0.91,0.9100332904138726,1,0.35
2282,95846,86,0.613,0.6130614577231535,1,0.10465116279069768
2283,95868,22,0.901,0.9010263109771074,1,0.3181818181818182
2284,95884,16,0.9279999999999999,0.9280215766236116,1,0.1875
2285,95904,20,0.91,0.9100192653171556,1,0.15
2286,95918,14,0.9369999999999999,0.9370075932857759,1,0.07142857142857142
2287,96040,122,0.45099999999999996,0.45103484332318566,1,0.00819672131147541
2288,96069,29,0.8694999999999999,0.8695141242036752,1,0.034482758620689655
2289,96085,16,0.9279999999999999,0.9280142127775188,1,0.0625
2290,96278,193,0.13150000000000006,0.13159244434979717,1,0.0051813471502590676
2291,96398,120,0.45999999999999996,0.460051568831366,1,0.008333333333333333
2292,96426,28,0.874,0.8740107231957159,1,0.03571428571428571
2293,96442,16,0.9279999999999999,0.928013431033069,1,0.0625
2294,96456,14,0.9369999999999999,0.9370058158674341,1,0.07142857142857142
2295,96471,15,0.9325,0.9325065533840952,1,0.06666666666666667
2296,96671,200,0.0,6.879235884180133e-05,0,0.005
2297,96687,16,0.9279999999999999,0.9280399766332138,1,0.1875
2298,96701,14,0.9369999999999999,0.937016416849536,1,0.07142857142857142
2299,96715,14,0.9369999999999999,0.9370283277111309,1,0.07142857142857142
2300,96729,14,0.9369999999999999,0.9370178172976495,1,0.07142857142857142
2301,96743,14,0.9369999999999999,0.9370036594655189,1,0.07142857142857142
2302,96759,16,0.9279999999999999,0.9280107326746609,1,0.0625
2303,96939,180,0.18999999999999995,0.19007208106101298,1,0.005555555555555556
2304,96963,24,0.892,0.8920128292789188,1,0.041666666666666664
2305,96977,14,0.9369999999999999,0.9370091450008711,1,0.07142857142857142
2306,96991,14,0.9369999999999999,0.9370079749824612,1,0.07142857142857142
2307,97005,14,0.9369999999999999,0.9370090546235891,1,0.07142857142857142
2308,97022,17,0.9235,0.9235050794598649,1,0.058823529411764705
2309,97036,14,0.9369999999999999,0.9370007128836887,1,0.07142857142857142
2310,97050,14,0.9369999999999999,0.9370003691891813,1,0.07142857142857142
2311,97064,14,0.9369999999999999,0.9370042878207949,1,0.07142857142857142
2312,97090,26,0.883,0.8830023989252594,1,0.038461538461538464
2313,97136,46,0.7929999999999999,0.7930037030176682,1,0.021739130434782608
2314,97150,14,0.9369999999999999,0.9370034667024839,1,0.07142857142857142
2315,97164,14,0.9369999999999999,0.9370067567800967,1,0.07142857142857142
2316,97178,14,0.9369999999999999,0.937002306328943,1,0.07142857142857142
2317,97196,18,0.919,0.9190045282223446,1,0.05555555555555555
2318,97212,16,0.9279999999999999,0.9280022859910172,1,0.0625
2319,97226,14,0.9369999999999999,0.9370014308799597,1,0.07142857142857142
2320,97260,34,0.847,0.8470146082945998,1,0.08823529411764706
2321,97274,14,0.9369999999999999,0.9370233973965033,1,0.07142857142857142
2322,97288,14,0.9369999999999999,0.9370022512675866,1,0.07142857142857142
2323,97304,16,0.9279999999999999,0.9280039089720128,1,0.0625
2324,97318,14,0.9369999999999999,0.9370016961649954,1,0.07142857142857142
2325,97332,14,0.9369999999999999,0.937000704051874,1,0.07142857142857142
2326,97346,14,0.9369999999999999,0.9370009427456645,1,0.07142857142857142
2327,97360,14,0.9369999999999999,0.9370008304994133,1,0.07142857142857142
2328,97376,16,0.9279999999999999,0.9280010532179134,1,0.0625
2329,97390,14,0.9369999999999999,0.9370005759852545,1,0.07142857142857142
2330,97405,15,0.9325,0.9325025281874035,1,0.06666666666666667
2331,97419,14,0.9369999999999999,0.9370012323532106,1,0.07142857142857142
2332,97433,14,0.9369999999999999,0.9370036678731444,1,0.07142857142857142
2333,97449,16,0.9279999999999999,0.9280016948837921,1,0.0625
2334,97465,16,0.9279999999999999,0.9280066097995913,1,0.0625
2335,97479,14,0.9369999999999999,0.9370139824731089,1,0.07142857142857142
2336,97493,14,0.9369999999999999,0.937012581899028,1,0.07142857142857142
2337,97507,14,0.9369999999999999,0.93700037301875,1,0.07142857142857142
2338,97521,14,0.9369999999999999,0.9370059186407891,1,0.07142857142857142
2339,97539,18,0.919,0.9190296641755,1,0.16666666666666666
2340,97553,14,0.9369999999999999,0.9370043975510425,1,0.07142857142857142
2341,97567,14,0.9369999999999999,0.9370004376131821,1,0.07142857142857142
2342,97583,16,0.9279999999999999,0.9280020467751583,1,0.0625
2343,97597,14,0.9369999999999999,0.9370014380127822,1,0.07142857142857142
2344,97611,14,0.9369999999999999,0.937001249504793,1,0.07142857142857142
2345,97625,14,0.9369999999999999,0.9370117611210295,1,0.07142857142857142
2346,97639,14,0.9369999999999999,0.9370012628247323,1,0.07142857142857142
2347,97657,18,0.919,0.9190029857338297,1,0.05555555555555555
2348,97671,14,0.9369999999999999,0.9370030592142282,1,0.07142857142857142
2349,97685,14,0.9369999999999999,0.9370019039086395,1,0.07142857142857142
2350,97699,14,0.9369999999999999,0.937001835146406,1,0.07142857142857142
2351,97713,14,0.9369999999999999,0.9370100781357432,1,0.07142857142857142
2352,97727,14,0.9369999999999999,0.9370089063336073,1,0.07142857142857142
2353,97741,14,0.9369999999999999,0.9370207346483909,1,0.07142857142857142
2354,97757,16,0.9279999999999999,0.9280096767247499,1,0.1875
2355,97773,16,0.9279999999999999,0.9280022600900033,1,0.1875
2356,97787,14,0.9369999999999999,0.9370053477154408,1,0.07142857142857142
2357,97801,14,0.9369999999999999,0.9370031162881701,1,0.07142857142857142
2358,97817,16,0.9279999999999999,0.9280004027335811,1,0.0625
2359,97833,16,0.9279999999999999,0.9280017101856297,1,0.0625
2360,97849,16,0.9279999999999999,0.9280034839223862,1,0.0625
2361,97865,16,0.9279999999999999,0.9280009581139678,1,0.0625
2362,97879,14,0.9369999999999999,0.9370009355066408,1,0.07142857142857142
2363,97895,16,0.9279999999999999,0.928000055246952,1,0.0625
2364,97909,14,0.9369999999999999,0.9370012040648078,1,0.07142857142857142
2365,97923,14,0.9369999999999999,0.9370004907363474,1,0.07142857142857142
2366,97939,16,0.9279999999999999,0.9280037816004448,1,0.1875
2367,97953,14,0.9369999999999999,0.9370007516524388,1,0.07142857142857142
2368,97967,14,0.9369999999999999,0.937000654570101,1,0.07142857142857142
2369,97981,14,0.9369999999999999,0.9370001194368256,1,0.07142857142857142
2370,97995,14,0.9369999999999999,0.9370006410551164,1,0.07142857142857142
2371,98013,18,0.919,0.9190031963528361,1,0.16666666666666666
2372,98041,28,0.874,0.8740173202576854,1,0.10714285714285714
2373,98055,14,0.9369999999999999,0.9370006124707536,1,0.07142857142857142
2374,98083,28,0.874,0.8740158983991756,1,0.10714285714285714
2375,98099,16,0.9279999999999999,0.928007553865405,1,0.0625
2376,98113,14,0.9369999999999999,0.9370094063201545,1,0.07142857142857142
2377,98127,14,0.9369999999999999,0.9370009385951622,1,0.07142857142857142
2378,98145,18,0.919,0.9190012663529235,1,0.05555555555555555
2379,98161,16,0.9279999999999999,0.9280005292562418,1,0.0625
2380,98177,16,0.9279999999999999,0.928005441169681,1,0.0625
2381,98191,14,0.9369999999999999,0.9370007341762884,1,0.07142857142857142
2382,98227,36,0.838,0.8380013227876899,1,0.027777777777777776
2383,98241,14,0.9369999999999999,0.9370028263519471,1,0.07142857142857142
2384,98255,14,0.9369999999999999,0.9370009221750796,1,0.07142857142857142
2385,98271,16,0.9279999999999999,0.9280024548491433,1,0.0625
2386,98291,20,0.91,0.9100017581315389,1,0.05
2387,98315,24,0.892,0.8920007849321635,1,0.041666666666666664
2388,98329,14,0.9369999999999999,0.9370003320711269,1,0.07142857142857142
2389,98345,16,0.9279999999999999,0.9280038020981201,1,0.0625
2390,98361,16,0.9279999999999999,0.9280018828858798,1,0.0625
2391,98375,14,0.9369999999999999,0.9370071036125395,1,0.07142857142857142
2392,98389,14,0.9369999999999999,0.9370091605821973,1,0.07142857142857142
2393,98403,14,0.9369999999999999,0.9370027261817396,1,0.07142857142857142
2394,98417,14,0.9369999999999999,0.9370064321044848,1,0.07142857142857142
2395,98435,18,0.919,0.9190219104222319,1,0.2777777777777778
2396,98459,24,0.892,0.8920107805803525,1,0.041666666666666664
2397,98473,14,0.9369999999999999,0.9370033465573473,1,0.07142857142857142
2398,98487,14,0.9369999999999999,0.9370004170759423,1,0.07142857142857142
2399,98511,24,0.892,0.8920088629543199,1,0.125
2400,98527,16,0.9279999999999999,0.9280006462084214,1,0.0625
2401,98545,18,0.919,0.9190010936813504,1,0.05555555555555555
2402,98559,14,0.9369999999999999,0.9370007906909907,1,0.07142857142857142
2403,98577,18,0.919,0.9190095358393949,1,0.05555555555555555
2404,98591,14,0.9369999999999999,0.9370144201396136,1,0.07142857142857142
2405,98607,16,0.9279999999999999,0.9280012685892004,1,0.0625
2406,98622,15,0.9325,0.9325003575629242,1,0.06666666666666667
2407,98636,14,0.9369999999999999,0.9369999999999999,1,0.07142857142857142
2408,98650,14,0.9369999999999999,0.9370027967466789,1,0.07142857142857142
2409,98664,14,0.9369999999999999,0.937007411819864,1,0.07142857142857142
2410,98678,14,0.9369999999999999,0.9370009788778892,1,0.07142857142857142
2411,98700,22,0.901,0.9010167602345345,1,0.045454545454545456
2412,98716,16,0.9279999999999999,0.9280020830254349,1,0.0625
2413,98730,14,0.9369999999999999,0.937001494995887,1,0.07142857142857142
2414,98748,18,0.919,0.9190000794546668,1,0.05555555555555555
2415,98762,14,0.9369999999999999,0.9370131243175072,1,0.07142857142857142
2416,98776,14,0.9369999999999999,0.9370013960136806,1,0.07142857142857142
2417,98790,14,0.9369999999999999,0.9370128588401861,1,0.07142857142857142
2418,98804,14,0.9369999999999999,0.9370007602996213,1,0.07142857142857142
2419,98820,16,0.9279999999999999,0.9280099142652097,1,0.0625
2420,98834,14,0.9369999999999999,0.9370002831374006,1,0.07142857142857142
2421,98852,18,0.919,0.9190178518524752,1,0.16666666666666666
2422,98866,14,0.9369999999999999,0.9370054932166726,1,0.07142857142857142
2423,98880,14,0.9369999999999999,0.9370017060460808,1,0.07142857142857142
2424,98894,14,0.9369999999999999,0.9370028259744497,1,0.07142857142857142
2425,98910,16,0.9279999999999999,0.9280067303707608,1,0.0625
2426,98952,42,0.8109999999999999,0.8110086808235311,1,0.023809523809523808
2427,98995,43,0.8065,0.8065231368042709,1,0.023255813953488372
2428,99009,14,0.9369999999999999,0.9370007841379834,1,0.07142857142857142
2429,99023,14,0.9369999999999999,0.9370004596063997,1,0.07142857142857142
2430,99037,14,0.9369999999999999,0.93700943459428,1,0.07142857142857142
2431,99053,16,0.9279999999999999,0.9280010852822288,1,0.0625
2432,99094,41,0.8155,0.8155374643391421,1,0.6097560975609756
2433,99108,14,0.9369999999999999,0.937006376753838,1,0.07142857142857142
2434,99124,16,0.9279999999999999,0.9280065778329952,1,0.0625
2435,99138,14,0.9369999999999999,0.937000381968666,1,0.07142857142857142
2436,99152,14,0.9369999999999999,0.9370001534201677,1,0.07142857142857142
2437,99172,20,0.91,0.9100211261733605,1,0.05
2438,99186,14,0.9369999999999999,0.9370091426288389,1,0.07142857142857142
2439,99202,16,0.9279999999999999,0.9280003243999967,1,0.0625
2440,99216,14,0.9369999999999999,0.9370099730730749,1,0.07142857142857142
2441,99230,14,0.9369999999999999,0.9370104562435596,1,0.07142857142857142
2442,99246,16,0.9279999999999999,0.9280027450950729,1,0.0625
2443,99260,14,0.9369999999999999,0.9370054357375476,1,0.07142857142857142
2444,99276,16,0.9279999999999999,0.9280064649348657,1,0.1875
2445,99290,14,0.9369999999999999,0.9370049535540228,1,0.07142857142857142
2446,99304,14,0.9369999999999999,0.9370002161126538,1,0.07142857142857142
2447,99320,16,0.9279999999999999,0.9280132818490061,1,0.0625
2448,99340,20,0.91,0.9100409722769511,1,0.15
2449,99354,14,0.9369999999999999,0.9370004551461015,1,0.07142857142857142
2450,99368,14,0.9369999999999999,0.9370001402008321,1,0.07142857142857142
2451,99384,16,0.9279999999999999,0.9280029609314586,1,0.0625
2452,99402,18,0.919,0.9190001697385489,1,0.05555555555555555
2453,99416,14,0.9369999999999999,0.9370006456344411,1,0.07142857142857142
2454,99430,14,0.9369999999999999,0.9370000092963828,1,0.07142857142857142
2455,99444,14,0.9369999999999999,0.9370026091547019,1,0.07142857142857142
2456,99458,14,0.9369999999999999,0.9369999999999999,1,0.07142857142857142
2457,99472,14,0.9369999999999999,0.937008005373984,1,0.07142857142857142
2458,99488,16,0.9279999999999999,0.9280038329089294,1,0.0625
2459,99504,16,0.9279999999999999,0.9280091458958025,1,0.0625
2460,99518,14,0.9369999999999999,0.9370001879235771,1,0.07142857142857142
2461,99532,14,0.9369999999999999,0.9370079543764082,1,0.07142857142857142
2462,99548,16,0.9279999999999999,0.9280005837636451,1,0.0625
2463,99564,16,0.9279999999999999,0.928011888234309,1,0.1875
2464,99580,16,0.9279999999999999,0.9280081618382116,1,0.0625
2465,99596,16,0.9279999999999999,0.9280028289800144,1,0.0625
2466,99612,16,0.9279999999999999,0.9280043723358354,1,0.1875
2467,99630,18,0.919,0.9190000633008051,1,0.05555555555555555
2468,99654,24,0.892,0.8920054648463435,1,0.041666666666666664
2469,99671,17,0.9235,0.9235142599859254,1,0.058823529411764705
2470,99687,16,0.9279999999999999,0.9280051717382144,1,0.0625
2471,99701,14,0.9369999999999999,0.9370001572212088,1,0.07142857142857142
2472,99715,14,0.9369999999999999,0.9370006999279683,1,0.07142857142857142
2473,99731,16,0.9279999999999999,0.9280002177819467,1,0.0625
2474,99745,14,0.9369999999999999,0.9370004430696557,1,0.07142857142857142
2475,99759,14,0.9369999999999999,0.9370004764955178,1,0.07142857142857142
2476,99773,14,0.9369999999999999,0.9370041482869047,1,0.07142857142857142
2477,99787,14,0.9369999999999999,0.9370000852406121,1,0.07142857142857142
2478,99803,16,0.9279999999999999,0.9280000716026775,1,0.0625
2479,99817,14,0.9369999999999999,0.9370014044920945,1,0.07142857142857142
2480,99831,14,0.9369999999999999,0.937000247245619,1,0.07142857142857142
2481,99845,14,0.9369999999999999,0.937020140564786,1,0.07142857142857142
2482,99861,16,0.9279999999999999,0.9280051140385132,1,0.0625
2483,99879,18,0.919,0.919000539000538,1,0.05555555555555555
2484,99893,14,0.9369999999999999,0.9369999999999999,1,0.07142857142857142
2485,99907,14,0.9369999999999999,0.9370006779152562,1,0.07142857142857142
2486,99923,16,0.9279999999999999,0.9280006038560554,1,0.0625
2487,99939,16,0.9279999999999999,0.9280085915655532,1,0.0625
2488,99953,14,0.9369999999999999,0.937006631010334,1,0.07142857142857142
2489,99967,14,0.9369999999999999,0.9370135389512875,1,0.07142857142857142
2490,99981,14,0.9369999999999999,0.9370005329669155,1,0.07142857142857142
2491,99999,18,0.919,0.9190010509327692,1,0.05555555555555555
