episode,end_step,length,extrinsic_return,shaped_return,success,tv_fraction
0,200,200,0.0,0.0,0,0.24
1,400,200,0.0,0.0,0,0.12
2,600,200,0.0,0.0,0,0.215
3,800,200,0.0,0.0,0,0.1
4,1000,200,0.0,0.0,0,0.125
5,1200,200,0.0,8.305702518400652,0,0.27
6,1400,200,0.0,5.407442592032867,0,0.135
7,1600,200,0.0,4.3475437958469385,0,0.005
8,1800,200,0.0,4.155738507988242,0,0.175
9,2000,200,0.0,4.097572930867161,0,0.18
10,2200,200,0.0,0.004447995198147934,0,0.03
11,2400,200,0.0,0.007406798091962974,0,0.15
12,2600,200,0.0,0.010505988087355481,0,0.07
13,2800,200,0.0,0.020205589291884225,0,0.09
14,3000,200,0.0,0.016813663783072478,0,0.17
15,3200,200,0.0,0.000738776161075628,0,0.165
16,3400,200,0.0,0.0030160483530470793,0,0.005
17,3600,200,0.0,0.004490305405904565,0,0.155
18,3800,200,0.0,0.006090875642020034,0,0.115
19,3991,191,0.14050000000000007,0.15496529169369377,1,0.12041884816753927
20,4191,200,0.0,0.0015374804163567062,0,0.005
21,4391,200,0.0,0.0005096281092150227,0,0.21
22,4591,200,0.0,0.0009741100005031002,0,0.165
23,4791,200,0.0,0.0015273462334913178,0,0.145
24,4991,200,0.0,0.0015290026835699515,0,0.205
25,5191,200,0.0,0.0004953764651423114,0,0.155
26,5391,200,0.0,0.0012354395398556804,0,0.055
27,5591,200,0.0,0.0018045871400489935,0,0.055
28,5791,200,0.0,0.0005847511113255224,0,0.19
29,5991,200,0.0,0.004826177264330984,0,0.035
30,6191,200,0.0,0.00012358841292045198,0,0.255
31,6391,200,0.0,0.0007650726579181518,0,0.18
32,6591,200,0.0,0.000993025073238181,0,0.205
33,6791,200,0.0,0.0003981504549324399,0,0.155
34,6970,179,0.1945,0.20236581517435226,1,0.027932960893854747
35,7049,79,0.6445,0.6451689617983327,1,0.05063291139240506
36,7249,200,0.0,0.0010225246465329538,0,0.225
37,7449,200,0.0,0.0005679729050010855,0,0.135
38,7626,177,0.20350000000000001,0.2088883336256811,1,0.0847457627118644
39,7826,200,0.0,0.002134307326900648,0,0.02
40,8026,200,0.0,0.002767346791285143,0,0.085
41,8178,152,0.31599999999999995,0.31629193161700697,1,0.03289473684210526
42,8378,200,0.0,0.0008272942545274841,0,0.14
43,8578,200,0.0,0.00014934399791084093,0,0.275
44,8778,200,0.0,0.00020707175490315667,0,0.22
45,8978,200,0.0,0.0005999323405333573,0,0.155
46,9178,200,0.0,7.712416745014132e-05,0,0.175
47,9345,167,0.24850000000000005,0.2489113330653565,1,0.1377245508982036
48,9545,200,0.0,0.0021838255329395054,0,0.025
49,9719,174,0.21699999999999997,0.21801073458985848,1,0.017241379310344827
50,9919,200,0.0,0.00012204897293740936,0,0.23
51,10057,138,0.379,0.3793383406200358,1,0.07971014492753623
52,10257,200,0.0,0.0002574833369351252,0,0.06
53,10457,200,0.0,0.00011112199799745823,0,0.155
54,10657,200,0.0,0.00011063676435825879,0,0.265
55,10857,200,0.0,0.00012264457281163874,0,0.28
56,10984,127,0.4285,0.4291959126293249,1,0.023622047244094488
57,11184,200,0.0,5.996427871166671e-05,0,0.125
58,11384,200,0.0,7.53242020624329e-05,0,0.375
59,11584,200,0.0,7.216616677312405e-05,0,0.285
60,11784,200,0.0,9.323386384691524e-05,0,0.235
61,11984,200,0.0,0.0004672256684773767,0,0.195
62,12117,133,0.40149999999999997,0.40165049768398847,1,0.08270676691729323
63,12317,200,0.0,0.0002247332006929362,0,0.23
64,12517,200,0.0,9.294616487453945e-05,0,0.615
65,12717,200,0.0,0.00014105325177438306,0,0.18
66,12917,200,0.0,0.00011661140693847997,0,0.355
67,13117,200,0.0,8.033065505203121e-05,0,0.285
68,13317,200,0.0,0.0001298185972683794,0,0.135
69,13517,200,0.0,0.0001533855262282987,0,0.08
70,13717,200,0.0,4.739661991139623e-05,0,0.175
71,13917,200,0.0,6.301366453055712e-05,0,0.1
72,14117,200,0.0,5.5531852665351446e-05,0,0.265
73,14137,20,0.91,0.9100110705293787,1,0.05
74,14337,200,0.0,1.903559128718753e-05,0,0.28
75,14519,182,0.18099999999999994,0.18110511004151886,1,0.2967032967032967
76,14719,200,0.0,7.866540459153796e-05,0,0.17
77,14840,121,0.4555,0.4555681527102916,1,0.06611570247933884
78,15040,200,0.0,3.711957471094998e-05,0,0.09
79,15240,200,0.0,2.2056487376490894e-05,0,0.185
80,15338,98,0.5589999999999999,0.5590672679595268,1,0.030612244897959183
81,15538,200,0.0,2.8356016025619353e-05,0,0.25
82,15738,200,0.0,2.584548772701508e-05,0,0.185
83,15938,200,0.0,0.0002365728118363595,0,0.13
84,16070,132,0.4059999999999999,0.40603446450709196,1,0.26515151515151514
85,16215,145,0.34750000000000003,0.3475978605051149,1,0.05517241379310345
86,16344,129,0.4195,0.41954971247119227,1,0.031007751937984496
87,16506,162,0.2709999999999999,0.27126378667670514,1,0.10493827160493827
88,16650,144,0.352,0.3520496657088727,1,0.22916666666666666
89,16721,71,0.6805,0.6806706462518274,1,0.04225352112676056
90,16921,200,0.0,2.9337177610493523e-05,0,0.235
91,17089,168,0.244,0.24402868364573116,1,0.08333333333333333
92,17289,200,0.0,1.4380006527543286e-05,0,0.205
93,17326,37,0.8335,0.8335260908984667,1,0.13513513513513514
94,17479,153,0.3115,0.3115491832340415,1,0.20261437908496732
95,17596,117,0.47350000000000003,0.47356067123861034,1,0.017094017094017096
96,17684,88,0.604,0.6040795541253631,1,0.10227272727272728
97,17884,200,0.0,2.2698700623876103e-05,0,0.12
98,18021,137,0.38349999999999995,0.38351638255275244,1,0.11678832116788321
99,18099,78,0.649,0.6490231794176079,1,0.24358974358974358
100,18299,200,0.0,1.6036011301129083e-05,0,0.16
101,18342,43,0.8065,0.8065152403748689,1,0.023255813953488372
102,18515,173,0.22150000000000003,0.2215644690718158,1,0.05202312138728324
103,18715,200,0.0,3.0297900092936174e-05,0,0.24
104,18769,54,0.757,0.7570718989366245,1,0.2222222222222222
105,18929,160,0.2799999999999999,0.28014511040440515,1,0.01875
106,19005,76,0.6579999999999999,0.6580431296246095,1,0.13157894736842105
107,19054,49,0.7795,0.7795066837707376,1,0.061224489795918366
108,19142,88,0.604,0.6040780298282905,1,0.056818181818181816
109,19342,200,0.0,2.7442302033921174e-05,0,0.185
110,19393,51,0.7705,0.770521200863354,1,0.0196078431372549
111,19466,73,0.6715,0.6715226511200599,1,0.0273972602739726
112,19515,49,0.7795,0.7795181933949449,1,0.061224489795918366
113,19625,110,0.5049999999999999,0.5050370005870646,1,0.18181818181818182
114,19692,67,0.6984999999999999,0.6985423748798004,1,0.014925373134328358
115,19892,200,0.0,3.006417176212418e-05,0,0.065
116,20016,124,0.44199999999999995,0.44202504730564957,1,0.12903225806451613
117,20206,190,0.14500000000000002,0.14506823983003175,1,0.1
118,20406,200,0.0,5.98530242202547e-06,0,0.075
119,20549,143,0.35650000000000004,0.356517650046766,1,0.16783216783216784
120,20628,79,0.6445,0.6445305685304569,1,0.012658227848101266
121,20828,200,0.0,8.690451228354814e-06,0,0.25
122,21000,172,0.22599999999999998,0.22605901363124872,1,0.06395348837209303
123,21030,30,0.865,0.865004716445171,1,0.03333333333333333
124,21088,58,0.739,0.7390057512717203,1,0.1206896551724138
125,21133,45,0.7975,0.7975122890296054,1,0.022222222222222223
126,21190,57,0.7435,0.7435101747088102,1,0.22807017543859648
127,21217,27,0.8785,0.8785069624004658,1,0.037037037037037035
128,21322,105,0.5275,0.5275141143613574,1,0.09523809523809523
129,21398,76,0.6579999999999999,0.6580473555927371,1,0.07894736842105263
130,21598,200,0.0,1.5194406274208696e-05,0,0.13
131,21661,63,0.7164999999999999,0.7165508836790728,1,0.031746031746031744
132,21778,117,0.47350000000000003,0.47352749356722,1,0.09401709401709402
133,21828,50,0.775,0.7750242062429846,1,0.02
134,21856,28,0.874,0.8740123340810514,1,0.17857142857142858
135,21913,57,0.7435,0.7435265210447443,1,0.017543859649122806
136,21972,59,0.7344999999999999,0.7346422399390719,1,0.1016949152542373
137,22006,34,0.847,0.8470146244087057,1,0.029411764705882353
138,22052,46,0.7929999999999999,0.7930129177683891,1,0.021739130434782608
139,22132,80,0.6399999999999999,0.6400156848652931,1,0.1375
140,22221,89,0.5994999999999999,0.5995230829762866,1,0.11235955056179775
141,22262,41,0.8155,0.8155190281743054,1,0.024390243902439025
142,22317,55,0.7525,0.7525203444451742,1,0.10909090909090909
143,22377,60,0.73,0.7300305685657125,1,0.016666666666666666
144,22419,42,0.8109999999999999,0.8110163741399404,1,0.047619047619047616
145,22491,72,0.6759999999999999,0.6760402929616046,1,0.041666666666666664
146,22538,47,0.7885,0.7885168142256251,1,0.10638297872340426
147,22564,26,0.883,0.8830182061034934,1,0.038461538461538464
148,22619,55,0.7525,0.7525398421846333,1,0.01818181818181818
149,22655,36,0.838,0.8380206266670306,1,0.08333333333333333
150,22686,31,0.8605,0.8605162897834407,1,0.16129032258064516
151,22718,32,0.856,0.856040665750755,1,0.21875
152,22766,48,0.784,0.7840198595049126,1,0.3958333333333333
153,22834,68,0.694,0.6941208298248667,1,0.04411764705882353
154,22865,31,0.8605,0.8605192710159795,1,0.03225806451612903
155,22889,24,0.892,0.8920168664038811,1,0.041666666666666664
156,22920,31,0.8605,0.8605178025235098,1,0.03225806451612903
157,23120,200,0.0,7.604306291606528e-05,0,0.035
158,23165,45,0.7975,0.7975141857395663,1,0.15555555555555556
159,23358,193,0.13150000000000006,0.13155648703889453,1,0.05699481865284974
160,23464,106,0.5229999999999999,0.5230275569146288,1,0.02830188679245283
161,23488,24,0.892,0.89200678586743,1,0.041666666666666664
162,23583,95,0.5725,0.5725342587592338,1,0.06315789473684211
163,23648,65,0.7075,0.7075173998957389,1,0.13846153846153847
164,23782,134,0.3969999999999999,0.3970177570054419,1,0.03731343283582089
165,23814,32,0.856,0.8560147527014207,1,0.15625
166,23870,56,0.748,0.7480131432237888,1,0.14285714285714285
167,23920,50,0.775,0.7750181456914474,1,0.02
168,24010,90,0.595,0.5950047213487417,1,0.011111111111111112
169,24123,113,0.49150000000000005,0.4915425661447272,1,0.11504424778761062
170,24141,18,0.919,0.9190056212800262,1,0.05555555555555555
171,24219,78,0.649,0.6490327267522807,1,0.02564102564102564
172,24271,52,0.766,0.7660208989996117,1,0.038461538461538464
173,24319,48,0.784,0.7840185050390609,1,0.020833333333333332
174,24374,55,0.7525,0.752511868012759,1,0.09090909090909091
175,24398,24,0.892,0.8920037823003207,1,0.041666666666666664
176,24543,145,0.34750000000000003,0.3475616817047544,1,0.006896551724137931
177,24574,31,0.8605,0.8605073498056371,1,0.06451612903225806
178,24634,60,0.73,0.7300201541193913,1,0.016666666666666666
179,24706,72,0.6759999999999999,0.6760604641996869,1,0.09722222222222222
180,24738,32,0.856,0.856007125537831,1,0.03125
181,24776,38,0.829,0.8290138960039561,1,0.02631578947368421
182,24808,32,0.856,0.8560142156210102,1,0.03125
183,24846,38,0.829,0.8290199420175596,1,0.02631578947368421
184,24871,25,0.8875,0.8875084622575606,1,0.04
185,24921,50,0.775,0.7750176518822876,1,0.02
186,25121,200,0.0,0.00012692683159668455,0,0.05
187,25180,59,0.7344999999999999,0.73450443666739,1,0.01694915254237288
188,25236,56,0.748,0.74802694285828,1,0.03571428571428571
189,25266,30,0.865,0.8650062346860703,1,0.03333333333333333
190,25293,27,0.8785,0.8785008436373398,1,0.1111111111111111
191,25339,46,0.7929999999999999,0.7930064234764678,1,0.021739130434782608
192,25355,16,0.9279999999999999,0.9280012294929858,1,0.0625
193,25389,34,0.847,0.8470037093681211,1,0.029411764705882353
194,25454,65,0.7075,0.7075325125220884,1,0.015384615384615385
195,25476,22,0.901,0.9010046184400363,1,0.13636363636363635
196,25519,43,0.8065,0.8065115644548856,1,0.023255813953488372
197,25547,28,0.874,0.8740088366938698,1,0.03571428571428571
198,25578,31,0.8605,0.860507574845323,1,0.0967741935483871
199,25633,55,0.7525,0.7525104975239477,1,0.03636363636363636
200,25682,49,0.7795,0.7795312195721597,1,0.20408163265306123
201,25706,24,0.892,0.8920100271943977,1,0.041666666666666664
202,25732,26,0.883,0.8830051790765674,1,0.038461538461538464
203,25759,27,0.8785,0.8785043797744254,1,0.037037037037037035
204,25798,39,0.8245,0.8245144367114674,1,0.07692307692307693
205,25834,36,0.838,0.8380063617119856,1,0.027777777777777776
206,25865,31,0.8605,0.8605040379283442,1,0.03225806451612903
207,25887,22,0.901,0.9010038576997338,1,0.045454545454545456
208,25932,45,0.7975,0.7975228297524525,1,0.2
209,25993,61,0.7255,0.725538999493083,1,0.32786885245901637
210,26025,32,0.856,0.8560064156408259,1,0.0625
211,26049,24,0.892,0.8920034045405429,1,0.20833333333333334
212,26079,30,0.865,0.8650029416150308,1,0.03333333333333333
213,26121,42,0.8109999999999999,0.8110128932453622,1,0.023809523809523808
214,26155,34,0.847,0.8470032245460587,1,0.08823529411764706
215,26195,40,0.82,0.8200073143532923,1,0.05
216,26233,38,0.829,0.8290119871354512,1,0.05263157894736842
217,26281,48,0.784,0.7840098007278616,1,0.020833333333333332
218,26322,41,0.8155,0.8155045741839538,1,0.07317073170731707
219,26344,22,0.901,0.9010030725966788,1,0.045454545454545456
220,26391,47,0.7885,0.7885054207170965,1,0.02127659574468085
221,26455,64,0.712,0.7120350978638288,1,0.078125
222,26496,41,0.8155,0.8155065780577185,1,0.07317073170731707
223,26535,39,0.8245,0.8245038573059782,1,0.2564102564102564
224,26563,28,0.874,0.8740051726103406,1,0.10714285714285714
225,26593,30,0.865,0.8650028974703278,1,0.1
226,26648,55,0.7525,0.7525357866566396,1,0.03636363636363636
227,26700,52,0.766,0.7660092247206882,1,0.019230769230769232
228,26753,53,0.7615,0.7615314818569804,1,0.18867924528301888
229,26814,61,0.7255,0.7255524860722674,1,0.06557377049180328
230,26842,28,0.874,0.8740075786870438,1,0.03571428571428571
231,26927,85,0.6174999999999999,0.6175711256403105,1,0.11764705882352941
232,26952,25,0.8875,0.8875052830726952,1,0.04
233,27001,49,0.7795,0.7795414171008399,1,0.061224489795918366
234,27159,158,0.2889999999999999,0.289072068064566,1,0.02531645569620253
235,27197,38,0.829,0.8290030130959727,1,0.02631578947368421
236,27315,118,0.469,0.4690067529605519,1,0.00847457627118644
237,27331,16,0.9279999999999999,0.9280010655324658,1,0.1875
238,27368,37,0.8335,0.8335029361145536,1,0.13513513513513514
239,27475,107,0.5185,0.5185680057567643,1,0.037383177570093455
240,27501,26,0.883,0.8830020081210672,1,0.038461538461538464
241,27574,73,0.6715,0.671533000567657,1,0.0684931506849315
242,27601,27,0.8785,0.8785037598958836,1,0.037037037037037035
243,27716,115,0.48250000000000004,0.48258327790972083,1,0.034782608695652174
244,27742,26,0.883,0.8830020810992438,1,0.038461538461538464
245,27916,174,0.21699999999999997,0.2171992660663548,1,0.034482758620689655
246,27954,38,0.829,0.8290065836520386,1,0.02631578947368421
247,27995,41,0.8155,0.8155086493710261,1,0.0975609756097561
248,28025,30,0.865,0.8650020023540044,1,0.1
249,28053,28,0.874,0.8740022175209663,1,0.03571428571428571
250,28121,68,0.694,0.6940132077780771,1,0.11764705882352941
251,28226,105,0.5275,0.5275271763230968,1,0.01904761904761905
252,28426,200,0.0,0.0001227493551010769,0,0.03
253,28533,107,0.5185,0.5185552502292922,1,0.018691588785046728
254,28572,39,0.8245,0.8245097768081585,1,0.15384615384615385
255,28650,78,0.649,0.6490471012018074,1,0.02564102564102564
256,28847,197,0.11350000000000005,0.1136745282876238,1,0.01015228426395939
257,29047,200,0.0,0.00020879374762966182,0,0.01
258,29087,40,0.82,0.8200047191785995,1,0.125
259,29131,44,0.802,0.8020065825735564,1,0.18181818181818182
260,29171,40,0.82,0.8200035972907961,1,0.125
261,29235,64,0.712,0.7120035612835142,1,0.21875
262,29320,85,0.6174999999999999,0.6175145005425704,1,0.011764705882352941
263,29368,48,0.784,0.7840087315696864,1,0.020833333333333332
264,29456,88,0.604,0.6040185880970469,1,0.03409090909090909
265,29528,72,0.6759999999999999,0.6760129435004698,1,0.013888888888888888
266,29557,29,0.8694999999999999,0.8695028871400513,1,0.034482758620689655
267,29641,84,0.622,0.622022578994241,1,0.011904761904761904
268,29717,76,0.6579999999999999,0.6580165418669,1,0.09210526315789473
269,29907,190,0.14500000000000002,0.14509797725332343,1,0.031578947368421054
270,29972,65,0.7075,0.7075206118992882,1,0.015384615384615385
271,30056,84,0.622,0.6220027285667343,1,0.19047619047619047
272,30088,32,0.856,0.8560022047582763,1,0.125
273,30137,49,0.7795,0.7795031855814768,1,0.061224489795918366
274,30323,186,0.16299999999999992,0.16301528972791543,1,0.016129032258064516
275,30425,102,0.5409999999999999,0.5410102129191927,1,0.029411764705882353
276,30625,200,0.0,4.2230997512165174e-05,0,0.035
277,30684,59,0.7344999999999999,0.7345093289902757,1,0.01694915254237288
278,30757,73,0.6715,0.6715128500327547,1,0.0684931506849315
279,30839,82,0.631,0.631011276668801,1,0.15853658536585366
280,31022,183,0.1765,0.17653739715147945,1,0.01639344262295082
281,31057,35,0.8425,0.842501958427589,1,0.02857142857142857
282,31243,186,0.16299999999999992,0.16300741828814438,1,0.016129032258064516
283,31443,200,0.0,2.74279938702434e-05,0,0.045
284,31558,115,0.48250000000000004,0.4825164041926582,1,0.02608695652173913
285,31588,30,0.865,0.8650013246654931,1,0.16666666666666666
286,31788,200,0.0,5.3438468975661696e-05,0,0.015
287,31828,40,0.82,0.8200054555271893,1,0.025
288,31953,125,0.4375,0.4375152058002334,1,0.008
289,32005,52,0.766,0.7660101083314933,1,0.019230769230769232
290,32054,49,0.7795,0.7795031262045529,1,0.061224489795918366
291,32095,41,0.8155,0.8155022096256718,1,0.07317073170731707
292,32144,49,0.7795,0.7795095325161595,1,0.02040816326530612
293,32170,26,0.883,0.883002218940269,1,0.19230769230769232
294,32205,35,0.8425,0.8425036677735822,1,0.02857142857142857
295,32335,130,0.4149999999999999,0.4150079212065572,1,0.046153846153846156
296,32375,40,0.82,0.8200042508676264,1,0.025
297,32393,18,0.919,0.919000784645612,1,0.16666666666666666
298,32419,26,0.883,0.8830019052216822,1,0.038461538461538464
299,32471,52,0.766,0.7660032873329758,1,0.019230769230769232
300,32571,100,0.55,0.550009215966681,1,0.05
301,32719,148,0.33399999999999996,0.3340180566751484,1,0.02027027027027027
302,32765,46,0.7929999999999999,0.7930043284738636,1,0.021739130434782608
303,32803,38,0.829,0.8290037556095707,1,0.13157894736842105
304,32937,134,0.3969999999999999,0.3970130627597421,1,0.022388059701492536
305,33007,70,0.685,0.6850103349780587,1,0.07142857142857142
306,33043,36,0.838,0.8380019800401353,1,0.08333333333333333
307,33243,200,0.0,1.1717303337192553e-05,0,0.005
308,33443,200,0.0,2.9434553486948795e-05,0,0.005
309,33584,141,0.36550000000000005,0.36551410812296264,1,0.04964539007092199
310,33661,77,0.6535,0.6535047201683084,1,0.012987012987012988
311,33774,113,0.49150000000000005,0.4915146664501811,1,0.008849557522123894
312,33860,86,0.613,0.6130168661163754,1,0.011627906976744186
313,33999,139,0.37450000000000006,0.3745171339028241,1,0.007194244604316547
314,34070,71,0.6805,0.680506375064083,1,0.014084507042253521
315,34194,124,0.44199999999999995,0.4420147044770591,1,0.008064516129032258
316,34250,56,0.748,0.7480110239285793,1,0.05357142857142857
317,34268,18,0.919,0.9190028395002392,1,0.05555555555555555
318,34419,151,0.3205,0.3205340041148816,1,0.006622516556291391
319,34508,89,0.5994999999999999,0.5995368414318976,1,0.011235955056179775
320,34536,28,0.874,0.8740010558182345,1,0.10714285714285714
321,34584,48,0.784,0.7840032454734343,1,0.0625
322,34709,125,0.4375,0.4375420087695249,1,0.056
323,34909,200,0.0,5.814487242679718e-05,0,0.015
324,35109,200,0.0,5.78661839939337e-05,0,0.005
325,35139,30,0.865,0.8650027053870373,1,0.03333333333333333
326,35213,74,0.667,0.6670053241921877,1,0.04054054054054054
327,35237,24,0.892,0.8920044138613541,1,0.041666666666666664
328,35310,73,0.6715,0.6715088376112907,1,0.0410958904109589
329,35365,55,0.7525,0.7525037014957879,1,0.16363636363636364
330,35565,200,0.0,8.731012775179423e-05,0,0.005
331,35665,100,0.55,0.5500226718010363,1,0.01
332,35865,200,0.0,0.00030015646671304055,0,0.015
333,35986,121,0.4555,0.45550679251510395,1,0.008264462809917356
334,36034,48,0.784,0.78400496628722,1,0.020833333333333332
335,36234,200,0.0,6.426970925132216e-05,0,0.005
336,36434,200,0.0,3.9302808937754385e-05,0,0.015
337,36474,40,0.82,0.8200019518064369,1,0.025
338,36514,40,0.82,0.8200100096872587,1,0.025
339,36644,130,0.4149999999999999,0.4150307962058086,1,0.007692307692307693
340,36674,30,0.865,0.8650025068830717,1,0.3
341,36690,16,0.9279999999999999,0.9280007920150727,1,0.0625
342,36732,42,0.8109999999999999,0.8110012379244261,1,0.2619047619047619
343,36800,68,0.694,0.6940088397398747,1,0.014705882352941176
344,36894,94,0.577,0.5770317368989135,1,0.010638297872340425
345,36975,81,0.6355,0.6355603523147855,1,0.012345679012345678
346,37018,43,0.8065,0.8065097782082055,1,0.06976744186046512
347,37088,70,0.685,0.6850185489950437,1,0.014285714285714285
348,37178,90,0.595,0.5950056051691007,1,0.011111111111111112
349,37291,113,0.49150000000000005,0.4915185029017701,1,0.008849557522123894
350,37491,200,0.0,2.9180903634560406e-05,0,0.02
351,37568,77,0.6535,0.6535051359572557,1,0.09090909090909091
352,37700,132,0.4059999999999999,0.40601013262227975,1,0.23484848484848486
353,37769,69,0.6895,0.6895012015590938,1,0.2753623188405797
354,37787,18,0.919,0.9190002462317045,1,0.05555555555555555
355,37815,28,0.874,0.8740011895007869,1,0.03571428571428571
356,37899,84,0.622,0.622026881966397,1,0.047619047619047616
357,38007,108,0.514,0.5140010263345888,1,0.2222222222222222
358,38207,200,0.0,6.717942661262966e-05,0,0.065
359,38269,62,0.721,0.7210479425995997,1,0.016129032258064516
360,38469,200,0.0,0.00015974679481124037,0,0.005
361,38513,44,0.802,0.80201382241457,1,0.11363636363636363
362,38713,200,0.0,0.00016903550375772127,0,0.02
363,38843,130,0.4149999999999999,0.41511261576843933,1,0.007692307692307693
364,38931,88,0.604,0.6040600364403681,1,0.011363636363636364
365,38970,39,0.8245,0.8245337084688118,1,0.02564102564102564
366,39062,92,0.586,0.5860323177102053,1,0.06521739130434782
367,39119,57,0.7435,0.7435011491631122,1,0.05263157894736842
368,39184,65,0.7075,0.7075020057056571,1,0.015384615384615385
369,39223,39,0.8245,0.8245040097040401,1,0.28205128205128205
370,39254,31,0.8605,0.8605003400967812,1,0.0967741935483871
371,39282,28,0.874,0.8740024611320709,1,0.17857142857142858
372,39302,20,0.91,0.9100008932644671,1,0.05
373,39332,30,0.865,0.8650025770850728,1,0.03333333333333333
374,39354,22,0.901,0.9010009921283921,1,0.045454545454545456
375,39381,27,0.8785,0.8785022256046736,1,0.037037037037037035
376,39419,38,0.829,0.8290034334140569,1,0.02631578947368421
377,39452,33,0.8514999999999999,0.8515025637686985,1,0.030303030303030304
378,39492,40,0.82,0.8200018127275932,1,0.025
379,39557,65,0.7075,0.7075009813978844,1,0.046153846153846156
380,39609,52,0.766,0.7660014454083901,1,0.019230769230769232
381,39692,83,0.6265000000000001,0.6265089121306255,1,0.012048192771084338
382,39768,76,0.6579999999999999,0.6580021344877605,1,0.039473684210526314
383,39798,30,0.865,0.865001169003962,1,0.1
384,39865,67,0.6984999999999999,0.6985104865088718,1,0.04477611940298507
385,39887,22,0.901,0.9010019051092877,1,0.045454545454545456
386,39941,54,0.757,0.757004950915243,1,0.018518518518518517
387,39963,22,0.901,0.9010028743989461,1,0.045454545454545456
388,40024,61,0.7255,0.7255082667704132,1,0.01639344262295082
389,40051,27,0.8785,0.878500400816303,1,0.037037037037037035
390,40097,46,0.7929999999999999,0.7930011288476909,1,0.10869565217391304
391,40149,52,0.766,0.766003271627751,1,0.019230769230769232
392,40232,83,0.6265000000000001,0.6265115992186292,1,0.03614457831325301
393,40310,78,0.649,0.6490133404767833,1,0.01282051282051282
394,40475,165,0.25750000000000006,0.25751055685227897,1,0.006060606060606061
395,40516,41,0.8155,0.8155018029622354,1,0.024390243902439025
396,40542,26,0.883,0.8830020728488218,1,0.038461538461538464
397,40576,34,0.847,0.8470053227021269,1,0.029411764705882353
398,40638,62,0.721,0.7210036187265579,1,0.08064516129032258
399,40704,66,0.703,0.7030208471141547,1,0.07575757575757576
400,40726,22,0.901,0.9010015279975667,1,0.045454545454545456
401,40826,100,0.55,0.5500090483763653,1,0.02
402,40880,54,0.757,0.7570055299520111,1,0.018518518518518517
403,40937,57,0.7435,0.743503955750781,1,0.017543859649122806
404,40976,39,0.8245,0.8245013696652186,1,0.02564102564102564
405,41026,50,0.775,0.7750070970901869,1,0.02
406,41054,28,0.874,0.8740005272889795,1,0.03571428571428571
407,41107,53,0.7615,0.7615017989413225,1,0.018867924528301886
408,41133,26,0.883,0.8830006712711178,1,0.038461538461538464
409,41244,111,0.5005,0.5005028052027256,1,0.009009009009009009
410,41282,38,0.829,0.8290011474077488,1,0.07894736842105263
411,41344,62,0.721,0.7210021386123764,1,0.41935483870967744
412,41404,60,0.73,0.7300047934979343,1,0.05
413,41427,23,0.8965,0.8965010766929253,1,0.043478260869565216
414,41493,66,0.703,0.7030032322443369,1,0.015151515151515152
415,41614,121,0.4555,0.4555058152378055,1,0.30578512396694213
416,41632,18,0.919,0.9190001386623199,1,0.05555555555555555
417,41724,92,0.586,0.5860022929097268,1,0.010869565217391304
418,41768,44,0.802,0.8020016506926936,1,0.20454545454545456
419,41796,28,0.874,0.8740005992889188,1,0.10714285714285714
420,41828,32,0.856,0.8560009787721243,1,0.03125
421,41862,34,0.847,0.8470009619232716,1,0.2647058823529412
422,41932,70,0.685,0.6850009340143904,1,0.5571428571428572
423,41950,18,0.919,0.9190005794343641,1,0.05555555555555555
424,41966,16,0.9279999999999999,0.9280007833393218,1,0.0625
425,41994,28,0.874,0.8740021595887495,1,0.03571428571428571
426,42064,70,0.685,0.6850041877734877,1,0.07142857142857142
427,42083,19,0.9145,0.9145013161487608,1,0.05263157894736842
428,42117,34,0.847,0.8470029732748856,1,0.08823529411764706
429,42152,35,0.8425,0.8425033335852933,1,0.2571428571428571
430,42193,41,0.8155,0.8155018310148769,1,0.34146341463414637
431,42239,46,0.7929999999999999,0.793001167859456,1,0.15217391304347827
432,42325,86,0.613,0.6130094550524606,1,0.011627906976744186
433,42343,18,0.919,0.9190011766967888,1,0.05555555555555555
434,42374,31,0.8605,0.8605017716898061,1,0.03225806451612903
435,42425,51,0.7705,0.7705041692462391,1,0.0196078431372549
436,42445,20,0.91,0.9100017627389558,1,0.05
437,42467,22,0.901,0.9010014202358414,1,0.13636363636363635
438,42565,98,0.5589999999999999,0.5590167458472971,1,0.030612244897959183
439,42622,57,0.7435,0.7435047368240706,1,0.05263157894736842
440,42671,49,0.7795,0.7795053945211209,1,0.061224489795918366
441,42715,44,0.802,0.8020049524878687,1,0.29545454545454547
442,42749,34,0.847,0.8470022791724426,1,0.5
443,42774,25,0.8875,0.8875014115110179,1,0.04
444,42814,40,0.82,0.820003597940701,1,0.125
445,42835,21,0.9055,0.9055012535961322,1,0.047619047619047616
446,42863,28,0.874,0.8740043884466653,1,0.03571428571428571
447,42889,26,0.883,0.8830018484574315,1,0.038461538461538464
448,42906,17,0.9235,0.9235006085863997,1,0.058823529411764705
449,42947,41,0.8155,0.8155020724092904,1,0.21951219512195122
450,42975,28,0.874,0.874002759108648,1,0.03571428571428571
451,43027,52,0.766,0.7660019126559606,1,0.38461538461538464
452,43225,198,0.10899999999999999,0.10902276193775644,1,0.05555555555555555
453,43282,57,0.7435,0.7435017464002801,1,0.017543859649122806
454,43375,93,0.5814999999999999,0.5815108781541304,1,0.010752688172043012
455,43405,30,0.865,0.8650019668790846,1,0.1
456,43466,61,0.7255,0.7255073336670194,1,0.01639344262295082
457,43519,53,0.7615,0.7615054184821087,1,0.018867924528301886
458,43590,71,0.6805,0.6805020309344081,1,0.014084507042253521
459,43617,27,0.8785,0.8785010419005063,1,0.037037037037037035
460,43657,40,0.82,0.8200014795217461,1,0.025
461,43679,22,0.901,0.9010001923957154,1,0.045454545454545456
462,43699,20,0.91,0.9100002273125098,1,0.15
463,43768,69,0.6895,0.6895109743248039,1,0.014492753623188406
464,43816,48,0.784,0.7840043955756509,1,0.0625
465,43902,86,0.613,0.6130161050405286,1,0.06976744186046512
466,43931,29,0.8694999999999999,0.8695032427638391,1,0.034482758620689655
467,43947,16,0.9279999999999999,0.9280000878819555,1,0.0625
468,43972,25,0.8875,0.8875048558595194,1,0.04
469,44000,28,0.874,0.874000973760916,1,0.10714285714285714
470,44034,34,0.847,0.8470000930603833,1,0.029411764705882353
471,44234,200,0.0,1.0271340433581253e-05,0,0.35
472,44394,160,0.2799999999999999,0.2800203915152224,1,0.0125
473,44594,200,0.0,2.298727303626296e-06,0,0.4
474,44794,200,0.0,8.802312906249495e-07,0,0.005
475,44948,154,0.30699999999999994,0.30705171463383185,1,0.012987012987012988
476,45148,200,0.0,3.956008610518335e-06,0,0.07
477,45293,145,0.34750000000000003,0.34751051270068417,1,0.013793103448275862
478,45493,200,0.0,1.6172768548382623e-05,0,0.01
479,45600,107,0.5185,0.5185167268286761,1,0.018691588785046728
480,45800,200,0.0,6.269380577187395e-05,0,0.01
481,45886,86,0.613,0.6130189914424754,1,0.023255813953488372
482,46086,200,0.0,4.5352387132085966e-05,0,0.01
483,46214,128,0.42399999999999993,0.4240140123873415,1,0.015625
484,46245,31,0.8605,0.860502535268721,1,0.06451612903225806
485,46445,200,0.0,6.460577880408552e-05,0,0.01
486,46543,98,0.5589999999999999,0.559021450426077,1,0.02040816326530612
487,46726,183,0.1765,0.17659251887286753,1,0.01092896174863388
488,46782,56,0.748,0.7480043555956534,1,0.03571428571428571
489,46916,134,0.3969999999999999,0.3970709380580133,1,0.014925373134328358
490,47116,200,0.0,3.291815110509933e-05,0,0.02
491,47264,148,0.33399999999999996,0.3340317442765354,1,0.006756756756756757
492,47464,200,0.0,1.3710494272101696e-05,0,0.01
493,47664,200,0.0,2.824439045487817e-05,0,0.01
494,47864,200,0.0,1.3396303383034918e-05,0,0.02
495,48064,200,0.0,1.3486794149640862e-05,0,0.005
496,48088,24,0.892,0.8920039945720043,1,0.08333333333333333
497,48110,22,0.901,0.9010033332480855,1,0.18181818181818182
498,48310,200,0.0,2.959104082214153e-05,0,0.01
499,48510,200,0.0,2.8609606655746065e-05,0,0.11
500,48552,42,0.8109999999999999,0.8110052672386818,1,0.38095238095238093
501,48752,200,0.0,3.088624773844749e-05,0,0.02
502,48952,200,0.0,5.1733924580053226e-05,0,0.13
503,49152,200,0.0,1.2613089093579632e-05,0,0.01
504,49352,200,0.0,8.605790458699333e-07,0,0.005
505,49552,200,0.0,2.048529848057684e-05,0,0.01
506,49752,200,0.0,7.580407086056062e-07,0,0.005
507,49952,200,0.0,1.8191204867803203e-06,0,0.005
508,50152,200,0.0,1.7101261491618107e-05,0,0.005
509,50352,200,0.0,3.120077947327842e-05,0,0.005
510,50552,200,0.0,1.6590307372460924e-05,0,0.005
511,50752,200,0.0,2.7800512806294717e-05,0,0.005
512,50952,200,0.0,3.3884229001095345e-05,0,0.005
513,51000,48,0.784,0.7840098531952778,1,0.020833333333333332
514,51200,200,0.0,2.4966282117825813e-06,0,0.005
515,51400,200,0.0,2.05011670601537e-06,0,0.005
516,51600,200,0.0,3.044297842758858e-06,0,0.005
517,51800,200,0.0,5.732289253624208e-06,0,0.005
518,51826,26,0.883,0.8830025720987721,1,0.11538461538461539
519,52026,200,0.0,1.9219993908996355e-05,0,0.015
520,52226,200,0.0,2.038796646515689e-06,0,0.005
521,52426,200,0.0,1.1266944955692733e-05,0,0.015
522,52626,200,0.0,1.9616967719157872e-05,0,0.005
523,52784,158,0.2889999999999999,0.2890015202586206,1,0.006329113924050633
524,52917,133,0.40149999999999997,0.40150960235713556,1,0.022556390977443608
525,53117,200,0.0,8.410891785058428e-06,0,0.005
526,53185,68,0.694,0.6940015634157461,1,0.014705882352941176
527,53368,183,0.1765,0.17650368027306942,1,0.00546448087431694
528,53424,56,0.748,0.7480004506865092,1,0.017857142857142856
529,53480,56,0.748,0.7480002837762268,1,0.017857142857142856
530,53601,121,0.4555,0.4555003102698828,1,0.008264462809917356
531,53780,179,0.1945,0.19450183153219638,1,0.00558659217877095
532,53796,16,0.9279999999999999,0.9280001381506823,1,0.0625
533,53996,200,0.0,4.671481176183019e-06,0,0.005
534,54046,50,0.775,0.7750008911188576,1,0.02
535,54062,16,0.9279999999999999,0.9280003814654373,1,0.0625
536,54086,24,0.892,0.8920010687494206,1,0.041666666666666664
537,54110,24,0.892,0.8920005704867636,1,0.041666666666666664
538,54128,18,0.919,0.9190009243626294,1,0.05555555555555555
539,54174,46,0.7929999999999999,0.7930016631382771,1,0.021739130434782608
540,54191,17,0.9235,0.923500060308268,1,0.058823529411764705
541,54214,23,0.8965,0.8965000093974381,1,0.043478260869565216
542,54264,50,0.775,0.775000809707286,1,0.02
543,54314,50,0.775,0.7750000777350774,1,0.02
544,54331,17,0.9235,0.9235001833210882,1,0.058823529411764705
545,54349,18,0.919,0.9190003393467825,1,0.05555555555555555
546,54379,30,0.865,0.8650005801415498,1,0.03333333333333333
547,54420,41,0.8155,0.8155011372969636,1,0.024390243902439025
548,54439,19,0.9145,0.9145002735311271,1,0.05263157894736842
549,54477,38,0.829,0.829000606397967,1,0.02631578947368421
550,54495,18,0.919,0.9190001965726441,1,0.16666666666666666
551,54551,56,0.748,0.7480049984275852,1,0.017857142857142856
552,54569,18,0.919,0.9190007439941656,1,0.05555555555555555
553,54599,30,0.865,0.8650016974077751,1,0.03333333333333333
554,54636,37,0.8335,0.8335003493239632,1,0.02702702702702703
555,54733,97,0.5635,0.5635025197114718,1,0.010309278350515464
556,54749,16,0.9279999999999999,0.9280006871048985,1,0.0625
557,54777,28,0.874,0.874001283401389,1,0.03571428571428571
558,54793,16,0.9279999999999999,0.9280003882610951,1,0.0625
559,54823,30,0.865,0.8650016776405108,1,0.03333333333333333
560,54841,18,0.919,0.9190006320277689,1,0.05555555555555555
561,54875,34,0.847,0.8470016517934267,1,0.029411764705882353
562,54938,63,0.7164999999999999,0.7165010388124229,1,0.015873015873015872
563,54971,33,0.8514999999999999,0.8515005808119209,1,0.030303030303030304
564,55001,30,0.865,0.8650011540077744,1,0.03333333333333333
565,55031,30,0.865,0.8650004735618586,1,0.03333333333333333
566,55055,24,0.892,0.8920003007559476,1,0.041666666666666664
567,55110,55,0.7525,0.7525001064610405,1,0.01818181818181818
568,55173,63,0.7164999999999999,0.7165006616858716,1,0.015873015873015872
569,55214,41,0.8155,0.8155045874099663,1,0.024390243902439025
570,55266,52,0.766,0.7660054201904367,1,0.057692307692307696
571,55303,37,0.8335,0.8335022233485347,1,0.02702702702702703
572,55447,144,0.352,0.35200190050400365,1,0.006944444444444444
573,55475,28,0.874,0.8740010677073734,1,0.03571428571428571
574,55537,62,0.721,0.7210061857762666,1,0.016129032258064516
575,55659,122,0.45099999999999996,0.451003371158572,1,0.00819672131147541
576,55705,46,0.7929999999999999,0.7930046749063087,1,0.021739130434782608
577,55747,42,0.8109999999999999,0.8110025333647362,1,0.023809523809523808
578,55765,18,0.919,0.9190003391118725,1,0.05555555555555555
579,55797,32,0.856,0.8560020825246206,1,0.03125
580,55997,200,0.0,2.1894686797384694e-05,0,0.005
581,56042,45,0.7975,0.7975009732666055,1,0.022222222222222223
582,56242,200,0.0,1.7668047716448557e-06,0,0.005
583,56386,144,0.352,0.35200710489261555,1,0.006944444444444444
584,56539,153,0.3115,0.3115037738295512,1,0.006535947712418301
585,56574,35,0.8425,0.8425039744898187,1,0.14285714285714285
586,56602,28,0.874,0.8740005971911091,1,0.03571428571428571
587,56802,200,0.0,3.7773721409923895e-06,0,0.005
588,57002,200,0.0,9.348252908096497e-07,0,0.005
589,57202,200,0.0,1.7486659633896955e-05,0,0.175
590,57268,66,0.703,0.7030067770646945,1,0.3787878787878788
591,57352,84,0.622,0.6220098971013878,1,0.10714285714285714
592,57509,157,0.2935,0.2935127640706552,1,0.09554140127388536
593,57566,57,0.7435,0.7435056638703448,1,0.3684210526315789
594,57638,72,0.6759999999999999,0.6760042081736772,1,0.5694444444444444
595,57742,104,0.532,0.5320004368646337,1,0.009615384615384616
596,57808,66,0.703,0.7030030175660944,1,0.13636363636363635
597,57852,44,0.802,0.8020043137419268,1,0.20454545454545456
598,57921,69,0.6895,0.6895087685525383,1,0.014492753623188406
599,57947,26,0.883,0.8830040391503108,1,0.038461538461538464
600,58013,66,0.703,0.7030065933272821,1,0.015151515151515152
601,58031,18,0.919,0.9190002875270904,1,0.05555555555555555
602,58047,16,0.9279999999999999,0.9280000925033893,1,0.0625
603,58063,16,0.9279999999999999,0.9280000249035032,1,0.0625
604,58089,26,0.883,0.8830000030557175,1,0.038461538461538464
605,58103,14,0.9369999999999999,0.9369999999999999,1,0.07142857142857142
606,58145,42,0.8109999999999999,0.8110000543810884,1,0.023809523809523808
607,58231,86,0.613,0.6130002177020023,1,0.011627906976744186
608,58339,108,0.514,0.5140000475088121,1,0.009259259259259259
609,58409,70,0.685,0.6850006841016185,1,0.014285714285714285
610,58471,62,0.721,0.7210002324722068,1,0.016129032258064516
611,58503,32,0.856,0.8560001266706547,1,0.03125
612,58517,14,0.9369999999999999,0.9370000650734178,1,0.07142857142857142
613,58537,20,0.91,0.9100000239381415,1,0.05
614,58631,94,0.577,0.5770001616796098,1,0.010638297872340425
615,58831,200,0.0,1.5597558412958473e-06,0,0.005
616,58875,44,0.802,0.802,1,0.022727272727272728
617,58980,105,0.5275,0.5275,1,0.009523809523809525
618,59021,41,0.8155,0.8155008580936586,1,0.024390243902439025
619,59035,14,0.9369999999999999,0.9370009950362314,1,0.07142857142857142
620,59060,25,0.8875,0.8875005700515033,1,0.04
621,59074,14,0.9369999999999999,0.9370004141448235,1,0.07142857142857142
622,59116,42,0.8109999999999999,0.8110023541362653,1,0.023809523809523808
623,59142,26,0.883,0.8830020024334844,1,0.038461538461538464
624,59158,16,0.9279999999999999,0.9280014878963023,1,0.0625
625,59174,16,0.9279999999999999,0.9280018644129986,1,0.0625
626,59188,14,0.9369999999999999,0.9370017500515586,1,0.07142857142857142
627,59204,16,0.9279999999999999,0.9280024219829823,1,0.0625
628,59258,54,0.757,0.7570094895431264,1,0.018518518518518517
629,59272,14,0.9369999999999999,0.9370023309097602,1,0.07142857142857142
630,59320,48,0.784,0.7840082900687343,1,0.020833333333333332
631,59398,78,0.649,0.6490132179059452,1,0.01282051282051282
632,59473,75,0.6625,0.662510112602512,1,0.013333333333333334
633,59603,130,0.4149999999999999,0.4150148069888982,1,0.007692307692307693
634,59681,78,0.649,0.6490105089686061,1,0.01282051282051282
635,59695,14,0.9369999999999999,0.9370015813006652,1,0.07142857142857142
636,59737,42,0.8109999999999999,0.8110055944639288,1,0.023809523809523808
637,59797,60,0.73,0.7300035785786123,1,0.016666666666666666
638,59811,14,0.9369999999999999,0.9370004470994606,1,0.07142857142857142
639,59825,14,0.9369999999999999,0.9370004235602982,1,0.07142857142857142
640,59841,16,0.9279999999999999,0.928000500259169,1,0.0625
641,59865,24,0.892,0.8920006515460394,1,0.041666666666666664
642,60023,158,0.2889999999999999,0.2890139564724685,1,0.006329113924050633
643,60049,26,0.883,0.8830003931031039,1,0.2692307692307692
644,60129,80,0.6399999999999999,0.640003278526319,1,0.0125
645,60145,16,0.9279999999999999,0.9280005390594612,1,0.0625
646,60161,16,0.9279999999999999,0.9280005264808762,1,0.0625
647,60175,14,0.9369999999999999,0.937000370296821,1,0.07142857142857142
648,60191,16,0.9279999999999999,0.9280002891268019,1,0.0625
649,60223,32,0.856,0.8560010319214938,1,0.28125
650,60239,16,0.9279999999999999,0.928000528993851,1,0.0625
651,60253,14,0.9369999999999999,0.9370002131519615,1,0.07142857142857142
652,60269,16,0.9279999999999999,0.928000365846572,1,0.0625
653,60287,18,0.919,0.9190004508705258,1,0.05555555555555555
654,60303,16,0.9279999999999999,0.9280003394173933,1,0.0625
655,60319,16,0.9279999999999999,0.9280001534166257,1,0.0625
656,60333,14,0.9369999999999999,0.9370000713960885,1,0.07142857142857142
657,60349,16,0.9279999999999999,0.9280000237206575,1,0.1875
658,60365,16,0.9279999999999999,0.9280001222870378,1,0.0625
659,60381,16,0.9279999999999999,0.9280000335290304,1,0.0625
660,60395,14,0.9369999999999999,0.9370001168021059,1,0.07142857142857142
661,60419,24,0.892,0.8920000172195727,1,0.041666666666666664
662,60433,14,0.9369999999999999,0.9370001372949976,1,0.07142857142857142
663,60458,25,0.8875,0.8875005829216271,1,0.04
664,60482,24,0.892,0.8920006224804127,1,0.2916666666666667
665,60502,20,0.91,0.9100003934942393,1,0.05
666,60516,14,0.9369999999999999,0.9370000375780373,1,0.07142857142857142
667,60530,14,0.9369999999999999,0.9369999999999999,1,0.07142857142857142
668,60544,14,0.9369999999999999,0.9369999999999999,1,0.07142857142857142
669,60558,14,0.9369999999999999,0.9369999999999999,1,0.07142857142857142
670,60572,14,0.9369999999999999,0.9369999999999999,1,0.07142857142857142
671,60590,18,0.919,0.919,1,0.05555555555555555
672,60604,14,0.9369999999999999,0.9369999999999999,1,0.07142857142857142
673,60618,14,0.9369999999999999,0.9369999999999999,1,0.07142857142857142
674,60634,16,0.9279999999999999,0.928000041620616,1,0.0625
675,60648,14,0.9369999999999999,0.9370001012076931,1,0.07142857142857142
676,60662,14,0.9369999999999999,0.9370001796701762,1,0.07142857142857142
677,60676,14,0.9369999999999999,0.9370001682448321,1,0.07142857142857142
678,60690,14,0.9369999999999999,0.9370002652429912,1,0.07142857142857142
679,60704,14,0.9369999999999999,0.9370003783844045,1,0.07142857142857142
680,60718,14,0.9369999999999999,0.9370005686130368,1,0.07142857142857142
681,60736,18,0.919,0.919000908797714,1,0.16666666666666666
682,60750,14,0.9369999999999999,0.9370008372898951,1,0.07142857142857142
683,60764,14,0.9369999999999999,0.937000770343595,1,0.07142857142857142
684,60778,14,0.9369999999999999,0.9370007271084128,1,0.07142857142857142
685,60792,14,0.9369999999999999,0.9370007989626167,1,0.07142857142857142
686,60806,14,0.9369999999999999,0.9370007833352794,1,0.07142857142857142
687,60822,16,0.9279999999999999,0.9280011599266885,1,0.0625
688,60840,18,0.919,0.9190013103249733,1,0.2777777777777778
689,60854,14,0.9369999999999999,0.9370008084451362,1,0.07142857142857142
690,60870,16,0.9279999999999999,0.928000976759579,1,0.0625
691,60884,14,0.9369999999999999,0.9370006875015188,1,0.07142857142857142
692,60898,14,0.9369999999999999,0.9370007165525253,1,0.07142857142857142
693,60912,14,0.9369999999999999,0.9370008482819787,1,0.07142857142857142
694,60928,16,0.9279999999999999,0.9280009520098774,1,0.1875
695,60944,16,0.9279999999999999,0.9280009326343388,1,0.1875
696,60958,14,0.9369999999999999,0.9370008232009148,1,0.07142857142857142
697,60972,14,0.9369999999999999,0.9370007356099919,1,0.07142857142857142
698,60986,14,0.9369999999999999,0.9370008531298585,1,0.07142857142857142
699,61002,16,0.9279999999999999,0.928000779614633,1,0.0625
700,61024,22,0.901,0.9010002247989417,1,0.045454545454545456
701,61046,22,0.901,0.9010002015342681,1,0.4090909090909091
702,61060,14,0.9369999999999999,0.937000023083809,1,0.07142857142857142
703,61084,24,0.892,0.8920000026095407,1,0.2916666666666667
704,61100,16,0.9279999999999999,0.9279999999999999,1,0.0625
705,61116,16,0.9279999999999999,0.9279999999999999,1,0.0625
706,61138,22,0.901,0.9010000042470449,1,0.4090909090909091
707,61156,18,0.919,0.919,1,0.05555555555555555
708,61170,14,0.9369999999999999,0.9370000367862205,1,0.07142857142857142
709,61192,22,0.901,0.9010000062606354,1,0.3181818181818182
710,61210,18,0.919,0.919,1,0.05555555555555555
711,61224,14,0.9369999999999999,0.9370000028174011,1,0.07142857142857142
712,61256,32,0.856,0.8560000325760161,1,0.53125
713,61272,16,0.9279999999999999,0.9279999999999999,1,0.0625
714,61288,16,0.9279999999999999,0.9279999999999999,1,0.0625
715,61304,16,0.9279999999999999,0.9279999999999999,1,0.0625
716,61324,20,0.91,0.91,1,0.25
717,61348,24,0.892,0.8920004048908946,1,0.041666666666666664
718,61362,14,0.9369999999999999,0.9369999999999999,1,0.07142857142857142
719,61391,29,0.8694999999999999,0.8694999999999999,1,0.3103448275862069
720,61407,16,0.9279999999999999,0.9279999999999999,1,0.0625
721,61423,16,0.9279999999999999,0.9279999999999999,1,0.0625
722,61443,20,0.91,0.91,1,0.25
723,61459,16,0.9279999999999999,0.9279999999999999,1,0.0625
724,61477,18,0.919,0.919,1,0.05555555555555555
725,61497,20,0.91,0.91,1,0.35
726,61513,16,0.9279999999999999,0.9279999999999999,1,0.0625
727,61537,24,0.892,0.892,1,0.4583333333333333
728,61553,16,0.9279999999999999,0.9279999999999999,1,0.0625
729,61569,16,0.9279999999999999,0.9280000261290718,1,0.0625
730,61594,25,0.8875,0.8875005997076645,1,0.04
731,61614,20,0.91,0.9100000172970147,1,0.05
732,61654,40,0.82,0.8200010230571934,1,0.15
733,61668,14,0.9369999999999999,0.9370000031890258,1,0.07142857142857142
734,61692,24,0.892,0.8920000520180296,1,0.125
735,61750,58,0.739,0.7390062694259629,1,0.017241379310344827
736,61766,16,0.9279999999999999,0.9280000434568285,1,0.0625
737,61786,20,0.91,0.9100000112484246,1,0.15
738,61814,28,0.874,0.8740025699663604,1,0.03571428571428571
739,61834,20,0.91,0.9100004562246181,1,0.05
740,61852,18,0.919,0.919,1,0.16666666666666666
741,61876,24,0.892,0.892,1,0.125
742,61913,37,0.8335,0.8335,1,0.24324324324324326
743,61936,23,0.8965,0.8965,1,0.30434782608695654
744,61952,16,0.9279999999999999,0.9279999999999999,1,0.0625
745,61972,20,0.91,0.91,1,0.25
746,61988,16,0.9279999999999999,0.9279999999999999,1,0.0625
747,62012,24,0.892,0.8920001697804838,1,0.2916666666666667
748,62032,20,0.91,0.9100006063442118,1,0.05
749,62046,14,0.9369999999999999,0.9370004679739751,1,0.07142857142857142
750,62246,200,0.0,1.9188819099338235e-05,0,0.01
751,62260,14,0.9369999999999999,0.9370003551211935,1,0.07142857142857142
752,62460,200,0.0,5.8169540753073424e-06,0,0.005
753,62474,14,0.9369999999999999,0.9370008800307048,1,0.07142857142857142
754,62488,14,0.9369999999999999,0.9370010417280228,1,0.07142857142857142
755,62688,200,0.0,1.237503991451102e-05,0,0.045
756,62888,200,0.0,2.1341946647210024e-05,0,0.015
757,62902,14,0.9369999999999999,0.9370011778752085,1,0.07142857142857142
758,62916,14,0.9369999999999999,0.9370011570669782,1,0.07142857142857142
759,62930,14,0.9369999999999999,0.9370013506873519,1,0.07142857142857142
760,62946,16,0.9279999999999999,0.9280015740760251,1,0.0625
761,62983,37,0.8335,0.8335025802710767,1,0.02702702702702703
762,63183,200,0.0,9.497097133946837e-06,0,0.005
763,63383,200,0.0,3.7197963745731806e-06,0,0.025
764,63583,200,0.0,1.4436724927707539e-05,0,0.005
765,63783,200,0.0,6.584312355420049e-06,0,0.005
766,63983,200,0.0,4.825151289552035e-06,0,0.005
767,64183,200,0.0,2.1092888106737074e-05,0,0.02
768,64207,24,0.892,0.8920077401943687,1,0.4583333333333333
769,64223,16,0.9279999999999999,0.9280027079899932,1,0.0625
770,64239,16,0.9279999999999999,0.9280019872830302,1,0.0625
771,64259,20,0.91,0.9100041612579488,1,0.25
772,64448,189,0.14950000000000008,0.14955005608075297,1,0.09523809523809523
773,64462,14,0.9369999999999999,0.9370016544380365,1,0.07142857142857142
774,64476,14,0.9369999999999999,0.9370010001660734,1,0.07142857142857142
775,64490,14,0.9369999999999999,0.9370009187319672,1,0.07142857142857142
776,64504,14,0.9369999999999999,0.9370012739121131,1,0.07142857142857142
777,64520,16,0.9279999999999999,0.9280019146305895,1,0.0625
778,64534,14,0.9369999999999999,0.9370012263026277,1,0.07142857142857142
779,64619,85,0.6174999999999999,0.6175126690118814,1,0.09411764705882353
780,64633,14,0.9369999999999999,0.9370021760229709,1,0.07142857142857142
781,64647,14,0.9369999999999999,0.9370021210493599,1,0.07142857142857142
782,64669,22,0.901,0.9010071383897276,1,0.4090909090909091
783,64687,18,0.919,0.9190040434832515,1,0.2777777777777778
784,64703,16,0.9279999999999999,0.9280029142975481,1,0.1875
785,64721,18,0.919,0.9190038516899718,1,0.2777777777777778
786,64747,26,0.883,0.8830079667615914,1,0.5
787,64777,30,0.865,0.8650079492594032,1,0.5
788,64799,22,0.901,0.9010061896892249,1,0.4090909090909091
789,64813,14,0.9369999999999999,0.9370019487688279,1,0.07142857142857142
790,64827,14,0.9369999999999999,0.937002025518925,1,0.07142857142857142
791,64857,30,0.865,0.8650106990231472,1,0.3333333333333333
792,64905,48,0.784,0.7840104470634901,1,0.041666666666666664
793,64921,16,0.9279999999999999,0.9280014147320117,1,0.0625
794,64935,14,0.9369999999999999,0.9370009445757906,1,0.07142857142857142
795,64951,16,0.9279999999999999,0.9280016918840283,1,0.0625
796,64965,14,0.9369999999999999,0.9370012096602793,1,0.07142857142857142
797,64984,19,0.9145,0.9145030574742657,1,0.15789473684210525
798,65000,16,0.9279999999999999,0.9280016871857882,1,0.0625
799,65014,14,0.9369999999999999,0.9370006963504356,1,0.07142857142857142
800,65052,38,0.829,0.8290008982470353,1,0.02631578947368421
801,65110,58,0.739,0.7390021162686881,1,0.017241379310344827
802,65136,26,0.883,0.8830014917032176,1,0.038461538461538464
803,65166,30,0.865,0.8650016121836824,1,0.03333333333333333
804,65220,54,0.757,0.7570050347675775,1,0.018518518518518517
805,65234,14,0.9369999999999999,0.9370011704178498,1,0.07142857142857142
806,65250,16,0.9279999999999999,0.9280015912794548,1,0.0625
807,65269,19,0.9145,0.9145019110052446,1,0.05263157894736842
808,65311,42,0.8109999999999999,0.811005242270948,1,0.023809523809523808
809,65329,18,0.919,0.9190023849234438,1,0.05555555555555555
810,65379,50,0.775,0.7750049519506008,1,0.02
811,65423,44,0.802,0.8020053651380185,1,0.022727272727272728
812,65449,26,0.883,0.8830031488657253,1,0.038461538461538464
813,65465,16,0.9279999999999999,0.9280018922940557,1,0.0625
814,65485,20,0.91,0.9100023193654874,1,0.05
815,65553,68,0.694,0.6940064397553457,1,0.014705882352941176
816,65569,16,0.9279999999999999,0.9280011074166367,1,0.0625
817,65583,14,0.9369999999999999,0.9370006852152265,1,0.07142857142857142
818,65659,76,0.6579999999999999,0.6580034122773419,1,0.013157894736842105
819,65677,18,0.919,0.9190017653338781,1,0.05555555555555555
820,65701,24,0.892,0.8920011281759641,1,0.041666666666666664
821,65739,38,0.829,0.829002887840775,1,0.02631578947368421
822,65783,44,0.802,0.8020031137419118,1,0.022727272727272728
823,65799,16,0.9279999999999999,0.9280010988677209,1,0.0625
824,65908,109,0.5095,0.5095036938249689,1,0.009174311926605505
825,65946,38,0.829,0.8290041942409168,1,0.02631578947368421
826,66001,55,0.7525,0.752505602601966,1,0.01818181818181818
827,66017,16,0.9279999999999999,0.9280002308655944,1,0.0625
828,66041,24,0.892,0.8920002395855051,1,0.041666666666666664
829,66055,14,0.9369999999999999,0.9370002527762107,1,0.07142857142857142
830,66071,16,0.9279999999999999,0.9280002487983469,1,0.0625
831,66091,20,0.91,0.9100003228963806,1,0.05
832,66111,20,0.91,0.9100003496587397,1,0.15
833,66127,16,0.9279999999999999,0.9280001738532244,1,0.0625
834,66147,20,0.91,0.9100002747005753,1,0.15
835,66206,59,0.7344999999999999,0.7345008850736597,1,0.01694915254237288
836,66225,19,0.9145,0.914500228680505,1,0.05263157894736842
837,66322,97,0.5635,0.5635000847378938,1,0.010309278350515464
838,66342,20,0.91,0.91,1,0.05
839,66360,18,0.919,0.919,1,0.05555555555555555
840,66378,18,0.919,0.919,1,0.05555555555555555
841,66430,52,0.766,0.7660000201805223,1,0.019230769230769232
842,66450,20,0.91,0.9100000148045788,1,0.05
843,66470,20,0.91,0.9100000204255299,1,0.15
844,66484,14,0.9369999999999999,0.9370001380542969,1,0.07142857142857142
845,66500,16,0.9279999999999999,0.9280001545937901,1,0.0625
846,66516,16,0.9279999999999999,0.9280001863363279,1,0.0625
847,66532,16,0.9279999999999999,0.9280002034683684,1,0.0625
848,66550,18,0.919,0.9190003489654418,1,0.16666666666666666
849,66566,16,0.9279999999999999,0.9280004637157023,1,0.0625
850,66582,16,0.9279999999999999,0.9280004277064409,1,0.0625
851,66598,16,0.9279999999999999,0.9280006352967128,1,0.0625
852,66635,37,0.8335,0.8335013903793661,1,0.02702702702702703
853,66665,30,0.865,0.8650012255447687,1,0.03333333333333333
854,66681,16,0.9279999999999999,0.928000648731412,1,0.0625
855,66701,20,0.91,0.9100006379090221,1,0.15
856,66741,40,0.82,0.820001031660842,1,0.025
857,66757,16,0.9279999999999999,0.9280002930947168,1,0.0625
858,66837,80,0.6399999999999999,0.6400014237774091,1,0.0125
859,66851,14,0.9369999999999999,0.937000286325447,1,0.07142857142857142
860,66865,14,0.9369999999999999,0.9370000887898112,1,0.07142857142857142
861,66885,20,0.91,0.910000022359138,1,0.05
862,66941,56,0.748,0.7480000575897391,1,0.017857142857142856
863,66957,16,0.9279999999999999,0.9279999999999999,1,0.0625
864,66975,18,0.919,0.9190000738783821,1,0.05555555555555555
865,66989,14,0.9369999999999999,0.9369999999999999,1,0.07142857142857142
866,67173,184,0.17199999999999993,0.1720017741251448,1,0.005434782608695652
867,67275,102,0.5409999999999999,0.5410026478425449,1,0.00980392156862745
868,67377,102,0.5409999999999999,0.541002060875654,1,0.00980392156862745
869,67414,37,0.8335,0.8335006267878072,1,0.02702702702702703
870,67513,99,0.5545,0.5545010191795091,1,0.010101010101010102
871,67539,26,0.883,0.8830001755716862,1,0.038461538461538464
872,67572,33,0.8514999999999999,0.8515008002873737,1,0.030303030303030304
873,67637,65,0.7075,0.7075015472947921,1,0.015384615384615385
874,67694,57,0.7435,0.7435043470561058,1,0.017543859649122806
875,67742,48,0.784,0.784002280873735,1,0.020833333333333332
876,67923,181,0.1855,0.1855055342651584,1,0.0055248618784530384
877,67981,58,0.739,0.7390007643977873,1,0.017241379310344827
878,68019,38,0.829,0.8290008772941928,1,0.02631578947368421
879,68033,14,0.9369999999999999,0.9370009697432101,1,0.07142857142857142
880,68049,16,0.9279999999999999,0.9280011825152357,1,0.0625
881,68079,30,0.865,0.86500364979184,1,0.03333333333333333
882,68125,46,0.7929999999999999,0.793004457010343,1,0.021739130434782608
883,68155,30,0.865,0.8650024594648696,1,0.03333333333333333
884,68181,26,0.883,0.8830015737047787,1,0.038461538461538464
885,68229,48,0.784,0.7840009666116583,1,0.020833333333333332
886,68303,74,0.667,0.6670021895456834,1,0.14864864864864866
887,68325,22,0.901,0.901000412245268,1,0.4090909090909091
888,68363,38,0.829,0.8290009524420238,1,0.2894736842105263
889,68379,16,0.9279999999999999,0.9280004564812349,1,0.0625
890,68423,44,0.802,0.802004700536223,1,0.022727272727272728
891,68439,16,0.9279999999999999,0.9280013772547584,1,0.0625
892,68487,48,0.784,0.7840069136293563,1,0.020833333333333332
893,68526,39,0.8245,0.8245026198831348,1,0.02564102564102564
894,68542,16,0.9279999999999999,0.928001593486722,1,0.1875
895,68556,14,0.9369999999999999,0.937001206941615,1,0.07142857142857142
896,68572,16,0.9279999999999999,0.9280019464474416,1,0.0625
897,68676,104,0.532,0.5320175031848381,1,0.25961538461538464
898,68694,18,0.919,0.9190023883697395,1,0.2777777777777778
899,68718,24,0.892,0.8920036257443815,1,0.041666666666666664
900,68762,44,0.802,0.8020068169731719,1,0.4772727272727273
901,68778,16,0.9279999999999999,0.9280015504554796,1,0.0625
902,68794,16,0.9279999999999999,0.9280014127443748,1,0.0625
903,68812,18,0.919,0.919001682755078,1,0.2777777777777778
904,68866,54,0.757,0.7570088883658744,1,0.12962962962962962
905,68882,16,0.9279999999999999,0.9280015715843922,1,0.0625
906,68920,38,0.829,0.8290059444195185,1,0.02631578947368421
907,68960,40,0.82,0.8200040078922926,1,0.525
908,68997,37,0.8335,0.8335031478920404,1,0.1891891891891892
909,69013,16,0.9279999999999999,0.9280007159096944,1,0.1875
910,69029,16,0.9279999999999999,0.9280007427175059,1,0.0625
911,69047,18,0.919,0.919001124875322,1,0.05555555555555555
912,69065,18,0.919,0.9190011753257178,1,0.05555555555555555
913,69107,42,0.8109999999999999,0.8110026046851234,1,0.023809523809523808
914,69129,22,0.901,0.9010005104318607,1,0.045454545454545456
915,69143,14,0.9369999999999999,0.937000469787233,1,0.07142857142857142
916,69157,14,0.9369999999999999,0.9370003981458157,1,0.07142857142857142
917,69171,14,0.9369999999999999,0.937001100969988,1,0.07142857142857142
918,69185,14,0.9369999999999999,0.9370013965388337,1,0.07142857142857142
919,69203,18,0.919,0.9190020981849085,1,0.05555555555555555
920,69217,14,0.9369999999999999,0.9370016673217644,1,0.07142857142857142
921,69239,22,0.901,0.9010027661465206,1,0.045454545454545456
922,69255,16,0.9279999999999999,0.9280014867766911,1,0.0625
923,69271,16,0.9279999999999999,0.9280018479303354,1,0.1875
924,69319,48,0.784,0.7840062531640561,1,0.020833333333333332
925,69341,22,0.901,0.9010026238976251,1,0.045454545454545456
926,69379,38,0.829,0.8290048862323589,1,0.02631578947368421
927,69431,52,0.766,0.7660032831124323,1,0.21153846153846154
928,69465,34,0.847,0.8470065394433752,1,0.029411764705882353
929,69479,14,0.9369999999999999,0.9370015458326998,1,0.07142857142857142
930,69503,24,0.892,0.8920027420588127,1,0.041666666666666664
931,69703,200,0.0,4.790673970905106e-05,0,0.005
932,69733,30,0.865,0.8650045686818494,1,0.03333333333333333
933,69747,14,0.9369999999999999,0.9370018019972259,1,0.07142857142857142
934,69763,16,0.9279999999999999,0.9280024074244472,1,0.0625
935,69782,19,0.9145,0.9145017992623772,1,0.05263157894736842
936,69802,20,0.91,0.9100013804373515,1,0.05
937,69844,42,0.8109999999999999,0.8110025143029902,1,0.023809523809523808
938,69924,80,0.6399999999999999,0.6400071384160202,1,0.0125
939,70018,94,0.577,0.5770099089203297,1,0.07446808510638298
940,70034,16,0.9279999999999999,0.9280005076324793,1,0.0625
941,70048,14,0.9369999999999999,0.9370003869810432,1,0.07142857142857142
942,70064,16,0.9279999999999999,0.9280002471606256,1,0.0625
943,70080,16,0.9279999999999999,0.9280002790304773,1,0.0625
944,70094,14,0.9369999999999999,0.9370004649025747,1,0.07142857142857142
945,70108,14,0.9369999999999999,0.9370005281732683,1,0.07142857142857142
946,70124,16,0.9279999999999999,0.9280009059519262,1,0.0625
947,70165,41,0.8155,0.8155019929023388,1,0.024390243902439025
948,70181,16,0.9279999999999999,0.928000920538269,1,0.0625
949,70197,16,0.9279999999999999,0.9280008839445049,1,0.0625
950,70213,16,0.9279999999999999,0.9280010400201234,1,0.0625
951,70227,14,0.9369999999999999,0.9370010912989137,1,0.07142857142857142
952,70241,14,0.9369999999999999,0.9370011815543199,1,0.07142857142857142
953,70257,16,0.9279999999999999,0.9280013426174382,1,0.0625
954,70271,14,0.9369999999999999,0.9370011803743323,1,0.07142857142857142
955,70285,14,0.9369999999999999,0.9370009549875428,1,0.07142857142857142
956,70299,14,0.9369999999999999,0.9370009716588249,1,0.07142857142857142
957,70319,20,0.91,0.9100014304359112,1,0.15
958,70335,16,0.9279999999999999,0.9280009906601518,1,0.0625
959,70351,16,0.9279999999999999,0.9280010691501743,1,0.0625
960,70365,14,0.9369999999999999,0.9370009351688393,1,0.07142857142857142
961,70398,33,0.8514999999999999,0.8515025741233451,1,0.030303030303030304
962,70412,14,0.9369999999999999,0.9370008726929303,1,0.07142857142857142
963,70428,16,0.9279999999999999,0.9280007142206933,1,0.0625
964,70446,18,0.919,0.9190005102621908,1,0.05555555555555555
965,70460,14,0.9369999999999999,0.9370004096065235,1,0.07142857142857142
966,70474,14,0.9369999999999999,0.9370005673285562,1,0.07142857142857142
967,70488,14,0.9369999999999999,0.9370005938923102,1,0.07142857142857142
968,70502,14,0.9369999999999999,0.9370005028727459,1,0.07142857142857142
969,70516,14,0.9369999999999999,0.9370008572960323,1,0.07142857142857142
970,70534,18,0.919,0.9190011920411447,1,0.05555555555555555
971,70548,14,0.9369999999999999,0.937000724411496,1,0.07142857142857142
972,70562,14,0.9369999999999999,0.9370008046324493,1,0.07142857142857142
973,70576,14,0.9369999999999999,0.9370004597928951,1,0.07142857142857142
974,70590,14,0.9369999999999999,0.9370004611497561,1,0.07142857142857142
975,70606,16,0.9279999999999999,0.9280002540952528,1,0.0625
976,70622,16,0.9279999999999999,0.9280001670142971,1,0.0625
977,70636,14,0.9369999999999999,0.9370000088278136,1,0.07142857142857142
978,70650,14,0.9369999999999999,0.9370000162143504,1,0.07142857142857142
979,70668,18,0.919,0.919,1,0.05555555555555555
980,70682,14,0.9369999999999999,0.9370000168882207,1,0.07142857142857142
981,70698,16,0.9279999999999999,0.9279999999999999,1,0.0625
982,70712,14,0.9369999999999999,0.9369999999999999,1,0.07142857142857142
983,70728,16,0.9279999999999999,0.9279999999999999,1,0.0625
984,70742,14,0.9369999999999999,0.9369999999999999,1,0.07142857142857142
985,70756,14,0.9369999999999999,0.9369999999999999,1,0.07142857142857142
986,70770,14,0.9369999999999999,0.9370000050465656,1,0.07142857142857142
987,70784,14,0.9369999999999999,0.9370001262408691,1,0.07142857142857142
988,70802,18,0.919,0.9190002268566897,1,0.05555555555555555
989,70816,14,0.9369999999999999,0.9370004600233972,1,0.07142857142857142
990,70832,16,0.9279999999999999,0.9280007604175657,1,0.0625
991,70846,14,0.9369999999999999,0.9370008352904767,1,0.07142857142857142
992,70862,16,0.9279999999999999,0.9280011696856274,1,0.0625
993,70876,14,0.9369999999999999,0.9370009050879565,1,0.07142857142857142
994,70892,16,0.9279999999999999,0.9280013018785908,1,0.1875
995,70906,14,0.9369999999999999,0.9370011738040824,1,0.07142857142857142
996,70922,16,0.9279999999999999,0.9280014236863062,1,0.1875
997,70938,16,0.9279999999999999,0.9280014280993433,1,0.0625
998,70952,14,0.9369999999999999,0.9370012020709094,1,0.07142857142857142
999,70966,14,0.9369999999999999,0.9370009707350977,1,0.07142857142857142
1000,70980,14,0.9369999999999999,0.9370009106860756,1,0.07142857142857142
1001,70994,14,0.9369999999999999,0.9370011956165152,1,0.07142857142857142
1002,71044,50,0.775,0.77500079123967,1,0.02
1003,71128,84,0.622,0.6220018070903999,1,0.011904761904761904
1004,71144,16,0.9279999999999999,0.9280000875777522,1,0.0625
1005,71158,14,0.9369999999999999,0.9370000084292033,1,0.07142857142857142
1006,71178,20,0.91,0.9100000712678125,1,0.05
1007,71266,88,0.604,0.6040000144726329,1,0.7386363636363636
1008,71351,85,0.6174999999999999,0.6174999999999999,1,0.4823529411764706
1009,71367,16,0.9279999999999999,0.9279999999999999,1,0.0625
1010,71385,18,0.919,0.919,1,0.05555555555555555
1011,71399,14,0.9369999999999999,0.9369999999999999,1,0.07142857142857142
1012,71424,25,0.8875,0.8875000139450527,1,0.44
1013,71440,16,0.9279999999999999,0.928000015056606,1,0.0625
1014,71489,49,0.7795,0.7795000282447602,1,0.02040816326530612
1015,71531,42,0.8109999999999999,0.8110001392099105,1,0.35714285714285715
1016,71555,24,0.892,0.89200003534353,1,0.041666666666666664
1017,71569,14,0.9369999999999999,0.9369999999999999,1,0.07142857142857142
1018,71587,18,0.919,0.919,1,0.05555555555555555
1019,71645,58,0.739,0.739,1,0.7413793103448276
1020,71701,56,0.748,0.748,1,0.05357142857142857
1021,71743,42,0.8109999999999999,0.811000017168918,1,0.6904761904761905
1022,71757,14,0.9369999999999999,0.9370000172452219,1,0.07142857142857142
1023,71771,14,0.9369999999999999,0.9370000253282371,1,0.07142857142857142
1024,71787,16,0.9279999999999999,0.9280000262145333,1,0.0625
1025,71801,14,0.9369999999999999,0.9370000002313387,1,0.07142857142857142
1026,71855,54,0.757,0.757,1,0.7222222222222222
1027,71869,14,0.9369999999999999,0.9369999999999999,1,0.07142857142857142
1028,71883,14,0.9369999999999999,0.937000000556833,1,0.07142857142857142
1029,71897,14,0.9369999999999999,0.9370000005028557,1,0.07142857142857142
1030,71920,23,0.8965,0.8965000237966819,1,0.043478260869565216
1031,71942,22,0.901,0.9010000561861347,1,0.3181818181818182
1032,72000,58,0.739,0.7390000078870607,1,0.7758620689655172
1033,72018,18,0.919,0.9190001147906204,1,0.05555555555555555
1034,72046,28,0.874,0.8740008310995179,1,0.03571428571428571
1035,72066,20,0.91,0.9100004590159746,1,0.05
1036,72085,19,0.9145,0.9145001705737938,1,0.05263157894736842
1037,72099,14,0.9369999999999999,0.9370001046009045,1,0.07142857142857142
1038,72114,15,0.9325,0.9325001949336088,1,0.06666666666666667
1039,72128,14,0.9369999999999999,0.9370002224951107,1,0.07142857142857142
1040,72152,24,0.892,0.8920004010457132,1,0.041666666666666664
1041,72172,20,0.91,0.9100003370950182,1,0.05
1042,72195,23,0.8965,0.8965001183423823,1,0.043478260869565216
1043,72211,16,0.9279999999999999,0.9280001833827143,1,0.1875
1044,72235,24,0.892,0.8920003105836857,1,0.041666666666666664
1045,72282,47,0.7885,0.788500240280211,1,0.02127659574468085
1046,72296,14,0.9369999999999999,0.9370000120711753,1,0.07142857142857142
1047,72316,20,0.91,0.91,1,0.05
1048,72336,20,0.91,0.910000044939694,1,0.05
1049,72522,186,0.16299999999999992,0.16300041181688235,1,0.005376344086021506
1050,72538,16,0.9279999999999999,0.9280002119973624,1,0.0625
1051,72570,32,0.856,0.8560004897292542,1,0.09375
1052,72584,14,0.9369999999999999,0.9370001021689014,1,0.07142857142857142
1053,72600,16,0.9279999999999999,0.9280001382280817,1,0.0625
1054,72632,32,0.856,0.8560002748139347,1,0.03125
1055,72658,26,0.883,0.883000107619395,1,0.038461538461538464
1056,72748,90,0.595,0.5950001678534862,1,0.011111111111111112
1057,72776,28,0.874,0.874000003116567,1,0.03571428571428571
1058,72941,165,0.25750000000000006,0.25750134428638605,1,0.006060606060606061
1059,72955,14,0.9369999999999999,0.937000290178756,1,0.07142857142857142
1060,72969,14,0.9369999999999999,0.9370003739383206,1,0.07142857142857142
1061,72983,14,0.9369999999999999,0.9370004029416564,1,0.07142857142857142
1062,72999,16,0.9279999999999999,0.9280003514780218,1,0.0625
1063,73021,22,0.901,0.9010000547085428,1,0.4090909090909091
1064,73035,14,0.9369999999999999,0.9370001304451527,1,0.07142857142857142
1065,73051,16,0.9279999999999999,0.928000043649183,1,0.0625
1066,73065,14,0.9369999999999999,0.9369999999999999,1,0.07142857142857142
1067,73087,22,0.901,0.901,1,0.3181818181818182
1068,73103,16,0.9279999999999999,0.9279999999999999,1,0.1875
1069,73117,14,0.9369999999999999,0.9369999999999999,1,0.07142857142857142
1070,73133,16,0.9279999999999999,0.9279999999999999,1,0.0625
1071,73147,14,0.9369999999999999,0.9369999999999999,1,0.07142857142857142
1072,73163,16,0.9279999999999999,0.9279999999999999,1,0.0625
1073,73177,14,0.9369999999999999,0.9369999999999999,1,0.07142857142857142
1074,73195,18,0.919,0.919,1,0.05555555555555555
1075,73209,14,0.9369999999999999,0.9369999999999999,1,0.07142857142857142
1076,73229,20,0.91,0.91,1,0.05
1077,73246,17,0.9235,0.9235,1,0.058823529411764705
1078,73262,16,0.9279999999999999,0.9279999999999999,1,0.1875
1079,73276,14,0.9369999999999999,0.9369999999999999,1,0.07142857142857142
1080,73290,14,0.9369999999999999,0.9369999999999999,1,0.07142857142857142
1081,73304,14,0.9369999999999999,0.9370000271159165,1,0.07142857142857142
1082,73320,16,0.9279999999999999,0.9280001028422653,1,0.0625
1083,73334,14,0.9369999999999999,0.9370000544923568,1,0.07142857142857142
1084,73348,14,0.9369999999999999,0.9370002055337572,1,0.07142857142857142
1085,73362,14,0.9369999999999999,0.9370002293276186,1,0.07142857142857142
1086,73376,14,0.9369999999999999,0.9370002609683297,1,0.07142857142857142
1087,73390,14,0.9369999999999999,0.9370003524445727,1,0.07142857142857142
1088,73404,14,0.9369999999999999,0.9370003735770719,1,0.07142857142857142
1089,73422,18,0.919,0.9190004712500279,1,0.05555555555555555
1090,73436,14,0.9369999999999999,0.9370002879905771,1,0.07142857142857142
1091,73450,14,0.9369999999999999,0.9370003054199195,1,0.07142857142857142
1092,73464,14,0.9369999999999999,0.9370003338836259,1,0.07142857142857142
1093,73480,16,0.9279999999999999,0.9280004343992017,1,0.0625
1094,73502,22,0.901,0.9010005064206792,1,0.045454545454545456
1095,73516,14,0.9369999999999999,0.9370003455723592,1,0.07142857142857142
1096,73530,14,0.9369999999999999,0.9370003798542261,1,0.07142857142857142
1097,73544,14,0.9369999999999999,0.937000305810844,1,0.07142857142857142
1098,73579,35,0.8425,0.8425004978788574,1,0.02857142857142857
1099,73611,32,0.856,0.8560002482833466,1,0.03125
1100,73637,26,0.883,0.883000336169206,1,0.038461538461538464
1101,73651,14,0.9369999999999999,0.9370002140135377,1,0.07142857142857142
1102,73671,20,0.91,0.9100004181659066,1,0.05
1103,73685,14,0.9369999999999999,0.9370002612717289,1,0.07142857142857142
1104,73699,14,0.9369999999999999,0.9370003133319709,1,0.07142857142857142
1105,73713,14,0.9369999999999999,0.9370003067004496,1,0.07142857142857142
1106,73737,24,0.892,0.8920003626245637,1,0.041666666666666664
1107,73755,18,0.919,0.9190002621037892,1,0.05555555555555555
1108,73769,14,0.9369999999999999,0.9370002145345043,1,0.07142857142857142
1109,73795,26,0.883,0.8830004270008401,1,0.038461538461538464
1110,73809,14,0.9369999999999999,0.9370001829160143,1,0.07142857142857142
1111,73823,14,0.9369999999999999,0.9370002170035423,1,0.07142857142857142
1112,73861,38,0.829,0.8290002560543782,1,0.02631578947368421
1113,73875,14,0.9369999999999999,0.9370001983216943,1,0.07142857142857142
1114,73889,14,0.9369999999999999,0.9370001537034155,1,0.07142857142857142
1115,73905,16,0.9279999999999999,0.9280001590668717,1,0.0625
1116,73919,14,0.9369999999999999,0.9370001218826024,1,0.07142857142857142
1117,73937,18,0.919,0.9190000762047326,1,0.05555555555555555
1118,73953,16,0.9279999999999999,0.9279999999999999,1,0.0625
1119,73985,32,0.856,0.856,1,0.03125
1120,74001,16,0.9279999999999999,0.9279999999999999,1,0.0625
1121,74021,20,0.91,0.9100006395523,1,0.05
1122,74035,14,0.9369999999999999,0.9370007050547291,1,0.07142857142857142
1123,74058,23,0.8965,0.8965004834721397,1,0.043478260869565216
1124,74086,28,0.874,0.8740004351602503,1,0.03571428571428571
1125,74117,31,0.8605,0.8605002902628877,1,0.03225806451612903
1126,74163,46,0.7929999999999999,0.7930006289301031,1,0.021739130434782608
1127,74179,16,0.9279999999999999,0.9280012526013287,1,0.0625
1128,74205,26,0.883,0.8830017675992125,1,0.038461538461538464
1129,74222,17,0.9235,0.9235018022120448,1,0.058823529411764705
1130,74237,15,0.9325,0.932502430120384,1,0.06666666666666667
1131,74251,14,0.9369999999999999,0.937002531614322,1,0.07142857142857142
1132,74271,20,0.91,0.9100033276395691,1,0.05
1133,74293,22,0.901,0.9010034092790045,1,0.045454545454545456
1134,74313,20,0.91,0.910003391531475,1,0.05
1135,74347,34,0.847,0.8470040200621427,1,0.029411764705882353
1136,74365,18,0.919,0.9190030690245234,1,0.05555555555555555
1137,74381,16,0.9279999999999999,0.92800307785177,1,0.0625
1138,74400,19,0.9145,0.9145036464911077,1,0.05263157894736842
1139,74418,18,0.919,0.9190035985932496,1,0.05555555555555555
1140,74469,51,0.7705,0.7705051591902076,1,0.0196078431372549
1141,74485,16,0.9279999999999999,0.9280032970780633,1,0.0625
1142,74527,42,0.8109999999999999,0.8110042678339262,1,0.023809523809523808
1143,74556,29,0.8694999999999999,0.86950348017563,1,0.034482758620689655
1144,74578,22,0.901,0.9010030593770141,1,0.045454545454545456
1145,74637,59,0.7344999999999999,0.7345046520383103,1,0.01694915254237288
1146,74655,18,0.919,0.9190035088412065,1,0.05555555555555555
1147,74675,20,0.91,0.910002954575844,1,0.05
1148,74706,31,0.8605,0.8605029504081882,1,0.03225806451612903
1149,74739,33,0.8514999999999999,0.8515033542393335,1,0.030303030303030304
1150,74757,18,0.919,0.9190037652266133,1,0.05555555555555555
1151,74771,14,0.9369999999999999,0.9370025124595922,1,0.07142857142857142
1152,74796,25,0.8875,0.8875032638334371,1,0.12
1153,74817,21,0.9055,0.9055011535343634,1,0.047619047619047616
1154,74835,18,0.919,0.9190009259159712,1,0.05555555555555555
1155,74854,19,0.9145,0.9145007118261109,1,0.05263157894736842
1156,74874,20,0.91,0.910000719801017,1,0.05
1157,74895,21,0.9055,0.9055005268999644,1,0.047619047619047616
1158,74924,29,0.8694999999999999,0.8695012344592657,1,0.034482758620689655
1159,74952,28,0.874,0.8740010125420711,1,0.03571428571428571
1160,74975,23,0.8965,0.8965014223654744,1,0.043478260869565216
1161,75001,26,0.883,0.8830021746485321,1,0.11538461538461539
1162,75021,20,0.91,0.9100006458471167,1,0.05
1163,75035,14,0.9369999999999999,0.9370007188231011,1,0.07142857142857142
1164,75049,14,0.9369999999999999,0.9370005638783536,1,0.07142857142857142
1165,75065,16,0.9279999999999999,0.9280006221209492,1,0.0625
1166,75079,14,0.9369999999999999,0.9370004091657455,1,0.07142857142857142
1167,75097,18,0.919,0.9190009670928105,1,0.05555555555555555
1168,75115,18,0.919,0.9190009060351744,1,0.05555555555555555
1169,75129,14,0.9369999999999999,0.9370007862999639,1,0.07142857142857142
1170,75143,14,0.9369999999999999,0.9370007577008846,1,0.07142857142857142
1171,75161,18,0.919,0.919000830235182,1,0.16666666666666666
1172,75175,14,0.9369999999999999,0.9370006131745751,1,0.07142857142857142
1173,75199,24,0.892,0.8920006521798364,1,0.041666666666666664
1174,75215,16,0.9279999999999999,0.928000219150338,1,0.0625
1175,75229,14,0.9369999999999999,0.9370000989762658,1,0.07142857142857142
1176,75243,14,0.9369999999999999,0.9370000495216314,1,0.07142857142857142
1177,75265,22,0.901,0.901,1,0.045454545454545456
1178,75279,14,0.9369999999999999,0.9370000012961965,1,0.07142857142857142
1179,75293,14,0.9369999999999999,0.9370000203235733,1,0.07142857142857142
1180,75307,14,0.9369999999999999,0.9370002485851447,1,0.07142857142857142
1181,75323,16,0.9279999999999999,0.9280001792045152,1,0.0625
1182,75337,14,0.9369999999999999,0.9370001723549335,1,0.07142857142857142
1183,75351,14,0.9369999999999999,0.9370003519320802,1,0.07142857142857142
1184,75365,14,0.9369999999999999,0.937000208913565,1,0.07142857142857142
1185,75379,14,0.9369999999999999,0.9370003249691321,1,0.07142857142857142
1186,75393,14,0.9369999999999999,0.9370005165938513,1,0.07142857142857142
1187,75407,14,0.9369999999999999,0.9370006365481264,1,0.07142857142857142
1188,75421,14,0.9369999999999999,0.9370008310386935,1,0.07142857142857142
1189,75435,14,0.9369999999999999,0.937000635387979,1,0.07142857142857142
1190,75449,14,0.9369999999999999,0.9370008655607169,1,0.07142857142857142
1191,75463,14,0.9369999999999999,0.9370008423166378,1,0.07142857142857142
1192,75479,16,0.9279999999999999,0.9280008285090504,1,0.0625
1193,75493,14,0.9369999999999999,0.9370010683956139,1,0.07142857142857142
1194,75509,16,0.9279999999999999,0.9280012475746683,1,0.0625
1195,75523,14,0.9369999999999999,0.9370011201300334,1,0.07142857142857142
1196,75539,16,0.9279999999999999,0.9280012459672284,1,0.0625
1197,75553,14,0.9369999999999999,0.9370010829685934,1,0.07142857142857142
1198,75567,14,0.9369999999999999,0.9370012359627072,1,0.07142857142857142
1199,75583,16,0.9279999999999999,0.9280013868920052,1,0.0625
1200,75597,14,0.9369999999999999,0.9370012465627627,1,0.07142857142857142
1201,75611,14,0.9369999999999999,0.9370011367945511,1,0.07142857142857142
1202,75625,14,0.9369999999999999,0.9370011464614841,1,0.07142857142857142
1203,75639,14,0.9369999999999999,0.9370010572447834,1,0.07142857142857142
1204,75653,14,0.9369999999999999,0.9370010492861011,1,0.07142857142857142
1205,75667,14,0.9369999999999999,0.9370009041016297,1,0.07142857142857142
1206,75683,16,0.9279999999999999,0.9280008294304044,1,0.0625
1207,75697,14,0.9369999999999999,0.9370007817630402,1,0.07142857142857142
1208,75711,14,0.9369999999999999,0.9370008000203366,1,0.07142857142857142
1209,75725,14,0.9369999999999999,0.9370007311648563,1,0.07142857142857142
1210,75741,16,0.9279999999999999,0.9280007082359171,1,0.0625
1211,75757,16,0.9279999999999999,0.928000560481652,1,0.0625
1212,75777,20,0.91,0.9100005288027404,1,0.05
1213,75791,14,0.9369999999999999,0.9370001373510904,1,0.07142857142857142
1214,75805,14,0.9369999999999999,0.937000198456717,1,0.07142857142857142
1215,75819,14,0.9369999999999999,0.9370001263026687,1,0.07142857142857142
1216,75833,14,0.9369999999999999,0.9370001654451477,1,0.07142857142857142
1217,75847,14,0.9369999999999999,0.9370003223450768,1,0.07142857142857142
1218,75871,24,0.892,0.8920002379438841,1,0.041666666666666664
1219,75891,20,0.91,0.9100003761324921,1,0.05
1220,75907,16,0.9279999999999999,0.9280002631368025,1,0.0625
1221,75921,14,0.9369999999999999,0.9370003655712137,1,0.07142857142857142
1222,75939,18,0.919,0.9190003921263372,1,0.05555555555555555
1223,75953,14,0.9369999999999999,0.9370000355302418,1,0.07142857142857142
1224,75971,18,0.919,0.9190000289351972,1,0.16666666666666666
1225,75987,16,0.9279999999999999,0.9280000670985444,1,0.0625
1226,76001,14,0.9369999999999999,0.9370001647328797,1,0.07142857142857142
1227,76015,14,0.9369999999999999,0.9370005423645333,1,0.07142857142857142
1228,76029,14,0.9369999999999999,0.9370003540088346,1,0.07142857142857142
1229,76045,16,0.9279999999999999,0.9280002017385327,1,0.1875
1230,76059,14,0.9369999999999999,0.9370001310007552,1,0.07142857142857142
1231,76073,14,0.9369999999999999,0.9370001523772226,1,0.07142857142857142
1232,76089,16,0.9279999999999999,0.9280001029011838,1,0.0625
1233,76103,14,0.9369999999999999,0.9369999999999999,1,0.07142857142857142
1234,76121,18,0.919,0.9190000206609256,1,0.16666666666666666
1235,76136,15,0.9325,0.9325000637579857,1,0.06666666666666667
1236,76154,18,0.919,0.919,1,0.05555555555555555
1237,76168,14,0.9369999999999999,0.9369999999999999,1,0.07142857142857142
1238,76182,14,0.9369999999999999,0.9370001828677377,1,0.07142857142857142
1239,76198,16,0.9279999999999999,0.9280000806519592,1,0.0625
1240,76212,14,0.9369999999999999,0.9370004354861263,1,0.07142857142857142
1241,76228,16,0.9279999999999999,0.9280011048847144,1,0.0625
1242,76246,18,0.919,0.919001268843904,1,0.05555555555555555
1243,76260,14,0.9369999999999999,0.9370015186376316,1,0.07142857142857142
1244,76274,14,0.9369999999999999,0.93700168929866,1,0.07142857142857142
1245,76288,14,0.9369999999999999,0.93700190809942,1,0.07142857142857142
1246,76302,14,0.9369999999999999,0.937002012707742,1,0.07142857142857142
1247,76318,16,0.9279999999999999,0.9280021744679476,1,0.0625
1248,76332,14,0.9369999999999999,0.9370019264364403,1,0.07142857142857142
1249,76348,16,0.9279999999999999,0.9280023509697461,1,0.0625
1250,76362,14,0.9369999999999999,0.9370020941218609,1,0.07142857142857142
1251,76378,16,0.9279999999999999,0.9280022139945093,1,0.0625
1252,76394,16,0.9279999999999999,0.9280022086560054,1,0.0625
1253,76409,15,0.9325,0.9325020945286746,1,0.06666666666666667
1254,76423,14,0.9369999999999999,0.9370020678314039,1,0.07142857142857142
1255,76437,14,0.9369999999999999,0.9370020000308725,1,0.07142857142857142
1256,76453,16,0.9279999999999999,0.9280022997880044,1,0.0625
1257,76467,14,0.9369999999999999,0.937001932299691,1,0.07142857142857142
1258,76481,14,0.9369999999999999,0.937002019569819,1,0.07142857142857142
1259,76497,16,0.9279999999999999,0.9280022787540424,1,0.0625
1260,76513,16,0.9279999999999999,0.9280024650819567,1,0.0625
1261,76527,14,0.9369999999999999,0.9370019434004796,1,0.07142857142857142
1262,76541,14,0.9369999999999999,0.9370019831498662,1,0.07142857142857142
1263,76555,14,0.9369999999999999,0.937001877730526,1,0.07142857142857142
1264,76571,16,0.9279999999999999,0.9280022047547392,1,0.0625
1265,76585,14,0.9369999999999999,0.9370018816768629,1,0.07142857142857142
1266,76601,16,0.9279999999999999,0.9280017241934719,1,0.0625
1267,76615,14,0.9369999999999999,0.9370011973369088,1,0.07142857142857142
1268,76629,14,0.9369999999999999,0.9370011889278886,1,0.07142857142857142
1269,76645,16,0.9279999999999999,0.928001312093333,1,0.0625
1270,76663,18,0.919,0.9190015218855755,1,0.05555555555555555
1271,76677,14,0.9369999999999999,0.9370012051280792,1,0.07142857142857142
1272,76691,14,0.9369999999999999,0.9370015568388055,1,0.07142857142857142
1273,76709,18,0.919,0.9190019061634922,1,0.16666666666666666
1274,76723,14,0.9369999999999999,0.9370014083940248,1,0.07142857142857142
1275,76739,16,0.9279999999999999,0.9280015672794575,1,0.0625
1276,76757,18,0.919,0.9190021546610202,1,0.05555555555555555
1277,76771,14,0.9369999999999999,0.937001581251901,1,0.07142857142857142
1278,76787,16,0.9279999999999999,0.9280011322195781,1,0.0625
1279,76803,16,0.9279999999999999,0.9280005066235067,1,0.0625
1280,76817,14,0.9369999999999999,0.9370005664643225,1,0.07142857142857142
1281,76835,18,0.919,0.919000913997914,1,0.16666666666666666
1282,76851,16,0.9279999999999999,0.9280009248763879,1,0.0625
1283,76867,16,0.9279999999999999,0.9280008451134583,1,0.0625
1284,76881,14,0.9369999999999999,0.9370006717624195,1,0.07142857142857142
1285,76895,14,0.9369999999999999,0.9370005895762593,1,0.07142857142857142
1286,76909,14,0.9369999999999999,0.9370005584657971,1,0.07142857142857142
1287,76923,14,0.9369999999999999,0.9370005372295606,1,0.07142857142857142
1288,76941,18,0.919,0.9190005300074174,1,0.05555555555555555
1289,76955,14,0.9369999999999999,0.9370005649448524,1,0.07142857142857142
1290,76969,14,0.9369999999999999,0.9370006808750857,1,0.07142857142857142
1291,76989,20,0.91,0.910000191214774,1,0.15
1292,77003,14,0.9369999999999999,0.9370005416043989,1,0.07142857142857142
1293,77019,16,0.9279999999999999,0.9280020713076192,1,0.0625
1294,77033,14,0.9369999999999999,0.9370008495736608,1,0.07142857142857142
1295,77047,14,0.9369999999999999,0.9370013638109986,1,0.07142857142857142
1296,77061,14,0.9369999999999999,0.9370016150516418,1,0.07142857142857142
1297,77077,16,0.9279999999999999,0.9280027308752078,1,0.0625
1298,77091,14,0.9369999999999999,0.93700260093097,1,0.07142857142857142
1299,77105,14,0.9369999999999999,0.9370027849498165,1,0.07142857142857142
1300,77119,14,0.9369999999999999,0.937003014768135,1,0.07142857142857142
1301,77133,14,0.9369999999999999,0.9370031439559464,1,0.07142857142857142
1302,77149,16,0.9279999999999999,0.9280040137830521,1,0.0625
1303,77167,18,0.919,0.9190047211063397,1,0.16666666666666666
1304,77181,14,0.9369999999999999,0.9370034325011829,1,0.07142857142857142
1305,77197,16,0.9279999999999999,0.928004322145254,1,0.0625
1306,77211,14,0.9369999999999999,0.9370036040774744,1,0.07142857142857142
1307,77225,14,0.9369999999999999,0.9370036671464008,1,0.07142857142857142
1308,77240,15,0.9325,0.9325037666906698,1,0.06666666666666667
1309,77254,14,0.9369999999999999,0.9370033431874931,1,0.07142857142857142
1310,77268,14,0.9369999999999999,0.9370030518627209,1,0.07142857142857142
1311,77282,14,0.9369999999999999,0.9370025219825618,1,0.07142857142857142
1312,77299,17,0.9235,0.9235035008813185,1,0.058823529411764705
1313,77313,14,0.9369999999999999,0.937002483171249,1,0.07142857142857142
1314,77327,14,0.9369999999999999,0.9370026301381191,1,0.07142857142857142
1315,77341,14,0.9369999999999999,0.9370026049564517,1,0.07142857142857142
1316,77357,16,0.9279999999999999,0.9280024085328354,1,0.0625
1317,77371,14,0.9369999999999999,0.9370013340261091,1,0.07142857142857142
1318,77387,16,0.9279999999999999,0.9280009298873452,1,0.0625
1319,77401,14,0.9369999999999999,0.9370010603506412,1,0.07142857142857142
1320,77417,16,0.9279999999999999,0.9280008761983888,1,0.0625
1321,77431,14,0.9369999999999999,0.9370005008188549,1,0.07142857142857142
1322,77445,14,0.9369999999999999,0.9370009026763804,1,0.07142857142857142
1323,77459,14,0.9369999999999999,0.9370016018798955,1,0.07142857142857142
1324,77473,14,0.9369999999999999,0.9370008182679487,1,0.07142857142857142
1325,77487,14,0.9369999999999999,0.937000926502584,1,0.07142857142857142
1326,77501,14,0.9369999999999999,0.9370015496655754,1,0.07142857142857142
1327,77515,14,0.9369999999999999,0.9370015878013586,1,0.07142857142857142
1328,77529,14,0.9369999999999999,0.9370021399086811,1,0.07142857142857142
1329,77545,16,0.9279999999999999,0.9280014767797207,1,0.0625
1330,77563,18,0.919,0.9190029499707116,1,0.05555555555555555
1331,77577,14,0.9369999999999999,0.9370027104565974,1,0.07142857142857142
1332,77593,16,0.9279999999999999,0.9280032442242091,1,0.0625
1333,77607,14,0.9369999999999999,0.9370029211809476,1,0.07142857142857142
1334,77623,16,0.9279999999999999,0.9280035757063876,1,0.1875
1335,77637,14,0.9369999999999999,0.9370032512042716,1,0.07142857142857142
1336,77653,16,0.9279999999999999,0.9280037305900121,1,0.0625
1337,77673,20,0.91,0.9100041766465987,1,0.05
1338,77687,14,0.9369999999999999,0.9370033551669126,1,0.07142857142857142
1339,77703,16,0.9279999999999999,0.9280044237941628,1,0.0625
1340,77717,14,0.9369999999999999,0.9370035468703457,1,0.07142857142857142
1341,77733,16,0.9279999999999999,0.9280045829629616,1,0.0625
1342,77747,14,0.9369999999999999,0.9370034455207877,1,0.07142857142857142
1343,77763,16,0.9279999999999999,0.9280037917290562,1,0.0625
1344,77777,14,0.9369999999999999,0.9370034011734322,1,0.07142857142857142
1345,77791,14,0.9369999999999999,0.9370035524877453,1,0.07142857142857142
1346,77807,16,0.9279999999999999,0.9280046031618276,1,0.0625
1347,77821,14,0.9369999999999999,0.9370036763921956,1,0.07142857142857142
1348,77835,14,0.9369999999999999,0.9370036989571706,1,0.07142857142857142
1349,77849,14,0.9369999999999999,0.9370036389534434,1,0.07142857142857142
1350,77863,14,0.9369999999999999,0.9370034783343782,1,0.07142857142857142
1351,77877,14,0.9369999999999999,0.9370034250756019,1,0.07142857142857142
1352,77891,14,0.9369999999999999,0.9370033686825552,1,0.07142857142857142
1353,77905,14,0.9369999999999999,0.9370033422857348,1,0.07142857142857142
1354,77921,16,0.9279999999999999,0.9280035477804667,1,0.0625
1355,77937,16,0.9279999999999999,0.9280042646326252,1,0.0625
1356,77953,16,0.9279999999999999,0.92800371601982,1,0.0625
1357,77967,14,0.9369999999999999,0.9370031595138836,1,0.07142857142857142
1358,77981,14,0.9369999999999999,0.9370025388247657,1,0.07142857142857142
1359,77995,14,0.9369999999999999,0.9370020490654326,1,0.07142857142857142
1360,78009,14,0.9369999999999999,0.9370008734687062,1,0.07142857142857142
1361,78023,14,0.9369999999999999,0.9370026022483265,1,0.07142857142857142
1362,78038,15,0.9325,0.932502642415512,1,0.06666666666666667
1363,78054,16,0.9279999999999999,0.9280023620265414,1,0.0625
1364,78070,16,0.9279999999999999,0.9280019451182084,1,0.1875
1365,78086,16,0.9279999999999999,0.9280026723666641,1,0.1875
1366,78102,16,0.9279999999999999,0.9280027495611586,1,0.0625
1367,78116,14,0.9369999999999999,0.9370023450839697,1,0.07142857142857142
1368,78130,14,0.9369999999999999,0.9370026115349475,1,0.07142857142857142
1369,78144,14,0.9369999999999999,0.9370032851971594,1,0.07142857142857142
1370,78158,14,0.9369999999999999,0.9370034983030134,1,0.07142857142857142
1371,78172,14,0.9369999999999999,0.9370037760050354,1,0.07142857142857142
1372,78186,14,0.9369999999999999,0.9370040354164231,1,0.07142857142857142
1373,78200,14,0.9369999999999999,0.9370042755973459,1,0.07142857142857142
1374,78214,14,0.9369999999999999,0.937004550806614,1,0.07142857142857142
1375,78228,14,0.9369999999999999,0.9370045903668983,1,0.07142857142857142
1376,78242,14,0.9369999999999999,0.9370046708440896,1,0.07142857142857142
1377,78256,14,0.9369999999999999,0.9370046126919223,1,0.07142857142857142
1378,78272,16,0.9279999999999999,0.9280056006112646,1,0.0625
1379,78286,14,0.9369999999999999,0.9370046869664046,1,0.07142857142857142
1380,78304,18,0.919,0.9190070552518997,1,0.2777777777777778
1381,78320,16,0.9279999999999999,0.9280070474931379,1,0.0625
1382,78334,14,0.9369999999999999,0.937004587355186,1,0.07142857142857142
1383,78348,14,0.9369999999999999,0.9370048130120436,1,0.07142857142857142
1384,78362,14,0.9369999999999999,0.9370049042887713,1,0.07142857142857142
1385,78376,14,0.9369999999999999,0.9370049170378836,1,0.07142857142857142
1386,78392,16,0.9279999999999999,0.9280052157064997,1,0.0625
1387,78408,16,0.9279999999999999,0.9280054461029406,1,0.0625
1388,78422,14,0.9369999999999999,0.9370047680415099,1,0.07142857142857142
1389,78436,14,0.9369999999999999,0.9370048037371217,1,0.07142857142857142
1390,78450,14,0.9369999999999999,0.9370048528532976,1,0.07142857142857142
1391,78464,14,0.9369999999999999,0.9370047028102886,1,0.07142857142857142
1392,78480,16,0.9279999999999999,0.9280070191019099,1,0.0625
1393,78494,14,0.9369999999999999,0.9370038572004975,1,0.07142857142857142
1394,78508,14,0.9369999999999999,0.9370017986323442,1,0.07142857142857142
1395,78522,14,0.9369999999999999,0.9370012934533436,1,0.07142857142857142
1396,78538,16,0.9279999999999999,0.9280012950742197,1,0.0625
1397,78554,16,0.9279999999999999,0.9280013645466669,1,0.0625
1398,78568,14,0.9369999999999999,0.937001972431413,1,0.07142857142857142
1399,78582,14,0.9369999999999999,0.9370030893384381,1,0.07142857142857142
1400,78596,14,0.9369999999999999,0.9370031967139435,1,0.07142857142857142
1401,78610,14,0.9369999999999999,0.9370029429218001,1,0.07142857142857142
1402,78624,14,0.9369999999999999,0.9370038723890538,1,0.07142857142857142
1403,78638,14,0.9369999999999999,0.9370038047728109,1,0.07142857142857142
1404,78652,14,0.9369999999999999,0.9370043468635033,1,0.07142857142857142
1405,78666,14,0.9369999999999999,0.9370041185841639,1,0.07142857142857142
1406,78680,14,0.9369999999999999,0.9370044893549205,1,0.07142857142857142
1407,78698,18,0.919,0.9190059496007599,1,0.2777777777777778
1408,78712,14,0.9369999999999999,0.9370039562912419,1,0.07142857142857142
1409,78730,18,0.919,0.9190053525801233,1,0.16666666666666666
1410,78746,16,0.9279999999999999,0.9280048100638104,1,0.0625
1411,78762,16,0.9279999999999999,0.928005079542195,1,0.0625
1412,78776,14,0.9369999999999999,0.9370038094230834,1,0.07142857142857142
1413,78792,16,0.9279999999999999,0.9280051734860414,1,0.0625
1414,78806,14,0.9369999999999999,0.9370040959716686,1,0.07142857142857142
1415,78822,16,0.9279999999999999,0.9280054267522427,1,0.0625
1416,78836,14,0.9369999999999999,0.9370042641741846,1,0.07142857142857142
1417,78850,14,0.9369999999999999,0.9370046560393187,1,0.07142857142857142
1418,78864,14,0.9369999999999999,0.9370046954221504,1,0.07142857142857142
1419,78878,14,0.9369999999999999,0.9370045691623825,1,0.07142857142857142
1420,78892,14,0.9369999999999999,0.9370046032880255,1,0.07142857142857142
1421,78908,16,0.9279999999999999,0.9280056443407154,1,0.0625
1422,78926,18,0.919,0.9190064291758194,1,0.05555555555555555
1423,78940,14,0.9369999999999999,0.9370047790666565,1,0.07142857142857142
1424,78954,14,0.9369999999999999,0.9370048748045947,1,0.07142857142857142
1425,78970,16,0.9279999999999999,0.928006355186394,1,0.0625
1426,78988,18,0.919,0.9190066662171729,1,0.05555555555555555
1427,79002,14,0.9369999999999999,0.9370045539077702,1,0.07142857142857142
1428,79016,14,0.9369999999999999,0.937000069589684,1,0.07142857142857142
1429,79030,14,0.9369999999999999,0.9370000845183585,1,0.07142857142857142
1430,79046,16,0.9279999999999999,0.9280000803212411,1,0.0625
1431,79064,18,0.919,0.9190000751764845,1,0.16666666666666666
1432,79078,14,0.9369999999999999,0.9370000403364397,1,0.07142857142857142
1433,79092,14,0.9369999999999999,0.9370000174035634,1,0.07142857142857142
1434,79106,14,0.9369999999999999,0.9370000142458519,1,0.07142857142857142
1435,79121,15,0.9325,0.9325,1,0.06666666666666667
1436,79135,14,0.9369999999999999,0.9369999999999999,1,0.07142857142857142
1437,79156,21,0.9055,0.9055000102668813,1,0.047619047619047616
1438,79170,14,0.9369999999999999,0.9369999999999999,1,0.07142857142857142
1439,79184,14,0.9369999999999999,0.9370000095085328,1,0.07142857142857142
1440,79200,16,0.9279999999999999,0.9280000052112884,1,0.0625
1441,79216,16,0.9279999999999999,0.9280000218172724,1,0.0625
1442,79232,16,0.9279999999999999,0.9280000314675954,1,0.0625
1443,79250,18,0.919,0.919,1,0.05555555555555555
1444,79264,14,0.9369999999999999,0.9369999999999999,1,0.07142857142857142
1445,79278,14,0.9369999999999999,0.9369999999999999,1,0.07142857142857142
1446,79294,16,0.9279999999999999,0.9279999999999999,1,0.0625
1447,79310,16,0.9279999999999999,0.9279999999999999,1,0.1875
1448,79329,19,0.9145,0.9145,1,0.05263157894736842
1449,79343,14,0.9369999999999999,0.9369999999999999,1,0.07142857142857142
1450,79359,16,0.9279999999999999,0.9279999999999999,1,0.0625
1451,79375,16,0.9279999999999999,0.9279999999999999,1,0.0625
1452,79389,14,0.9369999999999999,0.9369999999999999,1,0.07142857142857142
1453,79403,14,0.9369999999999999,0.9369999999999999,1,0.07142857142857142
1454,79417,14,0.9369999999999999,0.9369999999999999,1,0.07142857142857142
1455,79435,18,0.919,0.919,1,0.05555555555555555
1456,79449,14,0.9369999999999999,0.9369999999999999,1,0.07142857142857142
1457,79467,18,0.919,0.919,1,0.05555555555555555
1458,79482,15,0.9325,0.9325,1,0.06666666666666667
1459,79496,14,0.9369999999999999,0.9369999999999999,1,0.07142857142857142
1460,79513,17,0.9235,0.9235,1,0.058823529411764705
1461,79527,14,0.9369999999999999,0.9369999999999999,1,0.07142857142857142
1462,79541,14,0.9369999999999999,0.9369999999999999,1,0.07142857142857142
1463,79555,14,0.9369999999999999,0.9370000018018041,1,0.07142857142857142
1464,79571,16,0.9279999999999999,0.9279999999999999,1,0.1875
1465,79590,19,0.9145,0.9145000024642733,1,0.05263157894736842
1466,79612,22,0.901,0.901,1,0.045454545454545456
1467,79626,14,0.9369999999999999,0.9369999999999999,1,0.07142857142857142
1468,79644,18,0.919,0.919,1,0.05555555555555555
1469,79660,16,0.9279999999999999,0.9279999999999999,1,0.1875
1470,79684,24,0.892,0.8920000001447042,1,0.125
1471,79698,14,0.9369999999999999,0.9370000528813348,1,0.07142857142857142
1472,79712,14,0.9369999999999999,0.9370000787803572,1,0.07142857142857142
1473,79737,25,0.8875,0.8875001560187866,1,0.12
1474,79751,14,0.9369999999999999,0.9370000669592062,1,0.07142857142857142
1475,79765,14,0.9369999999999999,0.9370001764996111,1,0.07142857142857142
1476,79779,14,0.9369999999999999,0.9370001243705894,1,0.07142857142857142
1477,79793,14,0.9369999999999999,0.9370001324916757,1,0.07142857142857142
1478,79814,21,0.9055,0.9055003098314809,1,0.047619047619047616
1479,79830,16,0.9279999999999999,0.9280002628805561,1,0.0625
1480,79851,21,0.9055,0.9055003228080708,1,0.14285714285714285
1481,79867,16,0.9279999999999999,0.9280002250797418,1,0.0625
1482,79881,14,0.9369999999999999,0.9370002394591058,1,0.07142857142857142
1483,79897,16,0.9279999999999999,0.9280002193186041,1,0.0625
1484,79911,14,0.9369999999999999,0.9370001957067282,1,0.07142857142857142
1485,79925,14,0.9369999999999999,0.9370001971865382,1,0.07142857142857142
1486,79941,16,0.9279999999999999,0.9280001696237653,1,0.0625
1487,79955,14,0.9369999999999999,0.9370000870431103,1,0.07142857142857142
1488,79969,14,0.9369999999999999,0.9370000643170402,1,0.07142857142857142
1489,79989,20,0.91,0.9100001063755724,1,0.05
1490,80008,19,0.9145,0.9145000999535278,1,0.15789473684210525
1491,80030,22,0.901,0.9010002246628486,1,0.045454545454545456
1492,80044,14,0.9369999999999999,0.9370000956294772,1,0.07142857142857142
1493,80058,14,0.9369999999999999,0.9370001587767337,1,0.07142857142857142
1494,80072,14,0.9369999999999999,0.9370000035922185,1,0.07142857142857142
1495,80090,18,0.919,0.9190000298568843,1,0.05555555555555555
1496,80104,14,0.9369999999999999,0.9370000027868903,1,0.07142857142857142
1497,80120,16,0.9279999999999999,0.9279999999999999,1,0.0625
1498,80138,18,0.919,0.919,1,0.05555555555555555
1499,80152,14,0.9369999999999999,0.9369999999999999,1,0.07142857142857142
1500,80166,14,0.9369999999999999,0.9369999999999999,1,0.07142857142857142
1501,80182,16,0.9279999999999999,0.9279999999999999,1,0.0625
1502,80198,16,0.9279999999999999,0.9279999999999999,1,0.0625
1503,80212,14,0.9369999999999999,0.9369999999999999,1,0.07142857142857142
1504,80226,14,0.9369999999999999,0.9369999999999999,1,0.07142857142857142
1505,80240,14,0.9369999999999999,0.9369999999999999,1,0.07142857142857142
1506,80256,16,0.9279999999999999,0.9279999999999999,1,0.0625
1507,80270,14,0.9369999999999999,0.9369999999999999,1,0.07142857142857142
1508,80284,14,0.9369999999999999,0.9369999999999999,1,0.07142857142857142
1509,80300,16,0.9279999999999999,0.9279999999999999,1,0.0625
1510,80314,14,0.9369999999999999,0.9369999999999999,1,0.07142857142857142
1511,80330,16,0.9279999999999999,0.9279999999999999,1,0.0625
1512,80344,14,0.9369999999999999,0.9369999999999999,1,0.07142857142857142
1513,80358,14,0.9369999999999999,0.9369999999999999,1,0.07142857142857142
1514,80372,14,0.9369999999999999,0.9370000465295347,1,0.07142857142857142
1515,80386,14,0.9369999999999999,0.9370000751610325,1,0.07142857142857142
1516,80402,16,0.9279999999999999,0.9280000293368208,1,0.1875
1517,80418,16,0.9279999999999999,0.9280001583167368,1,0.1875
1518,80432,14,0.9369999999999999,0.9370000583681669,1,0.07142857142857142
1519,80446,14,0.9369999999999999,0.9370001251639392,1,0.07142857142857142
1520,80460,14,0.9369999999999999,0.9370001738057332,1,0.07142857142857142
1521,80476,16,0.9279999999999999,0.9280001679755567,1,0.0625
1522,80490,14,0.9369999999999999,0.9370001130791903,1,0.07142857142857142
1523,80504,14,0.9369999999999999,0.9370001436350741,1,0.07142857142857142
1524,80518,14,0.9369999999999999,0.9370001642123614,1,0.07142857142857142
1525,80532,14,0.9369999999999999,0.9370002299630562,1,0.07142857142857142
1526,80546,14,0.9369999999999999,0.9370001575793738,1,0.07142857142857142
1527,80560,14,0.9369999999999999,0.9370001538836059,1,0.07142857142857142
1528,80574,14,0.9369999999999999,0.9370001634470377,1,0.07142857142857142
1529,80588,14,0.9369999999999999,0.9370001253805391,1,0.07142857142857142
1530,80602,14,0.9369999999999999,0.9370000388441934,1,0.07142857142857142
1531,80618,16,0.9279999999999999,0.9279999999999999,1,0.1875
1532,80640,22,0.901,0.901,1,0.045454545454545456
1533,80656,16,0.9279999999999999,0.9279999999999999,1,0.0625
1534,80670,14,0.9369999999999999,0.9369999999999999,1,0.07142857142857142
1535,80686,16,0.9279999999999999,0.9280000082239,1,0.1875
1536,80700,14,0.9369999999999999,0.9370000047370899,1,0.07142857142857142
1537,80714,14,0.9369999999999999,0.9370000077547751,1,0.07142857142857142
1538,80728,14,0.9369999999999999,0.9369999999999999,1,0.07142857142857142
1539,80746,18,0.919,0.9190000175847644,1,0.2777777777777778
1540,80760,14,0.9369999999999999,0.9370000094974485,1,0.07142857142857142
1541,80774,14,0.9369999999999999,0.9370000590178547,1,0.07142857142857142
1542,80790,16,0.9279999999999999,0.9280000409449043,1,0.0625
1543,80804,14,0.9369999999999999,0.9370000053027547,1,0.07142857142857142
1544,80818,14,0.9369999999999999,0.9370000109139979,1,0.07142857142857142
1545,80836,18,0.919,0.9190000464754197,1,0.05555555555555555
1546,80850,14,0.9369999999999999,0.9369999999999999,1,0.07142857142857142
1547,80872,22,0.901,0.901,1,0.4090909090909091
1548,80886,14,0.9369999999999999,0.9369999999999999,1,0.07142857142857142
1549,80900,14,0.9369999999999999,0.9369999999999999,1,0.07142857142857142
1550,80916,16,0.9279999999999999,0.9279999999999999,1,0.0625
1551,80930,14,0.9369999999999999,0.9369999999999999,1,0.07142857142857142
1552,80944,14,0.9369999999999999,0.9369999999999999,1,0.07142857142857142
1553,80974,30,0.865,0.865,1,0.5
1554,80988,14,0.9369999999999999,0.9369999999999999,1,0.07142857142857142
1555,81002,14,0.9369999999999999,0.9370000020943974,1,0.07142857142857142
1556,81016,14,0.9369999999999999,0.9370005141095928,1,0.07142857142857142
1557,81032,16,0.9279999999999999,0.9280005038996979,1,0.0625
1558,81046,14,0.9369999999999999,0.9370005800606773,1,0.07142857142857142
1559,81060,14,0.9369999999999999,0.937000769385044,1,0.07142857142857142
1560,81076,16,0.9279999999999999,0.9280005593179839,1,0.0625
1561,81092,16,0.9279999999999999,0.9280002451853971,1,0.0625
1562,81108,16,0.9279999999999999,0.9280006091479849,1,0.0625
1563,81124,16,0.9279999999999999,0.9280004591449529,1,0.0625
1564,81148,24,0.892,0.8920009476825577,1,0.375
1565,81162,14,0.9369999999999999,0.937000678735184,1,0.07142857142857142
1566,81176,14,0.9369999999999999,0.9370006510144797,1,0.07142857142857142
1567,81204,28,0.874,0.8740003329409354,1,0.4642857142857143
1568,81218,14,0.9369999999999999,0.9370003711972079,1,0.07142857142857142
1569,81232,14,0.9369999999999999,0.9370002441076051,1,0.07142857142857142
1570,81248,16,0.9279999999999999,0.9279999999999999,1,0.0625
1571,81268,20,0.91,0.9100000779630402,1,0.1
1572,81282,14,0.9369999999999999,0.9369999999999999,1,0.07142857142857142
1573,81296,14,0.9369999999999999,0.9369999999999999,1,0.07142857142857142
1574,81310,14,0.9369999999999999,0.9369999999999999,1,0.07142857142857142
1575,81326,16,0.9279999999999999,0.9280002608374164,1,0.0625
1576,81340,14,0.9369999999999999,0.9370000426000671,1,0.07142857142857142
1577,81356,16,0.9279999999999999,0.9280004784399983,1,0.1875
1578,81370,14,0.9369999999999999,0.937000517219329,1,0.07142857142857142
1579,81384,14,0.9369999999999999,0.9370009114682785,1,0.07142857142857142
1580,81398,14,0.9369999999999999,0.9370011136260918,1,0.07142857142857142
1581,81412,14,0.9369999999999999,0.9370010525680835,1,0.07142857142857142
1582,81434,22,0.901,0.9010019167982457,1,0.3181818181818182
1583,81448,14,0.9369999999999999,0.9370014973581198,1,0.07142857142857142
1584,81464,16,0.9279999999999999,0.9280016786839406,1,0.0625
1585,81478,14,0.9369999999999999,0.9370014005794651,1,0.07142857142857142
1586,81492,14,0.9369999999999999,0.9370014857689336,1,0.07142857142857142
1587,81506,14,0.9369999999999999,0.9370015228387397,1,0.07142857142857142
1588,81524,18,0.919,0.9190019660891344,1,0.2777777777777778
1589,81538,14,0.9369999999999999,0.9370016002181968,1,0.07142857142857142
1590,81552,14,0.9369999999999999,0.937001699464645,1,0.07142857142857142
1591,81566,14,0.9369999999999999,0.9370017442146844,1,0.07142857142857142
1592,81586,20,0.91,0.9100024049216368,1,0.35
1593,81600,14,0.9369999999999999,0.9370016937448855,1,0.07142857142857142
1594,81614,14,0.9369999999999999,0.937001677396808,1,0.07142857142857142
1595,81632,18,0.919,0.9190020182930159,1,0.2777777777777778
1596,81646,14,0.9369999999999999,0.9370016848944518,1,0.07142857142857142
1597,81660,14,0.9369999999999999,0.9370016823303722,1,0.07142857142857142
1598,81678,18,0.919,0.9190023072638711,1,0.05555555555555555
1599,81692,14,0.9369999999999999,0.9370016816579103,1,0.07142857142857142
1600,81706,14,0.9369999999999999,0.9370017119939744,1,0.07142857142857142
1601,81720,14,0.9369999999999999,0.937001661406503,1,0.07142857142857142
1602,81736,16,0.9279999999999999,0.9280017952020179,1,0.1875
1603,81750,14,0.9369999999999999,0.9370016736930239,1,0.07142857142857142
1604,81764,14,0.9369999999999999,0.9370016716608844,1,0.07142857142857142
1605,81780,16,0.9279999999999999,0.9280019446234767,1,0.1875
1606,81794,14,0.9369999999999999,0.9370015039941523,1,0.07142857142857142
1607,81810,16,0.9279999999999999,0.9280017161865312,1,0.0625
1608,81828,18,0.919,0.9190022459420363,1,0.05555555555555555
1609,81842,14,0.9369999999999999,0.9370014905468147,1,0.07142857142857142
1610,81858,16,0.9279999999999999,0.9280015823674781,1,0.1875
1611,81872,14,0.9369999999999999,0.9370014378230813,1,0.07142857142857142
1612,81886,14,0.9369999999999999,0.9370015622878948,1,0.07142857142857142
1613,81912,26,0.883,0.8830028563235566,1,0.4230769230769231
1614,81926,14,0.9369999999999999,0.9370016069624392,1,0.07142857142857142
1615,81940,14,0.9369999999999999,0.9370015231886909,1,0.07142857142857142
1616,81958,18,0.919,0.9190017703383134,1,0.2777777777777778
1617,81974,16,0.9279999999999999,0.9280018578577013,1,0.0625
1618,81988,14,0.9369999999999999,0.9370013715913433,1,0.07142857142857142
1619,82008,20,0.91,0.91000110012097,1,0.35
1620,82028,20,0.91,0.9100000098848136,1,0.15
1621,82042,14,0.9369999999999999,0.9370000269628969,1,0.07142857142857142
1622,82058,16,0.9279999999999999,0.9279999999999999,1,0.0625
1623,82072,14,0.9369999999999999,0.9369999999999999,1,0.07142857142857142
1624,82091,19,0.9145,0.9145,1,0.05263157894736842
1625,82109,18,0.919,0.919,1,0.16666666666666666
1626,82123,14,0.9369999999999999,0.9369999999999999,1,0.07142857142857142
1627,82137,14,0.9369999999999999,0.9369999999999999,1,0.07142857142857142
1628,82151,14,0.9369999999999999,0.9369999999999999,1,0.07142857142857142
1629,82167,16,0.9279999999999999,0.9279999999999999,1,0.0625
1630,82181,14,0.9369999999999999,0.9370000141188354,1,0.07142857142857142
1631,82195,14,0.9369999999999999,0.9370000149580928,1,0.07142857142857142
1632,82213,18,0.919,0.9190000167435309,1,0.05555555555555555
1633,82234,21,0.9055,0.9055000116553872,1,0.047619047619047616
1634,82248,14,0.9369999999999999,0.9369999999999999,1,0.07142857142857142
1635,82264,16,0.9279999999999999,0.9279999999999999,1,0.0625
1636,82282,18,0.919,0.919,1,0.05555555555555555
1637,82296,14,0.9369999999999999,0.9369999999999999,1,0.07142857142857142
1638,82312,16,0.9279999999999999,0.9279999999999999,1,0.0625
1639,82415,103,0.5365,0.5365,1,0.009708737864077669
1640,82433,18,0.919,0.919,1,0.05555555555555555
1641,82447,14,0.9369999999999999,0.9369999999999999,1,0.07142857142857142
1642,82465,18,0.919,0.919,1,0.05555555555555555
1643,82479,14,0.9369999999999999,0.9369999999999999,1,0.07142857142857142
1644,82495,16,0.9279999999999999,0.9279999999999999,1,0.0625
1645,82510,15,0.9325,0.9325,1,0.06666666666666667
1646,82529,19,0.9145,0.9145000039592477,1,0.05263157894736842
1647,82545,16,0.9279999999999999,0.9279999999999999,1,0.0625
1648,82560,15,0.9325,0.9325000113185792,1,0.06666666666666667
1649,82576,16,0.9279999999999999,0.9280000381956871,1,0.1875
1650,82590,14,0.9369999999999999,0.9370000290253299,1,0.07142857142857142
1651,82604,14,0.9369999999999999,0.9370001289561813,1,0.07142857142857142
1652,82618,14,0.9369999999999999,0.9370001060438378,1,0.07142857142857142
1653,82634,16,0.9279999999999999,0.9280000761005471,1,0.1875
1654,82650,16,0.9279999999999999,0.9280000237991206,1,0.0625
1655,82670,20,0.91,0.91,1,0.05
1656,82686,16,0.9279999999999999,0.9279999999999999,1,0.1875
1657,82700,14,0.9369999999999999,0.9369999999999999,1,0.07142857142857142
1658,82716,16,0.9279999999999999,0.9279999999999999,1,0.0625
1659,82732,16,0.9279999999999999,0.9279999999999999,1,0.0625
1660,82746,14,0.9369999999999999,0.9369999999999999,1,0.07142857142857142
1661,82772,26,0.883,0.883,1,0.11538461538461539
1662,82786,14,0.9369999999999999,0.9369999999999999,1,0.07142857142857142
1663,82803,17,0.9235,0.9235,1,0.058823529411764705
1664,82817,14,0.9369999999999999,0.9370000018825594,1,0.07142857142857142
1665,82834,17,0.9235,0.9235000079457129,1,0.058823529411764705
1666,82866,32,0.856,0.8560001032032226,1,0.03125
1667,82880,14,0.9369999999999999,0.9370001446299525,1,0.07142857142857142
1668,82901,21,0.9055,0.9055004087927662,1,0.047619047619047616
1669,82915,14,0.9369999999999999,0.937000261697558,1,0.07142857142857142
1670,82936,21,0.9055,0.9055002848674898,1,0.047619047619047616
1671,82950,14,0.9369999999999999,0.9370001832435549,1,0.07142857142857142
1672,82971,21,0.9055,0.9055003480305179,1,0.047619047619047616
1673,82985,14,0.9369999999999999,0.9370003947906392,1,0.07142857142857142
1674,82999,14,0.9369999999999999,0.9370003909346455,1,0.07142857142857142
1675,83022,23,0.8965,0.8965002634740826,1,0.043478260869565216
1676,83043,21,0.9055,0.9055003489811662,1,0.047619047619047616
1677,83057,14,0.9369999999999999,0.9370002110925912,1,0.07142857142857142
1678,83074,17,0.9235,0.9235001295826603,1,0.058823529411764705
1679,83088,14,0.9369999999999999,0.9370000588554259,1,0.07142857142857142
1680,83104,16,0.9279999999999999,0.9280000371080095,1,0.0625
1681,83118,14,0.9369999999999999,0.9369999999999999,1,0.07142857142857142
1682,83132,14,0.9369999999999999,0.9369999999999999,1,0.07142857142857142
1683,83150,18,0.919,0.919,1,0.05555555555555555
1684,83164,14,0.9369999999999999,0.9369999999999999,1,0.07142857142857142
1685,83178,14,0.9369999999999999,0.9369999999999999,1,0.07142857142857142
1686,83192,14,0.9369999999999999,0.9369999999999999,1,0.07142857142857142
1687,83208,16,0.9279999999999999,0.9279999999999999,1,0.0625
1688,83222,14,0.9369999999999999,0.9369999999999999,1,0.07142857142857142
1689,83236,14,0.9369999999999999,0.9369999999999999,1,0.07142857142857142
1690,83252,16,0.9279999999999999,0.9279999999999999,1,0.0625
1691,83266,14,0.9369999999999999,0.9369999999999999,1,0.07142857142857142
1692,83280,14,0.9369999999999999,0.9369999999999999,1,0.07142857142857142
1693,83298,18,0.919,0.919,1,0.05555555555555555
1694,83312,14,0.9369999999999999,0.9369999999999999,1,0.07142857142857142
1695,83326,14,0.9369999999999999,0.9369999999999999,1,0.07142857142857142
1696,83342,16,0.9279999999999999,0.9280000018621385,1,0.1875
1697,83356,14,0.9369999999999999,0.9369999999999999,1,0.07142857142857142
1698,83370,14,0.9369999999999999,0.9369999999999999,1,0.07142857142857142
1699,83384,14,0.9369999999999999,0.9370000085316096,1,0.07142857142857142
1700,83398,14,0.9369999999999999,0.9370000000184738,1,0.07142857142857142
1701,83412,14,0.9369999999999999,0.9370000078352022,1,0.07142857142857142
1702,83426,14,0.9369999999999999,0.9370000196977128,1,0.07142857142857142
1703,83440,14,0.9369999999999999,0.9370000099985091,1,0.07142857142857142
1704,83454,14,0.9369999999999999,0.9369999999999999,1,0.07142857142857142
1705,83468,14,0.9369999999999999,0.9369999999999999,1,0.07142857142857142
1706,83484,16,0.9279999999999999,0.9279999999999999,1,0.0625
1707,83498,14,0.9369999999999999,0.9369999999999999,1,0.07142857142857142
1708,83526,28,0.874,0.874,1,0.03571428571428571
1709,83540,14,0.9369999999999999,0.9369999999999999,1,0.07142857142857142
1710,83554,14,0.9369999999999999,0.9369999999999999,1,0.07142857142857142
1711,83568,14,0.9369999999999999,0.9369999999999999,1,0.07142857142857142
1712,83582,14,0.9369999999999999,0.9369999999999999,1,0.07142857142857142
1713,83596,14,0.9369999999999999,0.9369999999999999,1,0.07142857142857142
1714,83610,14,0.9369999999999999,0.9369999999999999,1,0.07142857142857142
1715,83624,14,0.9369999999999999,0.9369999999999999,1,0.07142857142857142
1716,83638,14,0.9369999999999999,0.9369999999999999,1,0.07142857142857142
1717,83652,14,0.9369999999999999,0.9370000026015657,1,0.07142857142857142
1718,83666,14,0.9369999999999999,0.9370000015912385,1,0.07142857142857142
1719,83680,14,0.9369999999999999,0.9369999999999999,1,0.07142857142857142
1720,83701,21,0.9055,0.9055,1,0.047619047619047616
1721,83717,16,0.9279999999999999,0.9279999999999999,1,0.0625
1722,83733,16,0.9279999999999999,0.9279999999999999,1,0.1875
1723,83747,14,0.9369999999999999,0.9369999999999999,1,0.07142857142857142
1724,83763,16,0.9279999999999999,0.9279999999999999,1,0.1875
1725,83777,14,0.9369999999999999,0.9369999999999999,1,0.07142857142857142
1726,83791,14,0.9369999999999999,0.9369999999999999,1,0.07142857142857142
1727,83805,14,0.9369999999999999,0.9369999999999999,1,0.07142857142857142
1728,83821,16,0.9279999999999999,0.9279999999999999,1,0.1875
1729,83839,18,0.919,0.919,1,0.16666666666666666
1730,83853,14,0.9369999999999999,0.9369999999999999,1,0.07142857142857142
1731,83867,14,0.9369999999999999,0.9370000005754707,1,0.07142857142857142
1732,83881,14,0.9369999999999999,0.9369999999999999,1,0.07142857142857142
1733,83895,14,0.9369999999999999,0.9369999999999999,1,0.07142857142857142
1734,83909,14,0.9369999999999999,0.9369999999999999,1,0.07142857142857142
1735,83923,14,0.9369999999999999,0.9369999999999999,1,0.07142857142857142
1736,83937,14,0.9369999999999999,0.937000011581256,1,0.07142857142857142
1737,83955,18,0.919,0.9190000064217188,1,0.05555555555555555
1738,83973,18,0.919,0.919,1,0.05555555555555555
1739,83989,16,0.9279999999999999,0.9279999999999999,1,0.0625
1740,84003,14,0.9369999999999999,0.93700006704029,1,0.07142857142857142
1741,84017,14,0.9369999999999999,0.9370001086996141,1,0.07142857142857142
1742,84033,16,0.9279999999999999,0.9280000950966063,1,0.0625
1743,84047,14,0.9369999999999999,0.9369999999999999,1,0.07142857142857142
1744,84061,14,0.9369999999999999,0.9370000204263967,1,0.07142857142857142
1745,84075,14,0.9369999999999999,0.937000051258012,1,0.07142857142857142
1746,84091,16,0.9279999999999999,0.9280000112129124,1,0.0625
1747,84105,14,0.9369999999999999,0.9370000668095968,1,0.07142857142857142
1748,84121,16,0.9279999999999999,0.9280000452442847,1,0.1875
1749,84137,16,0.9279999999999999,0.9280001062040263,1,0.0625
1750,84151,14,0.9369999999999999,0.9370001562928836,1,0.07142857142857142
1751,84165,14,0.9369999999999999,0.937000075962186,1,0.07142857142857142
1752,84179,14,0.9369999999999999,0.9370000057046355,1,0.07142857142857142
1753,84193,14,0.9369999999999999,0.9370001119535194,1,0.07142857142857142
1754,84211,18,0.919,0.9190003255359542,1,0.05555555555555555
1755,84227,16,0.9279999999999999,0.9280001801454577,1,0.0625
1756,84241,14,0.9369999999999999,0.9370002412461031,1,0.07142857142857142
1757,84259,18,0.919,0.9190004358622074,1,0.16666666666666666
1758,84273,14,0.9369999999999999,0.937000193464939,1,0.07142857142857142
1759,84287,14,0.9369999999999999,0.937000226133186,1,0.07142857142857142
1760,84301,14,0.9369999999999999,0.9370002908962188,1,0.07142857142857142
1761,84315,14,0.9369999999999999,0.9370003524395688,1,0.07142857142857142
1762,84331,16,0.9279999999999999,0.9280004982617606,1,0.0625
1763,84345,14,0.9369999999999999,0.9370004341343617,1,0.07142857142857142
1764,84363,18,0.919,0.9190007233899435,1,0.16666666666666666
1765,84381,18,0.919,0.919000915561472,1,0.05555555555555555
1766,84401,20,0.91,0.910001274438625,1,0.05
1767,84415,14,0.9369999999999999,0.9370007113810632,1,0.07142857142857142
1768,84429,14,0.9369999999999999,0.9370006077591985,1,0.07142857142857142
1769,84443,14,0.9369999999999999,0.9370006199507579,1,0.07142857142857142
1770,84457,14,0.9369999999999999,0.9370005211949407,1,0.07142857142857142
1771,84471,14,0.9369999999999999,0.9370005298863158,1,0.07142857142857142
1772,84485,14,0.9369999999999999,0.937000369464764,1,0.07142857142857142
1773,84503,18,0.919,0.9190000522843954,1,0.05555555555555555
1774,84519,16,0.9279999999999999,0.9279999999999999,1,0.0625
1775,84535,16,0.9279999999999999,0.9280000528273079,1,0.0625
1776,84549,14,0.9369999999999999,0.9369999999999999,1,0.07142857142857142
1777,84563,14,0.9369999999999999,0.9370000754255884,1,0.07142857142857142
1778,84577,14,0.9369999999999999,0.9370000982555498,1,0.07142857142857142
1779,84593,16,0.9279999999999999,0.9280001085684862,1,0.0625
1780,84607,14,0.9369999999999999,0.9370001159055961,1,0.07142857142857142
1781,84623,16,0.9279999999999999,0.9280001708531098,1,0.0625
1782,84641,18,0.919,0.9190001006867445,1,0.05555555555555555
1783,84657,16,0.9279999999999999,0.9280000315943803,1,0.0625
1784,84673,16,0.9279999999999999,0.9279999999999999,1,0.0625
1785,84691,18,0.919,0.919,1,0.05555555555555555
1786,84705,14,0.9369999999999999,0.9370000512252145,1,0.07142857142857142
1787,84719,14,0.9369999999999999,0.9369999999999999,1,0.07142857142857142
1788,84735,16,0.9279999999999999,0.9280000867864602,1,0.0625
1789,84751,16,0.9279999999999999,0.9280001704593754,1,0.0625
1790,84765,14,0.9369999999999999,0.9370000956362038,1,0.07142857142857142
1791,84779,14,0.9369999999999999,0.9370001599261718,1,0.07142857142857142
1792,84793,14,0.9369999999999999,0.9370002242873547,1,0.07142857142857142
1793,84807,14,0.9369999999999999,0.9370002148717743,1,0.07142857142857142
1794,84821,14,0.9369999999999999,0.9370001853511244,1,0.07142857142857142
1795,84835,14,0.9369999999999999,0.9370004186702101,1,0.07142857142857142
1796,84849,14,0.9369999999999999,0.9370003330587995,1,0.07142857142857142
1797,84863,14,0.9369999999999999,0.9370005170178349,1,0.07142857142857142
1798,84877,14,0.9369999999999999,0.9370005461216304,1,0.07142857142857142
1799,84891,14,0.9369999999999999,0.9370005764433812,1,0.07142857142857142
1800,84905,14,0.9369999999999999,0.9370005801828334,1,0.07142857142857142
1801,84919,14,0.9369999999999999,0.9370005426701687,1,0.07142857142857142
1802,84933,14,0.9369999999999999,0.9370005834888819,1,0.07142857142857142
1803,84947,14,0.9369999999999999,0.9370005627585553,1,0.07142857142857142
1804,84961,14,0.9369999999999999,0.9370006391880775,1,0.07142857142857142
1805,84975,14,0.9369999999999999,0.9370006217563992,1,0.07142857142857142
1806,84989,14,0.9369999999999999,0.937000584624745,1,0.07142857142857142
1807,85005,16,0.9279999999999999,0.9280003926844758,1,0.0625
1808,85019,14,0.9369999999999999,0.9370000439453265,1,0.07142857142857142
1809,85034,15,0.9325,0.9325000154139756,1,0.06666666666666667
1810,85048,14,0.9369999999999999,0.9370000223396183,1,0.07142857142857142
1811,85062,14,0.9369999999999999,0.9369999999999999,1,0.07142857142857142
1812,85076,14,0.9369999999999999,0.937000005786672,1,0.07142857142857142
1813,85090,14,0.9369999999999999,0.9370000502187337,1,0.07142857142857142
1814,85104,14,0.9369999999999999,0.9370000897467097,1,0.07142857142857142
1815,85118,14,0.9369999999999999,0.9370001392544529,1,0.07142857142857142
1816,85132,14,0.9369999999999999,0.9370001849566928,1,0.07142857142857142
1817,85146,14,0.9369999999999999,0.9370002423731183,1,0.07142857142857142
1818,85160,14,0.9369999999999999,0.9370002526537473,1,0.07142857142857142
1819,85175,15,0.9325,0.9325002069080952,1,0.06666666666666667
1820,85193,18,0.919,0.9190001349113892,1,0.16666666666666666
1821,85209,16,0.9279999999999999,0.9280000298239454,1,0.0625
1822,85223,14,0.9369999999999999,0.9370000057174049,1,0.07142857142857142
1823,85237,14,0.9369999999999999,0.9370000336697899,1,0.07142857142857142
1824,85253,16,0.9279999999999999,0.9280001442603086,1,0.1875
1825,85270,17,0.9235,0.9235000254611705,1,0.058823529411764705
1826,85286,16,0.9279999999999999,0.9280000072656573,1,0.0625
1827,85300,14,0.9369999999999999,0.9369999999999999,1,0.07142857142857142
1828,85316,16,0.9279999999999999,0.9279999999999999,1,0.0625
1829,85330,14,0.9369999999999999,0.9369999999999999,1,0.07142857142857142
1830,85351,21,0.9055,0.9055,1,0.047619047619047616
1831,85365,14,0.9369999999999999,0.9369999999999999,1,0.07142857142857142
1832,85379,14,0.9369999999999999,0.9369999999999999,1,0.07142857142857142
1833,85395,16,0.9279999999999999,0.9279999999999999,1,0.0625
1834,85409,14,0.9369999999999999,0.9369999999999999,1,0.07142857142857142
1835,85423,14,0.9369999999999999,0.9369999999999999,1,0.07142857142857142
1836,85437,14,0.9369999999999999,0.9369999999999999,1,0.07142857142857142
1837,85453,16,0.9279999999999999,0.9279999999999999,1,0.0625
1838,85469,16,0.9279999999999999,0.9279999999999999,1,0.0625
1839,85485,16,0.9279999999999999,0.9279999999999999,1,0.1875
1840,85501,16,0.9279999999999999,0.9279999999999999,1,0.0625
1841,85515,14,0.9369999999999999,0.9369999999999999,1,0.07142857142857142
1842,85529,14,0.9369999999999999,0.9369999999999999,1,0.07142857142857142
1843,85543,14,0.9369999999999999,0.9369999999999999,1,0.07142857142857142
1844,85557,14,0.9369999999999999,0.9369999999999999,1,0.07142857142857142
1845,85571,14,0.9369999999999999,0.9369999999999999,1,0.07142857142857142
1846,85589,18,0.919,0.919,1,0.05555555555555555
1847,85605,16,0.9279999999999999,0.9279999999999999,1,0.1875
1848,85621,16,0.9279999999999999,0.9279999999999999,1,0.0625
1849,85635,14,0.9369999999999999,0.9369999999999999,1,0.07142857142857142
1850,85649,14,0.9369999999999999,0.9369999999999999,1,0.07142857142857142
1851,85665,16,0.9279999999999999,0.9279999999999999,1,0.0625
1852,85679,14,0.9369999999999999,0.9370000024821162,1,0.07142857142857142
1853,85699,20,0.91,0.9100000733716059,1,0.05
1854,85713,14,0.9369999999999999,0.9370000473846845,1,0.07142857142857142
1855,85727,14,0.9369999999999999,0.9370000527904463,1,0.07142857142857142
1856,85749,22,0.901,0.9010001572933235,1,0.045454545454545456
1857,85763,14,0.9369999999999999,0.9370001063620491,1,0.07142857142857142
1858,85783,20,0.91,0.910000323587644,1,0.05
1859,85799,16,0.9279999999999999,0.9280001269029845,1,0.0625
1860,85813,14,0.9369999999999999,0.937000148814246,1,0.07142857142857142
1861,85827,14,0.9369999999999999,0.9370001825789065,1,0.07142857142857142
1862,85845,18,0.919,0.9190002694183438,1,0.05555555555555555
1863,85861,16,0.9279999999999999,0.9280001429354715,1,0.0625
1864,85875,14,0.9369999999999999,0.937000154732534,1,0.07142857142857142
1865,85891,16,0.9279999999999999,0.9280000460526368,1,0.0625
1866,85907,16,0.9279999999999999,0.928000144562443,1,0.0625
1867,85921,14,0.9369999999999999,0.9370001456975093,1,0.07142857142857142
1868,85935,14,0.9369999999999999,0.9370001067856493,1,0.07142857142857142
1869,85951,16,0.9279999999999999,0.9280001417766616,1,0.1875
1870,85965,14,0.9369999999999999,0.9370000228457502,1,0.07142857142857142
1871,85981,16,0.9279999999999999,0.9280000247459497,1,0.1875
1872,85995,14,0.9369999999999999,0.9369999999999999,1,0.07142857142857142
1873,86013,18,0.919,0.9190009050534949,1,0.05555555555555555
1874,86029,16,0.9279999999999999,0.9280018575627229,1,0.0625
1875,86043,14,0.9369999999999999,0.9370015576109977,1,0.07142857142857142
1876,86057,14,0.9369999999999999,0.9370018921136706,1,0.07142857142857142
1877,86071,14,0.9369999999999999,0.9370024909041119,1,0.07142857142857142
1878,86085,14,0.9369999999999999,0.93700262728273,1,0.07142857142857142
1879,86101,16,0.9279999999999999,0.928002809793536,1,0.0625
1880,86117,16,0.9279999999999999,0.9280020719385952,1,0.0625
1881,86132,15,0.9325,0.9325015703029185,1,0.06666666666666667
1882,86148,16,0.9279999999999999,0.9280020735452523,1,0.0625
1883,86162,14,0.9369999999999999,0.9370023384484576,1,0.07142857142857142
1884,86176,14,0.9369999999999999,0.9370021802267293,1,0.07142857142857142
1885,86192,16,0.9279999999999999,0.9280027840122081,1,0.1875
1886,86206,14,0.9369999999999999,0.9370025013257107,1,0.07142857142857142
1887,86224,18,0.919,0.9190032529658344,1,0.16666666666666666
1888,86238,14,0.9369999999999999,0.9370023510487464,1,0.07142857142857142
1889,86252,14,0.9369999999999999,0.9370026085829568,1,0.07142857142857142
1890,86270,18,0.919,0.9190037038954832,1,0.05555555555555555
1891,86286,16,0.9279999999999999,0.9280027042591064,1,0.0625
1892,86300,14,0.9369999999999999,0.9370021593518892,1,0.07142857142857142
1893,86316,16,0.9279999999999999,0.9280021701355025,1,0.0625
1894,86330,14,0.9369999999999999,0.93700176841826,1,0.07142857142857142
1895,86344,14,0.9369999999999999,0.9370009486483417,1,0.07142857142857142
1896,86360,16,0.9279999999999999,0.928000941198567,1,0.0625
1897,86374,14,0.9369999999999999,0.9370002708274168,1,0.07142857142857142
1898,86390,16,0.9279999999999999,0.9280001039689235,1,0.0625
1899,86406,16,0.9279999999999999,0.9279999999999999,1,0.1875
1900,86424,18,0.919,0.9190000639106861,1,0.05555555555555555
1901,86438,14,0.9369999999999999,0.9369999999999999,1,0.07142857142857142
1902,86452,14,0.9369999999999999,0.9370004431508245,1,0.07142857142857142
1903,86466,14,0.9369999999999999,0.9370010067564907,1,0.07142857142857142
1904,86480,14,0.9369999999999999,0.9370014609209608,1,0.07142857142857142
1905,86498,18,0.919,0.919000983490454,1,0.05555555555555555
1906,86516,18,0.919,0.9190020077362743,1,0.16666666666666666
1907,86530,14,0.9369999999999999,0.9370020118893985,1,0.07142857142857142
1908,86546,16,0.9279999999999999,0.9280024269245799,1,0.0625
1909,86560,14,0.9369999999999999,0.9370023421958169,1,0.07142857142857142
1910,86576,16,0.9279999999999999,0.9280030629097156,1,0.0625
1911,86590,14,0.9369999999999999,0.937002771588312,1,0.07142857142857142
1912,86606,16,0.9279999999999999,0.9280030027859832,1,0.1875
1913,86620,14,0.9369999999999999,0.9370028749476336,1,0.07142857142857142
1914,86636,16,0.9279999999999999,0.9280037180235299,1,0.0625
1915,86650,14,0.9369999999999999,0.9370030803825762,1,0.07142857142857142
1916,86664,14,0.9369999999999999,0.9370030993421012,1,0.07142857142857142
1917,86678,14,0.9369999999999999,0.9370031356437102,1,0.07142857142857142
1918,86692,14,0.9369999999999999,0.9370031325188255,1,0.07142857142857142
1919,86706,14,0.9369999999999999,0.9370030811230924,1,0.07142857142857142
1920,86720,14,0.9369999999999999,0.9370030738317807,1,0.07142857142857142
1921,86734,14,0.9369999999999999,0.9370030846066665,1,0.07142857142857142
1922,86752,18,0.919,0.919003992373538,1,0.05555555555555555
1923,86766,14,0.9369999999999999,0.937003093381632,1,0.07142857142857142
1924,86780,14,0.9369999999999999,0.9370030883680098,1,0.07142857142857142
1925,86795,15,0.9325,0.9325032325032647,1,0.06666666666666667
1926,86809,14,0.9369999999999999,0.9370030334439254,1,0.07142857142857142
1927,86823,14,0.9369999999999999,0.9370031352132203,1,0.07142857142857142
1928,86837,14,0.9369999999999999,0.9370031116027515,1,0.07142857142857142
1929,86851,14,0.9369999999999999,0.9370031015936803,1,0.07142857142857142
1930,86865,14,0.9369999999999999,0.9370030529189606,1,0.07142857142857142
1931,86879,14,0.9369999999999999,0.9370030853998134,1,0.07142857142857142
1932,86893,14,0.9369999999999999,0.937003072277792,1,0.07142857142857142
1933,86907,14,0.9369999999999999,0.9370031081759117,1,0.07142857142857142
1934,86921,14,0.9369999999999999,0.937003022414818,1,0.07142857142857142
1935,86935,14,0.9369999999999999,0.9370030185170357,1,0.07142857142857142
1936,86949,14,0.9369999999999999,0.9370029886255125,1,0.07142857142857142
1937,86964,15,0.9325,0.9325032580629257,1,0.06666666666666667
1938,86978,14,0.9369999999999999,0.9370030594652228,1,0.07142857142857142
1939,86992,14,0.9369999999999999,0.9370030609219575,1,0.07142857142857142
1940,87006,14,0.9369999999999999,0.9370018029236012,1,0.07142857142857142
1941,87024,18,0.919,0.9190000825327275,1,0.05555555555555555
1942,87038,14,0.9369999999999999,0.9370000131281611,1,0.07142857142857142
1943,87052,14,0.9369999999999999,0.9370000291309327,1,0.07142857142857142
1944,87066,14,0.9369999999999999,0.9370000541431279,1,0.07142857142857142
1945,87080,14,0.9369999999999999,0.937000017032656,1,0.07142857142857142
1946,87094,14,0.9369999999999999,0.9369999999999999,1,0.07142857142857142
1947,87114,20,0.91,0.91,1,0.05
1948,87128,14,0.9369999999999999,0.9369999999999999,1,0.07142857142857142
1949,87142,14,0.9369999999999999,0.9369999999999999,1,0.07142857142857142
1950,87156,14,0.9369999999999999,0.9369999999999999,1,0.07142857142857142
1951,87170,14,0.9369999999999999,0.9369999999999999,1,0.07142857142857142
1952,87186,16,0.9279999999999999,0.9279999999999999,1,0.0625
1953,87200,14,0.9369999999999999,0.9369999999999999,1,0.07142857142857142
1954,87214,14,0.9369999999999999,0.9369999999999999,1,0.07142857142857142
1955,87228,14,0.9369999999999999,0.9369999999999999,1,0.07142857142857142
1956,87242,14,0.9369999999999999,0.9369999999999999,1,0.07142857142857142
1957,87256,14,0.9369999999999999,0.9369999999999999,1,0.07142857142857142
1958,87270,14,0.9369999999999999,0.9369999999999999,1,0.07142857142857142
1959,87286,16,0.9279999999999999,0.9279999999999999,1,0.0625
1960,87300,14,0.9369999999999999,0.9369999999999999,1,0.07142857142857142
1961,87316,16,0.9279999999999999,0.9279999999999999,1,0.0625
1962,87332,16,0.9279999999999999,0.9279999999999999,1,0.0625
1963,87346,14,0.9369999999999999,0.9369999999999999,1,0.07142857142857142
1964,87360,14,0.9369999999999999,0.9369999999999999,1,0.07142857142857142
1965,87376,16,0.9279999999999999,0.9280000291779742,1,0.1875
1966,87393,17,0.9235,0.9235000517645355,1,0.058823529411764705
1967,87409,16,0.9279999999999999,0.9280000879922073,1,0.0625
1968,87423,14,0.9369999999999999,0.9370001279796634,1,0.07142857142857142
1969,87439,16,0.9279999999999999,0.928000108290307,1,0.0625
1970,87463,24,0.892,0.892000374189699,1,0.041666666666666664
1971,87477,14,0.9369999999999999,0.9370001467421106,1,0.07142857142857142
1972,87493,16,0.9279999999999999,0.9280000470680966,1,0.0625
1973,87507,14,0.9369999999999999,0.9370000348149453,1,0.07142857142857142
1974,87521,14,0.9369999999999999,0.9370000731565348,1,0.07142857142857142
1975,87535,14,0.9369999999999999,0.9370000785141338,1,0.07142857142857142
1976,87555,20,0.91,0.9100002295285841,1,0.05
1977,87573,18,0.919,0.9190002056739547,1,0.05555555555555555
1978,87587,14,0.9369999999999999,0.9370001051135787,1,0.07142857142857142
1979,87603,16,0.9279999999999999,0.9280001796348792,1,0.0625
1980,87617,14,0.9369999999999999,0.9370001681754937,1,0.07142857142857142
1981,87633,16,0.9279999999999999,0.9280002051529825,1,0.0625
1982,87647,14,0.9369999999999999,0.9370001999905923,1,0.07142857142857142
1983,87661,14,0.9369999999999999,0.9370001347979101,1,0.07142857142857142
1984,87675,14,0.9369999999999999,0.9370001143469925,1,0.07142857142857142
1985,87691,16,0.9279999999999999,0.9280001049400066,1,0.0625
1986,87705,14,0.9369999999999999,0.9370000390305544,1,0.07142857142857142
1987,87719,14,0.9369999999999999,0.937000011696415,1,0.07142857142857142
1988,87733,14,0.9369999999999999,0.9370000006290116,1,0.07142857142857142
1989,87747,14,0.9369999999999999,0.9370000282157225,1,0.07142857142857142
1990,87761,14,0.9369999999999999,0.9370000162216208,1,0.07142857142857142
1991,87775,14,0.9369999999999999,0.9369999999999999,1,0.07142857142857142
1992,87789,14,0.9369999999999999,0.9369999999999999,1,0.07142857142857142
1993,87805,16,0.9279999999999999,0.9279999999999999,1,0.0625
1994,87821,16,0.9279999999999999,0.9279999999999999,1,0.0625
1995,87835,14,0.9369999999999999,0.9369999999999999,1,0.07142857142857142
1996,87851,16,0.9279999999999999,0.9279999999999999,1,0.0625
1997,87867,16,0.9279999999999999,0.9279999999999999,1,0.0625
1998,87881,14,0.9369999999999999,0.9369999999999999,1,0.07142857142857142
1999,87895,14,0.9369999999999999,0.9369999999999999,1,0.07142857142857142
2000,87909,14,0.9369999999999999,0.9369999999999999,1,0.07142857142857142
2001,87925,16,0.9279999999999999,0.9279999999999999,1,0.1875
2002,87939,14,0.9369999999999999,0.9369999999999999,1,0.07142857142857142
2003,87953,14,0.9369999999999999,0.9369999999999999,1,0.07142857142857142
2004,87969,16,0.9279999999999999,0.9279999999999999,1,0.0625
2005,87985,16,0.9279999999999999,0.9279999999999999,1,0.0625
2006,88001,16,0.9279999999999999,0.9279999999999999,1,0.0625
2007,88017,16,0.9279999999999999,0.9280007609304491,1,0.0625
2008,88031,14,0.9369999999999999,0.9370008244878857,1,0.07142857142857142
2009,88049,18,0.919,0.9190009160802148,1,0.05555555555555555
2010,88063,14,0.9369999999999999,0.9370010263828557,1,0.07142857142857142
2011,88078,15,0.9325,0.9325009904703329,1,0.06666666666666667
2012,88092,14,0.9369999999999999,0.9370008079482797,1,0.07142857142857142
2013,88108,16,0.9279999999999999,0.9280011546567697,1,0.0625
2014,88122,14,0.9369999999999999,0.9370012279792961,1,0.07142857142857142
2015,88138,16,0.9279999999999999,0.9280019353629392,1,0.0625
2016,88152,14,0.9369999999999999,0.937001473169507,1,0.07142857142857142
2017,88166,14,0.9369999999999999,0.9370016285901563,1,0.07142857142857142
2018,88182,16,0.9279999999999999,0.9280018844941509,1,0.0625
2019,88196,14,0.9369999999999999,0.9370019896898825,1,0.07142857142857142
2020,88210,14,0.9369999999999999,0.9370020176670766,1,0.07142857142857142
2021,88226,16,0.9279999999999999,0.9280023260898822,1,0.0625
2022,88240,14,0.9369999999999999,0.9370020591333882,1,0.07142857142857142
2023,88254,14,0.9369999999999999,0.9370021547460405,1,0.07142857142857142
2024,88268,14,0.9369999999999999,0.9370021460368452,1,0.07142857142857142
2025,88284,16,0.9279999999999999,0.9280023715562851,1,0.0625
2026,88298,14,0.9369999999999999,0.9370020186230024,1,0.07142857142857142
2027,88312,14,0.9369999999999999,0.9370019931698138,1,0.07142857142857142
2028,88326,14,0.9369999999999999,0.9370016349622335,1,0.07142857142857142
2029,88342,16,0.9279999999999999,0.9280009006309193,1,0.0625
2030,88356,14,0.9369999999999999,0.9370004027058454,1,0.07142857142857142
2031,88372,16,0.9279999999999999,0.9280004391389904,1,0.0625
2032,88386,14,0.9369999999999999,0.9370003717856491,1,0.07142857142857142
2033,88400,14,0.9369999999999999,0.9370006138009408,1,0.07142857142857142
2034,88414,14,0.9369999999999999,0.9370001715921975,1,0.07142857142857142
2035,88428,14,0.9369999999999999,0.9370002269346209,1,0.07142857142857142
2036,88444,16,0.9279999999999999,0.9280000972639452,1,0.0625
2037,88460,16,0.9279999999999999,0.9280001217437074,1,0.1875
2038,88474,14,0.9369999999999999,0.937000384572236,1,0.07142857142857142
2039,88488,14,0.9369999999999999,0.9370000848963214,1,0.07142857142857142
2040,88506,18,0.919,0.9190006737186485,1,0.05555555555555555
2041,88520,14,0.9369999999999999,0.9370008437502539,1,0.07142857142857142
2042,88538,18,0.919,0.9190014052837695,1,0.05555555555555555
2043,88552,14,0.9369999999999999,0.9370011185263664,1,0.07142857142857142
2044,88566,14,0.9369999999999999,0.937001192684235,1,0.07142857142857142
2045,88580,14,0.9369999999999999,0.937001438880046,1,0.07142857142857142
2046,88596,16,0.9279999999999999,0.928001836352381,1,0.0625
2047,88610,14,0.9369999999999999,0.9370016700637457,1,0.07142857142857142
2048,88624,14,0.9369999999999999,0.9370015355365655,1,0.07142857142857142
2049,88638,14,0.9369999999999999,0.9370010222413214,1,0.07142857142857142
2050,88652,14,0.9369999999999999,0.9370013905029507,1,0.07142857142857142
2051,88670,18,0.919,0.9190021441078605,1,0.05555555555555555
2052,88684,14,0.9369999999999999,0.9370013612941452,1,0.07142857142857142
2053,88700,16,0.9279999999999999,0.9280015419223648,1,0.0625
2054,88716,16,0.9279999999999999,0.9280017522723156,1,0.0625
2055,88734,18,0.919,0.9190015110144079,1,0.05555555555555555
2056,88748,14,0.9369999999999999,0.9370011007461492,1,0.07142857142857142
2057,88762,14,0.9369999999999999,0.9370011854472509,1,0.07142857142857142
2058,88778,16,0.9279999999999999,0.9280010001806284,1,0.0625
2059,88798,20,0.91,0.9100006293813734,1,0.15
2060,88812,14,0.9369999999999999,0.9370004430533545,1,0.07142857142857142
2061,88828,16,0.9279999999999999,0.9280008747546841,1,0.0625
2062,88842,14,0.9369999999999999,0.9370005488193983,1,0.07142857142857142
2063,88856,14,0.9369999999999999,0.9370008154102264,1,0.07142857142857142
2064,88871,15,0.9325,0.9325007860361084,1,0.06666666666666667
2065,88885,14,0.9369999999999999,0.9370003704609429,1,0.07142857142857142
2066,88899,14,0.9369999999999999,0.9370005149672102,1,0.07142857142857142
2067,88917,18,0.919,0.9190013005505571,1,0.05555555555555555
2068,88931,14,0.9369999999999999,0.9370011085195454,1,0.07142857142857142
2069,88947,16,0.9279999999999999,0.9280010897124857,1,0.0625
2070,88961,14,0.9369999999999999,0.937001102752829,1,0.07142857142857142
2071,88975,14,0.9369999999999999,0.937001457316222,1,0.07142857142857142
2072,88989,14,0.9369999999999999,0.9370014607510915,1,0.07142857142857142
2073,89005,16,0.9279999999999999,0.928001310731512,1,0.0625
2074,89019,14,0.9369999999999999,0.9370002336339972,1,0.07142857142857142
2075,89033,14,0.9369999999999999,0.9370003019865842,1,0.07142857142857142
2076,89049,16,0.9279999999999999,0.928000342336287,1,0.0625
2077,89063,14,0.9369999999999999,0.9370002551427817,1,0.07142857142857142
2078,89081,18,0.919,0.9190003808264317,1,0.05555555555555555
2079,89095,14,0.9369999999999999,0.9370003616351298,1,0.07142857142857142
2080,89111,16,0.9279999999999999,0.9280003115185367,1,0.0625
2081,89127,16,0.9279999999999999,0.9280002667120412,1,0.0625
2082,89149,22,0.901,0.9010002350098955,1,0.4090909090909091
2083,89167,18,0.919,0.9190002089480974,1,0.16666666666666666
2084,89181,14,0.9369999999999999,0.9370002237656362,1,0.07142857142857142
2085,89197,16,0.9279999999999999,0.928000231196303,1,0.0625
2086,89211,14,0.9369999999999999,0.9370002026753832,1,0.07142857142857142
2087,89225,14,0.9369999999999999,0.9370000702341869,1,0.07142857142857142
2088,89239,14,0.9369999999999999,0.937000057472955,1,0.07142857142857142
2089,89253,14,0.9369999999999999,0.9370000527858952,1,0.07142857142857142
2090,89267,14,0.9369999999999999,0.9370001481612639,1,0.07142857142857142
2091,89281,14,0.9369999999999999,0.9370000871517871,1,0.07142857142857142
2092,89297,16,0.9279999999999999,0.9280000548096846,1,0.0625
2093,89313,16,0.9279999999999999,0.928000051937188,1,0.0625
2094,89329,16,0.9279999999999999,0.9279999999999999,1,0.0625
2095,89351,22,0.901,0.901,1,0.045454545454545456
2096,89365,14,0.9369999999999999,0.9369999999999999,1,0.07142857142857142
2097,89381,16,0.9279999999999999,0.9279999999999999,1,0.0625
2098,89395,14,0.9369999999999999,0.9369999999999999,1,0.07142857142857142
2099,89409,14,0.9369999999999999,0.9369999999999999,1,0.07142857142857142
2100,89427,18,0.919,0.919,1,0.16666666666666666
2101,89444,17,0.9235,0.9235,1,0.058823529411764705
2102,89462,18,0.919,0.919,1,0.05555555555555555
2103,89482,20,0.91,0.91,1,0.35
2104,89496,14,0.9369999999999999,0.9369999999999999,1,0.07142857142857142
2105,89510,14,0.9369999999999999,0.9369999999999999,1,0.07142857142857142
2106,89526,16,0.9279999999999999,0.9279999999999999,1,0.0625
2107,89540,14,0.9369999999999999,0.9370000002398692,1,0.07142857142857142
2108,89556,16,0.9279999999999999,0.9280000040718415,1,0.0625
2109,89572,16,0.9279999999999999,0.9280000027209389,1,0.0625
2110,89586,14,0.9369999999999999,0.9369999999999999,1,0.07142857142857142
2111,89600,14,0.9369999999999999,0.9369999999999999,1,0.07142857142857142
2112,89614,14,0.9369999999999999,0.9370000193787085,1,0.07142857142857142
2113,89628,14,0.9369999999999999,0.9370000473823474,1,0.07142857142857142
2114,89642,14,0.9369999999999999,0.9370000051798655,1,0.07142857142857142
2115,89658,16,0.9279999999999999,0.9280000116093128,1,0.0625
2116,89672,14,0.9369999999999999,0.9369999999999999,1,0.07142857142857142
2117,89688,16,0.9279999999999999,0.9280000053714588,1,0.0625
2118,89702,14,0.9369999999999999,0.9370000654246411,1,0.07142857142857142
2119,89716,14,0.9369999999999999,0.93700010163609,1,0.07142857142857142
2120,89730,14,0.9369999999999999,0.9370001312798365,1,0.07142857142857142
2121,89744,14,0.9369999999999999,0.9370001928020082,1,0.07142857142857142
2122,89758,14,0.9369999999999999,0.9370002385280232,1,0.07142857142857142
2123,89772,14,0.9369999999999999,0.9370002651064583,1,0.07142857142857142
2124,89786,14,0.9369999999999999,0.937000323544374,1,0.07142857142857142
2125,89800,14,0.9369999999999999,0.9370002993260335,1,0.07142857142857142
2126,89818,18,0.919,0.9190002174629128,1,0.16666666666666666
2127,89832,14,0.9369999999999999,0.9370001239714958,1,0.07142857142857142
2128,89848,16,0.9279999999999999,0.9280001091876332,1,0.1875
2129,89862,14,0.9369999999999999,0.9370000107778848,1,0.07142857142857142
2130,89876,14,0.9369999999999999,0.9369999999999999,1,0.07142857142857142
2131,89896,20,0.91,0.9100000063443215,1,0.15
2132,89910,14,0.9369999999999999,0.9369999999999999,1,0.07142857142857142
2133,89924,14,0.9369999999999999,0.9369999999999999,1,0.07142857142857142
2134,89938,14,0.9369999999999999,0.9369999999999999,1,0.07142857142857142
2135,89962,24,0.892,0.892,1,0.4583333333333333
2136,89976,14,0.9369999999999999,0.9369999999999999,1,0.07142857142857142
2137,89990,14,0.9369999999999999,0.9369999999999999,1,0.07142857142857142
2138,90006,16,0.9279999999999999,0.9280000554171017,1,0.0625
2139,90022,16,0.9279999999999999,0.9280006183960119,1,0.0625
2140,90036,14,0.9369999999999999,0.9370007401032515,1,0.07142857142857142
2141,90050,14,0.9369999999999999,0.9370004928723382,1,0.07142857142857142
2142,90064,14,0.9369999999999999,0.9370004376853416,1,0.07142857142857142
2143,90078,14,0.9369999999999999,0.9370006962124948,1,0.07142857142857142
2144,90092,14,0.9369999999999999,0.9370007539944271,1,0.07142857142857142
2145,90108,16,0.9279999999999999,0.9280008256130976,1,0.0625
2146,90122,14,0.9369999999999999,0.9370006909720462,1,0.07142857142857142
2147,90136,14,0.9369999999999999,0.9370008511394593,1,0.07142857142857142
2148,90150,14,0.9369999999999999,0.9370009538708631,1,0.07142857142857142
2149,90164,14,0.9369999999999999,0.9370010410548142,1,0.07142857142857142
2150,90180,16,0.9279999999999999,0.9280015241186498,1,0.0625
2151,90194,14,0.9369999999999999,0.9370012474345372,1,0.07142857142857142
2152,90208,14,0.9369999999999999,0.9370011582843624,1,0.07142857142857142
2153,90226,18,0.919,0.9190017035447232,1,0.16666666666666666
2154,90240,14,0.9369999999999999,0.9370012273185115,1,0.07142857142857142
2155,90256,16,0.9279999999999999,0.9280013011579762,1,0.0625
2156,90276,20,0.91,0.9100021528461388,1,0.35
2157,90290,14,0.9369999999999999,0.937000801906098,1,0.07142857142857142
2158,90304,14,0.9369999999999999,0.9370007807600232,1,0.07142857142857142
2159,90322,18,0.919,0.9190016802810209,1,0.05555555555555555
2160,90336,14,0.9369999999999999,0.9370010395711793,1,0.07142857142857142
2161,90354,18,0.919,0.9190011648467391,1,0.05555555555555555
2162,90368,14,0.9369999999999999,0.9370006441976714,1,0.07142857142857142
2163,90384,16,0.9279999999999999,0.9280006787178599,1,0.0625
2164,90398,14,0.9369999999999999,0.93700026563901,1,0.07142857142857142
2165,90412,14,0.9369999999999999,0.9370004790740746,1,0.07142857142857142
2166,90428,16,0.9279999999999999,0.9280007524378102,1,0.1875
2167,90444,16,0.9279999999999999,0.9280005138222089,1,0.0625
2168,90458,14,0.9369999999999999,0.9370003574161234,1,0.07142857142857142
2169,90474,16,0.9279999999999999,0.9280000647409794,1,0.0625
2170,90500,26,0.883,0.8830003693920626,1,0.038461538461538464
2171,90514,14,0.9369999999999999,0.9370002237954899,1,0.07142857142857142
2172,90528,14,0.9369999999999999,0.937000247975286,1,0.07142857142857142
2173,90544,16,0.9279999999999999,0.9280003435574457,1,0.0625
2174,90558,14,0.9369999999999999,0.9370004333528242,1,0.07142857142857142
2175,90577,19,0.9145,0.9145002892884859,1,0.05263157894736842
2176,90591,14,0.9369999999999999,0.937000200016453,1,0.07142857142857142
2177,90609,18,0.919,0.919000182753398,1,0.2777777777777778
2178,90629,20,0.91,0.9100000600138868,1,0.35
2179,90643,14,0.9369999999999999,0.9370000583734751,1,0.07142857142857142
2180,90657,14,0.9369999999999999,0.93700014917926,1,0.07142857142857142
2181,90673,16,0.9279999999999999,0.9280001981218072,1,0.0625
2182,90687,14,0.9369999999999999,0.9370005487346394,1,0.07142857142857142
2183,90701,14,0.9369999999999999,0.9370005804780239,1,0.07142857142857142
2184,90715,14,0.9369999999999999,0.9370006287916421,1,0.07142857142857142
2185,90729,14,0.9369999999999999,0.9370009843596353,1,0.07142857142857142
2186,90743,14,0.9369999999999999,0.9370008183685687,1,0.07142857142857142
2187,90761,18,0.919,0.9190011020260408,1,0.05555555555555555
2188,90775,14,0.9369999999999999,0.937001130441957,1,0.07142857142857142
2189,90793,18,0.919,0.9190018309105944,1,0.05555555555555555
2190,90807,14,0.9369999999999999,0.937001014263572,1,0.07142857142857142
2191,90821,14,0.9369999999999999,0.9370011207443874,1,0.07142857142857142
2192,90835,14,0.9369999999999999,0.9370010881692379,1,0.07142857142857142
2193,90851,16,0.9279999999999999,0.9280013261913944,1,0.1875
2194,90865,14,0.9369999999999999,0.937001063392552,1,0.07142857142857142
2195,90879,14,0.9369999999999999,0.937001284035381,1,0.07142857142857142
2196,90893,14,0.9369999999999999,0.937001361777211,1,0.07142857142857142
2197,90909,16,0.9279999999999999,0.9280014554933848,1,0.0625
2198,90924,15,0.9325,0.9325011946867734,1,0.06666666666666667
2199,90938,14,0.9369999999999999,0.9370008399514798,1,0.07142857142857142
2200,90952,14,0.9369999999999999,0.937000889398925,1,0.07142857142857142
2201,90966,14,0.9369999999999999,0.9370009503428702,1,0.07142857142857142
2202,90980,14,0.9369999999999999,0.9370004612209,1,0.07142857142857142
2203,90994,14,0.9369999999999999,0.9370002140354599,1,0.07142857142857142
2204,91008,14,0.9369999999999999,0.9370004752729466,1,0.07142857142857142
2205,91024,16,0.9279999999999999,0.9280002685786652,1,0.0625
2206,91038,14,0.9369999999999999,0.9370000946118552,1,0.07142857142857142
2207,91054,16,0.9279999999999999,0.928000192582338,1,0.0625
2208,91070,16,0.9279999999999999,0.9280001752610442,1,0.0625
2209,91086,16,0.9279999999999999,0.9280006130893724,1,0.0625
2210,91104,18,0.919,0.9190004312379776,1,0.05555555555555555
2211,91122,18,0.919,0.9190004401932073,1,0.16666666666666666
2212,91136,14,0.9369999999999999,0.9370000370082022,1,0.07142857142857142
2213,91150,14,0.9369999999999999,0.937000254901234,1,0.07142857142857142
2214,91168,18,0.919,0.9190008579731306,1,0.05555555555555555
2215,91182,14,0.9369999999999999,0.9370007340728428,1,0.07142857142857142
2216,91196,14,0.9369999999999999,0.9370007347166188,1,0.07142857142857142
2217,91212,16,0.9279999999999999,0.9280006522470667,1,0.0625
2218,91226,14,0.9369999999999999,0.9370005650937344,1,0.07142857142857142
2219,91240,14,0.9369999999999999,0.9370005032558173,1,0.07142857142857142
2220,91254,14,0.9369999999999999,0.937000711162721,1,0.07142857142857142
2221,91268,14,0.9369999999999999,0.937000508814161,1,0.07142857142857142
2222,91282,14,0.9369999999999999,0.9370004743189911,1,0.07142857142857142
2223,91296,14,0.9369999999999999,0.9370003074068872,1,0.07142857142857142
2224,91310,14,0.9369999999999999,0.9370004847908069,1,0.07142857142857142
2225,91326,16,0.9279999999999999,0.9280004232349938,1,0.0625
2226,91340,14,0.9369999999999999,0.9370002239243295,1,0.07142857142857142
2227,91354,14,0.9369999999999999,0.9370003421682863,1,0.07142857142857142
2228,91369,15,0.9325,0.9325002484376401,1,0.06666666666666667
2229,91383,14,0.9369999999999999,0.9370003788800091,1,0.07142857142857142
2230,91397,14,0.9369999999999999,0.9370004861549611,1,0.07142857142857142
2231,91411,14,0.9369999999999999,0.9370000309893629,1,0.07142857142857142
2232,91425,14,0.9369999999999999,0.9370002667725841,1,0.07142857142857142
2233,91439,14,0.9369999999999999,0.9370003676658081,1,0.07142857142857142
2234,91453,14,0.9369999999999999,0.9370004376705849,1,0.07142857142857142
2235,91469,16,0.9279999999999999,0.9280005087049086,1,0.0625
2236,91483,14,0.9369999999999999,0.9370003491146648,1,0.07142857142857142
2237,91497,14,0.9369999999999999,0.9370001847813894,1,0.07142857142857142
2238,91511,14,0.9369999999999999,0.9370003835571484,1,0.07142857142857142
2239,91529,18,0.919,0.9190005886779922,1,0.05555555555555555
2240,91543,14,0.9369999999999999,0.9370004070101743,1,0.07142857142857142
2241,91561,18,0.919,0.919000301340455,1,0.16666666666666666
2242,91575,14,0.9369999999999999,0.9370002107194472,1,0.07142857142857142
2243,91589,14,0.9369999999999999,0.9370003318889925,1,0.07142857142857142
2244,91603,14,0.9369999999999999,0.9370003015879451,1,0.07142857142857142
2245,91617,14,0.9369999999999999,0.9370003453148732,1,0.07142857142857142
2246,91631,14,0.9369999999999999,0.937000264819523,1,0.07142857142857142
2247,91647,16,0.9279999999999999,0.9280002229340825,1,0.0625
2248,91661,14,0.9369999999999999,0.9370003568976554,1,0.07142857142857142
2249,91679,18,0.919,0.9190006381226178,1,0.05555555555555555
2250,91695,16,0.9279999999999999,0.9280004595360225,1,0.0625
2251,91709,14,0.9369999999999999,0.937000683060623,1,0.07142857142857142
2252,91725,16,0.9279999999999999,0.9280011827747501,1,0.0625
2253,91739,14,0.9369999999999999,0.9370010005761685,1,0.07142857142857142
2254,91754,15,0.9325,0.9325009920821936,1,0.06666666666666667
2255,91770,16,0.9279999999999999,0.9280014387443841,1,0.0625
2256,91784,14,0.9369999999999999,0.9370012193264536,1,0.07142857142857142
2257,91798,14,0.9369999999999999,0.9370012245693106,1,0.07142857142857142
2258,91814,16,0.9279999999999999,0.9280014254885538,1,0.0625
2259,91828,14,0.9369999999999999,0.9370010411734809,1,0.07142857142857142
2260,91844,16,0.9279999999999999,0.9280019151581581,1,0.0625
2261,91858,14,0.9369999999999999,0.9370012638471473,1,0.07142857142857142
2262,91872,14,0.9369999999999999,0.9370012762807578,1,0.07142857142857142
2263,91886,14,0.9369999999999999,0.9370013292452796,1,0.07142857142857142
2264,91900,14,0.9369999999999999,0.9370013909585598,1,0.07142857142857142
2265,91918,18,0.919,0.9190018230678347,1,0.05555555555555555
2266,91932,14,0.9369999999999999,0.9370013391420812,1,0.07142857142857142
2267,91946,14,0.9369999999999999,0.9370014095140252,1,0.07142857142857142
2268,91964,18,0.919,0.9190016467862934,1,0.2777777777777778
2269,91978,14,0.9369999999999999,0.9370013487874311,1,0.07142857142857142
2270,91994,16,0.9279999999999999,0.9280013719340318,1,0.0625
2271,92012,18,0.919,0.9190006012108771,1,0.05555555555555555
2272,92026,14,0.9369999999999999,0.9370000465946055,1,0.07142857142857142
2273,92040,14,0.9369999999999999,0.9370000221347795,1,0.07142857142857142
2274,92056,16,0.9279999999999999,0.9280000083490454,1,0.1875
2275,92070,14,0.9369999999999999,0.9369999999999999,1,0.07142857142857142
2276,92084,14,0.9369999999999999,0.9370000095383898,1,0.07142857142857142
2277,92098,14,0.9369999999999999,0.9369999999999999,1,0.07142857142857142
2278,92112,14,0.9369999999999999,0.9369999999999999,1,0.07142857142857142
2279,92128,16,0.9279999999999999,0.9279999999999999,1,0.0625
2280,92144,16,0.9279999999999999,0.9279999999999999,1,0.0625
2281,92158,14,0.9369999999999999,0.9369999999999999,1,0.07142857142857142
2282,92172,14,0.9369999999999999,0.9369999999999999,1,0.07142857142857142
2283,92186,14,0.9369999999999999,0.9369999999999999,1,0.07142857142857142
2284,92202,16,0.9279999999999999,0.9279999999999999,1,0.0625
2285,92218,16,0.9279999999999999,0.9279999999999999,1,0.0625
2286,92232,14,0.9369999999999999,0.9369999999999999,1,0.07142857142857142
2287,92246,14,0.9369999999999999,0.9369999999999999,1,0.07142857142857142
2288,92260,14,0.9369999999999999,0.9369999999999999,1,0.07142857142857142
2289,92274,14,0.9369999999999999,0.9369999999999999,1,0.07142857142857142
2290,92290,16,0.9279999999999999,0.9279999999999999,1,0.0625
2291,92306,16,0.9279999999999999,0.9279999999999999,1,0.0625
2292,92320,14,0.9369999999999999,0.9369999999999999,1,0.07142857142857142
2293,92334,14,0.9369999999999999,0.9369999999999999,1,0.07142857142857142
2294,92352,18,0.919,0.919,1,0.16666666666666666
2295,92372,20,0.91,0.91,1,0.05
2296,92388,16,0.9279999999999999,0.9279999999999999,1,0.0625
2297,92402,14,0.9369999999999999,0.9369999999999999,1,0.07142857142857142
2298,92416,14,0.9369999999999999,0.9369999999999999,1,0.07142857142857142
2299,92432,16,0.9279999999999999,0.9279999999999999,1,0.0625
2300,92446,14,0.9369999999999999,0.9369999999999999,1,0.07142857142857142
2301,92460,14,0.9369999999999999,0.9369999999999999,1,0.07142857142857142
2302,92474,14,0.9369999999999999,0.9370000140579664,1,0.07142857142857142
2303,92488,14,0.9369999999999999,0.9370000037242946,1,0.07142857142857142
2304,92502,14,0.9369999999999999,0.9370000188109754,1,0.07142857142857142
2305,92516,14,0.9369999999999999,0.9370000138046121,1,0.07142857142857142
2306,92530,14,0.9369999999999999,0.9370000300602801,1,0.07142857142857142
2307,92548,18,0.919,0.9190001049295071,1,0.05555555555555555
2308,92562,14,0.9369999999999999,0.9370001724899774,1,0.07142857142857142
2309,92578,16,0.9279999999999999,0.928000213446437,1,0.0625
2310,92592,14,0.9369999999999999,0.9370001383992861,1,0.07142857142857142
2311,92606,14,0.9369999999999999,0.9370002355512401,1,0.07142857142857142
2312,92620,14,0.9369999999999999,0.9370002615332302,1,0.07142857142857142
2313,92634,14,0.9369999999999999,0.9370001977034227,1,0.07142857142857142
2314,92652,18,0.919,0.9190002101900201,1,0.05555555555555555
2315,92666,14,0.9369999999999999,0.9370001661313794,1,0.07142857142857142
2316,92682,16,0.9279999999999999,0.9280002191960054,1,0.0625
2317,92698,16,0.9279999999999999,0.9280002533643767,1,0.0625
2318,92712,14,0.9369999999999999,0.937000286038559,1,0.07142857142857142
2319,92726,14,0.9369999999999999,0.9370002953303208,1,0.07142857142857142
2320,92740,14,0.9369999999999999,0.9370002945171078,1,0.07142857142857142
2321,92754,14,0.9369999999999999,0.9370002926601606,1,0.07142857142857142
2322,92770,16,0.9279999999999999,0.9280003600773937,1,0.0625
2323,92786,16,0.9279999999999999,0.928000138777236,1,0.0625
2324,92800,14,0.9369999999999999,0.937000098777502,1,0.07142857142857142
2325,92814,14,0.9369999999999999,0.9370001324910852,1,0.07142857142857142
2326,92830,16,0.9279999999999999,0.9280001836595136,1,0.0625
2327,92846,16,0.9279999999999999,0.9280001468596991,1,0.0625
2328,92860,14,0.9369999999999999,0.9370000658067932,1,0.07142857142857142
2329,92874,14,0.9369999999999999,0.9370000378954226,1,0.07142857142857142
2330,92888,14,0.9369999999999999,0.9370000212810757,1,0.07142857142857142
2331,92904,16,0.9279999999999999,0.9280000021926272,1,0.1875
2332,92920,16,0.9279999999999999,0.9280000011249229,1,0.0625
2333,92936,16,0.9279999999999999,0.9279999999999999,1,0.0625
2334,92950,14,0.9369999999999999,0.9369999999999999,1,0.07142857142857142
2335,92966,16,0.9279999999999999,0.9279999999999999,1,0.0625
2336,92980,14,0.9369999999999999,0.9369999999999999,1,0.07142857142857142
2337,92994,14,0.9369999999999999,0.9369999999999999,1,0.07142857142857142
2338,93008,14,0.9369999999999999,0.9370001840509846,1,0.07142857142857142
2339,93026,18,0.919,0.9190019963302073,1,0.16666666666666666
2340,93042,16,0.9279999999999999,0.9280014043799897,1,0.0625
2341,93056,14,0.9369999999999999,0.9370004986328807,1,0.07142857142857142
2342,93070,14,0.9369999999999999,0.937000855851764,1,0.07142857142857142
2343,93084,14,0.9369999999999999,0.9370009649226332,1,0.07142857142857142
2344,93102,18,0.919,0.9190010564058568,1,0.05555555555555555
2345,93116,14,0.9369999999999999,0.9370011537974203,1,0.07142857142857142
2346,93130,14,0.9369999999999999,0.9370007886908318,1,0.07142857142857142
2347,93144,14,0.9369999999999999,0.9370008878416224,1,0.07142857142857142
2348,93162,18,0.919,0.9190012242105694,1,0.05555555555555555
2349,93176,14,0.9369999999999999,0.937000860440684,1,0.07142857142857142
2350,93190,14,0.9369999999999999,0.9370018008479775,1,0.07142857142857142
2351,93204,14,0.9369999999999999,0.9370020893170312,1,0.07142857142857142
2352,93220,16,0.9279999999999999,0.9280027796813141,1,0.0625
2353,93236,16,0.9279999999999999,0.9280032404319787,1,0.0625
2354,93252,16,0.9279999999999999,0.9280030453946113,1,0.0625
2355,93266,14,0.9369999999999999,0.9370026489973038,1,0.07142857142857142
2356,93281,15,0.9325,0.9325027203847607,1,0.06666666666666667
2357,93295,14,0.9369999999999999,0.9370026748991517,1,0.07142857142857142
2358,93309,14,0.9369999999999999,0.9370028426020912,1,0.07142857142857142
2359,93325,16,0.9279999999999999,0.9280035032042735,1,0.0625
2360,93341,16,0.9279999999999999,0.92800327047634,1,0.0625
2361,93356,15,0.9325,0.9325029152450703,1,0.06666666666666667
2362,93370,14,0.9369999999999999,0.9370028288461543,1,0.07142857142857142
2363,93388,18,0.919,0.9190042862199558,1,0.2777777777777778
2364,93402,14,0.9369999999999999,0.9370028571444883,1,0.07142857142857142
2365,93416,14,0.9369999999999999,0.937002658150279,1,0.07142857142857142
2366,93432,16,0.9279999999999999,0.9280035357479002,1,0.0625
2367,93446,14,0.9369999999999999,0.937002808531516,1,0.07142857142857142
2368,93461,15,0.9325,0.9325027146070353,1,0.06666666666666667
2369,93475,14,0.9369999999999999,0.9370027922630708,1,0.07142857142857142
2370,93491,16,0.9279999999999999,0.9280032832288038,1,0.0625
2371,93505,14,0.9369999999999999,0.9370027539723069,1,0.07142857142857142
2372,93519,14,0.9369999999999999,0.9370028149794852,1,0.07142857142857142
2373,93533,14,0.9369999999999999,0.9370027962255342,1,0.07142857142857142
2374,93551,18,0.919,0.9190038237036533,1,0.16666666666666666
2375,93565,14,0.9369999999999999,0.9370026500936987,1,0.07142857142857142
2376,93579,14,0.9369999999999999,0.9370024644655112,1,0.07142857142857142
2377,93593,14,0.9369999999999999,0.9370024640136368,1,0.07142857142857142
2378,93607,14,0.9369999999999999,0.9370021015811397,1,0.07142857142857142
2379,93623,16,0.9279999999999999,0.9280014571695483,1,0.0625
2380,93637,14,0.9369999999999999,0.9370008280443325,1,0.07142857142857142
2381,93651,14,0.9369999999999999,0.937001323568172,1,0.07142857142857142
2382,93665,14,0.9369999999999999,0.9370013618036102,1,0.07142857142857142
2383,93679,14,0.9369999999999999,0.9370016012990684,1,0.07142857142857142
2384,93693,14,0.9369999999999999,0.9370013484933005,1,0.07142857142857142
2385,93709,16,0.9279999999999999,0.9280017423823425,1,0.0625
2386,93725,16,0.9279999999999999,0.9280025387050799,1,0.0625
2387,93743,18,0.919,0.9190023011409153,1,0.05555555555555555
2388,93759,16,0.9279999999999999,0.928001803988866,1,0.0625
2389,93773,14,0.9369999999999999,0.9370013629832444,1,0.07142857142857142
2390,93787,14,0.9369999999999999,0.9370009424227873,1,0.07142857142857142
2391,93801,14,0.9369999999999999,0.9370009740601957,1,0.07142857142857142
2392,93815,14,0.9369999999999999,0.9370011578596815,1,0.07142857142857142
2393,93829,14,0.9369999999999999,0.9370013581633948,1,0.07142857142857142
2394,93845,16,0.9279999999999999,0.9280013411324362,1,0.0625
2395,93859,14,0.9369999999999999,0.9370013136321841,1,0.07142857142857142
2396,93873,14,0.9369999999999999,0.9370008551828645,1,0.07142857142857142
2397,93887,14,0.9369999999999999,0.9370014294802771,1,0.07142857142857142
2398,93901,14,0.9369999999999999,0.9370016668419471,1,0.07142857142857142
2399,93917,16,0.9279999999999999,0.9280019647320451,1,0.0625
2400,93935,18,0.919,0.9190012215788612,1,0.05555555555555555
2401,93949,14,0.9369999999999999,0.9370010314259435,1,0.07142857142857142
2402,93965,16,0.9279999999999999,0.9280018645296997,1,0.0625
2403,93979,14,0.9369999999999999,0.9370022123874578,1,0.07142857142857142
2404,93997,18,0.919,0.9190023053780995,1,0.05555555555555555
2405,94013,16,0.9279999999999999,0.9280006108147968,1,0.0625
2406,94027,14,0.9369999999999999,0.9370000688283073,1,0.07142857142857142
2407,94041,14,0.9369999999999999,0.937000002808759,1,0.07142857142857142
2408,94059,18,0.919,0.919000167435707,1,0.05555555555555555
2409,94077,18,0.919,0.9190000071397062,1,0.05555555555555555
2410,94093,16,0.9279999999999999,0.9279999999999999,1,0.0625
2411,94107,14,0.9369999999999999,0.9369999999999999,1,0.07142857142857142
2412,94123,16,0.9279999999999999,0.9279999999999999,1,0.0625
2413,94139,16,0.9279999999999999,0.9279999999999999,1,0.0625
2414,94153,14,0.9369999999999999,0.9369999999999999,1,0.07142857142857142
2415,94167,14,0.9369999999999999,0.9369999999999999,1,0.07142857142857142
2416,94183,16,0.9279999999999999,0.9280001300131719,1,0.0625
2417,94199,16,0.9279999999999999,0.9279999999999999,1,0.0625
2418,94215,16,0.9279999999999999,0.9279999999999999,1,0.1875
2419,94229,14,0.9369999999999999,0.9369999999999999,1,0.07142857142857142
2420,94245,16,0.9279999999999999,0.9279999999999999,1,0.1875
2421,94263,18,0.919,0.9190000041525548,1,0.05555555555555555
2422,94281,18,0.919,0.9190000571389286,1,0.16666666666666666
2423,94301,20,0.91,0.9100000714651773,1,0.05
2424,94315,14,0.9369999999999999,0.9370000197005892,1,0.07142857142857142
2425,94331,16,0.9279999999999999,0.9280000341711195,1,0.0625
2426,94347,16,0.9279999999999999,0.9280001907122324,1,0.0625
2427,94361,14,0.9369999999999999,0.9370000511761849,1,0.07142857142857142
2428,94377,16,0.9279999999999999,0.9280000487529738,1,0.0625
2429,94391,14,0.9369999999999999,0.9369999999999999,1,0.07142857142857142
2430,94407,16,0.9279999999999999,0.9279999999999999,1,0.0625
2431,94421,14,0.9369999999999999,0.9369999999999999,1,0.07142857142857142
2432,94437,16,0.9279999999999999,0.9279999999999999,1,0.0625
2433,94453,16,0.9279999999999999,0.9280000065578479,1,0.0625
2434,94467,14,0.9369999999999999,0.9370000259341285,1,0.07142857142857142
2435,94481,14,0.9369999999999999,0.9370000304302153,1,0.07142857142857142
2436,94495,14,0.9369999999999999,0.9370001038620314,1,0.07142857142857142
2437,94509,14,0.9369999999999999,0.9370000430216118,1,0.07142857142857142
2438,94523,14,0.9369999999999999,0.937000026797045,1,0.07142857142857142
2439,94537,14,0.9369999999999999,0.93700012737355,1,0.07142857142857142
2440,94555,18,0.919,0.9190003483730099,1,0.16666666666666666
2441,94574,19,0.9145,0.9145002145762011,1,0.05263157894736842
2442,94588,14,0.9369999999999999,0.9370000012465376,1,0.07142857142857142
2443,94602,14,0.9369999999999999,0.9370000620230352,1,0.07142857142857142
2444,94618,16,0.9279999999999999,0.9280001906584833,1,0.1875
2445,94634,16,0.9279999999999999,0.928000103679679,1,0.1875
2446,94648,14,0.9369999999999999,0.9370000665316952,1,0.07142857142857142
2447,94662,14,0.9369999999999999,0.9370002616110789,1,0.07142857142857142
2448,94676,14,0.9369999999999999,0.9370001645797918,1,0.07142857142857142
2449,94690,14,0.9369999999999999,0.937000197840041,1,0.07142857142857142
2450,94706,16,0.9279999999999999,0.9280002802605111,1,0.1875
2451,94720,14,0.9369999999999999,0.9370002818491745,1,0.07142857142857142
2452,94736,16,0.9279999999999999,0.9280003266350798,1,0.0625
2453,94750,14,0.9369999999999999,0.9370000665141809,1,0.07142857142857142
2454,94766,16,0.9279999999999999,0.9280000647044874,1,0.0625
2455,94780,14,0.9369999999999999,0.9370000528861928,1,0.07142857142857142
2456,94794,14,0.9369999999999999,0.937000019699769,1,0.07142857142857142
2457,94810,16,0.9279999999999999,0.9280000330289764,1,0.0625
2458,94824,14,0.9369999999999999,0.9370000618875572,1,0.07142857142857142
2459,94838,14,0.9369999999999999,0.9370000774357122,1,0.07142857142857142
2460,94852,14,0.9369999999999999,0.9370000744536952,1,0.07142857142857142
2461,94866,14,0.9369999999999999,0.9370001244002065,1,0.07142857142857142
2462,94880,14,0.9369999999999999,0.9370000510398125,1,0.07142857142857142
2463,94896,16,0.9279999999999999,0.9280000127705726,1,0.1875
2464,94912,16,0.9279999999999999,0.9280000226443181,1,0.0625
2465,94926,14,0.9369999999999999,0.9370000303894912,1,0.07142857142857142
2466,94942,16,0.9279999999999999,0.9280000745851856,1,0.1875
2467,94956,14,0.9369999999999999,0.9370000640515089,1,0.07142857142857142
2468,94974,18,0.919,0.9190001384332271,1,0.16666666666666666
2469,94988,14,0.9369999999999999,0.9370000071914566,1,0.07142857142857142
2470,95004,16,0.9279999999999999,0.9280000818719638,1,0.0625
2471,95018,14,0.9369999999999999,0.937000183529057,1,0.07142857142857142
2472,95032,14,0.9369999999999999,0.9369999999999999,1,0.07142857142857142
2473,95048,16,0.9279999999999999,0.9279999999999999,1,0.0625
2474,95062,14,0.9369999999999999,0.93700007533606,1,0.07142857142857142
2475,95078,16,0.9279999999999999,0.9280000755524244,1,0.0625
2476,95092,14,0.9369999999999999,0.9370000450339819,1,0.07142857142857142
2477,95110,18,0.919,0.9190000900209224,1,0.05555555555555555
2478,95124,14,0.9369999999999999,0.9370000537688501,1,0.07142857142857142
2479,95140,16,0.9279999999999999,0.9280000726540314,1,0.0625
2480,95156,16,0.9279999999999999,0.9280001415358057,1,0.1875
2481,95176,20,0.91,0.9100001006374099,1,0.05
2482,95190,14,0.9369999999999999,0.9370001545147927,1,0.07142857142857142
2483,95204,14,0.9369999999999999,0.9370003517198225,1,0.07142857142857142
2484,95218,14,0.9369999999999999,0.9370003926871487,1,0.07142857142857142
2485,95232,14,0.9369999999999999,0.9370003942016198,1,0.07142857142857142
2486,95246,14,0.9369999999999999,0.937000546645313,1,0.07142857142857142
2487,95260,14,0.9369999999999999,0.9370003384539063,1,0.07142857142857142
2488,95278,18,0.919,0.9190004820013561,1,0.05555555555555555
2489,95292,14,0.9369999999999999,0.9370002085502326,1,0.07142857142857142
2490,95306,14,0.9369999999999999,0.9370004841375009,1,0.07142857142857142
2491,95322,16,0.9279999999999999,0.9280003679586025,1,0.0625
2492,95338,16,0.9279999999999999,0.9280003655155378,1,0.0625
2493,95352,14,0.9369999999999999,0.9370004960953625,1,0.07142857142857142
2494,95366,14,0.9369999999999999,0.9370004356395146,1,0.07142857142857142
2495,95380,14,0.9369999999999999,0.9370002588176627,1,0.07142857142857142
2496,95396,16,0.9279999999999999,0.9280002361918607,1,0.0625
2497,95412,16,0.9279999999999999,0.9280000973802278,1,0.0625
2498,95430,18,0.919,0.9190001531940414,1,0.16666666666666666
2499,95446,16,0.9279999999999999,0.9280005533544972,1,0.0625
2500,95460,14,0.9369999999999999,0.9370002441249111,1,0.07142857142857142
2501,95474,14,0.9369999999999999,0.9370003593207546,1,0.07142857142857142
2502,95488,14,0.9369999999999999,0.937000412396169,1,0.07142857142857142
2503,95504,16,0.9279999999999999,0.9280004119032444,1,0.0625
2504,95518,14,0.9369999999999999,0.9370003948969888,1,0.07142857142857142
2505,95534,16,0.9279999999999999,0.9280005276276821,1,0.0625
2506,95550,16,0.9279999999999999,0.9280008250533114,1,0.0625
2507,95564,14,0.9369999999999999,0.937001094835845,1,0.07142857142857142
2508,95578,14,0.9369999999999999,0.9370005886427737,1,0.07142857142857142
2509,95592,14,0.9369999999999999,0.9370005797577644,1,0.07142857142857142
2510,95606,14,0.9369999999999999,0.9370009865706513,1,0.07142857142857142
2511,95622,16,0.9279999999999999,0.9280009140697348,1,0.0625
2512,95636,14,0.9369999999999999,0.9370005302625324,1,0.07142857142857142
2513,95651,15,0.9325,0.9325008095939664,1,0.06666666666666667
2514,95665,14,0.9369999999999999,0.9370009626342041,1,0.07142857142857142
2515,95681,16,0.9279999999999999,0.9280009367908945,1,0.0625
2516,95695,14,0.9369999999999999,0.9370010217555752,1,0.07142857142857142
2517,95711,16,0.9279999999999999,0.9280010787999526,1,0.0625
2518,95725,14,0.9369999999999999,0.9370011174064845,1,0.07142857142857142
2519,95739,14,0.9369999999999999,0.937000889636789,1,0.07142857142857142
2520,95755,16,0.9279999999999999,0.9280014567972185,1,0.1875
2521,95769,14,0.9369999999999999,0.9370011435178546,1,0.07142857142857142
2522,95783,14,0.9369999999999999,0.9370013314192889,1,0.07142857142857142
2523,95801,18,0.919,0.9190020057661922,1,0.2777777777777778
2524,95817,16,0.9279999999999999,0.9280015142528479,1,0.0625
2525,95831,14,0.9369999999999999,0.9370014689408686,1,0.07142857142857142
2526,95845,14,0.9369999999999999,0.9370014242298037,1,0.07142857142857142
2527,95859,14,0.9369999999999999,0.9370013550937637,1,0.07142857142857142
2528,95873,14,0.9369999999999999,0.9370009646854858,1,0.07142857142857142
2529,95887,14,0.9369999999999999,0.9370004605373908,1,0.07142857142857142
2530,95901,14,0.9369999999999999,0.9370003629117996,1,0.07142857142857142
2531,95915,14,0.9369999999999999,0.9369999999999999,1,0.07142857142857142
2532,95929,14,0.9369999999999999,0.9370000111480933,1,0.07142857142857142
2533,95943,14,0.9369999999999999,0.9369999999999999,1,0.07142857142857142
2534,95959,16,0.9279999999999999,0.9280000477777708,1,0.0625
2535,95973,14,0.9369999999999999,0.9370000327011311,1,0.07142857142857142
2536,95987,14,0.9369999999999999,0.9370000130794944,1,0.07142857142857142
2537,96001,14,0.9369999999999999,0.9370000214193174,1,0.07142857142857142
2538,96017,16,0.9279999999999999,0.9280017000517203,1,0.0625
2539,96031,14,0.9369999999999999,0.9370016478883806,1,0.07142857142857142
2540,96045,14,0.9369999999999999,0.9370022862058127,1,0.07142857142857142
2541,96059,14,0.9369999999999999,0.9370021457884382,1,0.07142857142857142
2542,96075,16,0.9279999999999999,0.9280021379382076,1,0.0625
2543,96090,15,0.9325,0.9325023645081536,1,0.06666666666666667
2544,96104,14,0.9369999999999999,0.9370029176856128,1,0.07142857142857142
2545,96118,14,0.9369999999999999,0.9370027345757044,1,0.07142857142857142
2546,96132,14,0.9369999999999999,0.9370027593907876,1,0.07142857142857142
2547,96148,16,0.9279999999999999,0.9280025319426222,1,0.0625
2548,96162,14,0.9369999999999999,0.9370015030679575,1,0.07142857142857142
2549,96182,20,0.91,0.9100019247563329,1,0.05
2550,96196,14,0.9369999999999999,0.9370016002668078,1,0.07142857142857142
2551,96212,16,0.9279999999999999,0.9280027698744762,1,0.0625
2552,96226,14,0.9369999999999999,0.937002656330461,1,0.07142857142857142
2553,96240,14,0.9369999999999999,0.9370028208988198,1,0.07142857142857142
2554,96254,14,0.9369999999999999,0.9370025245595955,1,0.07142857142857142
2555,96272,18,0.919,0.9190021409064236,1,0.05555555555555555
2556,96290,18,0.919,0.9190019146263331,1,0.05555555555555555
2557,96308,18,0.919,0.9190012747516119,1,0.16666666666666666
2558,96324,16,0.9279999999999999,0.9280021200118291,1,0.0625
2559,96338,14,0.9369999999999999,0.937001255059274,1,0.07142857142857142
2560,96352,14,0.9369999999999999,0.937001745251278,1,0.07142857142857142
2561,96368,16,0.9279999999999999,0.9280024924349496,1,0.1875
2562,96386,18,0.919,0.9190029428806888,1,0.05555555555555555
2563,96400,14,0.9369999999999999,0.9370028767421112,1,0.07142857142857142
2564,96416,16,0.9279999999999999,0.9280038613082735,1,0.0625
2565,96440,24,0.892,0.892005143483415,1,0.041666666666666664
2566,96454,14,0.9369999999999999,0.93700213366656,1,0.07142857142857142
2567,96468,14,0.9369999999999999,0.9370027936975576,1,0.07142857142857142
2568,96482,14,0.9369999999999999,0.9370027345729129,1,0.07142857142857142
2569,96500,18,0.919,0.9190037779989553,1,0.05555555555555555
2570,96514,14,0.9369999999999999,0.9370023197213252,1,0.07142857142857142
2571,96528,14,0.9369999999999999,0.9370023306686084,1,0.07142857142857142
2572,96544,16,0.9279999999999999,0.9280029787429863,1,0.0625
2573,96558,14,0.9369999999999999,0.9370029437535846,1,0.07142857142857142
2574,96574,16,0.9279999999999999,0.9280034373967271,1,0.0625
2575,96588,14,0.9369999999999999,0.937002998366752,1,0.07142857142857142
2576,96602,14,0.9369999999999999,0.9370029959389964,1,0.07142857142857142
2577,96616,14,0.9369999999999999,0.9370030591093671,1,0.07142857142857142
2578,96630,14,0.9369999999999999,0.9370031047197979,1,0.07142857142857142
2579,96644,14,0.9369999999999999,0.9370031812965195,1,0.07142857142857142
2580,96658,14,0.9369999999999999,0.9370032578669085,1,0.07142857142857142
2581,96699,41,0.8155,0.815511308009369,1,0.024390243902439025
2582,96713,14,0.9369999999999999,0.9370032002517394,1,0.07142857142857142
2583,96727,14,0.9369999999999999,0.9370031254384937,1,0.07142857142857142
2584,96741,14,0.9369999999999999,0.9370029960143705,1,0.07142857142857142
2585,96757,16,0.9279999999999999,0.9280038167172914,1,0.0625
2586,96773,16,0.9279999999999999,0.9280037141683433,1,0.0625
2587,96787,14,0.9369999999999999,0.9370030801425805,1,0.07142857142857142
2588,96801,14,0.9369999999999999,0.9370030198342018,1,0.07142857142857142
2589,96815,14,0.9369999999999999,0.9370029717419955,1,0.07142857142857142
2590,96829,14,0.9369999999999999,0.9370029003360525,1,0.07142857142857142
2591,96845,16,0.9279999999999999,0.9280030842002926,1,0.0625
2592,96861,16,0.9279999999999999,0.9280024881935725,1,0.0625
2593,96875,14,0.9369999999999999,0.9370024966952826,1,0.07142857142857142
2594,96889,14,0.9369999999999999,0.9370022932502275,1,0.07142857142857142
2595,96905,16,0.9279999999999999,0.9280025991461656,1,0.0625
2596,96919,14,0.9369999999999999,0.9370018100854729,1,0.07142857142857142
2597,96933,14,0.9369999999999999,0.9370005642769688,1,0.07142857142857142
2598,96949,16,0.9279999999999999,0.928000955979439,1,0.0625
2599,96967,18,0.919,0.9190019294083144,1,0.05555555555555555
2600,96981,14,0.9369999999999999,0.9370012860938255,1,0.07142857142857142
2601,96995,14,0.9369999999999999,0.9370019862333764,1,0.07142857142857142
2602,97010,15,0.9325,0.9325008460845964,1,0.06666666666666667
2603,97029,19,0.9145,0.9145002212972564,1,0.05263157894736842
2604,97051,22,0.901,0.9010006490536289,1,0.045454545454545456
2605,97065,14,0.9369999999999999,0.9370005278260778,1,0.07142857142857142
2606,97105,40,0.82,0.8200007033504939,1,0.025
2607,97119,14,0.9369999999999999,0.9370002838367978,1,0.07142857142857142
2608,97179,60,0.73,0.7300012824995397,1,0.016666666666666666
2609,97215,36,0.838,0.8380029850654432,1,0.1388888888888889
2610,97277,62,0.721,0.7210055662965176,1,0.016129032258064516
2611,97305,28,0.874,0.8740028900564322,1,0.03571428571428571
2612,97351,46,0.7929999999999999,0.7930053389676952,1,0.021739130434782608
2613,97365,14,0.9369999999999999,0.9370016277865936,1,0.07142857142857142
2614,97381,16,0.9279999999999999,0.9280014472360382,1,0.0625
2615,97431,50,0.775,0.7750037955806965,1,0.02
2616,97447,16,0.9279999999999999,0.9280012036246291,1,0.0625
2617,97463,16,0.9279999999999999,0.9280012610219979,1,0.0625
2618,97477,14,0.9369999999999999,0.9370012160628372,1,0.07142857142857142
2619,97526,49,0.7795,0.7795026042742818,1,0.02040816326530612
2620,97546,20,0.91,0.910001244909528,1,0.15
2621,97560,14,0.9369999999999999,0.937000231116204,1,0.07142857142857142
2622,97574,14,0.9369999999999999,0.9370001136314334,1,0.07142857142857142
2623,97596,22,0.901,0.901000067609729,1,0.045454545454545456
2624,97616,20,0.91,0.9100001635957135,1,0.05
2625,97641,25,0.8875,0.8875006287923177,1,0.04
2626,97723,82,0.631,0.6310046476669218,1,0.012195121951219513
2627,97737,14,0.9369999999999999,0.9370011704497863,1,0.07142857142857142
2628,97777,40,0.82,0.820003066237015,1,0.025
2629,97907,130,0.4149999999999999,0.4150113905037057,1,0.007692307692307693
2630,97921,14,0.9369999999999999,0.9370008042070367,1,0.07142857142857142
2631,97937,16,0.9279999999999999,0.9280009886870381,1,0.0625
2632,98040,103,0.5365,0.5365064679056062,1,0.009708737864077669
2633,98054,14,0.9369999999999999,0.9370012398581499,1,0.07142857142857142
2634,98084,30,0.865,0.8650019032316449,1,0.03333333333333333
2635,98101,17,0.9235,0.9235017101048574,1,0.058823529411764705
2636,98142,41,0.8155,0.8155023164640269,1,0.024390243902439025
2637,98159,17,0.9235,0.923501541659312,1,0.058823529411764705
2638,98174,15,0.9325,0.9325013706920211,1,0.06666666666666667
2639,98193,19,0.9145,0.9145014606026791,1,0.05263157894736842
2640,98209,16,0.9279999999999999,0.9280015708194521,1,0.0625
2641,98225,16,0.9279999999999999,0.9280013764078187,1,0.0625
2642,98241,16,0.9279999999999999,0.9280013933756716,1,0.0625
2643,98257,16,0.9279999999999999,0.9280016597822238,1,0.0625
2644,98275,18,0.919,0.9190014784137877,1,0.05555555555555555
2645,98293,18,0.919,0.9190005337029706,1,0.05555555555555555
2646,98331,38,0.829,0.8290004834531227,1,0.02631578947368421
2647,98349,18,0.919,0.9190013880153921,1,0.05555555555555555
2648,98367,18,0.919,0.919001079561273,1,0.05555555555555555
2649,98385,18,0.919,0.9190005913319231,1,0.05555555555555555
2650,98401,16,0.9279999999999999,0.9280009246523241,1,0.0625
2651,98492,91,0.5905,0.5905069727682246,1,0.01098901098901099
2652,98528,36,0.838,0.838000775122152,1,0.027777777777777776
2653,98580,52,0.766,0.7660018121252384,1,0.019230769230769232
2654,98623,43,0.8065,0.8065024175836539,1,0.023255813953488372
2655,98816,193,0.13150000000000006,0.13150931905340746,1,0.0051813471502590676
2656,98906,90,0.595,0.5950024321175924,1,0.011111111111111112
2657,98958,52,0.766,0.7660029870986891,1,0.019230769230769232
2658,99018,60,0.73,0.7300019002086633,1,0.016666666666666666
2659,99032,14,0.9369999999999999,0.9370002119154538,1,0.07142857142857142
2660,99048,16,0.9279999999999999,0.9280001779488039,1,0.0625
2661,99064,16,0.9279999999999999,0.92800007024735,1,0.0625
2662,99080,16,0.9279999999999999,0.9280000763197152,1,0.0625
2663,99094,14,0.9369999999999999,0.9370000912931623,1,0.07142857142857142
2664,99110,16,0.9279999999999999,0.9280000152936975,1,0.0625
2665,99132,22,0.901,0.901000008094541,1,0.045454545454545456
2666,99146,14,0.9369999999999999,0.937000051765173,1,0.07142857142857142
2667,99162,16,0.9279999999999999,0.9279999999999999,1,0.0625
2668,99213,51,0.7705,0.7705,1,0.0784313725490196
2669,99227,14,0.9369999999999999,0.9369999999999999,1,0.07142857142857142
2670,99249,22,0.901,0.901,1,0.045454545454545456
2671,99267,18,0.919,0.919000031636189,1,0.05555555555555555
2672,99287,20,0.91,0.9100001049150566,1,0.05
2673,99327,40,0.82,0.8200002892759648,1,0.025
2674,99365,38,0.829,0.8290010990077564,1,0.02631578947368421
2675,99399,34,0.847,0.8470010547439163,1,0.029411764705882353
2676,99599,200,0.0,3.933489009109348e-06,0,0.005
2677,99650,51,0.7705,0.7705001579593633,1,0.0196078431372549
2678,99676,26,0.883,0.883,1,0.038461538461538464
2679,99771,95,0.5725,0.5725000162957029,1,0.031578947368421054
2680,99806,35,0.8425,0.8425000837788733,1,0.02857142857142857
