step,tv_fraction_block,tv_fraction_cumulative,position_coverage,unique_positions,unique_abstract_states,unique_observations,rnd_error_inside,rnd_error_outside,intrinsic_raw_inside,intrinsic_raw_outside,intrinsic_normalized_inside,intrinsic_normalized_outside,mean_q_loss,mean_rnd_loss,method,beta,seed,label
1000,0.187,0.187,0.4411764705882353,30,100,270,,,,,,,0.0024922587908804,,dqn,0.0,0,DQN
2000,0.144,0.1655,0.5,34,127,441,,,,,,,0.0008384783708606,,dqn,0.0,0,DQN
3000,0.064,0.1316666666666666,0.5147058823529411,35,140,515,,,,,,,4.769043654141569e-05,,dqn,0.0,0,DQN
4000,0.134,0.13225,0.7205882352941176,49,186,692,,,,,,,2.109339827484291e-05,,dqn,0.0,0,DQN
5000,0.06,0.1178,0.7794117647058824,53,195,761,,,,,,,1.0715344187019582e-05,,dqn,0.0,0,DQN
6000,0.16,0.1248333333333333,0.7794117647058824,53,195,921,,,,,,,2.3544521865687783e-05,,dqn,0.0,0,DQN
7000,0.112,0.123,0.7941176470588235,54,205,1043,,,,,,,1.175448926341005e-05,,dqn,0.0,0,DQN
8000,0.138,0.124875,0.7941176470588235,54,205,1181,,,,,,,8.501771572923644e-06,,dqn,0.0,0,DQN
9000,0.23,0.1365555555555555,0.7941176470588235,54,205,1411,,,,,,,7.752035956286818e-06,,dqn,0.0,0,DQN
10000,0.161,0.139,0.9558823529411764,65,246,1610,,,,,,,1.5604643779624894e-05,,dqn,0.0,0,DQN
11000,0.193,0.1439090909090909,0.9852941176470588,67,260,1815,,,,,,,1.988316732149542e-05,,dqn,0.0,0,DQN
12000,0.204,0.1489166666666666,0.9852941176470588,67,260,2019,,,,,,,3.3972668004707884e-05,,dqn,0.0,0,DQN
13000,0.184,0.1516153846153846,1.0,68,266,2209,,,,,,,5.523075234850694e-05,,dqn,0.0,0,DQN
14000,0.2,0.1550714285714285,1.0,68,266,2409,,,,,,,6.81251105957017e-05,,dqn,0.0,0,DQN
15000,0.166,0.1558,1.0,68,267,2576,,,,,,,8.722106420646015e-05,,dqn,0.0,0,DQN
16000,0.147,0.15525,1.0,68,269,2725,,,,,,,0.0001365710678946,,dqn,0.0,0,DQN
17000,0.162,0.1556470588235294,1.0,68,271,2889,,,,,,,0.000193804359993,,dqn,0.0,0,DQN
18000,0.138,0.1546666666666666,1.0,68,271,3027,,,,,,,0.0002692196411589,,dqn,0.0,0,DQN
19000,0.084,0.1509473684210526,1.0,68,271,3111,,,,,,,0.0003679057989902,,dqn,0.0,0,DQN
20000,0.032,0.145,1.0,68,271,3143,,,,,,,0.0003814023938466,,dqn,0.0,0,DQN
21000,0.031,0.1395714285714285,1.0,68,271,3174,,,,,,,0.000482418047788,,dqn,0.0,0,DQN
22000,0.054,0.1356818181818181,1.0,68,271,3228,,,,,,,0.0005881630402691,,dqn,0.0,0,DQN
23000,0.042,0.1316086956521739,1.0,68,271,3270,,,,,,,0.0006005062989315,,dqn,0.0,0,DQN
24000,0.045,0.128,1.0,68,271,3315,,,,,,,0.000553127653482,,dqn,0.0,0,DQN
25000,0.097,0.12676,1.0,68,271,3412,,,,,,,0.0005510169295448,,dqn,0.0,0,DQN
26000,0.059,0.1241538461538461,1.0,68,271,3471,,,,,,,0.0004609637806934,,dqn,0.0,0,DQN
27000,0.084,0.1226666666666666,1.0,68,271,3555,,,,,,,0.0004422392833221,,dqn,0.0,0,DQN
28000,0.097,0.12175,1.0,68,271,3652,,,,,,,0.0003319650513512,,dqn,0.0,0,DQN
29000,0.068,0.1198965517241379,1.0,68,271,3720,,,,,,,0.000284935590098,,dqn,0.0,0,DQN
30000,0.103,0.1193333333333333,1.0,68,271,3823,,,,,,,0.0002272224541848,,dqn,0.0,0,DQN
31000,0.068,0.1176774193548387,1.0,68,271,3891,,,,,,,0.0002179536556814,,dqn,0.0,0,DQN
32000,0.068,0.116125,1.0,68,271,3959,,,,,,,0.0002284737911095,,dqn,0.0,0,DQN
33000,0.04,0.1138181818181818,1.0,68,271,3999,,,,,,,0.0002335826135904,,dqn,0.0,0,DQN
34000,0.072,0.1125882352941176,1.0,68,271,4071,,,,,,,0.0002112115788077,,dqn,0.0,0,DQN
35000,0.045,0.1106571428571428,1.0,68,271,4116,,,,,,,0.0002485240904661,,dqn,0.0,0,DQN
36000,0.071,0.1095555555555555,1.0,68,271,4187,,,,,,,0.0002361243463474,,dqn,0.0,0,DQN
37000,0.058,0.1081621621621621,1.0,68,271,4245,,,,,,,0.0002312187744737,,dqn,0.0,0,DQN
38000,0.092,0.1077368421052631,1.0,68,271,4337,,,,,,,0.0002209657400744,,dqn,0.0,0,DQN
39000,0.118,0.108,1.0,68,271,4455,,,,,,,0.000215553699677,,dqn,0.0,0,DQN
40000,0.076,0.1072,1.0,68,271,4531,,,,,,,0.0001918582044363,,dqn,0.0,0,DQN
41000,0.083,0.1066097560975609,1.0,68,271,4614,,,,,,,0.0002162282554627,,dqn,0.0,0,DQN
42000,0.062,0.105547619047619,1.0,68,271,4676,,,,,,,0.0002382424798524,,dqn,0.0,0,DQN
43000,0.098,0.1053720930232558,1.0,68,271,4774,,,,,,,0.00019371918163,,dqn,0.0,0,DQN
44000,0.091,0.1050454545454545,1.0,68,271,4865,,,,,,,0.00020017978967,,dqn,0.0,0,DQN
45000,0.072,0.1043111111111111,1.0,68,271,4937,,,,,,,0.0001869199342158,,dqn,0.0,0,DQN
46000,0.046,0.1030434782608695,1.0,68,271,4983,,,,,,,0.0002103003524612,,dqn,0.0,0,DQN
47000,0.08,0.1025531914893617,1.0,68,271,5063,,,,,,,0.0002146985763738,,dqn,0.0,0,DQN
48000,0.079,0.1020625,1.0,68,271,5142,,,,,,,0.0002189172903435,,dqn,0.0,0,DQN
49000,0.075,0.1015102040816326,1.0,68,271,5217,,,,,,,0.0001897243125076,,dqn,0.0,0,DQN
50000,0.076,0.101,1.0,68,271,5293,,,,,,,0.0001998539603832,,dqn,0.0,0,DQN
51000,0.081,0.1006078431372549,1.0,68,271,5374,,,,,,,0.0001879047406696,,dqn,0.0,0,DQN
52000,0.08,0.1002115384615384,1.0,68,271,5454,,,,,,,0.0002177474347972,,dqn,0.0,0,DQN
53000,0.026,0.0988113207547169,1.0,68,271,5480,,,,,,,0.0002078149450976,,dqn,0.0,0,DQN
54000,0.045,0.0978148148148148,1.0,68,271,5525,,,,,,,0.0002093139219946,,dqn,0.0,0,DQN
55000,0.069,0.0972909090909091,1.0,68,271,5594,,,,,,,0.000228842999787,,dqn,0.0,0,DQN
56000,0.064,0.0966964285714285,1.0,68,271,5658,,,,,,,0.0001807846546471,,dqn,0.0,0,DQN
57000,0.275,0.0998245614035087,1.0,68,271,5933,,,,,,,0.0002237174615365,,dqn,0.0,0,DQN
58000,0.095,0.0997413793103448,1.0,68,271,6028,,,,,,,0.000234004552426,,dqn,0.0,0,DQN
59000,0.008,0.0981864406779661,1.0,68,271,6036,,,,,,,0.0001995921979573,,dqn,0.0,0,DQN
60000,0.006,0.09665,1.0,68,271,6042,,,,,,,0.0002465201646755,,dqn,0.0,0,DQN
61000,0.008,0.0951967213114754,1.0,68,271,6050,,,,,,,0.0002062343379029,,dqn,0.0,0,DQN
62000,0.014,0.0938870967741935,1.0,68,271,6064,,,,,,,0.0002245766598184,,dqn,0.0,0,DQN
63000,0.079,0.0936507936507936,1.0,68,271,6143,,,,,,,0.0002696245828569,,dqn,0.0,0,DQN
64000,0.053,0.093015625,1.0,68,271,6196,,,,,,,0.000225804417158,,dqn,0.0,0,DQN
65000,0.017,0.0918461538461538,1.0,68,271,6213,,,,,,,0.0002575047449909,,dqn,0.0,0,DQN
66000,0.122,0.0923030303030303,1.0,68,271,6335,,,,,,,0.0002208102130171,,dqn,0.0,0,DQN
67000,0.063,0.091865671641791,1.0,68,271,6398,,,,,,,0.000217535896962,,dqn,0.0,0,DQN
68000,0.054,0.0913088235294117,1.0,68,271,6452,,,,,,,0.0002379451285519,,dqn,0.0,0,DQN
69000,0.038,0.0905362318840579,1.0,68,271,6490,,,,,,,0.0002052109110246,,dqn,0.0,0,DQN
70000,0.05,0.0899571428571428,1.0,68,271,6540,,,,,,,0.0002142262643142,,dqn,0.0,0,DQN
71000,0.012,0.0888591549295774,1.0,68,271,6552,,,,,,,0.0002294470785273,,dqn,0.0,0,DQN
72000,0.043,0.0882222222222222,1.0,68,271,6595,,,,,,,0.0002667051995695,,dqn,0.0,0,DQN
73000,0.01,0.0871506849315068,1.0,68,271,6605,,,,,,,0.0002601506654218,,dqn,0.0,0,DQN
74000,0.041,0.086527027027027,1.0,68,271,6646,,,,,,,0.0002262741200072,,dqn,0.0,0,DQN
75000,0.015,0.0855733333333333,1.0,68,271,6661,,,,,,,0.0002195338119418,,dqn,0.0,0,DQN
76000,0.026,0.0847894736842105,1.0,68,271,6687,,,,,,,0.0002330396338963,,dqn,0.0,0,DQN
77000,0.033,0.0841168831168831,1.0,68,271,6720,,,,,,,0.0002342739906559,,dqn,0.0,0,DQN
78000,0.048,0.0836538461538461,1.0,68,271,6768,,,,,,,0.000214402125762,,dqn,0.0,0,DQN
79000,0.007,0.0826835443037974,1.0,68,271,6775,,,,,,,0.0002294402157348,,dqn,0.0,0,DQN
80000,0.082,0.082675,1.0,68,271,6857,,,,,,,0.0001934258753377,,dqn,0.0,0,DQN
81000,0.081,0.0826543209876543,1.0,68,271,6938,,,,,,,0.0001701037178594,,dqn,0.0,0,DQN
82000,0.079,0.0826097560975609,1.0,68,271,7017,,,,,,,0.0002068040941506,,dqn,0.0,0,DQN
83000,0.072,0.0824819277108433,1.0,68,271,7089,,,,,,,0.0002033543949395,,dqn,0.0,0,DQN
84000,0.064,0.0822619047619047,1.0,68,271,7153,,,,,,,0.0002038387440929,,dqn,0.0,0,DQN
85000,0.077,0.0822,1.0,68,271,7230,,,,,,,0.0001924620704867,,dqn,0.0,0,DQN
86000,0.074,0.0821046511627907,1.0,68,271,7304,,,,,,,0.0001867556087502,,dqn,0.0,0,DQN
87000,0.016,0.0813448275862069,1.0,68,271,7320,,,,,,,0.0001969168388302,,dqn,0.0,0,DQN
88000,0.046,0.0809431818181818,1.0,68,271,7366,,,,,,,0.0002179597311264,,dqn,0.0,0,DQN
89000,0.028,0.0803483146067415,1.0,68,271,7394,,,,,,,0.0001991653951486,,dqn,0.0,0,DQN
90000,0.066,0.0801888888888888,1.0,68,271,7460,,,,,,,0.0001770333083617,,dqn,0.0,0,DQN
91000,0.056,0.0799230769230769,1.0,68,271,7516,,,,,,,0.000159099222415,,dqn,0.0,0,DQN
92000,0.07,0.0798152173913043,1.0,68,271,7586,,,,,,,0.000165685775171,,dqn,0.0,0,DQN
93000,0.073,0.0797419354838709,1.0,68,271,7659,,,,,,,0.0001551173929733,,dqn,0.0,0,DQN
94000,0.032,0.0792340425531914,1.0,68,271,7691,,,,,,,0.0001911693939489,,dqn,0.0,0,DQN
95000,0.071,0.0791473684210526,1.0,68,271,7762,,,,,,,0.0001662583420195,,dqn,0.0,0,DQN
96000,0.077,0.079125,1.0,68,271,7839,,,,,,,0.0001611779411842,,dqn,0.0,0,DQN
97000,0.027,0.0785876288659793,1.0,68,271,7866,,,,,,,0.0002075920945503,,dqn,0.0,0,DQN
98000,0.065,0.0784489795918367,1.0,68,271,7931,,,,,,,0.0001951013798382,,dqn,0.0,0,DQN
99000,0.155,0.0792222222222222,1.0,68,271,8086,,,,,,,0.0002023003012473,,dqn,0.0,0,DQN
100000,0.071,0.07914,1.0,68,271,8157,,,,,,,0.0001892612121939,,dqn,0.0,0,DQN
1000,0.16,0.16,0.7352941176470589,50,171,310,,,,,,,0.0085786450654268,,dqn,0.0,1,DQN
2000,0.173,0.1665,0.7941176470588235,54,190,499,,,,,,,0.0022382913011533,,dqn,0.0,1,DQN
3000,0.113,0.1486666666666666,0.8382352941176471,57,203,625,,,,,,,4.723843318242871e-05,,dqn,0.0,1,DQN
4000,0.081,0.13175,0.8970588235294118,61,216,719,,,,,,,3.449720273283674e-05,,dqn,0.0,1,DQN
5000,0.108,0.127,0.9558823529411764,65,241,851,,,,,,,2.053268282065801e-05,,dqn,0.0,1,DQN
6000,0.126,0.1268333333333333,0.9558823529411764,65,242,978,,,,,,,9.462882542379702e-06,,dqn,0.0,1,DQN
7000,0.114,0.125,0.9705882352941176,66,251,1100,,,,,,,1.4854765281768323e-05,,dqn,0.0,1,DQN
8000,0.121,0.1245,0.9705882352941176,66,256,1225,,,,,,,2.0945130796121702e-05,,dqn,0.0,1,DQN
9000,0.172,0.1297777777777777,0.9705882352941176,66,259,1400,,,,,,,1.7786291799779976e-05,,dqn,0.0,1,DQN
10000,0.115,0.1283,0.9705882352941176,66,260,1516,,,,,,,2.7816723049909343e-05,,dqn,0.0,1,DQN
11000,0.17,0.1320909090909091,0.9705882352941176,66,260,1686,,,,,,,4.457888677143273e-05,,dqn,0.0,1,DQN
12000,0.243,0.1413333333333333,0.9705882352941176,66,260,1929,,,,,,,5.367283054056315e-05,,dqn,0.0,1,DQN
13000,0.216,0.147076923076923,0.9852941176470588,67,262,2147,,,,,,,5.214320857339772e-05,,dqn,0.0,1,DQN
14000,0.095,0.1433571428571428,1.0,68,267,2247,,,,,,,8.018635626376635e-05,,dqn,0.0,1,DQN
15000,0.087,0.1396,1.0,68,270,2336,,,,,,,0.0001177244446625,,dqn,0.0,1,DQN
16000,0.09,0.1365,1.0,68,270,2426,,,,,,,0.0001905896963362,,dqn,0.0,1,DQN
17000,0.083,0.1333529411764706,1.0,68,271,2510,,,,,,,0.0002304716951584,,dqn,0.0,1,DQN
18000,0.091,0.131,1.0,68,271,2601,,,,,,,0.0003124115560603,,dqn,0.0,1,DQN
19000,0.058,0.1271578947368421,1.0,68,271,2659,,,,,,,0.0003693259763858,,dqn,0.0,1,DQN
20000,0.05,0.1233,1.0,68,271,2709,,,,,,,0.0004268683658119,,dqn,0.0,1,DQN
21000,0.042,0.1194285714285714,1.0,68,271,2751,,,,,,,0.0004585313371535,,dqn,0.0,1,DQN
22000,0.035,0.115590909090909,1.0,68,271,2786,,,,,,,0.0004982337070468,,dqn,0.0,1,DQN
23000,0.056,0.113,1.0,68,271,2842,,,,,,,0.0005100639152369,,dqn,0.0,1,DQN
24000,0.075,0.1114166666666666,1.0,68,271,2917,,,,,,,0.0004409980245836,,dqn,0.0,1,DQN
25000,0.08,0.11016,1.0,68,271,2997,,,,,,,0.0004162149686162,,dqn,0.0,1,DQN
26000,0.063,0.1083461538461538,1.0,68,271,3060,,,,,,,0.0003769300774292,,dqn,0.0,1,DQN
27000,0.056,0.1064074074074074,1.0,68,271,3116,,,,,,,0.0002929188894395,,dqn,0.0,1,DQN
28000,0.04,0.1040357142857142,1.0,68,271,3156,,,,,,,0.0002598837717778,,dqn,0.0,1,DQN
29000,0.093,0.1036551724137931,1.0,68,271,3249,,,,,,,0.0002062505104631,,dqn,0.0,1,DQN
30000,0.09,0.1032,1.0,68,271,3339,,,,,,,0.0001995429297585,,dqn,0.0,1,DQN
31000,0.131,0.1040967741935483,1.0,68,271,3470,,,,,,,0.0002028883533985,,dqn,0.0,1,DQN
32000,0.102,0.10403125,1.0,68,271,3572,,,,,,,0.0001733312897349,,dqn,0.0,1,DQN
33000,0.077,0.1032121212121212,1.0,68,271,3649,,,,,,,0.0001932842532478,,dqn,0.0,1,DQN
34000,0.095,0.1029705882352941,1.0,68,271,3744,,,,,,,0.0001748843889704,,dqn,0.0,1,DQN
35000,0.058,0.1016857142857142,1.0,68,271,3802,,,,,,,0.0001972506862312,,dqn,0.0,1,DQN
36000,0.043,0.1000555555555555,1.0,68,271,3845,,,,,,,0.0002049857746596,,dqn,0.0,1,DQN
37000,0.04,0.0984324324324324,1.0,68,271,3885,,,,,,,0.0001870330957804,,dqn,0.0,1,DQN
38000,0.029,0.0966052631578947,1.0,68,271,3914,,,,,,,0.0002014401869109,,dqn,0.0,1,DQN
39000,0.052,0.0954615384615384,1.0,68,271,3966,,,,,,,0.0002159184459987,,dqn,0.0,1,DQN
40000,0.04,0.094075,1.0,68,271,4006,,,,,,,0.0002316450890093,,dqn,0.0,1,DQN
41000,0.052,0.0930487804878048,1.0,68,271,4058,,,,,,,0.0002403217492201,,dqn,0.0,1,DQN
42000,0.031,0.0915714285714285,1.0,68,271,4089,,,,,,,0.0003077202505337,,dqn,0.0,1,DQN
43000,0.03,0.0901395348837209,1.0,68,271,4119,,,,,,,0.0002822466517318,,dqn,0.0,1,DQN
44000,0.048,0.0891818181818181,1.0,68,271,4167,,,,,,,0.0002932330942458,,dqn,0.0,1,DQN
45000,0.073,0.0888222222222222,1.0,68,271,4240,,,,,,,0.0002411434507052,,dqn,0.0,1,DQN
46000,0.021,0.0873478260869565,1.0,68,271,4261,,,,,,,0.0002387815657039,,dqn,0.0,1,DQN
47000,0.111,0.0878510638297872,1.0,68,271,4372,,,,,,,0.0002088026282508,,dqn,0.0,1,DQN
48000,0.061,0.0872916666666666,1.0,68,271,4433,,,,,,,0.0002300642643285,,dqn,0.0,1,DQN
49000,0.011,0.085734693877551,1.0,68,271,4444,,,,,,,0.0002268861154543,,dqn,0.0,1,DQN
50000,0.063,0.08528,1.0,68,271,4507,,,,,,,0.000238267482709,,dqn,0.0,1,DQN
51000,0.017,0.0839411764705882,1.0,68,271,4524,,,,,,,0.0002345215335503,,dqn,0.0,1,DQN
52000,0.06,0.0834807692307692,1.0,68,271,4584,,,,,,,0.0002532867900758,,dqn,0.0,1,DQN
53000,0.03,0.0824716981132075,1.0,68,271,4614,,,,,,,0.0002320645728659,,dqn,0.0,1,DQN
54000,0.04,0.0816851851851851,1.0,68,271,4654,,,,,,,0.0002468402481326,,dqn,0.0,1,DQN
55000,0.296,0.0855818181818181,1.0,68,271,4950,,,,,,,0.0002443264372118,,dqn,0.0,1,DQN
56000,0.354,0.090375,1.0,68,271,5304,,,,,,,0.0002899483105284,,dqn,0.0,1,DQN
57000,0.03,0.0893157894736842,1.0,68,271,5334,,,,,,,0.0002890553255974,,dqn,0.0,1,DQN
58000,0.07,0.0889827586206896,1.0,68,271,5404,,,,,,,0.0002658245066877,,dqn,0.0,1,DQN
59000,0.044,0.0882203389830508,1.0,68,271,5448,,,,,,,0.0002873453897454,,dqn,0.0,1,DQN
60000,0.057,0.0877,1.0,68,271,5505,,,,,,,0.0003258686869503,,dqn,0.0,1,DQN
61000,0.058,0.0872131147540983,1.0,68,271,5563,,,,,,,0.0002903032310723,,dqn,0.0,1,DQN
62000,0.057,0.0867258064516129,1.0,68,271,5620,,,,,,,0.0003250087653086,,dqn,0.0,1,DQN
63000,0.078,0.0865873015873015,1.0,68,271,5698,,,,,,,0.0002856408404149,,dqn,0.0,1,DQN
64000,0.062,0.086203125,1.0,68,271,5760,,,,,,,0.000311290603553,,dqn,0.0,1,DQN
65000,0.066,0.0858923076923077,1.0,68,271,5826,,,,,,,0.0002864560482275,,dqn,0.0,1,DQN
66000,0.057,0.0854545454545454,1.0,68,271,5883,,,,,,,0.0002852133095093,,dqn,0.0,1,DQN
67000,0.077,0.0853283582089552,1.0,68,271,5960,,,,,,,0.000296437521335,,dqn,0.0,1,DQN
68000,0.073,0.0851470588235294,1.0,68,271,6033,,,,,,,0.0002185669010443,,dqn,0.0,1,DQN
69000,0.077,0.0850289855072463,1.0,68,271,6110,,,,,,,0.0002775939075575,,dqn,0.0,1,DQN
70000,0.065,0.0847428571428571,1.0,68,271,6175,,,,,,,0.0002600771735837,,dqn,0.0,1,DQN
71000,0.07,0.0845352112676056,1.0,68,271,6245,,,,,,,0.0002274690891131,,dqn,0.0,1,DQN
72000,0.075,0.0844027777777777,1.0,68,271,6320,,,,,,,0.0002382247358682,,dqn,0.0,1,DQN
73000,0.076,0.0842876712328767,1.0,68,271,6396,,,,,,,0.0002429959061182,,dqn,0.0,1,DQN
74000,0.026,0.0835,1.0,68,271,6422,,,,,,,0.0002627619408042,,dqn,0.0,1,DQN
75000,0.06,0.0831866666666666,1.0,68,271,6482,,,,,,,0.0002631237746797,,dqn,0.0,1,DQN
76000,0.043,0.0826578947368421,1.0,68,271,6525,,,,,,,0.0002103782594017,,dqn,0.0,1,DQN
77000,0.027,0.0819350649350649,1.0,68,271,6552,,,,,,,0.0002217469064726,,dqn,0.0,1,DQN
78000,0.063,0.0816923076923076,1.0,68,271,6615,,,,,,,0.0002417653188128,,dqn,0.0,1,DQN
79000,0.005,0.0807215189873417,1.0,68,271,6620,,,,,,,0.0002497207097558,,dqn,0.0,1,DQN
80000,0.075,0.08065,1.0,68,271,6695,,,,,,,0.0002187596296184,,dqn,0.0,1,DQN
81000,0.03,0.0800246913580246,1.0,68,271,6725,,,,,,,0.0002091861965654,,dqn,0.0,1,DQN
82000,0.013,0.0792073170731707,1.0,68,271,6738,,,,,,,0.0002670516662647,,dqn,0.0,1,DQN
83000,0.055,0.0789156626506024,1.0,68,271,6793,,,,,,,0.0002380078123633,,dqn,0.0,1,DQN
84000,0.473,0.0836071428571428,1.0,68,271,7266,,,,,,,0.000204713379172,,dqn,0.0,1,DQN
85000,0.167,0.0845882352941176,1.0,68,271,7433,,,,,,,0.0001837074475415,,dqn,0.0,1,DQN
86000,0.049,0.0841744186046511,1.0,68,271,7482,,,,,,,0.0001576978438013,,dqn,0.0,1,DQN
87000,0.068,0.0839885057471264,1.0,68,271,7550,,,,,,,0.0002238450751909,,dqn,0.0,1,DQN
88000,0.071,0.083840909090909,1.0,68,271,7621,,,,,,,0.000156334833032,,dqn,0.0,1,DQN
89000,0.06,0.0835730337078651,1.0,68,271,7681,,,,,,,0.0002224746044489,,dqn,0.0,1,DQN
90000,0.063,0.0833444444444444,1.0,68,271,7744,,,,,,,0.0001650102577367,,dqn,0.0,1,DQN
91000,0.04,0.0828681318681318,1.0,68,271,7784,,,,,,,0.0001919148737401,,dqn,0.0,1,DQN
92000,0.055,0.0825652173913043,1.0,68,271,7839,,,,,,,0.0001567825341674,,dqn,0.0,1,DQN
93000,0.035,0.0820537634408602,1.0,68,271,7874,,,,,,,0.0001619645209518,,dqn,0.0,1,DQN
94000,0.058,0.0817978723404255,1.0,68,271,7932,,,,,,,0.000167079683916,,dqn,0.0,1,DQN
95000,0.084,0.0818210526315789,1.0,68,271,8016,,,,,,,0.0001306978049714,,dqn,0.0,1,DQN
96000,0.057,0.0815625,1.0,68,271,8073,,,,,,,0.0001258460445463,,dqn,0.0,1,DQN
97000,0.049,0.0812268041237113,1.0,68,271,8122,,,,,,,0.0001345445724795,,dqn,0.0,1,DQN
98000,0.081,0.0812244897959183,1.0,68,271,8203,,,,,,,0.0001456311513631,,dqn,0.0,1,DQN
99000,0.096,0.0813737373737373,1.0,68,271,8299,,,,,,,0.0001313738027942,,dqn,0.0,1,DQN
100000,0.077,0.08133,1.0,68,271,8376,,,,,,,0.0001204524050335,,dqn,0.0,1,DQN
1000,0.135,0.135,0.7352941176470589,50,169,281,,,,,,,0.0014521640259772,,dqn,0.0,2,DQN
2000,0.099,0.117,0.7794117647058824,53,194,404,,,,,,,0.000138807182775,,dqn,0.0,2,DQN
3000,0.141,0.125,0.8529411764705882,58,225,575,,,,,,,0.0002302855835514,,dqn,0.0,2,DQN
4000,0.203,0.1445,0.8529411764705882,58,226,779,,,,,,,3.654417786947306e-05,,dqn,0.0,2,DQN
5000,0.107,0.137,0.9411764705882352,64,244,904,,,,,,,1.92297146677447e-05,,dqn,0.0,2,DQN
6000,0.172,0.1428333333333333,0.9411764705882352,64,244,1076,,,,,,,5.955886284709777e-06,,dqn,0.0,2,DQN
7000,0.03,0.1267142857142857,0.9705882352941176,66,258,1119,,,,,,,1.4202323801100648e-05,,dqn,0.0,2,DQN
8000,0.12,0.125875,0.9705882352941176,66,260,1241,,,,,,,1.8236778073401183e-05,,dqn,0.0,2,DQN
9000,0.241,0.1386666666666666,0.9705882352941176,66,260,1482,,,,,,,1.5261510946970702e-05,,dqn,0.0,2,DQN
10000,0.12,0.1368,0.9705882352941176,66,261,1603,,,,,,,1.1403133267549491e-05,,dqn,0.0,2,DQN
11000,0.148,0.1378181818181818,0.9852941176470588,67,265,1755,,,,,,,2.5041633637329143e-05,,dqn,0.0,2,DQN
12000,0.112,0.1356666666666666,0.9852941176470588,67,265,1867,,,,,,,4.432736781791391e-05,,dqn,0.0,2,DQN
13000,0.161,0.1376153846153846,0.9852941176470588,67,265,2028,,,,,,,8.459280082479381e-05,,dqn,0.0,2,DQN
14000,0.118,0.1362142857142857,1.0,68,269,2149,,,,,,,0.0001535318652313,,dqn,0.0,2,DQN
15000,0.167,0.1382666666666666,1.0,68,269,2316,,,,,,,0.0001777541784758,,dqn,0.0,2,DQN
16000,0.098,0.13575,1.0,68,269,2414,,,,,,,0.0001774687568486,,dqn,0.0,2,DQN
17000,0.127,0.135235294117647,1.0,68,269,2541,,,,,,,0.0002208600945305,,dqn,0.0,2,DQN
18000,0.099,0.1332222222222222,1.0,68,269,2640,,,,,,,0.000284731456606,,dqn,0.0,2,DQN
19000,0.093,0.1311052631578947,1.0,68,269,2733,,,,,,,0.0003414767817266,,dqn,0.0,2,DQN
20000,0.067,0.1279,1.0,68,269,2800,,,,,,,0.0003776596622228,,dqn,0.0,2,DQN
21000,0.039,0.1236666666666666,1.0,68,269,2839,,,,,,,0.0003945543423724,,dqn,0.0,2,DQN
22000,0.062,0.1208636363636363,1.0,68,271,2902,,,,,,,0.0004230772901937,,dqn,0.0,2,DQN
23000,0.039,0.1173043478260869,1.0,68,271,2941,,,,,,,0.0005030994456647,,dqn,0.0,2,DQN
24000,0.065,0.115125,1.0,68,271,3006,,,,,,,0.000515226317635,,dqn,0.0,2,DQN
25000,0.014,0.11108,1.0,68,271,3020,,,,,,,0.0005523808306825,,dqn,0.0,2,DQN
26000,0.066,0.1093461538461538,1.0,68,271,3086,,,,,,,0.0006077011310626,,dqn,0.0,2,DQN
27000,0.037,0.1066666666666666,1.0,68,271,3123,,,,,,,0.0005156994822791,,dqn,0.0,2,DQN
28000,0.02,0.1035714285714285,1.0,68,271,3143,,,,,,,0.000483585429185,,dqn,0.0,2,DQN
29000,0.034,0.1011724137931034,1.0,68,271,3177,,,,,,,0.0003920252004936,,dqn,0.0,2,DQN
30000,0.034,0.0989333333333333,1.0,68,271,3211,,,,,,,0.0003065375652313,,dqn,0.0,2,DQN
31000,0.021,0.0964193548387096,1.0,68,271,3232,,,,,,,0.0002437654435034,,dqn,0.0,2,DQN
32000,0.016,0.09390625,1.0,68,271,3248,,,,,,,0.0002218680372279,,dqn,0.0,2,DQN
33000,0.008,0.0913030303030303,1.0,68,271,3256,,,,,,,0.0001877185406192,,dqn,0.0,2,DQN
34000,0.014,0.0890294117647058,1.0,68,271,3270,,,,,,,0.0001841020160645,,dqn,0.0,2,DQN
35000,0.025,0.0872,1.0,68,271,3295,,,,,,,0.0001421841228184,,dqn,0.0,2,DQN
36000,0.021,0.0853611111111111,1.0,68,271,3316,,,,,,,0.0001288198035008,,dqn,0.0,2,DQN
37000,0.013,0.0834054054054054,1.0,68,271,3329,,,,,,,0.0001080396622846,,dqn,0.0,2,DQN
38000,0.016,0.0816315789473684,1.0,68,271,3345,,,,,,,9.679438738885436e-05,,dqn,0.0,2,DQN
39000,0.016,0.0799487179487179,1.0,68,271,3361,,,,,,,0.0001085403469087,,dqn,0.0,2,DQN
40000,0.014,0.0783,1.0,68,271,3375,,,,,,,9.7577635468042e-05,,dqn,0.0,2,DQN
41000,0.051,0.0776341463414634,1.0,68,271,3426,,,,,,,7.575560894974842e-05,,dqn,0.0,2,DQN
42000,0.092,0.0779761904761904,1.0,68,271,3518,,,,,,,7.969668588430068e-05,,dqn,0.0,2,DQN
43000,0.02,0.0766279069767441,1.0,68,271,3538,,,,,,,6.853387335786465e-05,,dqn,0.0,2,DQN
44000,0.018,0.0752954545454545,1.0,68,271,3556,,,,,,,5.769751817115321e-05,,dqn,0.0,2,DQN
45000,0.017,0.074,1.0,68,271,3573,,,,,,,5.6001478767484514e-05,,dqn,0.0,2,DQN
46000,0.123,0.0750652173913043,1.0,68,271,3696,,,,,,,5.913375799741516e-05,,dqn,0.0,2,DQN
47000,0.013,0.0737446808510638,1.0,68,271,3709,,,,,,,5.0444113125877264e-05,,dqn,0.0,2,DQN
48000,0.065,0.0735625,1.0,68,271,3774,,,,,,,6.199576307881217e-05,,dqn,0.0,2,DQN
49000,0.022,0.0725102040816326,1.0,68,271,3796,,,,,,,4.538921446942368e-05,,dqn,0.0,2,DQN
50000,0.091,0.07288,1.0,68,271,3887,,,,,,,4.847870017238165e-05,,dqn,0.0,2,DQN
51000,0.064,0.0727058823529411,1.0,68,271,3951,,,,,,,4.187103931690217e-05,,dqn,0.0,2,DQN
52000,0.017,0.0716346153846153,1.0,68,271,3968,,,,,,,5.305688979092338e-05,,dqn,0.0,2,DQN
53000,0.01,0.0704716981132075,1.0,68,271,3978,,,,,,,4.579441985060839e-05,,dqn,0.0,2,DQN
54000,0.023,0.0695925925925926,1.0,68,271,4001,,,,,,,4.696359844183462e-05,,dqn,0.0,2,DQN
55000,0.037,0.069,1.0,68,271,4038,,,,,,,4.6412728581799454e-05,,dqn,0.0,2,DQN
56000,0.075,0.0691071428571428,1.0,68,271,4113,,,,,,,5.775352848468174e-05,,dqn,0.0,2,DQN
57000,0.025,0.0683333333333333,1.0,68,271,4138,,,,,,,4.3592591178367e-05,,dqn,0.0,2,DQN
58000,0.067,0.0683103448275862,1.0,68,271,4205,,,,,,,4.647574267869459e-05,,dqn,0.0,2,DQN
59000,0.01,0.067322033898305,1.0,68,271,4215,,,,,,,5.195209574196725e-05,,dqn,0.0,2,DQN
60000,0.014,0.0664333333333333,1.0,68,271,4229,,,,,,,4.510198947298249e-05,,dqn,0.0,2,DQN
61000,0.022,0.0657049180327868,1.0,68,271,4251,,,,,,,4.949978276204092e-05,,dqn,0.0,2,DQN
62000,0.015,0.0648870967741935,1.0,68,271,4266,,,,,,,4.054251005175047e-05,,dqn,0.0,2,DQN
63000,0.139,0.066063492063492,1.0,68,271,4405,,,,,,,5.1861341419453314e-05,,dqn,0.0,2,DQN
64000,0.249,0.068921875,1.0,68,271,4654,,,,,,,6.675013027006571e-05,,dqn,0.0,2,DQN
65000,0.161,0.0703384615384615,1.0,68,271,4815,,,,,,,9.709431762007624e-05,,dqn,0.0,2,DQN
66000,0.197,0.0722575757575757,1.0,68,271,5012,,,,,,,9.655392649040095e-05,,dqn,0.0,2,DQN
67000,0.133,0.0731641791044776,1.0,68,271,5145,,,,,,,0.0001407582006168,,dqn,0.0,2,DQN
68000,0.103,0.0736029411764706,1.0,68,271,5248,,,,,,,0.0001171604497631,,dqn,0.0,2,DQN
69000,0.277,0.0765507246376811,1.0,68,271,5525,,,,,,,0.0001331283315498,,dqn,0.0,2,DQN
70000,0.349,0.0804428571428571,1.0,68,271,5874,,,,,,,0.0001709863174273,,dqn,0.0,2,DQN
71000,0.037,0.0798309859154929,1.0,68,271,5911,,,,,,,0.0001477401789497,,dqn,0.0,2,DQN
72000,0.055,0.0794861111111111,1.0,68,271,5966,,,,,,,0.0001416890402056,,dqn,0.0,2,DQN
73000,0.02,0.0786712328767123,1.0,68,271,5986,,,,,,,0.00013511425679,,dqn,0.0,2,DQN
74000,0.048,0.0782567567567567,1.0,68,271,6034,,,,,,,0.000168087778924,,dqn,0.0,2,DQN
75000,0.053,0.07792,1.0,68,271,6087,,,,,,,0.0001713438013803,,dqn,0.0,2,DQN
76000,0.01,0.0770263157894736,1.0,68,271,6097,,,,,,,0.000152855162667,,dqn,0.0,2,DQN
77000,0.082,0.077090909090909,1.0,68,271,6179,,,,,,,0.0002277951363257,,dqn,0.0,2,DQN
78000,0.018,0.0763333333333333,1.0,68,271,6197,,,,,,,0.0002209356615803,,dqn,0.0,2,DQN
79000,0.075,0.0763164556962025,1.0,68,271,6272,,,,,,,0.0002257737500058,,dqn,0.0,2,DQN
80000,0.023,0.07565,1.0,68,271,6295,,,,,,,0.0001962275273599,,dqn,0.0,2,DQN
81000,0.01,0.0748395061728395,1.0,68,271,6305,,,,,,,0.0001571701923403,,dqn,0.0,2,DQN
82000,0.071,0.0747926829268292,1.0,68,271,6376,,,,,,,0.0001368021123171,,dqn,0.0,2,DQN
83000,0.036,0.0743253012048192,1.0,68,271,6412,,,,,,,0.0001407985852565,,dqn,0.0,2,DQN
84000,0.022,0.0737023809523809,1.0,68,271,6434,,,,,,,0.0001540903119175,,dqn,0.0,2,DQN
85000,0.018,0.0730470588235294,1.0,68,271,6452,,,,,,,0.0001352036598013,,dqn,0.0,2,DQN
86000,0.068,0.0729883720930232,1.0,68,271,6520,,,,,,,0.0001450725014401,,dqn,0.0,2,DQN
87000,0.025,0.0724367816091954,1.0,68,271,6545,,,,,,,0.0001589125348896,,dqn,0.0,2,DQN
88000,0.102,0.0727727272727272,1.0,68,271,6647,,,,,,,0.0001397601257001,,dqn,0.0,2,DQN
89000,0.005,0.0720112359550561,1.0,68,271,6652,,,,,,,0.0001384925695165,,dqn,0.0,2,DQN
90000,0.006,0.0712777777777777,1.0,68,271,6658,,,,,,,0.0001350406773499,,dqn,0.0,2,DQN
91000,0.005,0.0705494505494505,1.0,68,271,6663,,,,,,,0.0001949232115493,,dqn,0.0,2,DQN
92000,0.007,0.0698586956521739,1.0,68,271,6670,,,,,,,0.0001508006057583,,dqn,0.0,2,DQN
93000,0.028,0.0694086021505376,1.0,68,271,6698,,,,,,,0.0001525929827284,,dqn,0.0,2,DQN
94000,0.023,0.0689148936170212,1.0,68,271,6721,,,,,,,0.0001708515060481,,dqn,0.0,2,DQN
95000,0.043,0.0686421052631579,1.0,68,271,6764,,,,,,,0.0001577838652065,,dqn,0.0,2,DQN
96000,0.008,0.0680104166666666,1.0,68,271,6772,,,,,,,0.000130262001712,,dqn,0.0,2,DQN
97000,0.038,0.067701030927835,1.0,68,271,6810,,,,,,,0.0001665876027868,,dqn,0.0,2,DQN
98000,0.061,0.0676326530612244,1.0,68,271,6871,,,,,,,0.0001718098414676,,dqn,0.0,2,DQN
99000,0.009,0.067040404040404,1.0,68,271,6880,,,,,,,0.0001560833072612,,dqn,0.0,2,DQN
100000,0.01,0.06647,1.0,68,271,6890,,,,,,,0.0001570041771615,,dqn,0.0,2,DQN
1000,0.156,0.156,0.5147058823529411,35,119,258,,,,,,,0.0037887359503656,,dqn,0.0,3,DQN
2000,0.219,0.1875,0.5882352941176471,40,142,498,,,,,,,0.0005019001427499,,dqn,0.0,3,DQN
3000,0.106,0.1603333333333333,0.8235294117647058,56,208,666,,,,,,,0.0005753760031657,,dqn,0.0,3,DQN
4000,0.163,0.161,0.8235294117647058,56,210,831,,,,,,,0.0001430898916732,,dqn,0.0,3,DQN
5000,0.118,0.1524,0.9852941176470588,67,257,993,,,,,,,8.330173871399893e-05,,dqn,0.0,3,DQN
6000,0.12,0.147,0.9852941176470588,67,258,1114,,,,,,,8.37976418206381e-05,,dqn,0.0,3,DQN
7000,0.113,0.1421428571428571,0.9852941176470588,67,258,1227,,,,,,,9.082766567371436e-05,,dqn,0.0,3,DQN
8000,0.168,0.145375,0.9852941176470588,67,261,1398,,,,,,,7.213876819878351e-05,,dqn,0.0,3,DQN
9000,0.167,0.1477777777777777,1.0,68,266,1569,,,,,,,9.098903590711416e-05,,dqn,0.0,3,DQN
10000,0.117,0.1447,1.0,68,269,1689,,,,,,,9.173969000403303e-05,,dqn,0.0,3,DQN
11000,0.176,0.1475454545454545,1.0,68,271,1866,,,,,,,8.892219101653608e-05,,dqn,0.0,3,DQN
12000,0.171,0.1495,1.0,68,271,2037,,,,,,,9.906544932346152e-05,,dqn,0.0,3,DQN
13000,0.099,0.1456153846153846,1.0,68,271,2136,,,,,,,0.0001550585293243,,dqn,0.0,3,DQN
14000,0.121,0.1438571428571428,1.0,68,271,2257,,,,,,,0.000180006030996,,dqn,0.0,3,DQN
15000,0.116,0.142,1.0,68,271,2373,,,,,,,0.0002218520958103,,dqn,0.0,3,DQN
16000,0.101,0.1394375,1.0,68,271,2474,,,,,,,0.0002577142161098,,dqn,0.0,3,DQN
17000,0.066,0.1351176470588235,1.0,68,271,2540,,,,,,,0.000302494000025,,dqn,0.0,3,DQN
18000,0.081,0.1321111111111111,1.0,68,271,2621,,,,,,,0.0003622039011097,,dqn,0.0,3,DQN
19000,0.087,0.1297368421052631,1.0,68,271,2708,,,,,,,0.0004014275021509,,dqn,0.0,3,DQN
20000,0.06,0.12625,1.0,68,271,2768,,,,,,,0.0003708811215983,,dqn,0.0,3,DQN
21000,0.029,0.1216190476190476,1.0,68,271,2797,,,,,,,0.0003793327119456,,dqn,0.0,3,DQN
22000,0.03,0.1174545454545454,1.0,68,271,2827,,,,,,,0.0003773379338617,,dqn,0.0,3,DQN
23000,0.045,0.1143043478260869,1.0,68,271,2872,,,,,,,0.0003400097071789,,dqn,0.0,3,DQN
24000,0.038,0.111125,1.0,68,271,2910,,,,,,,0.0003051008023612,,dqn,0.0,3,DQN
25000,0.016,0.10732,1.0,68,271,2926,,,,,,,0.0002616345186361,,dqn,0.0,3,DQN
26000,0.046,0.1049615384615384,1.0,68,271,2972,,,,,,,0.0002083896325893,,dqn,0.0,3,DQN
27000,0.039,0.1025185185185185,1.0,68,271,3011,,,,,,,0.000213188063818,,dqn,0.0,3,DQN
28000,0.093,0.1021785714285714,1.0,68,271,3104,,,,,,,0.0001971447605301,,dqn,0.0,3,DQN
29000,0.201,0.1055862068965517,1.0,68,271,3305,,,,,,,0.0002166686999171,,dqn,0.0,3,DQN
30000,0.087,0.1049666666666666,1.0,68,271,3392,,,,,,,0.0001932151681567,,dqn,0.0,3,DQN
31000,0.093,0.1045806451612903,1.0,68,271,3485,,,,,,,0.0002141454908351,,dqn,0.0,3,DQN
32000,0.048,0.1028125,1.0,68,271,3533,,,,,,,0.0002126288758327,,dqn,0.0,3,DQN
33000,0.051,0.1012424242424242,1.0,68,271,3584,,,,,,,0.0002200492054826,,dqn,0.0,3,DQN
34000,0.028,0.0990882352941176,1.0,68,271,3612,,,,,,,0.0002253583484725,,dqn,0.0,3,DQN
35000,0.039,0.0973714285714285,1.0,68,271,3651,,,,,,,0.0002400571102116,,dqn,0.0,3,DQN
36000,0.015,0.0950833333333333,1.0,68,271,3666,,,,,,,0.0002330169602755,,dqn,0.0,3,DQN
37000,0.031,0.0933513513513513,1.0,68,271,3697,,,,,,,0.0002450552882164,,dqn,0.0,3,DQN
38000,0.029,0.0916578947368421,1.0,68,271,3726,,,,,,,0.0002381442314162,,dqn,0.0,3,DQN
39000,0.06,0.0908461538461538,1.0,68,271,3786,,,,,,,0.0002340596029334,,dqn,0.0,3,DQN
40000,0.037,0.0895,1.0,68,271,3823,,,,,,,0.0002642873585955,,dqn,0.0,3,DQN
41000,0.026,0.0879512195121951,1.0,68,271,3849,,,,,,,0.0002682321001093,,dqn,0.0,3,DQN
42000,0.016,0.0862380952380952,1.0,68,271,3865,,,,,,,0.0002442151192499,,dqn,0.0,3,DQN
43000,0.032,0.0849767441860465,1.0,68,271,3897,,,,,,,0.0002595756974524,,dqn,0.0,3,DQN
44000,0.022,0.0835454545454545,1.0,68,271,3919,,,,,,,0.0002391728782604,,dqn,0.0,3,DQN
45000,0.051,0.0828222222222222,1.0,68,271,3970,,,,,,,0.0002219368371697,,dqn,0.0,3,DQN
46000,0.028,0.0816304347826087,1.0,68,271,3998,,,,,,,0.0002232323318694,,dqn,0.0,3,DQN
47000,0.123,0.0825106382978723,1.0,68,271,4121,,,,,,,0.0002073289284489,,dqn,0.0,3,DQN
48000,0.019,0.0811875,1.0,68,271,4140,,,,,,,0.0002211048229773,,dqn,0.0,3,DQN
49000,0.008,0.0796938775510204,1.0,68,271,4148,,,,,,,0.0001989548032724,,dqn,0.0,3,DQN
50000,0.007,0.07824,1.0,68,271,4155,,,,,,,0.0002048972268394,,dqn,0.0,3,DQN
51000,0.005,0.0768039215686274,1.0,68,271,4160,,,,,,,0.0001920157064905,,dqn,0.0,3,DQN
52000,0.415,0.0833076923076923,1.0,68,271,4575,,,,,,,0.0001872561342861,,dqn,0.0,3,DQN
53000,0.027,0.0822452830188679,1.0,68,271,4602,,,,,,,0.0002101814977518,,dqn,0.0,3,DQN
54000,0.009,0.0808888888888888,1.0,68,271,4611,,,,,,,0.000174825288393,,dqn,0.0,3,DQN
55000,0.128,0.0817454545454545,1.0,68,271,4739,,,,,,,0.0001812147813525,,dqn,0.0,3,DQN
56000,0.006,0.0803928571428571,1.0,68,271,4745,,,,,,,0.0002089268548993,,dqn,0.0,3,DQN
57000,0.018,0.079298245614035,1.0,68,271,4763,,,,,,,0.0001861355269161,,dqn,0.0,3,DQN
58000,0.017,0.0782241379310344,1.0,68,271,4780,,,,,,,0.0001832026560246,,dqn,0.0,3,DQN
59000,0.059,0.0778983050847457,1.0,68,271,4839,,,,,,,0.000218046500315,,dqn,0.0,3,DQN
60000,0.062,0.0776333333333333,1.0,68,271,4901,,,,,,,0.0002251888225587,,dqn,0.0,3,DQN
61000,0.116,0.0782622950819672,1.0,68,271,5017,,,,,,,0.0002387130839701,,dqn,0.0,3,DQN
62000,0.085,0.0783709677419354,1.0,68,271,5102,,,,,,,0.0002341748891578,,dqn,0.0,3,DQN
63000,0.155,0.0795873015873015,1.0,68,271,5257,,,,,,,0.0002782482708789,,dqn,0.0,3,DQN
64000,0.234,0.082,1.0,68,271,5491,,,,,,,0.0002994460041445,,dqn,0.0,3,DQN
65000,0.079,0.0819538461538461,1.0,68,271,5570,,,,,,,0.000289337514582,,dqn,0.0,3,DQN
66000,0.068,0.0817424242424242,1.0,68,271,5638,,,,,,,0.0002882100659323,,dqn,0.0,3,DQN
67000,0.052,0.0812985074626865,1.0,68,271,5690,,,,,,,0.0003084869330646,,dqn,0.0,3,DQN
68000,0.048,0.0808088235294117,1.0,68,271,5738,,,,,,,0.000348958008426,,dqn,0.0,3,DQN
69000,0.069,0.0806376811594202,1.0,68,271,5807,,,,,,,0.0003052369108697,,dqn,0.0,3,DQN
70000,0.074,0.0805428571428571,1.0,68,271,5881,,,,,,,0.0003053497535534,,dqn,0.0,3,DQN
71000,0.095,0.0807464788732394,1.0,68,271,5976,,,,,,,0.0003486724642202,,dqn,0.0,3,DQN
72000,0.071,0.0806111111111111,1.0,68,271,6047,,,,,,,0.0003358069664664,,dqn,0.0,3,DQN
73000,0.069,0.0804520547945205,1.0,68,271,6116,,,,,,,0.0002578785021235,,dqn,0.0,3,DQN
74000,0.057,0.0801351351351351,1.0,68,271,6173,,,,,,,0.000282812645908,,dqn,0.0,3,DQN
75000,0.066,0.0799466666666666,1.0,68,271,6239,,,,,,,0.0002945914489275,,dqn,0.0,3,DQN
76000,0.038,0.0793947368421052,1.0,68,271,6277,,,,,,,0.0002708698367673,,dqn,0.0,3,DQN
77000,0.075,0.0793376623376623,1.0,68,271,6352,,,,,,,0.0002578614455446,,dqn,0.0,3,DQN
78000,0.066,0.0791666666666666,1.0,68,271,6418,,,,,,,0.0002744764352846,,dqn,0.0,3,DQN
79000,0.023,0.0784556962025316,1.0,68,271,6441,,,,,,,0.0002868873809434,,dqn,0.0,3,DQN
80000,0.057,0.0781875,1.0,68,271,6498,,,,,,,0.0002811576001424,,dqn,0.0,3,DQN
81000,0.07,0.0780864197530864,1.0,68,271,6568,,,,,,,0.0002973814081988,,dqn,0.0,3,DQN
82000,0.112,0.0785,1.0,68,271,6680,,,,,,,0.000257509378601,,dqn,0.0,3,DQN
83000,0.044,0.0780843373493975,1.0,68,271,6724,,,,,,,0.0003406439130503,,dqn,0.0,3,DQN
84000,0.011,0.0772857142857142,1.0,68,271,6735,,,,,,,0.00026599738824,,dqn,0.0,3,DQN
85000,0.017,0.0765764705882352,1.0,68,271,6752,,,,,,,0.0003087667122022,,dqn,0.0,3,DQN
86000,0.014,0.0758488372093023,1.0,68,271,6766,,,,,,,0.0002983645020585,,dqn,0.0,3,DQN
87000,0.013,0.0751264367816092,1.0,68,271,6779,,,,,,,0.0003083010652003,,dqn,0.0,3,DQN
88000,0.007,0.0743522727272727,1.0,68,271,6786,,,,,,,0.0003323924088817,,dqn,0.0,3,DQN
89000,0.019,0.0737303370786516,1.0,68,271,6805,,,,,,,0.0002384843890113,,dqn,0.0,3,DQN
90000,0.062,0.0736,1.0,68,271,6867,,,,,,,0.0002944188903607,,dqn,0.0,3,DQN
91000,0.041,0.0732417582417582,1.0,68,271,6908,,,,,,,0.0002766772743975,,dqn,0.0,3,DQN
92000,0.125,0.0738043478260869,1.0,68,271,7033,,,,,,,0.0003557006350313,,dqn,0.0,3,DQN
93000,0.042,0.0734623655913978,1.0,68,271,7075,,,,,,,0.0003141523467566,,dqn,0.0,3,DQN
94000,0.391,0.0768404255319148,1.0,68,271,7466,,,,,,,0.0002747021945576,,dqn,0.0,3,DQN
95000,0.067,0.0767368421052631,1.0,68,271,7533,,,,,,,0.0003075424506128,,dqn,0.0,3,DQN
96000,0.032,0.0762708333333333,1.0,68,271,7565,,,,,,,0.0002715226266957,,dqn,0.0,3,DQN
97000,0.036,0.0758556701030927,1.0,68,271,7601,,,,,,,0.0002922961598389,,dqn,0.0,3,DQN
98000,0.032,0.0754081632653061,1.0,68,271,7633,,,,,,,0.0002832768918881,,dqn,0.0,3,DQN
99000,0.032,0.0749696969696969,1.0,68,271,7665,,,,,,,0.0002787616502544,,dqn,0.0,3,DQN
100000,0.087,0.07509,1.0,68,271,7752,,,,,,,0.0002385412961453,,dqn,0.0,3,DQN
1000,0.154,0.154,0.5,34,123,258,,,,,,,0.0026739598251879,,dqn,0.0,4,DQN
2000,0.165,0.1595,0.6764705882352942,46,160,457,,,,,,,0.0001908969459955,,dqn,0.0,4,DQN
3000,0.175,0.1646666666666666,0.7205882352941176,49,181,652,,,,,,,0.0003787633180545,,dqn,0.0,4,DQN
4000,0.154,0.162,0.7647058823529411,52,190,815,,,,,,,0.0001094345579422,,dqn,0.0,4,DQN
5000,0.14,0.1576,0.7647058823529411,52,191,956,,,,,,,8.149278312339447e-05,,dqn,0.0,4,DQN
6000,0.109,0.1495,0.8382352941176471,57,218,1091,,,,,,,3.03765792800732e-05,,dqn,0.0,4,DQN
7000,0.046,0.1347142857142857,0.8529411764705882,58,224,1143,,,,,,,1.939268884552803e-05,,dqn,0.0,4,DQN
8000,0.162,0.138125,0.8529411764705882,58,224,1305,,,,,,,1.3736384765024922e-05,,dqn,0.0,4,DQN
9000,0.092,0.133,0.9411764705882352,64,243,1416,,,,,,,1.9765250328873663e-05,,dqn,0.0,4,DQN
10000,0.09,0.1287,0.9705882352941176,66,252,1514,,,,,,,1.3214360731126362e-05,,dqn,0.0,4,DQN
11000,0.131,0.1289090909090909,0.9852941176470588,67,258,1649,,,,,,,1.874949904117784e-05,,dqn,0.0,4,DQN
12000,0.157,0.13125,0.9852941176470588,67,259,1807,,,,,,,2.152213514250434e-05,,dqn,0.0,4,DQN
13000,0.055,0.1253846153846153,0.9852941176470588,67,265,1868,,,,,,,3.612886648033964e-05,,dqn,0.0,4,DQN
14000,0.122,0.1251428571428571,0.9852941176470588,67,265,1990,,,,,,,6.055439281453801e-05,,dqn,0.0,4,DQN
15000,0.126,0.1252,1.0,68,270,2120,,,,,,,7.897055187822843e-05,,dqn,0.0,4,DQN
16000,0.096,0.123375,1.0,68,270,2216,,,,,,,0.0001217870151485,,dqn,0.0,4,DQN
17000,0.113,0.1227647058823529,1.0,68,271,2330,,,,,,,0.0001686606107359,,dqn,0.0,4,DQN
18000,0.104,0.1217222222222222,1.0,68,271,2434,,,,,,,0.0002154961793985,,dqn,0.0,4,DQN
19000,0.071,0.1190526315789473,1.0,68,271,2505,,,,,,,0.0002878178540668,,dqn,0.0,4,DQN
20000,0.104,0.1183,1.0,68,271,2609,,,,,,,0.0003465454090328,,dqn,0.0,4,DQN
21000,0.088,0.1168571428571428,1.0,68,271,2697,,,,,,,0.0004058892309694,,dqn,0.0,4,DQN
22000,0.104,0.1162727272727272,1.0,68,271,2801,,,,,,,0.000516456453457,,dqn,0.0,4,DQN
23000,0.057,0.113695652173913,1.0,68,271,2858,,,,,,,0.0005553787714088,,dqn,0.0,4,DQN
24000,0.053,0.1111666666666666,1.0,68,271,2911,,,,,,,0.0006310793980155,,dqn,0.0,4,DQN
25000,0.053,0.10884,1.0,68,271,2964,,,,,,,0.0006177593171851,,dqn,0.0,4,DQN
26000,0.071,0.1073846153846153,1.0,68,271,3035,,,,,,,0.0005509905466569,,dqn,0.0,4,DQN
27000,0.069,0.1059629629629629,1.0,68,271,3104,,,,,,,0.0004476539519455,,dqn,0.0,4,DQN
28000,0.073,0.1047857142857142,1.0,68,271,3177,,,,,,,0.0003796653454155,,dqn,0.0,4,DQN
29000,0.074,0.1037241379310344,1.0,68,271,3251,,,,,,,0.0004212645002044,,dqn,0.0,4,DQN
30000,0.076,0.1028,1.0,68,271,3327,,,,,,,0.0003559642609361,,dqn,0.0,4,DQN
31000,0.06,0.1014193548387096,1.0,68,271,3387,,,,,,,0.0003202397421209,,dqn,0.0,4,DQN
32000,0.111,0.10171875,1.0,68,271,3498,,,,,,,0.0003078066444286,,dqn,0.0,4,DQN
33000,0.098,0.1016060606060606,1.0,68,271,3596,,,,,,,0.0002867524791327,,dqn,0.0,4,DQN
34000,0.086,0.1011470588235294,1.0,68,271,3682,,,,,,,0.000294366116801,,dqn,0.0,4,DQN
35000,0.062,0.1000285714285714,1.0,68,271,3744,,,,,,,0.0002989331890548,,dqn,0.0,4,DQN
36000,0.131,0.1008888888888888,1.0,68,271,3875,,,,,,,0.0003322436890957,,dqn,0.0,4,DQN
37000,0.09,0.1005945945945945,1.0,68,271,3965,,,,,,,0.0002551840493415,,dqn,0.0,4,DQN
38000,0.089,0.1002894736842105,1.0,68,271,4054,,,,,,,0.0002746174534977,,dqn,0.0,4,DQN
39000,0.052,0.099051282051282,1.0,68,271,4106,,,,,,,0.0003001861209413,,dqn,0.0,4,DQN
40000,0.045,0.0977,1.0,68,271,4151,,,,,,,0.0003028291889768,,dqn,0.0,4,DQN
41000,0.068,0.0969756097560975,1.0,68,271,4219,,,,,,,0.0002530058758911,,dqn,0.0,4,DQN
42000,0.033,0.0954523809523809,1.0,68,271,4252,,,,,,,0.0003175833010172,,dqn,0.0,4,DQN
43000,0.047,0.0943255813953488,1.0,68,271,4299,,,,,,,0.0002343031350737,,dqn,0.0,4,DQN
44000,0.022,0.0926818181818181,1.0,68,271,4321,,,,,,,0.0002576331688087,,dqn,0.0,4,DQN
45000,0.037,0.0914444444444444,1.0,68,271,4358,,,,,,,0.0002208180550915,,dqn,0.0,4,DQN
46000,0.047,0.0904782608695652,1.0,68,271,4405,,,,,,,0.0002515295957509,,dqn,0.0,4,DQN
47000,0.267,0.0942340425531914,1.0,68,271,4672,,,,,,,0.0002136334325368,,dqn,0.0,4,DQN
48000,0.48,0.1022708333333333,1.0,68,271,5152,,,,,,,0.0002339398703315,,dqn,0.0,4,DQN
49000,0.128,0.1027959183673469,1.0,68,271,5280,,,,,,,0.0002046046348627,,dqn,0.0,4,DQN
50000,0.071,0.10216,1.0,68,271,5351,,,,,,,0.0002027075122459,,dqn,0.0,4,DQN
51000,0.048,0.1010980392156862,1.0,68,271,5399,,,,,,,0.0001917801765011,,dqn,0.0,4,DQN
52000,0.06,0.1003076923076923,1.0,68,271,5459,,,,,,,0.0002045907725514,,dqn,0.0,4,DQN
53000,0.074,0.0998113207547169,1.0,68,271,5533,,,,,,,0.0002165881222663,,dqn,0.0,4,DQN
54000,0.069,0.0992407407407407,1.0,68,271,5602,,,,,,,0.0001791321211967,,dqn,0.0,4,DQN
55000,0.076,0.0988181818181818,1.0,68,271,5678,,,,,,,0.0001910289448403,,dqn,0.0,4,DQN
56000,0.064,0.0981964285714285,1.0,68,271,5742,,,,,,,0.0002188194440859,,dqn,0.0,4,DQN
57000,0.076,0.0978070175438596,1.0,68,271,5818,,,,,,,0.0002272551147912,,dqn,0.0,4,DQN
58000,0.066,0.0972586206896551,1.0,68,271,5884,,,,,,,0.0002154482807513,,dqn,0.0,4,DQN
59000,0.078,0.0969322033898305,1.0,68,271,5962,,,,,,,0.0001969914936166,,dqn,0.0,4,DQN
60000,0.06,0.0963166666666666,1.0,68,271,6022,,,,,,,0.0002056981163109,,dqn,0.0,4,DQN
61000,0.131,0.0968852459016393,1.0,68,271,6153,,,,,,,0.0002359092693259,,dqn,0.0,4,DQN
62000,0.086,0.0967096774193548,1.0,68,271,6239,,,,,,,0.0002396127309257,,dqn,0.0,4,DQN
63000,0.064,0.0961904761904761,1.0,68,271,6303,,,,,,,0.0001928369469542,,dqn,0.0,4,DQN
64000,0.057,0.095578125,1.0,68,271,6360,,,,,,,0.0002103234995988,,dqn,0.0,4,DQN
65000,0.076,0.095276923076923,1.0,68,271,6436,,,,,,,0.0001823690959495,,dqn,0.0,4,DQN
66000,0.073,0.0949393939393939,1.0,68,271,6509,,,,,,,0.0001901498637455,,dqn,0.0,4,DQN
67000,0.082,0.0947462686567164,1.0,68,271,6591,,,,,,,0.0002035064592291,,dqn,0.0,4,DQN
68000,0.062,0.0942647058823529,1.0,68,271,6653,,,,,,,0.0001843739917753,,dqn,0.0,4,DQN
69000,0.073,0.0939565217391304,1.0,68,271,6726,,,,,,,0.0001735168916973,,dqn,0.0,4,DQN
70000,0.074,0.0936714285714285,1.0,68,271,6800,,,,,,,0.0001551149953077,,dqn,0.0,4,DQN
71000,0.067,0.0932957746478873,1.0,68,271,6867,,,,,,,0.0001653282631205,,dqn,0.0,4,DQN
72000,0.073,0.0930138888888888,1.0,68,271,6940,,,,,,,0.000156774754143,,dqn,0.0,4,DQN
73000,0.077,0.0927945205479452,1.0,68,271,7017,,,,,,,0.0001315767291787,,dqn,0.0,4,DQN
74000,0.075,0.092554054054054,1.0,68,271,7092,,,,,,,0.0001446441356719,,dqn,0.0,4,DQN
75000,0.074,0.0923066666666666,1.0,68,271,7166,,,,,,,0.0001264699407051,,dqn,0.0,4,DQN
76000,0.077,0.0921052631578947,1.0,68,271,7243,,,,,,,0.0001307911200375,,dqn,0.0,4,DQN
77000,0.072,0.0918441558441558,1.0,68,271,7315,,,,,,,0.00011766145728,,dqn,0.0,4,DQN
78000,0.067,0.091525641025641,1.0,68,271,7382,,,,,,,0.000122136346705,,dqn,0.0,4,DQN
79000,0.071,0.0912658227848101,1.0,68,271,7453,,,,,,,0.0001023638878414,,dqn,0.0,4,DQN
80000,0.059,0.0908625,1.0,68,271,7512,,,,,,,0.0001399994244953,,dqn,0.0,4,DQN
81000,0.087,0.0908148148148148,1.0,68,271,7599,,,,,,,0.0001099503571706,,dqn,0.0,4,DQN
82000,0.385,0.0944024390243902,1.0,68,271,7984,,,,,,,0.0001086259576652,,dqn,0.0,4,DQN
83000,0.032,0.0936506024096385,1.0,68,271,8016,,,,,,,0.000133209961265,,dqn,0.0,4,DQN
84000,0.054,0.0931785714285714,1.0,68,271,8070,,,,,,,0.000156851580344,,dqn,0.0,4,DQN
85000,0.099,0.0932470588235294,1.0,68,271,8169,,,,,,,0.0001319695803156,,dqn,0.0,4,DQN
86000,0.094,0.0932558139534883,1.0,68,271,8263,,,,,,,0.0001372404562195,,dqn,0.0,4,DQN
87000,0.058,0.0928505747126436,1.0,68,271,8321,,,,,,,0.0001192272232871,,dqn,0.0,4,DQN
88000,0.052,0.0923863636363636,1.0,68,271,8373,,,,,,,0.0001254284867827,,dqn,0.0,4,DQN
89000,0.124,0.0927415730337078,1.0,68,271,8497,,,,,,,0.0001106589736754,,dqn,0.0,4,DQN
90000,0.035,0.0921,1.0,68,271,8532,,,,,,,0.0001210665337236,,dqn,0.0,4,DQN
91000,0.219,0.0934945054945055,1.0,68,271,8751,,,,,,,0.0001383147259439,,dqn,0.0,4,DQN
92000,0.495,0.0978586956521739,1.0,68,271,9246,,,,,,,0.0001264716599191,,dqn,0.0,4,DQN
93000,0.151,0.0984301075268817,1.0,68,271,9397,,,,,,,0.0001079008882769,,dqn,0.0,4,DQN
94000,0.067,0.098095744680851,1.0,68,271,9464,,,,,,,0.0001647969851749,,dqn,0.0,4,DQN
95000,0.077,0.0978736842105263,1.0,68,271,9541,,,,,,,0.0001025780020709,,dqn,0.0,4,DQN
96000,0.074,0.097625,1.0,68,271,9615,,,,,,,9.74831663482405e-05,,dqn,0.0,4,DQN
97000,0.076,0.0974020618556701,1.0,68,271,9691,,,,,,,9.656336519913113e-05,,dqn,0.0,4,DQN
98000,0.076,0.0971836734693877,1.0,68,271,9767,,,,,,,8.76166775446734e-05,,dqn,0.0,4,DQN
99000,0.073,0.0969393939393939,1.0,68,271,9840,,,,,,,9.69985773889448e-05,,dqn,0.0,4,DQN
100000,0.072,0.09669,1.0,68,271,9912,,,,,,,7.422837188525478e-05,,dqn,0.0,4,DQN
1000,0.187,0.187,0.4411764705882353,30,100,270,0.0092673387607549,0.0072537999958725,0.0,0.0,0.0,0.0,0.0024922587908804,0.007752314209938,lp_rnd,0.01,0,LP-RND (beta=0.01)
2000,0.07,0.1285,0.9411764705882352,64,238,469,0.0010126625383106,0.0004159705750044,0.0079282781508352,0.0067337864994882,3.42434227657847,2.515133911873049,0.0008165659753722,0.0004008533183114,lp_rnd,0.01,0,LP-RND (beta=0.01)
3000,0.088,0.115,0.9558823529411764,65,244,563,0.0001173819274216,4.2700737124447054e-05,2.894088770104149e-05,2.2022604010193424e-05,0.0084630453779656,0.0064894621370536,0.0001854555429526,4.80581527317554e-05,lp_rnd,0.01,0,LP-RND (beta=0.01)
4000,0.108,0.11325,0.9705882352941176,66,249,676,7.862032975093893e-05,2.771999409772346e-05,8.883542519739691e-06,9.054566852835343e-06,0.0028497899371042,0.0029133210791491,0.0001494535734382,2.73255058173163e-05,lp_rnd,0.01,0,LP-RND (beta=0.01)
5000,0.107,0.112,0.9705882352941176,66,252,786,6.24408811550026e-05,1.5896528111115994e-05,8.053101286962281e-06,4.51536807854339e-06,0.0027728203641566,0.0015844630206816,8.757860546029405e-05,1.7830671249612352e-05,lp_rnd,0.01,0,LP-RND (beta=0.01)
6000,0.177,0.1228333333333333,0.9705882352941176,66,253,964,4.591346407971164e-05,5.244928480353729e-06,4.524153345336843e-06,1.7849317066396277e-06,0.0016884631589543,0.0006757540331089,7.336004869830503e-05,1.2824796087897992e-05,lp_rnd,0.01,0,LP-RND (beta=0.01)
7000,0.126,0.1232857142857142,0.9705882352941176,66,254,1090,4.081346483756548e-05,8.502066923066107e-06,3.5010796723543624e-06,1.4037365573959283e-06,0.0013986382005328,0.0005642214701014,6.170206278875412e-05,9.755316496466548e-06,lp_rnd,0.01,0,LP-RND (beta=0.01)
8000,0.246,0.138625,0.9705882352941176,66,254,1336,3.30746473903163e-05,5.84869609936134e-06,2.519157474088706e-06,7.663803214440658e-07,0.0010667127651413,0.0003259319507181,5.6902162757978656e-05,8.286555365430103e-06,lp_rnd,0.01,0,LP-RND (beta=0.01)
9000,0.268,0.153,0.9852941176470588,67,260,1610,2.990720406445173e-05,8.800039280339215e-06,2.2316450918987724e-06,1.28438275858439e-06,0.0009996528864118,0.0005793706994657,5.442651125849807e-05,7.161954337789211e-06,lp_rnd,0.01,0,LP-RND (beta=0.01)
10000,0.209,0.1586,0.9852941176470588,67,260,1819,2.6334223835683108e-05,4.358936816356819e-06,1.6748548764401254e-06,9.524539505801574e-07,0.0007851793110346,0.0004498845584558,5.695636125528836e-05,6.744785164528367e-06,lp_rnd,0.01,0,LP-RND (beta=0.01)
11000,0.126,0.1556363636363636,0.9852941176470588,67,262,1947,2.409923987966428e-05,6.658418842434767e-06,1.2403540191977906e-06,1.0195063572551524e-06,0.0006100794671934,0.000503234331466,6.702803176995076e-05,5.995498797574328e-06,lp_rnd,0.01,0,LP-RND (beta=0.01)
12000,0.196,0.159,0.9852941176470588,67,262,2143,2.139885192746635e-05,4.157986699740365e-06,1.1865413769704234e-06,4.041188229161347e-07,0.0006101416286841,0.0002051803623153,6.909415109385009e-05,5.5831237602888e-06,lp_rnd,0.01,0,LP-RND (beta=0.01)
13000,0.086,0.1533846153846154,1.0,68,266,2232,1.9477316739137803e-05,4.337540583997226e-06,8.830157576296695e-07,5.143514120217406e-07,0.0004663755404123,0.0002745256036984,7.535217909571656e-05,5.085833396606177e-06,lp_rnd,0.01,0,LP-RND (beta=0.01)
14000,0.25,0.1602857142857142,1.0,68,268,2484,1.978460493955936e-05,3.993380250922958e-06,9.784272879187485e-07,3.824534957743708e-07,0.0005381644780802,0.0002110697378537,7.371021886683593e-05,4.712889111488039e-06,lp_rnd,0.01,0,LP-RND (beta=0.01)
15000,0.095,0.1559333333333333,1.0,68,268,2579,1.84031875362148e-05,3.250784970359193e-06,9.406236514271432e-07,4.298499403502777e-07,0.0005361388504339,0.000245013513476,8.665850495253836e-05,4.523527624314738e-06,lp_rnd,0.01,0,LP-RND (beta=0.01)
16000,0.167,0.156625,1.0,68,268,2746,1.768503380697733e-05,4.938820936729576e-06,1.0583472147684692e-06,3.884566897819887e-07,0.0006236541114092,0.0002282842633153,8.951594582867983e-05,4.190119209624754e-06,lp_rnd,0.01,0,LP-RND (beta=0.01)
17000,0.104,0.1535294117647059,1.0,68,269,2851,1.7697897638194823e-05,3.1667375623672152e-06,6.569964888023186e-07,2.607625664127359e-07,0.0003977406988844,0.0001572240037728,0.0001056005959635,4.109644164373094e-06,lp_rnd,0.01,0,LP-RND (beta=0.01)
18000,0.119,0.1516111111111111,1.0,68,270,2971,1.8176431152243224e-05,4.808474828442409e-06,6.892687069768665e-07,4.30262758238735e-07,0.0004280466325465,0.0002675803744193,0.0001158660909786,3.930402633727681e-06,lp_rnd,0.01,0,LP-RND (beta=0.01)
19000,0.093,0.1485263157894736,1.0,68,270,3064,1.6050359008854733e-05,3.4867500257322503e-06,5.758967246595515e-07,3.820167876851547e-07,0.0003660368320873,0.0002442128156368,0.0001337294498152,3.765730819509372e-06,lp_rnd,0.01,0,LP-RND (beta=0.01)
20000,0.108,0.1465,1.0,68,270,3172,1.5895604187116312e-05,3.399230889185791e-06,6.883899248822234e-07,4.802297894552886e-07,0.0004486711183117,0.0003151425703023,0.0001500091501238,3.652143754038661e-06,lp_rnd,0.01,0,LP-RND (beta=0.01)
21000,0.068,0.1427619047619047,1.0,68,270,3240,1.6457056811786434e-05,2.8225385884867203e-06,4.121719444703879e-07,3.47865157718921e-07,0.0002754611290588,0.0002333491194701,0.0001723825888529,3.504192244804472e-06,lp_rnd,0.01,0,LP-RND (beta=0.01)
22000,0.116,0.1415454545454545,1.0,68,270,3356,1.47922601642896e-05,2.4540723115420227e-06,5.514198164746631e-07,2.4458271574159544e-07,0.0003783360294036,0.0001674413712928,0.0002057010605822,3.304560515744015e-06,lp_rnd,0.01,0,LP-RND (beta=0.01)
23000,0.128,0.1409565217391304,1.0,68,270,3484,1.626991130621036e-05,1.2615167569563954e-06,9.242217728910872e-07,8.41458822538727e-08,0.0006454571405717,5.877716288276798e-05,0.0002468345001143,3.21131830264676e-06,lp_rnd,0.01,0,LP-RND (beta=0.01)
24000,0.064,0.13775,1.0,68,270,3548,1.511062070136404e-05,9.443490941252756e-07,5.451730942240829e-07,8.258464319237208e-08,0.0003886632312748,5.889559351351444e-05,0.0003085064566475,3.0397107490216512e-06,lp_rnd,0.01,0,LP-RND (beta=0.01)
25000,0.048,0.13416,1.0,68,270,3596,1.4798528828426546e-05,9.932865458468274e-07,5.286675749024047e-07,8.54601399021798e-08,0.0003842658458583,6.230782302241386e-05,0.0003120091636665,2.868916383022224e-06,lp_rnd,0.01,0,LP-RND (beta=0.01)
26000,0.076,0.1319230769230769,1.0,68,270,3672,1.505612027286636e-05,1.143817910082602e-06,9.16840696462666e-07,1.1631220712689509e-07,0.0006799230439127,8.630071273216063e-05,0.0003349850056765,2.7669029842627424e-06,lp_rnd,0.01,0,LP-RND (beta=0.01)
27000,0.082,0.130074074074074,1.0,68,270,3754,1.5448587407995436e-05,1.5951254443094658e-06,5.274212681553496e-07,1.4725133205728694e-07,0.0003971087673051,0.0001115630948245,0.0003574067478057,2.690094719469016e-06,lp_rnd,0.01,0,LP-RND (beta=0.01)
28000,0.069,0.1278928571428571,1.0,68,270,3823,1.4480124527704058e-05,1.403688472016728e-06,5.705240822124693e-07,1.379945165797881e-07,0.0004388843479762,0.0001065125445981,0.0003862072728006,2.587043716971493e-06,lp_rnd,0.01,0,LP-RND (beta=0.01)
29000,0.024,0.1243103448275862,1.0,68,270,3847,1.281981563276228e-05,1.0104272852516387e-06,4.067583745381853e-07,8.045896623635324e-08,0.0003190288024534,6.305757708370491e-05,0.0003949546491458,2.5049909603467312e-06,lp_rnd,0.01,0,LP-RND (beta=0.01)
30000,0.16,0.1255,1.0,68,270,4007,1.5267797317619623e-05,5.553956149164546e-07,4.229435319302866e-07,4.5248701437590936e-08,0.0003364692217614,3.604714522794061e-05,0.0004237972079135,2.4180396654287505e-06,lp_rnd,0.01,0,LP-RND (beta=0.01)
31000,0.059,0.1233548387096774,1.0,68,270,4066,1.4561899599542255e-05,1.348123344290644e-06,6.496714038001887e-07,8.137814940981194e-08,0.0005245678583114,6.588203321308374e-05,0.0003756497105896,2.3435479937461424e-06,lp_rnd,0.01,0,LP-RND (beta=0.01)
32000,0.17,0.1248125,1.0,68,271,4237,1.4462736517624068e-05,2.0129995543424727e-06,6.332792830054292e-07,8.72341313465932e-08,0.0005207022813555,7.159428854686578e-05,0.0003419611354584,2.358955201259505e-06,lp_rnd,0.01,0,LP-RND (beta=0.01)
33000,0.085,0.1236060606060606,1.0,68,271,4322,1.3701148033279048e-05,7.498510184557154e-07,5.316848567899261e-07,6.858937981999595e-08,0.0004433206524236,5.736500698312353e-05,0.0003042900533328,2.3143276436030646e-06,lp_rnd,0.01,0,LP-RND (beta=0.01)
34000,0.039,0.1211176470588235,1.0,68,271,4361,1.2755677359494326e-05,6.939751336233317e-07,4.643686154919963e-07,4.8334066585159896e-08,0.0003918781007849,4.097242582807213e-05,0.0002930588066556,2.23832173548999e-06,lp_rnd,0.01,0,LP-RND (beta=0.01)
35000,0.078,0.1198857142857142,1.0,68,271,4439,1.2542291741714831e-05,5.817330012333231e-07,7.406532369294347e-07,1.0673843956108389e-07,0.0006354962847912,9.170851345719776e-05,0.0002343197760274,2.1205436254376764e-06,lp_rnd,0.01,0,LP-RND (beta=0.01)
36000,0.078,0.1187222222222222,1.0,68,271,4517,1.2089929214198492e-05,1.2013792923316586e-06,5.526140879597873e-07,1.1654165712683285e-07,0.0004807569441416,0.0001015879687013,0.0002590243739596,2.084061023197137e-06,lp_rnd,0.01,0,LP-RND (beta=0.01)
37000,0.047,0.1167837837837837,1.0,68,271,4564,1.0399782076227836e-05,1.8946537645662204e-06,5.941372055144227e-07,8.31292029257562e-07,0.0005257364284547,0.0007349683854067,0.0002602770334669,2.055291919532465e-06,lp_rnd,0.01,0,LP-RND (beta=0.01)
38000,0.206,0.1191315789473684,1.0,68,271,4770,1.2823857937336056e-05,6.272445725875186e-07,4.6350891290820834e-07,5.927909672563586e-08,0.0004148477949736,5.2957589584227e-05,0.0002314197861942,2.0227258054887897e-06,lp_rnd,0.01,0,LP-RND (beta=0.01)
39000,0.175,0.1205641025641025,1.0,68,271,4945,1.2733458531459162e-05,3.177842415363392e-07,6.771511860798844e-07,3.600235878524693e-08,0.0006134558060863,3.259039445827659e-05,0.0002569473608273,2.0278554317769705e-06,lp_rnd,0.01,0,LP-RND (beta=0.01)
40000,0.103,0.120125,1.0,68,271,5048,1.2052821625067594e-05,2.8673804345940026e-07,4.5663582833423925e-07,3.1572034686114724e-08,0.0004186089525158,2.895122377422817e-05,0.0002699295312995,1.954301362559363e-06,lp_rnd,0.01,0,LP-RND (beta=0.01)
41000,0.08,0.1191463414634146,1.0,68,271,5128,1.0786534846829457e-05,2.925488733736089e-07,6.54406829880827e-07,5.7274564785567024e-08,0.0006077439193028,5.316080747441456e-05,0.0002620399403749,1.929863666134679e-06,lp_rnd,0.01,0,LP-RND (beta=0.01)
42000,0.074,0.1180714285714285,1.0,68,271,5202,1.156742764824476e-05,3.408331057040953e-07,3.442114206877336e-07,1.5103001424002376e-08,0.0003232476972736,1.4193132377928514e-05,0.0002692936323801,1.877467973883995e-06,lp_rnd,0.01,0,LP-RND (beta=0.01)
43000,0.074,0.1170465116279069,1.0,68,271,5276,1.1016520657731971e-05,2.1536124683537498e-07,5.104162495184495e-07,3.1814792877445305e-08,0.0004852744389369,3.0247292899661865e-05,0.0002933998601756,1.85301266623128e-06,lp_rnd,0.01,0,LP-RND (beta=0.01)
44000,0.098,0.1166136363636363,1.0,68,271,5374,1.1269764785055838e-05,2.0771762768360046e-07,4.4235112371246274e-07,1.578872913760107e-08,0.0004254264504515,1.5172697584226311e-05,0.0002545199266369,1.81712272274126e-06,lp_rnd,0.01,0,LP-RND (beta=0.01)
45000,0.098,0.1162,1.0,68,271,5472,1.0501226859801416e-05,1.9044781958019734e-07,5.561452841290275e-07,1.6109040337682736e-08,0.0005412118338299,1.566276592463123e-05,0.0002543664592376,1.7436166598940872e-06,lp_rnd,0.01,0,LP-RND (beta=0.01)
46000,0.071,0.1152173913043478,1.0,68,271,5543,9.442416573530323e-06,1.7617243539030917e-07,3.336763961349686e-07,4.3382739188370564e-08,0.0003278456450636,4.26225587267276e-05,0.0002501020943955,1.7330034190194966e-06,lp_rnd,0.01,0,LP-RND (beta=0.01)
47000,0.061,0.114063829787234,1.0,68,271,5604,9.184947027622049e-06,1.8757018454686957e-07,5.210121880885648e-07,2.53654878968347e-08,0.0005171566035573,2.5205804554484928e-05,0.0002506029916576,1.7051371133334214e-06,lp_rnd,0.01,0,LP-RND (beta=0.01)
48000,0.034,0.1123958333333333,1.0,68,271,5638,9.711636066105498e-06,2.0664579830413162e-07,4.202991289382814e-07,1.3337076551047045e-08,0.0004220388247968,1.3379420231854282e-05,0.0002632386696477,1.650207536471271e-06,lp_rnd,0.01,0,LP-RND (beta=0.01)
49000,0.199,0.1141632653061224,1.0,68,271,5837,1.0679258786978206e-05,1.7419749644418533e-07,4.959024077541828e-07,2.16200323949651e-08,0.0005024213024423,2.1910353821424964e-05,0.0002492828907588,1.6379534891086675e-06,lp_rnd,0.01,0,LP-RND (beta=0.01)
50000,0.063,0.11314,1.0,68,271,5900,9.08462313765042e-06,1.5266194334903345e-07,4.200892759861687e-07,4.493916049863316e-08,0.00043080857839,4.599481301041648e-05,0.0002649939369657,1.6303652662372769e-06,lp_rnd,0.01,0,LP-RND (beta=0.01)
51000,0.065,0.1121960784313725,1.0,68,271,5965,8.366765835559747e-06,1.3889538044296425e-07,4.339782767951524e-07,3.85918993778831e-08,0.0004487142576439,3.9893343898730814e-05,0.0002353090723927,1.583172536783195e-06,lp_rnd,0.01,0,LP-RND (beta=0.01)
52000,0.07,0.1113846153846153,1.0,68,271,6035,8.068325489927831e-06,1.41458331526831e-07,3.011133555576505e-07,1.5984918499489682e-08,0.0003143409270085,1.668070510011784e-05,0.0002628791549514,1.5235478841759687e-06,lp_rnd,0.01,0,LP-RND (beta=0.01)
53000,0.071,0.1106226415094339,1.0,68,271,6106,8.332344433755948e-06,1.4610405730032693e-07,2.182607883222657e-07,5.15914933785712e-08,0.0002301691176043,5.440454740732657e-05,0.0002491973509072,1.5114269411071745e-06,lp_rnd,0.01,0,LP-RND (beta=0.01)
54000,0.068,0.1098333333333333,1.0,68,271,6174,8.06284586307062e-06,1.368504768199979e-07,6.386202491793323e-07,1.4614045108053262e-08,0.0006793504745921,1.5534828391586573e-05,0.0002579280270238,1.4667582074423534e-06,lp_rnd,0.01,0,LP-RND (beta=0.01)
55000,0.064,0.109,1.0,68,271,6238,7.155754236265466e-06,1.3598983848977352e-07,4.21661990657185e-07,1.845660665895529e-08,0.0004524831331419,1.981157229249705e-05,0.0002205610172886,1.4268024662555944e-06,lp_rnd,0.01,0,LP-RND (beta=0.01)
56000,0.064,0.1081964285714285,1.0,68,271,6302,7.411804997303761e-06,1.3056887502438005e-07,3.79190748134306e-07,1.4313869352857871e-08,0.0004107740643827,1.5513410418592932e-05,0.0002040676878239,1.4053383412147014e-06,lp_rnd,0.01,0,LP-RND (beta=0.01)
57000,0.045,0.1070877192982456,1.0,68,271,6347,7.749181385305645e-06,1.5362793441947258e-07,4.12306068634886e-07,5.0699921160019885e-08,0.00045056657521,5.53679164940529e-05,0.0002534753252784,1.392601885726208e-06,lp_rnd,0.01,0,LP-RND (beta=0.01)
58000,0.052,0.1061379310344827,1.0,68,271,6399,7.041384098836436e-06,1.263472482530889e-07,2.6534828870913213e-07,2.348623928250252e-08,0.0002922585241673,2.587781405257126e-05,0.0002555745582276,1.2863324342049508e-06,lp_rnd,0.01,0,LP-RND (beta=0.01)
59000,0.056,0.1052881355932203,1.0,68,271,6455,7.487543257411744e-06,1.5222407859274838e-07,2.722789978244172e-07,3.2528078772892766e-08,0.0003025385178902,3.615694476375896e-05,0.0002061011470143,1.2345263296822396e-06,lp_rnd,0.01,0,LP-RND (beta=0.01)
60000,0.06,0.1045333333333333,1.0,68,271,6515,7.468591036285943e-06,1.3803186799323229e-07,3.162874728938429e-07,9.049433690343429e-09,0.0003545199876701,1.0147757230547732e-05,0.0002521187918596,1.1896017996093632e-06,lp_rnd,0.01,0,LP-RND (beta=0.01)
61000,0.074,0.1040327868852459,1.0,68,271,6589,7.061739054463672e-06,1.1030689489923225e-07,2.646597258225901e-07,3.212991303683345e-08,0.0002991170539225,3.629227700500063e-05,0.0002428993125577,1.114203870457686e-06,lp_rnd,0.01,0,LP-RND (beta=0.01)
62000,0.215,0.1058225806451612,1.0,68,271,6804,1.010349546113291e-05,1.330420045553565e-07,3.596585344873114e-07,6.018553242476662e-09,0.0004092839316769,6.856295081673834e-06,0.0002599962913354,1.1324926656897105e-06,lp_rnd,0.01,0,LP-RND (beta=0.01)
63000,0.047,0.1048888888888888,1.0,68,271,6851,9.352174658410962e-06,2.6581896323877004e-07,3.797145701413528e-07,1.0921050836662834e-08,0.0004358981775156,1.253363043327853e-05,0.0002196108367697,1.0635669748069176e-06,lp_rnd,0.01,0,LP-RND (beta=0.01)
64000,0.043,0.103921875,1.0,68,271,6894,5.835255367771403e-06,3.063142268968117e-07,3.8802617445769516e-07,4.85358904322521e-08,0.0004488983023108,5.622220897702562e-05,0.0002258532019827,1.0351802202990256e-06,lp_rnd,0.01,0,LP-RND (beta=0.01)
65000,0.015,0.1025538461538461,1.0,68,271,6909,5.492763087507532e-06,1.3459146704801085e-07,1.9791700651694556e-07,9.623731857671254e-09,0.0002312421310034,1.123005156526876e-05,0.0002483166067377,9.809127926558858e-07,lp_rnd,0.01,0,LP-RND (beta=0.01)
66000,0.013,0.1011969696969697,1.0,68,271,6922,7.495523067728544e-06,9.364811889549567e-08,2.553448701711694e-07,8.959725271062094e-09,0.0003000469967852,1.0526292490437864e-05,0.0002640939073685,9.40071368532358e-07,lp_rnd,0.01,0,LP-RND (beta=0.01)
67000,0.007,0.0997910447761194,1.0,68,271,6929,4.754577893046579e-06,1.1535579979030755e-07,3.238513792374371e-07,3.4768036184212954e-09,0.0003830509883701,4.117041637329527e-06,0.0002826652634812,9.180813269153986e-07,lp_rnd,0.01,0,LP-RND (beta=0.01)
68000,0.019,0.0986029411764705,1.0,68,271,6948,7.917940078378275e-06,1.7328111518234335e-07,3.1896079714275213e-07,1.7606913400121257e-08,0.0003806882627748,2.1010785516068963e-05,0.0002622438063694,8.746612740111459e-07,lp_rnd,0.01,0,LP-RND (beta=0.01)
69000,0.01,0.0973188405797101,1.0,68,271,6958,7.705656662437832e-06,2.1286778600455425e-07,2.4980081434478054e-07,1.928022586477108e-08,0.000300356826503,2.3157440353799325e-05,0.0002816668427121,8.287610712898186e-07,lp_rnd,0.01,0,LP-RND (beta=0.01)
70000,0.016,0.0961571428571428,1.0,68,271,6974,7.782194046512814e-06,1.7416917939680907e-07,2.0961431346222525e-07,1.220418444532472e-08,0.0002539307511369,1.4753703030695809e-05,0.0002921254339971,8.183793454321631e-07,lp_rnd,0.01,0,LP-RND (beta=0.01)
71000,0.048,0.0954788732394366,1.0,68,271,7022,6.208696746057285e-06,1.0292925172314557e-07,3.01060192479478e-07,3.6436290903208724e-08,0.000366748201617,4.437355098781498e-05,0.0002689157641175,7.935316732741171e-07,lp_rnd,0.01,0,LP-RND (beta=0.01)
72000,0.02,0.0944305555555555,1.0,68,271,7042,6.929425472890216e-06,2.178996682100869e-07,3.245536333906785e-07,9.685442152423158e-08,0.0003981927948431,0.0001188685147242,0.0002723168679735,7.58627247506638e-07,lp_rnd,0.01,0,LP-RND (beta=0.01)
73000,0.057,0.093917808219178,1.0,68,271,7099,9.326333192324168e-06,1.1320102028278727e-07,7.293941076855654e-07,2.6009348534702382e-08,0.0009013035724803,3.2114121227055505e-05,0.000271977550688,7.172678052995707e-07,lp_rnd,0.01,0,LP-RND (beta=0.01)
74000,0.171,0.0949594594594594,1.0,68,271,7270,8.77794758181201e-06,2.0210678338358078e-07,5.13729763000098e-07,8.672117490809012e-09,0.0006392477559323,1.0773242056243693e-05,0.0002641131691325,7.080882303753811e-07,lp_rnd,0.01,0,LP-RND (beta=0.01)
75000,0.072,0.0946533333333333,1.0,68,271,7342,5.71702198233955e-06,8.064314908571596e-08,6.67426806760179e-07,9.6255688094456e-10,0.0008355805419732,1.204674616824019e-06,0.0002315616955161,7.177080077269693e-07,lp_rnd,0.01,0,LP-RND (beta=0.01)
76000,0.045,0.094,1.0,68,271,7387,6.12286728735651e-06,8.150531653434153e-08,3.242580735079375e-07,1.9400549191804733e-08,0.0004084642378764,2.4438347539873056e-05,0.0002609351314131,7.082889164635731e-07,lp_rnd,0.01,0,LP-RND (beta=0.01)
77000,0.022,0.093064935064935,1.0,68,271,7409,5.27704492014891e-06,6.851996829322397e-08,4.10530653673711e-07,1.3109545332952746e-09,0.0005201847277434,1.663778415460665e-06,0.000234218439702,6.824921116574956e-07,lp_rnd,0.01,0,LP-RND (beta=0.01)
78000,0.029,0.0922435897435897,1.0,68,271,7438,6.9978352242068124e-06,6.233668250360485e-08,2.713158335546754e-07,5.955099572177359e-09,0.0003464913714694,7.60042868064897e-06,0.0002703708848416,6.701647677118672e-07,lp_rnd,0.01,0,LP-RND (beta=0.01)
79000,0.074,0.0920126582278481,1.0,68,271,7512,5.518863528433596e-06,8.009683777571368e-08,2.152216801413168e-07,8.670368785785726e-09,0.0002763539862295,1.1132240806075204e-05,0.0002689370442376,6.60302129311674e-07,lp_rnd,0.01,0,LP-RND (beta=0.01)
80000,0.034,0.0912875,1.0,68,271,7546,5.347949060224517e-06,8.31295958869752e-08,3.614431053018266e-07,1.3146787215343631e-09,0.0004674627791162,1.6987142510571225e-06,0.0002814511844712,6.418456312218268e-07,lp_rnd,0.01,0,LP-RND (beta=0.01)
81000,0.038,0.0906296296296296,1.0,68,271,7584,8.982568003471228e-06,1.536832796610439e-07,5.749512387123296e-07,1.6447419843727636e-08,0.0007472132720237,2.138825757071847e-05,0.0002631121727981,6.256192293321306e-07,lp_rnd,0.01,0,LP-RND (beta=0.01)
82000,0.032,0.0899146341463414,1.0,68,271,7616,6.062236828086043e-06,1.346986119062765e-07,2.583860023719353e-07,6.652122647762482e-08,0.0003379493144525,8.709806789225776e-05,0.0002797313110045,6.089724820768083e-07,lp_rnd,0.01,0,LP-RND (beta=0.01)
83000,0.059,0.0895421686746987,1.0,68,271,7675,5.922440943507708e-06,1.1826964033085323e-07,1.894129427917937e-07,4.2947904880592106e-08,0.0002495097263094,5.654441945652206e-05,0.0002931794953997,5.86195880018181e-07,lp_rnd,0.01,0,LP-RND (beta=0.01)
84000,0.071,0.0893214285714285,1.0,68,271,7746,5.95192127035825e-06,6.921456297758104e-08,2.592698531860689e-07,2.6071771288946192e-08,0.0003431704221139,3.452109838753232e-05,0.000262193893133,5.789227523962381e-07,lp_rnd,0.01,0,LP-RND (beta=0.01)
85000,0.066,0.0890470588235294,1.0,68,271,7812,5.398330055565263e-06,7.577530308765838e-08,2.908172284536925e-07,4.892397902456142e-09,0.0003873464127477,6.514288932888857e-06,0.0002558100733992,5.719743103895781e-07,lp_rnd,0.01,0,LP-RND (beta=0.01)
86000,0.014,0.0881744186046511,1.0,68,271,7826,6.5220182900053e-06,1.3733336217166006e-07,1.9080383546159802e-07,1.4817340827378456e-08,0.0002556052917713,1.985462908044519e-05,0.0002645964176083,5.367535550746538e-07,lp_rnd,0.01,0,LP-RND (beta=0.01)
87000,0.008,0.0872528735632184,1.0,68,271,7834,4.1369577843397565e-06,9.120297357119669e-08,1.1514151765368297e-07,1.9974614134764214e-08,0.0001549728492894,2.6903787481323283e-05,0.0002078713968548,5.3240834365198e-07,lp_rnd,0.01,0,LP-RND (beta=0.01)
88000,0.271,0.0893409090909091,1.0,68,271,8105,9.973632570957832e-06,1.2336630054714776e-07,3.916093632430914e-07,8.237796564081449e-09,0.0005310828161905,1.1156076475677656e-05,0.0002397997066586,5.111924567060555e-07,lp_rnd,0.01,0,LP-RND (beta=0.01)
89000,0.047,0.0888651685393258,1.0,68,271,8152,4.699448627047302e-06,1.542901055457074e-07,2.411175384932381e-07,3.902183008385712e-08,0.0003286353253166,5.314809103916261e-05,0.0002439122396521,4.860827243362564e-07,lp_rnd,0.01,0,LP-RND (beta=0.01)
90000,0.02,0.0881,1.0,68,271,8172,7.471719834484248e-06,6.66701061505407e-08,2.426829496471328e-07,4.72632156903582e-09,0.0003324166838689,6.472672105201697e-06,0.0002998286897427,4.623788733404411e-07,lp_rnd,0.01,0,LP-RND (beta=0.01)
91000,0.009,0.0872307692307692,1.0,68,271,8181,4.917258113184491e-06,6.527501630324543e-08,1.3678962002611825e-07,1.4103167426807289e-08,0.0001880277861532,1.9435862087417613e-05,0.0003043864031865,4.525053209185614e-07,lp_rnd,0.01,0,LP-RND (beta=0.01)
92000,0.303,0.0895760869565217,1.0,68,271,8484,7.836056121761592e-06,6.94774005673072e-08,5.69413057794741e-07,1.3434595986934478e-08,0.0007887342379849,1.863107355164587e-05,0.0003316976294208,4.7303129582942925e-07,lp_rnd,0.01,0,LP-RND (beta=0.01)
93000,0.073,0.0893978494623655,1.0,68,271,8557,5.935225591538131e-06,6.043217482754492e-08,3.124906183922128e-07,8.602714109094951e-09,0.0004353301334663,1.198324918747925e-05,0.0002744094607719,4.6387655978819e-07,lp_rnd,0.01,0,LP-RND (beta=0.01)
94000,0.045,0.0889255319148936,1.0,68,271,8602,4.739180126812749e-06,9.656502359153817e-08,2.871478399255365e-07,3.5221762614122286e-08,0.0004022473160566,4.928998271349349e-05,0.0003060829861698,4.6857010627476826e-07,lp_rnd,0.01,0,LP-RND (beta=0.01)
95000,0.142,0.0894842105263157,1.0,68,271,8744,6.504527441009e-06,5.960895358769784e-08,5.02542130100626e-07,9.214363080367191e-09,0.0007068866470625,1.296957665314613e-05,0.0002826022393592,4.623002303674184e-07,lp_rnd,0.01,0,LP-RND (beta=0.01)
96000,0.073,0.0893125,1.0,68,271,8817,5.697831080110456e-06,6.058566656634141e-08,4.022753077375978e-07,1.0969316946084577e-08,0.0005693217192149,1.5521615686786103e-05,0.0002626160787899,4.592023033751503e-07,lp_rnd,0.01,0,LP-RND (beta=0.01)
97000,0.33,0.0917938144329896,1.0,68,271,9147,9.751683939446758e-06,6.892560500458286e-08,3.967954192128011e-07,1.974179865155052e-08,0.0005646023227545,2.807148491074221e-05,0.0003166297139287,4.898532793298216e-07,lp_rnd,0.01,0,LP-RND (beta=0.01)
98000,0.038,0.0912448979591836,1.0,68,271,9185,6.290536299203316e-06,6.309773874654494e-08,2.5172065414536565e-07,2.1923561141599503e-09,0.0003602022747511,3.1361460979334533e-06,0.0002929877857138,5.112048871680486e-07,lp_rnd,0.01,0,LP-RND (beta=0.01)
99000,0.05,0.0908282828282828,1.0,68,271,9235,5.532399804906163e-06,7.975352883928929e-08,3.3923188311746346e-07,5.2759644138913434e-09,0.0004875825852539,7.579515628949088e-06,0.0003015796375937,4.892341752977813e-07,lp_rnd,0.01,0,LP-RND (beta=0.01)
100000,0.778,0.0977,1.0,68,271,10013,7.924858562413164e-06,7.56960124691618e-08,4.108565431977971e-07,1.2633246624991832e-08,0.0005933111711283,1.823264311782141e-05,0.0003293189704806,5.402980007680469e-07,lp_rnd,0.01,0,LP-RND (beta=0.01)
1000,0.16,0.16,0.7352941176470589,50,171,310,0.0106378331896848,0.0090537758156036,0.0,0.0,0.0,0.0,0.0085786450654268,0.0089379688724875,lp_rnd,0.01,1,LP-RND (beta=0.01)
2000,0.126,0.143,0.8382352941176471,57,210,470,0.0012774541495933,0.0004248383922127,0.0090175166999595,0.0086038901845687,3.4081670432832087,2.485969420376327,0.0022554530073539,0.0005071362004091,lp_rnd,0.01,1,LP-RND (beta=0.01)
3000,0.153,0.1463333333333333,0.8823529411764706,60,223,636,0.000120900774431,5.7224122525137374e-05,3.208128225725613e-05,2.458894241853714e-05,0.007455154048431,0.0056860352704173,0.0001413976542498,5.491292259830516e-05,lp_rnd,0.01,1,LP-RND (beta=0.01)
4000,0.152,0.14775,0.8823529411764706,60,226,791,7.305884913110181e-05,1.9842152280682297e-05,1.466199618287072e-05,7.489159378015962e-06,0.0036857055295466,0.0018970075442157,9.202498274316896e-05,2.899442189846013e-05,lp_rnd,0.01,1,LP-RND (beta=0.01)
5000,0.083,0.1348,0.8823529411764706,60,231,879,5.401117775900604e-05,2.8869957633626712e-05,6.663713087706479e-06,5.901242369756182e-06,0.0018096309322046,0.0016196391467743,7.268159907653171e-05,1.938772587527637e-05,lp_rnd,0.01,1,LP-RND (beta=0.01)
6000,0.084,0.1263333333333333,0.9264705882352942,63,237,969,4.414902438535743e-05,1.7772783660696823e-05,3.891781727274758e-06,4.119080107374544e-06,0.0011364493261861,0.0012233101619753,6.228404178546043e-05,1.4845767183942372e-05,lp_rnd,0.01,1,LP-RND (beta=0.01)
7000,0.121,0.1255714285714285,0.9264705882352942,63,237,1090,3.8385094319155614e-05,1.0726972961807784e-05,2.561051392261986e-06,2.4932586298361783e-06,0.0008060972784308,0.0007859266698094,5.615181149096316e-05,1.1132394283322355e-05,lp_rnd,0.01,1,LP-RND (beta=0.01)
8000,0.135,0.12675,0.9264705882352942,63,238,1226,3.4304689749357445e-05,8.735307564822344e-06,2.269977031338149e-06,8.885864028738953e-07,0.0007630325735377,0.0002951640428745,5.062385534256464e-05,8.937259078265925e-06,lp_rnd,0.01,1,LP-RND (beta=0.01)
9000,0.233,0.1385555555555555,0.9852941176470588,67,255,1475,3.0945025025093735e-05,1.3239762186354192e-05,2.263561675112441e-06,1.092395029866867e-06,0.0008011171881954,0.0003856284360954,5.7379993468202886e-05,7.904248071099574e-06,lp_rnd,0.01,1,LP-RND (beta=0.01)
10000,0.082,0.1329,0.9852941176470588,67,255,1557,2.797248302291647e-05,4.244260111378954e-06,1.71185162643513e-06,5.054612438427595e-07,0.0006338191830162,0.0001869834446577,5.9650399906786336e-05,6.895372028338898e-06,lp_rnd,0.01,1,LP-RND (beta=0.01)
11000,0.179,0.1370909090909091,0.9852941176470588,67,255,1736,2.6499657718246533e-05,4.154881066158542e-06,1.216492611046961e-06,5.735384840293831e-07,0.0004689501651207,0.0002214122360506,5.19493732799674e-05,6.1088112950074e-06,lp_rnd,0.01,1,LP-RND (beta=0.01)
12000,0.18,0.1406666666666666,0.9852941176470588,67,255,1916,2.4390995546734e-05,3.085733755053697e-06,1.3239723405907474e-06,3.83074117641028e-07,0.0005367274681549,0.0001533894879393,4.8693081605051705e-05,5.47808690328111e-06,lp_rnd,0.01,1,LP-RND (beta=0.01)
13000,0.202,0.1453846153846154,0.9852941176470588,67,255,2118,2.4139637866712724e-05,1.3601852444010906e-06,1.2021391739835965e-06,1.5184133777002036e-07,0.000502216781527,6.362549616355087e-05,4.22106634669035e-05,5.045781716489728e-06,lp_rnd,0.01,1,LP-RND (beta=0.01)
14000,0.264,0.1538571428571428,0.9852941176470588,67,255,2382,2.2351248083285817e-05,1.0454199244638018e-06,9.72093341095553e-07,1.227885489324157e-07,0.0004209776001412,5.311732847712588e-05,4.321496485499665e-05,4.644152633318299e-06,lp_rnd,0.01,1,LP-RND (beta=0.01)
15000,0.269,0.1615333333333333,0.9852941176470588,67,256,2652,2.042316008619884e-05,1.8775838059204928e-06,8.381648124205373e-07,1.317171977859977e-07,0.0003740842158903,5.945954662822336e-05,4.217952860562946e-05,4.52843523021329e-06,lp_rnd,0.01,1,LP-RND (beta=0.01)
16000,0.351,0.173375,0.9852941176470588,67,256,3003,1.969784777903776e-05,6.742321866300778e-07,9.65996895582356e-07,9.352085958993869e-08,0.0004465441790308,4.319945424366191e-05,4.163742437322071e-05,4.3692277228046805e-06,lp_rnd,0.01,1,LP-RND (beta=0.01)
17000,0.238,0.1771764705882353,1.0,68,260,3245,1.887332739767901e-05,2.1816427139209207e-06,7.939238343123707e-07,1.1102722222498417e-07,0.0003768603894671,5.289448231766481e-05,3.869187090776904e-05,4.3056749925654005e-06,lp_rnd,0.01,1,LP-RND (beta=0.01)
18000,0.284,0.1831111111111111,1.0,68,262,3531,1.7831178516823624e-05,5.344587162021599e-06,8.000897554999207e-07,1.912099390553767e-07,0.0003915107028328,9.281133173749562e-05,3.98121920925405e-05,4.383395730883421e-06,lp_rnd,0.01,1,LP-RND (beta=0.01)
19000,0.325,0.190578947368421,1.0,68,262,3856,1.8136402304662623e-05,5.797369590781003e-07,7.818285303073936e-07,5.55298557582386e-08,0.0003927993288871,2.7820848075880855e-05,4.644637713590783e-05,4.240391568373525e-06,lp_rnd,0.01,1,LP-RND (beta=0.01)
20000,0.299,0.196,1.0,68,262,4155,1.7481642325977594e-05,7.833124074066488e-07,7.744028986406155e-07,1.155224250182963e-07,0.0003978371647231,5.944423338483578e-05,4.745650860786554e-05,4.158230779808037e-06,lp_rnd,0.01,1,LP-RND (beta=0.01)
21000,0.388,0.2051428571428571,1.0,68,262,4543,1.6934782127829804e-05,3.332772640637063e-07,7.601601336571867e-07,3.4997204657873746e-08,0.0003998964999772,1.8421827532783853e-05,5.2465176621808494e-05,4.1590840328353805e-06,lp_rnd,0.01,1,LP-RND (beta=0.01)
22000,0.441,0.2158636363636363,1.0,68,262,4984,1.6579331456966496e-05,1.9371975262048507e-06,6.53096614765186e-07,1.0038851588215301e-07,0.0003515822903944,5.4267746004727726e-05,5.8053804511473575e-05,4.115934319997905e-06,lp_rnd,0.01,1,LP-RND (beta=0.01)
23000,0.292,0.2191739130434782,1.0,68,262,5276,1.651529566036154e-05,4.981967857011056e-07,8.283195898438363e-07,4.169220430037255e-08,0.0004562608457037,2.288733711626965e-05,7.462688707346388e-05,4.125310427298245e-06,lp_rnd,0.01,1,LP-RND (beta=0.01)
24000,0.17,0.217125,1.0,68,262,5446,1.6030609164291117e-05,1.3153491620322114e-06,5.834325961854227e-07,1.162518558718389e-07,0.0003274547144368,6.531982634867139e-05,8.689625439092197e-05,3.9759476261451705e-06,lp_rnd,0.01,1,LP-RND (beta=0.01)
25000,0.2,0.21644,1.0,68,266,5649,1.633847912899e-05,3.64163431450848e-06,7.219645976874744e-07,2.3225848118535454e-07,0.0004142947678692,0.0001334596708255,0.0001121291722065,3.936836675848099e-06,lp_rnd,0.01,1,LP-RND (beta=0.01)
26000,0.091,0.2116153846153846,1.0,68,269,5743,1.548148437715289e-05,2.9263391748447585e-06,6.596270635542409e-07,3.784554824705262e-07,0.0003855883553343,0.000221721653272,0.0001547402664673,3.89684904052956e-06,lp_rnd,0.01,1,LP-RND (beta=0.01)
27000,0.13,0.2085925925925925,1.0,68,269,5873,1.4919506349122876e-05,1.231960788455952e-06,6.245761072092976e-07,1.4379693220166964e-07,0.0003709609279403,8.569773813089293e-05,0.0002046801980541,3.739057516781941e-06,lp_rnd,0.01,1,LP-RND (beta=0.01)
28000,0.108,0.205,1.0,68,270,5982,1.3668851305805287e-05,1.6455839730468445e-06,7.367780746655491e-07,1.822155182096972e-07,0.0004461984445783,0.0001104398229041,0.0001963597004669,3.66111010714576e-06,lp_rnd,0.01,1,LP-RND (beta=0.01)
29000,0.093,0.2011379310344827,1.0,68,270,6075,1.390084101145202e-05,1.086070954406091e-06,5.333963306310902e-07,1.3541773143773414e-07,0.0003281874675353,8.350740358190998e-05,0.0001921630731758,3.465400924369533e-06,lp_rnd,0.01,1,LP-RND (beta=0.01)
30000,0.053,0.1962,1.0,68,270,6128,1.266938391742066e-05,2.4830957439063823e-06,4.729989017985919e-07,4.457634994688952e-07,0.0002962019083496,0.0002797283307424,0.0002336529439799,3.3837024016065696e-06,lp_rnd,0.01,1,LP-RND (beta=0.01)
31000,0.075,0.1922903225806451,1.0,68,270,6203,1.3848988692188868e-05,6.078811087168351e-07,5.571337048119555e-07,7.79985815121428e-08,0.0003544996234381,4.971001512541752e-05,0.0002359212064984,3.290955559123177e-06,lp_rnd,0.01,1,LP-RND (beta=0.01)
32000,0.109,0.1896875,1.0,68,270,6312,1.353395833125057e-05,8.405694301632853e-07,6.46809502365922e-07,1.184042652297272e-07,0.0004189769790503,7.656364477250071e-05,0.0002462849182102,3.144382814639357e-06,lp_rnd,0.01,1,LP-RND (beta=0.01)
33000,0.04,0.1851515151515151,1.0,68,270,6352,1.2904422237625112e-05,6.045924825596553e-07,5.746223109781567e-07,4.364185476705511e-08,0.0003771080850715,2.867366010563971e-05,0.0003253750364347,3.0626869551042542e-06,lp_rnd,0.01,1,LP-RND (beta=0.01)
34000,0.025,0.1804411764705882,1.0,68,270,6377,1.306062960793497e-05,1.6280937190170054e-06,3.4978234907612205e-07,9.835079610481373e-08,0.0002327692655071,6.554530834896287e-05,0.0003202708463104,2.957909418341842e-06,lp_rnd,0.01,1,LP-RND (beta=0.01)
35000,0.036,0.1763142857142857,1.0,68,270,6413,1.3634098776391407e-05,1.5081326862934836e-06,3.2191501809898506e-07,1.1997112708897186e-07,0.0002174939423658,8.097460963780636e-05,0.0003993429427864,2.905636139530543e-06,lp_rnd,0.01,1,LP-RND (beta=0.01)
36000,0.066,0.17325,1.0,68,270,6479,1.1643227439476918e-05,1.028195142374057e-06,4.331835208921058e-07,8.429464288325864e-08,0.0002970412866071,5.7784139984672855e-05,0.0003971168303287,2.7844531870186986e-06,lp_rnd,0.01,1,LP-RND (beta=0.01)
37000,0.172,0.1732162162162162,1.0,68,270,6651,1.294843963911939e-05,1.360399676717549e-06,6.513022405014516e-07,1.510369764801498e-07,0.0004518243494262,0.0001050207326257,0.0004082654398844,2.700728946877007e-06,lp_rnd,0.01,1,LP-RND (beta=0.01)
38000,0.045,0.1698421052631579,1.0,68,270,6696,1.4067473633379754e-05,3.6332287159603436e-07,5.306346692021988e-07,6.111723888818033e-08,0.0003736142549243,4.302966469431433e-05,0.0003987328066687,2.6586268029404893e-06,lp_rnd,0.01,1,LP-RND (beta=0.01)
39000,0.021,0.166025641025641,1.0,68,270,6717,1.3167571372226424e-05,1.2951899672487296e-06,5.32555705354926e-07,2.57843709870712e-07,0.0003793515078025,0.0001841633167267,0.0003401612728812,2.5698284746340504e-06,lp_rnd,0.01,1,LP-RND (beta=0.01)
40000,0.05,0.163125,1.0,68,270,6767,1.1134220640087734e-05,1.3623496363230083e-06,6.423665399779565e-07,1.0830407374765184e-07,0.0004642927179925,7.795830682501246e-05,0.000345941060661,2.496114827749807e-06,lp_rnd,0.01,1,LP-RND (beta=0.01)
41000,0.062,0.1606585365853658,1.0,68,270,6829,1.253540948886028e-05,1.3374541740887418e-06,4.58361081391265e-07,7.967784523992187e-08,0.0003355991928198,5.83077802372169e-05,0.0003082559563645,2.44272382502686e-06,lp_rnd,0.01,1,LP-RND (beta=0.01)
42000,0.029,0.1575238095238095,1.0,68,270,6858,1.1617111073880144e-05,9.874802232678443e-07,6.590899076776435e-07,8.777952696789213e-08,0.0004875445170098,6.488903472603525e-05,0.000312249211378,2.363569213059691e-06,lp_rnd,0.01,1,LP-RND (beta=0.01)
43000,0.032,0.1546046511627907,1.0,68,270,6890,1.073976802956622e-05,4.346736981739523e-07,4.327590517050339e-07,3.062968078619979e-08,0.0003241553980641,2.290044565405146e-05,0.0002565554913689,2.331047575410139e-06,lp_rnd,0.01,1,LP-RND (beta=0.01)
44000,0.01,0.1513181818181818,1.0,68,270,6900,1.041180103129591e-05,1.4134423294781484e-06,5.920343937759753e-07,1.9725971129398173e-07,0.0004470395958538,0.0001491048119454,0.0002183006804225,2.2395729144477627e-06,lp_rnd,0.01,1,LP-RND (beta=0.01)
45000,0.063,0.1493555555555555,1.0,68,270,6963,1.2027760664158638e-05,4.399681223219128e-07,6.030263576244507e-07,6.612937167906477e-08,0.0004626190835794,5.064660630162173e-05,0.0001907174087973,2.201091926281151e-06,lp_rnd,0.01,1,LP-RND (beta=0.01)
46000,0.015,0.1464347826086956,1.0,68,270,6978,1.0665138643162208e-05,1.2505331731735362e-06,4.872000166263509e-07,3.120274558015351e-07,0.0003776656843701,0.0002416962101943,0.0001670089216459,2.1402665188361426e-06,lp_rnd,0.01,1,LP-RND (beta=0.01)
47000,0.02,0.1437446808510638,1.0,68,270,6998,1.1953054900004645e-05,3.199722649189683e-06,3.594577719923109e-07,3.1963548029320266e-07,0.0002812887434879,0.0002497790234124,0.0001878596531532,2.1592214745851378e-06,lp_rnd,0.01,1,LP-RND (beta=0.01)
48000,0.005,0.1408541666666666,1.0,68,271,7004,1.5884592085058102e-05,4.604364476931116e-06,5.66860762774013e-07,1.1595130066578592e-06,0.0004479936216139,0.0009158354639138,0.0001581104453507,2.1284045311631418e-06,lp_rnd,0.01,1,LP-RND (beta=0.01)
49000,0.025,0.1384897959183673,1.0,68,271,7029,9.73898801021278e-06,8.869692158569728e-07,4.295758117223159e-07,1.779078059791153e-07,0.0003425310639108,0.0001421399074886,0.0001906226656715,2.0709813508119625e-06,lp_rnd,0.01,1,LP-RND (beta=0.01)
50000,0.009,0.1359,1.0,68,271,7038,1.2585105095139524e-05,2.9438874981652808e-06,5.094529519232715e-07,5.497010446140933e-07,0.0004103799217905,0.0004441826551935,0.0001887306456328,2.015286810433281e-06,lp_rnd,0.01,1,LP-RND (beta=0.01)
51000,0.015,0.1335294117647058,1.0,68,271,7053,1.059940186678432e-05,2.1959281784060883e-06,2.989591545580576e-07,6.647546357579661e-07,0.0002432306882356,0.00054259255514,0.0001527392526422,2.0041509548605063e-06,lp_rnd,0.01,1,LP-RND (beta=0.01)
52000,0.014,0.1312307692307692,1.0,68,271,7067,1.3352949638699232e-05,3.5979542860365902e-06,6.124540894753798e-07,6.72812412495926e-07,0.0005033083926283,0.0005538591025966,0.0001578992409686,1.9923344266317143e-06,lp_rnd,0.01,1,LP-RND (beta=0.01)
53000,0.012,0.1289811320754717,1.0,68,271,7079,1.0744727319433878e-05,3.926730272712322e-06,4.446786382080366e-07,3.672215669469686e-07,0.0003684806950746,0.0003042990755134,0.0001414901609859,1.9432411615980527e-06,lp_rnd,0.01,1,LP-RND (beta=0.01)
54000,0.01,0.1267777777777777,1.0,68,271,7089,1.3029167439526643e-05,2.0787470951042697e-06,3.278479198343121e-07,4.091601225139938e-07,0.0002742746371942,0.0003425410700007,0.0001493931692534,1.8920094693157809e-06,lp_rnd,0.01,1,LP-RND (beta=0.01)
55000,0.017,0.1247818181818181,1.0,68,271,7106,1.462884986668702e-05,1.699385323244967e-06,3.124176895225366e-07,3.329536633632387e-07,0.00026437023024,0.0002812363516552,0.0001401048654697,1.8660020412539776e-06,lp_rnd,0.01,1,LP-RND (beta=0.01)
56000,0.13,0.124875,1.0,68,271,7236,1.4842699161258327e-05,2.5807412695244813e-06,5.685660793320634e-07,1.2844563424869065e-06,0.0004837150153892,0.0010973132612884,0.0001427163559676,1.8561025002554743e-06,lp_rnd,0.01,1,LP-RND (beta=0.01)
57000,0.061,0.1237543859649122,1.0,68,271,7297,1.2555135839886402e-05,1.85956549980943e-06,5.359170245355926e-07,1.5371350527865904e-07,0.0004614052424426,0.0001321751485868,0.0001644846395847,1.8233189990723984e-06,lp_rnd,0.01,1,LP-RND (beta=0.01)
58000,0.085,0.1230862068965517,1.0,68,271,7382,1.5398682695804918e-05,1.0067406330775708e-06,5.109826815896668e-07,1.6927565652336666e-07,0.0004432549480467,0.0001468967914556,0.0001162659501042,1.8140137403861443e-06,lp_rnd,0.01,1,LP-RND (beta=0.01)
59000,0.155,0.1236271186440678,1.0,68,271,7537,1.2196198701619118e-05,8.830075737885167e-07,3.657207813493216e-07,8.817638223524212e-08,0.0003199830796571,7.715340102663913e-05,0.0001491468654639,1.7744711884120078e-06,lp_rnd,0.01,1,LP-RND (beta=0.01)
60000,0.145,0.1239833333333333,1.0,68,271,7682,1.4096026612166716e-05,1.00062982753833e-06,6.066528118841735e-07,1.1222998968681473e-07,0.0005350907120275,9.906177032283836e-05,0.0001408095054684,1.7505275868927582e-06,lp_rnd,0.01,1,LP-RND (beta=0.01)
61000,0.061,0.1229508196721311,1.0,68,271,7743,1.260118884214326e-05,1.456709828669892e-06,4.164260078186253e-07,6.092863483178071e-08,0.0003701711398668,5.419874280748904e-05,0.0001482974819518,1.704686380492149e-06,lp_rnd,0.01,1,LP-RND (beta=0.01)
62000,0.056,0.1218709677419354,1.0,68,271,7799,1.326786985243546e-05,5.708482024707092e-07,7.788910595861256e-07,8.757485551049002e-08,0.0006980720295103,7.851077379433889e-05,0.0001549758001872,1.6676579022032457e-06,lp_rnd,0.01,1,LP-RND (beta=0.01)
63000,0.094,0.1214285714285714,1.0,68,271,7893,1.4528673502470756e-05,1.8746156689901007e-06,5.60281749014703e-07,2.8998844618707177e-07,0.0005058353281957,0.0002615960302342,0.0001472622668729,1.6485353397683863e-06,lp_rnd,0.01,1,LP-RND (beta=0.01)
64000,0.081,0.120796875,1.0,68,271,7974,1.1725719851699664e-05,8.987574657982141e-07,3.1352726777477973e-07,1.059321505552409e-07,0.0002852659816286,9.65539750345042e-05,0.0001475903012797,1.5873211297332543e-06,lp_rnd,0.01,1,LP-RND (beta=0.01)
65000,0.019,0.1192307692307692,1.0,68,271,7993,9.817013625778553e-06,1.8259017008609746e-07,4.4341119351692643e-07,5.709969423504512e-08,0.0004060339406557,5.239157322428321e-05,0.0001829813501813,1.499847773914098e-06,lp_rnd,0.01,1,LP-RND (beta=0.01)
66000,0.011,0.1175909090909091,1.0,68,271,8004,9.194611720886314e-06,3.663701411562808e-07,2.625030736618845e-07,3.3761397536977144e-08,0.0002423636025248,3.122617171330752e-05,0.0001730091856095,1.4522338831852722e-06,lp_rnd,0.01,1,LP-RND (beta=0.01)
67000,0.042,0.1164626865671641,1.0,68,271,8046,8.773472234766122e-06,2.0812350275468175e-07,4.4012296841953814e-07,2.3932984125243133e-08,0.0004097352159853,2.229461685567701e-05,0.0002087092677436,1.3575979542110873e-06,lp_rnd,0.01,1,LP-RND (beta=0.01)
68000,0.045,0.1154117647058823,1.0,68,271,8091,1.206853891441521e-05,4.237350199735134e-07,6.041301074017409e-07,2.1460430550948203e-08,0.000567079898263,2.013769660715412e-05,0.0001884411710525,1.2934806574094185e-06,lp_rnd,0.01,1,LP-RND (beta=0.01)
69000,0.035,0.1142463768115942,1.0,68,271,8126,8.960831395857635e-06,1.4441201693170553e-07,3.3949195962382615e-07,1.1441390017101e-08,0.0003207622820014,1.0812993622889929e-05,0.0001725135495066,1.2377686323645776e-06,lp_rnd,0.01,1,LP-RND (beta=0.01)
70000,0.043,0.1132285714285714,1.0,68,271,8169,8.200618425647453e-06,1.553245149264825e-07,2.302216311955965e-07,3.26024610898179e-08,0.0002192913159374,3.103382250931609e-05,0.0002162678511044,1.160786296054539e-06,lp_rnd,0.01,1,LP-RND (beta=0.01)
71000,0.044,0.1122535211267605,1.0,68,271,8213,8.13611532376771e-06,1.5267828769368686e-07,4.539789157123861e-07,3.468070347869519e-08,0.0004346578519152,3.327666762620127e-05,0.0002048665885763,1.0702177055463836e-06,lp_rnd,0.01,1,LP-RND (beta=0.01)
72000,0.079,0.1117916666666666,1.0,68,271,8292,8.353607052965885e-06,1.0042362374657195e-07,3.008656135592256e-07,2.3008984794910916e-08,0.00029041961586,2.220591244881646e-05,0.0002423895259955,9.315825279259116e-07,lp_rnd,0.01,1,LP-RND (beta=0.01)
73000,0.074,0.1112739726027397,1.0,68,271,8366,7.5871913592178514e-06,1.0984180468571032e-07,2.1084147069691305e-07,1.5876781623024503e-08,0.0002048634705758,1.5437909780914533e-05,0.0001772768565144,8.670341699001938e-07,lp_rnd,0.01,1,LP-RND (beta=0.01)
74000,0.068,0.1106891891891891,1.0,68,271,8434,7.485223387207311e-06,9.426016131293279e-08,4.163096137103018e-07,1.2789449110634408e-08,0.0004075660012342,1.251128550314191e-05,0.0002231268153109,8.324008171456399e-07,lp_rnd,0.01,1,LP-RND (beta=0.01)
75000,0.073,0.1101866666666666,1.0,68,271,8507,8.452883657685573e-06,8.408596092168756e-08,7.05059610232663e-07,1.4131984030796848e-08,0.0006945669505995,1.3922824879925704e-05,0.0002080326882146,7.646166872348203e-07,lp_rnd,0.01,1,LP-RND (beta=0.01)
76000,0.073,0.1096973684210526,1.0,68,271,8580,7.104844056911669e-06,8.45696238322007e-08,3.9071932879367473e-07,8.574646189776941e-09,0.0003873671272195,8.503079336538945e-06,0.0002432713690795,7.483062962023723e-07,lp_rnd,0.01,1,LP-RND (beta=0.01)
77000,0.074,0.1092337662337662,1.0,68,271,8654,7.591067745468879e-06,8.112939253830825e-08,3.420199686228738e-07,1.437033356721254e-08,0.0003413141811927,1.4343082655772897e-05,0.0001915215509235,7.079707468662377e-07,lp_rnd,0.01,1,LP-RND (beta=0.01)
78000,0.074,0.1087820512820512,1.0,68,271,8728,7.801434423060061e-06,8.043325375454136e-08,2.943705671773264e-07,3.975750299652815e-09,0.0002954583065964,3.992670051804363e-06,0.0002489126439177,6.84749085372971e-07,lp_rnd,0.01,1,LP-RND (beta=0.01)
79000,0.079,0.1084050632911392,1.0,68,271,8807,7.524455993548087e-06,7.615448042955218e-08,4.1964760177644986e-07,2.2591314960374192e-08,0.0004243332029725,2.283374702956708e-05,0.0002416701662078,6.725594427621218e-07,lp_rnd,0.01,1,LP-RND (beta=0.01)
80000,0.063,0.1078375,1.0,68,271,8870,6.957377770901538e-06,8.494225674883207e-08,1.43013858899986e-07,6.295348794377338e-09,0.0001453818310952,6.402441917147869e-06,0.0002682035546367,6.743215232347666e-07,lp_rnd,0.01,1,LP-RND (beta=0.01)
81000,0.074,0.1074197530864197,1.0,68,271,8944,6.486271961482605e-06,7.228130819774732e-08,4.276987940987032e-07,3.663550486255134e-09,0.0004376942594816,3.7497901415122938e-06,0.0002307731307676,6.347414689358288e-07,lp_rnd,0.01,1,LP-RND (beta=0.01)
82000,0.026,0.1064268292682926,1.0,68,271,8970,7.141890784203917e-06,8.576570907725199e-08,2.449812654958805e-07,1.4832039147864266e-08,0.0002519159720196,1.5273314821661187e-05,0.0003130630938235,6.427998325975181e-07,lp_rnd,0.01,1,LP-RND (beta=0.01)
83000,0.072,0.106012048192771,1.0,68,271,9042,6.622283131542241e-06,7.319496193055878e-08,3.064140167276087e-07,7.354680186705456e-09,0.0003173322440798,7.617814217462222e-06,0.0002240951645133,6.019578602192155e-07,lp_rnd,0.01,1,LP-RND (beta=0.01)
84000,0.07,0.1055833333333333,1.0,68,271,9112,6.658571539576639e-06,7.452622342812079e-08,3.876661399512419e-07,1.5724707301620018e-08,0.000403930439213,1.6386552381330965e-05,0.000251299324496,6.107771177497056e-07,lp_rnd,0.01,1,LP-RND (beta=0.01)
85000,0.061,0.1050588235294117,1.0,68,271,9173,6.248927644771699e-06,7.41909933436193e-08,2.0936369362404598e-07,9.536115830723988e-09,0.0002195647908608,9.99106137424322e-06,0.000229515378129,6.182134762227065e-07,lp_rnd,0.01,1,LP-RND (beta=0.01)
86000,0.074,0.1046976744186046,1.0,68,271,9247,6.597129852805763e-06,8.572080722424373e-08,3.2053998057636893e-07,6.471727760364665e-09,0.0003381134920183,6.82360404339746e-06,0.0002239232815096,6.183427273569464e-07,lp_rnd,0.01,1,LP-RND (beta=0.01)
87000,0.08,0.1044137931034482,1.0,68,271,9327,7.450641467698915e-06,7.053605609935009e-08,3.7013026599197474e-07,1.254905727158782e-08,0.0003925335888947,1.3307575547257446e-05,0.0002322076473151,5.7658868932009e-07,lp_rnd,0.01,1,LP-RND (beta=0.01)
88000,0.055,0.1038522727272727,1.0,68,271,9382,6.3013329426294975e-06,9.96163718333738e-08,2.220681877092416e-07,5.689999960442571e-09,0.0002368891962973,6.068810543989345e-06,0.0002489296639889,5.700153382122153e-07,lp_rnd,0.01,1,LP-RND (beta=0.01)
89000,0.265,0.1056629213483146,1.0,68,271,9647,9.368051177313285e-06,8.74814927968936e-08,2.508514694883796e-07,3.3040322163787387e-09,0.0002692406323575,3.541461185565758e-06,0.0002643415181955,5.811090539822316e-07,lp_rnd,0.01,1,LP-RND (beta=0.01)
90000,0.063,0.1051888888888888,1.0,68,271,9710,6.577262504992726e-06,8.883528259597482e-08,1.934604406126291e-07,2.1787754448943692e-08,0.0002086014168349,2.350014344679296e-05,0.0002209965194847,6.041394861497906e-07,lp_rnd,0.01,1,LP-RND (beta=0.01)
91000,0.169,0.1058901098901098,1.0,68,271,9879,9.03700387581555e-06,9.013756052560197e-08,5.018682996388532e-07,1.2787890971842363e-08,0.0005444060150427,1.386333808608313e-05,0.0001939322338516,6.149013036633732e-07,lp_rnd,0.01,1,LP-RND (beta=0.01)
92000,0.068,0.1054782608695652,1.0,68,271,9947,6.915000493363015e-06,1.0150586368960203e-07,3.568502205887532e-07,1.2346894394823094e-08,0.0003892054860464,1.3461783887006974e-05,0.0001897718758216,6.038905936947003e-07,lp_rnd,0.01,1,LP-RND (beta=0.01)
93000,0.065,0.1050430107526881,1.0,68,271,10012,6.42494544361118e-06,7.819241887319857e-08,2.0113221020997465e-07,1.4988184921109414e-08,0.0002203727666423,1.6427436988921584e-05,0.000205267414224,6.009096155210614e-07,lp_rnd,0.01,1,LP-RND (beta=0.01)
94000,0.074,0.1047127659574468,1.0,68,271,10086,6.409181771011169e-06,7.279703346681297e-08,1.9318817546288325e-07,2.030176040526406e-08,0.0002129796896264,2.237122753572101e-05,0.0002154557660921,6.195199284420028e-07,lp_rnd,0.01,1,LP-RND (beta=0.01)
95000,0.065,0.1042947368421052,1.0,68,271,10151,7.594213320771814e-06,8.49295498109378e-08,3.6524288938940477e-07,2.8691268991291692e-08,0.000404635546186,3.179134108299143e-05,0.0002128269149366,6.329561800910711e-07,lp_rnd,0.01,1,LP-RND (beta=0.01)
96000,0.221,0.1055104166666666,1.0,68,271,10372,9.686747391728147e-06,8.035990918882197e-08,4.984516135870076e-07,3.595583356712184e-08,0.0005546240368943,4.004366521583506e-05,0.0002299278441964,6.287279942753799e-07,lp_rnd,0.01,1,LP-RND (beta=0.01)
97000,0.022,0.1046494845360824,1.0,68,271,10394,6.982398758736963e-06,8.647809917195915e-08,4.323474885578352e-07,3.7433732750685885e-08,0.0004842539478482,4.189886439294733e-05,0.0001847310572604,6.420320240181354e-07,lp_rnd,0.01,1,LP-RND (beta=0.01)
98000,0.076,0.1043571428571428,1.0,68,271,10470,6.566759195361795e-06,7.571780135832905e-08,2.281585903131743e-07,7.7422914121194e-09,0.0002566756253279,8.709485831301554e-06,0.0001402728859599,6.539652601915691e-07,lp_rnd,0.01,1,LP-RND (beta=0.01)
99000,0.069,0.104,1.0,68,271,10539,6.586545182010699e-06,8.074968257820617e-08,3.180984246379619e-07,6.114813876393674e-09,0.0003597381900183,6.914880298110489e-06,0.0001777531043668,6.437671423711322e-07,lp_rnd,0.01,1,LP-RND (beta=0.01)
100000,0.096,0.10392,1.0,68,271,10635,6.6675326924799565e-06,7.46304772081558e-08,2.9904079449731097e-07,2.0860767154982244e-09,0.000339694558265,2.3703232986953734e-06,0.0001920409652624,6.452003739951806e-07,lp_rnd,0.01,1,LP-RND (beta=0.01)
1000,0.135,0.135,0.7352941176470589,50,169,281,0.0077525682367936,0.0074542634689782,0.0,0.0,0.0,0.0,0.0014521640259772,0.0074830818921327,lp_rnd,0.01,2,LP-RND (beta=0.01)
2000,0.112,0.1235,0.7794117647058824,53,198,421,0.0009094044239645,0.0003694902534129,0.0067395132542255,0.0069754657048211,2.5461553338809333,2.6429360798628414,0.0002503444968315,0.0004072034489108,lp_rnd,0.01,2,LP-RND (beta=0.01)
3000,0.099,0.1153333333333333,0.7794117647058824,53,208,530,0.0001162695863802,5.637419707586918e-05,4.324091879434583e-05,2.0277097210903135e-05,0.0126467142644569,0.0058546950667729,0.0004251617070694,4.351234743990062e-05,lp_rnd,0.01,2,LP-RND (beta=0.01)
4000,0.163,0.12725,0.8088235294117647,55,216,701,7.639839873682033e-05,2.4354849927768902e-05,1.6163075026738932e-05,7.197480168861202e-06,0.0051033854829157,0.0022794807775338,0.000149924329813,2.421252760632342e-05,lp_rnd,0.01,2,LP-RND (beta=0.01)
5000,0.068,0.1154,0.8088235294117647,55,219,772,5.3040040203246894e-05,1.5948340422252152e-05,5.840342590304585e-06,4.519111472886873e-06,0.0019885540999995,0.0015610552634048,8.472004310533521e-05,1.6227806318056535e-05,lp_rnd,0.01,2,LP-RND (beta=0.01)
6000,0.178,0.1258333333333333,0.8088235294117647,55,219,950,4.1109945168806986e-05,5.105011899980032e-06,4.3575228936675925e-06,9.542550633150446e-07,0.0016191357534721,0.000351821503167,7.868030365352752e-05,1.1561556182186905e-05,lp_rnd,0.01,2,LP-RND (beta=0.01)
7000,0.072,0.1181428571428571,0.8823529411764706,60,232,1035,3.326224282318435e-05,9.961297388176247e-06,2.842022872250204e-06,1.283371881655171e-06,0.0011198012115104,0.0005083603622837,6.623564125948179e-05,8.727567742880638e-06,lp_rnd,0.01,2,LP-RND (beta=0.01)
8000,0.132,0.119875,0.8970588235294118,61,236,1171,2.948339573721927e-05,5.962987058965961e-06,2.3001911441414533e-06,7.610896861273608e-07,0.0009663416533983,0.0003178308529284,6.3214536770829e-05,7.251203045143484e-06,lp_rnd,0.01,2,LP-RND (beta=0.01)
9000,0.091,0.1166666666666666,0.8970588235294118,61,236,1262,2.8079267584681663e-05,5.44846433413666e-06,1.855247509221234e-06,8.904716101766524e-07,0.0008225871320103,0.0003908449727534,7.904174629038607e-05,6.045010427442321e-06,lp_rnd,0.01,2,LP-RND (beta=0.01)
10000,0.103,0.1153,0.9558823529411764,65,251,1377,2.729869635728497e-05,8.018405841377052e-06,1.4720587908246248e-06,7.018541891495662e-07,0.0006843592619298,0.0003249223085749,6.867961227726483e-05,5.438014174615091e-06,lp_rnd,0.01,2,LP-RND (beta=0.01)
11000,0.116,0.1153636363636363,0.9558823529411764,65,251,1493,2.6536480602552385e-05,3.3816810731175995e-06,1.1917538107934826e-06,4.8585739308292e-07,0.0005760681666389,0.0002358753969645,6.794649440780631e-05,4.866282273496836e-06,lp_rnd,0.01,2,LP-RND (beta=0.01)
12000,0.213,0.1235,0.9705882352941176,66,255,1710,2.507092186776941e-05,6.478330265659948e-06,1.4786198757782343e-06,4.5769030383881313e-07,0.0007455665340777,0.0002278568429158,7.081632432709739e-05,4.663935683765885e-06,lp_rnd,0.01,2,LP-RND (beta=0.01)
13000,0.135,0.1243846153846153,0.9705882352941176,66,255,1845,2.172408357081521e-05,2.781640760617203e-06,1.367772354030792e-06,2.96853843602388e-07,0.0007215651314059,0.0001546882422243,7.852297407225706e-05,4.320433080692964e-06,lp_rnd,0.01,2,LP-RND (beta=0.01)
14000,0.302,0.1370714285714285,0.9705882352941176,66,255,2147,2.216011393138374e-05,1.3968440069468436e-06,1.2160081640959469e-06,1.353486800688606e-07,0.0006606542846613,7.329909665220694e-05,8.407670911037712e-05,4.111133670221534e-06,lp_rnd,0.01,2,LP-RND (beta=0.01)
15000,0.292,0.1474,0.9705882352941176,66,255,2439,2.194474775198415e-05,1.925747629960687e-06,1.24045527315988e-06,2.964136937808075e-07,0.0006939509179067,0.0001666967281316,7.962720106479538e-05,4.084282092094327e-06,lp_rnd,0.01,2,LP-RND (beta=0.01)
16000,0.212,0.1514375,0.9852941176470588,67,266,2661,1.998024552938419e-05,9.148735220661e-06,8.223828444897663e-07,5.356542396103568e-07,0.0004744152809355,0.0003098749848971,0.0001101477420452,4.185121108434942e-06,lp_rnd,0.01,2,LP-RND (beta=0.01)
17000,0.244,0.1568823529411764,0.9852941176470588,67,266,2905,1.9751393482856955e-05,1.4075666836626703e-06,8.408015919932771e-07,9.74615315671284e-08,0.0005008137040117,5.779484184389705e-05,0.0001477529152743,4.083337124257013e-06,lp_rnd,0.01,2,LP-RND (beta=0.01)
18000,0.186,0.1585,0.9852941176470588,67,266,3091,1.8449129515585067e-05,4.699630976140197e-07,8.156549161104786e-07,4.458190354803287e-08,0.0004977084215288,2.7267104221943496e-05,0.0001505089031597,3.868744843657623e-06,lp_rnd,0.01,2,LP-RND (beta=0.01)
19000,0.153,0.1582105263157894,0.9852941176470588,67,266,3244,1.8731716123761095e-05,1.7125776971619504e-06,6.93852378544702e-07,1.397019783507697e-07,0.000435564996557,8.794138236540592e-05,0.0001933637060137,3.695821795076881e-06,lp_rnd,0.01,2,LP-RND (beta=0.01)
20000,0.187,0.15965,1.0,68,268,3433,1.783967607791279e-05,2.928925212219294e-06,5.429979806493863e-07,1.7976927064080668e-07,0.0003488146854092,0.0001145766126845,0.0002187656268488,3.645108274781705e-06,lp_rnd,0.01,2,LP-RND (beta=0.01)
21000,0.199,0.1615238095238095,1.0,68,268,3632,1.7491940817861214e-05,8.068033538888477e-07,6.203152581256107e-07,1.0388479272543725e-07,0.0004072922992145,6.8339512128505e-05,0.0002220898751074,3.553434830905644e-06,lp_rnd,0.01,2,LP-RND (beta=0.01)
22000,0.056,0.1567272727272727,1.0,68,268,3688,1.609829209720764e-05,2.9602773079469128e-06,5.08160878455653e-07,3.234055755776437e-07,0.0003414394396885,0.0002178758556149,0.0002436293502541,3.4582904401077032e-06,lp_rnd,0.01,2,LP-RND (beta=0.01)
23000,0.033,0.1513478260869565,1.0,68,269,3722,1.576376345121499e-05,3.959188084346507e-06,4.986834414232748e-07,5.27780813588059e-07,0.0003428749995051,0.0003639540056399,0.0002859283089674,3.288472413828458e-06,lp_rnd,0.01,2,LP-RND (beta=0.01)
24000,0.039,0.1466666666666666,1.0,68,271,3763,1.667193164860528e-05,4.395579840017857e-06,9.231195387352878e-07,7.031922691706756e-07,0.0006465391332841,0.0004950358668763,0.0003292034488658,3.2297112094283874e-06,lp_rnd,0.01,2,LP-RND (beta=0.01)
25000,0.029,0.14196,1.0,68,271,3792,1.6169910787570628e-05,1.7698046748705798e-06,1.0576511691585343e-06,1.782615263009102e-07,0.0007569465533679,0.0001276980882788,0.0003234714549907,3.05888892251005e-06,lp_rnd,0.01,2,LP-RND (beta=0.01)
26000,0.034,0.1378076923076923,1.0,68,271,3826,1.4545698832080234e-05,2.1983856259945143e-06,3.8091861022300746e-07,2.239413855035051e-07,0.0002787160722687,0.0001636797821502,0.0002998633352035,2.9638841048154065e-06,lp_rnd,0.01,2,LP-RND (beta=0.01)
27000,0.029,0.1337777777777777,1.0,68,271,3855,1.415103240325497e-05,2.0171551480796434e-06,7.810819530779303e-07,3.17850340415079e-07,0.0005812090741243,0.0002372333054602,0.000251972165719,2.801944189855021e-06,lp_rnd,0.01,2,LP-RND (beta=0.01)
28000,0.038,0.1303571428571428,1.0,68,271,3893,1.53530022185135e-05,1.9499404137402315e-06,8.295318677578746e-07,2.287182375745353e-07,0.0006290860183708,0.0001736002561764,0.0002297424291064,2.692015160050687e-06,lp_rnd,0.01,2,LP-RND (beta=0.01)
29000,0.029,0.1268620689655172,1.0,68,271,3922,1.3249875846981766e-05,1.0550384123893072e-06,3.840249174290562e-07,1.017929150075164e-07,0.000297075973867,7.840110801607742e-05,0.000191203430948,2.609065983904202e-06,lp_rnd,0.01,2,LP-RND (beta=0.01)
30000,0.071,0.125,1.0,68,271,3993,1.5920361836603188e-05,1.0993485391733432e-06,4.717104902866454e-07,1.3312381641053513e-07,0.0003695684815119,0.0001046014969583,0.0001731781841608,2.4782774040659206e-06,lp_rnd,0.01,2,LP-RND (beta=0.01)
31000,0.049,0.1225483870967742,1.0,68,271,4042,1.3186956800140882e-05,1.3364087120041169e-06,7.361494941246097e-07,1.3142820678806882e-07,0.000586601759017,0.0001044350213427,0.0001585819381016,2.363558457261661e-06,lp_rnd,0.01,2,LP-RND (beta=0.01)
32000,0.019,0.1193125,1.0,68,271,4061,1.2278542535090024e-05,6.110717409375243e-07,4.172843785598066e-07,8.964859146480567e-08,0.0003388665693464,7.252350043274319e-05,0.000154986098154,2.2994539683054427e-06,lp_rnd,0.01,2,LP-RND (beta=0.01)
33000,0.045,0.117060606060606,1.0,68,271,4106,1.218170915914622e-05,8.542567871763846e-07,5.262144542131055e-07,1.0213634309407837e-07,0.0004316407981784,8.403717407780506e-05,0.0001243871997967,2.186097322805836e-06,lp_rnd,0.01,2,LP-RND (beta=0.01)
34000,0.028,0.1144411764705882,1.0,68,271,4134,1.2902268313804856e-05,4.598750908456733e-07,3.657049936529282e-07,6.80027953545559e-08,0.0003044391566235,5.663397200222121e-05,0.000127128223271,2.135328065662634e-06,lp_rnd,0.01,2,LP-RND (beta=0.01)
35000,0.011,0.1114857142857142,1.0,68,271,4145,1.0848667360815767e-05,5.054369425463941e-07,8.057376445239325e-07,6.772766092523445e-08,0.0006812495666776,5.726466111073815e-05,0.0001417483884015,1.9967299647305483e-06,lp_rnd,0.01,2,LP-RND (beta=0.01)
36000,0.02,0.1089444444444444,1.0,68,271,4165,1.1766220632125624e-05,4.348961150204601e-07,7.349357247221633e-07,6.252236621218326e-08,0.0006288875713597,5.358157155003022e-05,0.0001363360529585,1.9525802507018853e-06,lp_rnd,0.01,2,LP-RND (beta=0.01)
37000,0.139,0.1097567567567567,1.0,68,271,4304,1.340350960660328e-05,2.528153893537057e-07,6.869742961668681e-07,2.575019294450553e-08,0.00059641282741,2.2353057306436564e-05,0.0001448187875284,1.904784727798869e-06,lp_rnd,0.01,2,LP-RND (beta=0.01)
38000,0.227,0.1128421052631579,1.0,68,271,4531,1.3672382321064736e-05,2.647487931663962e-07,4.338714886180562e-07,1.7076434879332646e-08,0.000381739015407,1.5022562743898971e-05,0.0001423280434464,1.910366397737562e-06,lp_rnd,0.01,2,LP-RND (beta=0.01)
39000,0.089,0.1122307692307692,1.0,68,271,4620,1.2620302339691376e-05,7.397892194328209e-07,6.464372316340712e-07,8.51597685931756e-08,0.0005750407849479,7.600777929664286e-05,0.0001519401399982,1.8880215513377151e-06,lp_rnd,0.01,2,LP-RND (beta=0.01)
40000,0.042,0.110475,1.0,68,271,4662,1.2149794981399151e-05,5.837427153966757e-07,3.959267663352269e-07,8.44192291668631e-08,0.0003565009709069,7.618323083372712e-05,0.0001663201310102,1.8620800690882788e-06,lp_rnd,0.01,2,LP-RND (beta=0.01)
41000,0.035,0.1086341463414634,1.0,68,271,4697,1.11891650184199e-05,1.1206209457749292e-06,3.9199502940131684e-07,8.054622452214699e-08,0.0003576132089638,7.351912055683508e-05,0.0001595959833962,1.8146952134259208e-06,lp_rnd,0.01,2,LP-RND (beta=0.01)
42000,0.04,0.107,1.0,68,271,4737,1.2125984756039544e-05,6.27205713069993e-07,4.285179443286325e-07,9.586856018669228e-08,0.000395960382156,8.84839351491815e-05,0.0001660962378282,1.7511483627288271e-06,lp_rnd,0.01,2,LP-RND (beta=0.01)
43000,0.061,0.1059302325581395,1.0,68,271,4798,1.2001940235006529e-05,1.079516520511165e-06,5.066920225470342e-07,1.340899650635565e-07,0.0004734937682341,0.000125461252304,0.0001811593433722,1.763085601481862e-06,lp_rnd,0.01,2,LP-RND (beta=0.01)
44000,0.074,0.1052045454545454,1.0,68,271,4872,1.3821761556116414e-05,1.1125119888398702e-06,5.592879350277489e-07,1.1031000133298898e-07,0.0005291535786069,0.0001044377720616,0.0001708952015583,1.7326832833077787e-06,lp_rnd,0.01,2,LP-RND (beta=0.01)
45000,0.056,0.1041111111111111,1.0,68,271,4928,1.4132721552024513e-05,9.063895838850672e-07,3.59461726670166e-07,4.5100012455309284e-08,0.0003438984231256,4.3147399630226025e-05,0.0002133471909596,1.687590721047627e-06,lp_rnd,0.01,2,LP-RND (beta=0.01)
46000,0.056,0.1030652173913043,1.0,68,271,4984,1.2680161237962498e-05,3.442115765223601e-07,5.654724109912682e-07,3.452421142942387e-08,0.0005475607783126,3.3353907284272936e-05,0.0002344151624056,1.6504526366816208e-06,lp_rnd,0.01,2,LP-RND (beta=0.01)
47000,0.022,0.1013404255319149,1.0,68,271,5006,8.891684604929072e-06,1.7088908547358709e-07,6.3505734198605e-07,3.831595763960244e-08,0.0006193355001017,3.746054927982271e-05,0.0002574541859958,1.6012467248174288e-06,lp_rnd,0.01,2,LP-RND (beta=0.01)
48000,0.079,0.100875,1.0,68,271,5085,9.419744458947334e-06,1.616607727481056e-07,4.777670129223674e-07,1.649678389308351e-08,0.0004712212308798,1.628631977374845e-05,0.0002276840086651,1.5602904023523933e-06,lp_rnd,0.01,2,LP-RND (beta=0.01)
49000,0.056,0.0999591836734693,1.0,68,271,5141,8.065062770258788e-06,1.5628634286535834e-07,3.892018664178717e-07,2.7809449552955236e-08,0.0003878798414365,2.772463893230698e-05,0.0002558388698071,1.573153409680117e-06,lp_rnd,0.01,2,LP-RND (beta=0.01)
50000,0.071,0.09938,1.0,68,271,5212,9.297924243967403e-06,1.5433711331791216e-07,3.831323898390418e-07,2.1580925688041762e-08,0.0003858739519484,2.1744422100102765e-05,0.0002762937702082,1.4969892212377543e-06,lp_rnd,0.01,2,LP-RND (beta=0.01)
51000,0.055,0.0985098039215686,1.0,68,271,5267,8.527096170754785e-06,1.375512066670186e-07,2.829708963955372e-07,2.376614316421948e-08,0.0002876755168029,2.415811692966193e-05,0.0003046963880842,1.4660622272231194e-06,lp_rnd,0.01,2,LP-RND (beta=0.01)
52000,0.073,0.0980192307692307,1.0,68,271,5340,7.68852697073682e-06,1.4051846544505957e-07,4.644575492669876e-07,3.138755418441848e-08,0.0004768897229635,3.222555233313874e-05,0.000310429724418,1.4591703780695298e-06,lp_rnd,0.01,2,LP-RND (beta=0.01)
53000,0.058,0.0972641509433962,1.0,68,271,5398,7.079789807464514e-06,1.3840135705854474e-07,3.708722284374807e-07,1.5833605690551274e-08,0.0003841155159399,1.6412013427983153e-05,0.0003308292168371,1.411020570145638e-06,lp_rnd,0.01,2,LP-RND (beta=0.01)
54000,0.081,0.0969629629629629,1.0,68,271,5479,8.73436986829027e-06,1.312362604766628e-07,4.7353949041819387e-07,4.482224732829439e-08,0.0004949349187471,4.68983105026657e-05,0.000314161651695,1.3761183478209204e-06,lp_rnd,0.01,2,LP-RND (beta=0.01)
55000,0.08,0.0966545454545454,1.0,68,271,5559,8.239874625814992e-06,1.2287867499168834e-07,2.418818326077599e-07,6.4412283275255114e-09,0.0002552486411258,6.7985454888296375e-06,0.0003033947215963,1.3308324327283572e-06,lp_rnd,0.01,2,LP-RND (beta=0.01)
56000,0.063,0.0960535714285714,1.0,68,271,5622,7.077826174801365e-06,1.1820440184779048e-07,3.9269986830601867e-07,5.130165781288667e-08,0.0004183350611903,5.464084346783901e-05,0.0003054519256265,1.313482025480539e-06,lp_rnd,0.01,2,LP-RND (beta=0.01)
57000,0.08,0.0957719298245614,1.0,68,271,5702,7.877583769300145e-06,1.2417281626119844e-07,2.7427678332969664e-07,2.4775150472229917e-08,0.0002947574749965,2.661642090491891e-05,0.0003311313031836,1.2972161830191453e-06,lp_rnd,0.01,2,LP-RND (beta=0.01)
58000,0.029,0.0946206896551724,1.0,68,271,5731,6.482920267005503e-06,1.3007868523844216e-07,2.263149530461243e-07,1.5779961916622346e-08,0.0002451094942019,1.7093323559835697e-05,0.0003414925222296,1.244658977839208e-06,lp_rnd,0.01,2,LP-RND (beta=0.01)
59000,0.064,0.0941016949152542,1.0,68,271,5795,7.034175709463852e-06,1.4315382480562678e-07,1.9142187923648637e-07,1.7467915364878273e-08,0.0002093278749173,1.909498069934975e-05,0.0003602227037354,1.193452959441288e-06,lp_rnd,0.01,2,LP-RND (beta=0.01)
60000,0.06,0.0935333333333333,1.0,68,271,5855,6.332930108025418e-06,1.23803545816983e-07,2.2795697229109162e-07,3.170131274273105e-09,0.0002516759598462,3.4932593797551585e-06,0.0003367432741206,1.17994620063655e-06,lp_rnd,0.01,2,LP-RND (beta=0.01)
61000,0.044,0.0927213114754098,1.0,68,271,5899,8.61430116959706e-06,1.3595078025869958e-07,3.0155513286445057e-07,1.004376272341676e-08,0.0003356202607781,1.1157143209708794e-05,0.0003277865323143,1.1098770961126546e-06,lp_rnd,0.01,2,LP-RND (beta=0.01)
62000,0.075,0.0924354838709677,1.0,68,271,5974,6.388189558492741e-06,1.0876357826624692e-07,2.545063762227073e-07,1.850479844119331e-08,0.0002853157479649,2.072997517178621e-05,0.0003245584959231,1.094535582865319e-06,lp_rnd,0.01,2,LP-RND (beta=0.01)
63000,0.067,0.092031746031746,1.0,68,271,6041,6.567132710296758e-06,1.1311560258192082e-07,5.181132279692215e-07,2.2375597208353262e-08,0.0005849183293169,2.5265605165577043e-05,0.0002960405757698,1.076059093819026e-06,lp_rnd,0.01,2,LP-RND (beta=0.01)
64000,0.032,0.09109375,1.0,68,271,6073,6.670851533385758e-06,1.0021408205386025e-07,2.882497511791371e-07,2.8334764481459238e-08,0.0003282423366153,3.225754727049188e-05,0.0003343838237287,9.779799052012096e-07,lp_rnd,0.01,2,LP-RND (beta=0.01)
65000,0.063,0.0906615384615384,1.0,68,271,6136,5.697560417112462e-06,9.48227980849625e-08,5.095508922316921e-07,2.0068528523322433e-08,0.0005841988746201,2.302008391468299e-05,0.0003054535588903,8.994485799860286e-07,lp_rnd,0.01,2,LP-RND (beta=0.01)
66000,0.034,0.0898030303030303,1.0,68,271,6170,5.6078442867146805e-06,9.300279571449713e-08,3.0980233050821184e-07,1.039461296425154e-08,0.0003578933056077,1.202137419342034e-05,0.0003312792664851,8.56685943134039e-07,lp_rnd,0.01,2,LP-RND (beta=0.01)
67000,0.023,0.0888059701492537,1.0,68,271,6193,6.340264907640116e-06,1.4012894768302454e-07,4.773920883725742e-07,4.116009515796986e-08,0.0005552296194299,4.791840161875769e-05,0.0002678582568469,7.728008975504963e-07,lp_rnd,0.01,2,LP-RND (beta=0.01)
68000,0.052,0.0882647058823529,1.0,68,271,6245,5.516525531080473e-06,1.0701562173692009e-07,1.507331498592416e-07,2.9435549225455383e-08,0.0001769736270182,3.451477933596485e-05,0.0003265005154007,7.087502031239979e-07,lp_rnd,0.01,2,LP-RND (beta=0.01)
69000,0.022,0.0873043478260869,1.0,68,271,6267,9.080252973283429e-06,9.472833043948897e-08,1.6698165630011569e-07,2.780852505323776e-08,0.0001972147613944,3.2854475252129284e-05,0.0002767637736878,6.643610166676695e-07,lp_rnd,0.01,2,LP-RND (beta=0.01)
70000,0.562,0.0940857142857142,1.0,68,271,6829,9.27227634659198e-06,1.1259000368655276e-07,3.3918671214065865e-07,8.037374224310909e-09,0.000403716532339,9.560935724677958e-06,0.0003422811565137,6.577222750010491e-07,lp_rnd,0.01,2,LP-RND (beta=0.01)
71000,0.018,0.0930140845070422,1.0,68,271,6847,5.679208129549807e-06,8.713599587969202e-08,2.539215226230833e-07,1.171247213450178e-08,0.0003043443814216,1.403367693071722e-05,0.0003070307693676,6.47255249823786e-07,lp_rnd,0.01,2,LP-RND (beta=0.01)
72000,0.042,0.0923055555555555,1.0,68,271,6889,4.2612039448743285e-06,7.540049924254513e-08,3.934112393315965e-07,9.825073616668158e-09,0.0004746003192003,1.184909142377023e-05,0.0003008438673518,6.108935699487006e-07,lp_rnd,0.01,2,LP-RND (beta=0.01)
73000,0.026,0.0913972602739726,1.0,68,271,6915,4.885945958659039e-06,8.329751122945893e-08,3.4486844504919225e-07,1.9490777568683125e-08,0.000418843181787,2.3679570381048272e-05,0.0003244855516654,6.087842586097736e-07,lp_rnd,0.01,2,LP-RND (beta=0.01)
74000,0.015,0.0903648648648648,1.0,68,271,6930,5.411243531246631e-06,1.3576174303647857e-07,3.526963761639005e-07,9.780497639076433e-09,0.0004316220922791,1.1972286062322987e-05,0.0003059904700876,5.861745396131824e-07,lp_rnd,0.01,2,LP-RND (beta=0.01)
75000,0.03,0.08956,1.0,68,271,6960,6.319797451700045e-06,9.225920958975052e-08,1.3135947938280878e-07,1.6226676407589216e-08,0.0001618506244861,1.996532918506533e-05,0.0003343655630833,5.746655902356678e-07,lp_rnd,0.01,2,LP-RND (beta=0.01)
76000,0.107,0.0897894736842105,1.0,68,271,7067,1.0080077347389712e-05,1.0538313746839968e-07,4.077786283759851e-07,2.1728606465672512e-08,0.0005047657021631,2.695409002699576e-05,0.0003099166551787,5.796332537215676e-07,lp_rnd,0.01,2,LP-RND (beta=0.01)
77000,0.027,0.0889740259740259,1.0,68,271,7094,9.146500613294646e-06,1.5056276087028413e-07,7.380852080300597e-07,1.6550670322883372e-08,0.0009208027169945,2.064225301295227e-05,0.0002828707705789,5.689330705749284e-07,lp_rnd,0.01,2,LP-RND (beta=0.01)
78000,0.055,0.0885384615384615,1.0,68,271,7149,5.686381721468272e-06,9.23578148318284e-08,8.2030952729507e-08,1.0453914550003256e-08,0.0001028886046768,1.3126872898692866e-05,0.0003262291428545,5.84086863447908e-07,lp_rnd,0.01,2,LP-RND (beta=0.01)
79000,0.02,0.0876708860759493,1.0,68,271,7169,5.889304077300039e-06,7.930940533060262e-08,3.234581640754186e-07,9.793542901818176e-09,0.0004090863078764,1.2374302335429204e-05,0.0002729749427198,5.701305935090772e-07,lp_rnd,0.01,2,LP-RND (beta=0.01)
80000,0.012,0.086725,1.0,68,271,7181,6.892795890204677e-06,7.827559847259032e-08,5.83337869860164e-07,4.087275928416764e-09,0.0007416701949422,5.196126092515598e-06,0.0002942243500863,5.639988545027563e-07,lp_rnd,0.01,2,LP-RND (beta=0.01)
81000,0.007,0.0857407407407407,1.0,68,271,7188,3.769832833963197e-06,7.505814776378476e-08,1.3958664827181823e-08,2.2496828581735976e-08,1.787591156233501e-05,2.8784255733860254e-05,0.0003150441085721,5.334170913400271e-07,lp_rnd,0.01,2,LP-RND (beta=0.01)
82000,0.041,0.0851951219512195,1.0,68,271,7229,5.2183881213595006e-06,8.84337529336863e-08,2.4724301244820775e-07,3.625682847082063e-08,0.0003180642242596,4.668232655109787e-05,0.000300557158122,5.288201940629733e-07,lp_rnd,0.01,2,LP-RND (beta=0.01)
83000,0.1,0.0853734939759036,1.0,68,271,7329,6.905075142640271e-06,1.3868999521567578e-07,2.8983646416236297e-07,2.3803993150926948e-08,0.0003755541572145,3.08583499231135e-05,0.0003204907052522,5.354985490058085e-07,lp_rnd,0.01,2,LP-RND (beta=0.01)
84000,0.018,0.0845714285714285,1.0,68,271,7347,7.918807935109524e-06,9.563559540310385e-08,2.569257352054895e-07,6.263553904550778e-09,0.0003348455036462,8.156955953872627e-06,0.0002730902364694,5.219751911482718e-07,lp_rnd,0.01,2,LP-RND (beta=0.01)
85000,0.305,0.0871647058823529,1.0,68,271,7652,6.8226909516091774e-06,7.42262703113079e-08,3.532459440528507e-07,1.6096210778317877e-08,0.000463066623167,2.1070929894680825e-05,0.0002948656868663,5.316154854781985e-07,lp_rnd,0.01,2,LP-RND (beta=0.01)
86000,0.054,0.0867790697674418,1.0,68,271,7706,4.673890701825359e-06,6.883078571846984e-08,1.9429389626397843e-07,6.872537996528138e-09,0.0002559299500884,9.054698697068913e-06,0.0002928505024008,5.504666301945349e-07,lp_rnd,0.01,2,LP-RND (beta=0.01)
87000,0.019,0.086,1.0,68,271,7725,5.187156028497204e-06,7.72663503784534e-08,2.4278624790129373e-07,8.235540311322808e-09,0.000321260589724,1.0915976380994123e-05,0.0002726439603591,5.497234545188689e-07,lp_rnd,0.01,2,LP-RND (beta=0.01)
88000,0.055,0.0856477272727272,1.0,68,271,7780,5.42262040116012e-06,7.653110907846869e-08,3.416721008100219e-07,1.46272277901975e-08,0.0004555248379806,1.9493350477167112e-05,0.0002537994691886,4.931502704721424e-07,lp_rnd,0.01,2,LP-RND (beta=0.01)
89000,0.035,0.0850786516853932,1.0,68,271,7815,5.094079681709575e-06,9.381035511510846e-08,3.03231464775828e-07,2.6791192163086354e-08,0.000406432423617,3.595504968001335e-05,0.0002528510743899,4.729240428744674e-07,lp_rnd,0.01,2,LP-RND (beta=0.01)
90000,0.078,0.085,1.0,68,271,7893,5.017446980195345e-06,6.647488277452355e-08,9.004408131938993e-08,2.2576330836132158e-09,0.000121351439319,3.0438901585262072e-06,0.0002577161614865,4.743596936549466e-07,lp_rnd,0.01,2,LP-RND (beta=0.01)
91000,0.057,0.0846923076923076,1.0,68,271,7950,4.956616427925678e-06,7.421331093527143e-08,2.436682563169151e-07,2.0295466953317623e-08,0.0003300686008913,2.75075062626834e-05,0.00025578071845,4.763980627373598e-07,lp_rnd,0.01,2,LP-RND (beta=0.01)
92000,0.074,0.0845760869565217,1.0,68,271,8024,4.411804769534757e-06,6.023758956676194e-08,2.4306503543836725e-07,1.6086965765733152e-08,0.0003312085667083,2.19225265273512e-05,0.0002358793657208,4.529675857476434e-07,lp_rnd,0.01,2,LP-RND (beta=0.01)
93000,0.08,0.0845268817204301,1.0,68,271,8104,5.09777091366459e-06,6.504968818864678e-08,3.183266201745028e-07,2.6464715263685437e-08,0.000436322029913,3.625696360312326e-05,0.0002358204590345,4.368669254581903e-07,lp_rnd,0.01,2,LP-RND (beta=0.01)
94000,0.072,0.0843936170212766,1.0,68,271,8176,4.9957894327058566e-06,6.051198552773094e-08,2.128236723643164e-07,5.085239267990936e-09,0.0002931635043711,7.005044358471271e-06,0.0002246413346007,4.4768719551058214e-07,lp_rnd,0.01,2,LP-RND (beta=0.01)
95000,0.037,0.0838947368421052,1.0,68,271,8213,4.7371489300358746e-06,6.012488649978766e-08,2.775086060766527e-07,5.063399376947371e-09,0.0003839805611887,7.013761313607372e-06,0.0002390289681184,4.246973191222026e-07,lp_rnd,0.01,2,LP-RND (beta=0.01)
96000,0.019,0.08321875,1.0,68,271,8232,3.917807792899303e-06,6.014885913884999e-08,8.99398054044516e-08,8.146446380765985e-09,0.0001250988538447,1.1342522111351528e-05,0.0002447678317837,4.019102029033661e-07,lp_rnd,0.01,2,LP-RND (beta=0.01)
97000,0.055,0.0829278350515464,1.0,68,271,8287,5.369585216447542e-06,5.805155377214442e-08,3.105657077123231e-07,6.684006821978502e-09,0.000435040945159,9.351835977953644e-06,0.0002454344142438,3.936516969815784e-07,lp_rnd,0.01,2,LP-RND (beta=0.01)
98000,0.081,0.0829081632653061,1.0,68,271,8368,4.780100821503934e-06,5.7843613294189634e-08,2.455972095543266e-07,1.1944551463259332e-08,0.0003453352249425,1.6795632268159748e-05,0.0002589718715652,4.0261641520089605e-07,lp_rnd,0.01,2,LP-RND (beta=0.01)
99000,0.061,0.0826868686868686,1.0,68,271,8429,4.731432136022853e-06,5.251614479694249e-08,2.3634522937650442e-07,6.7535752477345855e-09,0.0003342446451966,9.547195153983504e-06,0.0002364644778633,3.883302165199609e-07,lp_rnd,0.01,2,LP-RND (beta=0.01)
100000,0.08,0.08266,1.0,68,271,8509,4.776319667598728e-06,5.6496058233589535e-08,2.916773198080591e-07,1.0283845794258124e-08,0.0004143298631369,1.4608974339717884e-05,0.0002449247868378,3.980990557046482e-07,lp_rnd,0.01,2,LP-RND (beta=0.01)
1000,0.156,0.156,0.5147058823529411,35,119,258,0.0060900552466941,0.0049795021641761,0.0,0.0,0.0,0.0,0.0037887359503656,0.0050926986150443,lp_rnd,0.01,3,LP-RND (beta=0.01)
2000,0.229,0.1925,0.5441176470588235,37,135,503,0.0003930592146146,0.0003356369680776,0.0055444634979078,0.0046387104653957,3.080924255144308,2.402142328903221,0.0005800675893406,0.000318954269067,lp_rnd,0.01,3,LP-RND (beta=0.01)
3000,0.125,0.17,0.5882352941176471,40,149,639,8.311179827433079e-05,2.575592298165117e-05,3.884786673006602e-05,1.502236661560476e-05,0.0161436607407787,0.0061708517958461,0.0006466759947943,3.520937149187376e-05,lp_rnd,0.01,3,LP-RND (beta=0.01)
4000,0.149,0.16475,0.8529411764705882,58,212,847,5.377795810548701e-05,3.373288901641896e-05,1.309868243971024e-05,7.566558469700545e-06,0.0058805771350875,0.0034249072560068,0.000225532671051,1.894186622575944e-05,lp_rnd,0.01,3,LP-RND (beta=0.01)
5000,0.092,0.1502,0.8529411764705882,58,215,942,4.129758415570984e-05,2.209887558079559e-05,5.195030849869869e-06,5.335092699274686e-06,0.002501394126933,0.0026215482675187,0.0001683258388766,1.432247262346209e-05,lp_rnd,0.01,3,LP-RND (beta=0.01)
6000,0.098,0.1415,0.9264705882352942,63,240,1064,3.435243990902471e-05,2.364735493819365e-05,3.14107986626795e-06,6.963230562427626e-06,0.0016639424661835,0.0036453643481626,0.0001651793483215,1.1503852666464809e-05,lp_rnd,0.01,3,LP-RND (beta=0.01)
7000,0.193,0.1488571428571428,0.9264705882352942,63,242,1259,3.123860354589568e-05,1.1161816585051192e-05,2.0711766532908792e-06,2.3171640320124607e-06,0.0011565150071946,0.0013028123777944,0.0001317690341129,9.276043901991216e-06,lp_rnd,0.01,3,LP-RND (beta=0.01)
8000,0.228,0.15875,0.9264705882352942,63,242,1487,2.696554528276401e-05,6.84215980830878e-06,1.750824443054929e-06,1.2400909395595015e-06,0.0010396426575038,0.000740122511464,0.0001079658892631,7.749559947569652e-06,lp_rnd,0.01,3,LP-RND (beta=0.01)
9000,0.225,0.1661111111111111,0.9264705882352942,63,242,1712,2.5292173749120493e-05,5.254258084160908e-06,1.3514518812169424e-06,9.140934352099946e-07,0.000844359759005,0.0005791541141403,8.716323354383349e-05,6.761471512163552e-06,lp_rnd,0.01,3,LP-RND (beta=0.01)
10000,0.265,0.176,0.9411764705882352,64,249,1983,2.307167877281142e-05,7.166067412617385e-06,1.1686390554938764e-06,3.0949892077944465e-07,0.0007712545491097,0.0002022527972148,8.218367716108332e-05,6.298563121845291e-06,lp_rnd,0.01,3,LP-RND (beta=0.01)
11000,0.221,0.180090909090909,0.9705882352941176,66,254,2209,2.180802127700252e-05,4.211909325387567e-06,1.0642046313622242e-06,3.320462890374792e-07,0.000734051307677,0.0002282568236427,8.421301025737194e-05,5.768457971271345e-06,lp_rnd,0.01,3,LP-RND (beta=0.01)
12000,0.226,0.1839166666666666,0.9705882352941176,66,254,2435,2.0856642612292556e-05,2.3702666396509586e-06,1.0290279324100545e-06,1.42339943050156e-07,0.0007391842317609,0.0001017584345916,7.754110745372599e-05,5.385430988781082e-06,lp_rnd,0.01,3,LP-RND (beta=0.01)
13000,0.167,0.1826153846153846,1.0,68,270,2616,1.990375104703603e-05,1.44371327829473e-05,9.025045896297904e-07,1.4095570567515686e-06,0.0006696603260774,0.001055929444633,9.51978758639598e-05,5.286004351773954e-06,lp_rnd,0.01,3,LP-RND (beta=0.01)
14000,0.385,0.1970714285714285,1.0,68,270,3001,1.916125465750274e-05,1.064516629890392e-06,9.249585165487988e-07,1.3460566783689456e-07,0.0007146269845385,0.0001034957258754,9.811814991644497e-05,5.291233765092329e-06,lp_rnd,0.01,3,LP-RND (beta=0.01)
15000,0.238,0.1998,1.0,68,270,3239,1.789174920296861e-05,5.069553521458043e-06,9.550179305076482e-07,2.917824691782849e-07,0.0007632737913783,0.0002310492557789,0.0001169163075228,5.095891556038623e-06,lp_rnd,0.01,3,LP-RND (beta=0.01)
16000,0.167,0.19775,1.0,68,270,3406,1.691639976844179e-05,5.277965031894541e-06,8.198591301212098e-07,5.083716960076773e-07,0.0006741232819066,0.0004172394931549,0.000124329693217,4.845939821734646e-06,lp_rnd,0.01,3,LP-RND (beta=0.01)
17000,0.079,0.1907647058823529,1.0,68,270,3485,1.7038111965593076e-05,3.27538506573658e-06,8.226169645436303e-07,3.368802987361702e-07,0.0006979657370898,0.0002844508256412,0.0001536974507907,4.631971600019824e-06,lp_rnd,0.01,3,LP-RND (beta=0.01)
18000,0.123,0.187,1.0,68,270,3608,1.589413421435331e-05,3.254319524166008e-06,8.426139330123721e-07,4.630821542298482e-07,0.000729578535398,0.0004038897748392,0.0001242787012088,4.335433607138839e-06,lp_rnd,0.01,3,LP-RND (beta=0.01)
19000,0.071,0.1808947368421052,1.0,68,271,3680,1.599923992946803e-05,2.755058592798138e-06,7.501314901443473e-07,3.252475911044571e-07,0.0006646258750968,0.0002913010732156,0.0001448799065965,4.129682577740823e-06,lp_rnd,0.01,3,LP-RND (beta=0.01)
20000,0.022,0.17295,1.0,68,271,3702,1.5576729682917094e-05,1.9331173246345318e-06,7.062726581352763e-07,2.378122238864901e-07,0.0006439969424166,0.0002177860033384,0.0001574537073811,3.830382096680296e-06,lp_rnd,0.01,3,LP-RND (beta=0.01)
21000,0.166,0.1726190476190476,1.0,68,271,3868,1.6554671279905107e-05,2.23608259862723e-06,6.375551093006801e-07,2.200945931960689e-07,0.0005952121609898,0.000206520259537,0.0001598503924833,3.6631945254157474e-06,lp_rnd,0.01,3,LP-RND (beta=0.01)
22000,0.066,0.1677727272727272,1.0,68,271,3934,1.5958065439532e-05,1.145169642718424e-06,8.841389885536487e-07,1.3079020120940905e-07,0.0008479579599155,0.0001253602143168,0.0001448607668462,3.4518792399467204e-06,lp_rnd,0.01,3,LP-RND (beta=0.01)
23000,0.057,0.1629565217391304,1.0,68,271,3991,1.6098133432694195e-05,3.0674031959232078e-06,6.98110533560618e-07,3.7777186211655444e-07,0.0006840643113757,0.0003708720911999,0.0001543034588285,3.316201752795678e-06,lp_rnd,0.01,3,LP-RND (beta=0.01)
24000,0.057,0.1585416666666666,1.0,68,271,4048,1.5259268158779217e-05,1.8429688091657256e-06,1.1190386191485327e-06,1.425760654951354e-07,0.0011173293051255,0.0001428242055803,0.0001360381274716,3.2097033546278907e-06,lp_rnd,0.01,3,LP-RND (beta=0.01)
25000,0.029,0.15336,1.0,68,271,4077,1.4894759762432057e-05,3.1724302557237927e-06,4.655227304942071e-07,2.667069405889116e-07,0.0004750396096792,0.0002721501253852,0.0001497438762307,3.051031240033808e-06,lp_rnd,0.01,3,LP-RND (beta=0.01)
26000,0.053,0.1495,1.0,68,271,4130,1.6997079395843924e-05,2.7454739399055034e-06,5.709247626276371e-07,4.7219835425462797e-07,0.0005937726128025,0.0004911295558834,0.0001437714958992,2.98206778347776e-06,lp_rnd,0.01,3,LP-RND (beta=0.01)
27000,0.027,0.1449629629629629,1.0,68,271,4157,1.376228761660901e-05,3.490662720592596e-06,7.560223214871561e-07,6.615865684500372e-07,0.000800342073148,0.0007022792207862,0.0001510656668251,2.8326461597316667e-06,lp_rnd,0.01,3,LP-RND (beta=0.01)
28000,0.014,0.1402857142857143,1.0,68,271,4171,1.5016177517931542e-05,2.471954770111239e-06,7.859008681927142e-07,4.2043782814861334e-07,0.0008443968441268,0.0004539293829889,0.0001509752459369,2.80240136237353e-06,lp_rnd,0.01,3,LP-RND (beta=0.01)
29000,0.036,0.1366896551724138,1.0,68,271,4207,1.4919556519998878e-05,2.2447874179017683e-06,5.864813046072312e-07,3.788740972259535e-07,0.0006436406111431,0.000416159298926,0.0001525372097003,2.669213540684723e-06,lp_rnd,0.01,3,LP-RND (beta=0.01)
30000,0.061,0.1341666666666666,1.0,68,271,4268,1.5707193835892287e-05,2.0084397096042856e-06,6.081857568237046e-07,3.749773229179594e-07,0.0006781812610445,0.0004189398546703,0.0001513140616862,2.5834441808001428e-06,lp_rnd,0.01,3,LP-RND (beta=0.01)
31000,0.034,0.1309354838709677,1.0,68,271,4302,1.6357123700693002e-05,2.117845831298154e-06,6.010233900109169e-07,1.6767352567722205e-07,0.0006808742293619,0.0001902148846552,0.0001335326208572,2.52539363947335e-06,lp_rnd,0.01,3,LP-RND (beta=0.01)
32000,0.025,0.127625,1.0,68,271,4327,1.4269881394284311e-05,1.4858431765601263e-06,6.3657764258096e-07,2.4310465743126725e-07,0.0007316650939858,0.0002800719371053,0.000114805708863,2.448640452826112e-06,lp_rnd,0.01,3,LP-RND (beta=0.01)
33000,0.07,0.1258787878787878,1.0,68,271,4397,1.4535263855058085e-05,1.2378054124699809e-06,7.054032786462423e-07,2.0810217021242213e-07,0.0008255007915456,0.0002434113368163,0.0001036068411676,2.3500418018329585e-06,lp_rnd,0.01,3,LP-RND (beta=0.01)
34000,0.172,0.127235294117647,1.0,68,271,4569,1.501614898177988e-05,9.7280813250085e-07,4.827863613384178e-07,1.5978591356541797e-07,0.0005729495438725,0.0001896525998995,8.267374754905177e-05,2.270252354378499e-06,lp_rnd,0.01,3,LP-RND (beta=0.01)
35000,0.181,0.1287714285714285,1.0,68,271,4750,1.4411455032327894e-05,1.3807346756564438e-06,6.433357202444092e-07,1.760584477055839e-07,0.0007732812254204,0.0002122579163753,7.958524250716437e-05,2.262172007363006e-06,lp_rnd,0.01,3,LP-RND (beta=0.01)
36000,0.039,0.1262777777777777,1.0,68,271,4789,1.3424018923102174e-05,2.164668171433272e-06,6.847559490826172e-07,1.791537607057182e-07,0.0008374743964904,0.0002181876176413,7.361797868634312e-05,2.269064486938533e-06,lp_rnd,0.01,3,LP-RND (beta=0.01)
37000,0.018,0.1233513513513513,1.0,68,271,4807,1.3333001030938854e-05,8.979915479761514e-07,4.134227917044579e-07,1.744629355795419e-07,0.0005127537948334,0.0002157500853888,5.853862996036696e-05,2.190405088640546e-06,lp_rnd,0.01,3,LP-RND (beta=0.01)
38000,0.036,0.1210526315789473,1.0,68,271,4843,1.4320434388537253e-05,1.830389870801194e-06,4.869494760997542e-07,1.8191340780072946e-07,0.0006097453320951,0.0002280202881643,5.994271890631353e-05,2.122347072713637e-06,lp_rnd,0.01,3,LP-RND (beta=0.01)
39000,0.027,0.1186410256410256,1.0,68,271,4870,1.3618155056368172e-05,1.2243750268237678e-06,4.690194280690911e-07,1.89539784666764e-07,0.0005959040075677,0.0002406772843976,5.7222306173116525e-05,2.0827923274850945e-06,lp_rnd,0.01,3,LP-RND (beta=0.01)
40000,0.1,0.118175,1.0,68,271,4970,1.4469877851297496e-05,1.1242900496613275e-06,5.403174463936011e-07,1.5403047960660386e-07,0.0006949321281959,0.0001975982960798,5.41677979040287e-05,2.055068467541332e-06,lp_rnd,0.01,3,LP-RND (beta=0.01)
41000,0.198,0.1201219512195121,1.0,68,271,5168,1.413934512698927e-05,8.125039570537759e-07,5.337429027147462e-07,7.324195218507213e-08,0.0006955112036354,9.521061286513998e-05,4.109989262678937e-05,2.046902755921565e-06,lp_rnd,0.01,3,LP-RND (beta=0.01)
42000,0.559,0.1305714285714285,1.0,68,271,5727,1.419613901689868e-05,3.298555118218492e-07,4.924982843839577e-07,3.3645168936605585e-08,0.0006482234520061,4.425061809593549e-05,5.4862333569417386e-05,2.059447555325278e-06,lp_rnd,0.01,3,LP-RND (beta=0.01)
43000,0.525,0.1397441860465116,1.0,68,271,6252,1.3682223389401944e-05,5.096052910259555e-07,5.667129906734252e-07,4.3213231367046424e-08,0.0007540752375617,5.759538599229603e-05,5.978192786278669e-05,2.192727681233464e-06,lp_rnd,0.01,3,LP-RND (beta=0.01)
44000,0.757,0.1537727272727272,1.0,68,271,7009,1.2896734679473158e-05,2.720522969297677e-07,5.487232836270708e-07,3.320476370495477e-08,0.0007386810515594,4.471341349095642e-05,6.390130084355406e-05,2.275011565927798e-06,lp_rnd,0.01,3,LP-RND (beta=0.01)
45000,0.727,0.1665111111111111,1.0,68,271,7736,1.2712417125253417e-05,2.8806471403439346e-07,6.600565897868344e-07,3.016410971876156e-08,0.0008985325743862,4.10456527328228e-05,5.087435059158452e-05,2.447332825056492e-06,lp_rnd,0.01,3,LP-RND (beta=0.01)
46000,0.652,0.1770652173913043,1.0,68,271,8388,1.2556150823127645e-05,4.249821673220754e-07,6.637990484152976e-07,6.516305386471372e-08,0.0009130387986159,8.976449646124599e-05,5.193060504143432e-05,2.550843685298787e-06,lp_rnd,0.01,3,LP-RND (beta=0.01)
47000,0.307,0.1798297872340425,1.0,68,271,8695,1.2937645866964198e-05,4.519410873589928e-07,5.076777265621016e-07,4.03376850946663e-08,0.0007060626396142,5.609337853452893e-05,5.154488683274394e-05,2.647606989398809e-06,lp_rnd,0.01,3,LP-RND (beta=0.01)
48000,0.125,0.1786875,1.0,68,271,8820,1.28562147692719e-05,2.8754901049816386e-07,4.710911416623276e-07,5.4744866832022255e-08,0.0006623507125817,7.695207615374281e-05,4.158996717887931e-05,2.5456503180407707e-06,lp_rnd,0.01,3,LP-RND (beta=0.01)
49000,0.052,0.1761020408163265,1.0,68,271,8872,1.126788846214857e-05,2.6200095932456204e-07,5.647354048330901e-07,3.194180285671377e-08,0.0008003863078697,4.536172280008799e-05,4.464561391250754e-05,2.5309769937393868e-06,lp_rnd,0.01,3,LP-RND (beta=0.01)
50000,0.159,0.17576,1.0,68,271,9031,1.293726596921249e-05,2.8280289278345325e-07,4.352121683247256e-07,2.408681224457856e-08,0.0006235350093234,3.451830802996749e-05,5.868469873303184e-05,2.494052596603069e-06,lp_rnd,0.01,3,LP-RND (beta=0.01)
51000,0.198,0.1761960784313725,1.0,68,271,9229,1.1824216602635165e-05,1.6804729072955037e-07,4.178148495643976e-07,3.403022294879347e-08,0.0006042641627375,4.92986671147019e-05,4.6381008326989104e-05,2.4163458534189885e-06,lp_rnd,0.01,3,LP-RND (beta=0.01)
52000,0.543,0.18325,1.0,68,271,9772,1.1887506317844894e-05,2.1445347757565585e-07,5.431062577263487e-07,2.5645523528281373e-08,0.0007944226161337,3.747035136287255e-05,4.487974334460887e-05,2.4959020755659367e-06,lp_rnd,0.01,3,LP-RND (beta=0.01)
53000,0.73,0.193566037735849,1.0,68,271,10502,1.1959532409728375e-05,2.0944101185212578e-07,5.050949184432321e-07,1.1934179050748988e-08,0.0007456373747471,1.759429579475316e-05,3.473519885005772e-05,2.5400471390639724e-06,lp_rnd,0.01,3,LP-RND (beta=0.01)
54000,0.808,0.2049444444444444,1.0,68,271,11310,1.1398566435123976e-05,2.593679023036681e-07,4.687650190216217e-07,2.1481944926608303e-08,0.0006986102894848,3.194788702275469e-05,3.469891547558745e-05,2.6658716467409247e-06,lp_rnd,0.01,3,LP-RND (beta=0.01)
55000,0.343,0.2074545454545454,1.0,68,271,11653,1.1706854590633656e-05,4.331144588655257e-07,4.484029697364522e-07,4.326280655418023e-08,0.0006737344217851,6.505106488303956e-05,4.094525894697653e-05,2.7327059516437656e-06,lp_rnd,0.01,3,LP-RND (beta=0.01)
56000,0.55,0.2135714285714285,1.0,68,271,12203,1.067462692348768e-05,3.320999977537061e-07,5.642675755139367e-07,1.2281013902616502e-08,0.0008559578664438,1.8623651933779748e-05,3.10067578577673e-05,2.8237738772531883e-06,lp_rnd,0.01,3,LP-RND (beta=0.01)
57000,0.732,0.2226666666666666,1.0,68,271,12935,1.0157397358942363e-05,3.020310137712705e-07,3.664559187344339e-07,1.4808717091723134e-08,0.0005609069502387,2.2641653875706983e-05,3.06029288639138e-05,2.8487637945318057e-06,lp_rnd,0.01,3,LP-RND (beta=0.01)
58000,0.263,0.2233620689655172,1.0,68,271,13198,1.0633868813552224e-05,4.142793373143135e-07,4.1506242621683405e-07,2.7112549923234597e-08,0.0006403761134745,4.193766161065293e-05,4.352317077848511e-05,2.906974152551811e-06,lp_rnd,0.01,3,LP-RND (beta=0.01)
59000,0.012,0.2197796610169491,1.0,68,271,13210,1.0475945221818014e-05,2.3105263356922739e-07,7.345238373090979e-07,7.977426672461637e-09,0.0011425409946822,1.241719395401937e-05,3.536111578443979e-05,2.874314475775464e-06,lp_rnd,0.01,3,LP-RND (beta=0.01)
60000,0.122,0.21815,1.0,68,271,13332,1.2983953206085213e-05,2.384520740375698e-07,5.608530507922042e-07,2.0238971258214388e-08,0.0008809556388362,3.177334957024841e-05,3.85990995478096e-05,2.7623236602494216e-06,lp_rnd,0.01,3,LP-RND (beta=0.01)
61000,0.406,0.2212295081967213,1.0,68,271,13738,1.233700503479188e-05,2.65540543077418e-07,4.516027718350169e-07,4.990109725807269e-08,0.0007149798049488,7.892540938446782e-05,3.453667029475582e-05,2.7686160889288656e-06,lp_rnd,0.01,3,LP-RND (beta=0.01)
62000,0.117,0.2195483870967741,1.0,68,271,13855,1.237649865630436e-05,2.3710692089683722e-07,3.997023295363388e-07,1.0894782673202201e-07,0.0006379992485031,0.0001737807525197,3.689447312649463e-05,2.7825616974723743e-06,lp_rnd,0.01,3,LP-RND (beta=0.01)
63000,0.018,0.2163492063492063,1.0,68,271,13873,1.1358785059201182e-05,2.6807463625263025e-07,6.711011590394062e-07,4.7158790661168096e-08,0.0010777424512747,7.583348095443664e-05,4.413093246762401e-05,2.7327683933435764e-06,lp_rnd,0.01,3,LP-RND (beta=0.01)
64000,0.036,0.21353125,1.0,68,271,13909,1.1046854726575675e-05,3.6736398351180645e-07,5.582122639680165e-07,4.0390801946956855e-08,0.0009043449904362,6.549412794381641e-05,5.781415497199305e-05,2.669140371835965e-06,lp_rnd,0.01,3,LP-RND (beta=0.01)
65000,0.065,0.2112461538461538,1.0,68,271,13974,1.2464236813404848e-05,3.597917975244407e-07,5.016320476268168e-07,4.681999909198955e-08,0.0008190856005175,7.647443122012256e-05,9.163647223704176e-05,2.580192993036689e-06,lp_rnd,0.01,3,LP-RND (beta=0.01)
66000,0.112,0.2097424242424242,1.0,68,271,14086,1.107198659562008e-05,3.669715700405285e-07,4.290122705339984e-07,5.137587190108252e-08,0.0007052257332063,8.457442880064135e-05,0.0001038411055806,2.5178100531775277e-06,lp_rnd,0.01,3,LP-RND (beta=0.01)
67000,0.075,0.2077313432835821,1.0,68,271,14161,1.097983199239631e-05,2.874222397355044e-07,4.225294105708599e-07,3.86836842150498e-08,0.0007000497541062,6.413487537764227e-05,0.0001049304101538,2.518298186714673e-06,lp_rnd,0.01,3,LP-RND (beta=0.01)
68000,0.085,0.2059264705882353,1.0,68,271,14246,1.1653998032724142e-05,2.428300416847721e-07,4.011411286174896e-07,3.98478208428651e-08,0.0006701048925525,6.656511796098684e-05,0.0001358136370672,2.5083832765631087e-06,lp_rnd,0.01,3,LP-RND (beta=0.01)
69000,0.053,0.2037101449275362,1.0,68,271,14299,1.0296230760465028e-05,3.053455323621835e-07,4.351564145834791e-07,9.149821430381275e-09,0.0007328319904882,1.5391642566764295e-05,0.0001532642743277,2.4790037352317995e-06,lp_rnd,0.01,3,LP-RND (beta=0.01)
70000,0.058,0.2016285714285714,1.0,68,271,14357,1.0570105014894266e-05,2.0912642837438706e-07,6.63068186472158e-07,2.126780153074043e-08,0.0011228538190858,3.601337279749535e-05,0.0001641330641473,2.415988060874952e-06,lp_rnd,0.01,3,LP-RND (beta=0.01)
71000,0.062,0.1996619718309859,1.0,68,271,14419,9.635538507638792e-06,2.059479823789091e-07,5.132021229773302e-07,6.0879756029122806e-09,0.0008753821724394,1.0385695643732174e-05,0.0001778103796077,2.411834350198205e-06,lp_rnd,0.01,3,LP-RND (beta=0.01)
72000,0.013,0.1970694444444444,1.0,68,271,14432,9.739581086110917e-06,2.2356267493740457e-07,2.3407577688116225e-07,1.3624567063385374e-07,0.0004020627969907,0.0002341508957395,0.0001939344686825,2.369154864709344e-06,lp_rnd,0.01,3,LP-RND (beta=0.01)
73000,0.072,0.1953561643835616,1.0,68,271,14504,1.0475823172681785e-05,2.160847939661108e-07,7.70004716186021e-07,5.1091487094674226e-08,0.0013323950742449,8.838695683163087e-05,0.0001917320139318,2.3472057652043075e-06,lp_rnd,0.01,3,LP-RND (beta=0.01)
74000,0.014,0.1929054054054054,1.0,68,271,14518,8.396625811915978e-06,1.498140112646347e-07,5.956705341044913e-07,1.9842122917903624e-08,0.0010367132414328,3.4561090985521326e-05,0.0002071392066955,2.3355553893793517e-06,lp_rnd,0.01,3,LP-RND (beta=0.01)
75000,0.015,0.1905333333333333,1.0,68,271,14533,9.273364927745812e-06,4.993208566238397e-07,5.840743445636084e-07,1.1134815374710569e-07,0.0010230630640422,0.0001954469143911,0.0002266341348858,2.30241526617192e-06,lp_rnd,0.01,3,LP-RND (beta=0.01)
76000,0.005,0.1880921052631579,1.0,68,271,14538,1.0098747588926928e-05,5.160963345565106e-07,7.48200181988068e-07,8.668353228513504e-08,0.0013196658784015,0.0001531025891859,0.0002214680778397,2.294351179784826e-06,lp_rnd,0.01,3,LP-RND (beta=0.01)
77000,0.017,0.1858701298701298,1.0,68,271,14555,1.0112164492217262e-05,3.126127417930971e-07,4.541334419627674e-07,4.031625862407983e-08,0.0008059954203705,7.163500462002595e-05,0.0002612725826966,2.234336900073685e-06,lp_rnd,0.01,3,LP-RND (beta=0.01)
78000,0.017,0.1837051282051282,1.0,68,271,14572,9.32251556578729e-06,6.780444670790245e-07,5.764606131004471e-07,4.119254845812881e-07,0.0010320568417308,0.0007368006332282,0.0002240410555041,2.219171780268425e-06,lp_rnd,0.01,3,LP-RND (beta=0.01)
79000,0.104,0.1826962025316455,1.0,68,271,14676,9.367233924597083e-06,2.919371860207346e-07,4.2805337093691036e-07,4.5530837100571375e-08,0.0007698343650036,8.190843120155501e-05,0.0002790574615992,2.2589201294067606e-06,lp_rnd,0.01,3,LP-RND (beta=0.01)
80000,0.021,0.180675,1.0,68,271,14697,9.877624008714476e-06,4.374006450473782e-07,2.6892480707915853e-07,4.4442380921450784e-08,0.0004863914736155,8.05209650322108e-05,0.0002531302061743,2.237152903489914e-06,lp_rnd,0.01,3,LP-RND (beta=0.01)
81000,0.018,0.1786666666666666,1.0,68,271,14715,8.335132911775469e-06,6.340902679412678e-07,3.9371510259419057e-07,1.289021693656982e-07,0.0007177016691154,0.0002348837065296,0.000222486281702,2.196731314825229e-06,lp_rnd,0.01,3,LP-RND (beta=0.01)
82000,0.007,0.1765731707317073,1.0,68,271,14722,8.711436229142627e-06,6.630667090068957e-07,4.506140872503498e-07,1.1599815687737723e-07,0.000826255231871,0.0002126393660009,0.000213107403515,2.1967743743971368e-06,lp_rnd,0.01,3,LP-RND (beta=0.01)
83000,0.006,0.1745180722891566,1.0,68,271,14728,9.778046054028286e-06,4.25051172060404e-07,3.104228956847995e-07,1.1631515000528124e-07,0.0005725777509123,0.0002146185224315,0.0001846671054881,2.177728591959749e-06,lp_rnd,0.01,3,LP-RND (beta=0.01)
84000,0.032,0.1728214285714285,1.0,68,271,14760,9.107318220458184e-06,3.308908156766806e-07,2.7492329479628097e-07,2.163339704620194e-08,0.0005107860555092,4.013493078029148e-05,0.0001669415100063,2.1661871460878503e-06,lp_rnd,0.01,3,LP-RND (beta=0.01)
85000,0.01,0.1709058823529411,1.0,68,271,14770,8.741061083128444e-06,2.1111592914878957e-07,6.591643796127755e-07,4.09571762758668e-08,0.0012294935868915,7.641431036982755e-05,0.000214587516712,2.1062950306145466e-06,lp_rnd,0.01,3,LP-RND (beta=0.01)
86000,0.008,0.1690116279069767,1.0,68,271,14778,9.912238283504848e-06,2.5264866317680425e-07,5.995576657369385e-08,1.589321850828116e-08,0.0001128017162413,2.984349315195998e-05,0.0001941315596695,2.0490254641458703e-06,lp_rnd,0.01,3,LP-RND (beta=0.01)
87000,0.01,0.167183908045977,1.0,68,271,14788,1.0302009650331457e-05,4.603491989905936e-07,2.444534857204417e-07,1.1700296822626533e-07,0.0004610065171809,0.0002210864514016,0.0001755436263597,2.0290982806727698e-06,lp_rnd,0.01,3,LP-RND (beta=0.01)
88000,0.012,0.1654204545454545,1.0,68,271,14800,8.994617057093516e-06,1.1160667886187813e-06,2.201022842503638e-07,4.391913426550223e-07,0.0004187107904366,0.0008340546566494,0.0001854418377042,2.0232988122188544e-06,lp_rnd,0.01,3,LP-RND (beta=0.01)
89000,0.005,0.1636179775280898,1.0,68,271,14805,5.823666833748576e-06,9.817126434129123e-07,5.051625521446112e-07,1.7495468759806497e-07,0.0009641628312542,0.0003342096940288,0.0001421587708709,1.980092768235409e-06,lp_rnd,0.01,3,LP-RND (beta=0.01)
90000,0.014,0.1619555555555555,1.0,68,271,14819,8.167667114581231e-06,1.055623846055812e-06,4.453968358575367e-07,6.182115308291483e-07,0.0008539236644689,0.0011875701453352,0.0001609748397818,1.977313972531647e-06,lp_rnd,0.01,3,LP-RND (beta=0.01)
91000,0.011,0.1602967032967032,1.0,68,271,14830,9.544537781700704e-06,8.328893692418724e-07,2.225624484708533e-07,7.16842410565054e-07,0.0004290500835598,0.0013844849680198,0.0001996173391262,1.9479106026096813e-06,lp_rnd,0.01,3,LP-RND (beta=0.01)
92000,0.007,0.1586304347826087,1.0,68,271,14837,6.635318381345964e-06,5.577718012738369e-07,2.3198793184876975e-07,2.0181148822343229e-07,0.0004502473728747,0.0003918175452656,0.0001945471173553,1.846078537766971e-06,lp_rnd,0.01,3,LP-RND (beta=0.01)
93000,0.051,0.1574731182795699,1.0,68,271,14888,8.237662117893456e-06,4.651728502618664e-07,3.250279940616833e-07,1.4345670848450286e-07,0.0006340671442349,0.0002800940693552,0.0002069796246028,1.7427885888992023e-06,lp_rnd,0.01,3,LP-RND (beta=0.01)
94000,0.006,0.1558617021276595,1.0,68,271,14894,9.16185225226703e-06,2.583870782151281e-07,8.549818630854134e-07,2.578699336961028e-08,0.0016777196345089,5.0609175245645045e-05,0.0002003054569222,1.603801525646986e-06,lp_rnd,0.01,3,LP-RND (beta=0.01)
95000,0.006,0.1542842105263158,1.0,68,271,14900,9.39070999568988e-06,6.845725183379714e-07,4.4821748209263517e-07,1.601612802694874e-07,0.0008837512208414,0.0003158623910597,0.0001969925569678,1.4657443232408697e-06,lp_rnd,0.01,3,LP-RND (beta=0.01)
96000,0.012,0.1528020833333333,1.0,68,271,14912,7.158323057865346e-06,2.7131966325825777e-07,2.120469654679861e-07,5.408158779107314e-09,0.0004202196186682,1.0730119149912829e-05,0.0001865787409815,1.352823105406742e-06,lp_rnd,0.01,3,LP-RND (beta=0.01)
97000,0.233,0.1536288659793814,1.0,68,271,15145,8.741698054768968e-06,2.3897212861027026e-07,4.672145822767819e-07,1.224246590911549e-07,0.0009305884944792,0.0002441311116855,0.0001530484401896,1.2570054556420018e-06,lp_rnd,0.01,3,LP-RND (beta=0.01)
98000,0.055,0.1526224489795918,1.0,68,271,15200,9.718919533373662e-06,1.2132994338603314e-06,4.283099687282546e-07,2.2875007600994598e-07,0.0008561820517289,0.0004584047802316,0.0002481068730421,1.2496607555476658e-06,lp_rnd,0.01,3,LP-RND (beta=0.01)
99000,0.01,0.1511818181818182,1.0,68,271,15210,9.79917867880431e-06,1.024033353772468e-06,9.36349033509032e-07,2.4937997403582694e-07,0.0018826788181715,0.000502270006333,0.0002580963020218,1.2672572457006482e-06,lp_rnd,0.01,3,LP-RND (beta=0.01)
100000,0.01,0.14977,1.0,68,271,15220,1.0212447841695394e-05,9.236067649120882e-07,2.873974608519347e-07,1.5965816788060246e-07,0.0005814948473714,0.0003231705604505,0.0002640825183525,1.2348599094025304e-06,lp_rnd,0.01,3,LP-RND (beta=0.01)
1000,0.154,0.154,0.5,34,123,258,0.0075162449857679,0.0067774069145427,0.0,0.0,0.0,0.0,0.0026739598251879,0.0069319466128945,lp_rnd,0.01,4,LP-RND (beta=0.01)
2000,0.133,0.1435,0.6764705882352942,46,164,429,0.0007737693969857,0.0003348494732733,0.0066456402883045,0.0063276237517062,2.7529041615769247,2.562519444731082,0.0002923686040885,0.0003693452967745,lp_rnd,0.01,4,LP-RND (beta=0.01)
3000,0.155,0.1473333333333333,0.7352941176470589,50,184,603,9.68517521077076e-05,3.863571981218331e-05,3.4110395180534635e-05,1.8334600336270368e-05,0.0107909305259763,0.0058190046124384,0.0004607892207277,3.744159227244381e-05,lp_rnd,0.01,4,LP-RND (beta=0.01)
4000,0.103,0.13625,0.7352941176470589,50,191,713,5.862697096003527e-05,2.7818515796672155e-05,1.474853124112361e-05,9.351465248611906e-06,0.0051622569607222,0.0032187918851026,0.0001527294673433,2.061775294441759e-05,lp_rnd,0.01,4,LP-RND (beta=0.01)
5000,0.143,0.1376,0.7352941176470589,50,197,861,4.8455506880377694e-05,1.922954028465764e-05,4.557384622435516e-06,5.5472560450755375e-06,0.00167579767285,0.0020889771364016,0.0001194743090745,1.3789119206649048e-05,lp_rnd,0.01,4,LP-RND (beta=0.01)
6000,0.123,0.1351666666666666,0.8382352941176471,57,211,998,3.637871497808303e-05,1.4292594616751e-05,3.4083370071418426e-06,2.077321460111652e-06,0.0013779749701395,0.0008391399842837,9.083748335251583e-05,1.06074528962381e-05,lp_rnd,0.01,4,LP-RND (beta=0.01)
7000,0.134,0.135,0.9852941176470588,67,255,1173,3.128229761400622e-05,2.152993916382881e-05,2.480495537899664e-06,2.2437488301428022e-06,0.0010723591331601,0.0009689336270987,6.836941928850138e-05,9.022170891057613e-06,lp_rnd,0.01,4,LP-RND (beta=0.01)
8000,0.189,0.14175,0.9852941176470588,67,255,1362,2.810705401224796e-05,4.322838954430334e-06,2.2106173697879997e-06,5.151157962653841e-07,0.0010129716868908,0.0002333254877208,6.240138403518358e-05,8.049027489050787e-06,lp_rnd,0.01,4,LP-RND (beta=0.01)
9000,0.202,0.1484444444444444,0.9852941176470588,67,255,1564,2.493670846060112e-05,1.2672175674781029e-06,1.7152372781157905e-06,2.4671062499080737e-07,0.0008292160356646,0.0001187393117428,5.543546465378313e-05,6.549460169935628e-06,lp_rnd,0.01,4,LP-RND (beta=0.01)
10000,0.215,0.1551,0.9852941176470588,67,255,1779,2.36509498875442e-05,1.938811939106591e-06,1.5176611309153634e-06,3.168671531123662e-07,0.0007718153028678,0.0001604434059108,5.734944400319364e-05,5.552170333658068e-06,lp_rnd,0.01,4,LP-RND (beta=0.01)
11000,0.146,0.1542727272727272,0.9852941176470588,67,256,1926,2.2646630927053207e-05,3.150029070910297e-06,1.0721897487113992e-06,2.522130589186343e-07,0.0005663566046152,0.0001329839229529,5.910410245269304e-05,5.115432475236048e-06,lp_rnd,0.01,4,LP-RND (beta=0.01)
12000,0.274,0.16425,0.9852941176470588,67,257,2201,2.0439255837304136e-05,3.0133880027147253e-06,8.554042636265598e-07,8.592838254836019e-08,0.0004705627168703,4.702817627791962e-05,6.090376302381628e-05,4.799815722776657e-06,lp_rnd,0.01,4,LP-RND (beta=0.01)
13000,0.177,0.1652307692307692,0.9852941176470588,67,257,2378,1.9308982292247907e-05,3.813764087351045e-07,8.322036427861385e-07,5.6485958917698994e-08,0.0004750875774371,3.228915406281589e-05,6.10517302311564e-05,4.399962516572487e-06,lp_rnd,0.01,4,LP-RND (beta=0.01)
14000,0.127,0.1625,0.9852941176470588,67,259,2507,1.8383693499144585e-05,5.259838386656757e-06,8.078980420928771e-07,5.233249033916558e-07,0.0004779500957781,0.0003101688350594,5.816933109508682e-05,4.188724017467393e-06,lp_rnd,0.01,4,LP-RND (beta=0.01)
15000,0.193,0.1645333333333333,0.9852941176470588,67,259,2700,1.8691470655926306e-05,3.755759448883127e-06,8.325739187632393e-07,1.3350509533262432e-06,0.0005090115447781,0.0008177925431162,5.479265848134673e-05,4.065183121042537e-06,lp_rnd,0.01,4,LP-RND (beta=0.01)
16000,0.253,0.1700625,0.9852941176470588,67,261,2955,1.675946521702183e-05,2.418027349419041e-06,9.04063458242472e-07,1.0776611623542318e-07,0.0005700160096991,6.807738156641889e-05,6.710639657285355e-05,3.937123165087542e-06,lp_rnd,0.01,4,LP-RND (beta=0.01)
17000,0.224,0.173235294117647,0.9852941176470588,67,261,3179,1.6686861130210673e-05,2.1075333845567862e-06,7.514175552257387e-07,1.9553736279638398e-07,0.000488799965831,0.0001272673776474,5.853035644031479e-05,3.787045973695058e-06,lp_rnd,0.01,4,LP-RND (beta=0.01)
18000,0.201,0.1747777777777777,0.9852941176470588,67,261,3380,1.6341005903086625e-05,8.313354947510011e-07,7.584267630373865e-07,5.6222229621975945e-08,0.0005076921968395,3.742253444842273e-05,6.888974677349325e-05,3.6459464608924463e-06,lp_rnd,0.01,4,LP-RND (beta=0.01)
19000,0.176,0.1748421052631578,0.9852941176470588,67,261,3556,1.6611478788387434e-05,3.743010866491051e-06,7.174650627141752e-07,2.678150348479916e-07,0.0004924470386133,0.0001835409092557,6.444020692470076e-05,3.5196983584455666e-06,lp_rnd,0.01,4,LP-RND (beta=0.01)
20000,0.23,0.1776,1.0,68,267,3791,1.587235997051365e-05,4.202086508511658e-06,6.732171127425871e-07,2.725438618939108e-07,0.0004736830615975,0.0001912744607537,8.54130599545897e-05,3.5628260279736424e-06,lp_rnd,0.01,4,LP-RND (beta=0.01)
21000,0.131,0.1753809523809524,1.0,68,267,3922,1.5690135645826982e-05,3.455738668735169e-06,5.434106915761746e-07,5.472167739126742e-07,0.0003892656464828,0.0003958504894634,0.0001050423573924,3.4929007374557843e-06,lp_rnd,0.01,4,LP-RND (beta=0.01)
22000,0.037,0.1690909090909091,1.0,68,267,3959,1.582260062138163e-05,2.596400370047115e-06,1.1023795146635117e-06,4.2168749817851377e-07,0.0008098031365381,0.0003109063244513,0.0001364481019063,3.399940720555605e-06,lp_rnd,0.01,4,LP-RND (beta=0.01)
23000,0.045,0.163695652173913,1.0,68,267,4004,1.3551969126031811e-05,2.126396160636084e-06,5.535039842167559e-07,3.971089722966632e-07,0.0004156091178757,0.0002982963495413,0.0001459595019859,3.2104614109584872e-06,lp_rnd,0.01,4,LP-RND (beta=0.01)
24000,0.044,0.1587083333333333,1.0,68,267,4048,1.4455959682312493e-05,1.4391638850571865e-06,4.212623914347866e-07,2.1084305077867562e-07,0.0003223326619785,0.0001621134098108,0.0001701158730156,3.041083830453317e-06,lp_rnd,0.01,4,LP-RND (beta=0.01)
25000,0.055,0.15456,1.0,68,268,4104,1.3925846162072211e-05,1.6288185599451844e-06,6.01390638621524e-07,1.6417244259168649e-07,0.000471166777668,0.0001287344423596,0.0001934717786516,2.8687438446013404e-06,lp_rnd,0.01,4,LP-RND (beta=0.01)
26000,0.052,0.1506153846153846,1.0,68,268,4156,1.502237856024854e-05,2.7553583602189915e-06,6.981108351912833e-07,3.275454769335837e-07,0.0005564170524764,0.0002620560821818,0.0001924877629135,2.7850244358660347e-06,lp_rnd,0.01,4,LP-RND (beta=0.01)
27000,0.086,0.1482222222222222,1.0,68,268,4242,1.423729294888184e-05,9.109976848821596e-07,5.428801635622053e-07,1.2904978912863186e-07,0.000441787598817,0.0001050070559484,0.0001794191446879,2.6554408603942646e-06,lp_rnd,0.01,4,LP-RND (beta=0.01)
28000,0.072,0.1455,1.0,68,268,4314,1.3323583320672898e-05,1.0761263647235206e-06,5.928553340102857e-07,1.2942639110638437e-07,0.0004912655036794,0.000107257066136,0.0001834958518265,2.607913221936542e-06,lp_rnd,0.01,4,LP-RND (beta=0.01)
29000,0.052,0.1422758620689655,1.0,68,269,4367,1.2367444023416632e-05,1.4520959189884155e-06,4.251060527866894e-07,2.1531876672078906e-07,0.0003573964907783,0.0001813845573364,0.0001836469220706,2.493589770381277e-06,lp_rnd,0.01,4,LP-RND (beta=0.01)
30000,0.103,0.1409666666666666,1.0,68,269,4470,1.285979941297855e-05,9.600538889192698e-07,4.922592037897648e-07,7.864225815088541e-08,0.0004205035868122,6.741164376723461e-05,0.0001893674452912,2.448468734371545e-06,lp_rnd,0.01,4,LP-RND (beta=0.01)
31000,0.122,0.1403548387096774,1.0,68,269,4592,1.2238967917151282e-05,5.379233946519576e-07,4.6918335772447726e-07,5.246951620540663e-08,0.0004075742184625,4.566624346578956e-05,0.0001706288604282,2.3823305957080265e-06,lp_rnd,0.01,4,LP-RND (beta=0.01)
32000,0.102,0.13915625,1.0,68,269,4694,1.324296554052054e-05,4.378668390542623e-07,7.049391293620312e-07,3.6889875932003234e-08,0.0006232148113188,3.259276259978842e-05,0.0002057071360122,2.295825308010535e-06,lp_rnd,0.01,4,LP-RND (beta=0.01)
33000,0.112,0.1383333333333333,1.0,68,269,4806,1.2450432750808562e-05,4.834834324207927e-07,4.635245878554477e-07,4.4988469822355264e-08,0.000415175289559,4.034966514049387e-05,0.000203776182665,2.241828621777131e-06,lp_rnd,0.01,4,LP-RND (beta=0.01)
34000,0.091,0.1369411764705882,1.0,68,269,4897,1.2483220591373258e-05,3.108038470598774e-07,4.811559787472956e-07,5.152453984701334e-08,0.0004379367950968,4.6884011251925377e-05,0.0002110291354838,2.162782678453823e-06,lp_rnd,0.01,4,LP-RND (beta=0.01)
35000,0.242,0.1399428571428571,1.0,68,269,5139,1.1942305684724412e-05,2.3564875272333757e-07,5.922247904786034e-07,6.637927456599251e-08,0.0005470871053468,6.12352533134269e-05,0.0002681755203302,2.1420590072125378e-06,lp_rnd,0.01,4,LP-RND (beta=0.01)
36000,0.153,0.1403055555555555,1.0,68,269,5292,1.1713530704963253e-05,3.27822173048997e-07,4.394911746774097e-07,3.6912247917038264e-08,0.0004112401338815,3.452858124753041e-05,0.0002748754915392,2.1334711868519206e-06,lp_rnd,0.01,4,LP-RND (beta=0.01)
37000,0.033,0.1374054054054054,1.0,68,269,5325,1.0926864543955272e-05,5.452909411976735e-07,4.704208522250128e-07,4.4152576711380186e-08,0.0004469968073508,4.196083570339385e-05,0.0002975380387506,2.04768804098876e-06,lp_rnd,0.01,4,LP-RND (beta=0.01)
38000,0.024,0.1344210526315789,1.0,68,269,5349,1.1182160903899783e-05,7.990437627624099e-07,3.9699142462268366e-07,5.7613505201587376e-08,0.0003815267780489,5.539614231216642e-05,0.0003719209852661,2.0054738770909355e-06,lp_rnd,0.01,4,LP-RND (beta=0.01)
39000,0.073,0.1328461538461538,1.0,68,269,5422,1.0617931758594614e-05,2.25903037480152e-07,4.514128567566394e-07,3.264097402866193e-08,0.0004392351425207,3.1771040028925546e-05,0.0003665795351917,1.945455676889196e-06,lp_rnd,0.01,4,LP-RND (beta=0.01)
40000,0.038,0.130475,1.0,68,269,5460,9.918893403281753e-06,2.8558766891224662e-06,4.213763507945451e-07,2.712134565643338e-07,0.0004162296564645,0.0002677775267703,0.0004219508421374,1.9266413509626544e-06,lp_rnd,0.01,4,LP-RND (beta=0.01)
41000,0.039,0.1282439024390244,1.0,68,269,5499,1.0602599465924775e-05,2.1358564148102665e-06,5.467963768378235e-07,4.5759448721452754e-07,0.0005440573998909,0.0004576399961655,0.0003792147213189,1.9219412573079357e-06,lp_rnd,0.01,4,LP-RND (beta=0.01)
42000,0.058,0.1265714285714285,1.0,68,270,5558,1.21419941714176e-05,2.4379671035919278e-06,5.098734791004219e-07,1.875961071749869e-07,0.0005150875096943,0.0001892571267437,0.0003567516434632,1.8805395417302864e-06,lp_rnd,0.01,4,LP-RND (beta=0.01)
43000,0.019,0.1240697674418604,1.0,68,270,5577,9.55461889948071e-06,2.394936147215383e-06,8.614448521065673e-07,3.519060725521077e-07,0.0008807328908066,0.0003594005984445,0.0003429515092211,1.8691308633833613e-06,lp_rnd,0.01,4,LP-RND (beta=0.01)
44000,0.01,0.1214772727272727,1.0,68,270,5587,9.858410248853033e-06,2.9018389386218737e-06,3.9521864891867153e-08,6.761955971067648e-07,4.077158277588337e-05,0.0006993925054477,0.0002980197277502,1.8068415466245823e-06,lp_rnd,0.01,4,LP-RND (beta=0.01)
45000,0.005,0.1188888888888888,1.0,68,270,5592,1.0749283592303984e-05,2.558962429129656e-06,4.2129313442274e-07,1.4702509693006275e-06,0.0004402964004664,0.0015380283916808,0.0002461007959409,1.8136042506284864e-06,lp_rnd,0.01,4,LP-RND (beta=0.01)
46000,0.028,0.1169130434782608,1.0,68,270,5620,9.314136393965913e-06,8.173694706383619e-07,3.797815517308274e-07,3.087640292871004e-07,0.0004008192953873,0.0003267736367297,0.0002129664638341,1.734179173126904e-06,lp_rnd,0.01,4,LP-RND (beta=0.01)
47000,0.008,0.114595744680851,1.0,68,270,5628,1.1043422944112535e-05,8.07754147411704e-07,2.3319580577663146e-07,2.38454415603787e-07,0.0002487236163502,0.0002548548122161,0.0001968420211105,1.6711899442611866e-06,lp_rnd,0.01,4,LP-RND (beta=0.01)
48000,0.007,0.1123541666666666,1.0,68,270,5635,8.999645095692748e-06,6.2275246392917e-07,1.3370104820101654e-07,1.0888541453597793e-07,0.0001439758690849,0.0001175763257577,0.0001982782441682,1.637996035242395e-06,lp_rnd,0.01,4,LP-RND (beta=0.01)
49000,0.01,0.1102653061224489,1.0,68,270,5645,1.2438983685569835e-05,8.118129395115554e-07,5.157862688065507e-07,7.192500601838743e-08,0.0005607226488161,7.842517022304612e-05,0.0001838426515341,1.5687362873109125e-06,lp_rnd,0.01,4,LP-RND (beta=0.01)
50000,0.009,0.10824,1.0,68,270,5654,1.2086397772590217e-05,5.65260717205611e-07,5.108112317328859e-07,1.551913649841247e-07,0.0005618254287731,0.0001709548256703,0.000177362862154,1.5348304579561045e-06,lp_rnd,0.01,4,LP-RND (beta=0.01)
51000,0.01,0.106313725490196,1.0,68,270,5664,9.954362576536367e-06,2.043384926702691e-06,4.4575799620361065e-07,8.054955963179873e-07,0.0004947025472479,0.0008964070302231,0.000173842842877,1.5147047297432437e-06,lp_rnd,0.01,4,LP-RND (beta=0.01)
52000,0.012,0.1045,1.0,68,270,5676,1.13717925387391e-05,2.3628860076085034e-06,3.2383392560101737e-07,1.1067558584866178e-06,0.0003639786570043,0.001244794824226,0.0001884518486795,1.4647240713827614e-06,lp_rnd,0.01,4,LP-RND (beta=0.01)
53000,0.01,0.1027169811320754,1.0,68,270,5686,9.574079649610212e-06,1.231544834790942e-06,6.212844709807541e-07,1.015271550515577e-06,0.0007033806950973,0.0011505485701761,0.0001333766982706,1.451187208488136e-06,lp_rnd,0.01,4,LP-RND (beta=0.01)
54000,0.01,0.101,1.0,68,270,5696,1.2384153797029284e-05,1.2717437265124694e-06,2.777388544927817e-07,3.3590135684114626e-07,0.0003167958116565,0.0003846690654748,0.0001412495476756,1.4441470967199166e-06,lp_rnd,0.01,4,LP-RND (beta=0.01)
55000,0.032,0.0997454545454545,1.0,68,270,5728,1.3410713023631615e-05,9.795208974066012e-07,5.504136169065532e-07,2.408106393520832e-07,0.0006343950541209,0.0002780812788812,0.000151484665213,1.3616801487330577e-06,lp_rnd,0.01,4,LP-RND (beta=0.01)
56000,0.016,0.09825,1.0,68,270,5744,1.3527022815651437e-05,1.0376040561389224e-06,1.0968200285788043e-06,1.5503770136900322e-07,0.0012781494836191,0.0001806040054191,0.0001387288540136,1.343300544789372e-06,lp_rnd,0.01,4,LP-RND (beta=0.01)
57000,0.083,0.0979824561403508,1.0,68,270,5827,1.1245434238680244e-05,4.518422714572971e-07,4.950781428295115e-07,2.1604814074631994e-07,0.0005819096032467,0.0002539213516488,0.0001584974425932,1.3187507819907296e-06,lp_rnd,0.01,4,LP-RND (beta=0.01)
58000,0.02,0.0966379310344827,1.0,68,270,5847,1.1407233728277788e-05,2.1941818791281186e-07,4.964049821865047e-07,5.0909325814384887e-08,0.0005885301269969,6.035768991749593e-05,0.0001395279298126,1.2367994643369685e-06,lp_rnd,0.01,4,LP-RND (beta=0.01)
59000,0.207,0.0985084745762711,1.0,68,270,6054,1.2895627129042088e-05,2.36636296335746e-07,4.344118270386969e-07,2.9487824551486882e-08,0.000519216999149,3.5215887768155613e-05,0.0001310349223786,1.1892049059269993e-06,lp_rnd,0.01,4,LP-RND (beta=0.01)
60000,0.395,0.10345,1.0,68,270,6449,1.169899835099674e-05,5.897872459300285e-07,4.3848963805085307e-07,6.335242114415856e-08,0.0005276339894184,7.634794400060964e-05,0.0001488979825353,1.2477410206486183e-06,lp_rnd,0.01,4,LP-RND (beta=0.01)
61000,0.201,0.1050491803278688,1.0,68,270,6650,1.1722932474334974e-05,3.761215868042727e-07,5.168188778694837e-07,1.977444988563904e-08,0.0006276844160191,2.401935421751987e-05,0.0001580076797727,1.281495667086574e-06,lp_rnd,0.01,4,LP-RND (beta=0.01)
62000,0.094,0.1048709677419354,1.0,68,270,6744,1.1839627941686133e-05,4.566422022165127e-07,4.647747234830217e-07,1.9179883582752e-08,0.0005687924528969,2.347040017614634e-05,0.0001004493327532,1.22103999623846e-06,lp_rnd,0.01,4,LP-RND (beta=0.01)
63000,0.235,0.1069365079365079,1.0,68,270,6979,1.2431295755882175e-05,2.525456262206075e-07,5.031837954834857e-07,2.171509612183584e-08,0.0006211969885471,2.681515231558195e-05,0.0001269834160711,1.2011769943001129e-06,lp_rnd,0.01,4,LP-RND (beta=0.01)
64000,0.097,0.10678125,1.0,68,270,7076,1.1879382515131116e-05,6.745042716224937e-07,5.17683474754449e-07,5.104438848420281e-08,0.0006421339869947,6.353892857831788e-05,0.0001156327991193,1.2054656920525986e-06,lp_rnd,0.01,4,LP-RND (beta=0.01)
65000,0.023,0.1054923076923076,1.0,68,270,7099,1.1386363835101848e-05,1.4229651692369098e-07,6.442125951529623e-07,4.355179855556595e-09,0.0008067939922327,5.457008245786481e-06,0.0001319385841845,1.1736687752659237e-06,lp_rnd,0.01,4,LP-RND (beta=0.01)
66000,0.135,0.1059393939393939,1.0,68,270,7234,1.1128761394098144e-05,1.0115980007297544e-06,4.0627490104978086e-07,1.758607743365333e-07,0.0005124869735454,0.0002224135220317,0.0001205485126781,1.131256235169076e-06,lp_rnd,0.01,4,LP-RND (beta=0.01)
67000,0.041,0.1049701492537313,1.0,68,270,7275,1.0780315267588664e-05,4.1029564299246346e-07,3.97519393229187e-07,1.4410217519766054e-07,0.0005054018364918,0.0001837012528488,9.43538962887942e-05,1.0790270989105011e-06,lp_rnd,0.01,4,LP-RND (beta=0.01)
68000,0.421,0.1096176470588235,1.0,68,270,7696,1.0889006582812354e-05,3.496516623424401e-07,5.372859242380787e-07,1.7068639313305185e-08,0.0006890884234135,2.183815322229333e-05,0.000100554349681,1.0783082671679268e-06,lp_rnd,0.01,4,LP-RND (beta=0.01)
69000,0.393,0.1137246376811594,1.0,68,270,8089,1.124529437437728e-05,1.964729545857925e-07,4.127043799881387e-07,1.154101542431344e-08,0.0005324599495598,1.489958088471126e-05,0.0001079372315207,1.1278667951302169e-06,lp_rnd,0.01,4,LP-RND (beta=0.01)
70000,0.754,0.1228714285714285,1.0,68,270,8843,1.2217129724666214e-05,2.744479309901488e-07,5.216612776926508e-07,3.1207825079343275e-08,0.0006785693749897,4.051420352753811e-05,0.0001092377757699,1.1903055002733254e-06,lp_rnd,0.01,4,LP-RND (beta=0.01)
71000,0.617,0.1298309859154929,1.0,68,270,9460,1.1562201883953537e-05,1.7687756995996118e-07,4.63323988371317e-07,9.777418491899149e-09,0.0006064047880877,1.2799096809573349e-05,0.0001227558065445,1.339054522418337e-06,lp_rnd,0.01,4,LP-RND (beta=0.01)
72000,0.438,0.1341111111111111,1.0,68,270,9898,1.1398454358271562e-05,3.664861863916238e-07,4.220151307699738e-07,3.296092727976743e-08,0.000556760482891,4.341212539636357e-05,0.0001318285526068,1.4007667591613426e-06,lp_rnd,0.01,4,LP-RND (beta=0.01)
73000,0.19,0.1348767123287671,1.0,68,270,10088,1.116361470633963e-05,9.582492349616243e-07,3.70317178222697e-07,4.842283367255687e-08,0.0004917245103551,6.425609262997197e-05,0.0001069087830933,1.4573172998950669e-06,lp_rnd,0.01,4,LP-RND (beta=0.01)
74000,0.111,0.134554054054054,1.0,68,270,10199,1.0010182773708815e-05,2.734748044107771e-07,4.362272447250943e-07,6.02898651427766e-08,0.0005832090770582,8.05480068913551e-05,0.0001184729667702,1.4923734775891262e-06,lp_rnd,0.01,4,LP-RND (beta=0.01)
75000,0.058,0.1335333333333333,1.0,68,270,10257,8.804743394084025e-06,1.5534318822462642e-07,3.427045973286771e-07,9.957200105248766e-09,0.0004603607780056,1.3391379241153385e-05,0.000113440467338,1.4710775573405498e-06,lp_rnd,0.01,4,LP-RND (beta=0.01)
76000,0.013,0.1319473684210526,1.0,68,270,10270,9.597851938171796e-06,1.445645314698849e-07,1.995619571131941e-07,3.8880635196835636e-09,0.00027001301676,5.269093149685073e-06,0.0001249041701926,1.4528019776491874e-06,lp_rnd,0.01,4,LP-RND (beta=0.01)
77000,0.041,0.1307662337662337,1.0,68,270,10311,8.801662854638402e-06,1.865631885205939e-07,4.985914340689238e-07,1.4789579437152692e-08,0.000679702712814,2.0167863814952654e-05,0.0001339850311301,1.444123255254226e-06,lp_rnd,0.01,4,LP-RND (beta=0.01)
78000,0.035,0.1295384615384615,1.0,68,270,10346,9.021232602078402e-06,1.801757850675027e-07,4.6930973829668283e-07,1.3624503734997231e-08,0.0006435576167783,1.86913862042901e-05,0.0001232885723306,1.4097872013394407e-06,lp_rnd,0.01,4,LP-RND (beta=0.01)
79000,0.181,0.1301898734177215,1.0,68,270,10527,1.0175842550945454e-05,1.6021520740456829e-07,3.5956827308616e-07,3.909860139462721e-08,0.0004965175340489,5.397330397729619e-05,0.0001193627108036,1.396665171228051e-06,lp_rnd,0.01,4,LP-RND (beta=0.01)
80000,0.04,0.1290625,1.0,68,270,10567,8.022132522000903e-06,1.390487087545485e-07,5.177696152713907e-07,3.643677283967269e-08,0.0007194423498337,5.060824817389197e-05,0.0001617401538323,1.43219032355546e-06,lp_rnd,0.01,4,LP-RND (beta=0.01)
81000,0.01,0.1275925925925926,1.0,68,270,10577,7.951504267111887e-06,1.4060636845364125e-07,3.576483322831337e-07,4.363804312290105e-08,0.0005001159417193,6.100897760380684e-05,0.0001313530726392,1.3642063946974758e-06,lp_rnd,0.01,4,LP-RND (beta=0.01)
82000,0.005,0.1260975609756097,1.0,68,270,10582,8.606357368989848e-06,2.2802861200427437e-07,1.1917018127860501e-07,1.7186395643761328e-08,0.000167492001234,2.418312363435542e-05,0.0001617469713114,1.3617921597415262e-06,lp_rnd,0.01,4,LP-RND (beta=0.01)
83000,0.009,0.1246867469879518,1.0,68,270,10591,6.301257346624172e-06,1.352430495666233e-07,3.6057286302416793e-07,1.4091025877240892e-08,0.0005092094144429,1.9932652119890743e-05,0.0001501055854791,1.333033850414722e-06,lp_rnd,0.01,4,LP-RND (beta=0.01)
84000,0.02,0.1234404761904761,1.0,68,270,10611,8.855787223183143e-06,1.5039935578303176e-07,3.670799515020917e-07,1.4322533211131431e-08,0.0005220059949905,2.0383691519645065e-05,0.0001505170264649,1.2969566924425636e-06,lp_rnd,0.01,4,LP-RND (beta=0.01)
85000,0.089,0.123035294117647,1.0,68,270,10700,8.965744532514272e-06,1.630593575635949e-07,5.263587819386844e-07,1.0035786388038741e-08,0.0007533981793535,1.4366834609979156e-05,0.0001448626211267,1.2825029184995174e-06,lp_rnd,0.01,4,LP-RND (beta=0.01)
86000,0.045,0.1221279069767441,1.0,68,270,10745,7.514282874075838e-06,2.62522269435524e-07,3.225922935396536e-07,2.3242716981081943e-08,0.0004640591388938,3.348050782665409e-05,0.000160400492449,1.2227961664734722e-06,lp_rnd,0.01,4,LP-RND (beta=0.01)
87000,0.029,0.1210574712643678,1.0,68,270,10774,7.623438799281098e-06,2.237697506078209e-07,2.486302915274101e-07,1.1363150656600726e-08,0.0003605045851653,1.645679193126119e-05,0.0001563921604474,1.2152020091065197e-06,lp_rnd,0.01,4,LP-RND (beta=0.01)
88000,0.029,0.1200113636363636,1.0,68,270,10803,8.368922808272302e-06,1.8315230811500545e-07,4.5966850911068405e-07,2.6303437406887666e-08,0.0006685035292747,3.8316728578489495e-05,0.0002029223474455,1.185687416736414e-06,lp_rnd,0.01,4,LP-RND (beta=0.01)
89000,0.023,0.1189213483146067,1.0,68,270,10826,8.421775735611016e-06,1.284540393407672e-07,3.659656415592231e-07,2.9742564812712364e-08,0.0005360587692509,4.357141016071821e-05,0.0001557404783347,1.200908331441042e-06,lp_rnd,0.01,4,LP-RND (beta=0.01)
90000,0.033,0.1179666666666666,1.0,68,270,10859,7.483246842336181e-06,2.3394455189700454e-07,2.850253457092384e-07,2.8686060047406484e-08,0.0004197158973364,4.226176293893455e-05,0.000166289204652,1.1958788991250912e-06,lp_rnd,0.01,4,LP-RND (beta=0.01)
91000,0.022,0.1169120879120879,1.0,68,270,10881,7.10330968186926e-06,2.1572436136452938e-07,5.29754867205735e-07,2.0716062539559122e-08,0.0007844697924381,3.0693778566797024e-05,0.0001445534760714,1.1716184115755368e-06,lp_rnd,0.01,4,LP-RND (beta=0.01)
92000,0.007,0.1157173913043478,1.0,68,270,10888,7.680193903070176e-06,1.4434643199152778e-07,1.4559028776212865e-07,1.805619918727089e-08,0.0002170735273079,2.688821125540594e-05,0.0001625008956802,1.1395661992708027e-06,lp_rnd,0.01,4,LP-RND (beta=0.01)
93000,0.026,0.114752688172043,1.0,68,270,10914,7.800945442026064e-06,1.8520687383727366e-07,5.51280112841386e-07,1.8342726149750945e-08,0.000825789255088,2.74666619283192e-05,0.0001550800221275,1.15120774165689e-06,lp_rnd,0.01,4,LP-RND (beta=0.01)
94000,0.044,0.114,1.0,68,270,10958,9.14785913540651e-06,1.576258655613078e-07,4.827152534661846e-07,2.7070010311428402e-08,0.0007258306701199,4.075197638291923e-05,0.000146725291162,1.176867923746272e-06,lp_rnd,0.01,4,LP-RND (beta=0.01)
95000,0.263,0.1155684210526315,1.0,68,270,11221,9.431569544294032e-06,1.3153581502999334e-07,3.8647639824033444e-07,1.5031292154882417e-08,0.0005845095715432,2.2741336652489277e-05,0.0001693508965963,1.1944891741109131e-06,lp_rnd,0.01,4,LP-RND (beta=0.01)
96000,0.444,0.1189895833333333,1.0,68,270,11665,9.131678985090936e-06,1.319880417143292e-07,3.6153905434197817e-07,1.7796101059612695e-08,0.0005497073208814,2.7062763088963667e-05,0.0001769746783966,1.2580315794252785e-06,lp_rnd,0.01,4,LP-RND (beta=0.01)
97000,0.038,0.1181546391752577,1.0,68,270,11703,8.095808233950888e-06,1.30428307854659e-07,5.209643691877749e-07,8.574722311727226e-09,0.0007965987727429,1.31115794435693e-05,0.0001729698441326,1.2726173699491029e-06,lp_rnd,0.01,4,LP-RND (beta=0.01)
98000,0.016,0.1171122448979591,1.0,68,270,11719,7.856034386577448e-06,1.4062092668979406e-07,2.3349866751232187e-07,5.938395636114477e-09,0.0003584065490911,9.120846852933914e-06,0.0001956820408779,1.2575375411927326e-06,lp_rnd,0.01,4,LP-RND (beta=0.01)
99000,0.016,0.116090909090909,1.0,68,270,11735,7.856145430196193e-06,1.262487586379199e-07,2.815613697748631e-07,3.113558975953987e-08,0.0004340791754621,4.808718383308835e-05,0.0002118004852668,1.2688984417650317e-06,lp_rnd,0.01,4,LP-RND (beta=0.01)
100000,0.025,0.11518,1.0,68,270,11760,7.868954107834724e-06,1.4342205492659026e-07,1.862051976786461e-07,2.7334991534790117e-08,0.0002890682312961,4.243399241365536e-05,0.0001970960609544,1.2445549804454005e-06,lp_rnd,0.01,4,LP-RND (beta=0.01)
1000,0.187,0.187,0.4411764705882353,30,100,270,0.0092673387607549,0.0072537999958725,0.0,0.0,0.0,0.0,0.0024922587908804,0.007752314209938,lp_rnd,0.05,0,LP-RND (beta=0.05)
2000,0.168,0.1775,0.5735294117647058,39,142,478,0.0005681142960643,0.0003941779211024,0.0083246415264771,0.0067868241760432,2.9781168598579035,2.51238868699657,0.0030122304766555,0.0003935330397725,lp_rnd,0.05,0,LP-RND (beta=0.05)
3000,0.122,0.159,0.6911764705882353,47,177,634,9.989814402690142e-05,5.103521507788687e-05,4.186664651182373e-05,2.161633483591974e-05,0.0119673082140835,0.0061185228468843,0.0024430946673965,4.250848084848258e-05,lp_rnd,0.05,0,LP-RND (beta=0.05)
4000,0.174,0.16275,0.9117647058823528,62,224,851,7.162092332555926e-05,2.380758516045585e-05,1.0434359352786132e-05,5.93631415240953e-06,0.0032083322688212,0.0018449574377208,0.0020720774826477,2.339969976037537e-05,lp_rnd,0.05,0,LP-RND (beta=0.05)
5000,0.12,0.1542,0.9264705882352942,63,236,983,4.785010722419732e-05,2.183924477938087e-05,6.831501908285039e-06,4.5703252388436384e-06,0.0023136005611224,0.0015279380116305,0.0017165002722758,1.6661079966070246e-05,lp_rnd,0.05,0,LP-RND (beta=0.05)
6000,0.253,0.1706666666666666,0.9264705882352942,63,240,1239,4.020763679529244e-05,1.4145862535691158e-05,3.691193133591685e-06,3.43945707076744e-06,0.0013282554257574,0.0012566158571912,0.0015647873468697,1.2813236081001378e-05,lp_rnd,0.05,0,LP-RND (beta=0.05)
7000,0.225,0.1784285714285714,0.9264705882352942,63,243,1467,3.165848775097402e-05,7.742561160556204e-06,2.652384925265021e-06,1.8877469656511112e-06,0.0010256482823604,0.0007369467987938,0.0014266704675974,1.0510604771752696e-05,lp_rnd,0.05,0,LP-RND (beta=0.05)
8000,0.078,0.165875,0.9705882352941176,66,257,1558,2.828877323060088e-05,1.8272220208809677e-05,1.7078209216728842e-06,2.585117007172806e-06,0.0006930433273721,0.0010668860425136,0.0013657565528701,9.417421330908837e-06,lp_rnd,0.05,0,LP-RND (beta=0.05)
9000,0.194,0.169,0.9705882352941176,66,257,1752,2.469049334265328e-05,7.299141323657804e-06,1.1442128094675298e-06,1.478419333741594e-06,0.0004928616304729,0.0006448808081306,0.0013151909516309,8.142600150677026e-06,lp_rnd,0.05,0,LP-RND (beta=0.05)
10000,0.113,0.1634,0.9852941176470588,67,265,1872,2.3802413173232112e-05,1.1227920403128546e-05,1.5257279478364822e-06,8.838989229061113e-07,0.0006933769640079,0.0003995038046717,0.0012009795777266,7.392180326178277e-06,lp_rnd,0.05,0,LP-RND (beta=0.05)
11000,0.171,0.1640909090909091,0.9852941176470588,67,265,2043,2.110722794491772e-05,7.028104308070689e-06,8.803169575859574e-07,5.451375388370071e-07,0.0004164337002194,0.0002582765053058,0.0011595947505848,6.5726924942737245e-06,lp_rnd,0.05,0,LP-RND (beta=0.05)
12000,0.104,0.1590833333333333,0.9852941176470588,67,265,2147,2.1475450353136694e-05,1.639324364778792e-06,1.1025694605520514e-06,3.309412671998706e-07,0.0005428265415952,0.0001637390571793,0.0011102742684306,5.712622462397121e-06,lp_rnd,0.05,0,LP-RND (beta=0.05)
13000,0.105,0.1549230769230769,0.9852941176470588,67,265,2252,1.9919557867286217e-05,1.9325323074432093e-06,7.947213123857399e-07,3.088502056183968e-07,0.0004062289494568,0.000159295193735,0.0010522339819726,4.966224284771669e-06,lp_rnd,0.05,0,LP-RND (beta=0.05)
14000,0.182,0.1568571428571428,0.9852941176470588,67,265,2434,1.908908294043923e-05,1.0123477939535567e-06,7.582340118800518e-07,1.638681737372425e-07,0.0004031214595335,8.723789882836766e-05,0.0009408003381686,4.587090751329015e-06,lp_rnd,0.05,0,LP-RND (beta=0.05)
15000,0.179,0.1583333333333333,0.9852941176470588,67,265,2613,1.794522732937534e-05,9.97863692165841e-07,7.873939761359312e-07,1.223688691769995e-07,0.0004342419332182,6.717210489146189e-05,0.0008743032138881,4.127419265159915e-06,lp_rnd,0.05,0,LP-RND (beta=0.05)
16000,0.089,0.154,0.9852941176470588,67,265,2702,1.6388103513951608e-05,2.477280909968293e-06,7.303788867390589e-07,2.194552440110308e-07,0.0004171413307468,0.0001243252962199,0.0007846645533136,3.913881732501068e-06,lp_rnd,0.05,0,LP-RND (beta=0.05)
17000,0.297,0.1624117647058823,0.9852941176470588,67,265,2999,1.7692463063170056e-05,6.469150271238413e-07,7.443937580252101e-07,9.920187757199937e-08,0.0004340430764568,5.774811141403305e-05,0.0007502103723236,3.831457774708724e-06,lp_rnd,0.05,0,LP-RND (beta=0.05)
18000,0.252,0.1673888888888889,0.9852941176470588,67,265,3251,1.6334847063017296e-05,8.758814801431887e-07,5.490048806677805e-07,1.026806472433032e-07,0.0003274612149426,6.176711593878718e-05,0.0006742727133096,3.746757114413413e-06,lp_rnd,0.05,0,LP-RND (beta=0.05)
19000,0.247,0.171578947368421,0.9852941176470588,67,265,3498,1.6085229461109723e-05,5.773001346942674e-07,8.867734363352077e-07,6.6719690749062e-08,0.0005467240999551,4.106007481108014e-05,0.0006212076944357,3.5660582213949965e-06,lp_rnd,0.05,0,LP-RND (beta=0.05)
20000,0.248,0.1754,0.9852941176470588,67,265,3746,1.578029771794278e-05,7.285230081138439e-07,6.687926858625537e-07,7.408293388673404e-08,0.0004203585404003,4.6949154889069785e-05,0.0005903857417943,3.530400189674765e-06,lp_rnd,0.05,0,LP-RND (beta=0.05)
21000,0.387,0.1854761904761905,0.9852941176470588,67,265,4133,1.5589871008717092e-05,1.1427749649426057e-06,7.632312737830201e-07,7.436530817494417e-08,0.0004938479349734,4.8007628144136535e-05,0.0005855775814416,3.4772154127722386e-06,lp_rnd,0.05,0,LP-RND (beta=0.05)
22000,0.378,0.1942272727272727,0.9852941176470588,67,265,4511,1.52885810917175e-05,1.2449358333132313e-06,6.600087559375438e-07,1.1582185169930278e-07,0.0004364811002546,7.660751300952347e-05,0.0005471183733388,3.5492904586362784e-06,lp_rnd,0.05,0,LP-RND (beta=0.05)
23000,0.405,0.2033913043478261,0.9852941176470588,67,265,4916,1.4788018749338031e-05,1.1450758008509985e-06,8.165385572934655e-07,7.552594490502882e-08,0.0005520273291012,5.082311050071186e-05,0.0005267446868383,3.5466110163042684e-06,lp_rnd,0.05,0,LP-RND (beta=0.05)
24000,0.396,0.2114166666666666,0.9852941176470588,67,265,5312,1.4571059773745696e-05,3.345493352604243e-07,6.235606996588012e-07,1.9423364109147562e-08,0.0004295434101162,1.3375665525785228e-05,0.0005113914728863,3.6097827561434313e-06,lp_rnd,0.05,0,LP-RND (beta=0.05)
25000,0.363,0.21748,0.9852941176470588,67,265,5675,1.4141665235237228e-05,1.4385407856164832e-06,5.468714610315422e-07,8.477590159194166e-08,0.0003840666510026,5.9715620157526894e-05,0.0004629827772696,3.6019767962898188e-06,lp_rnd,0.05,0,LP-RND (beta=0.05)
26000,0.411,0.2249230769230769,0.9852941176470588,67,265,6086,1.4006185848056636e-05,3.130974827631775e-07,5.789611095856023e-07,7.858312806737403e-09,0.0004149516014482,5.643559941008814e-06,0.0004706133145191,3.603731317753045e-06,lp_rnd,0.05,0,LP-RND (beta=0.05)
27000,0.468,0.2339259259259259,0.9852941176470588,67,265,6554,1.378872461361588e-05,2.968618165190316e-07,6.015566243196447e-07,3.8851297250352724e-08,0.0004393208888598,2.835695580842871e-05,0.0004503059790149,3.654877951134949e-06,lp_rnd,0.05,0,LP-RND (beta=0.05)
28000,0.321,0.2370357142857143,0.9852941176470588,67,265,6875,1.367548178524681e-05,2.882963242835348e-07,5.363941635893705e-07,7.775781825527244e-08,0.0003985935663175,5.774738584030053e-05,0.0004521831705205,3.658652714534583e-06,lp_rnd,0.05,0,LP-RND (beta=0.05)
29000,0.291,0.2388965517241379,0.9852941176470588,67,265,7166,1.3067978592597998e-05,3.469025911587588e-07,5.837209896198306e-07,6.079087024710353e-08,0.0004416711392529,4.592762518326485e-05,0.0004080290572237,3.5648566988584207e-06,lp_rnd,0.05,0,LP-RND (beta=0.05)
30000,0.356,0.2428,0.9852941176470588,67,265,7522,1.26450209711876e-05,2.651609682963013e-07,5.572432037501784e-07,2.5210180289782217e-08,0.0004283595032776,1.937215334362988e-05,0.0004083702074894,3.539472518355069e-06,lp_rnd,0.05,0,LP-RND (beta=0.05)
31000,0.348,0.2461935483870967,0.9852941176470588,67,265,7870,1.2867612592041649e-05,2.5877374299273225e-07,5.003989474124833e-07,8.546571440743604e-08,0.000390638678303,6.671839081583699e-05,0.0003812444809336,3.554665245360411e-06,lp_rnd,0.05,0,LP-RND (beta=0.05)
32000,0.304,0.248,0.9852941176470588,67,265,8174,1.2563564379625428e-05,2.5187463105751656e-07,5.068751429342611e-07,3.888934278055088e-08,0.000402118833473,3.087169224938014e-05,0.0003624937026506,3.5589482255318218e-06,lp_rnd,0.05,0,LP-RND (beta=0.05)
33000,0.224,0.2472727272727272,0.9852941176470588,67,265,8398,1.2168600855082853e-05,3.102047474422977e-07,7.15728546651917e-07,5.1394586666658696e-08,0.0005756087723176,4.138026377625405e-05,0.0003563551892511,3.4666322601424325e-06,lp_rnd,0.05,0,LP-RND (beta=0.05)
34000,0.423,0.2524411764705882,0.9852941176470588,67,265,8821,1.2311036422231604e-05,2.6585582178159733e-07,5.296953164128973e-07,2.9683863621309813e-08,0.0004330544588696,2.425928538890206e-05,0.000321897926984,3.439479456119443e-06,lp_rnd,0.05,0,LP-RND (beta=0.05)
35000,0.644,0.2636285714285714,0.9852941176470588,67,265,9465,1.2182075394750472e-05,7.490208459263717e-07,5.882510080205658e-07,4.2170425573501464e-08,0.0004879132995239,3.490275495718203e-05,0.0003385163400871,3.487734995815117e-06,lp_rnd,0.05,0,LP-RND (beta=0.05)
36000,0.468,0.2693055555555556,0.9852941176470588,67,265,9933,1.1850197654147894e-05,2.5804734758017365e-07,4.118149547108089e-07,3.2501472697805024e-08,0.0003461152365163,2.733677890421606e-05,0.0003289007168314,3.549596445282077e-06,lp_rnd,0.05,0,LP-RND (beta=0.05)
37000,0.349,0.2714594594594595,0.9852941176470588,67,265,10282,1.1632680915105777e-05,3.744292818176699e-07,5.21472674646224e-07,7.892761746308844e-08,0.0004445547594125,6.718237220382247e-05,0.0003173624883784,3.492711163517015e-06,lp_rnd,0.05,0,LP-RND (beta=0.05)
38000,0.237,0.2705526315789474,0.9852941176470588,67,265,10519,1.1583113413477115e-05,5.555896673996772e-07,4.852656451560348e-07,5.33713257820534e-08,0.0004190695945617,4.607738641113886e-05,0.0003231280522413,3.511110703811937e-06,lp_rnd,0.05,0,LP-RND (beta=0.05)
39000,0.205,0.2688717948717948,1.0,68,268,10726,1.100763493013801e-05,4.4646039321667205e-06,5.354127252514179e-07,4.185227300746026e-07,0.000469057355907,0.0003639170135222,0.0003175746885135,3.448787716138213e-06,lp_rnd,0.05,0,LP-RND (beta=0.05)
40000,0.194,0.267,1.0,68,268,10920,1.0715935312048518e-05,1.1139226157124555e-06,4.5680839363187045e-07,4.7673264641156875e-08,0.0004043490042096,4.2100907621246735e-05,0.0002906252503253,3.397454829837443e-06,lp_rnd,0.05,0,LP-RND (beta=0.05)
41000,0.051,0.2617317073170732,1.0,68,268,10971,1.0335735864560669e-05,1.725864060698372e-06,3.715368959591633e-07,4.115745935262632e-07,0.0003328015922278,0.0003699002123743,0.0002865767240618,3.301412237988188e-06,lp_rnd,0.05,0,LP-RND (beta=0.05)
42000,0.224,0.2608333333333333,1.0,68,268,11195,1.113284730231661e-05,8.075453929657607e-07,5.309478286871386e-07,1.929338297005127e-07,0.000481574373042,0.0001751826339008,0.0002889555311448,3.213070206584234e-06,lp_rnd,0.05,0,LP-RND (beta=0.05)
43000,0.075,0.2565116279069767,1.0,68,268,11270,1.090650714104413e-05,4.4278963138048005e-07,3.5735789424506945e-07,7.346548183729309e-08,0.000327796089211,6.74072381933453e-05,0.0002765513579615,3.167533746477602e-06,lp_rnd,0.05,0,LP-RND (beta=0.05)
44000,0.011,0.2509318181818182,1.0,68,268,11281,1.1174641795977632e-05,7.853985169458794e-07,3.653401356793686e-07,1.0801328736318873e-07,0.0003398112824901,0.0001002836553993,0.0002753023472196,3.106885972783857e-06,lp_rnd,0.05,0,LP-RND (beta=0.05)
45000,0.027,0.2459555555555555,1.0,68,268,11308,9.7897042939655e-06,5.844930197522378e-07,3.5773867542350973e-07,1.3289668817011114e-07,0.000336677916069,0.0001248599966044,0.0002748150223778,3.0162012396885984e-06,lp_rnd,0.05,0,LP-RND (beta=0.05)
46000,0.009,0.2408043478260869,1.0,68,268,11317,9.420971562374489e-06,3.8148512098925813e-07,4.700500539911445e-07,4.6944338655190886e-08,0.0004457928362912,4.459679751504521e-05,0.0002701935760433,2.886901132342245e-06,lp_rnd,0.05,0,LP-RND (beta=0.05)
47000,0.028,0.2362765957446808,1.0,68,268,11345,9.527140589073366e-06,5.23897617260914e-07,1.585083932046213e-07,1.1638682664358429e-07,0.0001517100580029,0.0001117113718724,0.0002759639190207,2.861873021515749e-06,lp_rnd,0.05,0,LP-RND (beta=0.05)
48000,0.015,0.2316666666666666,1.0,68,268,11360,1.0547583709315708e-05,4.641290326209306e-07,4.232345114966544e-07,1.0267635913746998e-07,0.0004103550102761,9.957849275739136e-05,0.0002602572771193,2.741863009418921e-06,lp_rnd,0.05,0,LP-RND (beta=0.05)
49000,0.009,0.2271224489795918,1.0,68,268,11369,8.447474808943096e-06,3.330470728774615e-07,2.100570479039258e-07,3.6285076137139824e-08,0.0002060268386286,3.548523951540011e-05,0.0002507055687838,2.701496725535435e-06,lp_rnd,0.05,0,LP-RND (beta=0.05)
50000,0.005,0.22268,1.0,68,268,11374,9.180659799312706e-06,5.241598084901866e-07,4.6410150389419875e-08,7.396315453434e-08,4.597281789034478e-05,7.317839084361676e-05,0.00024484150046,2.674113838111225e-06,lp_rnd,0.05,0,LP-RND (beta=0.05)
51000,0.035,0.219,1.0,68,268,11409,1.1797051346158176e-05,7.192319131450821e-07,4.35209325847349e-07,7.982582013798628e-08,0.0004341613025976,7.965084367800194e-05,0.0002505121401391,2.5828799572309434e-06,lp_rnd,0.05,0,LP-RND (beta=0.05)
52000,0.046,0.2156730769230769,1.0,68,268,11455,1.0060894915706898e-05,1.0231527346059511e-06,5.232719440359885e-07,1.4645968554034966e-07,0.0005278855022349,0.0001476022533563,0.0001185811935365,2.510182091668867e-06,lp_rnd,0.05,0,LP-RND (beta=0.05)
53000,0.1,0.2134905660377358,1.0,68,268,11555,1.039378382756695e-05,5.344903858804805e-07,4.103201899852138e-07,4.259621024497544e-08,0.0004174861543191,4.340537958573648e-05,4.5495764665247406e-05,2.536533341583436e-06,lp_rnd,0.05,0,LP-RND (beta=0.05)
54000,0.016,0.2098333333333333,1.0,68,268,11571,1.0033408301524103e-05,3.09395201982304e-07,7.079942179188947e-07,9.712044678144225e-08,0.0007281352276756,9.978676536800286e-05,4.346571426685841e-05,2.5066135807492176e-06,lp_rnd,0.05,0,LP-RND (beta=0.05)
55000,0.007,0.2061454545454545,1.0,68,268,11578,8.455688462813019e-06,2.36190359492962e-07,3.776735216628627e-07,1.340193292987808e-08,0.0003918968722913,1.3885246875646252e-05,3.4204416074544494e-05,2.418417993681032e-06,lp_rnd,0.05,0,LP-RND (beta=0.05)
56000,0.013,0.2026964285714285,1.0,68,268,11591,1.0005522269169049e-05,2.3471533266797657e-07,7.461475294034104e-07,8.131348294187018e-08,0.0007793218313766,8.503795730338598e-05,3.340087323067564e-05,2.3214569313836363e-06,lp_rnd,0.05,0,LP-RND (beta=0.05)
57000,0.009,0.199298245614035,1.0,68,268,11600,1.099199981682533e-05,2.611415754924425e-07,6.078831170776134e-07,7.328482004402384e-08,0.000641065249021,7.730378471543676e-05,2.712749326155972e-05,2.259409033513293e-06,lp_rnd,0.05,0,LP-RND (beta=0.05)
58000,0.077,0.1971896551724138,1.0,68,268,11677,1.0007368603380331e-05,1.811831506186877e-07,3.976507440557879e-07,1.4158896235309513e-08,0.0004238725241952,1.5057390362176752e-05,3.1815026411322835e-05,2.203358325630233e-06,lp_rnd,0.05,0,LP-RND (beta=0.05)
59000,0.032,0.1943898305084745,1.0,68,268,11709,1.0728211108812502e-05,2.2242062916891307e-07,2.0662236011048665e-07,2.0676008864613363e-08,0.0002220398709955,2.2199108029506705e-05,3.3509076019981875e-05,2.154858151868666e-06,lp_rnd,0.05,0,LP-RND (beta=0.05)
60000,0.092,0.1926833333333333,1.0,68,268,11801,1.027100838853031e-05,2.389850108351895e-07,3.114891925455911e-07,4.1959559640813024e-08,0.0003369776955524,4.539589619793289e-05,3.086534497060711e-05,2.103186515228117e-06,lp_rnd,0.05,0,LP-RND (beta=0.05)
61000,0.02,0.1898524590163934,1.0,68,268,11821,1.0260993849442458e-05,2.0484443579931042e-07,2.678332521099947e-07,2.5750284306661105e-08,0.0002928348135157,2.8103707000436723e-05,2.149097455503579e-05,2.056842372951451e-06,lp_rnd,0.05,0,LP-RND (beta=0.05)
62000,0.019,0.1870967741935484,1.0,68,268,11840,1.1890082078025443e-05,1.8951804166141174e-07,6.550225838222295e-07,3.1158337456417475e-08,0.0007195968903606,3.4296781321710684e-05,1.822128415233237e-05,2.015439047511336e-06,lp_rnd,0.05,0,LP-RND (beta=0.05)
63000,0.007,0.1842380952380952,1.0,68,268,11847,8.246124967367255e-06,3.108007710414062e-07,7.999849133609262e-07,2.8671238128879913e-08,0.0008868328346605,3.178619348702975e-05,2.1426950590694103e-05,2.0172790288484067e-06,lp_rnd,0.05,0,LP-RND (beta=0.05)
64000,0.009,0.1815,1.0,68,268,11856,8.58871342441287e-06,2.9977926545348305e-07,1.9702419093745346e-07,2.0263484753584133e-08,0.0002204983653858,2.26448589112064e-05,2.796195626251574e-05,1.954422094797792e-06,lp_rnd,0.05,0,LP-RND (beta=0.05)
65000,0.026,0.1791076923076923,1.0,68,268,11882,9.727352282705117e-06,3.1252233309387416e-07,5.604814270135158e-07,3.303092035618135e-08,0.0006307296863726,3.717389340161884e-05,2.423407954427148e-05,1.9470500818670187e-06,lp_rnd,0.05,0,LP-RND (beta=0.05)
66000,0.019,0.1766818181818182,1.0,68,268,11901,9.711344366798202e-06,2.164861726712008e-07,2.966163313095949e-07,2.469187089067044e-08,0.0003372032174819,2.8003922301351e-05,1.6726165285035677e-05,1.8858154438703425e-06,lp_rnd,0.05,0,LP-RND (beta=0.05)
67000,0.358,0.1793880597014925,1.0,68,268,12259,1.0596497195263754e-05,3.308382249969542e-07,4.215650146532974e-07,1.331987677925827e-08,0.0004813941589935,1.5214249060767451e-05,3.09592791443265e-05,1.93557898404606e-06,lp_rnd,0.05,0,LP-RND (beta=0.05)
68000,0.383,0.1823823529411764,1.0,68,268,12642,1.020281078430529e-05,1.517350260392315e-07,4.913081194980598e-07,2.288075888022529e-08,0.0005659850647682,2.634288301710465e-05,3.07650913064208e-05,1.8710989450596568e-06,lp_rnd,0.05,0,LP-RND (beta=0.05)
69000,0.724,0.190231884057971,1.0,68,268,13366,9.73756131647534e-06,1.8468611583050856e-07,4.098019442266659e-07,5.0105409908086505e-08,0.0004754318320662,5.8007419700753246e-05,1.90703251882951e-05,1.9753706777123623e-06,lp_rnd,0.05,0,LP-RND (beta=0.05)
70000,0.628,0.1964857142857143,1.0,68,268,13994,9.71958948833504e-06,1.571012576898396e-07,4.16165513939678e-07,2.4029915128221793e-08,0.0004861260666051,2.802706603157465e-05,2.6389385904394656e-05,2.0283944278389757e-06,lp_rnd,0.05,0,LP-RND (beta=0.05)
71000,0.743,0.2041830985915493,1.0,68,268,14737,9.665413833659393e-06,2.1943907341118421e-07,3.783187090903696e-07,1.6794057105630693e-08,0.000444982578022,1.9743846249087333e-05,2.285600662168008e-05,2.0894436014486928e-06,lp_rnd,0.05,0,LP-RND (beta=0.05)
72000,0.335,0.206,1.0,68,268,15072,9.465427739263786e-06,2.2461200585080647e-07,5.135101490402542e-07,2.9750330789701043e-08,0.0006081722830407,3.523100583011752e-05,2.0509243677793167e-05,2.09692241742232e-06,lp_rnd,0.05,0,LP-RND (beta=0.05)
73000,0.345,0.2079041095890411,1.0,68,268,15417,9.511633855425686e-06,1.6151310288592825e-07,4.603189931979126e-07,6.962777474516159e-09,0.000549214754192,8.303531238996047e-06,1.7558150351646874e-05,2.0790805232309138e-06,lp_rnd,0.05,0,LP-RND (beta=0.05)
74000,0.311,0.2092972972972973,1.0,68,268,15728,9.47375008199216e-06,1.623402279690554e-07,4.461668729991259e-07,1.6548996197596958e-08,0.0005358744860028,1.9861571531166867e-05,2.098629825786702e-05,2.019244239193085e-06,lp_rnd,0.05,0,LP-RND (beta=0.05)
75000,0.305,0.2105733333333333,1.0,68,268,16033,8.764478482097744e-06,1.833342639881541e-07,4.774354737656111e-07,2.880396725228277e-08,0.0005774617475475,3.480355493375244e-05,1.467898497844544e-05,2.0119618197327327e-06,lp_rnd,0.05,0,LP-RND (beta=0.05)
76000,0.708,0.2171184210526315,1.0,68,268,16741,9.291423079675284e-06,1.4488036224605984e-07,4.375102193501586e-07,2.176678626687421e-08,0.0005323603980324,2.647697988763498e-05,1.7965390301242225e-05,2.03474010180571e-06,lp_rnd,0.05,0,LP-RND (beta=0.05)
77000,0.356,0.2189220779220779,1.0,68,268,17097,9.264306999248832e-06,1.5344148419217517e-07,3.719407732716534e-07,1.3338813548526413e-08,0.0004553381567631,1.6337023948069903e-05,1.8502564838513537e-05,2.016587479545251e-06,lp_rnd,0.05,0,LP-RND (beta=0.05)
78000,0.247,0.2192820512820512,1.0,68,268,17344,8.201626980536618e-06,1.8644918689094186e-07,3.997705529923132e-07,2.395901372886052e-08,0.0004923312719913,2.953142404287166e-05,1.4791145886249524e-05,1.991761923306967e-06,lp_rnd,0.05,0,LP-RND (beta=0.05)
79000,0.254,0.2197215189873417,1.0,68,268,17598,8.669497140000727e-06,2.774555521527196e-07,3.68510423030548e-07,1.358547671737876e-08,0.0004568935235496,1.6859101670600825e-05,1.3976226771575284e-05,2.0005429245202324e-06,lp_rnd,0.05,0,LP-RND (beta=0.05)
80000,0.3,0.220725,1.0,68,268,17898,8.699423471322613e-06,3.010327833103637e-07,4.330033743826789e-07,1.0577669505502335e-07,0.0005402616387101,0.0001319456810743,2.2715093803640228e-05,2.0021574940187747e-06,lp_rnd,0.05,0,LP-RND (beta=0.05)
81000,0.243,0.221,1.0,68,268,18141,8.992454940696302e-06,1.5782011131619626e-07,4.164311793541062e-07,8.751911575904078e-09,0.0005233053731388,1.0980267582742446e-05,1.5845227419177377e-05,1.932976087346105e-06,lp_rnd,0.05,0,LP-RND (beta=0.05)
82000,0.312,0.2221097560975609,1.0,68,268,18453,8.755755381355648e-06,1.872851378426077e-07,4.525614772960697e-07,2.6405085952377665e-08,0.0005713223858815,3.338351627674362e-05,1.8246699809367327e-05,1.92637973066212e-06,lp_rnd,0.05,0,LP-RND (beta=0.05)
83000,0.725,0.2281686746987951,1.0,68,268,19178,9.19704102765034e-06,1.7542598295056617e-07,4.170015817462941e-07,1.9903390192542823e-08,0.0005299067685317,2.529719128512904e-05,1.688126762761044e-05,1.95872002723263e-06,lp_rnd,0.05,0,LP-RND (beta=0.05)
84000,0.461,0.2309404761904762,1.0,68,268,19639,9.571733302428876e-06,1.8497132854136909e-07,4.3983900547362185e-07,1.7591039508575715e-08,0.0005625659719226,2.248418660147885e-05,1.737018338869234e-05,1.990479311245963e-06,lp_rnd,0.05,0,LP-RND (beta=0.05)
85000,0.415,0.2331058823529411,1.0,68,268,20054,9.571637708385347e-06,1.3834520019677684e-07,4.162248891786355e-07,1.1188900937388378e-08,0.0005349797746873,1.4399235583610735e-05,1.749455977079606e-05,1.9982916545586703e-06,lp_rnd,0.05,0,LP-RND (beta=0.05)
86000,0.547,0.2367558139534883,1.0,68,268,20601,9.326562162865958e-06,2.5094086705848017e-06,3.507266531994924e-07,2.3474233257239163e-07,0.0004537360438636,0.0003033419289682,2.006151240436793e-05,1.95387261533142e-06,lp_rnd,0.05,0,LP-RND (beta=0.05)
87000,0.637,0.2413563218390804,1.0,68,268,21238,8.776187479560287e-06,1.167952478484014e-05,3.701704405913624e-07,2.1929690318726845e-06,0.0004818441958348,0.0028469452474776,2.07151553581042e-05,2.037815923358721e-06,lp_rnd,0.05,0,LP-RND (beta=0.05)
88000,0.451,0.2437386363636363,1.0,68,268,21689,9.10247191170649e-06,3.370593994561299e-07,4.323850636962043e-07,1.5887808839035313e-08,0.0005657136393895,2.078181599222095e-05,9.67617738348281e-06,2.0823190264991355e-06,lp_rnd,0.05,0,LP-RND (beta=0.05)
89000,0.798,0.2499662921348314,1.0,68,268,22487,9.030115818045728e-06,1.8950063365801581e-07,4.3621911570420476e-07,2.6288148406180903e-08,0.0005740447552037,3.457217781479932e-05,1.424301574297715e-05,2.0982520403549644e-06,lp_rnd,0.05,0,LP-RND (beta=0.05)
90000,0.453,0.2522222222222222,1.0,68,268,22940,8.85341773234698e-06,8.732355690674579e-07,3.826558252053002e-07,4.144230662640982e-08,0.0005061181695967,5.4869182382680375e-05,2.2022188622713657e-05,2.1848431641728893e-06,lp_rnd,0.05,0,LP-RND (beta=0.05)
91000,0.353,0.2533296703296703,1.0,68,268,23293,8.662627568508974e-06,6.879701468320825e-07,3.297245692695962e-07,4.169715671900785e-08,0.0004384834946596,5.553703953250233e-05,2.0172695765296565e-05,2.216370162670955e-06,lp_rnd,0.05,0,LP-RND (beta=0.05)
92000,0.211,0.2528695652173913,1.0,68,268,23504,8.046411204558917e-06,8.966000265408298e-07,3.357772659854517e-07,3.604468881318186e-08,0.000449260597806,4.821976964202413e-05,1.1447124774548457e-05,2.2527737443169825e-06,lp_rnd,0.05,0,LP-RND (beta=0.05)
93000,0.133,0.2515806451612903,1.0,68,268,23637,7.682615725051229e-06,1.8056343235922304e-06,3.138072702142408e-07,5.7585033900851697e-08,0.0004218727596329,7.742795518292158e-05,1.0927516052788634e-05,2.2211540053831413e-06,lp_rnd,0.05,0,LP-RND (beta=0.05)
94000,0.096,0.2499255319148936,1.0,68,270,23735,8.412521819896787e-06,3.8113810984689817e-06,3.811565463252009e-07,2.5152098978993404e-07,0.0005151816496419,0.0003404563590958,8.668289063578526e-06,2.24444216610209e-06,lp_rnd,0.05,0,LP-RND (beta=0.05)
95000,0.278,0.2502210526315789,1.0,68,270,24013,8.491601459505062e-06,1.8653589468509452e-07,5.087473686962898e-07,3.9115202241252686e-08,0.0006915574088457,5.316403571013288e-05,9.670512843982236e-06,2.3078508692151446e-06,lp_rnd,0.05,0,LP-RND (beta=0.05)
96000,0.446,0.2522604166666666,1.0,68,270,24459,8.66122046713806e-06,2.9828402194441105e-07,3.879439117811227e-07,4.319377683444207e-08,0.0005298625383022,5.902984983838333e-05,7.820575914109896e-06,2.367958188187913e-06,lp_rnd,0.05,0,LP-RND (beta=0.05)
97000,0.528,0.2551030927835052,1.0,68,270,24987,8.289461925070293e-06,2.020939887452177e-07,3.639302238153422e-07,3.425427670325169e-08,0.0004996775892216,4.7084969285406365e-05,2.642432747634871e-06,2.414170977658614e-06,lp_rnd,0.05,0,LP-RND (beta=0.05)
98000,0.171,0.2542448979591836,1.0,68,270,25158,8.768177446670547e-06,1.943504378324887e-07,2.6159875222496426e-07,2.8518278565079158e-08,0.0003608904627478,3.937652006393931e-05,2.310205890452721e-06,2.4592383578010414e-06,lp_rnd,0.05,0,LP-RND (beta=0.05)
99000,0.021,0.2518888888888889,1.0,68,270,25179,7.105654233219823e-06,4.543232929446895e-06,3.170206192797715e-07,2.0696092342519845e-07,0.0004400270692248,0.0002872071187574,3.677080904097352e-06,2.5094618973753318e-06,lp_rnd,0.05,0,LP-RND (beta=0.05)
100000,0.018,0.24955,1.0,68,270,25197,8.739804040184632e-06,2.318798634742316e-07,6.461617785033822e-07,5.359561077723528e-08,0.0009009214995906,7.475869127494576e-05,1.9492340677373933e-06,2.4841250429972204e-06,lp_rnd,0.05,0,LP-RND (beta=0.05)
1000,0.16,0.16,0.7352941176470589,50,171,310,0.0106378331896848,0.0090537758156036,0.0,0.0,0.0,0.0,0.0085786450654268,0.0089379688724875,lp_rnd,0.05,1,LP-RND (beta=0.05)
2000,0.161,0.1605,0.8382352941176471,57,199,496,0.0010365234829466,0.0004297977855239,0.0093963409322805,0.0085189957599043,3.1783104387727543,2.4985447732551496,0.0045861590560525,0.0005057145764294,lp_rnd,0.05,1,LP-RND (beta=0.05)
3000,0.113,0.1446666666666666,0.8382352941176471,57,203,613,0.0001101564040391,6.107314430026927e-05,3.683775677155102e-05,3.006313934095466e-05,0.0085537894258993,0.0069588816371359,0.0022981832391815,5.371127938815334e-05,lp_rnd,0.05,1,LP-RND (beta=0.05)
4000,0.156,0.1475,0.8970588235294118,61,218,784,6.977500908807344e-05,3.1600102165337255e-05,1.2846286620352214e-05,1.1794866554656562e-05,0.0032404136807771,0.0030048476731826,0.001938664136629,2.852374909707578e-05,lp_rnd,0.05,1,LP-RND (beta=0.05)
5000,0.127,0.1434,0.9264705882352942,63,235,928,5.597381141700408e-05,2.806145007628507e-05,5.401980619296417e-06,6.460089447620978e-06,0.0014589386473587,0.0017823083679684,0.0016981517726089,2.031799881206098e-05,lp_rnd,0.05,1,LP-RND (beta=0.05)
6000,0.2,0.1528333333333333,0.9411764705882352,64,244,1135,4.292724274819193e-05,9.254482572274014e-06,4.784845332324039e-06,1.599872988435891e-06,0.0014230809530464,0.000472061722705,0.0015474147514323,1.4674920337711228e-05,lp_rnd,0.05,1,LP-RND (beta=0.05)
7000,0.13,0.1495714285714285,0.9558823529411764,65,249,1270,3.4484701252670045e-05,1.6111361955397334e-05,2.894464719597286e-06,2.777865622235744e-06,0.0009094617318156,0.0008803542233315,0.0014390121905598,1.1547521041848086e-05,lp_rnd,0.05,1,LP-RND (beta=0.05)
8000,0.2,0.155875,0.9558823529411764,65,251,1472,3.226471781999862e-05,5.032859165758907e-06,2.336215507057205e-06,8.547283947635264e-07,0.0007827283768701,0.0002856155766964,0.0012777035557082,9.568116197215204e-06,lp_rnd,0.05,1,LP-RND (beta=0.05)
9000,0.205,0.1613333333333333,0.9558823529411764,65,253,1679,2.849839675480148e-05,5.483819652368456e-06,1.8080519178666448e-06,6.809720913816766e-07,0.0006376077766273,0.0002393308039541,0.0012105739965918,8.012241589085534e-06,lp_rnd,0.05,1,LP-RND (beta=0.05)
10000,0.181,0.1633,0.9558823529411764,65,254,1861,2.62462008523466e-05,4.574572208751042e-06,1.5189632813919603e-06,8.601043493501794e-07,0.0005610447919404,0.0003213035557902,0.0010926299863785,6.993640356313335e-06,lp_rnd,0.05,1,LP-RND (beta=0.05)
11000,0.251,0.1712727272727272,0.9558823529411764,65,254,2112,2.5370539663117416e-05,1.4037689185768137e-06,1.348864120573633e-06,3.177994011168913e-07,0.0005209788798211,0.0001235540132983,0.0010216799295012,6.2963497066448325e-06,lp_rnd,0.05,1,LP-RND (beta=0.05)
12000,0.177,0.17175,0.9558823529411764,65,254,2289,2.3024661094377787e-05,3.2329096367246945e-06,1.0373498432175124e-06,4.237279405373709e-07,0.000416151212711,0.0001721743457097,0.0009425491512665,5.819054499625054e-06,lp_rnd,0.05,1,LP-RND (beta=0.05)
13000,0.191,0.1732307692307692,0.9558823529411764,65,254,2480,2.1218362732834447e-05,2.881088061285881e-06,1.1065577806192402e-06,1.488956109974441e-07,0.000462679695197,6.155657994305666e-05,0.0008888550433912,5.395895263973216e-06,lp_rnd,0.05,1,LP-RND (beta=0.05)
14000,0.285,0.1812142857142857,0.9558823529411764,65,254,2765,2.028604901983942e-05,5.046251232286338e-07,1.0345283092312073e-06,6.402850155714427e-08,0.0004478501402304,2.777173823669097e-05,0.0008601707906927,5.056183546344073e-06,lp_rnd,0.05,1,LP-RND (beta=0.05)
15000,0.289,0.1884,0.9558823529411764,65,254,3054,1.90085654964218e-05,9.581764621454476e-07,9.981582986341369e-07,1.0580278680114065e-07,0.0004477472349967,4.727484020221557e-05,0.0007709321541478,4.745943035572964e-06,lp_rnd,0.05,1,LP-RND (beta=0.05)
16000,0.259,0.1928125,0.9558823529411764,65,254,3313,1.9207043010722036e-05,1.347253530693985e-06,8.521271084579568e-07,1.7716569773922058e-07,0.0003927866017042,8.226739254258321e-05,0.0007108178493654,4.617121975798e-06,lp_rnd,0.05,1,LP-RND (beta=0.05)
17000,0.328,0.2007647058823529,0.9558823529411764,65,254,3641,1.8448352124124072e-05,1.023099236906519e-06,6.898005250793464e-07,1.579442425736488e-07,0.0003266604221502,7.546059300472804e-05,0.0006681685840958,4.550851893782237e-06,lp_rnd,0.05,1,LP-RND (beta=0.05)
18000,0.352,0.2091666666666666,0.9558823529411764,65,254,3993,1.7898839558938562e-05,6.526145105365834e-07,8.796116165140947e-07,7.72494061914201e-08,0.0004296695301772,3.777349415299125e-05,0.0006342075642896,4.397380288423847e-06,lp_rnd,0.05,1,LP-RND (beta=0.05)
19000,0.26,0.2118421052631579,0.9558823529411764,65,254,4253,1.866315547326499e-05,3.7557144039310884e-07,8.433152778217425e-07,2.8581548937799617e-08,0.000423107826554,1.4314200880013162e-05,0.000620932091253,4.402979205679003e-06,lp_rnd,0.05,1,LP-RND (beta=0.05)
20000,0.2,0.21125,0.9558823529411764,65,254,4453,1.743594317304087e-05,7.53407416560492e-07,5.981565209367546e-07,3.8132716824179625e-08,0.000306478663157,1.9610864699643702e-05,0.0005720676398414,4.2189237664160825e-06,lp_rnd,0.05,1,LP-RND (beta=0.05)
21000,0.166,0.209095238095238,0.9558823529411764,65,254,4619,1.5984679721331776e-05,1.0347113393347016e-06,5.813245501573316e-07,9.42452849744959e-08,0.0003057937915295,4.960897961148728e-05,0.0005604275804653,4.050933928738232e-06,lp_rnd,0.05,1,LP-RND (beta=0.05)
22000,0.173,0.2074545454545454,0.9558823529411764,65,254,4792,1.6716491555635423e-05,8.915346820851605e-07,9.368906772957584e-07,1.0549800024087921e-07,0.000503534302292,5.688536935058703e-05,0.0005116348476949,3.925588596644047e-06,lp_rnd,0.05,1,LP-RND (beta=0.05)
23000,0.282,0.210695652173913,0.9558823529411764,65,254,5074,1.5797255632896075e-05,4.679153678474161e-07,6.251697114032837e-07,3.4655920893777635e-08,0.0003436795635186,1.908770562826258e-05,0.0004880306538798,3.767976462540901e-06,lp_rnd,0.05,1,LP-RND (beta=0.05)
24000,0.219,0.2110416666666666,0.9558823529411764,65,254,5293,1.5345038882847164e-05,6.041298867214609e-07,8.137169754770254e-07,4.142385223740779e-08,0.0004575666686084,2.3242911640284403e-05,0.0004419454603339,3.7473813821407023e-06,lp_rnd,0.05,1,LP-RND (beta=0.05)
25000,0.262,0.21308,0.9558823529411764,65,254,5555,1.5521772010434058e-05,6.643575162521889e-07,6.570947903996238e-07,6.991730078367232e-08,0.000376451007836,4.0008190299172816e-05,0.0004537021361793,3.706671411237039e-06,lp_rnd,0.05,1,LP-RND (beta=0.05)
26000,0.401,0.2203076923076923,0.9558823529411764,65,254,5956,1.4767053231172074e-05,9.151587829895916e-07,5.974098914471266e-07,6.27447634283408e-08,0.0003487973848527,3.664189691490143e-05,0.0004302882758493,3.624472641945431e-06,lp_rnd,0.05,1,LP-RND (beta=0.05)
27000,0.197,0.2194444444444444,0.9558823529411764,65,254,6153,1.4253188551888598e-05,6.839285423793575e-07,6.578862542432182e-07,1.0856058414142077e-07,0.0003918563468189,6.453194889270628e-05,0.0004317063182279,3.607366864798678e-06,lp_rnd,0.05,1,LP-RND (beta=0.05)
28000,0.195,0.2185714285714285,0.9558823529411764,65,254,6348,1.3597858802919896e-05,9.056914687847588e-07,6.519159097269249e-07,6.811991827482406e-08,0.0003964580660882,4.114757009941184e-05,0.0004122544674137,3.468127832547907e-06,lp_rnd,0.05,1,LP-RND (beta=0.05)
29000,0.19,0.2175862068965517,0.9558823529411764,65,254,6538,1.4034690229891566e-05,7.585118603601502e-07,6.966871966908098e-07,1.4370211569718026e-07,0.0004290394678969,8.857391678205763e-05,0.0004145195340715,3.45619436097877e-06,lp_rnd,0.05,1,LP-RND (beta=0.05)
30000,0.154,0.2154666666666666,0.9558823529411764,65,254,6692,1.3652829463129137e-05,5.410572175927093e-07,7.173295742106419e-07,1.3961008576992366e-07,0.0004499551630635,8.740530026150994e-05,0.0003755547096516,3.409641054304302e-06,lp_rnd,0.05,1,LP-RND (beta=0.05)
31000,0.26,0.2169032258064516,0.9558823529411764,65,254,6952,1.37586267853224e-05,5.340830170911818e-07,5.412442935546726e-07,5.919370947038728e-08,0.0003449661521406,3.771089033778425e-05,0.0003727061691133,3.283462955323557e-06,lp_rnd,0.05,1,LP-RND (beta=0.05)
32000,0.41,0.2229375,0.9558823529411764,65,254,7362,1.3141096364850498e-05,2.4098847857068625e-07,5.138581466936313e-07,1.7208170448665734e-08,0.000332208312696,1.1104249314017938e-05,0.0003577693329898,3.2837169525237184e-06,lp_rnd,0.05,1,LP-RND (beta=0.05)
33000,0.447,0.2297272727272727,0.9558823529411764,65,254,7809,1.3017114511149584e-05,2.568462887583457e-07,5.542398909692443e-07,4.3821356955829426e-08,0.000363576121466,2.8760494393178715e-05,0.0003444830055377,3.319396649430928e-06,lp_rnd,0.05,1,LP-RND (beta=0.05)
34000,0.256,0.2305,0.9558823529411764,65,254,8065,1.281864813584832e-05,3.2656732591714375e-07,4.978246792575192e-07,4.2717153045409447e-08,0.0003316827943407,2.845037043919324e-05,0.0003372482776067,3.3352230738046275e-06,lp_rnd,0.05,1,LP-RND (beta=0.05)
35000,0.521,0.2388,0.9558823529411764,65,254,8586,1.290009514236344e-05,2.765130315764469e-07,5.601628911645722e-07,2.776590036526685e-08,0.0003785456291909,1.875104078252805e-05,0.0003285336980898,3.3263034404171777e-06,lp_rnd,0.05,1,LP-RND (beta=0.05)
36000,0.263,0.2394722222222222,0.9705882352941176,66,259,8853,1.2516479021026916e-05,2.866536990583972e-06,4.6569964688941015e-07,4.1123156235622954e-08,0.0003187118037755,2.8223981327003863e-05,0.00032668157037,3.3493411201561687e-06,lp_rnd,0.05,1,LP-RND (beta=0.05)
37000,0.407,0.244,0.9705882352941176,66,259,9260,1.2392768727045055e-05,2.1215554889940858e-07,4.107212900201686e-07,4.3657472040340695e-08,0.0002848852513643,3.030191436872172e-05,0.0003043736680174,3.3482047973620866e-06,lp_rnd,0.05,1,LP-RND (beta=0.05)
38000,0.312,0.2457894736842105,0.9705882352941176,66,259,9572,1.224201609299295e-05,2.165747450628232e-07,4.515131775242947e-07,1.9012451220614267e-08,0.0003179305823756,1.336388528539044e-05,0.0002922980132752,3.360394921855914e-06,lp_rnd,0.05,1,LP-RND (beta=0.05)
39000,0.157,0.2435128205128205,0.9705882352941176,66,259,9729,1.2846031199987223e-05,2.047767949083077e-07,6.168314169250373e-07,6.288794987123057e-08,0.0004395065757459,4.4808004788549896e-05,0.0002918210763527,3.317513885463086e-06,lp_rnd,0.05,1,LP-RND (beta=0.05)
40000,0.133,0.24075,0.9705882352941176,66,259,9862,1.188402194386988e-05,4.409459045769399e-07,6.05431974909699e-07,2.7970563572323952e-08,0.000436272531144,2.0196467058747432e-05,0.0002794206658654,3.208183869560344e-06,lp_rnd,0.05,1,LP-RND (beta=0.05)
41000,0.145,0.2384146341463414,0.9705882352941176,66,259,10007,1.187308896297854e-05,3.71991789007241e-07,4.231374265961269e-07,5.6226603002898785e-08,0.0003087569409791,4.111328859715424e-05,0.0002948868318871,3.161474625358096e-06,lp_rnd,0.05,1,LP-RND (beta=0.05)
42000,0.199,0.2374761904761904,0.9705882352941176,66,259,10206,1.1756605122332876e-05,3.4944461602057305e-07,5.727958738299008e-07,4.3624595589142486e-08,0.0004230561325043,3.224388482595578e-05,0.0002881054330409,3.088928297188431e-06,lp_rnd,0.05,1,LP-RND (beta=0.05)
43000,0.113,0.2345813953488372,0.9705882352941176,66,259,10319,1.2306327037155253e-05,2.61338859259164e-07,5.627192579201048e-07,8.058178028242095e-08,0.000420595592129,6.024222892383156e-05,0.0002772175994487,3.055262850125473e-06,lp_rnd,0.05,1,LP-RND (beta=0.05)
44000,0.093,0.2313636363636363,0.9705882352941176,66,259,10412,1.2413233899453816e-05,3.34886610404752e-07,4.7072280624409466e-07,2.7947659007085385e-08,0.0003555120378228,2.113479459858028e-05,0.0002466635891323,2.9819402426483066e-06,lp_rnd,0.05,1,LP-RND (beta=0.05)
45000,0.035,0.227,0.9705882352941176,66,259,10447,1.1975158538137164e-05,3.477602116299397e-07,3.240122688501807e-07,7.428202934828583e-08,0.0002474329686774,5.6804982116982805e-05,0.0002645579613581,2.8921497421379173e-06,lp_rnd,0.05,1,LP-RND (beta=0.05)
46000,0.082,0.2238478260869565,0.9705882352941176,66,259,10529,1.0780631488914212e-05,1.946122941713885e-07,4.253963486074254e-07,2.833695502598945e-08,0.0003285461131692,2.1889658579081467e-05,0.0002406469278521,2.830129855283303e-06,lp_rnd,0.05,1,LP-RND (beta=0.05)
47000,0.108,0.2213829787234042,0.9705882352941176,66,259,10637,1.1493578287829423e-05,1.977799827808909e-07,3.4939036039658174e-07,4.182010058629623e-09,0.0002727780725513,3.26844332179437e-06,0.0002351230037402,2.7545999485028005e-06,lp_rnd,0.05,1,LP-RND (beta=0.05)
48000,0.039,0.2175833333333333,0.9705882352941176,66,259,10676,1.0189387700311503e-05,2.531243781894518e-07,6.107109421020887e-07,3.5291159112866163e-08,0.0004822000524732,2.7853193779687228e-05,0.0002175399420957,2.680593740024051e-06,lp_rnd,0.05,1,LP-RND (beta=0.05)
49000,0.066,0.2144897959183673,0.9705882352941176,66,259,10742,1.0600828276933912e-05,2.247561395583077e-07,5.720061808185137e-07,7.163381023069759e-08,0.0004561397577871,5.711195725209976e-05,0.0002215275521857,2.6320097750272e-06,lp_rnd,0.05,1,LP-RND (beta=0.05)
50000,0.592,0.22204,0.9705882352941176,66,259,11334,1.0773692083234522e-05,2.0298876016232613e-07,3.852620920184023e-07,2.7509512576403614e-08,0.0003101790803333,2.2157671703019854e-05,0.0002280914214161,2.655506623909787e-06,lp_rnd,0.05,1,LP-RND (beta=0.05)
51000,0.244,0.2224705882352941,0.9705882352941176,66,259,11578,1.0735946870279235e-05,1.9505192049172769e-07,4.023818757828014e-07,2.9474864416315953e-08,0.0003269212813256,2.397502037166952e-05,0.0002217883734883,2.688114505417616e-06,lp_rnd,0.05,1,LP-RND (beta=0.05)
52000,0.194,0.2219230769230769,0.9705882352941176,66,259,11772,1.03177450052227e-05,1.80745770571046e-07,4.817963292563158e-07,1.3313475666271788e-08,0.0003956646674904,1.0935680680376538e-05,9.27268518562414e-05,2.6359959557566982e-06,lp_rnd,0.05,1,LP-RND (beta=0.05)
53000,0.673,0.2304339622641509,0.9705882352941176,66,259,12445,1.066376439247848e-05,1.924475122679295e-07,4.419769334061638e-07,4.1578224285879015e-08,0.00036659487433,3.441762842800206e-05,1.927819206412096e-05,2.6578850417990907e-06,lp_rnd,0.05,1,LP-RND (beta=0.05)
54000,0.37,0.2330185185185185,0.9705882352941176,66,259,12815,1.0745089213520948e-05,1.610814883581461e-07,4.79285595370252e-07,1.251752971188219e-08,0.0004013271177725,1.0464897351476447e-05,1.3803791205191374e-05,2.7249013002119683e-06,lp_rnd,0.05,1,LP-RND (beta=0.05)
55000,0.718,0.2418363636363636,0.9705882352941176,66,259,13533,1.0626513059521476e-05,1.801997639521678e-07,3.7077870000907165e-07,1.8879135833845372e-08,0.0003131408630088,1.5929518497777966e-05,1.1248369186205308e-05,2.736385556659116e-06,lp_rnd,0.05,1,LP-RND (beta=0.05)
56000,0.693,0.2498928571428571,0.9705882352941176,66,259,14226,1.016215005298786e-05,1.8540198279123962e-07,3.923419637672407e-07,6.58292744238836e-09,0.0003341341861324,5.606884957001684e-06,1.0828330222011574e-05,2.8832346705485177e-06,lp_rnd,0.05,1,LP-RND (beta=0.05)
57000,0.775,0.2591052631578947,0.9705882352941176,66,259,15001,1.0482483868702642e-05,2.469554330117616e-07,4.912892986354681e-07,1.8990778016814143e-08,0.0004221928912457,1.6306663437937558e-05,7.533960953196583e-06,2.9117120095634165e-06,lp_rnd,0.05,1,LP-RND (beta=0.05)
58000,0.535,0.2638620689655172,0.9705882352941176,66,259,15536,1.019103478301136e-05,2.015657171781523e-07,4.781977061773041e-07,2.7437598420278013e-08,0.0004145243813707,2.3784465303524207e-05,8.684194300030868e-06,2.9668243356582026e-06,lp_rnd,0.05,1,LP-RND (beta=0.05)
59000,0.594,0.269457627118644,0.9705882352941176,66,259,16130,1.0201170495383236e-05,2.0281421888393614e-07,4.504676592595654e-07,8.996045769290415e-09,0.0003937448064856,7.866104398067479e-06,7.160088943464871e-06,3.0412747886430225e-06,lp_rnd,0.05,1,LP-RND (beta=0.05)
60000,0.416,0.2719,0.9705882352941176,66,259,16546,1.0184440555441108e-05,1.8348624042374692e-07,4.058792391412261e-07,2.6801115421339347e-08,0.0003578582575665,2.3619101883697715e-05,6.036990277834775e-06,3.0707302556720608e-06,lp_rnd,0.05,1,LP-RND (beta=0.05)
61000,0.286,0.2721311475409836,0.9705882352941176,66,259,16832,9.704645200380346e-06,1.9057341277164366e-07,3.7335628921364907e-07,3.426361519315224e-08,0.0003318433923177,3.046100106928e-05,3.979201625099904e-06,3.002634707854668e-06,lp_rnd,0.05,1,LP-RND (beta=0.05)
62000,0.654,0.2782903225806452,0.9705882352941176,66,259,17486,9.68733246630829e-06,2.156116210222349e-07,3.848178051849998e-07,2.4095213151631047e-08,0.0003448036851638,2.156587831674852e-05,3.7811900393762697e-06,3.0819942955986334e-06,lp_rnd,0.05,1,LP-RND (beta=0.05)
63000,0.715,0.2852222222222222,0.9705882352941176,66,259,18201,9.433927602054558e-06,4.345913716631737e-07,4.401356525997179e-07,4.44072977064966e-08,0.0003975552168199,4.010162667631021e-05,3.5032961619663184e-06,3.1388408355041976e-06,lp_rnd,0.05,1,LP-RND (beta=0.05)
64000,0.702,0.291734375,0.9705882352941176,66,259,18903,9.684820887537106e-06,2.155286221470791e-07,4.172686386350234e-07,3.7222568055419695e-08,0.0003797291450703,3.385422918740241e-05,3.007936615858853e-06,3.2019131157312584e-06,lp_rnd,0.05,1,LP-RND (beta=0.05)
65000,0.767,0.2990461538461538,0.9705882352941176,66,259,19670,9.458025867876e-06,1.8299246388668286e-07,3.3215226898631374e-07,2.650785232518099e-08,0.0003046728911316,2.4316827845843467e-05,2.9224550427215947e-06,3.2441769108118024e-06,lp_rnd,0.05,1,LP-RND (beta=0.05)
66000,0.958,0.309030303030303,0.9705882352941176,66,259,20628,9.683432086501184e-06,2.205902699445449e-07,3.56039612975518e-07,4.157130259077998e-09,0.0003289727062317,3.8504970517760976e-06,2.4484565901161657e-06,3.3627095323254253e-06,lp_rnd,0.05,1,LP-RND (beta=0.05)
67000,0.724,0.3152238805970149,0.9705882352941176,66,259,21352,9.151063138864055e-06,2.4775626551309454e-07,3.738924748347786e-07,1.0330636751840084e-08,0.0003479383523614,9.613876433297387e-06,2.976783184521992e-06,3.3482114635035032e-06,lp_rnd,0.05,1,LP-RND (beta=0.05)
68000,0.845,0.3230147058823529,0.9705882352941176,66,259,22197,9.067375225177896e-06,2.3399898774487745e-07,4.12300951426629e-07,1.8872439324563712e-08,0.000386724635731,1.771150747563654e-05,1.842158903343716e-06,3.4396342845184336e-06,lp_rnd,0.05,1,LP-RND (beta=0.05)
69000,0.752,0.329231884057971,0.9705882352941176,66,259,22949,9.090785312687234e-06,2.2314180622259066e-07,4.292845052861323e-07,3.3843207261719685e-08,0.0004055232882333,3.197416771289883e-05,1.731107527518816e-06,3.470391233349801e-06,lp_rnd,0.05,1,LP-RND (beta=0.05)
70000,0.471,0.3312571428571428,0.9705882352941176,66,259,23420,9.027824498921224e-06,2.007428152914031e-07,3.3993173079413656e-07,5.836510630394595e-09,0.0003235194191219,5.551127517249259e-06,1.661108962707658e-06,3.5459405227129536e-06,lp_rnd,0.05,1,LP-RND (beta=0.05)
71000,0.456,0.3330140845070422,0.9705882352941176,66,259,23876,9.199292550551704e-06,2.130068330608026e-07,3.407355991743986e-07,1.7900668424677153e-08,0.0003266601699183,1.715784913379435e-05,1.3499130595278074e-06,3.5104135624806075e-06,lp_rnd,0.05,1,LP-RND (beta=0.05)
72000,0.258,0.3319722222222222,0.9705882352941176,66,259,24134,8.342325749035526e-06,3.544596466070434e-07,3.838205607950326e-07,7.10851837746395e-08,0.0003701993060531,6.864209619538342e-05,1.088095982993309e-06,3.495043318935132e-06,lp_rnd,0.05,1,LP-RND (beta=0.05)
73000,0.447,0.3335479452054795,0.9705882352941176,66,259,24581,9.1451453208801e-06,2.3872378612938696e-07,3.306783351005327e-07,7.751849502667512e-08,0.0003213770360721,7.529337313747572e-05,1.1904755763794127e-06,3.4950494398344743e-06,lp_rnd,0.05,1,LP-RND (beta=0.05)
74000,0.298,0.3330675675675675,0.9705882352941176,66,259,24879,9.228194370209911e-06,4.446323703270888e-07,3.7844221265462107e-07,2.440355299161293e-08,0.0003701031330274,2.3875263180727483e-05,1.1622206586423545e-06,3.516902852084058e-06,lp_rnd,0.05,1,LP-RND (beta=0.05)
75000,0.038,0.3291333333333333,0.9705882352941176,66,259,24917,9.32518059926224e-06,5.88020653703768e-07,5.042408917544986e-07,1.0627264349377745e-07,0.0004977575325347,0.0001045619756636,1.0142005121451803e-06,3.4929412466908616e-06,lp_rnd,0.05,1,LP-RND (beta=0.05)
76000,0.182,0.3271973684210526,0.9705882352941176,66,259,25099,9.10786835887408e-06,4.995079370403924e-06,3.05764956465282e-07,3.8525004032102345e-07,0.0003032793597738,0.0003812938602414,1.1577450128754663e-06,3.44643465655281e-06,lp_rnd,0.05,1,LP-RND (beta=0.05)
77000,0.438,0.3286363636363636,0.9852941176470588,67,264,25542,8.538273275140562e-06,1.5850269741104042e-05,4.0572569651391524e-07,1.3277683624592238e-06,0.0004049709576427,0.0013252067433405,9.2397961094548e-07,3.530059130753216e-06,lp_rnd,0.05,1,LP-RND (beta=0.05)
78000,0.208,0.3270897435897436,0.9852941176470588,67,264,25750,8.525107301256167e-06,1.63281127165368e-06,3.3444642501588254e-07,7.947776627622773e-08,0.0003361184309539,7.975562427019376e-05,1.1420287820840255e-06,3.520569529314344e-06,lp_rnd,0.05,1,LP-RND (beta=0.05)
79000,0.286,0.3265696202531645,0.9852941176470588,67,264,26036,7.991469689866765e-06,2.42266298510758e-07,3.131505232962733e-07,8.792163251664674e-08,0.0003163252269527,8.884936006486307e-05,7.609525357707981e-07,3.4982836339167987e-06,lp_rnd,0.05,1,LP-RND (beta=0.05)
80000,0.299,0.326225,0.9852941176470588,67,264,26335,8.738292017156605e-06,4.3142206762254636e-07,3.51477518715089e-07,3.36312713027976e-08,0.0003578377719883,3.423540619248763e-05,8.932536152030935e-07,3.474483022273489e-06,lp_rnd,0.05,1,LP-RND (beta=0.05)
81000,0.013,0.322358024691358,0.9852941176470588,67,264,26348,8.827539624270195e-06,4.7441246841543803e-07,2.852649021616134e-07,8.6846250059004e-08,0.0002921784096136,8.867507427367348e-05,1.0978477011462928e-06,3.461654063471542e-06,lp_rnd,0.05,1,LP-RND (beta=0.05)
82000,0.049,0.3190243902439024,0.9852941176470588,67,264,26397,8.4220220500987e-06,2.33865886277497e-06,3.1615211680348564e-07,8.111794154596135e-07,0.0003251081407445,0.0008362578017164,7.617650253024522e-07,3.378988941335592e-06,lp_rnd,0.05,1,LP-RND (beta=0.05)
83000,0.024,0.3154698795180723,0.9852941176470588,67,264,26421,8.233442713390104e-06,8.667622288830209e-07,2.756659303789396e-07,1.573523065142816e-07,0.0002853624595221,0.0001625909525872,7.845665764705245e-07,3.2797393189412105e-06,lp_rnd,0.05,1,LP-RND (beta=0.05)
84000,0.005,0.3117738095238095,0.9852941176470588,67,264,26426,7.663696396775777e-06,3.505061275741617e-06,5.098598194308579e-07,1.0530612082581098e-06,0.0005313418660829,0.001098126439059,5.851452168741389e-07,3.2558674358824645e-06,lp_rnd,0.05,1,LP-RND (beta=0.05)
85000,0.007,0.3081882352941176,0.9852941176470588,67,264,26433,8.915566273312184e-06,1.4973451746597135e-06,1.544563019706402e-07,5.442544398894278e-07,0.0001620499427999,0.000570862095421,8.911402053399797e-07,3.201350963877303e-06,lp_rnd,0.05,1,LP-RND (beta=0.05)
86000,0.056,0.3052558139534884,1.0,68,267,26491,8.150814985745975e-06,6.684036863012381e-06,3.838990169567426e-07,2.241683981717593e-07,0.0004052998777663,0.0002361645027555,1.332459183345236e-06,3.196672770400255e-06,lp_rnd,0.05,1,LP-RND (beta=0.05)
87000,0.007,0.3018275862068965,1.0,68,267,26498,7.325825598465079e-06,5.277062529473002e-06,4.764638755919545e-07,1.2610130560377557e-06,0.0005050335053013,0.0013380174162021,6.439081220719345e-07,3.1308460218042456e-06,lp_rnd,0.05,1,LP-RND (beta=0.05)
88000,0.045,0.2989090909090909,1.0,68,267,26543,8.279129987285058e-06,9.543584648684373e-06,4.788551450474188e-07,4.47061440863507e-06,0.0005105628923617,0.0047698200682363,1.1100125155962817e-06,3.150658639356152e-06,lp_rnd,0.05,1,LP-RND (beta=0.05)
89000,0.005,0.2956067415730337,1.0,68,267,26548,6.869714434287744e-06,8.197040380647976e-06,5.585289727605413e-07,1.6729541938565577e-06,0.0005987626077927,0.0017942384583026,8.9652326832379e-07,3.133243014531217e-06,lp_rnd,0.05,1,LP-RND (beta=0.05)
90000,0.024,0.2925888888888889,1.0,68,269,26574,8.08481432083378e-06,1.582047863694401e-05,4.009229428447725e-07,3.82287508361063e-06,0.0004328714152983,0.0041200574804738,2.275489499339756e-06,3.1799763179378717e-06,lp_rnd,0.05,1,LP-RND (beta=0.05)
91000,0.095,0.2904175824175824,1.0,68,270,26670,7.98937192628632e-06,2.656535209556253e-06,3.313235059689951e-07,3.0381000562785066e-07,0.0003590173784284,0.0003294485362095,1.4570885929742872e-05,3.12720532883759e-06,lp_rnd,0.05,1,LP-RND (beta=0.05)
92000,0.158,0.2889782608695652,1.0,68,270,26828,8.014791810234748e-06,6.160600371132302e-06,3.026270788619582e-07,7.01336424712734e-07,0.0003295817988172,0.0007653288876951,2.724705771322533e-05,3.052773130889364e-06,lp_rnd,0.05,1,LP-RND (beta=0.05)
93000,0.076,0.2866881720430107,1.0,68,270,26904,8.279365766539789e-06,1.6896535806246905e-06,3.592602111941807e-07,3.590813873084291e-07,0.0003939270806297,0.000393140520291,5.841156831206717e-05,3.041560575297808e-06,lp_rnd,0.05,1,LP-RND (beta=0.05)
94000,0.013,0.2837765957446808,1.0,68,270,26917,7.881159070585944e-06,5.73063284371099e-07,4.603395189825768e-08,1.1540327778205929e-07,5.07394846832284e-05,0.0001271762648522,6.018837676288058e-05,3.000883276968125e-06,lp_rnd,0.05,1,LP-RND (beta=0.05)
95000,0.011,0.2809052631578947,1.0,68,270,26928,9.208630672219442e-06,1.3234504565775451e-06,3.021437723046719e-07,1.020169099737289e-07,0.0003346992718083,0.0001129777521445,4.507919405250504e-05,2.9563887073891235e-06,lp_rnd,0.05,1,LP-RND (beta=0.05)
96000,0.03,0.2782916666666666,1.0,68,270,26958,8.255502128425482e-06,2.0759127137080566e-06,2.612547935617234e-07,9.491661477042173e-08,0.0002909420997011,0.0001056070884756,5.604703408721434e-05,2.9448452935412206e-06,lp_rnd,0.05,1,LP-RND (beta=0.05)
97000,0.171,0.2771855670103093,1.0,68,270,27129,7.880739973954501e-06,7.498561645603667e-07,3.522720019470414e-07,2.1333860497244838e-08,0.0003942939766952,2.386927769049454e-05,4.958426501980284e-05,2.935010901182977e-06,lp_rnd,0.05,1,LP-RND (beta=0.05)
98000,0.021,0.2745714285714286,1.0,68,270,27150,9.015016205791784e-06,9.35992283843563e-07,3.668966157766547e-07,6.812946114199761e-08,0.0004127265763933,7.667234377659955e-05,6.183285689212426e-05,2.896080457048811e-06,lp_rnd,0.05,1,LP-RND (beta=0.05)
99000,0.019,0.271989898989899,1.0,68,270,27169,8.31121900247174e-06,2.826691999363692e-07,4.53032319120738e-07,2.7824924985006586e-08,0.0005124061427082,3.1467547983805795e-05,4.809591702723992e-05,2.89252961965758e-06,lp_rnd,0.05,1,LP-RND (beta=0.05)
100000,0.016,0.26943,1.0,68,270,27185,9.013001005087062e-06,3.823912795261597e-07,2.050691421118245e-07,6.798183388581015e-08,0.0002328912753804,7.718237643866238e-05,4.493709842154204e-05,2.8196945373792915e-06,lp_rnd,0.05,1,LP-RND (beta=0.05)
1000,0.135,0.135,0.7352941176470589,50,169,281,0.0077525682367936,0.0074542634689782,0.0,0.0,0.0,0.0,0.0014521640259772,0.0074830818921327,lp_rnd,0.05,2,LP-RND (beta=0.05)
2000,0.138,0.1365,0.7794117647058824,53,205,454,0.0008124707092065,0.00038505212823,0.0068227135292861,0.0069954419636066,2.5988445998504344,2.6429611539156856,0.0024336225704464,0.0004086726851455,lp_rnd,0.05,2,LP-RND (beta=0.05)
3000,0.087,0.12,0.7794117647058824,53,210,546,0.000113089570251,5.488094243391751e-05,3.7919278336881565e-05,2.581052596056052e-05,0.010986233832925,0.0074208720606703,0.0024524085929151,4.5869361516452046e-05,lp_rnd,0.05,2,LP-RND (beta=0.05)
4000,0.134,0.1235,0.7794117647058824,53,210,680,7.234791912956844e-05,1.5516106848690786e-05,1.1680507098512253e-05,6.735708821160173e-06,0.0036728437245278,0.0021262046088753,0.0020757365338504,2.373496439759037e-05,lp_rnd,0.05,2,LP-RND (beta=0.05)
5000,0.068,0.1124,0.9264705882352942,63,243,779,5.213234809322303e-05,2.2322134517183028e-05,8.054690624703653e-06,3.99677493297178e-06,0.0027970419922404,0.0013682239620457,0.0018276335483533,1.5404844577460608e-05,lp_rnd,0.05,2,LP-RND (beta=0.05)
6000,0.144,0.1176666666666666,0.9264705882352942,63,243,923,4.418236025887584e-05,6.614185421499867e-06,5.470847226105333e-06,1.1901879907297637e-06,0.002026011149623,0.0004373107829688,0.0016169037428917,1.1663552010759304e-05,lp_rnd,0.05,2,LP-RND (beta=0.05)
7000,0.111,0.1167142857142857,0.9264705882352942,63,243,1034,3.557290244668718e-05,6.591593539863663e-06,3.274817998743373e-06,1.5255976489842038e-06,0.0012908622757602,0.0006004664301291,0.0015030659102194,8.813907684270816e-06,lp_rnd,0.05,2,LP-RND (beta=0.05)
8000,0.181,0.12475,0.9705882352941176,66,254,1226,3.111578291422753e-05,1.0701444123225595e-05,2.705597781636675e-06,8.492290378238026e-07,0.001136536634787,0.0003518187292571,0.0013234743844659,7.523711299427304e-06,lp_rnd,0.05,2,LP-RND (beta=0.05)
9000,0.21,0.1342222222222222,0.9705882352941176,66,254,1436,2.903511618742847e-05,1.7705989956277358e-06,1.9333048926671923e-06,4.639899866042815e-07,0.0008501652922843,0.0002047402560748,0.0012017052598239,6.457153985820696e-06,lp_rnd,0.05,2,LP-RND (beta=0.05)
10000,0.207,0.1415,0.9705882352941176,66,257,1646,2.619044362246942e-05,3.447148518573352e-06,1.5567036447956582e-06,3.241536098944397e-07,0.0007222410834397,0.0001492144274402,0.0010872039559471,5.6094727335676e-06,lp_rnd,0.05,2,LP-RND (beta=0.05)
11000,0.125,0.14,0.9705882352941176,66,257,1771,2.451420991565101e-05,4.51191843477058e-06,1.2397260652505792e-06,6.894516492853394e-07,0.0005957783451193,0.0003339316352079,0.000991163993327,5.2351422771153015e-06,lp_rnd,0.05,2,LP-RND (beta=0.05)
12000,0.199,0.1449166666666666,0.9705882352941176,66,258,1971,2.4024813272025037e-05,5.384116039901793e-06,1.1095302964454802e-06,3.064405515513297e-07,0.0005585716896724,0.0001527386336709,0.0009125626119785,4.900548287878337e-06,lp_rnd,0.05,2,LP-RND (beta=0.05)
13000,0.242,0.1523846153846154,0.9705882352941176,66,258,2213,2.2228643407919856e-05,5.574234893615534e-07,9.332713323767e-07,9.562816540624959e-08,0.00048655663842,4.991108786865044e-05,0.0008811449462082,4.592109313762194e-06,lp_rnd,0.05,2,LP-RND (beta=0.05)
14000,0.241,0.1587142857142857,0.9705882352941176,66,258,2454,2.0615799442857225e-05,3.2840343712924924e-06,1.208757204640052e-06,2.936201610362581e-07,0.0006522134527883,0.0001582128393473,0.0008192111886746,4.4220015247447006e-06,lp_rnd,0.05,2,LP-RND (beta=0.05)
15000,0.348,0.1713333333333333,0.9705882352941176,66,258,2802,1.988795719856056e-05,1.691659196962848e-06,8.97597894289975e-07,1.4887533570482513e-07,0.0004996699558742,8.3267250949813e-05,0.0007486932263564,4.361605541589597e-06,lp_rnd,0.05,2,LP-RND (beta=0.05)
16000,0.354,0.18275,0.9705882352941176,66,258,3156,1.9285372281236995e-05,1.2367777810842109e-06,1.0569064059094322e-06,1.243636075166839e-07,0.0006083122182265,7.170997753131023e-05,0.0007181461072759,4.379933699397043e-06,lp_rnd,0.05,2,LP-RND (beta=0.05)
17000,0.348,0.1924705882352941,0.9705882352941176,66,259,3505,1.728718993605468e-05,2.070746619585408e-06,8.230175450373135e-07,7.71368031970908e-08,0.0004879886872646,4.54359762431695e-05,0.0006933405216186,4.303808325175851e-06,lp_rnd,0.05,2,LP-RND (beta=0.05)
18000,0.226,0.1943333333333333,0.9705882352941176,66,259,3731,1.7746373477110003e-05,1.8312351626720796e-06,8.791735347915921e-07,1.4187010329419478e-07,0.0005342071054449,8.678330395634336e-05,0.0006499328788268,4.231278863699117e-06,lp_rnd,0.05,2,LP-RND (beta=0.05)
19000,0.475,0.2091052631578947,0.9705882352941176,66,259,4206,1.6421173248473728e-05,8.407611356428138e-07,8.414094439726078e-07,4.4044831632899806e-08,0.0005262272942906,2.73462584185502e-05,0.0006046575598811,4.220884023425242e-06,lp_rnd,0.05,2,LP-RND (beta=0.05)
20000,0.188,0.20805,0.9705882352941176,66,259,4394,1.5561915134601303e-05,1.6826684524601643e-06,6.308572897359362e-07,2.104989274425413e-07,0.0004040499276672,0.0001351886746867,0.0006066346429724,4.113928378501442e-06,lp_rnd,0.05,2,LP-RND (beta=0.05)
21000,0.208,0.208047619047619,0.9705882352941176,66,259,4602,1.576787150707577e-05,1.3395756178746664e-06,6.840315751770294e-07,1.668866727056131e-07,0.0004471799591828,0.000109598385184,0.0005817083442889,4.019689861252118e-06,lp_rnd,0.05,2,LP-RND (beta=0.05)
22000,0.109,0.2035454545454545,0.9705882352941176,66,259,4711,1.5943711941622287e-05,1.3548460208050894e-06,6.722892634437094e-07,1.3287522688876904e-07,0.0004517160009572,8.92279401500118e-05,0.0005449965127118,3.863326492250962e-06,lp_rnd,0.05,2,LP-RND (beta=0.05)
23000,0.063,0.1974347826086956,1.0,68,266,4779,1.4820330942177586e-05,2.4583422675893807e-06,5.606010860887297e-07,1.6257898659444988e-07,0.0003851461609912,0.0001117976392392,0.0005596831517686,3.640486766926188e-06,lp_rnd,0.05,2,LP-RND (beta=0.05)
24000,0.011,0.1896666666666666,1.0,68,268,4792,1.2589443940669298e-05,7.177772482082338e-06,7.496921832419254e-07,1.4865964809602184e-06,0.0005249953283129,0.0010409756041358,0.0005374459348458,3.634293835602875e-06,lp_rnd,0.05,2,LP-RND (beta=0.05)
25000,0.01,0.18248,1.0,68,268,4802,1.7111706893047084e-05,9.639302016732169e-07,2.778901944111567e-07,2.608647724338715e-07,0.00019900069157,0.0001864055509484,0.0005450438309708,3.5426457383209707e-06,lp_rnd,0.05,2,LP-RND (beta=0.05)
26000,0.02,0.1762307692307692,1.0,68,269,4823,1.3795328322885326e-05,2.2522594882808423e-06,4.870486009167507e-07,1.3156626205905156e-07,0.0003552552043057,9.585462844697028e-05,0.000507977650559,3.3375256239196462e-06,lp_rnd,0.05,2,LP-RND (beta=0.05)
27000,0.041,0.1712222222222222,1.0,68,269,4864,1.471945818305291e-05,1.1872690785924425e-06,4.701423233377793e-07,1.541041769511951e-07,0.000347495538846,0.0001144079350626,0.0004999550113207,3.120724137261277e-06,lp_rnd,0.05,2,LP-RND (beta=0.05)
28000,0.037,0.1664285714285714,1.0,68,269,4901,1.349914078378493e-05,1.5205646996335782e-06,6.815442592031449e-07,1.6993176541787008e-07,0.000516649829336,0.0001284844735657,0.0004590714184741,3.005871456366549e-06,lp_rnd,0.05,2,LP-RND (beta=0.05)
29000,0.015,0.1612068965517241,1.0,68,269,4916,1.2709329651746276e-05,6.506462956960447e-07,1.3833099122469626e-07,1.0798543242224714e-07,0.0001055328634,8.295938012247209e-05,0.0004520797286604,2.8813908453457773e-06,lp_rnd,0.05,2,LP-RND (beta=0.05)
30000,0.061,0.1578666666666666,1.0,68,269,4977,1.3303819637481777e-05,7.432860598874177e-07,6.672129097378423e-07,1.2129769319604173e-07,0.0005198390287682,9.479891152751116e-05,0.0004076226435026,2.736755590149187e-06,lp_rnd,0.05,2,LP-RND (beta=0.05)
31000,0.044,0.1541935483870967,1.0,68,270,5022,1.4508683100509437e-05,1.2217044533142493e-06,4.1967331815778214e-07,8.959034930937425e-08,0.0003324064702246,7.116838886462795e-05,0.0004141986845461,2.6669391513109984e-06,lp_rnd,0.05,2,LP-RND (beta=0.05)
32000,0.071,0.15159375,1.0,68,270,5093,1.439429311624697e-05,1.5381672908695391e-06,6.786609498101851e-07,1.950099270544417e-07,0.0005462696796055,0.0001574980078659,0.0003893058209869,2.589913545591571e-06,lp_rnd,0.05,2,LP-RND (beta=0.05)
33000,0.015,0.1474545454545454,1.0,68,270,5108,1.28087165649049e-05,6.790184540978554e-07,5.461605420957009e-07,5.2634921031730654e-08,0.0004466146480697,4.3037701647735066e-05,0.0003570735665161,2.523342506378867e-06,lp_rnd,0.05,2,LP-RND (beta=0.05)
34000,0.024,0.1438235294117647,1.0,68,270,5132,1.4624886546243944e-05,1.123568339350951e-06,5.317645938400043e-07,9.401470654802885e-08,0.0004410270722492,7.815460902296438e-05,0.0003634052329471,2.4339425409607427e-06,lp_rnd,0.05,2,LP-RND (beta=0.05)
35000,0.06,0.1414285714285714,1.0,68,270,5192,1.429114331585879e-05,3.7463047874099485e-07,4.86200224258937e-07,3.6982794540260836e-08,0.0004084810366035,3.1176522751007847e-05,0.000332697163938,2.373694248888114e-06,lp_rnd,0.05,2,LP-RND (beta=0.05)
36000,0.031,0.1383611111111111,1.0,68,270,5223,1.3684627535234715e-05,4.474119312137953e-07,3.406577390353871e-07,5.56493244202359e-08,0.0002914251693897,4.75279119133701e-05,0.0003177684586698,2.238598134340464e-06,lp_rnd,0.05,2,LP-RND (beta=0.05)
37000,0.03,0.1354324324324324,1.0,68,270,5253,1.3467233778404382e-05,1.7773011977237499e-07,4.883846334754102e-07,1.903580623073224e-08,0.0004227653759437,1.6470812254013825e-05,0.0003113102965671,2.18398013339538e-06,lp_rnd,0.05,2,LP-RND (beta=0.05)
38000,0.052,0.1332368421052631,1.0,68,270,5305,1.3255156598181482e-05,2.092978049812914e-07,4.607850489544665e-07,1.026802945716794e-08,0.0004043498929627,9.004865207619683e-06,0.0003165137654395,2.1504856049432418e-06,lp_rnd,0.05,2,LP-RND (beta=0.05)
39000,0.06,0.1313589743589743,1.0,68,270,5365,1.3110091185808414e-05,1.902268742601893e-07,4.526516249825363e-07,1.98087069206172e-08,0.0004024056194604,1.7590784274836422e-05,0.000298140760422,2.07327418343084e-06,lp_rnd,0.05,2,LP-RND (beta=0.05)
40000,0.031,0.12885,1.0,68,270,5396,1.267262752897354e-05,3.32882935183948e-07,5.988814307549488e-07,2.7642686580277275e-08,0.0005393033686735,2.485726571066188e-05,0.0002919086089677,2.022479475385808e-06,lp_rnd,0.05,2,LP-RND (beta=0.05)
41000,0.184,0.1301951219512195,1.0,68,270,5580,1.2538025254857729e-05,3.484952394460903e-07,5.252280372943737e-07,3.9929807042515153e-08,0.0004777292088159,3.6367371504669786e-05,0.0002771782767522,1.998992855931192e-06,lp_rnd,0.05,2,LP-RND (beta=0.05)
42000,0.206,0.132,1.0,68,270,5786,1.2353271566239836e-05,2.74037656226803e-07,5.807605371885375e-07,1.3319940849151617e-08,0.0005352409703454,1.2273770700831612e-05,0.000262226699815,1.972964222176188e-06,lp_rnd,0.05,2,LP-RND (beta=0.05)
43000,0.121,0.1317441860465116,1.0,68,270,5907,1.2056463824855434e-05,2.700931520486231e-07,5.209376618303628e-07,3.247297954639525e-08,0.0004858009484486,3.025543145809584e-05,0.000286642420142,1.981104844617221e-06,lp_rnd,0.05,2,LP-RND (beta=0.05)
44000,0.325,0.1361363636363636,1.0,68,270,6232,1.3145301169200908e-05,2.3631658833707025e-07,5.691305817051145e-07,2.2788857618420648e-08,0.0005366434373256,2.147756438098721e-05,0.000277159616895,1.9856976504684097e-06,lp_rnd,0.05,2,LP-RND (beta=0.05)
45000,0.287,0.1394888888888888,1.0,68,270,6519,1.3059720804259031e-05,2.607977306812809e-07,5.137703658776433e-07,1.2467774146741057e-08,0.0004899906617813,1.1872919519131551e-05,0.0002584611711681,1.9898413113423885e-06,lp_rnd,0.05,2,LP-RND (beta=0.05)
46000,0.224,0.1413260869565217,1.0,68,270,6743,1.2756270909416603e-05,4.322317268820511e-07,7.749446138762193e-07,8.277850047117866e-08,0.0007461599039546,7.976404782008618e-05,0.0002461857233702,2.0055420138760383e-06,lp_rnd,0.05,2,LP-RND (beta=0.05)
47000,0.085,0.140127659574468,1.0,68,270,6828,1.191604457798188e-05,2.264012032537535e-07,4.735753731545308e-07,5.3336681436019696e-08,0.0004610934565915,5.193813350587007e-05,0.0002674470286692,1.9832561337125298e-06,lp_rnd,0.05,2,LP-RND (beta=0.05)
48000,0.138,0.1400833333333333,1.0,68,270,6966,1.1925196673289156e-05,2.488548457170915e-07,5.126086129482997e-07,2.8996116291227104e-08,0.0005039025889591,2.8532629564145997e-05,0.0002703304958013,2.00918973825992e-06,lp_rnd,0.05,2,LP-RND (beta=0.05)
49000,0.064,0.1385306122448979,1.0,68,270,7030,1.302128730884533e-05,1.970955799973592e-07,6.661579305955456e-07,1.7027773656423293e-08,0.0006617616437232,1.691183575950257e-05,0.0002431488839629,1.9358767809194437e-06,lp_rnd,0.05,2,LP-RND (beta=0.05)
50000,0.089,0.13754,1.0,68,270,7119,1.2487247638571798e-05,2.49774063824845e-07,5.509218374683176e-07,9.751219774565149e-09,0.0005537339270675,9.788072291209692e-06,0.0002429717833019,1.892493231082426e-06,lp_rnd,0.05,2,LP-RND (beta=0.05)
51000,0.278,0.1402941176470588,1.0,68,270,7397,1.154638165997757e-05,1.838178085362021e-07,3.6583721156204e-07,3.3768435498756833e-08,0.0003711623845868,3.423363668471916e-05,0.0002415887781426,1.934402146076764e-06,lp_rnd,0.05,2,LP-RND (beta=0.05)
52000,0.117,0.1398461538461538,1.0,68,270,7514,1.1716880476148002e-05,1.6436417739975626e-07,4.98923109884127e-07,1.1948978536459755e-08,0.0005101062581928,1.223425312246896e-05,0.0001039589596794,1.8797272033737045e-06,lp_rnd,0.05,2,LP-RND (beta=0.05)
53000,0.148,0.14,1.0,68,270,7662,1.1596329045460152e-05,1.7421204465663222e-07,5.856323309057483e-07,1.9050228737217076e-08,0.0006058674254072,1.9699642284735043e-05,2.3767709127696435e-05,1.8905852855937155e-06,lp_rnd,0.05,2,LP-RND (beta=0.05)
54000,0.127,0.1397592592592592,1.0,68,270,7789,1.0399169585027954e-05,2.466530923749283e-07,3.904297690188667e-07,1.6544192111734473e-08,0.0004071370656706,1.7269010946214e-05,2.1289861928835308e-05,1.8873263074397072e-06,lp_rnd,0.05,2,LP-RND (beta=0.05)
55000,0.059,0.1382909090909091,1.0,68,270,7848,1.1587801648185971e-05,1.622136622932865e-07,4.58165979611202e-07,1.6295086369393135e-08,0.0004820203057382,1.714760147659104e-05,1.857874030815765e-05,1.88040280494306e-06,lp_rnd,0.05,2,LP-RND (beta=0.05)
56000,0.032,0.1363928571428571,1.0,68,270,7880,1.2922615255206438e-05,1.4326397024439264e-07,5.006449583788708e-07,3.2028549201242634e-08,0.000530739092362,3.4036615633147824e-05,1.555485026619863e-05,1.8051168741521903e-06,lp_rnd,0.05,2,LP-RND (beta=0.05)
57000,0.045,0.1347894736842105,1.0,68,270,7925,1.132231761099926e-05,1.6079827286928169e-07,3.5606953032482933e-07,5.767488015224834e-08,0.0003816665048702,6.178662129166428e-05,1.6476202705689503e-05,1.7891105302965115e-06,lp_rnd,0.05,2,LP-RND (beta=0.05)
58000,0.061,0.1335172413793103,1.0,68,270,7986,1.1686524333929468e-05,1.581684036576165e-07,4.875562614766064e-07,1.3413246919275156e-08,0.0005275884290499,1.4497013292025004e-05,1.4543543796889937e-05,1.7525207163657797e-06,lp_rnd,0.05,2,LP-RND (beta=0.05)
59000,0.089,0.1327627118644067,1.0,68,270,8075,1.2437170558830454e-05,2.958355781689969e-07,3.63448721605544e-07,1.4018726595714217e-08,0.0003962425340766,1.528452012288502e-05,1.2735737575667373e-05,1.7156084410885342e-06,lp_rnd,0.05,2,LP-RND (beta=0.05)
60000,0.162,0.13325,1.0,68,270,8237,1.1578619531648632e-05,2.3373466219938646e-07,4.0067501360659044e-07,1.6677199764368082e-08,0.0004401189211766,1.834145709677761e-05,9.547753072297384e-06,1.7022988936901128e-06,lp_rnd,0.05,2,LP-RND (beta=0.05)
61000,0.44,0.1382786885245901,1.0,68,270,8677,1.0988692848844615e-05,2.2116458957555097e-07,4.222907364237472e-07,4.7021403748459535e-08,0.0004680593043445,5.210239765916963e-05,1.3504234362926582e-05,1.6916249272185268e-06,lp_rnd,0.05,2,LP-RND (beta=0.05)
62000,0.158,0.1385967741935483,1.0,68,270,8835,1.0987975843541974e-05,1.6152268953230048e-07,3.429612664298981e-07,7.92714720890864e-09,0.0003829775405544,8.857969488931274e-06,1.3404401406660328e-05,1.724078336110324e-06,lp_rnd,0.05,2,LP-RND (beta=0.05)
63000,0.225,0.1399682539682539,1.0,68,270,9060,1.105369900768791e-05,1.442639668055328e-07,3.99461841880111e-07,4.4638695423908497e-08,0.0004497189375033,5.026051916005953e-05,9.65415403265979e-06,1.7077120522515087e-06,lp_rnd,0.05,2,LP-RND (beta=0.05)
64000,0.498,0.1455625,1.0,68,270,9558,1.109293821921977e-05,4.86730419106856e-07,4.806837993845214e-07,4.9767342211878835e-08,0.0005454448231756,5.63188586198944e-05,1.180593138627728e-05,1.691377370804048e-06,lp_rnd,0.05,2,LP-RND (beta=0.05)
65000,0.357,0.1488153846153846,1.0,68,270,9915,1.0591196520991394e-05,1.8154467558707289e-07,4.355245485586501e-07,2.0118384312553548e-08,0.0004979329994637,2.302185634921907e-05,7.805980274611102e-06,1.7021373738259627e-06,lp_rnd,0.05,2,LP-RND (beta=0.05)
66000,0.368,0.1521363636363636,1.0,68,270,10283,1.2113136433378674e-05,2.649145922369965e-06,4.93992639180958e-07,2.8750684141729934e-07,0.0005694926170159,0.0003313004750098,8.542147003936407e-06,1.738856973389602e-06,lp_rnd,0.05,2,LP-RND (beta=0.05)
67000,0.313,0.1545373134328358,1.0,68,270,10596,1.1391559119205246e-05,8.478199955703965e-07,4.537322407492311e-07,7.88383260793381e-08,0.0005270949888794,9.140654851918332e-05,6.190511403133314e-06,1.7717399280172686e-06,lp_rnd,0.05,2,LP-RND (beta=0.05)
68000,0.157,0.1545735294117647,1.0,68,271,10754,1.1376729275256204e-05,9.660505973790254e-07,4.566497560158583e-07,2.7374241932137572e-08,0.0005337653478902,3.2005704814961205e-05,4.409999763367978e-06,1.7342761816507845e-06,lp_rnd,0.05,2,LP-RND (beta=0.05)
69000,0.305,0.1567536231884058,1.0,68,271,11059,1.0709191841013934e-05,1.2292557914984074e-06,4.813190742902034e-07,1.220246859758073e-07,0.0005670104073408,0.0001438848436359,6.47064791212415e-06,1.7190018732833324e-06,lp_rnd,0.05,2,LP-RND (beta=0.05)
70000,0.316,0.1590285714285714,1.0,68,271,11375,1.0765832588662352e-05,3.718140125745498e-06,4.82500006081507e-07,5.338654088109816e-07,0.0005725058092599,0.0006336111970548,7.526621287752278e-06,1.70179278222804e-06,lp_rnd,0.05,2,LP-RND (beta=0.05)
71000,0.114,0.1583943661971831,1.0,68,271,11489,1.1009280330510687e-05,1.443228343283102e-06,3.798142539349021e-07,3.654257309811068e-07,0.0004532505715672,0.0004369522544531,6.90612842339533e-06,1.7242899301663785e-06,lp_rnd,0.05,2,LP-RND (beta=0.05)
72000,0.073,0.1572083333333333,1.0,68,271,11562,1.1119906552989523e-05,1.7070321846801465e-06,4.112000468710106e-07,2.6406745558369897e-07,0.0004944043959808,0.0003181885386465,5.089955799007839e-06,1.7021255304427996e-06,lp_rnd,0.05,2,LP-RND (beta=0.05)
73000,0.028,0.1554383561643835,1.0,68,271,11590,1.0775834295730289e-05,1.9572538241736897e-06,3.571698081421866e-07,4.474527746987482e-07,0.0004331098221609,0.000542077663841,5.252072977498301e-06,1.703933892713394e-06,lp_rnd,0.05,2,LP-RND (beta=0.05)
74000,0.015,0.1535405405405405,1.0,68,271,11605,1.0794207810249644e-05,2.1415415798699006e-06,5.060151427945432e-07,2.226370937047841e-07,0.0006167194000457,0.0002717886896218,6.471369383802994e-06,1.7266635200599013e-06,lp_rnd,0.05,2,LP-RND (beta=0.05)
75000,0.03,0.1518933333333333,1.0,68,271,11635,1.177712767154541e-05,8.846198510209914e-07,6.516093890240881e-07,1.5006365182690042e-07,0.000799953570009,0.000184109195152,3.47836607318186e-06,1.6954080220443756e-06,lp_rnd,0.05,2,LP-RND (beta=0.05)
76000,0.013,0.1500657894736842,1.0,68,271,11648,9.981081592951132e-06,9.677718431114114e-07,3.8061954490750884e-07,2.103617749330813e-07,0.0004698625292677,0.0002603251535718,2.460007035210765e-06,1.6741178229722209e-06,lp_rnd,0.05,2,LP-RND (beta=0.05)
77000,0.042,0.1486623376623376,1.0,68,271,11690,1.13203586806776e-05,2.3686035006849223e-06,4.4904472166048694e-07,5.615931199287813e-07,0.0005573308847882,0.0006993763053891,2.2917460432836377e-06,1.687794403608223e-06,lp_rnd,0.05,2,LP-RND (beta=0.05)
78000,0.039,0.1472564102564102,1.0,68,271,11729,1.086256434763737e-05,1.9949226236381027e-06,4.912749435066079e-07,1.355697585058598e-07,0.0006152107307004,0.000169838881039,4.040926848801973e-06,1.6554862022246651e-06,lp_rnd,0.05,2,LP-RND (beta=0.05)
79000,0.065,0.1462151898734177,1.0,68,271,11794,1.0376692276062943e-05,9.567198326124377e-07,5.174915154034701e-07,1.502055894775367e-07,0.0006523570182579,0.0001891936078524,2.261294481627374e-06,1.664020604664529e-06,lp_rnd,0.05,2,LP-RND (beta=0.05)
80000,0.072,0.1452875,1.0,68,271,11866,1.063413161735601e-05,3.541292982993813e-07,3.77357458268711e-07,7.091316982663556e-08,0.0004779130503409,8.991487208787643e-05,4.123156671084871e-06,1.653300148376502e-06,lp_rnd,0.05,2,LP-RND (beta=0.05)
81000,0.014,0.1436666666666666,1.0,68,271,11880,1.0169967968717432e-05,1.5744568175748822e-06,8.878805601852946e-07,2.3715195605801554e-07,0.0011328063596672,0.0003024775282166,2.381652777103227e-06,1.6560782529495557e-06,lp_rnd,0.05,2,LP-RND (beta=0.05)
82000,0.012,0.142060975609756,1.0,68,271,11892,1.1177874815378647e-05,1.3572106507083783e-06,3.724386867058153e-07,1.1017229124141193e-07,0.0004786903673445,0.000141293244026,2.557048335404488e-06,1.6784579771638164e-06,lp_rnd,0.05,2,LP-RND (beta=0.05)
83000,0.035,0.1407710843373494,1.0,68,271,11927,1.0038819800683995e-05,8.996935013119064e-07,5.661141325877647e-07,8.19318787470144e-08,0.0007314915690244,0.0001057369757887,2.133186527800035e-06,1.6187941502039393e-06,lp_rnd,0.05,2,LP-RND (beta=0.05)
84000,0.01,0.1392142857142857,1.0,68,271,11937,9.852456832959433e-06,7.011591282295942e-07,3.963688868680038e-07,8.435428865405269e-08,0.0005148151753499,0.0001095858399141,2.9558135947809204e-06,1.597023923039842e-06,lp_rnd,0.05,2,LP-RND (beta=0.05)
85000,0.01,0.1376941176470588,1.0,68,271,11947,9.179662038150127e-06,6.784732038429733e-07,6.605531780223828e-07,4.422288199921837e-08,0.0008644074216299,5.7795329203467775e-05,2.041115495956092e-06,1.5758675816641698e-06,lp_rnd,0.05,2,LP-RND (beta=0.05)
86000,0.028,0.1364186046511628,1.0,68,271,11975,1.046529056176431e-05,1.173004962013371e-06,2.493987299853221e-07,1.1281606731384773e-07,0.000327456746349,0.000148275139956,3.014785144443977e-06,1.5960575897224772e-06,lp_rnd,0.05,2,LP-RND (beta=0.05)
87000,0.008,0.1349425287356321,1.0,68,271,11983,1.1525834850090176e-05,9.993101402752042e-07,5.76690922571288e-07,8.964934490461909e-08,0.0007626784887178,0.0001184903116386,4.08369641382933e-06,1.586109284687609e-06,lp_rnd,0.05,2,LP-RND (beta=0.05)
88000,0.009,0.1335113636363636,1.0,68,271,11992,9.403328476764727e-06,7.394321807105137e-07,4.114317562198266e-07,2.1389841223904282e-07,0.0005466682751789,0.0002845708888209,4.742009125948244e-06,1.5585938721756064e-06,lp_rnd,0.05,2,LP-RND (beta=0.05)
89000,0.007,0.1320898876404494,1.0,68,271,11999,6.869689059385564e-06,7.170426833560388e-07,2.807432792906184e-07,9.632132796904996e-08,0.0003753590748899,0.0001288119741354,4.271785486594126e-06,1.5754321633778545e-06,lp_rnd,0.05,2,LP-RND (beta=0.05)
90000,0.007,0.1307,1.0,68,271,12006,7.4345504929494514e-06,9.03662822764572e-07,3.3428334843067985e-07,1.6169879676430416e-07,0.0004496333760903,0.0002174539084057,7.096798213609645e-06,1.52202526317069e-06,lp_rnd,0.05,2,LP-RND (beta=0.05)
91000,0.012,0.1293956043956044,1.0,68,271,12018,8.837098600148844e-06,1.9686686560596363e-06,5.754073981734109e-07,2.592521838772241e-07,0.0007773646774788,0.0003503435514559,3.4308914678433667e-06,1.5214098313549584e-06,lp_rnd,0.05,2,LP-RND (beta=0.05)
92000,0.011,0.1281086956521739,1.0,68,271,12029,7.638682456507178e-06,5.202737761151143e-07,2.310818920457016e-07,1.809451610588453e-07,0.0003142752691496,0.0002459479516686,5.449818620775204e-06,1.4830075952829702e-06,lp_rnd,0.05,2,LP-RND (beta=0.05)
93000,0.007,0.1268064516129032,1.0,68,271,12036,1.093669360281118e-05,8.051121048521962e-07,5.109625038000689e-07,9.09020120405102e-08,0.0006973017836025,0.0001241503532379,4.898599912621648e-06,1.433487136068834e-06,lp_rnd,0.05,2,LP-RND (beta=0.05)
94000,0.097,0.1264893617021276,1.0,68,271,12133,9.592734737996524e-06,2.9831383639095e-07,3.252871559282342e-07,3.626766123252592e-08,0.0004462361010865,4.980156057638562e-05,4.9329867986216415e-06,1.4387950176626418e-06,lp_rnd,0.05,2,LP-RND (beta=0.05)
95000,0.047,0.1256526315789473,1.0,68,271,12180,9.472933131891818e-06,6.084170999575754e-07,3.3251885337875214e-07,8.357648614076922e-08,0.0004588648418061,0.0001154355053167,3.2189165510203565e-06,1.324698187630702e-06,lp_rnd,0.05,2,LP-RND (beta=0.05)
96000,0.028,0.1246354166666666,1.0,68,271,12208,9.12446340959962e-06,4.429401973252476e-07,4.67723201122031e-07,3.8607734534723e-08,0.0006494343164362,5.3611137272997655e-05,4.3816968135388376e-06,1.2892121775678334e-06,lp_rnd,0.05,2,LP-RND (beta=0.05)
97000,0.006,0.1234123711340206,1.0,68,271,12214,7.625267092710904e-06,8.176537230930235e-07,2.7473220143292565e-07,8.653189058922089e-08,0.0003830989049386,0.0001207981231452,2.13001123663048e-06,1.2696164425989309e-06,lp_rnd,0.05,2,LP-RND (beta=0.05)
98000,0.013,0.1222857142857142,1.0,68,271,12227,8.166374510228006e-06,3.0874055721588324e-07,1.9518417432734097e-07,4.188166680467677e-08,0.0002741421812046,5.872139191745819e-05,3.584751957703247e-06,1.2448957035928745e-06,lp_rnd,0.05,2,LP-RND (beta=0.05)
99000,0.022,0.1212727272727272,1.0,68,271,12249,9.043350432462336e-06,4.2020947463288965e-07,3.0550997755860654e-07,2.7755173534170583e-08,0.0004302920116664,3.911294892386065e-05,3.140036796466461e-06,1.220225941779063e-06,lp_rnd,0.05,2,LP-RND (beta=0.05)
100000,0.009,0.12015,1.0,68,271,12258,9.281161864136164e-06,4.653200139615717e-07,5.28008968103677e-07,4.899106583893485e-08,0.0007481967990954,6.94190547506494e-05,3.768303286321384e-06,1.2279689193519517e-06,lp_rnd,0.05,2,LP-RND (beta=0.05)
1000,0.156,0.156,0.5147058823529411,35,119,258,0.0060900552466941,0.0049795021641761,0.0,0.0,0.0,0.0,0.0037887359503656,0.0050926986150443,lp_rnd,0.05,3,LP-RND (beta=0.05)
2000,0.172,0.164,0.6029411764705882,41,156,464,0.0004397979350763,0.0003358637349867,0.0055735237154633,0.0047057660398914,3.199806322170807,2.4309447191981635,0.0023715251839603,0.0003229919900659,lp_rnd,0.05,3,LP-RND (beta=0.05)
3000,0.222,0.1833333333333333,0.6323529411764706,43,163,693,9.62613133336302e-05,2.615099248888213e-05,3.778038823945387e-05,1.7271469028004746e-05,0.015432967815011,0.0070782188189539,0.0022353914176928,3.771454239358718e-05,lp_rnd,0.05,3,LP-RND (beta=0.05)
4000,0.173,0.18075,0.8676470588235294,59,213,914,5.3590953450500586e-05,2.6845288353833806e-05,1.3706403152917571e-05,5.522060399609248e-06,0.0061765936750295,0.0024617955448817,0.0019603265267796,2.0396940341925077e-05,lp_rnd,0.05,3,LP-RND (beta=0.05)
5000,0.183,0.1812,0.9117647058823528,62,231,1115,4.16178972458103e-05,2.1746203267489983e-05,6.380079727927782e-06,3.979091959697579e-06,0.0031124277907014,0.0019333249335704,0.00176072729734,1.45175098305117e-05,lp_rnd,0.05,3,LP-RND (beta=0.05)
6000,0.111,0.1695,0.9411764705882352,64,245,1236,3.392457676602282e-05,1.174040540358521e-05,2.661294274730608e-06,2.3789153316890647e-06,0.0013906785102629,0.0012568869930905,0.0015239574623992,1.1214343647679926e-05,lp_rnd,0.05,3,LP-RND (beta=0.05)
7000,0.168,0.1692857142857143,0.9852941176470588,67,258,1416,2.831419648633268e-05,1.736028106127727e-05,2.413290644653898e-06,2.658493790339214e-06,0.0013515384804443,0.0014943390298413,0.0013449921817227,9.351869387955958e-06,lp_rnd,0.05,3,LP-RND (beta=0.05)
8000,0.171,0.1695,0.9852941176470588,67,258,1587,2.6305797961724332e-05,3.0093641515551145e-06,1.8877485911760136e-06,5.507579958514289e-07,0.0011168017605922,0.0003292523383294,0.0012632581232173,8.092735509535487e-06,lp_rnd,0.05,3,LP-RND (beta=0.05)
9000,0.12,0.164,0.9852941176470588,67,258,1707,2.463147263824794e-05,4.38936603275925e-06,1.0860838453178682e-06,6.003618656113087e-07,0.0006743650254268,0.0003771056659645,0.0011474461386678,6.78267869488991e-06,lp_rnd,0.05,3,LP-RND (beta=0.05)
10000,0.197,0.1673,0.9852941176470588,67,258,1904,2.231302581551552e-05,4.383183322419317e-06,1.1846505326802752e-06,5.830612368376927e-07,0.0007804102311873,0.0003843139973311,0.0011163850667362,5.999647166845534e-06,lp_rnd,0.05,3,LP-RND (beta=0.05)
11000,0.244,0.1742727272727272,0.9852941176470588,67,258,2148,2.0993153835571903e-05,3.300969706874495e-06,1.2066787863271903e-06,3.678249944674503e-07,0.0008297350756098,0.0002536307769287,0.0010500635556963,5.429556832268645e-06,lp_rnd,0.05,3,LP-RND (beta=0.05)
12000,0.248,0.1804166666666666,0.9852941176470588,67,258,2396,2.048685704017595e-05,2.8320602567569245e-06,1.0288477758348886e-06,4.48790316436818e-07,0.000735288044213,0.0003213096903804,0.0009409764618176,5.137728473528113e-06,lp_rnd,0.05,3,LP-RND (beta=0.05)
13000,0.243,0.1852307692307692,0.9852941176470588,67,258,2639,1.8541847723863164e-05,4.951450763080091e-06,9.684091635812997e-07,4.364599191947917e-07,0.0007192218938425,0.0003221984836607,0.0008515595673816,5.023191972668428e-06,lp_rnd,0.05,3,LP-RND (beta=0.05)
14000,0.397,0.2003571428571428,0.9852941176470588,67,258,3036,1.841416829728603e-05,4.776284214334817e-07,8.557118482749776e-07,5.964706534327821e-08,0.0006587687295422,4.584166511936631e-05,0.0008633776102215,4.737960460943214e-06,lp_rnd,0.05,3,LP-RND (beta=0.05)
15000,0.255,0.204,0.9852941176470588,67,262,3295,1.7350899753521436e-05,6.036744327888752e-06,7.953888651921743e-07,2.4897897284344e-07,0.0006337437672408,0.0001976395218869,0.0007852643914229,4.688603451313611e-06,lp_rnd,0.05,3,LP-RND (beta=0.05)
16000,0.422,0.217625,0.9852941176470588,67,262,3717,1.682876171005739e-05,7.442115717899265e-07,9.055298447509774e-07,9.21791203890119e-08,0.0007438214318828,7.520234742059361e-05,0.0007664872004097,4.637830683691391e-06,lp_rnd,0.05,3,LP-RND (beta=0.05)
17000,0.357,0.2258235294117647,0.9852941176470588,67,264,4076,1.689273887107037e-05,2.3426618724897708e-06,7.466339847261767e-07,1.3823384134128156e-07,0.0006304905623605,0.0001161277359211,0.000701285891293,4.579265566690083e-06,lp_rnd,0.05,3,LP-RND (beta=0.05)
18000,0.436,0.2375,0.9852941176470588,67,264,4512,1.594142891800911e-05,8.83020106938165e-07,8.237472617661756e-07,9.998814168122233e-08,0.0007141942014852,8.664483812934351e-05,0.0006632733272854,4.582332218888041e-06,lp_rnd,0.05,3,LP-RND (beta=0.05)
19000,0.309,0.2412631578947368,0.9852941176470588,67,264,4821,1.526613670683978e-05,5.239483175825873e-06,7.144992305021424e-07,5.603065902446578e-07,0.000634885361271,0.000501359025194,0.0005853862042349,4.58013173715699e-06,lp_rnd,0.05,3,LP-RND (beta=0.05)
20000,0.352,0.2468,0.9852941176470588,67,265,5174,1.4389784527421314e-05,1.7039696581360394e-06,5.91441409948278e-07,1.2048975343933634e-07,0.0005397198863714,0.0001098672261789,0.0005713692501522,4.470380690236197e-06,lp_rnd,0.05,3,LP-RND (beta=0.05)
21000,0.378,0.253047619047619,0.9852941176470588,67,266,5553,1.3926538234541087e-05,2.665257877464236e-06,6.147037246202152e-07,2.194638883142731e-07,0.0005735701212239,0.0002059469634391,0.0005393398197593,4.43829204937174e-06,lp_rnd,0.05,3,LP-RND (beta=0.05)
22000,0.428,0.261,0.9852941176470588,67,266,5981,1.459027913012939e-05,9.05085728918676e-07,6.300274159240582e-07,1.3862336521876093e-07,0.0006010815735459,0.0001326596097309,0.0005115754884827,4.384907549592754e-06,lp_rnd,0.05,3,LP-RND (beta=0.05)
23000,0.302,0.2627826086956522,0.9852941176470588,67,266,6283,1.3997485342806372e-05,1.271546862952644e-06,6.975365399046869e-07,1.001294277087731e-07,0.0006824353280089,9.77519950625474e-05,0.0005101559051036,4.371336520989644e-06,lp_rnd,0.05,3,LP-RND (beta=0.05)
24000,0.201,0.2602083333333333,0.9852941176470588,67,266,6484,1.3811798279182503e-05,1.365053944756541e-06,5.954935473728165e-07,1.2093751522126598e-07,0.000593716615856,0.0001207805079279,0.0004773368613023,4.271176405381994e-06,lp_rnd,0.05,3,LP-RND (beta=0.05)
25000,0.325,0.2628,0.9852941176470588,67,266,6809,1.283344509339748e-05,8.982824365838732e-07,5.651550516351843e-07,9.710995870877756e-08,0.0005755782681128,9.867668353765592e-05,0.0004759548791153,4.076318778743371e-06,lp_rnd,0.05,3,LP-RND (beta=0.05)
26000,0.32,0.265,1.0,68,269,7132,1.4247509490417087e-05,2.084742896106959e-06,6.951865060500495e-07,1.4667107578665817e-07,0.0007204127271686,0.0001522328518425,0.0004291700346075,4.053366912557976e-06,lp_rnd,0.05,3,LP-RND (beta=0.05)
27000,0.241,0.2641111111111111,1.0,68,269,7373,1.2450110003344556e-05,4.257752038170986e-07,5.881684254032523e-07,5.0067769112614034e-08,0.0006208716904677,5.284745009113567e-05,0.0004300028846628,4.036704984059724e-06,lp_rnd,0.05,3,LP-RND (beta=0.05)
28000,0.399,0.2689285714285714,1.0,68,269,7772,1.3054232034422816e-05,9.660950055046728e-07,5.255902433053959e-07,9.271528169943917e-08,0.0005666627243469,9.938139499636066e-05,0.0004057521415561,3.946927027072888e-06,lp_rnd,0.05,3,LP-RND (beta=0.05)
29000,0.488,0.2764827586206896,1.0,68,269,8260,1.3088221994136997e-05,2.724326427366863e-07,5.214758598562125e-07,7.842103370847564e-08,0.0005697715096467,8.57673776638863e-05,0.0004100574641415,3.967499204691194e-06,lp_rnd,0.05,3,LP-RND (beta=0.05)
30000,0.28,0.2766,1.0,68,269,8540,1.2023169249784718e-05,1.3446203843396158e-06,4.958863720665769e-07,1.1854482525485033e-07,0.0005505136504445,0.0001319888105141,0.0003987125557214,3.936499169640228e-06,lp_rnd,0.05,3,LP-RND (beta=0.05)
31000,0.229,0.2750645161290322,1.0,68,269,8769,1.2456151469204322e-05,8.935005350094716e-07,5.681078210016804e-07,1.0354686245433369e-07,0.0006421376069518,0.0001170361371184,0.000394654868196,3.851262155990298e-06,lp_rnd,0.05,3,LP-RND (beta=0.05)
32000,0.156,0.27134375,1.0,68,269,8925,1.210608473474377e-05,9.941978286866353e-07,5.665803294108721e-07,8.174586450613529e-08,0.0006516727071528,9.369751725284258e-05,0.0003720359711915,3.755702605189981e-06,lp_rnd,0.05,3,LP-RND (beta=0.05)
33000,0.06,0.2649393939393939,1.0,68,269,8985,1.2289682937686544e-05,5.488260980620395e-07,5.503606189449784e-07,5.6433542646515136e-08,0.0006429032955527,6.572062215755342e-05,0.0003736720735359,3.680616822521188e-06,lp_rnd,0.05,3,LP-RND (beta=0.05)
34000,0.019,0.2577058823529412,1.0,68,269,9004,1.2405282201430773e-05,5.178628746993429e-07,4.738451121068609e-07,5.022400437139514e-08,0.0005580043594694,5.944495990640484e-05,0.000374791700382,3.495922385468475e-06,lp_rnd,0.05,3,LP-RND (beta=0.05)
35000,0.039,0.2514571428571429,1.0,68,269,9043,1.1216249113670365e-05,5.039839062589913e-07,5.022186950298372e-07,4.209470604531197e-08,0.0006015418147758,5.055591505418591e-05,0.000357265474282,3.3809797963613166e-06,lp_rnd,0.05,3,LP-RND (beta=0.05)
36000,0.119,0.2477777777777778,1.0,68,269,9162,1.058988475831159e-05,4.516891661526366e-07,4.990437973749006e-07,4.63773426956656e-08,0.000606923872536,5.63838483460488e-05,0.0003518072929964,3.2900549836085702e-06,lp_rnd,0.05,3,LP-RND (beta=0.05)
37000,0.106,0.2439459459459459,1.0,68,269,9268,1.11974749424402e-05,7.076758854503813e-07,4.693211926592685e-07,6.046960063971817e-08,0.0005778430685538,7.467962016918443e-05,0.000335995706624,3.221414191443728e-06,lp_rnd,0.05,3,LP-RND (beta=0.05)
38000,0.176,0.2421578947368421,1.0,68,269,9444,1.0078705145133426e-05,9.303540308373972e-07,4.929598327924561e-07,6.574847904951505e-08,0.0006157125069236,8.219695988633412e-05,0.0003302030893537,3.1542034283802424e-06,lp_rnd,0.05,3,LP-RND (beta=0.05)
39000,0.057,0.2374102564102564,1.0,68,269,9501,1.225958774803235e-05,8.228944785777552e-07,4.226677495018138e-07,6.502815763513138e-08,0.0005343257858287,8.226533543471478e-05,0.0003114293576709,3.0735525441514257e-06,lp_rnd,0.05,3,LP-RND (beta=0.05)
40000,0.052,0.232775,1.0,68,269,9553,1.1455744225503831e-05,6.436481134629284e-07,5.484930100535096e-07,3.693131602689945e-08,0.0007029627021919,4.731506360675642e-05,0.0003128247454333,2.9918081201003587e-06,lp_rnd,0.05,3,LP-RND (beta=0.05)
41000,0.163,0.2310731707317073,1.0,68,269,9716,1.1176989177708654e-05,1.1097604545383158e-06,5.999503561161299e-07,5.8973084416621243e-08,0.0007782727883915,7.653541777469865e-05,0.0002897625781206,2.943716384606887e-06,lp_rnd,0.05,3,LP-RND (beta=0.05)
42000,0.03,0.2262857142857142,1.0,68,269,9746,1.242921728893028e-05,7.612598211203852e-07,2.5897587268749097e-07,5.944394070220322e-08,0.0003397770692165,7.814615542365578e-05,0.0002925227176529,2.902200927792364e-06,lp_rnd,0.05,3,LP-RND (beta=0.05)
43000,0.024,0.2215813953488372,1.0,68,269,9770,1.1285717164355448e-05,3.485259570854585e-07,2.252885451525799e-07,6.497125983301776e-08,0.0002991748156839,8.624056792656975e-05,0.0002704398715814,2.7974166647481977e-06,lp_rnd,0.05,3,LP-RND (beta=0.05)
44000,0.02,0.217,1.0,68,269,9790,1.173918221866188e-05,4.498214420265162e-07,3.499121476124856e-07,3.4909767832953885e-08,0.0004701856697524,4.684100635433544e-05,0.0002746901107366,2.7436988123668017e-06,lp_rnd,0.05,3,LP-RND (beta=0.05)
45000,0.015,0.2125111111111111,1.0,68,269,9805,1.1236745316030768e-05,3.586303962654406e-07,2.455657522659749e-07,2.9646793181486574e-08,0.0003334144286491,4.032337123829277e-05,0.0002749013643588,2.676104367537846e-06,lp_rnd,0.05,3,LP-RND (beta=0.05)
46000,0.054,0.2090652173913043,1.0,68,269,9859,1.1134915532103926e-05,2.4337921330706183e-07,4.279251142078364e-07,5.669066920010777e-08,0.0005872619851931,7.772830195960473e-05,0.0002658131671796,2.5817508776526664e-06,lp_rnd,0.05,3,LP-RND (beta=0.05)
47000,0.033,0.2053191489361702,1.0,68,269,9892,1.1001417450725883e-05,2.224189469586749e-07,5.024549919295224e-07,1.9128813215712043e-08,0.0006957753581778,2.654101251421567e-05,0.000253400281741,2.5341463982044843e-06,lp_rnd,0.05,3,LP-RND (beta=0.05)
48000,0.016,0.201375,1.0,68,269,9908,9.92013511336154e-06,2.312443938954049e-07,2.918205836976995e-07,7.229418054263038e-09,0.0004075892498724,1.0115625099827272e-05,0.0002613749139545,2.453491777941963e-06,lp_rnd,0.05,3,LP-RND (beta=0.05)
49000,0.012,0.1975102040816326,1.0,68,269,9920,9.127951860439984e-06,1.592217005043592e-07,4.316380758003409e-07,7.981771888686257e-08,0.0006117233064493,0.0001130359976082,0.0002439329115331,2.395060698063389e-06,lp_rnd,0.05,3,LP-RND (beta=0.05)
50000,0.025,0.19406,1.0,68,269,9945,1.0843712898349622e-05,2.2040702864008686e-07,2.9660937798325906e-07,1.732144216230853e-08,0.0004237632185822,2.4765167944237745e-05,0.0002445084905612,2.3633611775721875e-06,lp_rnd,0.05,3,LP-RND (beta=0.05)
51000,0.147,0.1931372549019608,1.0,68,269,10092,9.383594305581687e-06,1.7453059453363901e-07,3.7336956536039777e-07,4.8016038497075287e-08,0.0005390740388288,6.933313321051366e-05,0.0002479358805285,2.2857951217361006e-06,lp_rnd,0.05,3,LP-RND (beta=0.05)
52000,0.156,0.1924230769230769,1.0,68,269,10248,1.0693318033762083e-05,2.373450331311694e-07,2.951516095004664e-07,1.6284673047638322e-08,0.0004302783602931,2.3755727811831184e-05,0.0001163511740751,2.249789532925206e-06,lp_rnd,0.05,3,LP-RND (beta=0.05)
53000,0.471,0.1976792452830188,1.0,68,269,10719,9.832390696056557e-06,4.834892488319313e-07,3.9695812608583753e-07,5.373579776147769e-08,0.0005838933070055,7.918259836268984e-05,4.530814908775938e-05,2.28270211795234e-06,lp_rnd,0.05,3,LP-RND (beta=0.05)
54000,0.3,0.199574074074074,1.0,68,269,11019,9.64159633743596e-06,3.107369404073016e-07,6.064087953442746e-07,1.0618868830342924e-07,0.0009016351814564,0.0001580908074506,3.5573299016959935e-05,2.306040562302769e-06,lp_rnd,0.05,3,LP-RND (beta=0.05)
55000,0.753,0.2096363636363636,1.0,68,269,11772,9.855265109160717e-06,2.3497137120950525e-07,3.588151650684626e-07,1.5973354101405627e-08,0.0005377510778352,2.391407410707836e-05,3.26119042024402e-05,2.340395567898668e-06,lp_rnd,0.05,3,LP-RND (beta=0.05)
56000,0.521,0.2151964285714285,1.0,68,269,12293,1.0390247130552447e-05,3.927371565737303e-07,5.28992192974786e-07,6.0553292191637e-08,0.0007997219895335,9.173272958123497e-05,3.836032334584161e-05,2.4247191976201064e-06,lp_rnd,0.05,3,LP-RND (beta=0.05)
57000,0.815,0.225719298245614,1.0,68,269,13108,1.0552948183961072e-05,3.013755267110773e-07,4.822040359418021e-07,8.14071535467372e-08,0.0007359177783982,0.0001241448478715,3.331540811609557e-05,2.4916573858604352e-06,lp_rnd,0.05,3,LP-RND (beta=0.05)
58000,0.804,0.2356896551724138,1.0,68,269,13912,1.0930827856082125e-05,2.905396138459662e-07,3.935534503746644e-07,2.6670640589456378e-08,0.0006056312123239,4.106872222671032e-05,3.332887812302943e-05,2.5664162026828308e-06,lp_rnd,0.05,3,LP-RND (beta=0.05)
59000,0.851,0.2461186440677966,1.0,68,269,14763,1.06791917155624e-05,2.351721620364869e-07,5.523082864590205e-07,5.10195321516032e-08,0.0008573956003721,7.91908651738415e-05,2.272838297335511e-05,2.7412708201381976e-06,lp_rnd,0.05,3,LP-RND (beta=0.05)
60000,0.735,0.2542666666666666,1.0,68,269,15498,9.821546034515518e-06,2.568222061884042e-07,4.952767524621956e-07,4.246001157714588e-08,0.000775119682189,6.644683916893376e-05,2.8803982669614925e-05,2.850776799505184e-06,lp_rnd,0.05,3,LP-RND (beta=0.05)
61000,0.554,0.2591803278688525,1.0,68,269,16052,9.11668745513308e-06,2.324358514848089e-07,3.671502962384654e-07,1.7738212596819647e-08,0.0005794356286108,2.798553722360236e-05,3.343979073542869e-05,2.913178003041139e-06,lp_rnd,0.05,3,LP-RND (beta=0.05)
62000,0.728,0.266741935483871,1.0,68,269,16780,8.997520318366747e-06,1.84613860643168e-07,3.547940961682768e-07,1.0202162043275861e-08,0.0005645412353851,1.6225334583604486e-05,3.6062494394172975e-05,2.8840541621093507e-06,lp_rnd,0.05,3,LP-RND (beta=0.05)
63000,0.389,0.2686825396825397,1.0,68,269,17169,1.0556128916898048e-05,5.052318104452515e-07,3.507273499834457e-07,1.426856886639066e-07,0.0005623345986831,0.0002293346813578,2.8427497700022285e-05,2.9617684692766486e-06,lp_rnd,0.05,3,LP-RND (beta=0.05)
64000,0.309,0.2693125,1.0,68,269,17478,9.501462811597784e-06,5.798827143707941e-07,3.4384169130341015e-07,6.593096023402031e-08,0.0005556773521697,0.0001066173460472,2.860819266015824e-05,2.9388032362476225e-06,lp_rnd,0.05,3,LP-RND (beta=0.05)
65000,0.331,0.2702615384615384,1.0,68,269,17809,8.935004721340586e-06,3.302040547971137e-07,3.5039788448409e-07,5.3168698759769496e-08,0.0005706529259103,8.661465901781995e-05,3.778609594564841e-05,2.9361309544810863e-06,lp_rnd,0.05,3,LP-RND (beta=0.05)
66000,0.813,0.2784848484848485,1.0,68,269,18622,9.78337600481542e-06,3.5423298988327225e-07,4.326375483903127e-07,2.4166059736800627e-08,0.0007100602091893,3.965913980917224e-05,1.9338960527647942e-05,2.961449499707669e-06,lp_rnd,0.05,3,LP-RND (beta=0.05)
67000,0.358,0.2796716417910447,1.0,68,269,18980,9.202417596350633e-06,3.129276740093235e-07,3.465885769319916e-07,7.787517309307036e-08,0.0005729779212613,0.0001287033070343,2.490965512515686e-05,2.9775604652968462e-06,lp_rnd,0.05,3,LP-RND (beta=0.05)
68000,0.068,0.2765588235294117,1.0,68,269,19048,8.313579762804747e-06,4.704910617555477e-07,3.504689449501337e-07,4.3349831604195255e-08,0.0005830067404281,7.221835628964612e-05,2.64740705119948e-05,2.903852492863734e-06,lp_rnd,0.05,3,LP-RND (beta=0.05)
69000,0.586,0.2810434782608695,1.0,68,269,19634,9.093970677106977e-06,3.4847440006484505e-07,3.975768033882429e-07,6.364414009227042e-08,0.0006676030038034,0.0001066556862805,2.2246788085340086e-05,2.843852188902929e-06,lp_rnd,0.05,3,LP-RND (beta=0.05)
70000,0.253,0.2806428571428571,1.0,68,269,19887,8.375727948760858e-06,3.174497218727995e-07,3.733892752301213e-07,3.2914259136740465e-08,0.0006316840025528,5.553427161855686e-05,2.267269423964535e-05,2.840495181430924e-06,lp_rnd,0.05,3,LP-RND (beta=0.05)
71000,0.097,0.278056338028169,1.0,68,269,19984,1.010434557288464e-05,1.9823608284416093e-07,3.534787678872067e-07,4.7859350549811625e-08,0.0006013434619335,8.149119668481862e-05,1.898581217096762e-05,2.8177716591244462e-06,lp_rnd,0.05,3,LP-RND (beta=0.05)
72000,0.055,0.2749583333333333,1.0,68,269,20039,9.144056531857298e-06,2.0519346522541558e-07,4.7269298358349437e-07,3.1401298887402174e-08,0.0008085237346302,5.38080709802438e-05,1.7597829415308296e-05,2.729521688820569e-06,lp_rnd,0.05,3,LP-RND (beta=0.05)
73000,0.118,0.2728082191780822,1.0,68,269,20157,8.580933271239978e-06,1.6378251343310172e-07,3.970286011820663e-07,1.9678936031739946e-08,0.0006849993703822,3.3965778036199484e-05,2.15314451344284e-05,2.63390051532042e-06,lp_rnd,0.05,3,LP-RND (beta=0.05)
74000,0.105,0.2705405405405405,1.0,68,269,20262,9.69435343124912e-06,1.5144173335356145e-07,3.880537644276739e-07,4.571659002199568e-09,0.0006741649542549,7.939694036124956e-06,1.1714828981382652e-05,2.636854451111503e-06,lp_rnd,0.05,3,LP-RND (beta=0.05)
75000,0.061,0.2677466666666667,1.0,68,269,20323,9.63651654438152e-06,1.6098871387561748e-07,3.201575815242517e-07,1.4273027155395412e-08,0.0005599088615917,2.497680196943672e-05,1.564008624256985e-05,2.544347622006171e-06,lp_rnd,0.05,3,LP-RND (beta=0.05)
76000,0.055,0.2649473684210526,1.0,68,269,20378,9.983638227078536e-06,1.4185899793028632e-07,3.4083756294090894e-07,4.700143612114309e-09,0.0005996562310763,8.273859763450128e-06,1.0766065720900998e-05,2.4995564882601686e-06,lp_rnd,0.05,3,LP-RND (beta=0.05)
77000,0.241,0.2646363636363636,1.0,68,269,20619,9.14152354055044e-06,4.560019060638185e-07,3.901147693829757e-07,1.493399147925635e-08,0.0006909179144795,2.647472002573491e-05,1.0970024715959426e-05,2.4811671895577093e-06,lp_rnd,0.05,3,LP-RND (beta=0.05)
78000,0.119,0.2627692307692307,1.0,68,269,20738,8.339221693392933e-06,2.1682768091936357e-07,3.81302866002397e-07,5.174878603068678e-09,0.0006798312114136,9.225392579433196e-06,4.312879408132631e-06,2.428510153094976e-06,lp_rnd,0.05,3,LP-RND (beta=0.05)
79000,0.297,0.2632025316455696,1.0,68,269,21035,1.0084008819083876e-05,1.5696213205935052e-06,3.613358218994451e-07,2.5835286598403904e-07,0.0006477272614481,0.0004626299139574,4.647207370481965e-06,2.374396614072793e-06,lp_rnd,0.05,3,LP-RND (beta=0.05)
80000,0.323,0.26395,1.0,68,269,21358,1.0360500914641488e-05,2.235931283772842e-07,4.522186247621996e-07,6.985835878258837e-08,0.0008166767367113,0.0001261096181613,7.848154363159665e-06,2.3609144317902064e-06,lp_rnd,0.05,3,LP-RND (beta=0.05)
81000,0.074,0.2616049382716049,1.0,68,269,21432,9.95181509908336e-06,3.103269133902929e-07,4.386748035333742e-07,4.03414156872256e-08,0.0007955299287353,7.336298331367005e-05,4.138834253410551e-06,2.386836383152513e-06,lp_rnd,0.05,3,LP-RND (beta=0.05)
82000,0.032,0.2588048780487805,1.0,68,269,21464,1.0763003245983782e-05,1.8157401699364134e-07,3.690865213457073e-07,2.449488518722129e-08,0.000675175939656,4.478460810081935e-05,7.892135124251354e-06,2.3392140979012767e-06,lp_rnd,0.05,3,LP-RND (beta=0.05)
83000,0.074,0.256578313253012,1.0,68,269,21538,1.1527559358050031e-05,1.5222386624551908e-07,4.735716236216438e-07,5.981625736605195e-08,0.0008711755032572,0.0001099720355034,9.57439658088788e-06,2.335710407805891e-06,lp_rnd,0.05,3,LP-RND (beta=0.05)
84000,0.035,0.2539404761904762,1.0,68,269,21573,9.043420933656828e-06,1.85693052357169e-07,4.454356712813024e-07,2.968124712412099e-08,0.0008230315775841,5.486182596415271e-05,3.542706219022307e-06,2.285399189076997e-06,lp_rnd,0.05,3,LP-RND (beta=0.05)
85000,0.071,0.2517882352941176,1.0,68,269,21644,9.269676193583456e-06,1.3220786139531545e-07,3.2448435095048665e-07,1.4631987788359508e-08,0.0006033159493373,2.721780240473413e-05,4.135955097751776e-06,2.306453258881902e-06,lp_rnd,0.05,3,LP-RND (beta=0.05)
86000,0.111,0.2501511627906976,1.0,68,269,21755,8.904249861197067e-06,1.910915683117675e-07,4.423750007910778e-07,1.654005476912926e-08,0.0008275261637911,3.0933810705437234e-05,4.481259344430555e-06,2.302827939217877e-06,lp_rnd,0.05,3,LP-RND (beta=0.05)
87000,0.176,0.2492988505747126,1.0,68,269,21931,1.025525941532702e-05,4.480543140346417e-07,3.57995548680182e-07,4.6593754714259654e-08,0.0006736070765311,8.773593246656377e-05,1.955035460213139e-06,2.31064630304445e-06,lp_rnd,0.05,3,LP-RND (beta=0.05)
88000,0.132,0.2479659090909091,1.0,68,269,22063,9.023469960029065e-06,7.67035543912393e-06,3.494340276257858e-07,7.599954845152988e-07,0.0006616785141782,0.0014371890990075,3.7863119396917e-06,2.371255009734341e-06,lp_rnd,0.05,3,LP-RND (beta=0.05)
89000,0.065,0.2459101123595505,1.0,68,269,22128,9.971012041905152e-06,2.046534220783586e-06,4.727170247721146e-07,1.813867553735272e-07,0.0009011752933121,0.0003455813079472,2.9747539378206512e-06,2.3347847057380024e-06,lp_rnd,0.05,3,LP-RND (beta=0.05)
90000,0.008,0.2432666666666666,1.0,68,269,22136,7.585264540921344e-06,5.210008285081518e-07,1.9165884168614866e-07,6.168349219218003e-08,0.0003664685716299,0.0001181338749149,3.6523488191448896e-06,2.354711999146275e-06,lp_rnd,0.05,3,LP-RND (beta=0.05)
91000,0.013,0.2407362637362637,1.0,68,269,22149,9.170151525512874e-06,4.109952960216622e-07,4.5004802674296883e-07,3.6569813467663466e-08,0.000866356539904,7.040585353578459e-05,2.9529975785180795e-06,2.29098849968068e-06,lp_rnd,0.05,3,LP-RND (beta=0.05)
92000,0.295,0.2413260869565217,1.0,68,269,22444,8.186898746270483e-06,6.330908907532392e-07,3.274522680578107e-07,6.481733868374527e-08,0.000633658185559,0.0001254892008058,2.97143770337982e-06,2.3301017093899643e-06,lp_rnd,0.05,3,LP-RND (beta=0.05)
93000,0.073,0.239516129032258,1.0,68,269,22517,9.474072095605925e-06,5.073234204302592e-07,3.480098251339482e-07,1.824994366612268e-07,0.0006773005340709,0.0003550340605893,2.517538330337743e-06,2.333491498347939e-06,lp_rnd,0.05,3,LP-RND (beta=0.05)
94000,0.005,0.2370212765957446,1.0,68,269,22522,7.259324775077403e-06,5.216850303920477e-06,5.047311788075604e-07,1.0845129986277718e-06,0.0009879071816396,0.0021220730484107,3.4764080776028548e-06,2.337368163125575e-06,lp_rnd,0.05,3,LP-RND (beta=0.05)
95000,0.006,0.2345894736842105,1.0,68,269,22528,7.445422246140272e-06,7.322658412207578e-07,6.420019265836648e-07,1.3127166522319846e-07,0.0012616007447288,0.000258180286671,2.2554562707171043e-06,2.347832862824361e-06,lp_rnd,0.05,3,LP-RND (beta=0.05)
96000,0.018,0.2323333333333333,1.0,68,269,22546,8.239394295136057e-06,2.984995609957854e-06,2.3363564751990557e-07,1.4016450507783416e-07,0.0004609129328667,0.0002767682548044,6.109900756342768e-06,2.3791252437490583e-06,lp_rnd,0.05,3,LP-RND (beta=0.05)
97000,0.018,0.2301237113402061,1.0,68,269,22564,7.738507330638337e-06,3.927067091373501e-07,2.2854485198169846e-07,3.6188842105383296e-08,0.0004547460891045,7.191022553928651e-05,1.0134881245676295e-05,2.345518537708813e-06,lp_rnd,0.05,3,LP-RND (beta=0.05)
98000,0.024,0.2280204081632653,1.0,68,269,22588,9.143318057643532e-06,4.037057683958244e-07,2.9425090512328705e-07,8.04438670139344e-08,0.000587842667632,0.000160655503265,1.6922242974715118e-05,2.306414026861603e-06,lp_rnd,0.05,3,LP-RND (beta=0.05)
99000,0.139,0.2271212121212121,1.0,68,269,22727,8.380111130005756e-06,3.573466309520328e-07,4.601425323455273e-07,4.81014635406361e-08,0.0009247570852524,9.654266878517726e-05,2.281050827866693e-05,2.3238454698457643e-06,lp_rnd,0.05,3,LP-RND (beta=0.05)
100000,0.018,0.22503,1.0,68,269,22745,1.0297947154766816e-05,1.8816501831749185e-07,3.4766482157364305e-07,1.690170071336166e-08,0.0007015945783553,3.410166747253696e-05,2.6152277027904342e-05,2.3167845184843825e-06,lp_rnd,0.05,3,LP-RND (beta=0.05)
1000,0.154,0.154,0.5,34,123,258,0.0075162449857679,0.0067774069145427,0.0,0.0,0.0,0.0,0.0026739598251879,0.0069319466128945,lp_rnd,0.05,4,LP-RND (beta=0.05)
2000,0.137,0.1455,0.7058823529411765,48,171,440,0.0007648215653378,0.0003303754335171,0.006584751953364,0.0063045047647681,2.731483687569072,2.551702776276863,0.0024242764234659,0.0003668865538529,lp_rnd,0.05,4,LP-RND (beta=0.05)
3000,0.183,0.158,0.7058823529411765,48,183,634,9.651669608273218e-05,4.35280426579263e-05,3.401388274569349e-05,1.9057186067965276e-05,0.0108670968192062,0.0060618882072423,0.0023844598991563,3.917025554983411e-05,lp_rnd,0.05,4,LP-RND (beta=0.05)
4000,0.188,0.1655,0.7794117647058824,53,189,828,5.686862791566106e-05,1.969902130467341e-05,1.5185322063963271e-05,5.9243360250247815e-06,0.0053162218187941,0.0020460241029906,0.0019675388185423,2.07455213949288e-05,lp_rnd,0.05,4,LP-RND (beta=0.05)
5000,0.107,0.1538,0.8088235294117647,55,203,948,4.034089574263383e-05,2.2244411592808416e-05,7.126876438650189e-06,3.313975857510449e-06,0.0027232040304651,0.0012351056685902,0.0017186163403675,1.4891614358020887e-05,lp_rnd,0.05,4,LP-RND (beta=0.05)
6000,0.192,0.1601666666666666,0.9117647058823528,62,227,1163,3.3800197182169235e-05,1.524956414388443e-05,3.844238553559383e-06,1.5036279800755896e-06,0.001564502509044,0.0006068912592475,0.0015446861750097,1.127893037346439e-05,lp_rnd,0.05,4,LP-RND (beta=0.05)
7000,0.13,0.1558571428571428,0.9264705882352942,63,232,1298,3.022208932704346e-05,7.62201274402867e-06,1.996036070732561e-06,1.1050946696237045e-06,0.0008632363075923,0.0004811368404924,0.0013300807468767,9.03159725748992e-06,lp_rnd,0.05,4,LP-RND (beta=0.05)
8000,0.124,0.151875,0.9411764705882352,64,236,1426,2.5288123974713663e-05,1.6109609210140296e-05,1.7126725094473637e-06,2.491079116273351e-06,0.0007899043337981,0.0011430406426202,0.0012463533288682,7.81414404491443e-06,lp_rnd,0.05,4,LP-RND (beta=0.05)
9000,0.114,0.1476666666666666,0.9558823529411764,65,249,1552,2.585241336897812e-05,1.0448564908564494e-05,1.5643214091572812e-06,1.0576192828102032e-06,0.0007613797720547,0.0005090434493295,0.0011492480296874,7.099273034555153e-06,lp_rnd,0.05,4,LP-RND (beta=0.05)
10000,0.137,0.1466,0.9558823529411764,65,249,1689,2.3799963477305578e-05,4.121269528396547e-06,1.2489747521374037e-06,3.854217699221975e-07,0.0006335005221021,0.0001944809106628,0.0010692619923502,6.1849790622545695e-06,lp_rnd,0.05,4,LP-RND (beta=0.05)
11000,0.142,0.1461818181818182,0.9558823529411764,65,250,1832,2.2045262511082784e-05,4.661422644414366e-06,1.0413265384376645e-06,6.229171247422271e-07,0.0005542053673763,0.0003287879520875,0.0009657574966986,5.50334529657448e-06,lp_rnd,0.05,4,LP-RND (beta=0.05)
12000,0.148,0.1463333333333333,0.9558823529411764,65,251,1981,1.9816835607048847e-05,7.600010254479207e-06,9.819844037977148e-07,1.5552697369635748e-06,0.0005454642906203,0.0008644164595518,0.0008765696487098,5.025314531167169e-06,lp_rnd,0.05,4,LP-RND (beta=0.05)
13000,0.076,0.1409230769230769,0.9558823529411764,65,251,2057,1.9826174545749764e-05,2.73459477453809e-06,9.075948570936912e-07,4.950988131945874e-07,0.0005177829060179,0.0002856965739877,0.0008371943853708,4.497016306345358e-06,lp_rnd,0.05,4,LP-RND (beta=0.05)
14000,0.123,0.1396428571428571,0.9558823529411764,65,251,2180,1.953092874103506e-05,1.726755781602771e-06,5.400612443610761e-07,4.063061012695581e-07,0.0003204609453556,0.0002419247145698,0.0007510422837221,4.07784635592634e-06,lp_rnd,0.05,4,LP-RND (beta=0.05)
15000,0.149,0.1402666666666666,0.9558823529411764,65,251,2329,1.848014692115502e-05,1.7624637718593497e-06,6.627578047770638e-07,3.22207216888036e-07,0.0004065616452814,0.000198412958575,0.0007081789401272,3.7403041651487e-06,lp_rnd,0.05,4,LP-RND (beta=0.05)
16000,0.218,0.145125,0.9558823529411764,65,251,2547,1.840845986799825e-05,1.1760848211555031e-06,9.014133949443128e-07,1.541202915354782e-07,0.000571673906885,9.785517303223736e-05,0.0007064344044047,3.5737850962505038e-06,lp_rnd,0.05,4,LP-RND (beta=0.05)
17000,0.068,0.1405882352941176,0.9705882352941176,66,255,2619,1.812464316732504e-05,4.135047923534248e-06,6.565433870812686e-07,2.233038682986268e-07,0.0004312897715683,0.000145416746381,0.0006456871521295,3.423590321631309e-06,lp_rnd,0.05,4,LP-RND (beta=0.05)
18000,0.109,0.1388333333333333,0.9852941176470588,67,262,2735,1.7506599022520634e-05,6.095364248764971e-06,6.319713507981334e-07,2.960152636391654e-07,0.0004258644875042,0.0001975656282285,0.0006160310359045,3.40983948694884e-06,lp_rnd,0.05,4,LP-RND (beta=0.05)
19000,0.236,0.1439473684210526,0.9852941176470588,67,262,2971,1.68633097323205e-05,9.219909510392348e-07,7.051838947055808e-07,7.396051408313154e-08,0.0004871819774324,5.086960155133196e-05,0.000580179497585,3.2253799906811764e-06,lp_rnd,0.05,4,LP-RND (beta=0.05)
20000,0.299,0.1517,0.9852941176470588,67,262,3270,1.652874198499987e-05,5.052351049558579e-07,8.684330494233593e-07,1.9029904163042602e-07,0.0006138795349374,0.0001341161765319,0.000547694647983,3.190655473417792e-06,lp_rnd,0.05,4,LP-RND (beta=0.05)
21000,0.245,0.1561428571428571,0.9852941176470588,67,262,3515,1.625401166388563e-05,7.196115099408633e-07,6.656685734330439e-07,8.660023253911965e-08,0.0004806255840469,6.246722755007553e-05,0.0005052911046732,3.142131624827016e-06,lp_rnd,0.05,4,LP-RND (beta=0.05)
22000,0.3,0.1626818181818181,0.9852941176470588,67,262,3815,1.5617179574292095e-05,3.71910524553495e-07,5.860847719911059e-07,2.0007073392288736e-08,0.0004331480578214,1.4754364085786235e-05,0.0005006985574291,3.126031920260175e-06,lp_rnd,0.05,4,LP-RND (beta=0.05)
23000,0.303,0.1687826086956521,0.9852941176470588,67,262,4118,1.5516927139134788e-05,3.0263942811328775e-07,7.490394447885781e-07,2.7461085918534152e-08,0.0005660632609483,2.0722992337850376e-05,0.0004827701994363,3.1472673475718694e-06,lp_rnd,0.05,4,LP-RND (beta=0.05)
24000,0.189,0.169625,0.9852941176470588,67,262,4307,1.5170146633906932e-05,3.164772465091973e-07,6.582239952949171e-07,4.5703485534824334e-08,0.000507636087443,3.51975668308977e-05,0.0004528845289896,3.010593234364478e-06,lp_rnd,0.05,4,LP-RND (beta=0.05)
25000,0.209,0.1712,0.9852941176470588,67,262,4516,1.4618800852559708e-05,2.50722038030288e-07,5.246914208162873e-07,2.950295843561004e-08,0.0004115605481213,2.322074674653164e-05,0.0004260050219781,2.990827335281665e-06,lp_rnd,0.05,4,LP-RND (beta=0.05)
26000,0.215,0.1728846153846154,0.9852941176470588,67,262,4731,1.4543208944391958e-05,3.531904002474435e-07,5.623453182843785e-07,3.197117860814603e-08,0.0004496185245342,2.5629522183338837e-05,0.0004267306828223,2.972097933877649e-06,lp_rnd,0.05,4,LP-RND (beta=0.05)
27000,0.22,0.1746296296296296,0.9852941176470588,67,262,4951,1.3924870468558353e-05,2.21430089298043e-07,6.307779089679984e-07,2.720240410361349e-08,0.0005161643050825,2.2176063656089696e-05,0.0003986723293419,2.8395531868454783e-06,lp_rnd,0.05,4,LP-RND (beta=0.05)
28000,0.267,0.1779285714285714,0.9852941176470588,67,262,5218,1.329187998737652e-05,2.1430588323488773e-07,6.205457994814227e-07,7.802563837658751e-08,0.0005158922519487,6.48501274539052e-05,0.0003748508401258,2.848175861686286e-06,lp_rnd,0.05,4,LP-RND (beta=0.05)
29000,0.346,0.1837241379310344,0.9852941176470588,67,262,5564,1.345623452261809e-05,2.5600001670533304e-07,6.032949220679325e-07,2.70260511978594e-08,0.0005101248042855,2.2854569008818763e-05,0.0003676575187364,2.8332169347322634e-06,lp_rnd,0.05,4,LP-RND (beta=0.05)
30000,0.434,0.1920666666666666,0.9852941176470588,67,262,5998,1.3588042500587652e-05,2.3234481639794174e-07,6.226493427641921e-07,2.1075683778472563e-08,0.0005352972634209,1.8117225693758685e-05,0.0003591876360842,2.903647028006162e-06,lp_rnd,0.05,4,LP-RND (beta=0.05)
31000,0.593,0.205,0.9852941176470588,67,262,6591,1.302299903434604e-05,2.2077208079364506e-07,5.803060706457595e-07,2.3341614029548428e-08,0.000506981516499,2.036740363481172e-05,0.0003533373536374,2.971126870761509e-06,lp_rnd,0.05,4,LP-RND (beta=0.05)
32000,0.388,0.21071875,0.9852941176470588,67,262,6979,1.2732393647357386e-05,2.14101000725046e-07,4.312324860911383e-07,6.366786087448427e-08,0.0003821590212799,5.647462671719165e-05,0.000313640580689,3.0157981740330795e-06,lp_rnd,0.05,4,LP-RND (beta=0.05)
33000,0.533,0.2204848484848484,0.9852941176470588,67,262,7512,1.2356176697752536e-05,2.243114456415949e-07,5.842073726394401e-07,4.3430790502377246e-08,0.000525610893217,3.913641761043914e-05,0.0003315097496652,3.0541799815182457e-06,lp_rnd,0.05,4,LP-RND (beta=0.05)
34000,0.453,0.2273235294117647,0.9852941176470588,67,262,7965,1.217463779346944e-05,2.821561089569989e-07,5.114977332577958e-07,6.189598277752177e-08,0.0004676869945755,5.660678253392588e-05,0.0003173024916977,3.098005227343492e-06,lp_rnd,0.05,4,LP-RND (beta=0.05)
35000,0.318,0.2299142857142857,0.9852941176470588,67,262,8283,1.2282187798284338e-05,2.2139836675485365e-07,5.252140193839731e-07,2.490794700633736e-08,0.0004870903566323,2.308258446067442e-05,0.0003191755526568,3.0997297974408867e-06,lp_rnd,0.05,4,LP-RND (beta=0.05)
36000,0.192,0.2288611111111111,0.9852941176470588,67,262,8475,1.1533964864677651e-05,2.1634528759452362e-07,5.415160136597782e-07,3.2019766895136256e-08,0.000509840013696,3.0065791945557863e-05,0.0003098621796962,3.059184523749536e-06,lp_rnd,0.05,4,LP-RND (beta=0.05)
37000,0.198,0.228027027027027,0.9852941176470588,67,262,8673,1.1799358711446396e-05,2.2145057612769658e-07,4.018647538914317e-07,2.7543626290262162e-08,0.000382480831593,2.6217798046770973e-05,0.0002956503149853,2.9945845013799045e-06,lp_rnd,0.05,4,LP-RND (beta=0.05)
38000,0.1,0.2246578947368421,0.9852941176470588,67,262,8773,1.1229559722778504e-05,2.045131796219519e-07,5.138570304552559e-07,1.3103436431707552e-08,0.0004960035125299,1.266696690159555e-05,0.0003025886647665,2.941191629020068e-06,lp_rnd,0.05,4,LP-RND (beta=0.05)
39000,0.228,0.2247435897435897,0.9852941176470588,67,262,9001,1.1919212451367026e-05,2.4896637606326904e-07,4.562389202028658e-07,2.1265417235993043e-08,0.0004456986022521,2.080447690427059e-05,0.0002786609767499,2.8612987179030823e-06,lp_rnd,0.05,4,LP-RND (beta=0.05)
40000,0.09,0.221375,0.9852941176470588,67,262,9091,1.2094220331467416e-05,3.171138304777502e-07,3.7131445525220556e-07,3.4672411711941035e-08,0.000367295195405,3.434464522224457e-05,0.0002692978753457,2.791921738889869e-06,lp_rnd,0.05,4,LP-RND (beta=0.05)
41000,0.145,0.2195121951219512,0.9852941176470588,67,262,9236,1.2021582739995712e-05,1.752418236118666e-07,6.188043228356602e-07,1.5676821589539945e-08,0.0006215120774267,1.5702248059293544e-05,0.0002663838433327,2.716865410036462e-06,lp_rnd,0.05,4,LP-RND (beta=0.05)
42000,0.144,0.2177142857142857,0.9852941176470588,67,262,9380,1.1708904685924104e-05,1.810007748666e-07,5.418455752230026e-07,3.363068412331612e-08,0.0005493120771187,3.40852307461468e-05,0.000262481753316,2.727038858324704e-06,lp_rnd,0.05,4,LP-RND (beta=0.05)
43000,0.019,0.2130930232558139,0.9852941176470588,67,262,9399,1.3151213519641284e-05,2.733582802671657e-07,5.465472464780569e-07,9.383796647865213e-09,0.0005612140559191,9.638452093101772e-06,0.0002564539060967,2.638890960383833e-06,lp_rnd,0.05,4,LP-RND (beta=0.05)
44000,0.142,0.2114772727272727,0.9852941176470588,67,262,9541,1.2343795717729527e-05,2.487868792304086e-07,6.803620267483369e-07,4.3256677009559595e-08,0.0007058933734127,4.488791660788257e-05,0.0002468550657958,2.578262931592689e-06,lp_rnd,0.05,4,LP-RND (beta=0.05)
45000,0.133,0.2097333333333333,0.9852941176470588,67,262,9674,1.2101601017852396e-05,1.8962331133518446e-07,4.697528201813155e-07,2.83642548792271e-08,0.0004938067656199,2.975424665378819e-05,0.0002353693803033,2.523573155144732e-06,lp_rnd,0.05,4,LP-RND (beta=0.05)
46000,0.204,0.2096086956521739,0.9852941176470588,67,262,9878,1.0685274856751122e-05,2.830316153952552e-07,5.925745631875722e-07,6.344594380634441e-08,0.0006278941643421,6.731402164782329e-05,0.0002379676301989,2.50713466380148e-06,lp_rnd,0.05,4,LP-RND (beta=0.05)
47000,0.484,0.2154468085106383,0.9852941176470588,67,262,10362,1.1177951226870414e-05,2.0814215683650882e-07,4.055438416084941e-07,1.4720699037001776e-08,0.0004348719671942,1.5782463051208497e-05,0.0002251786301167,2.5087522329840794e-06,lp_rnd,0.05,4,LP-RND (beta=0.05)
48000,0.614,0.22375,0.9852941176470588,67,262,10976,1.1058197689801464e-05,2.4827415252743684e-07,3.906731684474636e-07,1.1191063882150783e-07,0.0004233088177099,0.0001211878561324,0.0002312499269282,2.590481699598968e-06,lp_rnd,0.05,4,LP-RND (beta=0.05)
49000,0.613,0.2316938775510204,0.9852941176470588,67,262,11589,1.086993995409733e-05,3.0658501177461375e-07,3.940621451739889e-07,2.9777980497147867e-08,0.0004311725585926,3.260683417134514e-05,0.0002291422119451,2.6176398349093687e-06,lp_rnd,0.05,4,LP-RND (beta=0.05)
50000,0.41,0.23526,0.9852941176470588,67,262,11999,1.0508645768490302e-05,1.8065366437582979e-07,3.56143159589875e-07,3.7944655574292334e-08,0.0003933510124398,4.1964332723560814e-05,0.0002193824622536,2.67928750304236e-06,lp_rnd,0.05,4,LP-RND (beta=0.05)
51000,0.315,0.2368235294117647,0.9852941176470588,67,262,12314,1.078220949051366e-05,2.0991979381240559e-07,5.659842971663383e-07,2.181266585878397e-08,0.0006313554889618,2.435785709053937e-05,0.0001972639197783,2.694090531349502e-06,lp_rnd,0.05,4,LP-RND (beta=0.05)
52000,0.335,0.2387115384615384,0.9852941176470588,67,262,12649,9.833863765352498e-06,1.8709513741518626e-07,4.505821855116719e-07,3.763615659391874e-08,0.0005082089464588,4.24019869043812e-05,9.177249060303438e-05,2.6834177022010408e-06,lp_rnd,0.05,4,LP-RND (beta=0.05)
53000,0.099,0.2360754716981132,0.9852941176470588,67,262,12748,9.581353789613017e-06,1.8722171770381613e-07,4.460867863470945e-07,1.8362751142062077e-08,0.0005074556824065,2.088391478507144e-05,1.5133613307625637e-05,2.682976756091193e-06,lp_rnd,0.05,4,LP-RND (beta=0.05)
54000,0.121,0.2339444444444444,0.9852941176470588,67,262,12869,1.0280796923626056e-05,5.107565731830891e-07,4.24163806374129e-07,8.228863643023889e-08,0.0004872126355937,9.454534743923816e-05,9.20989171072506e-06,2.6224873762430432e-06,lp_rnd,0.05,4,LP-RND (beta=0.05)
55000,0.054,0.2306727272727272,0.9852941176470588,67,262,12923,9.638654209656696e-06,2.105487375408603e-07,3.603085706008305e-07,1.0068320190443485e-07,0.0004172023490758,0.0001166743918568,7.097748245087132e-06,2.5636015960799343e-06,lp_rnd,0.05,4,LP-RND (beta=0.05)
56000,0.037,0.2272142857142857,0.9852941176470588,67,262,12960,1.1007496387055898e-05,1.888555791299472e-07,3.28017142384999e-07,1.3902963513801901e-08,0.0003840325031477,1.625066456333064e-05,5.163402588891586e-06,2.535653108964198e-06,lp_rnd,0.05,4,LP-RND (beta=0.05)
57000,0.106,0.2250877192982456,0.9852941176470588,67,262,13066,1.1263825142105935e-05,2.0770766091223827e-07,4.737671245167357e-07,8.29362492239907e-08,0.0005598320712956,9.780668743397726e-05,5.012540810184874e-06,2.4782188453400523e-06,lp_rnd,0.05,4,LP-RND (beta=0.05)
58000,0.068,0.2223793103448275,0.9852941176470588,67,262,13134,1.0374598914227936e-05,1.6041617428399797e-07,3.409829386167557e-07,1.4716847536521152e-08,0.0004057941091897,1.7503721944564848e-05,3.841892517925771e-06,2.439455114256361e-06,lp_rnd,0.05,4,LP-RND (beta=0.05)
59000,0.161,0.2213389830508474,0.9852941176470588,67,262,13295,9.94998646002042e-06,1.5511038452752937e-07,4.247498613864839e-07,3.2491146529712286e-08,0.0005096908433791,3.895610612383446e-05,3.5530058398194343e-06,2.417163301856817e-06,lp_rnd,0.05,4,LP-RND (beta=0.05)
60000,0.467,0.2254333333333333,0.9852941176470588,67,262,13762,1.0189239076815055e-05,1.877227479754372e-07,4.830956512407626e-07,2.6676592122290772e-08,0.0005845372201779,3.2306385804300845e-05,3.1964277847009727e-06,2.4199980634875822e-06,lp_rnd,0.05,4,LP-RND (beta=0.05)
61000,0.693,0.2330983606557377,0.9852941176470588,67,262,14455,9.241279286492982e-06,1.5160872785927803e-06,4.253593249900621e-07,6.002566650463317e-08,0.0005191980812196,7.304595779728257e-05,3.38933369471306e-06,2.4742329687796884e-06,lp_rnd,0.05,4,LP-RND (beta=0.05)
62000,0.805,0.2423225806451613,0.9852941176470588,67,262,15260,9.363124139194075e-06,1.77366597033422e-07,4.160412222433326e-07,1.576781235493959e-08,0.0005114512638955,1.941058760559992e-05,3.220676136209022e-06,2.601119823566478e-06,lp_rnd,0.05,4,LP-RND (beta=0.05)
63000,0.399,0.2448095238095238,0.9852941176470588,67,262,15659,9.18152557661007e-06,2.8106709727247585e-07,3.785690365876783e-07,4.009783720589583e-08,0.0004692728035003,4.9677707940971645e-05,2.912157365130952e-06,2.645455643630612e-06,lp_rnd,0.05,4,LP-RND (beta=0.05)
64000,0.756,0.252796875,0.9852941176470588,67,262,16415,9.059479083211642e-06,1.9526666966059013e-07,4.975897893557514e-07,3.394608787872488e-08,0.0006217253056864,4.236922773687094e-05,2.4660411790478067e-06,2.7212813440655737e-06,lp_rnd,0.05,4,LP-RND (beta=0.05)
65000,0.194,0.2518923076923077,0.9852941176470588,67,262,16609,8.595659265271943e-06,2.7085591876669573e-07,3.6779509937520003e-07,4.15737500515811e-08,0.0004626802993369,5.234205910633316e-05,1.875034249565033e-06,2.717413671916802e-06,lp_rnd,0.05,4,LP-RND (beta=0.05)
66000,0.163,0.2505454545454545,0.9852941176470588,67,262,16772,8.872845312020709e-06,1.517208128851068e-06,3.973960364268674e-07,7.59751813088139e-08,0.0005034079866903,9.635741668920122e-05,2.3457298308358075e-06,2.734081755761508e-06,lp_rnd,0.05,4,LP-RND (beta=0.05)
67000,0.261,0.2507014925373134,0.9852941176470588,67,263,17033,9.306069104836908e-06,3.084854003728345e-06,3.274814088019753e-07,1.6676864801216217e-07,0.0004181833005945,0.0002126954949992,1.822978446966772e-06,2.7549128203645524e-06,lp_rnd,0.05,4,LP-RND (beta=0.05)
68000,0.05,0.24775,0.9852941176470588,67,263,17083,8.871440832081134e-06,1.5851506147830725e-07,3.439977444941178e-07,2.7599429010275634e-08,0.0004433929191287,3.552713243160261e-05,1.9330839323288274e-06,2.728609317955488e-06,lp_rnd,0.05,4,LP-RND (beta=0.05)
69000,0.034,0.2446521739130434,0.9852941176470588,67,263,17117,8.387805283906774e-06,1.862777311356691e-07,5.410594747659428e-07,2.716275598281632e-09,0.000700890198856,3.5204838733316835e-06,1.420141131006858e-06,2.665687573426112e-06,lp_rnd,0.05,4,LP-RND (beta=0.05)
70000,0.091,0.2424571428571428,0.9852941176470588,67,263,17208,8.325848464484986e-06,1.6808302098404829e-07,3.563233784027014e-07,9.5479808951993e-08,0.0004654045612597,0.0001246779068881,1.4976063605445232e-06,2.61210446262794e-06,lp_rnd,0.05,4,LP-RND (beta=0.05)
71000,0.019,0.2393098591549295,0.9852941176470588,67,265,17229,9.43400204720858e-06,6.239537907115973e-06,2.766043125072764e-07,7.794051531073697e-07,0.0003636937722902,0.0010278632458339,5.038662678202854e-06,2.567242100099065e-06,lp_rnd,0.05,4,LP-RND (beta=0.05)
72000,0.184,0.2385416666666666,0.9852941176470588,67,265,17413,8.291143525016393e-06,4.830026619167984e-06,3.6378373287650745e-07,8.525803580252417e-07,0.0004818985930973,0.0011255986605064,2.194563042735353e-06,2.577087893428143e-06,lp_rnd,0.05,4,LP-RND (beta=0.05)
73000,0.125,0.236986301369863,0.9852941176470588,67,265,17538,8.310278646604275e-06,1.0499555992363898e-06,3.62171058441163e-07,2.574081963107996e-07,0.0004832055158028,0.0003429509659199,6.892831574646152e-06,2.478232047906204e-06,lp_rnd,0.05,4,LP-RND (beta=0.05)
74000,0.057,0.234554054054054,0.9852941176470588,67,265,17595,8.339804345157239e-06,1.4994218234897808e-06,2.925003093224133e-07,2.431093165543189e-07,0.000393358878121,0.0003263747282911,4.420071106096657e-06,2.4953517412313887e-06,lp_rnd,0.05,4,LP-RND (beta=0.05)
75000,0.01,0.23156,0.9852941176470588,67,265,17605,9.64320211096492e-06,1.07955638229973e-06,3.118985659966711e-07,5.127357390581047e-07,0.0004209751164454,0.0006933008249245,4.066792555363464e-06,2.436261154912245e-06,lp_rnd,0.05,4,LP-RND (beta=0.05)
76000,0.005,0.228578947368421,0.9852941176470588,67,265,17610,9.423060600965982e-06,1.7786636810262907e-06,3.5372095226193777e-07,4.349545126222863e-07,0.0004819947200209,0.0005922369638867,5.03770723088337e-06,2.379119649845052e-06,lp_rnd,0.05,4,LP-RND (beta=0.05)
77000,0.037,0.2260909090909091,0.9852941176470588,67,265,17647,9.0610047614924e-06,1.1296672046749995e-06,3.434684618401367e-07,1.3955161796788744e-07,0.0004696587808829,0.0001912913990589,5.090107466003246e-06,2.3323658823528604e-06,lp_rnd,0.05,4,LP-RND (beta=0.05)
78000,0.013,0.2233589743589743,0.9852941176470588,67,265,17660,9.97839627486358e-06,6.454483881134297e-07,3.828949257485175e-07,1.2940956503353848e-07,0.0005269208204072,0.0001783732930776,6.14595308798016e-06,2.268424492001486e-06,lp_rnd,0.05,4,LP-RND (beta=0.05)
79000,0.013,0.2206962025316455,0.9852941176470588,67,265,17673,7.502912939554125e-06,1.1320668550625156e-06,2.0612709214709378e-07,1.0597701545637085e-07,0.0002853050870569,0.0001471054451424,6.815354209152247e-06,2.262302750750678e-06,lp_rnd,0.05,4,LP-RND (beta=0.05)
80000,0.075,0.218875,0.9852941176470588,67,265,17748,9.698884323370294e-06,5.033290632984579e-07,2.670509426631421e-07,7.284920903393376e-08,0.0003726565716241,0.0001017507881979,5.350956535323803e-06,2.196722631310877e-06,lp_rnd,0.05,4,LP-RND (beta=0.05)
81000,0.022,0.2164444444444444,0.9852941176470588,67,265,17770,8.338729530392316e-06,4.939692245459306e-06,3.1221763534135377e-07,5.296360063705741e-07,0.0004381403026497,0.0007445879390196,6.0546373795205e-06,2.1272715976579093e-06,lp_rnd,0.05,4,LP-RND (beta=0.05)
82000,0.009,0.2139146341463414,0.9852941176470588,67,265,17779,1.0839945490362072e-05,1.0511838740978977e-06,6.109075911808759e-07,5.34028329340958e-08,0.000862252126242,7.545531617061356e-05,8.051477735648404e-06,2.0805835801525064e-06,lp_rnd,0.05,4,LP-RND (beta=0.05)
83000,0.015,0.2115180722891566,0.9852941176470588,67,265,17794,9.240651464400191e-06,2.608406311952043e-07,3.915151561765621e-07,3.5364700803432154e-08,0.0005568160804556,5.029618890176318e-05,4.374080500127775e-06,2.01024731961752e-06,lp_rnd,0.05,4,LP-RND (beta=0.05)
84000,0.01,0.2091190476190476,0.9852941176470588,67,265,17804,7.391975759674096e-06,2.628254613129151e-07,2.18045943256584e-07,6.407941807790646e-08,0.0003115860253493,9.165663388387453e-05,7.339550348120838e-06,1.9153741351374262e-06,lp_rnd,0.05,4,LP-RND (beta=0.05)
85000,0.047,0.2072117647058823,0.9852941176470588,67,265,17851,8.524963659704341e-06,3.231238193668947e-07,4.044061031581418e-07,1.645335437813863e-08,0.0005811845903552,2.364681636775912e-05,1.2062770850377549e-05,1.8368830644135413e-06,lp_rnd,0.05,4,LP-RND (beta=0.05)
86000,0.037,0.2052325581395349,0.9852941176470588,67,265,17888,9.229548767679436e-06,7.777376424862409e-07,2.853097169930619e-07,1.0298248450563712e-07,0.0004124190033205,0.0001490787323187,1.904980765448272e-05,1.7906327006471657e-06,lp_rnd,0.05,4,LP-RND (beta=0.05)
87000,0.029,0.2032068965517241,0.9852941176470588,67,265,17917,8.054737675373527e-06,7.07850174818527e-07,3.001931135854804e-07,1.4190265335544338e-07,0.0004371852394841,0.0002066064345645,2.6991502904138543e-05,1.7487104273072874e-06,lp_rnd,0.05,4,LP-RND (beta=0.05)
88000,0.014,0.2010568181818181,0.9852941176470588,67,265,17931,7.591076155222254e-06,2.2935795436786098e-07,3.4006341463412225e-07,1.81308702664895e-08,0.0004977639203912,2.651703209077761e-05,4.675078514446795e-05,1.719839183749627e-06,lp_rnd,0.05,4,LP-RND (beta=0.05)
89000,0.014,0.1989550561797752,0.9852941176470588,67,265,17945,6.189708301462815e-06,4.227492252498273e-07,2.110210094282853e-07,6.593003638638156e-08,0.0003102255114483,9.701769609143812e-05,3.482828570190577e-05,1.6902534898690646e-06,lp_rnd,0.05,4,LP-RND (beta=0.05)
90000,0.042,0.1972111111111111,0.9852941176470588,67,265,17987,9.179077215733178e-06,1.8992369217564525e-07,3.385403195872121e-07,8.967108182410206e-09,0.0005012261757485,1.3274328360149454e-05,4.025350589563459e-05,1.6728164629284947e-06,lp_rnd,0.05,4,LP-RND (beta=0.05)
91000,0.009,0.1951428571428571,0.9852941176470588,67,265,17996,6.300319202839293e-06,1.1465080372651577e-07,3.354680807711298e-07,1.4552871550057598e-08,0.0004995919792446,2.1643659758827875e-05,3.726721444354553e-05,1.664027668283552e-06,lp_rnd,0.05,4,LP-RND (beta=0.05)
92000,0.009,0.1931195652173913,0.9852941176470588,67,265,18005,8.851022913505505e-06,1.415245237740937e-07,7.864435550194079e-07,1.3104570323604596e-08,0.0011777761554749,1.961070601863697e-05,3.64638603386993e-05,1.6089180631411182e-06,lp_rnd,0.05,4,LP-RND (beta=0.05)
93000,0.01,0.1911505376344086,0.9852941176470588,67,265,18015,7.2643499152036385e-06,1.602649026409034e-07,4.7346452447527554e-07,4.268723340058759e-08,0.000711834806576,6.419011330370466e-05,3.695614021330585e-05,1.587329955725636e-06,lp_rnd,0.05,4,LP-RND (beta=0.05)
94000,0.039,0.189531914893617,0.9852941176470588,67,265,18054,8.927080204720813e-06,5.963494609291005e-07,3.102360120138679e-07,5.5218278890934534e-08,0.0004682569296694,8.346734911941426e-05,2.8324193783078043e-05,1.6103568782455114e-06,lp_rnd,0.05,4,LP-RND (beta=0.05)
95000,0.009,0.1876315789473684,0.9852941176470588,67,265,18063,7.247744431677145e-06,1.1881058692211587e-06,4.091344231306317e-07,1.576622567771239e-07,0.0006224086576695,0.0002396546661289,3.6318799680088885e-05,1.560146054288225e-06,lp_rnd,0.05,4,LP-RND (beta=0.05)
96000,0.005,0.1857291666666666,0.9852941176470588,67,265,18068,8.632803928776412e-06,4.46292618027139e-07,2.0607876649592074e-07,1.8786788549173868e-07,0.0003149472960438,0.0002873435699919,3.1042238067129804e-05,1.5256059986086256e-06,lp_rnd,0.05,4,LP-RND (beta=0.05)
97000,0.005,0.1838659793814433,0.9852941176470588,67,265,18073,1.1457608889031687e-05,2.1988095014294733e-07,4.010533302789554e-07,1.7519739162936512e-08,0.0006156998603861,2.691540511482881e-05,3.660526827843569e-05,1.468632672839476e-06,lp_rnd,0.05,4,LP-RND (beta=0.05)
98000,0.009,0.1820816326530612,0.9852941176470588,67,265,18082,8.251262544136909e-06,3.786258404137492e-07,3.177069629600737e-07,2.3982479779636395e-08,0.0004900879325152,3.701813584428405e-05,5.142574598971805e-05,1.3648160431500857e-06,lp_rnd,0.05,4,LP-RND (beta=0.05)
99000,0.033,0.1805757575757575,0.9852941176470588,67,265,18115,8.750954941316388e-06,2.2749505892101573e-07,3.104269953010688e-07,2.278379790795609e-08,0.0004814938767887,3.534338069653442e-05,5.582405151790226e-05,1.288805179257224e-06,lp_rnd,0.05,4,LP-RND (beta=0.05)
100000,0.023,0.179,0.9852941176470588,67,265,18138,7.73687418626176e-06,2.673982243498359e-07,1.6139453059029465e-07,1.7257014234074307e-08,0.0002516763497107,2.6895912439046014e-05,7.30813102140928e-05,1.1745740980302344e-06,lp_rnd,0.05,4,LP-RND (beta=0.05)
1000,0.187,0.187,0.4411764705882353,30,100,270,0.0092673387607549,0.0072537999958725,0.0,0.0,0.0,0.0,0.0024922587908804,0.007752314209938,lp_rnd,0.1,0,LP-RND (beta=0.1)
2000,0.14,0.1635,0.6617647058823529,45,164,470,0.0006494430835508,0.0003925732666492,0.0082781952240371,0.0067915704940597,3.110049018918146,2.494961892329356,0.0104588497702497,0.0003956468529031,lp_rnd,0.1,0,LP-RND (beta=0.1)
3000,0.081,0.136,0.7352941176470589,50,185,571,0.0001158799192283,6.568198989733386e-05,3.890455376182936e-05,3.2051942020648216e-05,0.01120616792125,0.0091790249257221,0.0092771585239097,4.379662574683607e-05,lp_rnd,0.1,0,LP-RND (beta=0.1)
4000,0.086,0.1235,0.7352941176470589,50,186,658,7.478670698240654e-05,2.7963800284373824e-05,1.3064405318927615e-05,1.074159939164887e-05,0.0040463492471461,0.0033617930251406,0.0076572378743439,2.458984082295501e-05,lp_rnd,0.1,0,LP-RND (beta=0.1)
5000,0.163,0.1314,0.7352941176470589,50,186,821,5.3326572718111614e-05,9.120182766608157e-06,6.843243782377111e-06,3.182173022034461e-06,0.0023039511255626,0.0010882318529655,0.0066039233342744,1.496948798376252e-05,lp_rnd,0.1,0,LP-RND (beta=0.1)
6000,0.104,0.1268333333333333,0.7794117647058824,53,206,943,4.214550752014755e-05,1.5083427866078938e-05,3.8128774366878833e-06,2.2129492243117e-06,0.001401191408191,0.0008024820473548,0.0059447022236417,1.1041839545669063e-05,lp_rnd,0.1,0,LP-RND (beta=0.1)
7000,0.267,0.1468571428571428,0.7794117647058824,53,206,1210,3.536071366302286e-05,2.63854238704676e-06,3.476890944941179e-06,5.492328132194978e-07,0.0013632961517062,0.0002128301319525,0.0051636716165812,8.527309295914165e-06,lp_rnd,0.1,0,LP-RND (beta=0.1)
8000,0.232,0.1575,0.8529411764705882,58,219,1455,3.113740074397732e-05,6.807299207138111e-06,2.5907140791881328e-06,6.507687616563729e-07,0.0010738034500005,0.0002683546121098,0.004815480763209,7.293361997199099e-06,lp_rnd,0.1,0,LP-RND (beta=0.1)
9000,0.23,0.1655555555555555,0.8529411764705882,58,219,1685,2.6847381223374018e-05,5.67121304076831e-06,2.1477803428475137e-06,6.066245172864792e-07,0.0009386767710024,0.0002635659571331,0.0045840251125628,6.539172195516585e-06,lp_rnd,0.1,0,LP-RND (beta=0.1)
10000,0.189,0.1679,0.8529411764705882,58,221,1876,2.5185809540238955e-05,3.2665940724151697e-06,1.626989138631394e-06,2.465577684793885e-07,0.0007478730135263,0.0001115952439953,0.0041226549667771,5.948592874801761e-06,lp_rnd,0.1,0,LP-RND (beta=0.1)
11000,0.169,0.168,0.8529411764705882,58,221,2045,2.2599280938809564e-05,1.47109872594537e-06,1.1352275465232782e-06,2.102456251935566e-07,0.0005429429304212,0.0001008204287215,0.0037556241526617,5.227748222523587e-06,lp_rnd,0.1,0,LP-RND (beta=0.1)
12000,0.245,0.1744166666666666,0.8529411764705882,58,221,2290,2.0668417786212987e-05,3.6759097988714538e-06,1.2530812084002478e-06,3.243523981826375e-07,0.0006257489133024,0.0001608702818697,0.0035689922938472,4.900584531128515e-06,lp_rnd,0.1,0,LP-RND (beta=0.1)
13000,0.224,0.1782307692307692,0.8676470588235294,59,226,2519,1.9813964838379305e-05,3.609103765663938e-06,9.672081538220873e-07,2.551884893546875e-07,0.0004994377910971,0.0001317116568484,0.0033238595855655,4.732317835077992e-06,lp_rnd,0.1,0,LP-RND (beta=0.1)
14000,0.132,0.1749285714285714,0.8676470588235294,59,226,2651,1.7364357201145278e-05,8.975492266344335e-07,6.377452984562489e-07,1.1053605594992729e-07,0.0003386678803944,5.946618825137357e-05,0.0031292793539469,4.396924444108663e-06,lp_rnd,0.1,0,LP-RND (beta=0.1)
15000,0.054,0.1668666666666666,0.9558823529411764,65,249,2726,1.6881774660793815e-05,1.0366528076535954e-05,5.642308409463752e-07,6.459549837996606e-07,0.0003128326789917,0.0003580439135208,0.0030032583635766,4.266759836241363e-06,lp_rnd,0.1,0,LP-RND (beta=0.1)
16000,0.139,0.165125,0.9558823529411764,65,249,2865,1.6909409568005613e-05,8.988137954919398e-07,6.928875526348833e-07,9.360914712313189e-08,0.0003969613911918,5.350723631496324e-05,0.002851299802307,4.098366090829586e-06,lp_rnd,0.1,0,LP-RND (beta=0.1)
17000,0.083,0.1602941176470588,0.9558823529411764,65,249,2948,1.8048387256023863e-05,8.050819779222114e-07,6.811951278499888e-07,1.113839349545519e-07,0.0003972257262375,6.556747497429905e-05,0.0025697277499421,3.837392457057831e-06,lp_rnd,0.1,0,LP-RND (beta=0.1)
18000,0.207,0.1628888888888889,0.9558823529411764,65,249,3155,1.6209240221950744e-05,9.259530681585274e-07,6.122743508203184e-07,1.0344584318974689e-07,0.0003691830964392,6.264088717480097e-05,0.0024451121913734,3.609019892678589e-06,lp_rnd,0.1,0,LP-RND (beta=0.1)
19000,0.204,0.1650526315789473,0.9852941176470588,67,257,3367,1.6399288697624905e-05,6.441999032134763e-06,6.460956380275699e-07,3.177936706329412e-07,0.000398931493159,0.0001976559522391,0.0022865516603051,3.509522368517537e-06,lp_rnd,0.1,0,LP-RND (beta=0.1)
20000,0.128,0.1632,0.9852941176470588,67,257,3495,1.5771946056730712e-05,1.923557291725005e-06,7.788241020989517e-07,1.762301988742835e-07,0.0004954190142528,0.0001118016361583,0.0021572378299315,3.5663361228444046e-06,lp_rnd,0.1,0,LP-RND (beta=0.1)
21000,0.205,0.1651904761904762,0.9852941176470588,67,257,3700,1.514899580708915e-05,1.442389114378381e-06,6.481767475012996e-07,1.3700248443975177e-07,0.0004226277880194,8.899718123354545e-05,0.0020635582245304,3.3601597849610697e-06,lp_rnd,0.1,0,LP-RND (beta=0.1)
22000,0.171,0.1654545454545454,0.9852941176470588,67,257,3871,1.5536237005804727e-05,6.995943883626791e-07,5.520678447463825e-07,5.3241996731786994e-08,0.0003668583390966,3.551181492111989e-05,0.0019635796647635,3.2799756693293604e-06,lp_rnd,0.1,0,LP-RND (beta=0.1)
23000,0.055,0.1606521739130434,0.9852941176470588,67,257,3926,1.445407590588068e-05,4.308138866187701e-07,5.952976773022039e-07,3.4413395396359435e-08,0.0004055401426712,2.3416956358207454e-05,0.0018558039920171,3.17568883963304e-06,lp_rnd,0.1,0,LP-RND (beta=0.1)
24000,0.079,0.15725,0.9852941176470588,67,257,4005,1.5506982919437696e-05,7.391879143217483e-07,4.534587753392149e-07,9.253935924797302e-08,0.0003152242502367,6.430124699882583e-05,0.0017518187600071,2.989156831517903e-06,lp_rnd,0.1,0,LP-RND (beta=0.1)
25000,0.119,0.15572,0.9852941176470588,67,262,4129,1.4952586233058744e-05,9.60284984690942e-06,6.784692178531687e-07,1.3255228907027978e-07,0.0004827135748647,9.344773863656324e-05,0.0016607776361051,3.035662659726768e-06,lp_rnd,0.1,0,LP-RND (beta=0.1)
26000,0.12,0.1543461538461538,0.9852941176470588,67,262,4249,1.3986937403842605e-05,7.939240811123808e-06,5.729238978346985e-07,1.3386042916220152e-06,0.0004146113273867,0.0009714334030648,0.0016615820598672,2.98606853129968e-06,lp_rnd,0.1,0,LP-RND (beta=0.1)
27000,0.174,0.1550740740740741,0.9852941176470588,67,262,4423,1.4161340234635249e-05,2.752032930301881e-07,6.434300841605384e-07,7.24540541461843e-08,0.0004723264059458,5.329504823231716e-05,0.0016087685010716,3.038503716425112e-06,lp_rnd,0.1,0,LP-RND (beta=0.1)
28000,0.122,0.1538928571428571,0.9852941176470588,67,262,4545,1.4601927872360246e-05,1.6763018765209329e-06,5.913516249210425e-07,1.4955846492101417e-07,0.0004428223243283,0.0001118522531771,0.001589370259724,2.90430009931697e-06,lp_rnd,0.1,0,LP-RND (beta=0.1)
29000,0.111,0.1524137931034482,0.9852941176470588,67,262,4656,1.3499694690639248e-05,1.001140121960503e-06,5.855958538181316e-07,7.327143650220557e-08,0.0004448275840771,5.599311546300667e-05,0.0015098760908294,2.827763944310391e-06,lp_rnd,0.1,0,LP-RND (beta=0.1)
30000,0.152,0.1524,1.0,68,269,4813,1.280485866728716e-05,6.610430751305879e-06,6.199419550811351e-07,1.7090053353198699e-07,0.0004816451322094,0.0001318612104541,0.0015071499429614,2.8239787442316813e-06,lp_rnd,0.1,0,LP-RND (beta=0.1)
31000,0.431,0.1613870967741935,1.0,68,269,5244,1.3851297181558831e-05,6.716408574672972e-07,6.705016279983412e-07,7.107673782790982e-08,0.0005277100609593,5.582364329749302e-05,0.0014460246448434,2.8173522771339776e-06,lp_rnd,0.1,0,LP-RND (beta=0.1)
32000,0.202,0.16265625,1.0,68,269,5446,1.2533977904258613e-05,1.456910634613594e-06,5.114691360870326e-07,1.1112881985280109e-07,0.0004086611446021,8.877792862514078e-05,0.001363159109067,2.8303189387770546e-06,lp_rnd,0.1,0,LP-RND (beta=0.1)
33000,0.254,0.1654242424242424,1.0,68,269,5700,1.331976460192447e-05,6.744156285823716e-07,4.817614436025161e-07,6.098315148780429e-08,0.0003913811220924,4.941424988238745e-05,0.0014096434110833,2.805237765528545e-06,lp_rnd,0.1,0,LP-RND (beta=0.1)
34000,0.516,0.175735294117647,1.0,68,269,6216,1.324802203391103e-05,6.252573584543019e-07,5.3297017709769e-07,4.828154014699405e-08,0.0004392124171707,3.972934656617664e-05,0.0012274380121598,2.84825373773856e-06,lp_rnd,0.1,0,LP-RND (beta=0.1)
35000,0.452,0.1836285714285714,1.0,68,269,6668,1.3152909967183268e-05,2.819303894185781e-07,5.716942985246187e-07,1.832591045661794e-08,0.0004775157901735,1.5285113448743374e-05,0.0013017354087787,2.8741958523141875e-06,lp_rnd,0.1,0,LP-RND (beta=0.1)
36000,0.408,0.1898611111111111,1.0,68,269,7076,1.3270986639826353e-05,2.7169019763091624e-07,4.614976127609849e-07,2.0847001254394e-08,0.0003903550598722,1.7670034347595296e-05,0.0012351436061362,2.8830014312006824e-06,lp_rnd,0.1,0,LP-RND (beta=0.1)
37000,0.325,0.1935135135135135,1.0,68,269,7401,1.2946891526483411e-05,2.389588949877516e-07,5.635654256016446e-07,5.5852291767324566e-08,0.0004838218394024,4.795841185588523e-05,0.0012161595421857,2.8834130484938216e-06,lp_rnd,0.1,0,LP-RND (beta=0.1)
38000,0.476,0.2009473684210526,1.0,68,269,7877,1.3475787566584731e-05,2.636498089432176e-07,5.214807966511507e-07,1.444509235551246e-08,0.0004537561758968,1.2559079828196236e-05,0.0012376526741063,2.93536751451029e-06,lp_rnd,0.1,0,LP-RND (beta=0.1)
39000,0.379,0.2055128205128205,1.0,68,269,8256,1.3101675712803475e-05,5.585218622438213e-07,6.020938058112e-07,6.101159239159424e-08,0.0005304412139073,5.378856695787809e-05,0.0011928197150264,2.939546986112873e-06,lp_rnd,0.1,0,LP-RND (beta=0.1)
40000,0.464,0.211975,1.0,68,269,8720,1.340764265282344e-05,4.307955176400076e-07,5.821653250505137e-07,5.496501612728493e-08,0.0005199326553245,4.899288317383431e-05,0.0011390934508599,2.993149011672358e-06,lp_rnd,0.1,0,LP-RND (beta=0.1)
41000,0.599,0.2214146341463414,1.0,68,269,9319,1.2345272572233982e-05,1.9487204166965347e-06,5.672891643864724e-07,1.0530657507099062e-07,0.0005127125552606,9.52370203466916e-05,0.0010811711205678,3.03470307136422e-06,lp_rnd,0.1,0,LP-RND (beta=0.1)
42000,0.629,0.2311190476190476,1.0,68,269,9948,1.1941169657366004e-05,5.051100256693185e-07,4.6109995737959466e-07,5.7223118151684834e-08,0.000421399959345,5.224222092540437e-05,0.0011090509745263,3.1397252163287705e-06,lp_rnd,0.1,0,LP-RND (beta=0.1)
43000,0.585,0.2393488372093023,1.0,68,269,10533,1.170723173858371e-05,2.5049623772417133e-07,5.502887579806957e-07,6.977658545631394e-08,0.0005087647343898,6.452276913874135e-05,0.0010502225852396,3.2257474912285035e-06,lp_rnd,0.1,0,LP-RND (beta=0.1)
44000,0.542,0.2462272727272727,1.0,68,269,11075,1.1464628381893036e-05,2.3756715289982226e-07,3.760523141558412e-07,1.036245975393488e-08,0.0003518066115697,9.679709040793962e-06,0.001003055028319,3.229076794013963e-06,lp_rnd,0.1,0,LP-RND (beta=0.1)
45000,0.464,0.2510666666666666,1.0,68,269,11539,1.1426980564535904e-05,4.768078453193298e-07,4.904777969825553e-07,4.3425489353686026e-08,0.0004637171119863,4.109477277511821e-05,0.0010266572989858,3.2674399283223467e-06,lp_rnd,0.1,0,LP-RND (beta=0.1)
46000,0.156,0.249,1.0,68,269,11695,1.1291655535107846e-05,2.233910754535753e-07,4.636637075423212e-07,2.785872646841716e-09,0.0004429858664837,2.6643400644994467e-06,0.00094037643521,3.2638604275234684e-06,lp_rnd,0.1,0,LP-RND (beta=0.1)
47000,0.095,0.2457234042553191,1.0,68,269,11790,1.0780884507479833e-05,2.179787193029857e-07,6.495806749291277e-07,1.5973336843130436e-07,0.0006281869690602,0.0001542773347898,0.0009563827593519,3.143567677511782e-06,lp_rnd,0.1,0,LP-RND (beta=0.1)
48000,0.065,0.2419583333333333,1.0,68,269,11855,1.1708576532607996e-05,2.154989174411328e-07,5.224135153324683e-07,2.7797967294388016e-08,0.0005097005088867,2.7131289580544556e-05,0.000904421496918,3.0720385823315155e-06,lp_rnd,0.1,0,LP-RND (beta=0.1)
49000,0.031,0.2376530612244898,1.0,68,269,11886,1.2735694634747848e-05,1.8399382072879e-07,4.709507031234792e-07,3.4882586365109074e-08,0.0004640602663411,3.438775457025798e-05,0.0008526459581153,3.010160081771573e-06,lp_rnd,0.1,0,LP-RND (beta=0.1)
50000,0.026,0.23342,1.0,68,269,11912,1.3063307243590736e-05,1.8326186619613049e-07,7.475757858908485e-07,8.349991508175027e-09,0.0007443981987168,8.32041707755222e-06,0.0008578347842558,2.927726480606907e-06,lp_rnd,0.1,0,LP-RND (beta=0.1)
51000,0.008,0.229,1.0,68,269,11920,1.181454217658029e-05,2.119201079423073e-07,3.7871313907089643e-07,2.4029045441581285e-08,0.0003804648607222,2.4186060755078985e-05,0.0008724996299752,2.8804751776760897e-06,lp_rnd,0.1,0,LP-RND (beta=0.1)
52000,0.012,0.224826923076923,1.0,68,269,11932,1.0583388908950534e-05,2.617683847964615e-07,2.7358608652624145e-07,3.197348750133802e-08,0.0002774206272509,3.248098259198016e-05,0.0003490861769441,2.8316172397353517e-06,lp_rnd,0.1,0,LP-RND (beta=0.1)
53000,0.015,0.2208679245283019,1.0,68,269,11947,1.0699613085307648e-05,2.0044647261545209e-07,5.491179157009659e-07,9.508308442682992e-09,0.0005632349681893,9.752371981519212e-06,5.657852679814824e-05,2.800918253569762e-06,lp_rnd,0.1,0,LP-RND (beta=0.1)
54000,0.039,0.2175,1.0,68,269,11986,9.605085102894242e-06,1.8898866669926075e-07,3.276815312766793e-07,9.47276958504186e-09,0.0003388672768063,9.799932538735812e-06,3.969276791667653e-05,2.764994584822489e-06,lp_rnd,0.1,0,LP-RND (beta=0.1)
55000,0.019,0.2138909090909091,1.0,68,269,12005,9.503486868006325e-06,1.728669222029613e-07,5.495685400092043e-07,8.647566786872708e-08,0.0005740517870917,9.026607842603047e-05,3.4113792215066493e-05,2.67860820417809e-06,lp_rnd,0.1,0,LP-RND (beta=0.1)
56000,0.028,0.2105714285714285,1.0,68,269,12033,9.97062722620155e-06,1.9168624389102519e-07,4.452936406908391e-07,2.0311650932750886e-08,0.0004686931809925,2.1403851043778504e-05,2.9214613588919747e-05,2.6568765734964472e-06,lp_rnd,0.1,0,LP-RND (beta=0.1)
57000,0.036,0.2075087719298245,1.0,68,269,12069,9.302532450621786e-06,1.887960358007596e-07,3.6771283854856556e-07,4.5476125681220656e-08,0.0003905656585255,4.8299563752475474e-05,2.695945343566564e-05,2.60327571140806e-06,lp_rnd,0.1,0,LP-RND (beta=0.1)
58000,0.078,0.2052758620689655,1.0,68,269,12147,1.0391464404445009e-05,2.3829972966994065e-07,2.407086984208152e-07,8.563050695996445e-08,0.0002579057594328,9.174883100218729e-05,2.5147772271338907e-05,2.5279031398781627e-06,lp_rnd,0.1,0,LP-RND (beta=0.1)
59000,0.032,0.2023389830508474,1.0,68,269,12179,1.1103421698521744e-05,2.0373825175339055e-07,5.250505239473569e-07,1.331518537889127e-07,0.000567813932873,0.0001438677309709,1.7310349540821335e-05,2.4263564237685386e-06,lp_rnd,0.1,0,LP-RND (beta=0.1)
60000,0.028,0.1994333333333333,1.0,68,269,12207,1.0349722190637423e-05,2.4450163178042e-07,2.0326389663491039e-07,1.5356289752373877e-08,0.0002219787419356,1.674597740015578e-05,1.670290988204215e-05,2.398238236310135e-06,lp_rnd,0.1,0,LP-RND (beta=0.1)
61000,0.051,0.197,1.0,68,269,12258,1.0742440085153908e-05,1.7386863251428238e-07,4.894740877538353e-07,1.2598907963500142e-08,0.0005383019257779,1.38445473818309e-05,1.2736272065922096e-05,2.3305291283008955e-06,lp_rnd,0.1,0,LP-RND (beta=0.1)
62000,0.023,0.1941935483870967,1.0,68,269,12281,1.1848474613266855e-05,1.6760206138672438e-07,3.9127964713691693e-07,6.881213601703174e-08,0.0004339205162444,7.622566265741464e-05,1.0609602457861913e-05,2.3452070959137927e-06,lp_rnd,0.1,0,LP-RND (beta=0.1)
63000,0.059,0.192047619047619,1.0,68,269,12340,1.0061422279373431e-05,6.665772709751818e-07,2.387179184721791e-07,7.687817019330504e-08,0.0002662481520356,8.573975804066043e-05,1.4199992785961512e-05,2.2852458928923625e-06,lp_rnd,0.1,0,LP-RND (beta=0.1)
64000,0.081,0.1903125,1.0,68,269,12421,1.0174125896181653e-05,1.205730913955415e-06,3.121166527206596e-07,2.6894493785681323e-08,0.0003507287137613,3.024445835579133e-05,1.050060259581187e-05,2.2388048020616224e-06,lp_rnd,0.1,0,LP-RND (beta=0.1)
65000,0.438,0.1941230769230769,1.0,68,269,12859,1.0329339229076023e-05,1.822937557823863e-06,3.805970213367082e-07,1.256150337689602e-07,0.0004317635812736,0.0001423062830735,8.569838863877522e-06,2.263123495367836e-06,lp_rnd,0.1,0,LP-RND (beta=0.1)
66000,0.632,0.2007575757575757,1.0,68,269,13491,1.0938973149363904e-05,3.856392016156401e-07,6.095714006358874e-07,4.7388691116128964e-08,0.000696922266401,5.410914294834848e-05,9.316819360492446e-06,2.341841107181608e-06,lp_rnd,0.1,0,LP-RND (beta=0.1)
67000,0.321,0.2025522388059701,1.0,68,269,13812,1.1728360695543922e-05,2.1715068986554363e-06,6.025668036864854e-07,3.8657554877243037e-07,0.000692923294177,0.0004458818095631,8.98046947986586e-06,2.4266757361033343e-06,lp_rnd,0.1,0,LP-RND (beta=0.1)
68000,0.556,0.20775,1.0,68,269,14368,1.1293394998806794e-05,2.0190868950349626e-07,5.079938592879437e-07,2.7804506757049882e-08,0.0005890836840483,3.2253227155137376e-05,8.759737283071445e-06,2.497262835163383e-06,lp_rnd,0.1,0,LP-RND (beta=0.1)
69000,0.35,0.2098115942028985,1.0,68,270,14719,1.1125280922377507e-05,4.89878334762422e-06,4.790076880973564e-07,1.842011799296345e-06,0.0005600073601878,0.0021520577855382,1.2112484871295238e-05,2.5114534599879333e-06,lp_rnd,0.1,0,LP-RND (beta=0.1)
70000,0.022,0.2071285714285714,1.0,68,270,14741,1.011934091366129e-05,2.470261060961121e-06,6.051912102768917e-07,7.283044244779561e-07,0.0007103458618583,0.0008579542922433,1.6734216091663256e-05,2.5491713829524088e-06,lp_rnd,0.1,0,LP-RND (beta=0.1)
71000,0.024,0.2045492957746479,1.0,68,270,14765,1.0290238530312005e-05,1.23257132148867e-06,2.418781453646564e-07,9.8035048072201e-08,0.0002859282442876,0.0001162477165713,1.3514258110944864e-05,2.511695331691044e-06,lp_rnd,0.1,0,LP-RND (beta=0.1)
72000,0.129,0.2035,1.0,68,270,14894,9.994979199143208e-06,2.805906700198692e-06,4.058874729926456e-07,8.836724129432216e-07,0.0004836326357724,0.0010552116062244,1.3558089265416129e-05,2.429758194352871e-06,lp_rnd,0.1,0,LP-RND (beta=0.1)
73000,0.099,0.2020684931506849,1.0,68,270,14993,9.394315365896527e-06,1.1669008203353035e-06,4.994734524069542e-07,3.953404468659081e-07,0.0005998540263852,0.0004752774429332,2.1410683609701663e-05,2.458502676290664e-06,lp_rnd,0.1,0,LP-RND (beta=0.1)
74000,0.042,0.1999054054054054,1.0,68,270,15035,1.0239633736221418e-05,1.3465444049047848e-06,4.856077729138113e-07,2.369214998087393e-07,0.0005873575227818,0.0002866389820457,2.423259215447615e-05,2.437336199477613e-06,lp_rnd,0.1,0,LP-RND (beta=0.1)
75000,0.029,0.1976266666666666,1.0,68,270,15064,1.018693899760396e-05,1.3717680783766584e-06,6.060727643890804e-07,2.068483806813236e-07,0.0007375078364457,0.0002519090602699,2.4758805130659312e-05,2.3744065952087114e-06,lp_rnd,0.1,0,LP-RND (beta=0.1)
76000,0.012,0.1951842105263158,1.0,68,270,15076,9.265531768202589e-06,1.3993939799914497e-06,5.926549041153825e-07,1.939047975860411e-07,0.0007266404962143,0.0002379599843355,2.4458519020754467e-05,2.361820963642458e-06,lp_rnd,0.1,0,LP-RND (beta=0.1)
77000,0.01,0.1927792207792207,1.0,68,270,15086,8.595005374445463e-06,1.7949614856278957e-06,1.0534877219470219e-07,1.6366528163791024e-07,0.0001299184005721,0.0002020986711373,3.915285269067681e-05,2.298269085201809e-06,lp_rnd,0.1,0,LP-RND (beta=0.1)
78000,0.016,0.1905128205128205,1.0,68,270,15102,8.898278053948161e-06,1.3462819536614942e-06,2.611868410440366e-07,1.538310981469688e-07,0.0003235468195265,0.000191231181295,2.921643226136439e-05,2.291270687578617e-06,lp_rnd,0.1,0,LP-RND (beta=0.1)
79000,0.016,0.1883037974683544,1.0,68,270,15118,9.235064624135704e-06,1.268321982492679e-06,5.115286398904573e-07,2.981468613891055e-07,0.0006394808999762,0.0003731096581242,2.6962694404460308e-05,2.2695820019862365e-06,lp_rnd,0.1,0,LP-RND (beta=0.1)
80000,0.016,0.18615,1.0,68,270,15134,9.187793779119602e-06,9.428629259602994e-07,4.401177875479334e-07,1.3151537655476466e-07,0.0005534977052101,0.000165483989974,2.5973773784699005e-05,2.214996702264216e-06,lp_rnd,0.1,0,LP-RND (beta=0.1)
81000,0.014,0.1840246913580246,1.0,68,270,15148,8.943374203746706e-06,1.4398153814001862e-06,2.7978243062014893e-07,4.051145090500086e-07,0.0003540145916307,0.0005128647941662,2.4337503498145453e-05,2.1590995780229607e-06,lp_rnd,0.1,0,LP-RND (beta=0.1)
82000,0.058,0.1824878048780487,1.0,68,270,15206,1.020033583103966e-05,6.777851517385068e-07,3.96858162087577e-07,1.459808306017965e-07,0.0005056229140308,0.0001858900147542,3.844039256750875e-05,2.0428069718150254e-06,lp_rnd,0.1,0,LP-RND (beta=0.1)
83000,0.03,0.1806506024096385,1.0,68,270,15236,9.74005100336702e-06,6.756599467554721e-07,4.007124213482409e-07,6.416155566159535e-08,0.0005134512681214,8.221618879177708e-05,3.287153857570502e-05,2.031175630747839e-06,lp_rnd,0.1,0,LP-RND (beta=0.1)
84000,0.032,0.1788809523809524,1.0,68,270,15268,9.674295370132311e-06,6.839640969734579e-07,6.689057983066959e-07,1.5654172321679816e-07,0.0008614812400649,0.0002017274586442,2.255237718713943e-05,1.9315219058739785e-06,lp_rnd,0.1,0,LP-RND (beta=0.1)
85000,0.056,0.177435294117647,1.0,68,270,15324,1.0695446081042197e-05,5.972427373071999e-07,5.401007894891206e-07,5.020682044798817e-07,0.0007003476507633,0.0006508846381995,2.4272048641933e-05,1.839476602299328e-06,lp_rnd,0.1,0,LP-RND (beta=0.1)
86000,0.012,0.1755116279069767,1.0,68,270,15336,8.605424113738991e-06,7.972626104061798e-07,2.2709491531713866e-07,6.128071635381369e-08,0.0002961660816695,7.992415484847131e-05,2.2301254705098472e-05,1.7632314335287448e-06,lp_rnd,0.1,0,LP-RND (beta=0.1)
87000,0.019,0.1737126436781609,1.0,68,270,15355,9.223498421450035e-06,4.62928099778905e-07,3.266289623800396e-07,1.3268250047419928e-07,0.0004282501644928,0.0001739885602922,2.611581482875636e-05,1.674743283274438e-06,lp_rnd,0.1,0,LP-RND (beta=0.1)
88000,0.038,0.1721704545454545,1.0,68,270,15393,8.906701372037979e-06,3.1161992356732864e-06,6.112946290446225e-07,4.249650687140403e-07,0.0008063488745614,0.0005601078948726,2.893442094546117e-05,1.6507944915247208e-06,lp_rnd,0.1,0,LP-RND (beta=0.1)
89000,0.044,0.1707303370786516,1.0,68,270,15437,8.91576379754869e-06,9.019065560591056e-07,3.589394220233027e-07,1.1291644259688814e-07,0.0004760031315784,0.0001497653364145,2.521560961497471e-05,1.5512506192294496e-06,lp_rnd,0.1,0,LP-RND (beta=0.1)
90000,0.024,0.1691,1.0,68,270,15461,1.0128904553615332e-05,2.3374476273411835e-06,2.416672941762954e-07,3.523405194381502e-07,0.0003225005680867,0.0004699651074453,1.944337155487119e-05,1.5128245125310968e-06,lp_rnd,0.1,0,LP-RND (beta=0.1)
91000,0.024,0.1675054945054945,1.0,68,270,15485,8.865855477324658e-06,1.7920156622834058e-06,2.1618774326270798e-07,2.158136092529605e-07,0.0002898829857314,0.0002892321291221,2.3104741803649632e-05,1.4368958997579285e-06,lp_rnd,0.1,0,LP-RND (beta=0.1)
92000,0.057,0.1663043478260869,1.0,68,270,15542,8.72685909837999e-06,4.541893630700315e-07,3.81468174039088e-07,4.7449317460182375e-08,0.0005144163148702,6.395460007376473e-05,2.914635124386677e-05,1.3132657537369142e-06,lp_rnd,0.1,0,LP-RND (beta=0.1)
93000,0.014,0.1646666666666666,1.0,68,270,15556,9.785786460270174e-06,1.00375644496097e-06,2.402904491256257e-07,9.533830507928641e-08,0.0003252650369546,0.0001292391221026,2.5565260046306547e-05,1.1901905729985171e-06,lp_rnd,0.1,0,LP-RND (beta=0.1)
94000,0.013,0.1630531914893617,1.0,68,270,15569,7.974211712280521e-06,3.4867044217780574e-07,3.624980028969451e-07,8.685230979350361e-08,0.0004938734311131,0.0001184164422237,1.904643151272012e-05,1.0722192413084031e-06,lp_rnd,0.1,0,LP-RND (beta=0.1)
95000,0.005,0.1613894736842105,1.0,68,270,15574,6.843880328233354e-06,5.538484969131092e-07,5.216033059696201e-07,6.22786717928474e-08,0.0007142954134085,8.535497063205324e-05,2.3749128032420687e-05,9.951422065057613e-07,lp_rnd,0.1,0,LP-RND (beta=0.1)
96000,0.005,0.1597604166666666,1.0,68,270,15579,6.423719787562731e-06,1.7011076790528484e-06,7.844245374144521e-07,1.3019158334390198e-06,0.0010800410439151,0.0017948078370999,1.893074610933354e-05,9.161366544674364e-07,lp_rnd,0.1,0,LP-RND (beta=0.1)
97000,0.011,0.1582268041237113,1.0,68,270,15590,8.4149463749451e-06,3.053015590037712e-07,3.361859936293596e-07,6.364971286713255e-08,0.0004659845646049,8.809949055927487e-05,1.7655781347400534e-05,9.037733377681432e-07,lp_rnd,0.1,0,LP-RND (beta=0.1)
98000,0.012,0.156734693877551,1.0,68,270,15602,1.0168580312589862e-05,8.10876863411377e-07,1.5919492094932744e-07,1.1164558267538217e-07,0.0002212517366966,0.0001553510202814,1.9805351026292327e-05,9.000987686960116e-07,lp_rnd,0.1,0,LP-RND (beta=0.1)
99000,0.006,0.1552121212121212,1.0,68,270,15608,8.31108377497003e-06,8.403261936704941e-07,6.759500289869417e-07,1.379371204764434e-07,0.0009452065631006,0.000192951343083,2.061636121322863e-05,8.679965149696045e-07,lp_rnd,0.1,0,LP-RND (beta=0.1)
100000,0.014,0.1538,1.0,68,270,15622,9.017251191575527e-06,3.4020805884135565e-07,3.5936922618670254e-07,1.8195072223740155e-08,0.0005052840156658,2.556475325652104e-05,2.919525335596518e-05,8.89841985852513e-07,lp_rnd,0.1,0,LP-RND (beta=0.1)
1000,0.16,0.16,0.7352941176470589,50,171,310,0.0106378331896848,0.0090537758156036,0.0,0.0,0.0,0.0,0.0085786450654268,0.0089379688724875,lp_rnd,0.1,1,LP-RND (beta=0.1)
2000,0.138,0.149,0.8529411764705882,58,204,475,0.0011699955557296,0.0004288483626839,0.0091990822237794,0.0085479283382307,3.28339309369441,2.4912550334116883,0.0114125526422867,0.0005090638470283,lp_rnd,0.1,1,LP-RND (beta=0.1)
3000,0.105,0.1343333333333333,0.9411764705882352,64,223,599,0.000120730956613,5.576072307675475e-05,3.307489023427479e-05,2.7519269873126012e-05,0.0076525572000708,0.0063779540952612,0.0089984043519943,5.360735805516015e-05,lp_rnd,0.1,1,LP-RND (beta=0.1)
4000,0.117,0.13,0.9558823529411764,65,242,734,7.337445722985914e-05,2.780642357473152e-05,1.4793495319880205e-05,8.389446669689082e-06,0.0037503032911194,0.0021231433782939,0.0077310879274737,2.864901699649636e-05,lp_rnd,0.1,1,LP-RND (beta=0.1)
5000,0.169,0.1378,0.9705882352941176,66,252,913,5.36286860061899e-05,1.923004520310745e-05,8.210120147893883e-06,2.4113666400779685e-06,0.0022643153346125,0.0006585872907468,0.0070797010371461,1.9968835315012254e-05,lp_rnd,0.1,1,LP-RND (beta=0.1)
6000,0.143,0.1386666666666666,0.9705882352941176,66,255,1059,4.4523469088770046e-05,1.144022303700426e-05,5.610742356601315e-06,1.8731013441389275e-06,0.001665321693122,0.0005578382821204,0.0064537981252651,1.4336097882733157e-05,lp_rnd,0.1,1,LP-RND (beta=0.1)
7000,0.262,0.1562857142857142,0.9705882352941176,66,255,1321,3.685959059493914e-05,5.456870793495466e-06,3.3453939137267187e-06,1.0294943452619824e-06,0.0010590422347904,0.0003246274911758,0.0059774617904331,1.1443814198628388e-05,lp_rnd,0.1,1,LP-RND (beta=0.1)
8000,0.175,0.158625,0.9705882352941176,66,256,1497,3.294906513474416e-05,1.0434676208646896e-05,2.494160611864313e-06,1.2047258632829846e-06,0.0008374939742279,0.0004049506950535,0.0054780256974045,9.560936071920878e-06,lp_rnd,0.1,1,LP-RND (beta=0.1)
9000,0.192,0.1623333333333333,0.9705882352941176,66,259,1692,2.934244360138412e-05,1.1625375256476312e-05,1.9291057924419874e-06,1.128654588156911e-06,0.0006831907899608,0.0003988405651293,0.0051643246357562,8.601936465311154e-06,lp_rnd,0.1,1,LP-RND (beta=0.1)
10000,0.254,0.1715,0.9705882352941176,66,263,1950,2.6943559844330308e-05,1.1804109182839393e-05,1.6872607224873418e-06,1.2788600443171152e-06,0.0006250918622414,0.0004746782476678,0.0047393139410996,7.958786298331688e-06,lp_rnd,0.1,1,LP-RND (beta=0.1)
11000,0.218,0.1757272727272727,0.9705882352941176,66,263,2168,2.4512967984515157e-05,4.005170037956454e-06,1.6336390768178342e-06,5.51642787638219e-07,0.0006334504093523,0.0002135456580458,0.0042336959303356,7.1231838730909655e-06,lp_rnd,0.1,1,LP-RND (beta=0.1)
12000,0.185,0.1765,1.0,68,267,2357,2.2939911925916665e-05,4.3611056329375365e-06,9.867163769101624e-07,4.277274572178261e-07,0.000397714607721,0.0001729163243823,0.0040359546636464,6.482181467845294e-06,lp_rnd,0.1,1,LP-RND (beta=0.1)
13000,0.215,0.1794615384615384,1.0,68,267,2572,2.216092921857083e-05,2.576624953757386e-06,9.592384315531725e-07,2.009110693026139e-07,0.0004030786417489,8.428149243899861e-05,0.0035757497106096,5.802554106367097e-06,lp_rnd,0.1,1,LP-RND (beta=0.1)
14000,0.287,0.1871428571428571,1.0,68,267,2859,2.084679315327557e-05,6.234717280870594e-07,1.0560427714337577e-06,7.856232952638035e-08,0.0004595602384311,3.407123048872266e-05,0.0035415430705761,5.416468560042631e-06,lp_rnd,0.1,1,LP-RND (beta=0.1)
15000,0.319,0.1959333333333333,1.0,68,271,3182,1.9676003263316988e-05,5.37719047317981e-06,1.0393879766927065e-06,2.15333074393176e-07,0.0004666582757475,9.618973781853508e-05,0.0033564011607086,5.30180648388523e-06,lp_rnd,0.1,1,LP-RND (beta=0.1)
16000,0.202,0.1963125,1.0,68,271,3384,1.811573005767005e-05,3.4017258230429185e-06,7.396368972075663e-07,1.656100449803145e-07,0.0003432829009965,7.644042366354932e-05,0.0032524945712066,5.112523770094412e-06,lp_rnd,0.1,1,LP-RND (beta=0.1)
17000,0.236,0.1986470588235294,1.0,68,271,3620,1.821973608079812e-05,2.612054407910264e-06,7.189330671727954e-07,2.660106716123019e-07,0.0003423322849988,0.0001274642840321,0.0030907275126664,4.886398655571611e-06,lp_rnd,0.1,1,LP-RND (beta=0.1)
18000,0.261,0.2021111111111111,1.0,68,271,3881,1.7690445682064227e-05,2.045366821365705e-06,9.75555981853058e-07,1.848548731509691e-07,0.0004774361757272,9.043637355331968e-05,0.0031285313552361,4.765434853879924e-06,lp_rnd,0.1,1,LP-RND (beta=0.1)
19000,0.153,0.1995263157894737,1.0,68,271,4034,1.7000715202586102e-05,2.0548002880136643e-06,6.621400459503658e-07,2.172866657300965e-07,0.0003314865174504,0.0001095248810889,0.003170934259484,4.6030785275661405e-06,lp_rnd,0.1,1,LP-RND (beta=0.1)
20000,0.047,0.1919,1.0,68,271,4081,1.9210153784521763e-05,2.358479567410927e-06,6.908399069637179e-07,1.741014839927541e-07,0.0003562745794843,8.961245817448378e-05,0.0030625392548972,4.343738841839695e-06,lp_rnd,0.1,1,LP-RND (beta=0.1)
21000,0.063,0.1857619047619047,1.0,68,271,4144,1.6434140715795192e-05,1.3794572230110595e-06,9.464458690629164e-07,1.988990184307806e-07,0.0005010099285324,0.0001051396263011,0.0029631045000278,4.0882798790562445e-06,lp_rnd,0.1,1,LP-RND (beta=0.1)
22000,0.035,0.1789090909090909,1.0,68,271,4179,1.659393695133206e-05,3.4102173809524504e-06,7.02703904867771e-07,3.509901644077175e-07,0.0003790367846234,0.0001902767928708,0.0028526373762288,3.866152081400287e-06,lp_rnd,0.1,1,LP-RND (beta=0.1)
23000,0.033,0.1725652173913043,1.0,68,271,4212,1.540449635616493e-05,1.9637343369284247e-06,4.628224649588281e-07,1.4241022267078085e-07,0.0002559127698528,7.842612295432326e-05,0.0028043979573703,3.69376233049934e-06,lp_rnd,0.1,1,LP-RND (beta=0.1)
24000,0.062,0.1679583333333333,1.0,68,271,4274,1.679344802229729e-05,9.745867061792063e-07,9.119235953896292e-07,1.4221134717211566e-07,0.0005145185127717,8.007996581921553e-05,0.0025873439136776,3.508786908128059e-06,lp_rnd,0.1,1,LP-RND (beta=0.1)
25000,0.013,0.16176,1.0,68,271,4287,1.6600737790912928e-05,1.1240853188218488e-06,6.435143055009225e-07,1.7022544624627224e-07,0.0003697562977719,9.79082647602309e-05,0.002533624495205,3.342117788292853e-06,lp_rnd,0.1,1,LP-RND (beta=0.1)
26000,0.032,0.1567692307692307,1.0,68,271,4319,1.6976669527934973e-05,2.6474113177390715e-06,7.419607044312215e-07,3.061188082010734e-07,0.0004358018168878,0.0001792349402243,0.0023073203829699,3.181904507187028e-06,lp_rnd,0.1,1,LP-RND (beta=0.1)
27000,0.036,0.1522962962962963,1.0,68,271,4355,1.4663413240769943e-05,8.221685813154818e-07,8.658392087252448e-07,1.4571408221662898e-07,0.0005183566963241,8.684527841381907e-05,0.0021189371721411,3.080238022107551e-06,lp_rnd,0.1,1,LP-RND (beta=0.1)
28000,0.045,0.1484642857142857,1.0,68,271,4400,1.5584053350418496e-05,9.550714846967946e-07,2.84942386012214e-07,1.5629597199207904e-07,0.000173118714394,9.498706740668152e-05,0.0019494720331858,2.924780977650698e-06,lp_rnd,0.1,1,LP-RND (beta=0.1)
29000,0.077,0.146,1.0,68,271,4477,1.4026660700402352e-05,5.860659002394248e-07,6.085988625036643e-07,4.5615138779727504e-08,0.0003751925011311,2.8193874500249263e-05,0.0018545496423321,2.8043051894428573e-06,lp_rnd,0.1,1,LP-RND (beta=0.1)
30000,0.073,0.1435666666666666,1.0,68,271,4550,1.4229317638301052e-05,4.024239573836129e-07,5.025080199256118e-07,3.6474060351657625e-08,0.0003150193038292,2.291124520001233e-05,0.0016819596534332,2.699093650676332e-06,lp_rnd,0.1,1,LP-RND (beta=0.1)
31000,0.279,0.1479354838709677,1.0,68,271,4829,1.4842899197960392e-05,2.357626127848432e-06,5.026151735351653e-07,1.5327396177540405e-07,0.0003204290334019,9.798022526795336e-05,0.0016549846375855,2.6523150035018263e-06,lp_rnd,0.1,1,LP-RND (beta=0.1)
32000,0.152,0.1480625,1.0,68,271,4981,1.3971171355071992e-05,1.8740265406493747e-06,7.285520532126324e-07,2.0201761374849525e-07,0.0004735104844002,0.0001307739204365,0.001677389082848,2.671821714102407e-06,lp_rnd,0.1,1,LP-RND (beta=0.1)
33000,0.117,0.1471212121212121,1.0,68,271,5098,1.4563570068711337e-05,1.736045244070047e-06,6.044299211641614e-07,2.2536506924529242e-07,0.0003973533797586,0.0001483775593429,0.0015457706256565,2.6519583976210013e-06,lp_rnd,0.1,1,LP-RND (beta=0.1)
34000,0.059,0.1445294117647058,1.0,68,271,5157,1.4213867431816793e-05,2.04784187030921e-06,5.389744990803222e-07,2.271914751678195e-07,0.0003608858353997,0.0001515237303246,0.001514646958225,2.5689310994039262e-06,lp_rnd,0.1,1,LP-RND (beta=0.1)
35000,0.05,0.1418285714285714,1.0,68,271,5207,1.4195572266544331e-05,1.0514045447214478e-06,5.019399759476073e-07,8.863881965070456e-08,0.0003396885643932,6.0083891414243887e-05,0.0014250646196887,2.540267404071983e-06,lp_rnd,0.1,1,LP-RND (beta=0.1)
36000,0.035,0.1388611111111111,1.0,68,271,5242,1.4142834074196538e-05,1.4815144366418275e-06,3.192932646405617e-07,1.0637165772135669e-07,0.0002187999309068,7.31754023884286e-05,0.0014084512328699,2.4534250003398484e-06,lp_rnd,0.1,1,LP-RND (beta=0.1)
37000,0.017,0.1355675675675675,1.0,68,271,5259,1.1936829757948598e-05,1.4024807759935194e-06,4.522131776491947e-07,1.738406573344081e-07,0.0003139610359855,0.0001211396590738,0.0013416670620936,2.3956698153142497e-06,lp_rnd,0.1,1,LP-RND (beta=0.1)
38000,0.021,0.1325526315789473,1.0,68,271,5280,1.3291871644988924e-05,2.570607204951853e-06,5.94886192370073e-07,2.1173000460963946e-07,0.0004203737688593,0.0001496672086131,0.0012382872279995,2.303207903423754e-06,lp_rnd,0.1,1,LP-RND (beta=0.1)
39000,0.02,0.1296666666666666,1.0,68,271,5300,1.2505273502938508e-05,3.09212787213624e-06,5.148067884874763e-07,3.771370135804578e-07,0.0003688319860393,0.0002692782942578,0.0012427043088973,2.2825598571216686e-06,lp_rnd,0.1,1,LP-RND (beta=0.1)
40000,0.05,0.127675,1.0,68,271,5350,1.2985055282115354e-05,1.4748348559422945e-06,5.895688718737801e-07,2.591149884261468e-07,0.0004263498132985,0.0001876841122692,0.0011974207396342,2.281540805881832e-06,lp_rnd,0.1,1,LP-RND (beta=0.1)
41000,0.029,0.1252682926829268,1.0,68,271,5379,1.2527470109238618e-05,1.222758022856067e-06,5.284202165183098e-07,1.1734133261529515e-07,0.0003874205945273,8.595894346781625e-05,0.0012450928240868,2.217049308342212e-06,lp_rnd,0.1,1,LP-RND (beta=0.1)
42000,0.076,0.124095238095238,1.0,68,271,5455,1.3816572103869954e-05,7.001570101645531e-07,4.887950808551977e-07,9.132996439735877e-08,0.0003617255488575,6.774592340042437e-05,0.0011773687966342,2.13601728046342e-06,lp_rnd,0.1,1,LP-RND (beta=0.1)
43000,0.036,0.1220465116279069,1.0,68,271,5491,1.3664363450516248e-05,1.098638877185801e-06,6.229211572240779e-07,1.2267384977455277e-07,0.000466486285036,9.205199306521324e-05,0.001165841027032,2.0609544341709807e-06,lp_rnd,0.1,1,LP-RND (beta=0.1)
44000,0.069,0.1208409090909091,1.0,68,271,5560,1.3647660923026336e-05,1.4290859677761414e-06,3.780267407832519e-07,1.4745444620711398e-07,0.0002858450187916,0.0001117657648618,0.0010571227542968,2.0624294154458765e-06,lp_rnd,0.1,1,LP-RND (beta=0.1)
45000,0.072,0.1197555555555555,1.0,68,271,5632,1.3340127016666278e-05,4.454652468661954e-07,4.01520727185319e-07,2.553842997613252e-08,0.0003080733352538,1.953119513210904e-05,0.0011234605812642,1.996532053624378e-06,lp_rnd,0.1,1,LP-RND (beta=0.1)
46000,0.043,0.1180869565217391,1.0,68,271,5675,1.328972657151902e-05,3.839338072514858e-07,7.552972568001403e-07,4.38111126627143e-08,0.0005849884109445,3.399763242763726e-05,0.001036644175736,1.9605355839757978e-06,lp_rnd,0.1,1,LP-RND (beta=0.1)
47000,0.056,0.1167659574468085,1.0,68,271,5731,1.2692051338295382e-05,4.910665654450736e-07,5.983238224871457e-07,4.7967661458689124e-08,0.0004680779357447,3.756912616489279e-05,0.0009819762702682,1.908314325419269e-06,lp_rnd,0.1,1,LP-RND (beta=0.1)
48000,0.046,0.1152916666666666,1.0,68,271,5777,1.348254905362568e-05,2.5416411970643226e-07,3.628437614521397e-07,4.561559186655345e-08,0.0002865248232301,3.610262014220948e-05,0.000929477538375,1.8799155340047944e-06,lp_rnd,0.1,1,LP-RND (beta=0.1)
49000,0.309,0.1192448979591836,1.0,68,271,6086,1.3187020505826716e-05,3.4548688945109496e-07,5.941018877428705e-07,1.608709537474305e-08,0.0004750297875041,1.2838261435546422e-05,0.0009580605801384,1.8442385459707112e-06,lp_rnd,0.1,1,LP-RND (beta=0.1)
50000,0.695,0.13076,1.0,68,271,6781,1.3366500099450048e-05,2.3031441587982345e-07,5.029979554087044e-07,3.003166300850651e-08,0.0004063235817157,2.422283849286668e-05,0.0009569093231548,1.916946130393171e-06,lp_rnd,0.1,1,LP-RND (beta=0.1)
51000,0.516,0.138313725490196,1.0,68,271,7297,1.3176572719724976e-05,8.247816939174046e-07,5.520293682842072e-07,1.3241428612540242e-07,0.0004502445486483,0.0001078717955371,0.0008985456594382,2.045570998859603e-06,lp_rnd,0.1,1,LP-RND (beta=0.1)
52000,0.049,0.1365961538461538,1.0,68,271,7346,1.3129457032363814e-05,5.382413934147592e-07,5.172496643428197e-07,1.1818371665766848e-07,0.000425129483205,9.74462461531533e-05,0.0004141863927652,2.0690300600563207e-06,lp_rnd,0.1,1,LP-RND (beta=0.1)
53000,0.111,0.1361132075471698,1.0,68,271,7457,1.2960167644016583e-05,2.0595024361379514e-07,5.123958896899591e-07,3.2552881017699454e-08,0.0004255098011421,2.7062203370706017e-05,9.017758188201696e-05,2.0095515482694283e-06,lp_rnd,0.1,1,LP-RND (beta=0.1)
54000,0.072,0.1349259259259259,1.0,68,271,7529,1.2428616830422672e-05,1.352781654932792e-07,4.2718581501806813e-07,2.8466077724883024e-08,0.0003580751237664,2.3866234211207088e-05,6.966722507786471e-05,1.976419298614473e-06,lp_rnd,0.1,1,LP-RND (beta=0.1)
55000,0.459,0.1408181818181818,1.0,68,271,7988,1.2240729780914554e-05,1.698505906454199e-07,4.836879022758553e-07,1.7527690021099545e-08,0.0004095880616383,1.483658106369351e-05,6.386964732519118e-05,1.99793914799784e-06,lp_rnd,0.1,1,LP-RND (beta=0.1)
56000,0.483,0.1469285714285714,1.0,68,271,8471,1.2295364262281584e-05,2.0661383877898467e-07,4.884141548637346e-07,1.0744520356174109e-08,0.000417346962335,9.170627896853098e-06,6.512218263651448e-05,2.0292220838200598e-06,lp_rnd,0.1,1,LP-RND (beta=0.1)
57000,0.233,0.148438596491228,1.0,68,271,8704,1.1940729396383762e-05,3.455258104608987e-07,4.129003676687779e-07,3.191403505480396e-08,0.000355715018729,2.746836477004216e-05,7.051149701874237e-05,2.0332775403062443e-06,lp_rnd,0.1,1,LP-RND (beta=0.1)
58000,0.292,0.1509137931034482,1.0,68,271,8996,1.1971082302221624e-05,2.171857122168873e-07,4.99079754400268e-07,2.425995454744245e-08,0.0004337833057515,2.109800926163012e-05,4.962116928891192e-05,2.0619389135276834e-06,lp_rnd,0.1,1,LP-RND (beta=0.1)
59000,0.499,0.1568135593220339,1.0,68,271,9495,1.2084316577038736e-05,2.037450381361035e-07,5.01040974773342e-07,1.8842863776720876e-08,0.0004390084157316,1.651115152995493e-05,4.9393942204915217e-05,2.112900573138177e-06,lp_rnd,0.1,1,LP-RND (beta=0.1)
60000,0.435,0.16145,1.0,68,271,9930,1.2075814774807546e-05,1.8870364660910354e-07,4.826908751829773e-07,9.996983535972257e-09,0.0004261923241535,8.837264400429666e-06,4.290222118925158e-05,2.120753733692026e-06,lp_rnd,0.1,1,LP-RND (beta=0.1)
61000,0.159,0.1614098360655737,1.0,68,271,10089,1.1926425000100433e-05,1.7029588927393334e-07,5.632250920242305e-07,6.848755893811257e-08,0.0005013844339133,6.103549627389675e-05,2.791411163980229e-05,2.098836409231808e-06,lp_rnd,0.1,1,LP-RND (beta=0.1)
62000,0.421,0.1655967741935483,1.0,68,271,10510,1.196401018851442e-05,2.2313675661440118e-07,5.136622821910372e-07,3.795007648451311e-08,0.0004610545456514,3.410111994766484e-05,3.0210604322746803e-05,2.126359846840842e-06,lp_rnd,0.1,1,LP-RND (beta=0.1)
63000,0.394,0.1692222222222222,1.0,68,271,10904,1.1928627000180787e-05,2.193334891692288e-07,3.929121680466132e-07,1.709360437867758e-08,0.0003557368738928,1.548805548640512e-05,2.747005470246222e-05,2.1761896625207554e-06,lp_rnd,0.1,1,LP-RND (beta=0.1)
64000,0.409,0.17296875,1.0,68,271,11313,1.1166149754594733e-05,2.350114903629565e-07,4.4822396567059467e-07,5.346695911881497e-08,0.0004090248678817,4.877787918944923e-05,2.717438701711217e-05,2.1697180530964037e-06,lp_rnd,0.1,1,LP-RND (beta=0.1)
65000,0.906,0.1842461538461538,1.0,68,271,12219,1.1556900398254002e-05,2.418465326632321e-07,5.103401083744263e-07,4.134059449377654e-08,0.000469270723827,3.801613699451604e-05,2.7915604776808324e-05,2.2253996232848296e-06,lp_rnd,0.1,1,LP-RND (beta=0.1)
66000,0.387,0.1873181818181818,1.0,68,271,12606,1.1578213602202708e-05,1.5126841934921074e-06,4.534858453083147e-07,1.5053050518239093e-07,0.000420102042914,0.000139419665595,2.3103589770471445e-05,2.3181093897051142e-06,lp_rnd,0.1,1,LP-RND (beta=0.1)
67000,0.055,0.1853432835820895,1.0,68,271,12661,1.1866309159813682e-05,1.1377177867850618e-06,3.174634250833399e-07,2.446390938743323e-07,0.0002961288181729,0.000228650853193,2.168105455712066e-05,2.313413602905712e-06,lp_rnd,0.1,1,LP-RND (beta=0.1)
68000,0.031,0.1830735294117647,1.0,68,271,12692,1.3266580026538575e-05,6.183310524000782e-07,5.537188723880513e-07,6.881424917062355e-08,0.0005196378612273,6.468560041882891e-05,2.3071657053606032e-05,2.24660290899692e-06,lp_rnd,0.1,1,LP-RND (beta=0.1)
69000,0.014,0.1806231884057971,1.0,68,271,12706,1.100207837875392e-05,1.243473896006947e-06,3.8628007002573993e-07,7.231587850877098e-08,0.0003656688011532,6.846575623333123e-05,2.2313912256777255e-05,2.2129713570393506e-06,lp_rnd,0.1,1,LP-RND (beta=0.1)
70000,0.019,0.1783142857142857,1.0,68,271,12725,1.0535417435389e-05,6.112073563119309e-07,5.141204813921113e-07,7.908865072282872e-08,0.0004892282179407,7.545317991597281e-05,2.0230566897680543e-05,2.173307368309452e-06,lp_rnd,0.1,1,LP-RND (beta=0.1)
71000,0.006,0.1758873239436619,1.0,68,271,12731,1.0322797152184648e-05,2.433777562795715e-07,1.1018678378604818e-06,2.628935233423169e-08,0.0010563711566995,2.52845313792575e-05,1.86828406258428e-05,2.1611731518191845e-06,lp_rnd,0.1,1,LP-RND (beta=0.1)
72000,0.007,0.1735416666666666,1.0,68,271,12738,1.2429642343444616e-05,1.0637341316750945e-06,4.657358658732847e-07,2.603146676531258e-07,0.0004504265936278,0.0002520635912143,1.959245787611508e-05,2.1285653670588545e-06,lp_rnd,0.1,1,LP-RND (beta=0.1)
73000,0.014,0.1713561643835616,1.0,68,271,12752,1.4070355031695468e-05,4.1151808549756257e-07,1.2124361806594867e-06,4.246833619410662e-08,0.001183603397905,4.135094028134346e-05,1.9357778639459862e-05,2.091435027409716e-06,lp_rnd,0.1,1,LP-RND (beta=0.1)
74000,0.028,0.1694189189189189,1.0,68,271,12780,1.151706669588748e-05,4.5261553674652454e-07,4.0775996369900125e-07,1.5498103471806278e-07,0.0003995654144312,0.000152240429961,1.8501538011150843e-05,2.113833431508283e-06,lp_rnd,0.1,1,LP-RND (beta=0.1)
75000,0.008,0.1672666666666666,1.0,68,271,12788,1.2486786317822409e-05,5.292243289729692e-07,4.730533191832365e-07,1.749496443270715e-07,0.0004665264191927,0.0001728985793325,1.9681170546391517e-05,2.074993921837631e-06,lp_rnd,0.1,1,LP-RND (beta=0.1)
76000,0.005,0.1651315789473684,1.0,68,271,12793,1.3907319407735486e-05,5.47168529798759e-07,2.158722054446116e-07,1.032162025718555e-07,0.0002146199562568,0.0001026412118849,1.4955127081748287e-05,2.063501786835786e-06,lp_rnd,0.1,1,LP-RND (beta=0.1)
77000,0.005,0.163051948051948,1.0,68,271,12798,1.217091630678624e-05,3.8020617815600324e-07,6.408597982954234e-07,1.0818394971191533e-07,0.0006401167596987,0.0001083406855206,1.3977972727388989e-05,1.992742924699087e-06,lp_rnd,0.1,1,LP-RND (beta=0.1)
78000,0.005,0.161025641025641,1.0,68,271,12803,1.0980391198245343e-05,5.584958244137157e-07,4.04117236030288e-07,1.1185981073719573e-07,0.000406525841767,0.0001126527869977,1.5825671531274566e-05,1.967378253368679e-06,lp_rnd,0.1,1,LP-RND (beta=0.1)
79000,0.005,0.1590506329113924,1.0,68,271,12808,8.666447320138104e-06,5.713617535982863e-07,4.556083695206326e-07,9.876342969893365e-08,0.0004613294663187,9.999363407049246e-05,1.0388676986053724e-05,1.9689415855737025e-06,lp_rnd,0.1,1,LP-RND (beta=0.1)
80000,0.029,0.157425,1.0,68,271,12837,1.1027011576766983e-05,6.561668998433109e-07,4.212312480125673e-07,9.548526696271761e-08,0.0004288486740665,9.735062683131034e-05,1.6911653302258856e-05,1.9259797226141016e-06,lp_rnd,0.1,1,LP-RND (beta=0.1)
81000,0.083,0.1565061728395061,1.0,68,271,12920,1.252289015369515e-05,4.333582298845405e-07,3.2973868480647905e-07,1.7485448803201425e-07,0.0003389048671384,0.0001795317098004,1.2116502489789126e-05,1.90426341885086e-06,lp_rnd,0.1,1,LP-RND (beta=0.1)
82000,0.041,0.1550975609756097,1.0,68,271,12961,1.1659504518941435e-05,5.35538402436562e-07,4.825475094193967e-07,8.664213644070591e-08,0.0004974612726413,8.950611191619973e-05,1.4474066452976332e-05,1.8931091768763508e-06,lp_rnd,0.1,1,LP-RND (beta=0.1)
83000,0.02,0.1534698795180722,1.0,68,271,12981,1.0004304181165935e-05,5.843800839043314e-07,2.7551773200684694e-07,1.1614975834643176e-07,0.0002855324281091,0.0001206367846867,1.5873996221216657e-05,1.8157788902612992e-06,lp_rnd,0.1,1,LP-RND (beta=0.1)
84000,0.027,0.1519642857142857,1.0,68,271,13008,1.009561492537614e-05,8.223800856122503e-07,3.508787105804206e-07,1.5147428620534106e-07,0.0003663928829498,0.000158346524969,1.3578530135418988e-05,1.8406154603667343e-06,lp_rnd,0.1,1,LP-RND (beta=0.1)
85000,0.005,0.150235294117647,1.0,68,271,13013,9.112395036936504e-06,2.653415091613375e-07,0.0,6.016480672549312e-08,0.0,6.318635122121696e-05,1.0513554448266403e-05,1.7868111453367418e-06,lp_rnd,0.1,1,LP-RND (beta=0.1)
86000,0.011,0.1486162790697674,1.0,68,271,13024,1.1187695360025495e-05,7.824368529604823e-07,6.119241168727801e-07,7.120090236039677e-08,0.0006453900170301,7.517121183524631e-05,1.320341639734579e-05,1.7450833304621938e-06,lp_rnd,0.1,1,LP-RND (beta=0.1)
87000,0.005,0.1469655172413793,1.0,68,271,13029,1.33134082716424e-05,3.534713452258368e-07,2.9447255656123163e-08,1.7096024612500007e-08,3.1357956321373794e-05,1.8177312612877637e-05,1.0129613716117093e-05,1.7689014510438028e-06,lp_rnd,0.1,1,LP-RND (beta=0.1)
88000,0.022,0.1455454545454545,1.0,68,271,13051,1.0386059412584556e-05,3.164406247601284e-07,2.3410488707172175e-07,5.904389363888664e-08,0.0002502098388763,6.312651290189956e-05,8.011911553353457e-06,1.7561311436793403e-06,lp_rnd,0.1,1,LP-RND (beta=0.1)
89000,0.007,0.1439887640449438,1.0,68,271,13058,1.1964373178281157e-05,3.3982001925651524e-07,3.15459146804642e-07,3.871690489391449e-08,0.0003390275380482,4.161184461449071e-05,7.440519997089722e-06,1.7460767259649402e-06,lp_rnd,0.1,1,LP-RND (beta=0.1)
90000,0.259,0.1452666666666666,1.0,68,271,13317,1.1704525458997831e-05,4.356222366761988e-07,6.556681236076892e-07,6.385586030973751e-08,0.0007091947095812,6.904093992418925e-05,6.668190870186663e-06,1.7453885497502598e-06,lp_rnd,0.1,1,LP-RND (beta=0.1)
91000,0.319,0.1471758241758241,1.0,68,271,13636,1.0681627934495608e-05,1.689871837254637e-07,5.081973837167251e-07,4.9572264609422656e-08,0.0005522605683885,5.383980417164372e-05,7.211879841975133e-06,1.7929906039739762e-06,lp_rnd,0.1,1,LP-RND (beta=0.1)
92000,0.673,0.152891304347826,1.0,68,271,14309,1.0906120137993966e-05,5.103691593707055e-07,4.370345165529673e-07,4.9604711786348414e-08,0.0004775676360273,5.423516585842591e-05,5.6451486101423146e-06,1.860655859331928e-06,lp_rnd,0.1,1,LP-RND (beta=0.1)
93000,0.529,0.1569354838709677,1.0,68,271,14838,1.0736467561701658e-05,7.908070720462366e-07,5.282894328876094e-07,1.0827199958111165e-07,0.000580621469198,0.0001189447135599,6.5871152921772594e-06,1.9662955775743286e-06,lp_rnd,0.1,1,LP-RND (beta=0.1)
94000,0.216,0.157563829787234,1.0,68,271,15054,1.0450037685224609e-05,2.0362935092305707e-07,5.014551744706195e-07,1.6863373183112145e-08,0.0005544039889359,1.8624365622629967e-05,8.352304032200663e-06,2.0062808774241604e-06,lp_rnd,0.1,1,LP-RND (beta=0.1)
95000,0.052,0.1564526315789473,1.0,68,271,15106,1.0454580485831964e-05,9.484557539464496e-07,4.985794598374364e-07,9.668466540460221e-08,0.0005530843874248,0.0001074618513758,7.063666300837212e-06,2.038587379217916e-06,lp_rnd,0.1,1,LP-RND (beta=0.1)
96000,0.077,0.155625,1.0,68,271,15183,9.624878173356107e-06,4.162619793713386e-07,5.84674687054864e-07,1.1643228614637481e-07,0.0006527939733179,0.0001299410795474,6.442986265938089e-06,2.0258980470657663e-06,lp_rnd,0.1,1,LP-RND (beta=0.1)
97000,0.047,0.1545051546391752,1.0,68,271,15230,9.604009556688713e-06,1.3152340172093488e-06,5.214274870981016e-07,1.4587068385562081e-07,0.0005853843301291,0.000163676440672,3.4401226580484945e-06,2.0136477646133244e-06,lp_rnd,0.1,1,LP-RND (beta=0.1)
98000,0.049,0.1534285714285714,1.0,68,271,15279,9.776674158608644e-06,2.241476158106902e-07,5.824494369984937e-07,4.91444886496142e-08,0.000656860055165,5.5414145013800015e-05,3.417750173014156e-06,1.9667895286374915e-06,lp_rnd,0.1,1,LP-RND (beta=0.1)
99000,0.132,0.1532121212121212,1.0,68,271,15411,9.644523157531337e-06,1.3000578739501617e-07,3.313536415754987e-07,4.3221331848911994e-08,0.000375396256441,4.898363555705298e-05,3.267046612165814e-06,1.955149815728419e-06,lp_rnd,0.1,1,LP-RND (beta=0.1)
100000,0.034,0.15202,1.0,68,271,15445,9.733734767745343e-06,2.5945006726794144e-07,4.834670803307637e-07,5.480518213625072e-08,0.0005504655791247,6.243481694107291e-05,4.176634871157603e-06,1.8741253074381348e-06,lp_rnd,0.1,1,LP-RND (beta=0.1)
1000,0.135,0.135,0.7352941176470589,50,169,281,0.0077525682367936,0.0074542634689782,0.0,0.0,0.0,0.0,0.0014521640259772,0.0074830818921327,lp_rnd,0.1,2,LP-RND (beta=0.1)
2000,0.158,0.1465,0.7647058823529411,52,193,462,0.000748218298662,0.0003793438996449,0.0068734112443237,0.006940452838228,2.685882490717377,2.61616571574637,0.0092930504085961,0.0004068400991091,lp_rnd,0.1,2,LP-RND (beta=0.1)
3000,0.112,0.135,0.7941176470588235,54,204,585,0.0001155526899115,5.099987459167088e-05,2.7536090426240533e-05,2.2214043926257405e-05,0.0079917824221546,0.0064578876018978,0.0088835696890018,4.4144066285298325e-05,lp_rnd,0.1,2,LP-RND (beta=0.1)
4000,0.069,0.1185,0.8235294117647058,56,211,661,7.527795740157751e-05,2.2061616705951017e-05,1.434603644525666e-05,7.63217037221203e-06,0.0045731998999417,0.0024167237485474,0.0081681328606791,2.3793301586010784e-05,lp_rnd,0.1,2,LP-RND (beta=0.1)
5000,0.111,0.117,0.8235294117647058,56,211,772,5.31114824830716e-05,1.2232289917733523e-05,7.009709660705339e-06,3.5270357701232533e-06,0.002414212185983,0.0012197410256495,0.0073609973993152,1.4916758001163545e-05,lp_rnd,0.1,2,LP-RND (beta=0.1)
6000,0.145,0.1216666666666666,0.8235294117647058,56,211,917,4.245874620994136e-05,3.901833872798668e-06,4.920923072796572e-06,1.2530095062026027e-06,0.0018313125956111,0.0004651389973742,0.0064584334709215,1.031986362340831e-05,lp_rnd,0.1,2,LP-RND (beta=0.1)
7000,0.151,0.1258571428571428,0.8235294117647058,56,214,1071,3.523477445791563e-05,8.773286401174145e-06,3.8612596780760985e-06,9.4611798252857e-07,0.0015335842423146,0.0003725735899601,0.0060490385330049,8.10537734855643e-06,lp_rnd,0.1,2,LP-RND (beta=0.1)
8000,0.071,0.119,0.9705882352941176,66,257,1183,3.072140678879395e-05,2.9344033436507936e-05,1.4120822169401512e-06,5.002227244356185e-06,0.0005860945556278,0.0021125172482279,0.0052383289239369,7.668476707749505e-06,lp_rnd,0.1,2,LP-RND (beta=0.1)
9000,0.212,0.1293333333333333,0.9705882352941176,66,257,1395,2.890676624993607e-05,3.7234040876939655e-06,2.1732754969391707e-06,3.4303942092332e-07,0.0009659362879384,0.0001511621511584,0.0048693493138998,7.195525444330997e-06,lp_rnd,0.1,2,LP-RND (beta=0.1)
10000,0.134,0.1298,0.9705882352941176,66,257,1529,2.5734135136583823e-05,5.406972193400148e-06,1.454322629607345e-06,9.855793717060364e-07,0.0006734224991595,0.0004600229116585,0.0044089711919659,6.117443670063949e-06,lp_rnd,0.1,2,LP-RND (beta=0.1)
11000,0.163,0.1328181818181818,0.9705882352941176,66,259,1694,2.426427517389269e-05,7.712839760914618e-06,1.4427273610658212e-06,5.562444320586472e-07,0.0006989475986331,0.0002666295743628,0.0040339021941181,5.710603842544515e-06,lp_rnd,0.1,2,LP-RND (beta=0.1)
12000,0.204,0.13875,0.9705882352941176,66,261,1900,2.2631874411244472e-05,4.8221143232366105e-06,1.2416701249058663e-06,5.175598592602821e-07,0.0006278249385886,0.0002625696075473,0.0036453077342594,5.049277454872936e-06,lp_rnd,0.1,2,LP-RND (beta=0.1)
13000,0.299,0.151076923076923,0.9705882352941176,66,261,2199,2.1831431512811016e-05,1.9892336278760303e-06,1.036018610067189e-06,2.2709548358914923e-07,0.0005420547392574,0.0001195129070986,0.0034652164611034,4.863215802515697e-06,lp_rnd,0.1,2,LP-RND (beta=0.1)
14000,0.398,0.1687142857142857,0.9705882352941176,66,261,2597,2.1221017207942017e-05,8.381289444146295e-07,1.0433444611718832e-06,1.7618977278989347e-07,0.0005674160483494,9.56262153715832e-05,0.0031424303040257,4.719086981140208e-06,lp_rnd,0.1,2,LP-RND (beta=0.1)
15000,0.312,0.1782666666666666,0.9705882352941176,66,261,2909,2.02970250452148e-05,1.0422406062741169e-06,1.0526741279229614e-06,1.3809241791406305e-07,0.0005893708112528,7.763892996102532e-05,0.0029603538442752,4.642899206601215e-06,lp_rnd,0.1,2,LP-RND (beta=0.1)
16000,0.274,0.18425,0.9705882352941176,66,261,3183,1.8556883509000416e-05,1.0957125558830694e-06,8.22463864203008e-07,1.146943081042172e-07,0.0004757205788738,6.650053519452106e-05,0.0028727871951705,4.426626402050715e-06,lp_rnd,0.1,2,LP-RND (beta=0.1)
17000,0.272,0.1894117647058823,0.9705882352941176,66,261,3455,1.8010607305996018e-05,8.670482875652771e-07,8.938280285854168e-07,6.362755724008086e-08,0.0005340690623649,3.77951331789696e-05,0.0027768503166444,4.280141531012305e-06,lp_rnd,0.1,2,LP-RND (beta=0.1)
18000,0.373,0.1996111111111111,0.9705882352941176,66,261,3828,1.8277001984109e-05,4.799144400540476e-07,8.827928065912375e-07,3.871044992829382e-08,0.000541167851078,2.3747428411549367e-05,0.0025191138906811,4.2482380505362015e-06,lp_rnd,0.1,2,LP-RND (beta=0.1)
19000,0.326,0.2062631578947368,0.9705882352941176,66,261,4154,1.6624938525024077e-05,5.001042088750085e-07,7.431149772694049e-07,5.193645974877222e-08,0.0004668154549424,3.2719947692196924e-05,0.0022902081815118,4.23314590773316e-06,lp_rnd,0.1,2,LP-RND (beta=0.1)
20000,0.332,0.21255,0.9705882352941176,66,261,4486,1.5845192947436082e-05,6.028889465476892e-07,7.437560194068874e-07,6.533869673119797e-08,0.0004805311319843,4.204782184927781e-05,0.0022939037896576,4.1531550770059765e-06,lp_rnd,0.1,2,LP-RND (beta=0.1)
21000,0.314,0.2173809523809523,0.9705882352941176,66,261,4800,1.6031305087299942e-05,8.689318829690715e-07,6.798073471168643e-07,4.371003286950176e-08,0.0004477174825172,2.892912128998455e-05,0.0022274520350038,4.0838505146894025e-06,lp_rnd,0.1,2,LP-RND (beta=0.1)
22000,0.258,0.2192272727272727,0.9705882352941176,66,261,5058,1.6898543351068606e-05,6.135539607254612e-07,7.463799908529568e-07,2.653269656693161e-08,0.0005048134291191,1.7909871201530246e-05,0.0020023537869274,3.968520982198242e-06,lp_rnd,0.1,2,LP-RND (beta=0.1)
23000,0.354,0.2250869565217391,0.9705882352941176,66,261,5412,1.51315989402414e-05,5.244657332299582e-07,7.26169547835453e-07,5.206052233821446e-08,0.0005010466717718,3.5914826248128925e-05,0.0020394128070911,3.960425143077373e-06,lp_rnd,0.1,2,LP-RND (beta=0.1)
24000,0.24,0.2257083333333333,1.0,68,268,5658,1.4782366304189052e-05,4.253236627053301e-06,5.892184200699072e-07,1.1966160638739833e-07,0.0004156269524318,8.383895108915384e-05,0.0019117286515247,3.930736262532264e-06,lp_rnd,0.1,2,LP-RND (beta=0.1)
25000,0.122,0.22156,1.0,68,268,5780,1.4803591888207326e-05,3.062034605211274e-06,5.925026724697567e-07,2.5889307700327024e-07,0.0004257964820572,0.000186289431548,0.0019188736249052,3.882790733200636e-06,lp_rnd,0.1,2,LP-RND (beta=0.1)
26000,0.223,0.2216153846153846,1.0,68,268,6003,1.4109129411091526e-05,9.378916857884236e-07,6.88662556776069e-07,9.783337127866752e-08,0.0005061798584708,7.152996690540134e-05,0.0017292618567298,3.778221130005477e-06,lp_rnd,0.1,2,LP-RND (beta=0.1)
27000,0.289,0.2241111111111111,1.0,68,268,6292,1.4472495112540449e-05,6.62529927158882e-07,5.515432402556625e-07,2.589526850177351e-08,0.0004118845399233,1.930494500425392e-05,0.0017779321707203,3.683586751549228e-06,lp_rnd,0.1,2,LP-RND (beta=0.1)
28000,0.053,0.218,1.0,68,268,6345,1.3330544788914269e-05,1.311052345424924e-06,5.707134166512779e-07,1.320230318235863e-07,0.0004359191409484,0.0001004084094112,0.0017092625126097,3.627026474532613e-06,lp_rnd,0.1,2,LP-RND (beta=0.1)
29000,0.066,0.2127586206896551,1.0,68,268,6411,1.2876506623411622e-05,6.268111084315521e-07,4.947355660767767e-07,9.266745498761741e-08,0.0003813244029672,7.160808636556917e-05,0.0016504527142678,3.4383267229713964e-06,lp_rnd,0.1,2,LP-RND (beta=0.1)
30000,0.065,0.2078333333333333,1.0,68,270,6477,1.3445016730446903e-05,3.294911514712523e-06,6.167240126859934e-07,2.20623332774556e-07,0.0004847093413643,0.000173464889784,0.0015644312976364,3.3853739990945543e-06,lp_rnd,0.1,2,LP-RND (beta=0.1)
31000,0.069,0.2033548387096774,1.0,68,270,6546,1.4442041948063558e-05,9.949764973716992e-07,6.77833780344741e-07,1.020181389257697e-07,0.0005411877568248,8.139975103726229e-05,0.001610522611998,3.2951093021438284e-06,lp_rnd,0.1,2,LP-RND (beta=0.1)
32000,0.149,0.20165625,1.0,68,271,6696,1.3317737066306213e-05,2.6625938380652127e-06,4.517264459225515e-07,2.0933731198367467e-07,0.000366713557368,0.0001693922520254,0.0015350931273642,3.2018466328054277e-06,lp_rnd,0.1,2,LP-RND (beta=0.1)
33000,0.04,0.1967575757575757,1.0,68,271,6736,1.2483279567732095e-05,1.9138325011954413e-06,3.515510229590291e-07,1.987145681188925e-07,0.000289366996876,0.0001638031244643,0.0014664191703777,3.1664948660363736e-06,lp_rnd,0.1,2,LP-RND (beta=0.1)
34000,0.072,0.1930882352941176,1.0,68,271,6808,1.251946750042205e-05,4.021076500812993e-07,5.895078692851207e-07,7.722637297463124e-08,0.0004934237922324,6.455290875028951e-05,0.0015117509630945,3.054285460166284e-06,lp_rnd,0.1,2,LP-RND (beta=0.1)
35000,0.074,0.1896857142857143,1.0,68,271,6882,1.2264648689410564e-05,1.346485582955636e-06,7.019794437026674e-07,1.6390183019869993e-07,0.0005938767957452,0.0001390828694043,0.0014316469007171,2.9549465314175904e-06,lp_rnd,0.1,2,LP-RND (beta=0.1)
36000,0.059,0.1860555555555555,1.0,68,271,6941,1.3010958971759556e-05,4.401404963125459e-07,6.723076478658063e-07,2.6652826851203772e-08,0.0005776181179942,2.29020348240105e-05,0.0014170670812745,2.878362310866578e-06,lp_rnd,0.1,2,LP-RND (beta=0.1)
37000,0.029,0.1818108108108108,1.0,68,271,6970,1.3641537579728876e-05,1.4548293055001166e-06,8.173301937168962e-07,8.63152316876005e-08,0.0007119651466712,7.539952227932135e-05,0.0014613779776555,2.797238149696568e-06,lp_rnd,0.1,2,LP-RND (beta=0.1)
38000,0.009,0.1772631578947368,1.0,68,271,6979,1.0130688274835444e-05,5.634596108649621e-07,5.82773383131199e-07,4.5385525559097065e-08,0.0005146189108953,4.00789152954251e-05,0.0014234220720245,2.695391330576058e-06,lp_rnd,0.1,2,LP-RND (beta=0.1)
39000,0.012,0.173025641025641,1.0,68,271,6991,1.081620359855151e-05,6.472138877159492e-07,3.093258177007859e-07,1.265185180840479e-07,0.0002770878210731,0.0001132250222114,0.0013709113915101,2.6192005799430263e-06,lp_rnd,0.1,2,LP-RND (beta=0.1)
40000,0.007,0.168875,1.0,68,271,6998,9.570637757860824e-06,7.10906676436286e-07,4.031715304466031e-07,1.226733696278369e-07,0.0003636721291661,0.0001111202863487,0.0013754767642094,2.5584294071450133e-06,lp_rnd,0.1,2,LP-RND (beta=0.1)
41000,0.012,0.1650487804878048,1.0,68,271,7010,1.2382908797311153e-05,1.1374343317616468e-06,6.559837023208578e-07,1.1676903890415559e-07,0.0006024736904502,0.0001070956204173,0.0012923250812455,2.4740094096387112e-06,lp_rnd,0.1,2,LP-RND (beta=0.1)
42000,0.009,0.1613333333333333,1.0,68,271,7019,9.684928196899516e-06,1.3003001630128642e-06,6.837624116289792e-07,9.549356343145369e-08,0.0006336410077822,8.84202221683872e-05,0.0012074585447699,2.39167863333023e-06,lp_rnd,0.1,2,LP-RND (beta=0.1)
43000,0.009,0.1577906976744186,1.0,68,271,7028,9.644022561082642e-06,1.220798731812952e-06,1.4870773965311753e-07,2.1582623296394013e-07,0.0001397918456988,0.0002026004292682,0.0012836182622268,2.353070975857463e-06,lp_rnd,0.1,2,LP-RND (beta=0.1)
44000,0.005,0.1543181818181818,1.0,68,271,7033,1.0656434824340977e-05,9.5978493208202e-07,4.6697896323166797e-07,1.919448184627465e-07,0.0004435899463734,0.0001821537767775,0.0012132450970239,2.267277904081766e-06,lp_rnd,0.1,2,LP-RND (beta=0.1)
45000,0.005,0.151,1.0,68,271,7038,9.078000766749028e-06,5.323634934470007e-07,1.9406725186854602e-07,4.8668148065246727e-08,0.0001860671253017,4.6738706157286005e-05,0.0011082519382835,2.238308358357699e-06,lp_rnd,0.1,2,LP-RND (beta=0.1)
46000,0.035,0.1484782608695652,1.0,68,271,7073,1.114804534673957e-05,6.218210468923786e-07,4.608938070305157e-07,8.995818574060418e-08,0.0004465782667183,8.738639737605428e-05,0.0010523791739251,2.127515527831747e-06,lp_rnd,0.1,2,LP-RND (beta=0.1)
47000,0.013,0.145595744680851,1.0,68,271,7086,1.0029724937619623e-05,6.980161877351901e-07,1.829106482686117e-07,1.576037231456163e-07,0.0001793035634356,0.0001545951365655,0.0010950807109111,2.103313824591169e-06,lp_rnd,0.1,2,LP-RND (beta=0.1)
48000,0.009,0.14275,1.0,68,271,7095,8.306478927503727e-06,4.31599046471781e-07,3.864087274349812e-07,1.27001520346811e-07,0.0003826713525715,0.0001258198385975,0.0011094491965923,2.032706716533994e-06,lp_rnd,0.1,2,LP-RND (beta=0.1)
49000,0.039,0.1406326530612245,1.0,68,271,7134,1.228963879512799e-05,4.991266537145435e-07,7.320658695766141e-07,6.971815606177546e-08,0.0007327674068056,6.978165897573184e-05,0.0009864824273245,2.008659947932756e-06,lp_rnd,0.1,2,LP-RND (beta=0.1)
50000,0.04,0.13862,1.0,68,271,7174,1.034822921610612e-05,1.9373431667431738e-07,4.86255112264189e-07,2.1099016456194165e-08,0.0004921393138422,2.132063076999635e-05,0.0009799844600784,1.9413576991382795e-06,lp_rnd,0.1,2,LP-RND (beta=0.1)
51000,0.066,0.1371960784313725,1.0,68,271,7240,9.842913021367911e-06,1.5767305657065904e-07,5.478685841698087e-07,1.4271731312327169e-08,0.0005587730449758,1.4566465991588604e-05,0.0009414919006667,1.887073706711817e-06,lp_rnd,0.1,2,LP-RND (beta=0.1)
52000,0.03,0.1351346153846153,1.0,68,271,7270,1.0755884265260344e-05,2.379279704573597e-07,4.383768252106772e-07,1.0571040404082026e-08,0.0004515769191233,1.0877518087487565e-05,0.000415978150424,1.8664105850234592e-06,lp_rnd,0.1,2,LP-RND (beta=0.1)
53000,0.044,0.1334150943396226,1.0,68,271,7314,1.017937880864007e-05,1.570857797906875e-07,3.142476171805439e-07,8.579158103592938e-09,0.0003262959254656,8.94678888814984e-06,8.507919075418613e-05,1.8141337067731912e-06,lp_rnd,0.1,2,LP-RND (beta=0.1)
54000,0.035,0.1315925925925926,1.0,68,271,7349,1.0672895067338166e-05,1.4002050811293868e-07,4.607370101439301e-07,1.2884721874816685e-08,0.0004815655990627,1.3535298690139623e-05,7.291186394286342e-05,1.7854031747788211e-06,lp_rnd,0.1,2,LP-RND (beta=0.1)
55000,0.008,0.1293454545454545,1.0,68,271,7357,1.0546113458076434e-05,1.331045753329913e-07,3.407262170185277e-07,3.106441584253066e-09,0.0003605256165647,3.289817686813595e-06,5.955081776664884e-05,1.7574216919626903e-06,lp_rnd,0.1,2,LP-RND (beta=0.1)
56000,0.075,0.128375,1.0,68,271,7432,1.0213458505556144e-05,5.050323193475723e-07,3.98286556446692e-07,8.248142927721198e-08,0.0004252108759296,8.820795805558477e-05,6.141299495357088e-05,1.6913145883563628e-06,lp_rnd,0.1,2,LP-RND (beta=0.1)
57000,0.026,0.126578947368421,1.0,68,271,7458,1.2236386877562976e-05,2.359459551105393e-07,3.269777397900516e-07,7.497042124134366e-08,0.0003518379291876,8.077537017775866e-05,5.434633684944856e-05,1.6977707982164248e-06,lp_rnd,0.1,2,LP-RND (beta=0.1)
58000,0.03,0.1249137931034482,1.0,68,271,7488,1.0249998498087128e-05,3.286054141169608e-07,5.21755600857432e-07,3.6076828533048015e-08,0.0005675651552372,3.92590483147819e-05,5.128658589637781e-05,1.652768476503752e-06,lp_rnd,0.1,2,LP-RND (beta=0.1)
59000,0.042,0.1235084745762711,1.0,68,271,7530,1.0759286072113484e-05,1.985572992704883e-07,3.295127239003445e-07,4.23313917363953e-08,0.0003604119989736,4.647975259511023e-05,4.09818661587451e-05,1.6110406315306136e-06,lp_rnd,0.1,2,LP-RND (beta=0.1)
60000,0.103,0.1231666666666666,1.0,68,271,7633,1.2496614522868327e-05,2.448814730124251e-07,6.48533033791396e-07,3.3712857882770395e-08,0.000716955345715,3.730894844910878e-05,4.0263949697873616e-05,1.566975191764186e-06,lp_rnd,0.1,2,LP-RND (beta=0.1)
61000,0.093,0.1226721311475409,1.0,68,271,7726,1.1232238800099973e-05,2.582875416385553e-07,4.682833605329506e-07,1.4478627061700732e-08,0.0005218094069199,1.6112647844321548e-05,3.798800191316332e-05,1.53173047982591e-06,lp_rnd,0.1,2,LP-RND (beta=0.1)
62000,0.169,0.1234193548387096,1.0,68,271,7895,1.224700164135281e-05,4.093377387154391e-07,4.571283219096984e-07,3.2438203399215566e-08,0.0005135329979461,3.650958713784129e-05,3.368073303181518e-05,1.5081147323598995e-06,lp_rnd,0.1,2,LP-RND (beta=0.1)
63000,0.09,0.1228888888888889,1.0,68,271,7985,1.2041329298679354e-05,3.601903723092294e-07,5.100491307530319e-07,6.83242741016644e-08,0.000577205117664,7.739692318862078e-05,3.474744187224132e-05,1.481424388657615e-06,lp_rnd,0.1,2,LP-RND (beta=0.1)
64000,0.047,0.121703125,1.0,68,271,8032,1.209742832214304e-05,1.0619304306221338e-06,5.221208897289235e-07,6.85342313388642e-08,0.000596586013834,7.80965098291012e-05,2.9485929578640933e-05,1.3946766891876904e-06,lp_rnd,0.1,2,LP-RND (beta=0.1)
65000,0.008,0.1199538461538461,1.0,68,271,8040,1.1913644641481367e-05,4.811157006481915e-07,3.1162431923803524e-07,8.39800754063206e-08,0.0003576801844539,9.679212174523917e-05,3.483950677809844e-05,1.3099382897223675e-06,lp_rnd,0.1,2,LP-RND (beta=0.1)
66000,0.013,0.1183333333333333,1.0,68,271,8053,1.1618708500603903e-05,3.629319655047209e-07,3.796708544821461e-07,4.129516027834127e-08,0.0004405936036579,4.782604468724821e-05,2.515085807590367e-05,1.2672119566445873e-06,lp_rnd,0.1,2,LP-RND (beta=0.1)
67000,0.027,0.1169701492537313,1.0,68,271,8080,1.0500432314007344e-05,2.0535927887421874e-07,3.6212097458903577e-07,1.5499975999057592e-08,0.0004221090866447,1.8094188116456403e-05,2.6838979680178452e-05,1.2283141353748306e-06,lp_rnd,0.1,2,LP-RND (beta=0.1)
68000,0.317,0.1199117647058823,1.0,68,271,8397,1.1268158732204524e-05,1.1993567651567486e-07,5.51317874885949e-07,1.9042099871535256e-08,0.0006487804829755,2.238221625852637e-05,3.644488558984449e-05,1.1378817980585151e-06,lp_rnd,0.1,2,LP-RND (beta=0.1)
69000,0.028,0.1185797101449275,1.0,68,271,8425,1.1682720404288764e-05,6.357183560217596e-07,3.2739386110084266e-07,7.007568440106719e-08,0.0003868042005882,8.313929914416544e-05,2.529123642761988e-05,1.1255083927039778e-06,lp_rnd,0.1,2,LP-RND (beta=0.1)
70000,0.016,0.1171142857142857,1.0,68,271,8441,9.974383402777676e-06,4.053487299275706e-07,4.0557841884947276e-07,4.418430490859021e-08,0.0004839283223173,5.276376542690649e-05,2.1862388195813763e-05,1.0568109685067385e-06,lp_rnd,0.1,2,LP-RND (beta=0.1)
71000,0.024,0.1158028169014084,1.0,68,271,8465,1.071968010061634e-05,2.376187243999649e-07,4.7131777591857837e-07,2.8156522328618008e-08,0.0005665406951543,3.388889347006236e-05,2.9222449208191392e-05,9.771694049049985e-07,lp_rnd,0.1,2,LP-RND (beta=0.1)
72000,0.017,0.1144305555555555,1.0,68,271,8482,1.064686132261105e-05,3.144078901549217e-07,8.309498298331164e-07,1.507817056111085e-08,0.0010037179178478,1.8240057036640996e-05,1.864330124612934e-05,9.248103275609764e-07,lp_rnd,0.1,2,LP-RND (beta=0.1)
73000,0.012,0.1130273972602739,1.0,68,271,8494,1.1115739615282411e-05,9.935623397017596e-07,3.705002503314366e-07,2.959865868982311e-07,0.0004509061026286,0.0003614203211542,2.818549174799045e-05,8.48141592136642e-07,lp_rnd,0.1,2,LP-RND (beta=0.1)
74000,0.005,0.1115675675675675,1.0,68,271,8499,6.986042626522248e-06,1.254704337586805e-07,4.1783141568885195e-07,1.2018870751348204e-08,0.0005123766894739,1.4750038625956362e-05,1.576695116159499e-05,7.945227578005642e-07,lp_rnd,0.1,2,LP-RND (beta=0.1)
75000,0.013,0.1102533333333333,1.0,68,271,8512,1.2852175971672226e-05,2.1876555847627678e-07,6.742671198131015e-07,1.037472487961933e-07,0.0008317830540586,0.000128134637226,2.511096264788648e-05,7.550944857115383e-07,lp_rnd,0.1,2,LP-RND (beta=0.1)
76000,0.026,0.1091447368421052,1.0,68,271,8538,1.2514737048919556e-05,6.047507394333041e-07,3.648886796816861e-07,1.2158604969106602e-07,0.0004536403613608,0.0001512429891347,1.554584031691775e-05,7.323567757566707e-07,lp_rnd,0.1,2,LP-RND (beta=0.1)
77000,0.034,0.1081688311688311,1.0,68,271,8572,1.2093531094090876e-05,3.140798234585106e-07,5.229752760522601e-07,4.0393996788818586e-08,0.0006530299618249,5.05465992739864e-05,2.7580716038301036e-05,6.692632341867011e-07,lp_rnd,0.1,2,LP-RND (beta=0.1)
78000,0.006,0.1068589743589743,1.0,68,271,8578,8.349887896959748e-06,2.954164866623164e-07,4.048620212415699e-07,6.863594918438714e-08,0.0005090693451308,8.654862051883762e-05,1.3416300135986604e-05,6.447691235678121e-07,lp_rnd,0.1,2,LP-RND (beta=0.1)
79000,0.005,0.1055696202531645,1.0,68,271,8583,6.559209305123659e-06,3.856184019570117e-07,6.7940163717139516e-09,3.9876985831780086e-08,8.582861224923628e-06,5.048616354449752e-05,1.7925429232263924e-05,6.122859866621866e-07,lp_rnd,0.1,2,LP-RND (beta=0.1)
80000,0.006,0.104325,1.0,68,271,8589,8.56237261359638e-06,1.4628621227308238e-07,3.9289511732931725e-07,2.9319907408727564e-08,0.0005008270514625,3.739822275795912e-05,1.7024616825267457e-05,5.9011449580737e-07,lp_rnd,0.1,2,LP-RND (beta=0.1)
81000,0.011,0.1031728395061728,1.0,68,271,8600,7.467888157076562e-06,5.744545022999802e-07,5.628031761840578e-07,5.02870932931964e-08,0.0007220987127752,6.460348423344127e-05,1.4643302429931284e-05,5.829454620354113e-07,lp_rnd,0.1,2,LP-RND (beta=0.1)
82000,0.011,0.1020487804878048,1.0,68,271,8611,7.734493857986473e-06,1.28381832785346e-07,3.462912859090879e-07,1.8314709527856992e-08,0.0004457951468868,2.363938796583305e-05,1.1671525309907338e-05,5.543084565005074e-07,lp_rnd,0.1,2,LP-RND (beta=0.1)
83000,0.122,0.102289156626506,1.0,68,271,8733,1.0481592355182465e-05,4.225388107599153e-07,4.212922405832749e-07,8.506173541286885e-08,0.0005474233827903,0.0001105460000003,8.648059694905897e-06,5.391110303065716e-07,lp_rnd,0.1,2,LP-RND (beta=0.1)
84000,0.061,0.101797619047619,1.0,68,271,8794,1.0653036035185575e-05,4.154659666258638e-07,3.4768564158885506e-07,3.126891170082847e-08,0.0004532561995697,4.089533668419143e-05,1.626788027397197e-05,5.27286604764754e-07,lp_rnd,0.1,2,LP-RND (beta=0.1)
85000,0.091,0.1016705882352941,1.0,68,271,8885,1.170930162625954e-05,7.95650972447582e-07,3.624128751923038e-07,3.602057173224773e-07,0.0004761651010074,0.000473730076437,6.053150533432472e-06,5.450102438757653e-07,lp_rnd,0.1,2,LP-RND (beta=0.1)
86000,0.209,0.1029186046511627,1.0,68,271,9094,1.1025160174366294e-05,2.9229700178458805e-07,4.193626773050283e-07,3.211049882514764e-08,0.0005535626723576,4.246177991288491e-05,9.265534389896856e-06,5.763998754417799e-07,lp_rnd,0.1,2,LP-RND (beta=0.1)
87000,0.046,0.1022643678160919,1.0,68,271,9140,1.0838706598208418e-05,3.129407629170032e-07,3.57450566614558e-07,5.0530923050789376e-08,0.0004755699123409,6.713287497254896e-05,6.407133695120137e-06,5.702892927388347e-07,lp_rnd,0.1,2,LP-RND (beta=0.1)
88000,0.039,0.1015454545454545,1.0,68,271,9179,9.814728762135835e-06,1.4861682156257445e-07,3.808189807713438e-07,1.5306755335078092e-08,0.0005080920592855,2.0470774859443277e-05,7.38771608166644e-06,5.741275766055765e-07,lp_rnd,0.1,2,LP-RND (beta=0.1)
89000,0.018,0.1006067415730337,1.0,68,271,9197,8.854090045436655e-06,1.461100337799236e-07,2.625845480805664e-07,2.9537626858113557e-08,0.0003529275508823,3.973638748043357e-05,5.521857083408576e-06,5.560589969064722e-07,lp_rnd,0.1,2,LP-RND (beta=0.1)
90000,0.023,0.0997444444444444,1.0,68,271,9220,9.859178807464955e-06,1.3924005953149464e-07,4.469500550919253e-07,1.942241524667348e-08,0.0006043773927639,2.6262678324094147e-05,5.048608308015901e-06,5.632828873061157e-07,lp_rnd,0.1,2,LP-RND (beta=0.1)
91000,0.066,0.0993736263736263,1.0,68,271,9286,1.0371962582322531e-05,2.507725716923183e-07,4.320043058903662e-07,9.891328631726552e-09,0.0005871948377458,1.3446732948996446e-05,7.550328370825809e-06,5.746136913344913e-07,lp_rnd,0.1,2,LP-RND (beta=0.1)
92000,0.014,0.098445652173913,1.0,68,271,9300,7.990287112339242e-06,1.9475725795480098e-07,5.615040338722923e-07,4.729769825288623e-08,0.0007674402548954,6.46658340629181e-05,4.749844179968932e-06,5.611454024716523e-07,lp_rnd,0.1,2,LP-RND (beta=0.1)
93000,0.01,0.0974946236559139,1.0,68,271,9310,1.0040233655672635e-05,2.4913337743051405e-07,7.938279850350227e-07,4.27299786898262e-08,0.0010913837539133,5.8801158304407446e-05,3.1105429445119624e-06,5.785831244793371e-07,lp_rnd,0.1,2,LP-RND (beta=0.1)
94000,0.014,0.0966063829787234,1.0,68,271,9324,9.808926344183938e-06,7.492064998485719e-07,1.2314350377502186e-07,5.4793429217816025e-08,0.0001700981692621,7.574474302953093e-05,5.33158651398935e-06,5.609222061124797e-07,lp_rnd,0.1,2,LP-RND (beta=0.1)
95000,0.014,0.0957368421052631,1.0,68,271,9338,1.0336914540078266e-05,6.11823938307069e-07,6.120926140543556e-07,8.377805724343705e-08,0.0008490371849996,0.0001165115200166,2.650219488913308e-06,5.640512299365241e-07,lp_rnd,0.1,2,LP-RND (beta=0.1)
96000,0.009,0.0948333333333333,1.0,68,271,9347,9.53160209367828e-06,2.2595601321389266e-07,3.425313176800653e-07,1.9633703674632305e-08,0.0004782383585675,2.7418982514018583e-05,3.205304748405524e-06,5.86747846149649e-07,lp_rnd,0.1,2,LP-RND (beta=0.1)
97000,0.026,0.0941237113402061,1.0,68,271,9373,1.324091315906956e-05,4.52894760217867e-07,5.320227781059937e-07,6.06479647884798e-08,0.0007467980906664,8.512220316938713e-05,8.527143500344892e-06,5.72421629328801e-07,lp_rnd,0.1,2,LP-RND (beta=0.1)
98000,0.008,0.0932448979591836,1.0,68,271,9381,1.0990016448886308e-05,4.809081536900772e-07,1.595587377778429e-07,4.504252441279506e-08,0.0002252931572982,6.354121863299048e-05,7.027462424275654e-06,5.775196604673738e-07,lp_rnd,0.1,2,LP-RND (beta=0.1)
99000,0.014,0.0924444444444444,1.0,68,271,9395,1.3790311900915445e-05,4.794311001730666e-07,3.967675833596981e-07,6.164961883701341e-08,0.0005620095160407,8.739682169788283e-05,8.650550040954385e-06,5.843125000950522e-07,lp_rnd,0.1,2,LP-RND (beta=0.1)
100000,0.191,0.09343,1.0,68,271,9586,1.2067574390363502e-05,3.506679852984563e-07,4.794007737754237e-07,3.49951479875135e-08,0.0006828796695248,4.988167397873461e-05,7.607900399079881e-06,6.03748428979145e-07,lp_rnd,0.1,2,LP-RND (beta=0.1)
1000,0.156,0.156,0.5147058823529411,35,119,258,0.0060900552466941,0.0049795021641761,0.0,0.0,0.0,0.0,0.0037887359503656,0.0050926986150443,lp_rnd,0.1,3,LP-RND (beta=0.1)
2000,0.139,0.1475,0.7352941176470589,50,182,453,0.0005341401027298,0.0003316301305206,0.0054953401244962,0.0046724594421533,3.5584596137037465,2.379247838060758,0.0087054416657774,0.0003207098185193,lp_rnd,0.1,3,LP-RND (beta=0.1)
3000,0.139,0.1446666666666666,0.7941176470588235,54,204,614,9.126397841794268e-05,4.62205517038914e-05,3.942054562482534e-05,2.0769844609587948e-05,0.0164646495856837,0.0086526883749002,0.0084896489274688,4.094500195060391e-05,lp_rnd,0.1,3,LP-RND (beta=0.1)
4000,0.1,0.1335,0.7941176470588235,54,208,718,6.296848800047882e-05,2.450260806995175e-05,1.536212472274201e-05,5.166884643459626e-06,0.0070271620222259,0.0023262127850142,0.0076136242579668,2.269766569770581e-05,lp_rnd,0.1,3,LP-RND (beta=0.1)
5000,0.178,0.1424,0.7941176470588235,54,208,896,4.476929160354599e-05,4.511921340088259e-06,7.547735130470612e-06,1.4116819215123231e-06,0.0037412155988228,0.0006992520583429,0.0068048004936426,1.3921356287482925e-05,lp_rnd,0.1,3,LP-RND (beta=0.1)
6000,0.204,0.1526666666666666,0.7941176470588235,54,209,1101,3.614579731327146e-05,9.849057257122068e-06,4.253796029005054e-06,1.351321752501883e-06,0.0022681219832796,0.0007202356296001,0.0059300719967577,1.0008862118411345e-05,lp_rnd,0.1,3,LP-RND (beta=0.1)
7000,0.215,0.1615714285714285,0.9705882352941176,66,246,1350,3.1217157515510376e-05,2.222613180408774e-05,2.4193043848986974e-06,1.8154739792584469e-06,0.0013603977579015,0.0010406047777539,0.0054826724228914,8.574241490805434e-06,lp_rnd,0.1,3,LP-RND (beta=0.1)
8000,0.188,0.164875,0.9852941176470588,67,256,1548,2.679849184789148e-05,8.937735324099962e-06,1.7194893189298457e-06,1.2795961558520037e-06,0.0010350316599136,0.0007810130939858,0.0051138575782533,8.119975033423542e-06,lp_rnd,0.1,3,LP-RND (beta=0.1)
9000,0.161,0.1644444444444444,0.9852941176470588,67,256,1709,2.402426756285557e-05,3.1144000434058927e-06,1.194087199900937e-06,5.528394707996299e-07,0.0007554968367982,0.0003525770775592,0.0046256883512251,7.100475572087817e-06,lp_rnd,0.1,3,LP-RND (beta=0.1)
10000,0.201,0.1681,0.9852941176470588,67,256,1910,2.2834251218562858e-05,1.7457998097504967e-06,1.3668254881967508e-06,3.384867084682907e-07,0.0009119933071866,0.0002273051350342,0.0042629073441494,6.120242871475056e-06,lp_rnd,0.1,3,LP-RND (beta=0.1)
11000,0.283,0.1785454545454545,0.9852941176470588,67,256,2193,2.13931212677737e-05,1.570559269964078e-06,1.0915929066319005e-06,1.3037914059333444e-07,0.0007626567532195,9.0309485263299e-05,0.00407274843927,5.49164882045261e-06,lp_rnd,0.1,3,LP-RND (beta=0.1)
12000,0.245,0.1840833333333333,0.9852941176470588,67,257,2439,2.016097569510897e-05,2.6656631099091485e-06,9.165836672764272e-07,3.206571851299469e-07,0.0006642868064308,0.0002320323721785,0.0036261423094547,5.294098527656388e-06,lp_rnd,0.1,3,LP-RND (beta=0.1)
13000,0.37,0.1983846153846153,0.9852941176470588,67,257,2809,1.996377793664185e-05,1.7106704587508686e-06,1.02000355115239e-06,1.639280130333761e-07,0.0007691016575929,0.0001236222774114,0.0032796208817744,5.010983544707414e-06,lp_rnd,0.1,3,LP-RND (beta=0.1)
14000,0.336,0.2082142857142857,1.0,68,266,3154,1.7954297705035148e-05,5.6511868084041785e-06,8.078517556073382e-07,3.3109548261846605e-07,0.0006292382123187,0.0002597319946428,0.0032638615975738,5.048127862210094e-06,lp_rnd,0.1,3,LP-RND (beta=0.1)
15000,0.276,0.2127333333333333,1.0,68,266,3430,1.7444848695510924e-05,1.890092001918456e-06,9.383327851273994e-07,1.2688948112986634e-07,0.0007593054664344,0.000101629758447,0.0029849030229961,4.935004424282852e-06,lp_rnd,0.1,3,LP-RND (beta=0.1)
16000,0.253,0.21525,1.0,68,266,3683,1.7212429852245016e-05,3.4249178295859217e-06,7.783193935394211e-07,3.869803420775559e-07,0.0006520251594645,0.0003205564207143,0.00295366987749,4.780348800636603e-06,lp_rnd,0.1,3,LP-RND (beta=0.1)
17000,0.203,0.2145294117647058,1.0,68,266,3886,1.6601600590695455e-05,2.0345295953356445e-06,7.808224177881192e-07,1.357106060017764e-07,0.0006710056535076,0.0001155856802979,0.0028590250208508,4.670020786988971e-06,lp_rnd,0.1,3,LP-RND (beta=0.1)
18000,0.456,0.2279444444444444,1.0,68,266,4342,1.6403789469190916e-05,1.3178992249402869e-06,7.020330685280211e-07,1.422063180675667e-07,0.0006163637011079,0.0001259763491151,0.0026843604873865,4.604761782502464e-06,lp_rnd,0.1,3,LP-RND (beta=0.1)
19000,0.193,0.2261052631578947,1.0,68,266,4535,1.5828199350981433e-05,3.719728397652249e-06,5.510318604354636e-07,2.6157044072063645e-07,0.0004972582307699,0.0002366112940765,0.0024860553850885,4.4902845224896735e-06,lp_rnd,0.1,3,LP-RND (beta=0.1)
20000,0.13,0.2213,1.0,68,266,4665,1.6064093184608142e-05,1.7180630516743325e-06,6.381633214074939e-07,1.274951050481048e-07,0.0005899693670367,0.0001184050537773,0.0024426353133167,4.345674114574649e-06,lp_rnd,0.1,3,LP-RND (beta=0.1)
21000,0.073,0.2142380952380952,1.0,68,267,4739,1.5808745296428792e-05,6.985870320310471e-06,7.321298167656482e-07,8.018032755990919e-07,0.0006929364505146,0.0007635430643475,0.0023886136152141,4.241575576315881e-06,lp_rnd,0.1,3,LP-RND (beta=0.1)
22000,0.043,0.2064545454545454,1.0,68,268,4783,1.3707957942790736e-05,5.252496978996908e-06,6.835952855147107e-07,5.261829947109866e-07,0.0006612286351339,0.0005090284962013,0.0023374123373941,4.20876467137532e-06,lp_rnd,0.1,3,LP-RND (beta=0.1)
23000,0.061,0.2001304347826087,1.0,68,269,4845,1.5283836911875684e-05,5.8239030761414935e-06,4.707771428210898e-07,3.22862932237443e-07,0.0004651467973524,0.0003195750590663,0.0023280933860514,4.098089598301158e-06,lp_rnd,0.1,3,LP-RND (beta=0.1)
24000,0.035,0.19325,1.0,68,270,4881,1.3417470641538136e-05,3.238932943295037e-06,8.298336329711934e-07,2.704298355533606e-07,0.000839283578936,0.0002731305393495,0.0022511840174265,3.930578663812412e-06,lp_rnd,0.1,3,LP-RND (beta=0.1)
25000,0.025,0.18652,1.0,68,270,4906,1.3614264098578132e-05,1.2217975195155234e-06,1.1222308239666746e-06,2.408892602800687e-07,0.0011589340029351,0.0002487316045313,0.0020723289555753,3.582519328460876e-06,lp_rnd,0.1,3,LP-RND (beta=0.1)
26000,0.021,0.1801538461538461,1.0,68,270,4927,1.4363634536927011e-05,1.3332045521886277e-06,4.990098161561903e-07,2.067188208520487e-07,0.0005275452256513,0.0002177268395128,0.0018576391108799,3.423180143272475e-06,lp_rnd,0.1,3,LP-RND (beta=0.1)
27000,0.046,0.1751851851851852,1.0,68,270,4973,1.2717656407245238e-05,1.0104456609624625e-06,7.920751198506205e-07,1.6178878357971893e-07,0.0008503644023592,0.0001734692838449,0.0017519206507859,3.2586351104555438e-06,lp_rnd,0.1,3,LP-RND (beta=0.1)
28000,0.102,0.1725714285714285,1.0,68,270,5075,1.5447762123977892e-05,8.609575189080904e-07,5.473978436545141e-07,6.561234363048719e-08,0.0005978037743018,7.170094182248675e-05,0.0016514742387225,3.068435649993262e-06,lp_rnd,0.1,3,LP-RND (beta=0.1)
29000,0.268,0.1758620689655172,1.0,68,270,5343,1.3437915891808555e-05,5.384644799989258e-07,5.612458920298725e-07,8.790695153710723e-08,0.0006233305373044,9.75651053550024e-05,0.0015740305474464,2.997653384227305e-06,lp_rnd,0.1,3,LP-RND (beta=0.1)
30000,0.331,0.1810333333333333,1.0,68,270,5674,1.3911448840934764e-05,5.519712311255239e-07,5.882259102660798e-07,4.855401748821478e-08,0.0006633305581839,5.477583528013535e-05,0.0015531646426534,3.0418365809055104e-06,lp_rnd,0.1,3,LP-RND (beta=0.1)
31000,0.254,0.1833870967741935,1.0,68,270,5928,1.3702864361056434e-05,3.9284904614789275e-07,5.558622218613461e-07,3.934107934150046e-08,0.0006374817502411,4.514003626027762e-05,0.0014893711944168,2.9825227213677863e-06,lp_rnd,0.1,3,LP-RND (beta=0.1)
32000,0.153,0.1824375,1.0,68,270,6081,1.3833695768827216e-05,3.5509383725912335e-07,4.885454639412761e-07,3.3685742193546564e-08,0.0005695083819233,3.926829412167795e-05,0.0013582908448297,2.939936972779833e-06,lp_rnd,0.1,3,LP-RND (beta=0.1)
33000,0.236,0.184060606060606,1.0,68,270,6317,1.4113181098271186e-05,5.156733168876448e-07,5.022050599710398e-07,4.7039585192709624e-08,0.000593443919347,5.56573201185962e-05,0.0013526479095962,2.899113388707519e-06,lp_rnd,0.1,3,LP-RND (beta=0.1)
34000,0.278,0.1868235294117647,1.0,68,270,6595,1.3445122911814238e-05,4.975899453336234e-07,5.599856665854179e-07,8.280779169292583e-08,0.0006712448142857,9.95525500535188e-05,0.0013095361931773,2.8587203312326893e-06,lp_rnd,0.1,3,LP-RND (beta=0.1)
35000,0.632,0.1995428571428571,1.0,68,270,7227,1.2975465598559868e-05,3.676225099987725e-07,4.354294430954666e-07,1.8870754640069574e-08,0.0005298647057386,2.3026636764056887e-05,0.0013087850220617,2.920568150670988e-06,lp_rnd,0.1,3,LP-RND (beta=0.1)
36000,0.428,0.2058888888888889,1.0,68,270,7655,1.2325683328696791e-05,2.692415469998675e-07,5.295865525385185e-07,3.5559043933151685e-08,0.0006540821311494,4.392035242271442e-05,0.0012876883038261,2.987194731531417e-06,lp_rnd,0.1,3,LP-RND (beta=0.1)
37000,0.352,0.2098378378378378,1.0,68,270,8007,1.2119734622925453e-05,2.728465880226567e-07,4.897424242306608e-07,4.5930245779541366e-08,0.0006127467611529,5.7499630252163134e-05,0.0012461225605366,3.0108832560244992e-06,lp_rnd,0.1,3,LP-RND (beta=0.1)
38000,0.517,0.2179210526315789,1.0,68,270,8524,1.2235517548771116e-05,2.9396428230486986e-07,6.068140272146738e-07,9.289542282866733e-09,0.0007695999177398,1.17581676002114e-05,0.001206154230691,3.041047971237276e-06,lp_rnd,0.1,3,LP-RND (beta=0.1)
39000,0.277,0.2194358974358974,1.0,68,270,8801,1.247905898734535e-05,2.807369171617219e-07,4.325877357472242e-07,6.795777504462729e-08,0.0005554320193962,8.729005580263974e-05,0.0011689972931053,3.0669999697465755e-06,lp_rnd,0.1,3,LP-RND (beta=0.1)
40000,0.448,0.22515,1.0,68,270,9249,1.1631793564654508e-05,3.2293973812654975e-07,4.373010880393784e-07,2.4408381428752433e-08,0.0005682054600608,3.175852302814632e-05,0.0011479087073385,3.090550061642716e-06,lp_rnd,0.1,3,LP-RND (beta=0.1)
41000,0.484,0.2314634146341463,1.0,68,270,9733,1.162452025952488e-05,3.398502549077567e-07,4.576417444891264e-07,2.7255923946752374e-08,0.0006018093552664,3.5902767194520026e-05,0.0010694796405587,3.069605339192094e-06,lp_rnd,0.1,3,LP-RND (beta=0.1)
42000,0.421,0.2359761904761904,1.0,68,270,10154,1.1425741244165e-05,3.874605109662289e-07,4.4511165850101197e-07,1.9893721200402853e-08,0.0005923886926165,2.652936179053412e-05,0.0010908932836755,3.101527545027238e-06,lp_rnd,0.1,3,LP-RND (beta=0.1)
43000,0.148,0.2339302325581395,1.0,68,270,10302,1.1786118288664266e-05,4.2155646325190453e-07,3.637714008938339e-07,3.2029008069647646e-08,0.0004899268938782,4.310378214416512e-05,0.001003831359063,3.0781616826516256e-06,lp_rnd,0.1,3,LP-RND (beta=0.1)
44000,0.148,0.2319772727272727,1.0,68,270,10450,1.081266337659808e-05,3.699874472273354e-07,3.710033970369173e-07,3.751565247293089e-08,0.0005054842172831,5.122245575061845e-05,0.0010203509248312,3.0407737543782786e-06,lp_rnd,0.1,3,LP-RND (beta=0.1)
45000,0.106,0.2291777777777777,1.0,68,270,10556,1.166956093035175e-05,1.7547152974884993e-07,2.8926005366231964e-07,9.050659659956172e-09,0.0003987228290364,1.2478306880501493e-05,0.0009914818931138,2.9908835108471974e-06,lp_rnd,0.1,3,LP-RND (beta=0.1)
46000,0.14,0.2272391304347826,1.0,68,270,10696,1.0132242804112528e-05,1.5538951651813898e-07,5.454793998589074e-07,2.201232230910337e-08,0.0007596232642334,3.0671281720771486e-05,0.0009401892217356,2.913535239258636e-06,lp_rnd,0.1,3,LP-RND (beta=0.1)
47000,0.133,0.2252340425531915,1.0,68,270,10829,1.073829570028684e-05,1.8528173862164418e-07,3.2491180902986814e-07,4.752322613249096e-08,0.0004556321305467,6.693603526551989e-05,0.0009759064771351,2.877462619835569e-06,lp_rnd,0.1,3,LP-RND (beta=0.1)
48000,0.042,0.2214166666666666,1.0,68,270,10871,1.1574221443446558e-05,3.712236432832553e-07,4.922577816268174e-07,4.9473111977795466e-08,0.0006999486143899,7.040487338777103e-05,0.0009487769898769,2.822016732011434e-06,lp_rnd,0.1,3,LP-RND (beta=0.1)
49000,0.062,0.2181632653061224,1.0,68,270,10933,1.0165085255251936e-05,4.5961043501754286e-07,2.827983045731784e-07,6.213323145350325e-08,0.0004063908347279,8.934745404021088e-05,0.0008891729487368,2.7219621362064573e-06,lp_rnd,0.1,3,LP-RND (beta=0.1)
50000,0.022,0.21424,1.0,68,270,10955,1.0857105197911467e-05,3.276176407772303e-07,4.112138908980838e-07,4.634277910295615e-08,0.0005971388102347,6.72435575194934e-05,0.00089195111781,2.6734050316008507e-06,lp_rnd,0.1,3,LP-RND (beta=0.1)
51000,0.31,0.2161176470588235,1.0,68,270,11265,1.1043248399243654e-05,3.0834625464982255e-07,5.071356642269342e-07,2.4039903841501496e-08,0.0007437007082105,3.5241202727701925e-05,0.000869677042363,2.635851670675038e-06,lp_rnd,0.1,3,LP-RND (beta=0.1)
52000,0.45,0.2206153846153846,1.0,68,270,11715,1.087539502704102e-05,2.7696096267959545e-07,3.845779353165805e-07,2.0545593548087545e-08,0.0005685295900317,3.045881736206701e-05,0.0003776230545772,2.6675528109763035e-06,lp_rnd,0.1,3,LP-RND (beta=0.1)
53000,0.288,0.2218867924528302,1.0,68,270,12003,1.0847029903023516e-05,4.6917694654213307e-07,3.983464864631969e-07,4.771877630616289e-08,0.0005946940174975,7.148749641187358e-05,8.795430055579345e-05,2.7229084292912377e-06,lp_rnd,0.1,3,LP-RND (beta=0.1)
54000,0.248,0.2223703703703703,1.0,68,270,12251,1.2181068104984016e-05,3.7261921076802325e-07,6.36695664334477e-07,6.763923491280548e-08,0.0009625649349877,0.0001019115410422,7.043889988563024e-05,2.68233962094655e-06,lp_rnd,0.1,3,LP-RND (beta=0.1)
55000,0.04,0.2190545454545454,1.0,68,270,12291,1.2149340795986065e-05,3.70671479184755e-07,5.311654604156501e-07,9.58794549976716e-08,0.0008050903097282,0.0001459867059415,5.427965910803323e-05,2.6555044350971004e-06,lp_rnd,0.1,3,LP-RND (beta=0.1)
56000,0.005,0.2152321428571428,1.0,68,270,12296,1.0171084795729255e-05,8.863021797188782e-07,9.925333870342001e-08,3.7893943971969175e-08,0.0001526182415658,5.825081867576191e-05,5.406105573638342e-05,2.658538933133059e-06,lp_rnd,0.1,3,LP-RND (beta=0.1)
57000,0.007,0.211578947368421,1.0,68,270,12303,1.1667604472417484e-05,5.725703628872921e-07,2.3283207285982958e-07,5.8680775085677196e-08,0.0003615299536391,9.107366813539036e-05,4.4532720672577854e-05,2.5808330295831184e-06,lp_rnd,0.1,3,LP-RND (beta=0.1)
58000,0.026,0.2083793103448276,1.0,68,270,12329,1.0727949477138913e-05,4.78637621087543e-07,2.322475351180541e-07,1.575816928188863e-07,0.0003619402234044,0.0002465567289099,3.776661946176319e-05,2.5013583261852547e-06,lp_rnd,0.1,3,LP-RND (beta=0.1)
59000,0.039,0.2055084745762712,1.0,68,270,12368,1.114235325216074e-05,1.7159065323763422e-07,5.035286122643485e-07,2.0720819333910204e-08,0.0007927569029629,3.262580345763472e-05,3.6444818852942266e-05,2.4596540249604003e-06,lp_rnd,0.1,3,LP-RND (beta=0.1)
60000,0.124,0.20415,1.0,68,270,12492,1.0681853319921732e-05,2.225172378694821e-07,4.501589134428462e-07,3.3720947746954126e-08,0.0007158919238009,5.358341844570155e-05,3.1878599050287445e-05,2.428655257460832e-06,lp_rnd,0.1,3,LP-RND (beta=0.1)
61000,0.032,0.201327868852459,1.0,68,270,12524,1.1119533240844248e-05,4.89418462766945e-07,1.73391811131296e-07,4.143702690064608e-08,0.0002775516322409,6.636336055710913e-05,2.8239388137080824e-05,2.374466149603904e-06,lp_rnd,0.1,3,LP-RND (beta=0.1)
62000,0.117,0.1999677419354838,1.0,68,270,12641,1.054637747486587e-05,1.4419705394899476e-07,3.092445092631204e-07,1.4371184229557932e-08,0.0004998943947294,2.3197169256992263e-05,2.528418803376553e-05,2.28599474053226e-06,lp_rnd,0.1,3,LP-RND (beta=0.1)
63000,0.043,0.1974761904761904,1.0,68,270,12684,1.0974742328767736e-05,3.884460076852824e-07,2.8905918064316044e-07,2.8831782075001564e-08,0.0004699757595778,4.693583691325969e-05,1.5648916020381875e-05,2.24939374868427e-06,lp_rnd,0.1,3,LP-RND (beta=0.1)
64000,0.076,0.195578125,1.0,68,270,12760,1.0654100636106465e-05,6.832854137886828e-07,6.420642110146889e-07,1.419367307746366e-07,0.0010544398818539,0.0002327874452628,1.751163106155218e-05,2.182412922195453e-06,lp_rnd,0.1,3,LP-RND (beta=0.1)
65000,0.023,0.1929230769230769,1.0,68,270,12783,8.26551335510727e-06,6.48212632500541e-07,6.427120277531566e-07,1.6780386411637465e-07,0.0010612783292341,0.0002779374884729,1.314472892977392e-05,2.129871191186794e-06,lp_rnd,0.1,3,LP-RND (beta=0.1)
66000,0.01,0.1901515151515151,1.0,68,270,12793,9.996880544349552e-06,5.334736046817147e-07,3.873905370710418e-07,1.2989526733333444e-07,0.000646049105431,0.0002166138076854,1.6805455171379435e-05,2.068885756727923e-06,lp_rnd,0.1,3,LP-RND (beta=0.1)
67000,0.042,0.1879402985074627,1.0,68,270,12835,9.248691499340653e-06,2.71800835898576e-06,2.959680148792575e-07,1.1395825289179711e-06,0.0004967522832423,0.0019094941397462,1.8548311010818e-05,2.0338174707603683e-06,lp_rnd,0.1,3,LP-RND (beta=0.1)
68000,0.316,0.1898235294117647,1.0,68,270,13151,1.0311311241452983e-05,1.8757128481123576e-06,4.48301025129165e-07,7.972547990987236e-08,0.0007579192127636,0.0001344987947438,2.024841203297001e-05,1.987870684956761e-06,lp_rnd,0.1,3,LP-RND (beta=0.1)
69000,0.063,0.1879855072463768,1.0,68,270,13214,9.98583433852579e-06,2.2741791156886856e-06,3.537800708611954e-07,8.676058275153648e-07,0.0006034110410535,0.001479163237909,1.9499355127209128e-05,1.983092600198688e-06,lp_rnd,0.1,3,LP-RND (beta=0.1)
70000,0.016,0.1855285714285714,1.0,68,270,13230,9.206564087094192e-06,1.9130889744345944e-06,5.036972225980207e-07,3.817484589759825e-07,0.0008629807619143,0.0006556099066266,1.4050074150190997e-05,1.969592087334604e-06,lp_rnd,0.1,3,LP-RND (beta=0.1)
71000,0.017,0.1831549295774648,1.0,68,270,13247,9.523788803027642e-06,2.2698683306739877e-06,1.932086139705087e-07,5.931469145403993e-07,0.0003337038108152,0.0010243246314848,1.6516245706043266e-05,1.923990780767326e-06,lp_rnd,0.1,3,LP-RND (beta=0.1)
72000,0.01,0.18075,1.0,68,270,13257,1.0072424447571394e-05,1.915622458694609e-06,2.549892997194548e-07,7.849160248201081e-07,0.0004425922308945,0.0013666670051131,1.7246312285124078e-05,1.931517044226893e-06,lp_rnd,0.1,3,LP-RND (beta=0.1)
73000,0.014,0.1784657534246575,1.0,68,270,13271,8.675351117355084e-06,8.116292413305965e-07,3.3245815497398977e-07,4.729892040008373e-07,0.0005814105894684,0.0008286255127759,1.5754575645360093e-05,1.8649261728000963e-06,lp_rnd,0.1,3,LP-RND (beta=0.1)
74000,0.012,0.1762162162162162,1.0,68,270,13283,1.0508135119380311e-05,2.223407381906689e-06,3.090429648485345e-07,3.4102947713280416e-07,0.0005441536078818,0.0006019952947912,1.8159785470970747e-05,1.908748382561498e-06,lp_rnd,0.1,3,LP-RND (beta=0.1)
75000,0.02,0.1741333333333333,1.0,68,270,13303,1.067203527327365e-05,9.760069514998447e-07,5.154012114871875e-07,2.0780413322250865e-07,0.0009144143378566,0.0003688827617965,1.2755388096138631e-05,1.8989859203202283e-06,lp_rnd,0.1,3,LP-RND (beta=0.1)
76000,0.014,0.1720263157894737,1.0,68,270,13317,9.641988819047193e-06,6.62529240585366e-07,2.632699046703887e-07,4.0751774530954266e-08,0.0004700661396294,7.272979628519047e-05,1.8477633972224797e-05,1.8496262569556169e-06,lp_rnd,0.1,3,LP-RND (beta=0.1)
77000,0.014,0.1699740259740259,1.0,68,270,13331,9.345319702853366e-06,8.108124017474699e-07,4.697095131892378e-07,1.7455888799511456e-07,0.0008445891304838,0.0003143081131072,9.42540234734679e-06,1.8333324590571463e-06,lp_rnd,0.1,3,LP-RND (beta=0.1)
78000,0.012,0.1679487179487179,1.0,68,270,13343,9.816012417710832e-06,1.3096838614458245e-06,2.3848243320874946e-07,1.8482053457080247e-07,0.0004309273321498,0.0003348781489452,1.4020652152112236e-05,1.8207699366712404e-06,lp_rnd,0.1,3,LP-RND (beta=0.1)
79000,0.01,0.1659493670886076,1.0,68,270,13353,9.829946839090553e-06,1.110738253660799e-06,2.675587893463671e-07,9.891938383292876e-08,0.0004870935344385,0.0001802733001554,1.5068458224050118e-05,1.7814511634810514e-06,lp_rnd,0.1,3,LP-RND (beta=0.1)
80000,0.062,0.16465,1.0,68,270,13415,1.0435287615637794e-05,1.4913896299250955e-06,3.250092885859739e-07,3.601965490072358e-07,0.0005955614057297,0.000660864303628,1.4665213229704932e-05,1.7178840357132686e-06,lp_rnd,0.1,3,LP-RND (beta=0.1)
81000,0.01,0.1627407407407407,1.0,68,270,13425,8.299212549900403e-06,1.2790784808490258e-06,6.712103186146124e-07,4.731791316265282e-07,0.0012366784647391,0.0008728262217826,1.430778918006581e-05,1.633703534423603e-06,lp_rnd,0.1,3,LP-RND (beta=0.1)
82000,0.014,0.1609268292682927,1.0,68,270,13439,1.1341138945551523e-05,1.03497203422339e-06,3.203576203044837e-07,1.3166566490770338e-07,0.0005939631775951,0.0002445670109599,9.948709341983886e-06,1.623651242653068e-06,lp_rnd,0.1,3,LP-RND (beta=0.1)
83000,0.036,0.1594216867469879,1.0,68,270,13475,1.17653831921416e-05,1.748824367533099e-06,3.942993266213711e-07,1.0745154529612591e-06,0.0007352919765513,0.0020082415279794,2.0668897972882405e-05,1.5734744782776034e-06,lp_rnd,0.1,3,LP-RND (beta=0.1)
84000,0.034,0.1579285714285714,1.0,68,270,13509,1.0056567535845234e-05,1.57723470085895e-06,4.054370492667658e-07,6.488611653369116e-07,0.0007602955239931,0.0012187378745243,1.5421820668848342e-05,1.5319258878321308e-06,lp_rnd,0.1,3,LP-RND (beta=0.1)
85000,0.03,0.1564235294117647,1.0,68,270,13539,1.0215942938884836e-05,3.443944873831978e-07,2.397839125478641e-07,4.03021029113067e-08,0.0004525227013112,7.610806736620377e-05,1.1947931659278765e-05,1.4273968358793351e-06,lp_rnd,0.1,3,LP-RND (beta=0.1)
86000,0.008,0.1546976744186046,1.0,68,270,13547,8.893127244391508e-06,7.603245130053644e-07,3.9412037722286186e-07,1.629832635590707e-07,0.0007471817472127,0.0003099362088202,9.397677272318106e-06,1.3171737292907438e-06,lp_rnd,0.1,3,LP-RND (beta=0.1)
87000,0.012,0.1530574712643678,1.0,68,270,13559,9.674471054192203e-06,6.84638961368754e-07,1.644167847795567e-07,9.588969751381857e-08,0.0003142417943473,0.0001832723353293,1.367530563516084e-05,1.2534298089121876e-06,lp_rnd,0.1,3,LP-RND (beta=0.1)
88000,0.033,0.1516931818181818,1.0,68,270,13592,9.5887792144133e-06,5.441264914508895e-07,3.079663022645312e-07,3.0555485736228124e-08,0.0005907640957799,5.872547230196573e-05,1.240116603628394e-05,1.1787233693496546e-06,lp_rnd,0.1,3,LP-RND (beta=0.1)
89000,0.024,0.1502584269662921,1.0,68,270,13616,8.891789207154943e-06,5.154402715429238e-07,4.2030956137750763e-07,8.599745961611998e-08,0.0008118699818223,0.0001662746151373,1.3666670618704302e-05,1.1056289141322395e-06,lp_rnd,0.1,3,LP-RND (beta=0.1)
90000,0.098,0.1496777777777777,1.0,68,270,13714,1.0966716997375312e-05,5.467601596664399e-07,5.680974157127951e-07,7.699629387974319e-08,0.0011036239900825,0.0001496392889186,1.539045339700351e-05,1.0092575182909512e-06,lp_rnd,0.1,3,LP-RND (beta=0.1)
91000,0.051,0.1485934065934065,1.0,68,270,13765,1.0936879129539924e-05,6.270435832527135e-07,4.611783611728564e-07,4.99790086436522e-08,0.0009005980310577,9.754234125142952e-05,9.803119395883186e-06,9.72231500256271e-07,lp_rnd,0.1,3,LP-RND (beta=0.1)
92000,0.018,0.1471739130434782,1.0,68,270,13783,1.1053242221553066e-05,8.036798662568662e-07,7.237005724568412e-07,1.492617585592506e-07,0.0014216317354396,0.0002932103113335,1.0066328793698176e-05,8.945111252529614e-07,lp_rnd,0.1,3,LP-RND (beta=0.1)
93000,0.082,0.1464731182795698,1.0,68,270,13865,1.01119724315983e-05,4.581862289354049e-07,6.408890285678264e-07,8.45157517981334e-08,0.0012678801598468,0.0001669048040603,7.304431688453405e-06,8.522611373535937e-07,lp_rnd,0.1,3,LP-RND (beta=0.1)
94000,0.194,0.1469787234042553,1.0,68,270,14059,1.0079926956330888e-05,2.868939596306286e-07,4.2247768540375517e-07,1.2118347326114e-07,0.0008382799876872,0.0002406813330823,1.2925368636501843e-05,8.467786831829471e-07,lp_rnd,0.1,3,LP-RND (beta=0.1)
95000,0.009,0.1455263157894737,1.0,68,270,14068,8.096361701367035e-06,2.686865806261735e-07,7.083764204354439e-07,4.38723669381582e-08,0.001413204855306,8.7615395514682e-05,9.586626979114498e-06,8.408837378794943e-07,lp_rnd,0.1,3,LP-RND (beta=0.1)
96000,0.064,0.1446770833333333,1.0,68,270,14132,1.0278114807249494e-05,8.641280968500718e-07,3.486225779170127e-07,8.5881502661559e-08,0.0006995830316973,0.0001723942929317,1.0905429426429693e-05,8.430357952562417e-07,lp_rnd,0.1,3,LP-RND (beta=0.1)
97000,0.04,0.1435979381443299,1.0,68,270,14172,9.5836688046802e-06,3.408458464101057e-07,3.797412432504643e-07,6.974834665015215e-08,0.0007654957422294,0.0001407667008826,7.0462520005207806e-06,8.059703234408744e-07,lp_rnd,0.1,3,LP-RND (beta=0.1)
98000,0.367,0.1458775510204081,1.0,68,270,14539,1.0324542396932642e-05,2.547609701810643e-07,3.809222694850693e-07,2.0150514553073032e-08,0.0007720999636695,4.08540237951429e-05,1.219394092731818e-05,8.202024741450486e-07,lp_rnd,0.1,3,LP-RND (beta=0.1)
99000,0.072,0.1451313131313131,1.0,68,270,14611,9.610905117875114e-06,5.19767957540063e-07,4.089904829622053e-07,4.6922029319467364e-08,0.0008339815281218,9.561439088431504e-05,8.274125951857058e-06,8.644843688898618e-07,lp_rnd,0.1,3,LP-RND (beta=0.1)
100000,0.154,0.14522,1.0,68,270,14765,1.0421077408037409e-05,3.423669093034755e-07,4.4682801878728006e-07,4.6214755260921345e-08,0.000915701250677,9.457426988900762e-05,1.342474953440842e-05,8.306869191159195e-07,lp_rnd,0.1,3,LP-RND (beta=0.1)
1000,0.154,0.154,0.5,34,123,258,0.0075162449857679,0.0067774069145427,0.0,0.0,0.0,0.0,0.0026739598251879,0.0069319466128945,lp_rnd,0.1,4,LP-RND (beta=0.1)
2000,0.137,0.1455,0.7058823529411765,48,171,440,0.0007648215653378,0.0003303754335171,0.006584751953364,0.0063045047647681,2.731483687569072,2.551702776276863,0.0093496387452469,0.0003668865538529,lp_rnd,0.1,4,LP-RND (beta=0.1)
3000,0.139,0.1433333333333333,0.75,51,195,602,0.0001034231339244,5.540932733301404e-05,2.9263266422132552e-05,2.4851115524933227e-05,0.009325998755312,0.0079271951397249,0.0087732107951305,3.912287026651029e-05,lp_rnd,0.1,4,LP-RND (beta=0.1)
4000,0.159,0.14725,0.75,51,200,765,5.765456644554239e-05,1.5953718895617018e-05,1.3952991574103564e-05,4.814065508790128e-06,0.0048802388348808,0.001660495912787,0.0076295370671432,2.2195368394022807e-05,lp_rnd,0.1,4,LP-RND (beta=0.1)
5000,0.149,0.1476,0.8088235294117647,55,216,930,4.517878615971258e-05,1.643773919190116e-05,5.488682327512339e-06,3.095368289268609e-06,0.0020510013142148,0.0011773964716543,0.0067404208355583,1.4060850137866507e-05,lp_rnd,0.1,4,LP-RND (beta=0.1)
6000,0.166,0.1506666666666666,0.8088235294117647,55,216,1096,3.579802416359335e-05,1.190255657461808e-05,3.392565117956768e-06,2.6229590766632305e-06,0.001371918279328,0.0010739093648573,0.0060452589474152,1.0766729324586777e-05,lp_rnd,0.1,4,LP-RND (beta=0.1)
7000,0.148,0.1502857142857142,0.9264705882352942,63,244,1270,3.015662956214156e-05,1.7899283931998558e-05,2.6769425428053205e-06,2.199493294284727e-06,0.0011561417355989,0.0009597450435939,0.0055032664466416,9.147443286110502e-06,lp_rnd,0.1,4,LP-RND (beta=0.1)
8000,0.109,0.145125,0.9264705882352942,63,244,1379,2.652486437667853e-05,1.0642401051485117e-05,2.1885129622581046e-06,2.746106482252219e-06,0.0010073263025437,0.001266463800853,0.0051441943357931,8.180134930853455e-06,lp_rnd,0.1,4,LP-RND (beta=0.1)
9000,0.132,0.1436666666666666,0.9264705882352942,63,244,1511,2.530045991410258e-05,4.014567815785643e-06,1.340431791421989e-06,8.116263029439139e-07,0.0006460197338734,0.0003970957413055,0.0048733447154518,6.7811269445883225e-06,lp_rnd,0.1,4,LP-RND (beta=0.1)
10000,0.198,0.1491,0.9264705882352942,63,244,1709,2.373223261394852e-05,1.077747691302118e-06,1.2662654130095192e-06,1.5744171588395057e-07,0.0006431992335595,7.981271645502146e-05,0.0045563792104367,5.784289692655876e-06,lp_rnd,0.1,4,LP-RND (beta=0.1)
11000,0.283,0.1612727272727272,0.9264705882352942,63,244,1992,2.154153497050357e-05,8.00266307249082e-07,1.3136853472020744e-06,1.390781113606693e-07,0.0006975896494027,7.44735922092094e-05,0.0040729859077255,5.0918666634061085e-06,lp_rnd,0.1,4,LP-RND (beta=0.1)
12000,0.203,0.16475,0.9264705882352942,63,244,2195,2.0458264289521457e-05,1.225940414236237e-06,1.0860164316739253e-06,1.9003993073968114e-07,0.0006004817005048,0.0001051378295825,0.0035558680651593,4.766370608422221e-06,lp_rnd,0.1,4,LP-RND (beta=0.1)
13000,0.177,0.1656923076923077,0.9264705882352942,63,244,2372,1.9613187233429885e-05,1.6806574501225482e-06,1.203928098678102e-06,2.1946256609495202e-07,0.0006915318556215,0.000125895473341,0.0034011976969195,4.36854141207732e-06,lp_rnd,0.1,4,LP-RND (beta=0.1)
14000,0.125,0.1627857142857142,0.9264705882352942,63,244,2497,1.8506438442273063e-05,1.5268434842060483e-06,7.493443263228983e-07,1.4826908485637046e-07,0.0004463588577335,8.771539396020321e-05,0.0031433601272874,4.033331280538732e-06,lp_rnd,0.1,4,LP-RND (beta=0.1)
15000,0.224,0.1668666666666666,0.9264705882352942,63,244,2721,1.87255074572639e-05,1.1087555470126484e-06,9.558288565715754e-07,9.344852076575297e-08,0.0005872267418976,5.748088650205912e-05,0.0028254144944949,3.82625830775396e-06,lp_rnd,0.1,4,LP-RND (beta=0.1)
16000,0.203,0.169125,0.9264705882352942,63,244,2924,1.7732043257915773e-05,5.204043599395294e-07,7.617754482036501e-07,7.16364394621203e-08,0.0004818521359627,4.559768459653712e-05,0.0028076403753948,3.6955242347858073e-06,lp_rnd,0.1,4,LP-RND (beta=0.1)
17000,0.297,0.1766470588235294,0.9264705882352942,63,244,3221,1.7637163860664482e-05,3.566174557275275e-07,7.890859479486381e-07,2.4703133113928243e-08,0.0005160772023434,1.6094464153599018e-05,0.0024473911311943,3.5405872228011505e-06,lp_rnd,0.1,4,LP-RND (beta=0.1)
18000,0.273,0.182,0.9264705882352942,63,244,3494,1.6244636285908188e-05,3.744799945973981e-07,9.31314597380814e-07,6.331851100293204e-08,0.0006242392595061,4.239966322821836e-05,0.002351673237601,3.5158469432872157e-06,lp_rnd,0.1,4,LP-RND (beta=0.1)
19000,0.225,0.1842631578947368,0.9264705882352942,63,244,3719,1.573791830297624e-05,8.570929138375417e-07,8.948104570865528e-07,7.033247343205432e-08,0.0006157144214094,4.840611334463274e-05,0.0022518602477211,3.380552083172006e-06,lp_rnd,0.1,4,LP-RND (beta=0.1)
20000,0.356,0.19285,0.9264705882352942,63,244,4075,1.5936826737365e-05,3.282102611112395e-07,6.158343163160987e-07,2.7672759763454342e-08,0.000434252883349,1.9552754382058525e-05,0.0020734267001098,3.4212163899383084e-06,lp_rnd,0.1,4,LP-RND (beta=0.1)
21000,0.186,0.1925238095238095,0.9264705882352942,63,244,4261,1.5002018051413332e-05,2.9785323452321057e-07,8.321087510119723e-07,7.167002331167588e-08,0.000602303261672,5.18822138903175e-05,0.001912516305776,3.3179859760821272e-06,lp_rnd,0.1,4,LP-RND (beta=0.1)
22000,0.16,0.1910454545454545,0.9264705882352942,63,244,4421,1.5016155455782609e-05,1.0422430392255576e-06,5.461191477706962e-07,1.0220116671685479e-07,0.0004041131155414,7.555105972021885e-05,0.0019078910001408,3.222880349596835e-06,lp_rnd,0.1,4,LP-RND (beta=0.1)
23000,0.242,0.1932608695652174,0.9264705882352942,63,244,4663,1.4175096279254193e-05,5.121744399969005e-07,6.402291817285606e-07,4.57524981301789e-08,0.000482647106165,3.4545095118690047e-05,0.0018415654135897,3.17755321441382e-06,lp_rnd,0.1,4,LP-RND (beta=0.1)
24000,0.187,0.193,0.9264705882352942,63,244,4850,1.372092208810422e-05,2.0045342837576938e-07,6.982681831059526e-07,3.447453223316748e-08,0.0005385594846221,2.656151964078102e-05,0.0017024268800159,3.068780953640271e-06,lp_rnd,0.1,4,LP-RND (beta=0.1)
25000,0.168,0.192,0.9264705882352942,63,244,5018,1.3998606459067342e-05,4.4069615769458073e-07,6.77685434203297e-07,6.280091867905979e-08,0.0005316370283074,4.940851671471166e-05,0.0015991996570664,2.9803837347799343e-06,lp_rnd,0.1,4,LP-RND (beta=0.1)
26000,0.2,0.1923076923076923,0.9705882352941176,66,256,5230,1.2971285812000132e-05,9.52665500136618e-06,5.905052285015699e-07,5.078606381125894e-07,0.0004751882287864,0.0004073109368181,0.0016470664984226,3.042424413365552e-06,lp_rnd,0.1,4,LP-RND (beta=0.1)
27000,0.134,0.1901481481481481,0.9852941176470588,67,260,5368,1.3322430100715928e-05,2.6333177178216686e-06,4.755372832624377e-07,1.9058809757281066e-07,0.000388123478012,0.0001551142178172,0.0015246932561276,3.072076340572494e-06,lp_rnd,0.1,4,LP-RND (beta=0.1)
28000,0.119,0.1876071428571428,1.0,68,263,5490,1.3287881703196465e-05,2.23121588537072e-06,5.34595188628755e-07,1.1283014178104428e-07,0.0004451892018276,9.390950160846784e-05,0.0014491054733371,2.9669889834167407e-06,lp_rnd,0.1,4,LP-RND (beta=0.1)
29000,0.205,0.1882068965517241,1.0,68,263,5695,1.280812266708292e-05,2.684708329749679e-07,4.92844983676971e-07,2.9809019775832054e-08,0.0004175756065521,2.5168069536961608e-05,0.0014252028491027,2.882506714399824e-06,lp_rnd,0.1,4,LP-RND (beta=0.1)
30000,0.161,0.1873,1.0,68,263,5856,1.2202721969199205e-05,6.987223643915943e-07,5.871569053128923e-07,6.651171016304828e-08,0.0005051631820436,5.721209878617596e-05,0.0013928766996104,2.829317507803353e-06,lp_rnd,0.1,4,LP-RND (beta=0.1)
31000,0.063,0.1832903225806451,1.0,68,263,5919,1.2894544946152204e-05,5.042797009330035e-07,5.920312885012078e-07,4.843873858592998e-08,0.0005152834921699,4.234843747264184e-05,0.0013581448977201,2.738635836351477e-06,lp_rnd,0.1,4,LP-RND (beta=0.1)
32000,0.107,0.18090625,1.0,68,263,6026,1.310219817513885e-05,3.732113769571941e-07,4.799569970286216e-07,3.790435687507816e-08,0.0004262105473013,3.361171335951703e-05,0.0012166789382827,2.6302654708274533e-06,lp_rnd,0.1,4,LP-RND (beta=0.1)
33000,0.019,0.176,1.0,68,263,6045,1.2890171211964975e-05,4.35972191295652e-07,4.200206891063748e-07,4.9809169538696646e-08,0.0003762847372026,4.484884181604935e-05,0.0013082286961653,2.593909584561516e-06,lp_rnd,0.1,4,LP-RND (beta=0.1)
34000,0.071,0.1729117647058823,1.0,68,263,6116,1.1924091793357356e-05,3.642787110207504e-07,5.574026199354475e-07,5.282821556167141e-08,0.0005092556417304,4.827551629172612e-05,0.0012580356851976,2.453814177783897e-06,lp_rnd,0.1,4,LP-RND (beta=0.1)
35000,0.042,0.1691714285714285,1.0,68,263,6158,1.3238010924829896e-05,3.1309793233782425e-07,6.143848709360186e-07,3.59201042206655e-08,0.0005707509084877,3.3275275497529794e-05,0.0012869648662453,2.35835144627572e-06,lp_rnd,0.1,4,LP-RND (beta=0.1)
36000,0.135,0.1682222222222222,1.0,68,263,6293,1.2657747285831848e-05,2.588608633394386e-07,4.761315688449907e-07,1.511426079680812e-08,0.0004473092677858,1.421654822093616e-05,0.0011913178557006,2.3359763987400585e-06,lp_rnd,0.1,4,LP-RND (beta=0.1)
37000,0.124,0.167027027027027,1.0,68,263,6417,1.1982267467154148e-05,2.3604560913289185e-07,4.682929579024448e-07,4.16700610739427e-08,0.0004462262988626,3.970280302206474e-05,0.0011514106930553,2.2541084832710117e-06,lp_rnd,0.1,4,LP-RND (beta=0.1)
38000,0.117,0.1657105263157894,1.0,68,263,6534,1.1349294736568963e-05,3.037756776976491e-07,4.450474227626876e-07,2.7304938348099534e-08,0.0004300530002121,2.637809798751406e-05,0.001173105641712,2.199510525713322e-06,lp_rnd,0.1,4,LP-RND (beta=0.1)
39000,0.181,0.1661025641025641,1.0,68,263,6715,1.1860304887338027e-05,2.59669962734196e-07,5.516731986836775e-07,5.040242709481644e-08,0.0005385539159042,4.930787060497069e-05,0.0010789591984867,2.1930621811065976e-06,lp_rnd,0.1,4,LP-RND (beta=0.1)
40000,0.217,0.167375,1.0,68,263,6932,1.1960657793930749e-05,2.2412765329824387e-07,4.691534305254506e-07,9.489383136404712e-08,0.0004645548799385,9.391654283766764e-05,0.0010681149784759,2.1977222576197163e-06,lp_rnd,0.1,4,LP-RND (beta=0.1)
41000,0.291,0.170390243902439,1.0,68,263,7223,1.1109794220678897e-05,1.794319694036048e-07,5.778091506045584e-07,2.36304875532392e-08,0.0005795837306665,2.366552289365474e-05,0.0010311043768087,2.135927142944638e-06,lp_rnd,0.1,4,LP-RND (beta=0.1)
42000,0.174,0.1704761904761904,1.0,68,263,7397,1.1544940621624635e-05,1.8641584830637007e-07,4.37848433617107e-07,4.300320685395234e-08,0.0004437777712644,4.361832180686804e-05,0.0010377635196055,2.190956155573076e-06,lp_rnd,0.1,4,LP-RND (beta=0.1)
43000,0.069,0.1681162790697674,1.0,68,263,7466,1.1278041295989407e-05,1.4968185311384245e-07,3.587691329206185e-07,9.718145112362224e-09,0.0003682703768387,9.964290307718023e-06,0.0009992759310043,2.120147569598885e-06,lp_rnd,0.1,4,LP-RND (beta=0.1)
44000,0.154,0.1677954545454545,1.0,68,263,7620,1.1128919710812058e-05,2.1845777407903597e-07,3.96392269149973e-07,2.725798062703767e-08,0.0004106962516903,2.825580746464884e-05,0.0009757011520923,2.0804714687301382e-06,lp_rnd,0.1,4,LP-RND (beta=0.1)
45000,0.286,0.1704222222222222,1.0,68,263,7906,1.0938253669362868e-05,1.428482407991568e-07,3.702871214312569e-07,3.656575849080868e-08,0.0003884594419426,3.837572355993785e-05,0.0009239347369366,2.0995809176724835e-06,lp_rnd,0.1,4,LP-RND (beta=0.1)
46000,0.113,0.1691739130434782,1.0,68,263,8019,1.1430826989695092e-05,1.781487040341751e-07,6.444745375007284e-07,9.031213877706106e-09,0.000684053087033,9.581054266334407e-06,0.0009287523524471,2.068471166523977e-06,lp_rnd,0.1,4,LP-RND (beta=0.1)
47000,0.385,0.1737659574468085,1.0,68,263,8404,1.0441594474298642e-05,1.74276862227122e-07,3.361345132763344e-07,1.6373815373118138e-08,0.0003601271579447,1.755911202856463e-05,0.0008782965206919,2.097071436821807e-06,lp_rnd,0.1,4,LP-RND (beta=0.1)
48000,0.603,0.1827083333333333,1.0,68,263,9007,1.0530757875509382e-05,1.8325330246263562e-07,4.403938872511959e-07,3.5125225806599116e-08,0.0004767044557516,3.807953285032439e-05,0.0009200753822296,2.121647089779799e-06,lp_rnd,0.1,4,LP-RND (beta=0.1)
49000,0.851,0.1963469387755102,1.0,68,263,9858,1.033813105785095e-05,1.8568231075008065e-07,4.659044662590589e-07,2.5148825125295648e-08,0.0005098123510164,2.757307982659432e-05,0.0008898418861899,2.254680285716404e-06,lp_rnd,0.1,4,LP-RND (beta=0.1)
50000,0.684,0.2061,1.0,68,263,10542,1.0187272021989112e-05,1.6691939298555013e-07,4.845340326911137e-07,8.49794025078131e-08,0.0005357569935172,9.389863668935278e-05,0.000838925821743,2.280108363549971e-06,lp_rnd,0.1,4,LP-RND (beta=0.1)
51000,0.341,0.2087450980392156,1.0,68,263,10883,1.0237760696466005e-05,1.788030312581433e-07,4.587163044172346e-07,3.1428338745841035e-08,0.0005119121340714,3.507948138396908e-05,0.0007798453178293,2.3810193239910405e-06,lp_rnd,0.1,4,LP-RND (beta=0.1)
52000,0.427,0.2129423076923076,1.0,68,263,11310,1.0201465463028856e-05,1.867754596073697e-07,4.669694782882101e-07,1.0890336023315794e-08,0.0005266446145869,1.226468773526728e-05,0.0003661399922602,2.406402732844981e-06,lp_rnd,0.1,4,LP-RND (beta=0.1)
53000,0.889,0.2256981132075471,1.0,68,263,12199,9.89547839034201e-06,1.845790009084496e-07,5.250827476758543e-07,5.341879824169024e-08,0.0005973613053088,6.080014351625162e-05,5.616064205241855e-05,2.468718896466271e-06,lp_rnd,0.1,4,LP-RND (beta=0.1)
54000,0.784,0.236037037037037,1.0,68,263,12983,9.941650679470326e-06,1.652868626164958e-07,4.141315546998418e-07,1.9111765207450545e-08,0.0004757150086411,2.1955288262347368e-05,3.841973286034773e-05,2.581888948100186e-06,lp_rnd,0.1,4,LP-RND (beta=0.1)
55000,0.722,0.2448727272727272,1.0,68,263,13705,9.973012577831969e-06,2.0545352139961587e-07,4.5012507490252053e-07,1.206986293485531e-08,0.0005213973925019,1.398510565173906e-05,4.014577668931452e-05,2.6489665325470923e-06,lp_rnd,0.1,4,LP-RND (beta=0.1)
56000,0.289,0.2456607142857143,1.0,68,263,13994,9.966123496105927e-06,2.576633294424668e-07,3.555836487079288e-07,1.0578483039684464e-08,0.0004152965997445,1.2389299304188448e-05,2.4220804697506537e-05,2.6773898267720143e-06,lp_rnd,0.1,4,LP-RND (beta=0.1)
57000,0.418,0.2486842105263157,1.0,68,263,14412,9.642758285057051e-06,2.152934684473782e-07,5.008938805376732e-07,1.161178548198182e-08,0.0005909362657704,1.3699918213286288e-05,2.37021364409884e-05,2.7226124350363533e-06,lp_rnd,0.1,4,LP-RND (beta=0.1)
58000,0.071,0.2456206896551724,1.0,68,263,14483,9.99703628699087e-06,2.066132844605553e-07,4.006003724549681e-07,9.592754000304266e-09,0.0004762501648151,1.1402410311252533e-05,2.1380902824603253e-05,2.6598913492534848e-06,lp_rnd,0.1,4,LP-RND (beta=0.1)
59000,0.124,0.2435593220338983,1.0,68,263,14607,9.91380439304081e-06,1.8491765500472733e-07,3.908396923091665e-07,9.8553750690532e-09,0.0004685145480508,1.182359845795051e-05,1.5784038287165457e-05,2.639892444449288e-06,lp_rnd,0.1,4,LP-RND (beta=0.1)
60000,0.445,0.2469166666666666,1.0,68,263,15052,9.924356349524152e-06,1.9639905659503075e-07,3.125899383213549e-07,1.9865484597454552e-08,0.0003784555187802,2.4033705440430983e-05,1.1424870521295817e-05,2.656906414358673e-06,lp_rnd,0.1,4,LP-RND (beta=0.1)
61000,0.55,0.2518852459016393,1.0,68,263,15602,9.76498666494246e-06,2.5702158168883215e-07,3.631563628335822e-07,2.5848501492317964e-08,0.0004428525272254,3.15493702870922e-05,1.2259942031505488e-05,2.676759095379566e-06,lp_rnd,0.1,4,LP-RND (beta=0.1)
62000,0.714,0.2593387096774193,1.0,68,263,16316,9.842278887101269e-06,9.346887959187352e-07,3.9797294216530683e-07,9.710550826839069e-08,0.0004894974924211,0.0001192771590516,1.057981723351986e-05,2.719932258855806e-06,lp_rnd,0.1,4,LP-RND (beta=0.1)
63000,0.124,0.2571904761904762,1.0,68,263,16440,9.39503369071674e-06,5.884955783406645e-07,5.045426112173441e-07,1.287299844154319e-07,0.0006264167793376,0.0001598198267681,1.2602437719124282e-05,2.7545118704210835e-06,lp_rnd,0.1,4,LP-RND (beta=0.1)
64000,0.167,0.25578125,1.0,68,263,16607,8.900487593379155e-06,2.2906440661659766e-06,3.649831728716618e-07,5.23285093395709e-07,0.0004558914143453,0.0006550003559338,7.349220686137414e-06,2.746721488165349e-06,lp_rnd,0.1,4,LP-RND (beta=0.1)
65000,0.238,0.2555076923076923,1.0,68,263,16845,9.323849223214548e-06,3.481200276333272e-07,3.423487741958464e-07,3.533857902717378e-08,0.0004314819971968,4.4389078116880346e-05,6.300095995584343e-06,2.705430559899469e-06,lp_rnd,0.1,4,LP-RND (beta=0.1)
66000,0.105,0.2532272727272727,1.0,68,263,16950,9.429129594147006e-06,1.413072616624151e-07,3.644116358849542e-07,3.7763025114135264e-09,0.0004621269858869,4.79044528600376e-06,7.56195508233759e-06,2.691841455884969e-06,lp_rnd,0.1,4,LP-RND (beta=0.1)
67000,0.055,0.2502686567164179,1.0,68,263,17005,9.474029713435975e-06,2.644368596639308e-07,2.911299650970084e-07,7.302619885962409e-08,0.0003719695490576,9.340007150672312e-05,5.605679289715226e-06,2.65403108380724e-06,lp_rnd,0.1,4,LP-RND (beta=0.1)
68000,0.033,0.2470735294117647,1.0,68,263,17038,8.129071478503068e-06,1.2483130859384796e-06,2.4441913575918245e-07,1.488201334492018e-07,0.0003138859259814,0.0001916150255175,6.967229757037785e-06,2.599790802150892e-06,lp_rnd,0.1,4,LP-RND (beta=0.1)
69000,0.029,0.2439130434782608,1.0,68,263,17067,8.327825949452055e-06,4.525309496840606e-07,5.760323268798951e-07,3.5223633295384394e-08,0.000745938777465,4.5679254529540986e-05,4.410582058540058e-06,2.558499412430137e-06,lp_rnd,0.1,4,LP-RND (beta=0.1)
70000,0.058,0.2412571428571428,1.0,68,263,17125,9.445521990183523e-06,8.369711014521902e-07,2.67064941563776e-07,7.816872297079772e-08,0.0003487250982928,0.0001021925432337,4.603197893175093e-06,2.504865262721978e-06,lp_rnd,0.1,4,LP-RND (beta=0.1)
71000,0.747,0.2483802816901408,1.0,68,263,17872,9.044336446112303e-06,1.7531581445422917e-07,3.941528367935172e-07,3.917186737999864e-08,0.0005185464562843,5.142368410086437e-05,5.673966805829878e-06,2.5059848045430046e-06,lp_rnd,0.1,4,LP-RND (beta=0.1)
72000,0.315,0.2493055555555555,1.0,68,263,18187,9.060643225662744e-06,2.3965496135394e-07,3.376117756632748e-07,1.0302859233397481e-08,0.0004473121284544,1.3642385749863024e-05,4.263732128492848e-06,2.5746645767412702e-06,lp_rnd,0.1,4,LP-RND (beta=0.1)
73000,0.486,0.2525479452054794,1.0,68,263,18673,8.927551761780892e-06,3.546774906766912e-07,3.730722316388372e-07,3.1279539035014563e-08,0.0004978119670408,4.169765216067327e-05,4.154781031559196e-06,2.5818434372695262e-06,lp_rnd,0.1,4,LP-RND (beta=0.1)
74000,0.666,0.2581351351351351,1.0,68,263,19339,8.826753215699838e-06,4.077699411291559e-07,4.313401845351322e-07,4.3209648745273554e-08,0.0005789556936637,5.811208105669695e-05,4.121583531969008e-06,2.6625147672802995e-06,lp_rnd,0.1,4,LP-RND (beta=0.1)
75000,0.5,0.26136,1.0,68,263,19839,8.9838567064362e-06,3.897588637826743e-06,3.217257026335574e-07,3.077869337175798e-08,0.0004352883267124,4.149813019167018e-05,4.908074068907808e-06,2.729148274625004e-06,lp_rnd,0.1,4,LP-RND (beta=0.1)
76000,0.076,0.2589210526315789,1.0,68,264,19915,8.680336392037708e-06,9.807302006947792e-06,3.276694362859034e-07,3.0755066332885226e-06,0.0004453863478495,0.004191445344311,3.1399516648775715e-06,2.7411168963453745e-06,lp_rnd,0.1,4,LP-RND (beta=0.1)
77000,0.64,0.2638701298701298,1.0,68,264,20555,8.696416028541875e-06,8.418182845520366e-06,2.992071269858343e-07,1.943280535717425e-06,0.0004100038186683,0.0026558818816608,3.796713670737972e-06,2.7931697294434344e-06,lp_rnd,0.1,4,LP-RND (beta=0.1)
78000,0.258,0.2637948717948718,1.0,68,265,20813,8.36512081309064e-06,4.933199737123683e-06,3.1043702017276974e-07,1.0046234252063542e-06,0.0004274246536616,0.0013864005473115,3.8605856544791096e-06,2.8616189008516813e-06,lp_rnd,0.1,4,LP-RND (beta=0.1)
79000,0.211,0.263126582278481,1.0,68,265,21024,8.661813364459105e-06,1.0994129223804572e-06,3.650376706965371e-07,1.0679413409815033e-07,0.0005065479832788,0.0001479256637467,3.366343825064177e-06,2.853476309837788e-06,lp_rnd,0.1,4,LP-RND (beta=0.1)
80000,0.174,0.2620125,1.0,68,266,21199,8.392277266665033e-06,1.3818535255012075e-06,2.52458663119054e-07,1.7723529334068397e-07,0.0003523330833542,0.0002475320046407,2.8756245566228244e-06,2.8166155551616614e-06,lp_rnd,0.1,4,LP-RND (beta=0.1)
81000,0.103,0.2600493827160494,1.0,68,266,21302,8.446919303167712e-06,1.5998984551607871e-06,3.6615766846595764e-07,1.3967760998609876e-07,0.0005141521918492,0.0001962344954615,4.102797398900293e-06,2.7933467864613705e-06,lp_rnd,0.1,4,LP-RND (beta=0.1)
82000,0.15,0.2587073170731707,1.0,68,266,21452,8.319159193585317e-06,1.8696605607464573e-06,2.614687158105274e-07,1.1889307957597554e-07,0.0003697103816515,0.0001678282034179,3.925011433977943e-06,2.8059878252406638e-06,lp_rnd,0.1,4,LP-RND (beta=0.1)
83000,0.053,0.2562289156626506,1.0,68,266,21505,8.864563892958993e-06,1.3390469519011276e-06,3.808055517542668e-07,1.1052019610274057e-07,0.0005412877276886,0.0001569081478326,4.1751791279693865e-06,2.8022451705282947e-06,lp_rnd,0.1,4,LP-RND (beta=0.1)
84000,0.064,0.2539404761904762,1.0,68,266,21569,8.282085822486351e-06,2.877676746040868e-06,3.585292844832111e-07,5.850407651208637e-07,0.0005127262048843,0.0008362666938848,4.131062197984647e-06,2.799790347353337e-06,lp_rnd,0.1,4,LP-RND (beta=0.1)
85000,0.01,0.2510705882352941,1.0,68,266,21579,9.37818331294693e-06,5.783307056993357e-06,2.928640242316761e-07,2.557418573474311e-06,0.0004207130577977,0.0036819936097335,4.774237122205704e-06,2.838279482716644e-06,lp_rnd,0.1,4,LP-RND (beta=0.1)
86000,0.034,0.2485465116279069,1.0,68,266,21613,7.392273667338647e-06,2.1692197780438105e-06,2.929408537966083e-07,2.807047974508654e-07,0.0004231574755924,0.0004063752104812,4.855145610349609e-06,2.805809557230532e-06,lp_rnd,0.1,4,LP-RND (beta=0.1)
87000,0.012,0.2458275862068965,1.0,68,266,21625,9.212382678924769e-06,2.4584398390505253e-06,3.9335384371952397e-07,6.403567654145766e-07,0.0005722216054817,0.0009313653430564,4.0240046739654645e-06,2.7953957697945954e-06,lp_rnd,0.1,4,LP-RND (beta=0.1)
88000,0.01,0.2431477272727272,1.0,68,268,21637,7.813149295543553e-06,2.135620129113571e-06,8.022022484510671e-07,2.921307591358955e-07,0.0011734023436362,0.0004275316089997,4.910268726803224e-06,2.712960096118877e-06,lp_rnd,0.1,4,LP-RND (beta=0.1)
89000,0.012,0.2405505617977528,1.0,68,269,21650,8.68925485519867e-06,1.840375129901642e-06,1.83512459746756e-07,5.772987091984329e-07,0.000269872221826,0.0008501722673527,5.154771428010463e-06,2.714407967232546e-06,lp_rnd,0.1,4,LP-RND (beta=0.1)
90000,0.022,0.2381222222222222,1.0,68,269,21672,1.0065223147070023e-05,1.5849560141262458e-06,2.5714480629672337e-07,1.7338371315274834e-07,0.0003803166980739,0.0002568858248888,5.705888742568277e-06,2.6800687209060923e-06,lp_rnd,0.1,4,LP-RND (beta=0.1)
91000,0.043,0.2359780219780219,1.0,68,269,21715,8.488974133289831e-06,2.5826363290393426e-06,2.7737194106394294e-07,3.6160406951400177e-07,0.0004123606413747,0.0005381338668416,9.65177342231982e-06,2.663136676119393e-06,lp_rnd,0.1,4,LP-RND (beta=0.1)
92000,0.018,0.2336086956521739,1.0,68,270,21734,7.575113740030146e-06,9.813145895879735e-06,2.600498495060795e-07,4.793251717674759e-07,0.0003891043019645,0.0007176983823258,7.833038730268527e-06,2.6472579256733296e-06,lp_rnd,0.1,4,LP-RND (beta=0.1)
93000,0.056,0.2316989247311828,1.0,68,270,21790,8.381769175360074e-06,4.91681490342516e-06,3.677544993609315e-07,2.405871258674485e-07,0.0005529429227131,0.0003625470539388,8.636846315766889e-06,2.6494994409631547e-06,lp_rnd,0.1,4,LP-RND (beta=0.1)
94000,0.181,0.2311595744680851,1.0,68,270,21971,9.018790694944128e-06,2.735097487670642e-06,3.62081367741802e-07,2.564829033266038e-07,0.0005469151431229,0.0003881474129384,6.6712871674781125e-06,2.6723788954541306e-06,lp_rnd,0.1,4,LP-RND (beta=0.1)
95000,0.219,0.2310315789473684,1.0,68,270,22190,8.00638424638461e-06,7.651238901202673e-07,2.8650391906099585e-07,1.2019720931072177e-07,0.0004351208201768,0.0001827174147021,4.803205936696031e-06,2.612714653537296e-06,lp_rnd,0.1,4,LP-RND (beta=0.1)
96000,0.222,0.2309375,1.0,68,270,22412,8.759536736302376e-06,1.1112880351214018e-06,4.555400431166384e-07,2.5360483844444064e-07,0.0006959145597902,0.0003876143467181,5.729881372417367e-06,2.611867227642506e-06,lp_rnd,0.1,4,LP-RND (beta=0.1)
97000,0.141,0.2300103092783505,1.0,68,270,22553,8.280445241544963e-06,7.083822717102974e-07,2.909948068544193e-07,6.757200953117719e-08,0.0004466776026475,0.0001037905632237,4.67271541140235e-06,2.578849202791389e-06,lp_rnd,0.1,4,LP-RND (beta=0.1)
98000,0.201,0.2297142857142857,1.0,68,270,22754,8.446671325426412e-06,2.2454767358934365e-07,3.056018203780008e-07,1.3425218006293957e-07,0.0004715191598155,0.0002073362992909,4.672348333201626e-06,2.4908935224630112e-06,lp_rnd,0.1,4,LP-RND (beta=0.1)
99000,0.139,0.2287979797979798,1.0,68,270,22893,7.585175877047339e-06,3.42800002301913e-06,2.1580823492428386e-07,1.843079532719826e-07,0.00033470302009,0.0002859320138429,3.7317550679745183e-06,2.39894180833744e-06,lp_rnd,0.1,4,LP-RND (beta=0.1)
100000,0.11,0.22761,1.0,68,270,23003,8.365674181153406e-06,2.604790700556524e-07,2.9386360645069296e-07,1.2292936191080231e-08,0.0004581404216919,1.9169053426311737e-05,2.025399276305961e-06,2.283152897007312e-06,lp_rnd,0.1,4,LP-RND (beta=0.1)
1000,0.187,0.187,0.4411764705882353,30,100,270,0.0092673387607549,0.0072537999958725,0.0092673387607549,0.0072537999958725,4.815064288805208,4.916223750663448,0.0061170291155576,0.007752314209938,rnd,0.01,0,RND (beta=0.01)
2000,0.12,0.1535,0.6470588235294118,44,166,451,0.0006978400446314,0.0003883608423796,0.0006978400446314,0.0003883608423796,0.3647622670490241,0.2491931437742308,0.0010279590717691,0.0003967234557349,rnd,0.01,0,RND (beta=0.01)
3000,0.159,0.1553333333333333,0.9117647058823528,62,223,665,0.0001052692206722,6.103202310726122e-05,0.0001052692206722,6.103202310726122e-05,0.0285333695130881,0.0163478725639712,0.0003580661681771,4.47529806260718e-05,rnd,0.01,0,RND (beta=0.01)
4000,0.215,0.17025,0.9558823529411764,65,239,895,7.122414231267866e-05,3.0122640358530688e-05,7.122414231267866e-05,3.0122640358530688e-05,0.0203943631537292,0.008745720739179,0.0002698407554998,2.5966898321712507e-05,rnd,0.01,0,RND (beta=0.01)
5000,0.149,0.166,0.9705882352941176,66,246,1049,4.785870263755756e-05,1.410099581410168e-05,4.785870263755756e-05,1.410099581410168e-05,0.0150805538589292,0.0044139405326327,0.000222659613275,1.76662078465597e-05,rnd,0.01,0,RND (beta=0.01)
6000,0.211,0.1735,0.9852941176470588,67,248,1262,4.022149475156473e-05,8.821697584478078e-06,4.022149475156473e-05,8.821697584478078e-06,0.0134131034486372,0.0030002911336971,0.0002009481460845,1.3162862865101488e-05,rnd,0.01,0,RND (beta=0.01)
7000,0.164,0.1721428571428571,1.0,68,254,1432,3.0820065980728164e-05,1.3960343467177876e-05,3.0820065980728164e-05,1.3960343467177876e-05,0.0111371202468308,0.0050013352879096,0.000188741120517,1.0745343046437485e-05,rnd,0.01,0,RND (beta=0.01)
8000,0.104,0.163625,1.0,68,254,1536,2.764493548021654e-05,8.291031154231529e-06,2.764493548021654e-05,8.291031154231529e-06,0.0105774542417201,0.0031664511301381,0.0001732201647537,8.994426688332169e-06,rnd,0.01,0,RND (beta=0.01)
9000,0.129,0.1597777777777777,1.0,68,255,1666,2.557474881330056e-05,4.0441891010072975e-06,2.557474881330056e-05,4.0441891010072975e-06,0.0103130567215704,0.0016256126166795,0.0001667525666562,7.539231527061929e-06,rnd,0.01,0,RND (beta=0.01)
10000,0.154,0.1592,1.0,68,255,1820,2.3026624083805863e-05,2.544033292387014e-06,2.3026624083805863e-05,2.544033292387014e-06,0.0096930963687298,0.0010682652969546,0.0001682272836478,6.384390539778906e-06,rnd,0.01,0,RND (beta=0.01)
11000,0.144,0.1578181818181818,1.0,68,255,1964,2.149326417111297e-05,4.648956069188651e-06,2.149326417111297e-05,4.648956069188651e-06,0.0094673908436319,0.0020296935961534,0.000147353627759,5.604060586392734e-06,rnd,0.01,0,RND (beta=0.01)
12000,0.199,0.16125,1.0,68,255,2163,2.123841676250745e-05,2.5520812318844022e-06,2.123841676250745e-05,2.5520812318844022e-06,0.0097039357810153,0.0011732443459093,0.0001426353493588,5.144815134826786e-06,rnd,0.01,0,RND (beta=0.01)
13000,0.182,0.1628461538461538,1.0,68,255,2345,2.0723381214918263e-05,1.2786596384585998e-06,2.0723381214918263e-05,1.2786596384585998e-06,0.0098647792652144,0.0006082906862922,0.0001332772739915,4.756462162958996e-06,rnd,0.01,0,RND (beta=0.01)
14000,0.161,0.1627142857142857,1.0,68,255,2506,1.84109855993862e-05,1.5622784307404349e-06,1.84109855993862e-05,1.5622784307404349e-06,0.0090615940784193,0.0007708032710817,0.0001346427899297,4.297117827377406e-06,rnd,0.01,0,RND (beta=0.01)
15000,0.145,0.1615333333333333,1.0,68,258,2654,1.8006554668757197e-05,3.957990732333905e-06,1.8006554668757197e-05,3.957990732333905e-06,0.0091789416597707,0.0020127678755274,0.0001337112228502,4.112204985744938e-06,rnd,0.01,0,RND (beta=0.01)
16000,0.214,0.1648125,1.0,68,258,2868,1.732529171379177e-05,1.1051544281355048e-06,1.732529171379177e-05,1.1051544281355048e-06,0.0091179824890458,0.0005787804700003,0.0001270511970906,3.894056422041103e-06,rnd,0.01,0,RND (beta=0.01)
17000,0.097,0.1608235294117647,1.0,68,258,2965,1.808871613939493e-05,1.5130904250133516e-06,1.808871613939493e-05,1.5130904250133516e-06,0.0097811587269856,0.0008160282733138,0.0001299860681156,3.77669789668289e-06,rnd,0.01,0,RND (beta=0.01)
18000,0.078,0.1562222222222222,1.0,68,265,3049,1.5494387391812874e-05,5.224523264161439e-06,1.5494387391812874e-05,5.224523264161439e-06,0.0085816838932357,0.0029073076837497,0.0001323502666364,3.609183665503224e-06,rnd,0.01,0,RND (beta=0.01)
19000,0.076,0.152,1.0,68,266,3126,1.6704587539463416e-05,3.435258883688822e-06,1.6704587539463416e-05,3.435258883688822e-06,0.0095244385150291,0.0019635614803764,0.00014423265199,3.511105505822343e-06,rnd,0.01,0,RND (beta=0.01)
20000,0.127,0.15075,1.0,68,266,3253,1.716833289326068e-05,8.453541915268641e-07,1.716833289326068e-05,8.453541915268641e-07,0.0100468176995104,0.0004940850898624,0.0001429742057007,3.338109181527216e-06,rnd,0.01,0,RND (beta=0.01)
21000,0.283,0.157047619047619,1.0,68,266,3536,1.5939541437495303e-05,1.4858934833803864e-06,1.5939541437495303e-05,1.4858934833803864e-06,0.0095192399407478,0.0008865762441086,0.0001442420371222,3.216709976754828e-06,rnd,0.01,0,RND (beta=0.01)
22000,0.199,0.1589545454545454,1.0,68,268,3737,1.5390062063447453e-05,3.057784771674429e-06,1.5390062063447453e-05,3.057784771674429e-06,0.0094068635330715,0.0018708535016322,0.0001567785983042,3.2277241342058003e-06,rnd,0.01,0,RND (beta=0.01)
23000,0.24,0.1624782608695652,1.0,68,268,3977,1.4342385960238364e-05,4.184438174326706e-06,1.4342385960238364e-05,4.184438174326706e-06,0.0089529972739381,0.002619246284971,0.0001750946354968,3.210012851695865e-06,rnd,0.01,0,RND (beta=0.01)
24000,0.131,0.1611666666666666,1.0,68,269,4109,1.4447819716960258e-05,2.2988863552845165e-06,1.4447819716960258e-05,2.2988863552845165e-06,0.00920553706782,0.0014608021328683,0.0002063519096136,3.2010659597290214e-06,rnd,0.01,0,RND (beta=0.01)
25000,0.077,0.1578,1.0,68,269,4186,1.3405888647004713e-05,3.91398547373358e-06,1.3405888647004713e-05,3.91398547373358e-06,0.0087192745906243,0.0025475403939431,0.0002085119011462,3.081455775259201e-06,rnd,0.01,0,RND (beta=0.01)
26000,0.063,0.1541538461538461,1.0,68,269,4249,1.3359257269575398e-05,2.954200545327874e-06,1.3359257269575398e-05,2.954200545327874e-06,0.0088631459378047,0.0019580268158024,0.000218084465665,3.0173277732501447e-06,rnd,0.01,0,RND (beta=0.01)
27000,0.064,0.1508148148148148,1.0,68,269,4313,1.4219150521910253e-05,2.4217472270967514e-06,1.4219150521910253e-05,2.4217472270967514e-06,0.0095919578100203,0.0016347903100322,0.0002517087384931,2.9440719058584365e-06,rnd,0.01,0,RND (beta=0.01)
28000,0.033,0.1466071428571428,1.0,68,269,4346,1.1875784270104663e-05,2.6950599415121027e-06,1.1875784270104663e-05,2.6950599415121027e-06,0.0081413707069955,0.0018524703534607,0.0002454406181695,2.8072715792859525e-06,rnd,0.01,0,RND (beta=0.01)
29000,0.047,0.1431724137931034,1.0,68,269,4393,1.238033121595397e-05,3.892773518212791e-06,1.238033121595397e-05,3.892773518212791e-06,0.0086625029399747,0.0027189568685704,0.0002279145275242,2.7683805566312003e-06,rnd,0.01,0,RND (beta=0.01)
30000,0.094,0.1415333333333333,1.0,68,269,4487,1.316640714321693e-05,1.546613752921236e-06,1.316640714321693e-05,1.546613752921236e-06,0.0093703265073392,0.001098824484689,0.0002470858360065,2.6662739179528218e-06,rnd,0.01,0,RND (beta=0.01)
31000,0.054,0.1387096774193548,1.0,68,269,4541,1.413289431150554e-05,8.382342704863303e-07,1.413289431150554e-05,8.382342704863303e-07,0.0102130179335748,0.0006059532595718,0.0002544156891381,2.571249752691074e-06,rnd,0.01,0,RND (beta=0.01)
32000,0.105,0.13765625,1.0,68,269,4646,1.2657014529048907e-05,8.981508910295429e-07,1.2657014529048907e-05,8.981508910295429e-07,0.0092993402237639,0.0006588128910151,0.0002510289741076,2.5278028903130687e-06,rnd,0.01,0,RND (beta=0.01)
33000,0.105,0.1366666666666666,1.0,68,269,4751,1.2572518499794006e-05,7.806089917468279e-07,1.2572518499794006e-05,7.806089917468279e-07,0.0093671369587886,0.0005813349775023,0.0002857360398647,2.396389266834831e-06,rnd,0.01,0,RND (beta=0.01)
34000,0.062,0.1344705882352941,1.0,68,269,4813,1.2239663184969217e-05,6.865531187503187e-07,1.2239663184969217e-05,6.865531187503187e-07,0.0092511053979296,0.0005183761287004,0.0002653613986512,2.335462264966281e-06,rnd,0.01,0,RND (beta=0.01)
35000,0.077,0.1328285714285714,1.0,68,269,4890,1.2257485331566066e-05,3.530572521661168e-07,1.2257485331566066e-05,3.530572521661168e-07,0.0093984782785924,0.0002707188738773,0.0002548766118379,2.2739581086170803e-06,rnd,0.01,0,RND (beta=0.01)
36000,0.108,0.1321388888888889,1.0,68,269,4998,1.2479744336141502e-05,5.063649592265348e-07,1.2479744336141502e-05,5.063649592265348e-07,0.0097080368657338,0.0003935573713279,0.0002533016087236,2.1839562805894278e-06,rnd,0.01,0,RND (beta=0.01)
37000,0.151,0.1326486486486486,1.0,68,269,5149,1.1594319332457808e-05,3.816940892206211e-07,1.1594319332457808e-05,3.816940892206211e-07,0.009132987579358,0.0003008551645362,0.000264572510161,2.146270998707678e-06,rnd,0.01,0,RND (beta=0.01)
38000,0.123,0.1323947368421052,1.0,68,269,5272,1.196763276134223e-05,3.466765380034835e-07,1.196763276134223e-05,3.466765380034835e-07,0.0095545267336325,0.0002769122982947,0.0002624249346008,2.1376338688696704e-06,rnd,0.01,0,RND (beta=0.01)
39000,0.118,0.132025641025641,1.0,68,269,5390,1.1630969026046547e-05,2.9593860843976693e-07,1.1630969026046547e-05,2.9593860843976693e-07,0.0094036937594757,0.0002393230438687,0.0002646284816,2.08141636471737e-06,rnd,0.01,0,RND (beta=0.01)
40000,0.083,0.1308,1.0,68,269,5473,1.1122338722099856e-05,1.103445867531066e-06,1.1122338722099856e-05,1.103445867531066e-06,0.0090993985407874,0.0009032631747229,0.0003037833798516,2.00901998266545e-06,rnd,0.01,0,RND (beta=0.01)
41000,0.048,0.128780487804878,1.0,68,269,5521,1.0341147316239583e-05,3.761904982333121e-07,1.0341147316239583e-05,3.761904982333121e-07,0.0085558009060854,0.0003115026643475,0.0002388241874814,1.991037168238563e-06,rnd,0.01,0,RND (beta=0.01)
42000,0.03,0.1264285714285714,1.0,68,269,5551,8.43058796817786e-06,2.601249167956156e-07,8.43058796817786e-06,2.601249167956156e-07,0.0070645427197381,0.0002181665293265,0.0002492478058011,1.9092848577315634e-06,rnd,0.01,0,RND (beta=0.01)
43000,0.079,0.1253255813953488,1.0,68,269,5630,1.0705829654283132e-05,5.432958136689234e-07,1.0705829654283132e-05,5.432958136689234e-07,0.0090732403207973,0.0004614814865842,0.0002638590684764,1.8941232465863323e-06,rnd,0.01,0,RND (beta=0.01)
44000,0.066,0.1239772727272727,1.0,68,269,5696,9.869018027309336e-06,2.340956063894277e-07,9.869018027309336e-06,2.340956063894277e-07,0.0084750342155366,0.0002008430442359,0.0002158176475331,1.8502887673435e-06,rnd,0.01,0,RND (beta=0.01)
45000,0.066,0.1226888888888888,1.0,68,269,5762,9.450496856350748e-06,1.803658911495157e-07,9.450496856350748e-06,1.803658911495157e-07,0.0081993994425647,0.0001564332193885,0.000237926678692,1.7798762814891231e-06,rnd,0.01,0,RND (beta=0.01)
46000,0.039,0.1208695652173913,1.0,68,269,5801,9.39770526924687e-06,2.330822373281948e-07,9.39770526924687e-06,2.330822373281948e-07,0.0082479291244005,0.0002043292280667,0.0002648301609551,1.737370547914452e-06,rnd,0.01,0,RND (beta=0.01)
47000,0.057,0.1195106382978723,1.0,68,269,5858,8.378997060725324e-06,1.7912696530730092e-07,8.378997060725324e-06,1.7912696530730092e-07,0.0074255516380252,0.0001587686262861,0.0002407574129192,1.7069276847507807e-06,rnd,0.01,0,RND (beta=0.01)
48000,0.09,0.1188958333333333,1.0,68,269,5948,9.534210198580696e-06,1.529043819891053e-07,9.534210198580696e-06,1.529043819891053e-07,0.0085326972752654,0.0001368942908025,0.0002031801225894,1.6368164905031791e-06,rnd,0.01,0,RND (beta=0.01)
49000,0.081,0.1181224489795918,1.0,68,269,6029,8.2333658779303e-06,1.38428728240823e-07,8.2333658779303e-06,1.38428728240823e-07,0.0074472283818001,0.0001252051279831,0.0002113120105359,1.6156908068296615e-06,rnd,0.01,0,RND (beta=0.01)
50000,0.075,0.11726,1.0,68,269,6104,8.160438028426142e-06,1.368698704096472e-07,8.160438028426142e-06,1.368698704096472e-07,0.0074530903289994,0.0001250610133542,0.0002319439901275,1.6208654322440452e-06,rnd,0.01,0,RND (beta=0.01)
51000,0.077,0.1164705882352941,1.0,68,269,6181,8.293034312231753e-06,1.3356962259241352e-07,8.293034312231753e-06,1.3356962259241352e-07,0.007650570599019,0.0001232547952977,0.000210223550941,1.5800893656887638e-06,rnd,0.01,0,RND (beta=0.01)
52000,0.085,0.1158653846153846,1.0,68,269,6266,8.293747134088977e-06,1.2818553753515165e-07,8.293747134088977e-06,1.2818553753515165e-07,0.0077267705113019,0.0001194142854354,0.0001889281406884,1.5306370352732302e-06,rnd,0.01,0,RND (beta=0.01)
53000,0.063,0.1148679245283018,1.0,68,269,6329,8.35917750832561e-06,2.00047517657014e-07,8.35917750832561e-06,2.00047517657014e-07,0.0078540535748612,0.0001883384503804,0.000224665983469,1.4805008768234984e-06,rnd,0.01,0,RND (beta=0.01)
54000,0.07,0.114037037037037,1.0,68,269,6399,7.043132921223462e-06,1.2380020038220193e-07,7.043132921223462e-06,1.2380020038220193e-07,0.0066844903459541,0.0001174939503113,0.0002058517986574,1.4110822271220512e-06,rnd,0.01,0,RND (beta=0.01)
55000,0.071,0.1132545454545454,1.0,68,269,6470,7.239445574694554e-06,1.219032806649313e-07,7.239445574694554e-06,1.219032806649313e-07,0.0069325201380972,0.0001167357424375,0.0002129775591415,1.3886803969853644e-06,rnd,0.01,0,RND (beta=0.01)
56000,0.082,0.1126964285714285,1.0,68,269,6552,7.629379019928775e-06,1.1197207665548105e-07,7.629379019928775e-06,1.1197207665548105e-07,0.0073753357149799,0.0001081963556332,0.0002059713520729,1.3026316275386309e-06,rnd,0.01,0,RND (beta=0.01)
57000,0.058,0.1117368421052631,1.0,68,269,6610,7.000292506400628e-06,1.3535652743585768e-07,7.000292506400628e-06,1.3535652743585768e-07,0.0068256842255232,0.0001319362501126,0.0002248950585128,1.2881178645045566e-06,rnd,0.01,0,RND (beta=0.01)
58000,0.052,0.1107068965517241,1.0,68,269,6662,6.709026120706068e-06,1.1131511946616507e-07,6.709026120706068e-06,1.1131511946616507e-07,0.0065917283396198,0.0001094438324338,0.0002424589297988,1.2373452783833727e-06,rnd,0.01,0,RND (beta=0.01)
59000,0.072,0.1100508474576271,1.0,68,269,6734,6.88957037987671e-06,1.111547552736868e-07,6.88957037987671e-06,1.111547552736868e-07,0.0068288395344832,0.000110207099799,0.0002001570415823,1.2065676223329548e-06,rnd,0.01,0,RND (beta=0.01)
60000,0.068,0.10935,1.0,68,269,6802,6.7785664341232295e-06,1.0526871132918277e-07,6.7785664341232295e-06,1.0526871132918277e-07,0.0067740370546656,0.0001052413059215,0.000182858683057,1.1778400633488672e-06,rnd,0.01,0,RND (beta=0.01)
61000,0.071,0.1087213114754098,1.0,68,269,6873,6.296087166716256e-06,1.02899964395705e-07,6.296087166716256e-06,1.02899964395705e-07,0.0063464482586865,0.0001037199789296,0.0001848235541278,1.1348013531886635e-06,rnd,0.01,0,RND (beta=0.01)
62000,0.064,0.108,1.0,68,269,6937,6.955571752342848e-06,1.0321529157290381e-07,6.955571752342848e-06,1.0321529157290381e-07,0.0070639068817411,0.0001048834402033,0.0002235625951225,1.0851360267878362e-06,rnd,0.01,0,RND (beta=0.01)
63000,0.082,0.1075873015873015,1.0,68,269,7019,6.902167342559551e-06,1.024550875472969e-07,6.902167342559551e-06,1.024550875472969e-07,0.0070626026598352,0.0001049515540225,0.0001745525304941,1.0380513468248864e-06,rnd,0.01,0,RND (beta=0.01)
64000,0.058,0.1068125,1.0,68,269,7077,6.197659409924105e-06,1.369712718655564e-07,6.197659409924105e-06,1.369712718655564e-07,0.0063980906554916,0.0001413625126681,0.0001997327912608,1.0202781351011935e-06,rnd,0.01,0,RND (beta=0.01)
65000,0.156,0.1075692307692307,1.0,68,269,7233,8.196919483137977e-06,9.417052683934077e-08,8.196919483137977e-06,9.417052683934077e-08,0.0085300421583016,9.795031275524956e-05,0.0001896822285129,9.753374755945287e-07,rnd,0.01,0,RND (beta=0.01)
66000,0.081,0.1071666666666666,1.0,68,269,7314,6.518539908871322e-06,9.706807799670673e-08,6.518539908871322e-06,9.706807799670673e-08,0.0068285169748497,0.0001017232157949,0.0001981573392918,9.648259689214457e-07,rnd,0.01,0,RND (beta=0.01)
67000,0.051,0.1063283582089552,1.0,68,269,7365,6.342557178547449e-06,9.972735082280136e-08,6.342557178547449e-06,9.972735082280136e-08,0.0066997754373683,0.0001053085838758,0.0001808405664332,9.023122066054156e-07,rnd,0.01,0,RND (beta=0.01)
68000,0.067,0.10575,1.0,68,269,7432,5.417490510536929e-06,8.956906861979286e-08,5.417490510536929e-06,8.956906861979286e-08,0.0057630024479179,9.527368674080528e-05,0.0001874237186048,8.905988861442893e-07,rnd,0.01,0,RND (beta=0.01)
69000,0.04,0.1047971014492753,1.0,68,269,7472,6.158513866694193e-06,8.738470609337412e-08,6.158513866694193e-06,8.738470609337412e-08,0.0065952131749836,9.36342563578454e-05,0.0001332992064394,8.735911613086956e-07,rnd,0.01,0,RND (beta=0.01)
70000,0.072,0.1043285714285714,1.0,68,269,7544,5.73414268956185e-06,1.0058564786641357e-07,5.73414268956185e-06,1.0058564786641357e-07,0.0061884816647415,0.0001085421914446,0.0001444521598789,8.549600571683414e-07,rnd,0.01,0,RND (beta=0.01)
71000,0.044,0.1034788732394366,1.0,68,269,7588,6.242075223574582e-06,9.05015091301429e-08,6.242075223574582e-06,9.05015091301429e-08,0.0067811135671622,9.83550254140022e-05,0.0001330833856582,7.982736804450496e-07,rnd,0.01,0,RND (beta=0.01)
72000,0.049,0.1027222222222222,1.0,68,269,7637,5.737454826811125e-06,8.893485931990584e-08,5.737454826811125e-06,8.893485931990584e-08,0.0062763513877397,9.729886434541276e-05,0.0001478377552015,7.120713232922071e-07,rnd,0.01,0,RND (beta=0.01)
73000,0.105,0.1027534246575342,1.0,68,269,7742,6.425197900517516e-06,7.719378178509686e-08,6.425197900517516e-06,7.719378178509686e-08,0.0070828675271785,8.50227988703837e-05,0.0001231319765638,6.745556387457441e-07,rnd,0.01,0,RND (beta=0.01)
74000,0.289,0.1052702702702702,1.0,68,269,8031,9.10421983468878e-06,2.354235473384116e-07,9.10421983468878e-06,2.354235473384116e-07,0.0101018950208922,0.0002613277832632,0.0001364301693365,6.712153330639126e-07,rnd,0.01,0,RND (beta=0.01)
75000,0.051,0.1045466666666666,1.0,68,269,8082,5.968431263253853e-06,1.711358985791113e-07,5.968431263253853e-06,1.711358985791113e-07,0.0066620369917265,0.0001908768055675,0.0001063497072063,6.779720203979878e-07,rnd,0.01,0,RND (beta=0.01)
76000,0.176,0.1054868421052631,1.0,68,269,8258,9.204712726655504e-06,1.8487410385526144e-07,9.204712726655504e-06,1.8487410385526144e-07,0.0103394769728057,0.000207873935988,9.574623898879508e-05,6.751926309860323e-07,rnd,0.01,0,RND (beta=0.01)
77000,0.091,0.1052987012987013,1.0,68,269,8349,7.603247408102047e-06,5.42169490562731e-07,7.603247408102047e-06,5.42169490562731e-07,0.0085970836819454,0.0006133790112187,9.54207846692725e-05,6.648997671376833e-07,rnd,0.01,0,RND (beta=0.01)
78000,0.059,0.1047051282051282,1.0,68,269,8408,5.68949877884672e-06,1.256672302268012e-07,5.68949877884672e-06,1.256672302268012e-07,0.0064763008772358,0.000142944878997,0.0001018491225834,6.614239928381948e-07,rnd,0.01,0,RND (beta=0.01)
79000,0.059,0.104126582278481,1.0,68,269,8467,5.840693763845701e-06,1.3263818556132358e-07,5.840693763845701e-06,1.3263818556132358e-07,0.0066938736090465,0.000151882954498,9.97095322899213e-05,6.368068724746934e-07,rnd,0.01,0,RND (beta=0.01)
80000,0.075,0.1037625,1.0,68,269,8542,5.097093861271181e-06,7.583767166012593e-08,5.097093861271181e-06,7.583767166012593e-08,0.0058761123506205,8.743097869698642e-05,9.803273670002e-05,6.31563639643673e-07,rnd,0.01,0,RND (beta=0.01)
81000,0.079,0.1034567901234568,1.0,68,269,8621,5.659461173389543e-06,6.952837434083763e-08,5.659461173389543e-06,6.952837434083763e-08,0.0065667156740311,8.065244844066943e-05,8.720409409704644e-05,6.129048987304486e-07,rnd,0.01,0,RND (beta=0.01)
82000,0.075,0.1031097560975609,1.0,68,269,8696,5.4321417959120784e-06,7.087296916980707e-08,5.4321417959120784e-06,7.087296916980707e-08,0.0063395938150255,8.269810533055815e-05,9.852943435555516e-05,6.164448938079658e-07,rnd,0.01,0,RND (beta=0.01)
83000,0.063,0.1026265060240963,1.0,68,269,8759,5.594513858961855e-06,6.503223054622907e-08,5.594513858961855e-06,6.503223054622907e-08,0.006567721365869,7.635468976617524e-05,9.466318467775636e-05,5.682119856800227e-07,rnd,0.01,0,RND (beta=0.01)
84000,0.071,0.10225,1.0,68,269,8830,5.186816351019394e-06,6.429281278061479e-08,5.186816351019394e-06,6.429281278061479e-08,0.0061277057862176,7.592935296634166e-05,7.513642801552578e-05,5.549548949019822e-07,rnd,0.01,0,RND (beta=0.01)
85000,0.068,0.1018470588235294,1.0,68,269,8898,4.805008265574382e-06,6.936530265008889e-08,4.805008265574382e-06,6.936530265008889e-08,0.0057072184745123,8.240313225481004e-05,8.391383343041525e-05,5.636304440912455e-07,rnd,0.01,0,RND (beta=0.01)
86000,0.078,0.1015697674418604,1.0,68,269,8976,5.635662345272207e-06,6.296631053243278e-08,5.635662345272207e-06,6.296631053243278e-08,0.0067333403468109,7.524224264341839e-05,9.09517537338047e-05,5.470133523992615e-07,rnd,0.01,0,RND (beta=0.01)
87000,0.07,0.1012068965517241,1.0,68,269,9046,4.941508106120247e-06,6.130448069090443e-08,4.941508106120247e-06,6.130448069090443e-08,0.0059387078962736,7.366418207322204e-05,7.121762059563252e-05,5.202897242071458e-07,rnd,0.01,0,RND (beta=0.01)
88000,0.078,0.1009431818181818,1.0,68,269,9124,5.216027352033938e-06,6.404495451591646e-08,5.216027352033938e-06,6.404495451591646e-08,0.006302439633339,7.740271372022373e-05,8.398431142819618e-05,5.175465634579268e-07,rnd,0.01,0,RND (beta=0.01)
89000,0.077,0.1006741573033707,1.0,68,269,9201,4.37977680664883e-06,5.948045379887995e-08,4.37977680664883e-06,5.948045379887995e-08,0.0053221674672755,7.228591993429976e-05,7.923534903278551e-05,4.970101331807086e-07,rnd,0.01,0,RND (beta=0.01)
90000,0.071,0.1003444444444444,1.0,68,269,9272,4.700375144930662e-06,5.9216632655647536e-08,4.700375144930662e-06,5.9216632655647536e-08,0.0057446790405523,7.237457879296917e-05,6.33569842833026e-05,4.76312806600987e-07,rnd,0.01,0,RND (beta=0.01)
91000,0.081,0.1001318681318681,1.0,68,269,9353,5.693333215265424e-06,7.264480917477643e-08,5.693333215265424e-06,7.264480917477643e-08,0.0069963720656017,8.924830975439375e-05,8.51980942761088e-05,4.7594986423504805e-07,rnd,0.01,0,RND (beta=0.01)
92000,0.072,0.0998260869565217,1.0,68,269,9425,5.128800545940572e-06,5.9358815885579186e-08,5.128800545940572e-06,5.9358815885579186e-08,0.0063361827365033,7.334070016664358e-05,6.501967055783098e-05,4.833390479177524e-07,rnd,0.01,0,RND (beta=0.01)
93000,0.245,0.1013870967741935,1.0,68,269,9670,6.809702232871763e-06,7.804603966836952e-08,6.809702232871763e-06,7.804603966836952e-08,0.0084609141798381,9.699415381368604e-05,5.385196405285342e-05,4.856542192577251e-07,rnd,0.01,0,RND (beta=0.01)
94000,0.156,0.1019680851063829,1.0,68,269,9826,7.121178977962327e-06,6.103970949542262e-08,7.121178977962327e-06,6.103970949542262e-08,0.00889641804078,7.623353617433395e-05,6.715028369313813e-05,4.918937248348243e-07,rnd,0.01,0,RND (beta=0.01)
95000,0.074,0.1016736842105263,1.0,68,269,9900,4.711598410881993e-06,5.9564577619653886e-08,4.711598410881993e-06,5.9564577619653886e-08,0.0059151700676745,7.478140625653868e-05,5.137640482479355e-05,5.036666779147935e-07,rnd,0.01,0,RND (beta=0.01)
96000,0.074,0.1013854166666666,1.0,68,269,9974,4.9141969866837286e-06,6.591764330057604e-08,4.9141969866837286e-06,6.591764330057604e-08,0.0061990591207475,8.318737506749379e-05,4.7027810137933554e-05,5.221550581779866e-07,rnd,0.01,0,RND (beta=0.01)
97000,0.073,0.1010927835051546,1.0,68,269,10047,4.906314163784136e-06,6.452015678288957e-08,4.906314163784136e-06,6.452015678288957e-08,0.00622317171775,8.18240578118097e-05,3.8495689314984815e-05,5.033218352750168e-07,rnd,0.01,0,RND (beta=0.01)
98000,0.067,0.1007448979591836,1.0,68,269,10114,4.574323231363044e-06,7.297964394908887e-08,4.574323231363044e-06,7.297964394908887e-08,0.0058337400279516,9.304809588996324e-05,6.0469488326816646e-05,4.882625105153693e-07,rnd,0.01,0,RND (beta=0.01)
99000,0.033,0.100060606060606,1.0,68,269,10147,5.840149049507807e-06,1.3135809245115e-07,5.840149049507807e-06,1.3135809245115e-07,0.0074805399662535,0.0001682880060293,7.347180315343849e-05,4.799859220128155e-07,rnd,0.01,0,RND (beta=0.01)
100000,0.174,0.1008,1.0,68,269,10321,8.248363539793387e-06,2.0782606196538413e-07,8.248363539793387e-06,2.0782606196538413e-07,0.0106294456486514,0.0002678502693966,5.614956694736861e-05,4.928821250231863e-07,rnd,0.01,0,RND (beta=0.01)
1000,0.16,0.16,0.7352941176470589,50,171,310,0.0106378331896848,0.0090537758156036,0.0106378331896848,0.0090537758156036,4.764761612534527,4.958018304234968,0.015240179374814,0.0089379688724875,rnd,0.01,1,RND (beta=0.01)
2000,0.119,0.1395,0.8529411764705882,58,212,465,0.0013190579955625,0.0004308147591079,0.0013190579955625,0.0004308147591079,0.8040785050977359,0.2162588400293259,0.0024830716949945,0.0005088981442168,rnd,0.01,1,RND (beta=0.01)
3000,0.1,0.1263333333333333,0.8970588235294118,61,228,581,0.0001271474911845,5.89215354335061e-05,0.0001271474911845,5.89215354335061e-05,0.0279675905953324,0.0130815869390733,0.0003116696111246,5.454156250925735e-05,rnd,0.01,1,RND (beta=0.01)
4000,0.154,0.13325,0.8970588235294118,61,230,737,7.344155904308548e-05,2.552927218909406e-05,7.344155904308548e-05,2.552927218909406e-05,0.0175128363251836,0.0060374311308172,0.0002534410653024,2.9669180748896905e-05,rnd,0.01,1,RND (beta=0.01)
5000,0.158,0.1382,0.9705882352941176,66,244,908,5.567973193701849e-05,2.2395838205542395e-05,5.567973193701849e-05,2.2395838205542395e-05,0.0142978959804349,0.0057055068586401,0.0002203799570343,2.0366169762382924e-05,rnd,0.01,1,RND (beta=0.01)
6000,0.183,0.1456666666666666,0.9852941176470588,67,246,1093,4.5058485992457033e-05,6.381082137273951e-06,4.5058485992457033e-05,6.381082137273951e-06,0.0124508593569396,0.0017616894763833,0.0002059340363048,1.4549317576893372e-05,rnd,0.01,1,RND (beta=0.01)
7000,0.182,0.1508571428571428,0.9852941176470588,67,254,1283,3.6187387075307805e-05,9.699333337567614e-06,3.6187387075307805e-05,9.699333337567614e-06,0.0107038714888903,0.0028362123564406,0.0001892397904084,1.1314133037103602e-05,rnd,0.01,1,RND (beta=0.01)
8000,0.176,0.154,0.9852941176470588,67,254,1459,3.237814846360462e-05,1.814444746269676e-06,3.237814846360462e-05,1.814444746269676e-06,0.0101139534451788,0.0005670854427949,0.0001769392059941,8.930730752354065e-06,rnd,0.01,1,RND (beta=0.01)
9000,0.141,0.1525555555555555,1.0,68,262,1608,2.7576743642184867e-05,1.002055665227988e-05,2.7576743642184867e-05,1.002055665227988e-05,0.0090868162348066,0.0032967190381168,0.0001647085223667,7.556654396466911e-06,rnd,0.01,1,RND (beta=0.01)
10000,0.176,0.1549,1.0,68,262,1784,2.48752861528539e-05,5.05888677839674e-06,2.48752861528539e-05,5.05888677839674e-06,0.0086272536127592,0.0017341475456743,0.0001595350122515,6.934577743777481e-06,rnd,0.01,1,RND (beta=0.01)
11000,0.179,0.1570909090909091,1.0,68,262,1963,2.4835915925331133e-05,1.4950494561207769e-06,2.4835915925331133e-05,1.4950494561207769e-06,0.008921960529441,0.000543969186391,0.0001538880255648,6.04883715482174e-06,rnd,0.01,1,RND (beta=0.01)
12000,0.099,0.15225,1.0,68,262,2062,2.2657932571048444e-05,4.473358415488278e-06,2.2657932571048444e-05,4.473358415488278e-06,0.0085231895156193,0.0016688368045484,0.0001552287558151,5.454342968732817e-06,rnd,0.01,1,RND (beta=0.01)
13000,0.043,0.1438461538461538,1.0,68,266,2109,2.428922012176224e-05,1.1482962100032776e-05,2.428922012176224e-05,1.1482962100032776e-05,0.0093924504304473,0.0044718052862628,0.0001664746317983,5.359178164212608e-06,rnd,0.01,1,RND (beta=0.01)
14000,0.196,0.1475714285714285,1.0,68,266,2305,2.10472746393676e-05,3.979382518230747e-06,2.10472746393676e-05,3.979382518230747e-06,0.0085199241172544,0.001608410945112,0.0001710050809379,5.01577146587806e-06,rnd,0.01,1,RND (beta=0.01)
15000,0.111,0.1451333333333333,1.0,68,266,2416,2.2174054368054036e-05,5.516073982447025e-06,2.2174054368054036e-05,5.516073982447025e-06,0.00927765387097,0.0022924213534897,0.0001742782165165,4.736196786552682e-06,rnd,0.01,1,RND (beta=0.01)
16000,0.042,0.1386875,1.0,68,266,2458,2.109924064695536e-05,3.3579263198963903e-06,2.109924064695536e-05,3.3579263198963903e-06,0.0090109815205296,0.0014496924158374,0.0001692537040107,4.414655409505031e-06,rnd,0.01,1,RND (beta=0.01)
17000,0.078,0.1351176470588235,1.0,68,266,2536,2.00725440453635e-05,9.841427961953484e-06,2.00725440453635e-05,9.841427961953484e-06,0.008878399165644,0.0043568204281319,0.0001966313604716,4.26851102429282e-06,rnd,0.01,1,RND (beta=0.01)
18000,0.069,0.1314444444444444,1.0,68,266,2605,1.8813369591215093e-05,2.821420329733037e-06,1.8813369591215093e-05,2.821420329733037e-06,0.0085911068281539,0.0012834323745765,0.0001811332636752,4.075269773807122e-06,rnd,0.01,1,RND (beta=0.01)
19000,0.04,0.1266315789473684,1.0,68,266,2645,1.8606698836265424e-05,2.707751545405479e-06,1.8606698836265424e-05,2.707751545405479e-06,0.0086946609479873,0.0012627864726215,0.0001676368454645,3.789800356685192e-06,rnd,0.01,1,RND (beta=0.01)
20000,0.032,0.1219,1.0,68,269,2680,1.90053799258294e-05,4.213401437458959e-06,1.90053799258294e-05,4.213401437458959e-06,0.0091187688613022,0.0020083454709066,0.0001540363927924,3.549371447093108e-06,rnd,0.01,1,RND (beta=0.01)
21000,0.24,0.1275238095238095,1.0,68,269,2920,1.910647041161913e-05,1.4748352548297673e-06,1.910647041161913e-05,1.4748352548297673e-06,0.009389105036239,0.0007249002592584,0.0001315190083605,3.3629914731818644e-06,rnd,0.01,1,RND (beta=0.01)
22000,0.162,0.1290909090909091,1.0,68,269,3082,1.7748109066927514e-05,1.1025265219399175e-06,1.7748109066927514e-05,1.1025265219399175e-06,0.0089006963970226,0.0005526054873469,0.0001377155059144,3.260090072103594e-06,rnd,0.01,1,RND (beta=0.01)
23000,0.185,0.1315217391304347,1.0,68,269,3267,1.637835829987543e-05,1.4427824165324827e-06,1.637835829987543e-05,1.4427824165324827e-06,0.0084207534653715,0.0007357919476427,0.000110892201068,3.128463204461696e-06,rnd,0.01,1,RND (beta=0.01)
24000,0.286,0.1379583333333333,1.0,68,269,3553,1.7353188037508312e-05,3.916943084552573e-07,1.7353188037508312e-05,3.916943084552573e-07,0.0090627824913828,0.0002050741786275,0.000108430793527,3.119889713161683e-06,rnd,0.01,1,RND (beta=0.01)
25000,0.107,0.13672,1.0,68,269,3660,1.588322860035103e-05,3.4199929267462e-07,1.588322860035103e-05,3.4199929267462e-07,0.0084866823557686,0.0001826720501337,9.90142771097453e-05,3.0010407704139654e-06,rnd,0.01,1,RND (beta=0.01)
26000,0.114,0.1358461538461538,1.0,68,269,3774,1.6519126503274157e-05,3.807393849287285e-07,1.6519126503274157e-05,3.807393849287285e-07,0.008998534103422,0.0002070543223163,9.45846575032192e-05,2.8498643835064284e-06,rnd,0.01,1,RND (beta=0.01)
27000,0.281,0.1412222222222222,1.0,68,269,4055,1.725027174556821e-05,3.517350735888114e-07,1.725027174556821e-05,3.517350735888114e-07,0.0095577024537407,0.0001949064686155,9.256110175374489e-05,2.8561774823856466e-06,rnd,0.01,1,RND (beta=0.01)
28000,0.379,0.1497142857142857,1.0,68,269,4434,1.701933881079191e-05,4.359104046099107e-07,1.701933881079191e-05,4.359104046099107e-07,0.0096040282744288,0.0002458834676824,9.425783695587596e-05,2.878284250300567e-06,rnd,0.01,1,RND (beta=0.01)
29000,0.112,0.1484137931034482,1.0,68,269,4546,1.4594335864005967e-05,8.855224646606427e-07,1.4594335864005967e-05,8.855224646606427e-07,0.0083690762163439,0.0005079720698055,8.943476012791506e-05,2.8694315810753323e-06,rnd,0.01,1,RND (beta=0.01)
30000,0.082,0.1462,1.0,68,269,4628,1.6207604425644825e-05,1.0112779136003145e-06,1.6207604425644825e-05,1.0112779136003145e-06,0.0094380462772378,0.0005887921981147,8.648708095233815e-05,2.7967906255526037e-06,rnd,0.01,1,RND (beta=0.01)
31000,0.298,0.1510967741935484,1.0,68,269,4926,1.5246895832236584e-05,3.124215861236574e-07,1.5246895832236584e-05,3.124215861236574e-07,0.0090479796940455,0.0001849630434246,9.7961592205138e-05,2.709481961687743e-06,rnd,0.01,1,RND (beta=0.01)
32000,0.172,0.15175,1.0,68,269,5098,1.494610521762678e-05,3.351711793562432e-07,1.494610521762678e-05,3.351711793562432e-07,0.0089875723187257,0.0002020291914751,8.916075696652114e-05,2.7303839045771384e-06,rnd,0.01,1,RND (beta=0.01)
33000,0.386,0.1588484848484848,1.0,68,269,5484,1.4955897730532544e-05,4.965163561543886e-07,1.4955897730532544e-05,4.965163561543886e-07,0.0091403018962411,0.0003023989361249,8.653775958828191e-05,2.7126671021733277e-06,rnd,0.01,1,RND (beta=0.01)
34000,0.515,0.1693235294117647,1.0,68,269,5999,1.4702181573014862e-05,6.860680424118251e-07,1.4702181573014862e-05,6.860680424118251e-07,0.0091270269331677,0.0004244189841821,8.074752065658686e-05,2.810187405543729e-06,rnd,0.01,1,RND (beta=0.01)
35000,0.282,0.1725428571428571,1.0,68,269,6281,1.4537543439854237e-05,4.75345451414083e-07,1.4537543439854237e-05,4.75345451414083e-07,0.0091346989304634,0.0002991060783239,8.061177361423688e-05,2.871770971864862e-06,rnd,0.01,1,RND (beta=0.01)
36000,0.255,0.1748333333333333,1.0,68,269,6536,1.4391953232452758e-05,1.7063805796891414e-06,1.4391953232452758e-05,1.7063805796891414e-06,0.0091831944959412,0.001088378933137,9.68464149391366e-05,2.8459518240424585e-06,rnd,0.01,1,RND (beta=0.01)
37000,0.094,0.1726486486486486,1.0,68,269,6630,1.4764467966821763e-05,1.0187788016587216e-06,1.4764467966821763e-05,1.0187788016587216e-06,0.009535152929404,0.0006589996302697,9.719362338728388e-05,2.7585005744867887e-06,rnd,0.01,1,RND (beta=0.01)
38000,0.099,0.1707105263157894,1.0,68,269,6729,1.3917730930096684e-05,1.1330129489494707e-06,1.3917730930096684e-05,1.1330129489494707e-06,0.0091061237621807,0.000741095707781,0.00011422685265,2.7759390445680763e-06,rnd,0.01,1,RND (beta=0.01)
39000,0.054,0.1677179487179487,1.0,68,269,6783,1.4540836707089543e-05,6.891653265219522e-07,1.4540836707089543e-05,6.891653265219522e-07,0.0096302348894574,0.0004575881673883,0.000123419922631,2.738826305062503e-06,rnd,0.01,1,RND (beta=0.01)
40000,0.129,0.16675,1.0,68,269,6912,1.4175932311311691e-05,1.102901094390187e-06,1.4175932311311691e-05,1.102901094390187e-06,0.0095133188276919,0.0007405125435065,0.0001233880249073,2.6538000202549484e-06,rnd,0.01,1,RND (beta=0.01)
41000,0.103,0.1651951219512195,1.0,68,269,7015,1.3620575885494689e-05,5.577977707642285e-07,1.3620575885494689e-05,5.577977707642285e-07,0.0092524988574053,0.0003793371666177,0.0001491507539922,2.6135401280953373e-06,rnd,0.01,1,RND (beta=0.01)
42000,0.247,0.1671428571428571,1.0,68,269,7262,1.342235809126784e-05,7.39466572351957e-07,1.342235809126784e-05,7.39466572351957e-07,0.0092288907721882,0.0005087952728354,0.000165536918721,2.5892013755708377e-06,rnd,0.01,1,RND (beta=0.01)
43000,0.127,0.1662093023255814,1.0,68,269,7389,1.3112020307142833e-05,6.753022367137651e-07,1.3112020307142833e-05,6.753022367137651e-07,0.0091266604424038,0.0004700880224706,0.0001995967871389,2.5413822185669234e-06,rnd,0.01,1,RND (beta=0.01)
44000,0.04,0.1633409090909091,1.0,68,269,7429,1.349072365428583e-05,7.087723155422646e-07,1.349072365428583e-05,7.087723155422646e-07,0.0094946974345642,0.0004990428597568,0.0002203762093813,2.522146364754008e-06,rnd,0.01,1,RND (beta=0.01)
45000,0.095,0.1618222222222222,1.0,68,269,7524,1.30953537384477e-05,6.557463557004974e-07,1.30953537384477e-05,6.557463557004974e-07,0.0093256419456506,0.000466849448072,0.0002724796183501,2.424908798332126e-06,rnd,0.01,1,RND (beta=0.01)
46000,0.064,0.159695652173913,1.0,68,269,7588,1.2538130583550355e-05,7.876157994975331e-07,1.2538130583550355e-05,7.876157994975331e-07,0.0090177480083986,0.0005657246177916,0.0002955839374044,2.37609979149056e-06,rnd,0.01,1,RND (beta=0.01)
47000,0.146,0.1594042553191489,1.0,68,269,7734,1.2401656352279768e-05,3.9295410667876186e-07,1.2401656352279768e-05,3.9295410667876186e-07,0.009022528454483,0.000285730954236,0.0002856434059103,2.352539094033545e-06,rnd,0.01,1,RND (beta=0.01)
48000,0.101,0.1581875,1.0,68,269,7835,1.1875890345211224e-05,6.181729553932393e-07,1.1875890345211224e-05,6.181729553932393e-07,0.0087283221065106,0.0004542109567636,0.0002700091702463,2.3171460749154e-06,rnd,0.01,1,RND (beta=0.01)
49000,0.054,0.1560612244897959,1.0,68,269,7889,1.1862088159533516e-05,1.3544546867104509e-06,1.1862088159533516e-05,1.3544546867104509e-06,0.0087981820372374,0.0010060289153529,0.0003187599259617,2.287770924169763e-06,rnd,0.01,1,RND (beta=0.01)
50000,0.017,0.15328,1.0,68,269,7906,1.4077930513046928e-05,1.34626097313274e-06,1.4077930513046928e-05,1.34626097313274e-06,0.0105309711023433,0.0010092059532792,0.0003457946069174,2.2464518958145163e-06,rnd,0.01,1,RND (beta=0.01)
51000,0.008,0.1504313725490196,1.0,68,269,7914,1.346251792710973e-05,7.598854753317645e-07,1.346251792710973e-05,7.598854753317645e-07,0.0101839896359016,0.0005747077796825,0.0003391462880681,2.1890113410449885e-06,rnd,0.01,1,RND (beta=0.01)
52000,0.011,0.14775,1.0,68,269,7925,1.093831666697621e-05,1.3504538947382833e-06,1.093831666697621e-05,1.3504538947382833e-06,0.0083656797820179,0.0010320526829309,0.0004095730152075,2.152244715375673e-06,rnd,0.01,1,RND (beta=0.01)
53000,0.044,0.1457924528301886,1.0,68,269,7969,1.2193664154189967e-05,9.430311127247812e-07,1.2193664154189967e-05,9.430311127247812e-07,0.0093882995647242,0.0007275973954067,0.0003851533765409,2.124920497578841e-06,rnd,0.01,1,RND (beta=0.01)
54000,0.012,0.1433148148148148,1.0,68,269,7981,1.059215090511619e-05,1.378708798876914e-06,1.059215090511619e-05,1.378708798876914e-06,0.0082511890418144,0.0010735996944794,0.0003353715791017,2.0746434053648952e-06,rnd,0.01,1,RND (beta=0.01)
55000,0.008,0.1408545454545454,1.0,68,269,7989,1.1703373729687884e-05,1.3967107858739895e-06,1.1703373729687884e-05,1.3967107858739895e-06,0.00920667412047,0.0010970205398957,0.0004257342869022,2.030193484188203e-06,rnd,0.01,1,RND (beta=0.01)
56000,0.007,0.1384642857142857,1.0,68,269,7996,1.2566381233877367e-05,1.0081248268216478e-06,1.2566381233877367e-05,1.0081248268216478e-06,0.0099764410931588,0.0007991531374143,0.0003754178304661,2.0034014632415163e-06,rnd,0.01,1,RND (beta=0.01)
57000,0.009,0.1361929824561403,1.0,68,269,8005,1.1734265677255786e-05,1.2372483601919731e-06,1.1734265677255786e-05,1.2372483601919731e-06,0.009397672840358,0.0009898258629277,0.0003268672285157,1.9349479302377405e-06,rnd,0.01,1,RND (beta=0.01)
58000,0.037,0.1344827586206896,1.0,68,269,8042,1.0524553618853209e-05,1.0253467871457328e-06,1.0524553618853209e-05,1.0253467871457328e-06,0.0084962114206906,0.0008272341588961,0.0003226481727324,1.8865942883508068e-06,rnd,0.01,1,RND (beta=0.01)
59000,0.007,0.132322033898305,1.0,68,269,8049,9.37058101564097e-06,5.836359835460774e-07,9.37058101564097e-06,5.836359835460774e-07,0.0076215196667885,0.0004747736139377,0.000325145104829,1.824142491443581e-06,rnd,0.01,1,RND (beta=0.01)
60000,0.015,0.1303666666666666,1.0,68,269,8064,1.0685644853462388e-05,5.840232766837719e-07,1.0685644853462388e-05,5.840232766837719e-07,0.0087631193660458,0.0004788824135646,0.0003106033195872,1.762899164702958e-06,rnd,0.01,1,RND (beta=0.01)
61000,0.014,0.1284590163934426,1.0,68,269,8078,1.0339967340249653e-05,1.142114351202677e-06,1.0339967340249653e-05,1.142114351202677e-06,0.0085621592054455,0.0009439119469055,0.0002886772888396,1.7181641683237103e-06,rnd,0.01,1,RND (beta=0.01)
62000,0.072,0.1275483870967741,1.0,68,269,8150,1.0858880020552737e-05,2.856621445980239e-07,1.0858880020552737e-05,2.856621445980239e-07,0.0090372169094952,0.0002382396617225,0.0002545290349353,1.6915609777186092e-06,rnd,0.01,1,RND (beta=0.01)
63000,0.254,0.1295555555555555,1.0,68,269,8404,1.103520483726658e-05,1.0580949946563304e-06,1.103520483726658e-05,1.0580949946563304e-06,0.0092571170354469,0.0008904445133165,0.0002571189215486,1.709226996780444e-06,rnd,0.01,1,RND (beta=0.01)
64000,0.04,0.12815625,1.0,68,269,8444,1.2029214724407212e-05,1.1244117117836791e-06,1.2029214724407212e-05,1.1244117117836791e-06,0.0101639454207402,0.0009520235003033,0.0002534763257754,1.7088009475969556e-06,rnd,0.01,1,RND (beta=0.01)
65000,0.008,0.1263076923076923,1.0,68,269,8452,1.1008227886577515e-05,7.076446939893822e-07,1.1008227886577515e-05,7.076446939893822e-07,0.0093803632993565,0.0006037371191547,0.0002139403330265,1.6624258394983823e-06,rnd,0.01,1,RND (beta=0.01)
66000,0.01,0.1245454545454545,1.0,68,269,8462,9.826347968555636e-06,4.845310809545563e-07,9.826347968555636e-06,4.845310809545563e-07,0.0084467518308588,0.0004167984681488,0.0001904204418415,1.6431490508921343e-06,rnd,0.01,1,RND (beta=0.01)
67000,0.04,0.1232835820895522,1.0,68,269,8502,9.888278231073856e-06,4.270676682183172e-07,9.888278231073856e-06,4.270676682183172e-07,0.0085705029392023,0.000370463211198,0.0001823700678874,1.5727654293868908e-06,rnd,0.01,1,RND (beta=0.01)
68000,0.04,0.1220588235294117,1.0,68,269,8542,1.036872090480756e-05,2.558192207180454e-07,1.036872090480756e-05,2.558192207180454e-07,0.0090501993043637,0.000223018723402,0.0001834921980353,1.5670692469313962e-06,rnd,0.01,1,RND (beta=0.01)
69000,0.026,0.1206666666666666,1.0,68,269,8568,1.0510536062961017e-05,2.1301136814996738e-07,1.0510536062961017e-05,2.1301136814996738e-07,0.0092377560933737,0.0001872431660565,0.0001595071865594,1.5223382709450562e-06,rnd,0.01,1,RND (beta=0.01)
70000,0.028,0.1193428571428571,1.0,68,269,8596,9.373198914935138e-06,5.287199720416155e-07,9.373198914935138e-06,5.287199720416155e-07,0.0082960318654365,0.0004683075114878,0.0002011918266748,1.5398506549502145e-06,rnd,0.01,1,RND (beta=0.01)
71000,0.014,0.1178591549295774,1.0,68,269,8610,1.053750241096298e-05,6.543465261937887e-07,1.053750241096298e-05,6.543465261937887e-07,0.0093825562789088,0.0005828921882325,0.0002068309903502,1.4900512527162846e-06,rnd,0.01,1,RND (beta=0.01)
72000,0.029,0.116625,1.0,68,269,8639,9.349509566853722e-06,2.770371384957436e-07,9.349509566853722e-06,2.770371384957436e-07,0.0083944820253548,0.0002486028769297,0.0002133866972976,1.4665051544966446e-06,rnd,0.01,1,RND (beta=0.01)
73000,0.017,0.1152602739726027,1.0,68,269,8656,1.0340047110195667e-05,7.442226970743753e-07,1.0340047110195667e-05,7.442226970743753e-07,0.0093403995769771,0.0006733568713153,0.0001786860973302,1.4210069336684228e-06,rnd,0.01,1,RND (beta=0.01)
74000,0.096,0.115,1.0,68,269,8752,1.0057969385949642e-05,2.646464716830359e-07,1.0057969385949642e-05,2.646464716830359e-07,0.0091512443122561,0.00024083410647,0.0002161009885048,1.369686012935745e-06,rnd,0.01,1,RND (beta=0.01)
75000,0.03,0.1138666666666666,1.0,68,269,8782,9.744597718963632e-06,1.895950876232031e-07,9.744597718963632e-06,1.895950876232031e-07,0.008927879802845,0.0001737145159245,0.0002052432769787,1.3383766646200002e-06,rnd,0.01,1,RND (beta=0.01)
76000,0.039,0.1128815789473684,1.0,68,269,8821,9.662413760498824e-06,3.453090925206728e-07,9.662413760498824e-06,3.453090925206728e-07,0.0089180671151032,0.0003182477833766,0.0002295372297855,1.3093391621907811e-06,rnd,0.01,1,RND (beta=0.01)
77000,0.053,0.1121038961038961,1.0,68,269,8874,8.989034772382166e-06,5.302396077738366e-07,8.989034772382166e-06,5.302396077738366e-07,0.0083405939190016,0.0004920677963465,0.0001918083906111,1.2380134069758245e-06,rnd,0.01,1,RND (beta=0.01)
78000,0.033,0.1110897435897435,1.0,68,269,8907,8.34697519883665e-06,1.859408955043458e-07,8.34697519883665e-06,1.859408955043458e-07,0.0077958963124393,0.0001736389204548,0.0002321473947044,1.1715863571737374e-06,rnd,0.01,1,RND (beta=0.01)
79000,0.117,0.1111645569620253,1.0,68,269,9024,9.540606320542873e-06,1.4939605780885838e-07,9.540606320542873e-06,1.4939605780885838e-07,0.0089655887741835,0.0001404522065495,0.0002023259332149,1.153024670912828e-06,rnd,0.01,1,RND (beta=0.01)
80000,0.214,0.11245,1.0,68,269,9238,9.480443340409998e-06,1.5306856285278817e-07,9.480443340409998e-06,1.5306856285278817e-07,0.0089671761076712,0.0001447485488277,0.000254135473604,1.11136049532945e-06,rnd,0.01,1,RND (beta=0.01)
81000,0.18,0.1132839506172839,1.0,68,269,9418,1.0409151467330148e-05,2.1874721978286419e-07,1.0409151467330148e-05,2.1874721978286419e-07,0.009910459102319,0.000208067026655,0.0002387091414793,1.1245773259958014e-06,rnd,0.01,1,RND (beta=0.01)
82000,0.141,0.1136219512195122,1.0,68,269,9559,8.288454921109166e-06,1.2872354964946922e-07,8.288454921109166e-06,1.2872354964946922e-07,0.0079353293144872,0.0001232545129422,0.0002362212032237,1.0893441273225334e-06,rnd,0.01,1,RND (beta=0.01)
83000,0.177,0.1143855421686746,1.0,68,269,9736,1.00514344513474e-05,2.0901393086345165e-07,1.00514344513474e-05,2.0901393086345165e-07,0.0096794632142457,0.0002013805419782,0.0002685576204435,1.0398630350749726e-06,rnd,0.01,1,RND (beta=0.01)
84000,0.142,0.1147142857142857,1.0,68,269,9878,8.771931768126412e-06,1.694889036080987e-07,8.771931768126412e-06,1.694889036080987e-07,0.0084956771674061,0.0001643539497571,0.0002680135412188,9.630461827470072e-07,rnd,0.01,1,RND (beta=0.01)
85000,0.118,0.1147529411764705,1.0,68,269,9996,1.0233196069563392e-05,2.226073301726349e-07,1.0233196069563392e-05,2.226073301726349e-07,0.0099703353236283,0.0002169624703396,0.0002403631683198,8.726368196931844e-07,rnd,0.01,1,RND (beta=0.01)
86000,0.148,0.1151395348837209,1.0,68,269,10144,8.243995403739285e-06,1.1305313463682557e-07,8.243995403739285e-06,1.1305313463682557e-07,0.0080863327898277,0.0001108302871342,0.0002625994440309,8.458699169437977e-07,rnd,0.01,1,RND (beta=0.01)
87000,0.048,0.114367816091954,1.0,68,270,10192,7.852641052371231e-06,3.1586474682618488e-06,7.852641052371231e-06,3.1586474682618488e-06,0.0077363503534101,0.0031115355618984,0.000253000035731,7.956361372123411e-07,rnd,0.01,1,RND (beta=0.01)
88000,0.116,0.1143863636363636,1.0,68,270,10308,7.581229254058066e-06,1.252364393586801e-07,7.581229254058066e-06,1.252364393586801e-07,0.0075179614589455,0.0001241862780067,0.000229694821603,8.007897993707047e-07,rnd,0.01,1,RND (beta=0.01)
89000,0.094,0.1141573033707865,1.0,68,270,10402,7.1573487532000304e-06,1.0078419793107877e-07,7.1573487532000304e-06,1.0078419793107877e-07,0.00713754851596,0.0001004942522412,0.0002551286878449,7.626031985950022e-07,rnd,0.01,1,RND (beta=0.01)
90000,0.067,0.1136333333333333,1.0,68,270,10469,7.183954219509536e-06,1.1336991031649143e-07,7.183954219509536e-06,1.1336991031649143e-07,0.0072024995603995,0.0001136983082179,0.0002822449932868,7.470431977836257e-07,rnd,0.01,1,RND (beta=0.01)
91000,0.067,0.1131208791208791,1.0,68,270,10536,7.250208916468807e-06,1.0889397606660225e-07,7.250208916468807e-06,1.0889397606660225e-07,0.007307199823674,0.0001098133545331,0.0002888770251711,7.020934662307354e-07,rnd,0.01,1,RND (beta=0.01)
92000,0.098,0.1129565217391304,1.0,68,270,10634,8.104049503085012e-06,2.0650456069946266e-07,8.104049503085012e-06,2.0650456069946266e-07,0.0082256997036089,0.0002092258413401,0.0002645111007582,6.753923818223484e-07,rnd,0.01,1,RND (beta=0.01)
93000,0.402,0.1160645161290322,1.0,68,270,11036,9.092432574265448e-06,9.062159097747092e-08,9.092432574265448e-06,9.062159097747092e-08,0.009267597871746,9.236273623626649e-05,0.0002429484184992,6.764065927882257e-07,rnd,0.01,1,RND (beta=0.01)
94000,0.247,0.1174574468085106,1.0,68,270,11283,7.975207423950182e-06,3.083506357717751e-07,7.975207423950182e-06,3.083506357717751e-07,0.0081736952562723,0.0003162136676299,0.0002637402504547,7.155816579995645e-07,rnd,0.01,1,RND (beta=0.01)
95000,0.11,0.117378947368421,1.0,68,270,11393,7.4376900639353234e-06,1.1124410300399458e-07,7.4376900639353234e-06,1.1124410300399458e-07,0.0076625182623918,0.0001145798238873,0.0002638662036767,7.148412112343295e-07,rnd,0.01,1,RND (beta=0.01)
96000,0.068,0.1168645833333333,1.0,68,270,11461,7.278876968458087e-06,3.528987253607807e-07,7.278876968458087e-06,3.528987253607807e-07,0.007532552598339,0.0003660317673224,0.0002464627156086,7.183300246396129e-07,rnd,0.01,1,RND (beta=0.01)
97000,0.059,0.1162680412371134,1.0,68,270,11520,6.800099496196431e-06,1.343848404797916e-07,6.800099496196431e-06,1.343848404797916e-07,0.0070797339005934,0.0001398269124071,0.0002699180498511,6.910249373390797e-07,rnd,0.01,1,RND (beta=0.01)
98000,0.041,0.1155,1.0,68,270,11561,8.599820070807387e-06,1.6589947788367838e-07,8.599820070807387e-06,1.6589947788367838e-07,0.0089970506510005,0.0001735240361608,0.0002849586647619,6.880364086043755e-07,rnd,0.01,1,RND (beta=0.01)
99000,0.349,0.1178585858585858,1.0,68,270,11910,1.0477453513672156e-05,2.747182370142958e-07,1.0477453513672156e-05,2.747182370142958e-07,0.0110232102249433,0.0002887210558746,0.0003011270581509,6.876009826157769e-07,rnd,0.01,1,RND (beta=0.01)
100000,0.071,0.11739,1.0,68,270,11981,6.984259743417874e-06,1.215946939739864e-07,6.984259743417874e-06,1.215946939739864e-07,0.007378249827863,0.0001284452529438,0.0002870994607312,7.446152062868805e-07,rnd,0.01,1,RND (beta=0.01)
1000,0.135,0.135,0.7352941176470589,50,169,281,0.0077525682367936,0.0074542634689782,0.0077525682367936,0.0074542634689782,4.669019842135588,4.965190979229601,0.0047335270792245,0.0074830818921327,rnd,0.01,2,RND (beta=0.01)
2000,0.12,0.1275,0.8529411764705882,58,203,434,0.0008934432804987,0.0003634790898248,0.0008934432804987,0.0003634790898248,0.639868418379384,0.2794390803372212,0.0003854307513829,0.0004051563848188,rnd,0.01,2,RND (beta=0.01)
3000,0.103,0.1193333333333333,0.8676470588235294,59,223,557,0.0001258275497976,6.018068136227756e-05,0.0001258275497976,6.018068136227756e-05,0.0347464078776447,0.0167079384774391,0.0004394584870897,4.4344489127979616e-05,rnd,0.01,2,RND (beta=0.01)
4000,0.247,0.15125,0.8676470588235294,59,224,805,7.28118098217797e-05,1.3701733423465626e-05,7.28118098217797e-05,1.3701733423465626e-05,0.0215528014504023,0.0040412811348549,0.0003064237631479,2.5456708985984733e-05,rnd,0.01,2,RND (beta=0.01)
5000,0.148,0.1506,0.8676470588235294,59,228,957,4.988580213968227e-05,1.470948077054343e-05,4.988580213968227e-05,1.470948077054343e-05,0.0160333362976216,0.0047115230599353,0.0002280832552423,1.6353207046449824e-05,rnd,0.01,2,RND (beta=0.01)
6000,0.209,0.1603333333333333,0.8676470588235294,59,228,1166,3.823637672086301e-05,4.478901394007679e-06,3.823637672086301e-05,4.478901394007679e-06,0.0131093160424487,0.001554465155876,0.0001976918443178,1.187854152340151e-05,rnd,0.01,2,RND (beta=0.01)
7000,0.122,0.1548571428571428,0.9411764705882352,64,242,1301,3.196202422885585e-05,9.056644997553668e-06,3.196202422885585e-05,9.056644997553668e-06,0.0118547847070764,0.0033207619319772,0.0001725789134579,9.166388904759516e-06,rnd,0.01,2,RND (beta=0.01)
8000,0.196,0.16,0.9411764705882352,64,242,1497,2.840355966086185e-05,1.865951181331332e-06,2.840355966086185e-05,1.865951181331332e-06,0.0110744029338278,0.0007244091061919,0.0001627046631037,7.631736672465195e-06,rnd,0.01,2,RND (beta=0.01)
9000,0.058,0.1486666666666666,0.9705882352941176,66,246,1559,2.4929888930838103e-05,1.1021532247630796e-05,2.4929888930838103e-05,1.1021532247630796e-05,0.0102565773018009,0.004511361379663,0.0001598573727278,6.8182253921804654e-06,rnd,0.01,2,RND (beta=0.01)
10000,0.059,0.1397,0.9705882352941176,66,247,1619,2.401308257365106e-05,4.709195432657731e-06,2.401308257365106e-05,4.709195432657731e-06,0.0103166008085665,0.0020263575437189,0.0001557670416732,5.942428739672323e-06,rnd,0.01,2,RND (beta=0.01)
11000,0.069,0.1332727272727272,1.0,68,260,1699,2.234941337888629e-05,8.629436995330723e-06,2.234941337888629e-05,8.629436995330723e-06,0.0101451768966761,0.0038768766354931,0.0001488056205853,5.286919874379237e-06,rnd,0.01,2,RND (beta=0.01)
12000,0.037,0.12525,1.0,68,261,1737,1.959131397008015e-05,5.654351076752501e-06,1.959131397008015e-05,5.654351076752501e-06,0.0092139615994926,0.0026426640879475,0.0001548798588337,4.798327728167351e-06,rnd,0.01,2,RND (beta=0.01)
13000,0.053,0.1196923076923077,1.0,68,261,1790,1.8720675263535182e-05,2.350208896725409e-06,1.8720675263535182e-05,2.350208896725409e-06,0.0091099340237503,0.0011433497289807,0.0001582123442349,4.250706196103238e-06,rnd,0.01,2,RND (beta=0.01)
14000,0.076,0.1165714285714285,1.0,68,264,1869,1.7762445413370043e-05,3.3458950383723777e-06,1.7762445413370043e-05,3.3458950383723777e-06,0.0089212516436352,0.0016906450388209,0.0001656278112932,3.802238366802157e-06,rnd,0.01,2,RND (beta=0.01)
15000,0.066,0.1132,1.0,68,268,1939,1.8939914229342708e-05,4.13293321436911e-06,1.8939914229342708e-05,4.13293321436911e-06,0.0098724040623781,0.0021412418900537,0.0001765092305031,3.6384574298153895e-06,rnd,0.01,2,RND (beta=0.01)
16000,0.078,0.111,1.0,68,268,2017,1.92123784472642e-05,2.1143834134627403e-06,1.92123784472642e-05,2.1143834134627403e-06,0.0103825168335748,0.0011356344227546,0.0001943396567185,3.3207637268333203e-06,rnd,0.01,2,RND (beta=0.01)
17000,0.102,0.1104705882352941,1.0,68,268,2119,1.968089716184277e-05,2.391219798866441e-06,1.968089716184277e-05,2.391219798866441e-06,0.0108826750673811,0.0013222867593519,0.0002102398014358,3.097477798064574e-06,rnd,0.01,2,RND (beta=0.01)
18000,0.135,0.1118333333333333,1.0,68,269,2255,1.869954892215362e-05,3.58070076423066e-06,1.869954892215362e-05,3.58070076423066e-06,0.010606199904633,0.0020388431152134,0.0002146037149541,3.036660805946667e-06,rnd,0.01,2,RND (beta=0.01)
19000,0.179,0.1153684210526315,1.0,68,271,2435,1.785564839149898e-05,2.9657422809204376e-06,1.785564839149898e-05,2.9657422809204376e-06,0.0104208844371294,0.0017338472382348,0.0002190041708963,2.9904821329864715e-06,rnd,0.01,2,RND (beta=0.01)
20000,0.072,0.1132,1.0,68,271,2507,1.6375409283379366e-05,7.103351086109102e-07,1.6375409283379366e-05,7.103351086109102e-07,0.0097996595673623,0.0004234954971453,0.0002354885636414,2.8483716854452723e-06,rnd,0.01,2,RND (beta=0.01)
21000,0.154,0.1151428571428571,1.0,68,271,2661,1.7471831556163537e-05,1.433460575229506e-06,1.7471831556163537e-05,1.433460575229506e-06,0.0106667357095934,0.0008764507502709,0.0002276043363272,2.749520837369346e-06,rnd,0.01,2,RND (beta=0.01)
22000,0.091,0.1140454545454545,1.0,68,271,2752,1.4986247416535471e-05,1.3564072834499963e-06,1.4986247416535471e-05,1.3564072834499963e-06,0.0093946131654033,0.0008482187914813,0.0002226019032132,2.6368607566951143e-06,rnd,0.01,2,RND (beta=0.01)
23000,0.119,0.1142608695652173,1.0,68,271,2871,1.5163857086986927e-05,1.360985190143557e-06,1.5163857086986927e-05,1.360985190143557e-06,0.0097076722990018,0.0008712976425812,0.0002359551494555,2.615662553182574e-06,rnd,0.01,2,RND (beta=0.01)
24000,0.135,0.115125,1.0,68,271,3006,1.4373608674186809e-05,8.154722679358654e-07,1.4373608674186809e-05,8.154722679358654e-07,0.0093849812661183,0.0005315280934962,0.0002451356333403,2.541675535439936e-06,rnd,0.01,2,RND (beta=0.01)
25000,0.222,0.1194,1.0,68,271,3228,1.5245557676223086e-05,1.2406939850428498e-06,1.5245557676223086e-05,1.2406939850428498e-06,0.010161119443382,0.0008262659824987,0.0002307901550902,2.4486734372999306e-06,rnd,0.01,2,RND (beta=0.01)
26000,0.083,0.118,1.0,68,271,3311,1.2637765306512354e-05,9.18646335913362e-07,1.2637765306512354e-05,9.18646335913362e-07,0.0085727539198685,0.0006227493457097,0.0002530917480289,2.3855319412291466e-06,rnd,0.01,2,RND (beta=0.01)
27000,0.105,0.1175185185185185,1.0,68,271,3416,1.3829067310802027e-05,5.450433897048287e-07,1.3829067310802027e-05,5.450433897048287e-07,0.0095504205191793,0.000376914499402,0.0002549679940202,2.340677337372199e-06,rnd,0.01,2,RND (beta=0.01)
28000,0.09,0.1165357142857142,1.0,68,271,3506,1.3822351290097384e-05,5.603946415423986e-07,1.3822351290097384e-05,5.603946415423986e-07,0.0097314570573543,0.0003946443235598,0.0002277943376484,2.2184400112337245e-06,rnd,0.01,2,RND (beta=0.01)
29000,0.069,0.1148965517241379,1.0,68,271,3575,1.384336006146665e-05,5.682650548389109e-07,1.384336006146665e-05,5.682650548389109e-07,0.0098966318959183,0.0004069658423276,0.0002330112922136,2.153835934052495e-06,rnd,0.01,2,RND (beta=0.01)
30000,0.1,0.1144,1.0,68,271,3675,1.3020865644648438e-05,4.47227800850985e-07,1.3020865644648438e-05,4.47227800850985e-07,0.0094787582705236,0.0003254836895574,0.0003177468145222,2.09914765537178e-06,rnd,0.01,2,RND (beta=0.01)
31000,0.1,0.1139354838709677,1.0,68,271,3775,1.2496516576447905e-05,7.452500089834126e-07,1.2496516576447905e-05,7.452500089834126e-07,0.0092508036094244,0.0005505241938388,0.0003105090877124,2.0502039606071776e-06,rnd,0.01,2,RND (beta=0.01)
32000,0.064,0.112375,1.0,68,271,3839,1.2181239732456106e-05,4.902569429319822e-07,1.2181239732456106e-05,4.902569429319822e-07,0.0091673183379439,0.0003691343096598,0.000285330493185,1.991053689380351e-06,rnd,0.01,2,RND (beta=0.01)
33000,0.077,0.1113030303030303,1.0,68,271,3916,1.123096776550542e-05,3.279507183367058e-07,1.123096776550542e-05,3.279507183367058e-07,0.0085591447394684,0.0002501466633456,0.0003218045698868,1.935163984569499e-06,rnd,0.01,2,RND (beta=0.01)
34000,0.058,0.109735294117647,1.0,68,271,3974,1.1057876063518803e-05,4.29654510427995e-07,1.1057876063518803e-05,4.29654510427995e-07,0.0085662058550261,0.0003325309530543,0.0003254340941857,1.9019617851085968e-06,rnd,0.01,2,RND (beta=0.01)
35000,0.063,0.1084,1.0,68,271,4037,1.0351914148659922e-05,3.519806412949551e-07,1.0351914148659922e-05,3.519806412949551e-07,0.0081317380694004,0.0002765231109762,0.0003087888492009,1.8017008329991316e-06,rnd,0.01,2,RND (beta=0.01)
36000,0.033,0.1063055555555555,1.0,68,271,4070,8.888003156409303e-06,2.5922930604265377e-07,8.888003156409303e-06,2.5922930604265377e-07,0.0070782899779489,0.0002062751675465,0.0003573119313659,1.7326219237077112e-06,rnd,0.01,2,RND (beta=0.01)
37000,0.099,0.1061081081081081,1.0,68,271,4169,1.0119547387332224e-05,1.877622818117821e-07,1.0119547387332224e-05,1.877622818117821e-07,0.0081516486892497,0.0001514767699306,0.0003117867527053,1.6892801888843678e-06,rnd,0.01,2,RND (beta=0.01)
38000,0.083,0.1055,1.0,68,271,4252,1.1408048565674807e-05,3.3307698726922364e-07,1.1408048565674807e-05,3.3307698726922364e-07,0.0093250882237303,0.0002726721349488,0.0003084232515175,1.6371179121392742e-06,rnd,0.01,2,RND (beta=0.01)
39000,0.038,0.1037692307692307,1.0,68,271,4290,9.520821172851645e-06,2.811166913352624e-07,9.520821172851645e-06,2.811166913352624e-07,0.0078644341229984,0.0002325866871318,0.0002857946043168,1.6124202921048436e-06,rnd,0.01,2,RND (beta=0.01)
40000,0.051,0.10245,1.0,68,271,4341,8.498031556704446e-06,2.549698681096854e-07,8.498031556704446e-06,2.549698681096854e-07,0.0071226816317258,0.0002134087872071,0.0002658781251702,1.6046838009060592e-06,rnd,0.01,2,RND (beta=0.01)
41000,0.098,0.1023414634146341,1.0,68,271,4439,9.678795125331148e-06,2.3408442561115947e-07,9.678795125331148e-06,2.3408442561115947e-07,0.0082132274437269,0.0001987935326667,0.0002694698743798,1.535376891041551e-06,rnd,0.01,2,RND (beta=0.01)
42000,0.088,0.102,1.0,68,271,4527,9.303188355922678e-06,2.088037241472569e-07,9.303188355922678e-06,2.088037241472569e-07,0.0079819244373325,0.0001792502602274,0.0002447536017707,1.5379195079958662e-06,rnd,0.01,2,RND (beta=0.01)
43000,0.104,0.1020465116279069,1.0,68,271,4631,8.651560361928345e-06,1.4845153640094137e-07,8.651560361928345e-06,1.4845153640094137e-07,0.0075148479989639,0.0001289377911261,0.0002384059577816,1.5060893427403243e-06,rnd,0.01,2,RND (beta=0.01)
44000,0.128,0.1026363636363636,1.0,68,271,4759,1.0484316630865465e-05,8.78984435805837e-07,1.0484316630865465e-05,8.78984435805837e-07,0.0092185956091608,0.0007695595052285,0.0002445652812748,1.4758993486907455e-06,rnd,0.01,2,RND (beta=0.01)
45000,0.058,0.1016444444444444,1.0,68,271,4817,9.36243963741586e-06,7.705731887856743e-07,9.36243963741586e-06,7.705731887856743e-07,0.0083043131761612,0.000684141151426,0.0002892085315816,1.446171350238501e-06,rnd,0.01,2,RND (beta=0.01)
46000,0.07,0.1009565217391304,1.0,68,271,4887,8.512104311973546e-06,1.3962423909048228e-07,8.512104311973546e-06,1.3962423909048228e-07,0.0076453467098501,0.0001253450700548,0.0002659270843687,1.4238414136116262e-06,rnd,0.01,2,RND (beta=0.01)
47000,0.291,0.105,1.0,68,271,5178,9.312843148143477e-06,1.3589198764601894e-07,9.312843148143477e-06,1.3589198764601894e-07,0.008453754866232,0.0001233039734605,0.0002640618233344,1.410823609290901e-06,rnd,0.01,2,RND (beta=0.01)
48000,0.115,0.1052083333333333,1.0,68,271,5293,9.646987275672196e-06,1.367838430433759e-07,9.646987275672196e-06,1.367838430433759e-07,0.0088394499550087,0.0001254405557797,0.0002541586116221,1.412992855819084e-06,rnd,0.01,2,RND (beta=0.01)
49000,0.032,0.1037142857142857,1.0,68,271,5325,5.8820813606530464e-06,1.1843002014878985e-07,5.8820813606530464e-06,1.1843002014878985e-07,0.0054498945862176,0.0001096864390724,0.0002998705921199,1.390931355444991e-06,rnd,0.01,2,RND (beta=0.01)
50000,0.044,0.10252,1.0,68,271,5369,6.628139947844664e-06,1.4422922210519006e-07,6.628139947844664e-06,1.4422922210519006e-07,0.0062019722336693,0.0001349057033152,0.0002693560165762,1.350215677490496e-06,rnd,0.01,2,RND (beta=0.01)
51000,0.036,0.1012156862745098,1.0,68,271,5405,6.157463234204543e-06,1.7763199038925786e-07,6.157463234204543e-06,1.7763199038925786e-07,0.0058112947059334,0.0001678830700101,0.0002445753484289,1.324744482474216e-06,rnd,0.01,2,RND (beta=0.01)
52000,0.072,0.1006538461538461,1.0,68,271,5477,6.405959851463194e-06,1.1707665511009021e-07,6.405959851463194e-06,1.1707665511009021e-07,0.0061091749971092,0.0001116576693383,0.0002174245248024,1.2710970194262927e-06,rnd,0.01,2,RND (beta=0.01)
53000,0.066,0.1,1.0,68,271,5543,5.758961006821747e-06,1.094751268766763e-07,5.758961006821747e-06,1.094751268766763e-07,0.005543632967127,0.0001053936999049,0.0002420684039948,1.251529105246618e-06,rnd,0.01,2,RND (beta=0.01)
54000,0.137,0.1006851851851851,1.0,68,271,5680,9.350617443341811e-06,9.844745200637713e-08,9.350617443341811e-06,9.844745200637713e-08,0.009096549030912,9.563365259388526e-05,0.000239735330575,1.1887131641401535e-06,rnd,0.01,2,RND (beta=0.01)
55000,0.046,0.0996909090909091,1.0,68,271,5726,5.626939291094301e-06,1.1310965533307968e-07,5.626939291094301e-06,1.1310965533307968e-07,0.0055207254595787,0.0001108981593087,0.000242753563356,1.1678706948714534e-06,rnd,0.01,2,RND (beta=0.01)
56000,0.043,0.0986785714285714,1.0,68,271,5769,5.719353275919783e-06,8.829813651637236e-08,5.719353275919783e-06,8.829813651637236e-08,0.00565751487642,8.735390829977212e-05,0.0002333521116788,1.0877836802762889e-06,rnd,0.01,2,RND (beta=0.01)
57000,0.034,0.0975438596491228,1.0,68,271,5803,5.57664207810697e-06,1.2302707934338978e-07,5.57664207810697e-06,1.2302707934338978e-07,0.0055612219851495,0.0001227847887217,0.0002367914385936,1.0578499429811928e-06,rnd,0.01,2,RND (beta=0.01)
58000,0.023,0.0962586206896551,1.0,68,271,5826,5.83662732305643e-06,1.2656462697759338e-07,5.83662732305643e-06,1.2656462697759338e-07,0.0058778936079135,0.0001274045199279,0.0002512251033567,9.974340286476037e-07,rnd,0.01,2,RND (beta=0.01)
59000,0.025,0.0950508474576271,1.0,68,271,5851,7.230088203868945e-06,1.147745160378049e-07,7.230088203868945e-06,1.147745160378049e-07,0.0073455095751288,0.0001164946271953,0.0002395603951481,9.615070051864903e-07,rnd,0.01,2,RND (beta=0.01)
60000,0.221,0.09715,1.0,68,271,6072,9.606695264838024e-06,1.1451560105257789e-07,9.606695264838024e-06,1.1451560105257789e-07,0.0098272614455219,0.0001172422252424,0.0002748132083597,9.815067438267989e-07,rnd,0.01,2,RND (beta=0.01)
61000,0.07,0.0967049180327868,1.0,68,271,6142,6.3275092608299535e-06,9.958359076901898e-08,6.3275092608299535e-06,9.958359076901898e-08,0.0065240249699916,0.000102781367545,0.0002239789504164,9.536834022725316e-07,rnd,0.01,2,RND (beta=0.01)
62000,0.063,0.0961612903225806,1.0,68,271,6205,9.109613646586016e-06,1.221301778722217e-07,9.109613646586016e-06,1.221301778722217e-07,0.0094718393738488,0.00012710575272,0.0002306923374744,9.5045587559639e-07,rnd,0.01,2,RND (beta=0.01)
63000,0.036,0.0952063492063492,1.0,68,271,6241,5.520185810483882e-06,1.0505121826005235e-07,5.520185810483882e-06,1.0505121826005235e-07,0.0057854003153512,0.0001101566705339,0.0002210068863487,9.379121122137236e-07,rnd,0.01,2,RND (beta=0.01)
64000,0.083,0.095015625,1.0,68,271,6324,7.83396365844614e-06,1.0542708110031204e-07,7.83396365844614e-06,1.0542708110031204e-07,0.0082906973510496,0.0001113913727808,0.0002244838230926,9.34190286685066e-07,rnd,0.01,2,RND (beta=0.01)
65000,0.218,0.0969076923076923,1.0,68,271,6542,9.486147122716086e-06,9.82583877791566e-08,9.486147122716086e-06,9.82583877791566e-08,0.0101031573018098,0.0001046448184199,0.0002508085270674,9.196200507943786e-07,rnd,0.01,2,RND (beta=0.01)
66000,0.037,0.096,1.0,68,271,6579,4.943919416414369e-06,9.219420927897675e-08,4.943919416414369e-06,9.219420927897675e-08,0.0053074268472037,9.893515877532445e-05,0.0002101682023844,9.311530861282336e-07,rnd,0.01,2,RND (beta=0.01)
67000,0.015,0.0947910447761194,1.0,68,271,6594,4.314896644549056e-06,1.0232108059563308e-07,4.314896644549056e-06,1.0232108059563308e-07,0.0046580175068477,0.0001106294994803,0.0002591762887504,9.121766799040642e-07,rnd,0.01,2,RND (beta=0.01)
68000,0.206,0.0964264705882353,1.0,68,271,6800,7.562323720847116e-06,1.2555676583060653e-07,7.562323720847116e-06,1.2555676583060653e-07,0.0082247029791833,0.0001367682562303,0.000207126148327,8.633066411576351e-07,rnd,0.01,2,RND (beta=0.01)
69000,0.056,0.0958405797101449,1.0,68,271,6856,8.927612721468644e-06,3.856574650627281e-07,8.927612721468644e-06,3.856574650627281e-07,0.0097803670480136,0.0004225469013624,0.0002325955656065,8.44608491043175e-07,rnd,0.01,2,RND (beta=0.01)
70000,0.057,0.0952857142857142,1.0,68,271,6913,6.191283929231424e-06,9.454029959877513e-08,6.191283929231424e-06,9.454029959877513e-08,0.0068393735211148,0.0001044358214585,0.0001974384975515,8.002380903846529e-07,rnd,0.01,2,RND (beta=0.01)
71000,0.062,0.0948169014084507,1.0,68,271,6975,5.534001933292823e-06,2.5573314066527e-07,5.534001933292823e-06,2.5573314066527e-07,0.006156219711861,0.0002840140259024,0.0001828774264154,7.808757999470117e-07,rnd,0.01,2,RND (beta=0.01)
72000,0.068,0.0944444444444444,1.0,68,271,7043,4.649964416651474e-06,8.417950450196802e-08,4.649964416651474e-06,8.417950450196802e-08,0.0052089004599773,9.429577359031402e-05,0.000192045371617,7.582821234635162e-07,rnd,0.01,2,RND (beta=0.01)
73000,0.047,0.0937945205479452,1.0,68,271,7090,4.6586505282283856e-06,9.124012719329527e-08,4.6586505282283856e-06,9.124012719329527e-08,0.0052534105254008,0.0001029220555183,0.0001958774676261,7.186151919782446e-07,rnd,0.01,2,RND (beta=0.01)
74000,0.016,0.0927432432432432,1.0,68,271,7106,5.8320142102274986e-06,1.2282042512201845e-07,5.8320142102274986e-06,1.2282042512201845e-07,0.0066278981455679,0.0001395474287704,0.0002177753387159,6.935539929600054e-07,rnd,0.01,2,RND (beta=0.01)
75000,0.095,0.0927733333333333,1.0,68,271,7201,9.211240822687135e-06,3.34649383488841e-07,9.211240822687135e-06,3.34649383488841e-07,0.0105238430373073,0.0003825539753881,0.0002174969399549,6.68659565569385e-07,rnd,0.01,2,RND (beta=0.01)
76000,0.047,0.0921710526315789,1.0,68,271,7248,1.378110203965681e-05,2.5878656639180413e-07,1.378110203965681e-05,2.5878656639180413e-07,0.0158733880101609,0.0002979706456971,0.0001974183112165,6.427400126867155e-07,rnd,0.01,2,RND (beta=0.01)
77000,0.023,0.0912727272727272,1.0,68,271,7271,7.332401231036309e-06,1.423310515442767e-07,7.332401231036309e-06,1.423310515442767e-07,0.008485819346883,0.0001646999669091,0.0001934693806022,6.393989991977378e-07,rnd,0.01,2,RND (beta=0.01)
78000,0.04,0.0906153846153846,1.0,68,271,7311,5.9882519849452365e-06,9.911718486891688e-08,5.9882519849452365e-06,9.911718486891688e-08,0.0069703461563161,0.0001154730522866,0.0001816309108771,6.145187365333981e-07,rnd,0.01,2,RND (beta=0.01)
79000,0.045,0.0900379746835443,1.0,68,271,7356,4.5700295029544375e-06,8.297124281778629e-08,4.5700295029544375e-06,8.297124281778629e-08,0.0053598156791162,9.732362115874192e-05,0.0002122906197132,5.962175794920199e-07,rnd,0.01,2,RND (beta=0.01)
80000,0.047,0.0895,1.0,68,271,7403,4.605543671595057e-06,2.437797229466188e-07,4.605543671595057e-06,2.437797229466188e-07,0.0054396070937627,0.0002879307714941,0.0002239681935006,5.8639534093885e-07,rnd,0.01,2,RND (beta=0.01)
81000,0.597,0.0957654320987654,1.0,68,271,8000,6.974720533672832e-06,1.786526593559531e-07,6.974720533672832e-06,1.786526593559531e-07,0.0082825869789007,0.0002123905925345,0.0001963710326572,5.87894351880891e-07,rnd,0.01,2,RND (beta=0.01)
82000,0.066,0.0954024390243902,1.0,68,271,8066,4.726934180050166e-06,1.416865073936566e-07,4.726934180050166e-06,1.416865073936566e-07,0.0056464590927181,0.0001691548790791,0.0001991766251735,6.365861952559726e-07,rnd,0.01,2,RND (beta=0.01)
83000,0.011,0.0943855421686747,1.0,68,271,8077,3.374438950810476e-06,7.84286961782945e-08,3.374438950810476e-06,7.84286961782945e-08,0.0040534296791806,9.426803802939958e-05,0.0002223222022369,6.185307137869244e-07,rnd,0.01,2,RND (beta=0.01)
84000,0.068,0.0940714285714285,1.0,68,271,8145,4.048418749308064e-06,7.014340289526874e-08,4.048418749308064e-06,7.014340289526874e-08,0.0048947445965872,8.481670497958591e-05,0.0001988778007148,6.028165292804033e-07,rnd,0.01,2,RND (beta=0.01)
85000,0.011,0.0930941176470588,1.0,68,271,8156,3.5938122974502304e-06,1.704481615775484e-07,3.5938122974502304e-06,1.704481615775484e-07,0.0043669582836198,0.0002073759297931,0.0002637489120106,5.946893716100021e-07,rnd,0.01,2,RND (beta=0.01)
86000,0.01,0.0921279069767441,1.0,68,271,8166,3.8673100561936735e-06,8.145901667229465e-08,3.8673100561936735e-06,8.145901667229465e-08,0.0047319510101788,9.964361220579762e-05,0.0002258429481539,5.778985593920538e-07,rnd,0.01,2,RND (beta=0.01)
87000,0.575,0.0976781609195402,1.0,68,271,8741,8.072406705215816e-06,2.794231488929413e-07,8.072406705215816e-06,2.794231488929413e-07,0.0099333885180938,0.000344176507316,0.0002271564771501,6.063743920847741e-07,rnd,0.01,2,RND (beta=0.01)
88000,0.073,0.0973977272727272,1.0,68,271,8814,5.490418989709674e-06,7.928285899974347e-08,5.490418989709674e-06,7.928285899974347e-08,0.0067917776792884,9.809786132669164e-05,0.0002304117146969,6.663654439620359e-07,rnd,0.01,2,RND (beta=0.01)
89000,0.071,0.0971011235955056,1.0,68,271,8885,5.2423646702407775e-06,8.719768781493609e-08,5.2423646702407775e-06,8.719768781493609e-08,0.0065237773093139,0.0001085168890208,0.0002042880221599,6.418590311483286e-07,rnd,0.01,2,RND (beta=0.01)
90000,0.052,0.0966,1.0,68,271,8937,5.312132132600639e-06,1.1767272216924423e-07,5.312132132600639e-06,1.1767272216924423e-07,0.0066465951293693,0.0001473028197528,0.0002382014990464,6.629486351243941e-07,rnd,0.01,2,RND (beta=0.01)
91000,0.077,0.0963846153846153,1.0,68,271,9014,5.598263191155615e-06,7.756961296282884e-08,5.598263191155615e-06,7.756961296282884e-08,0.0070443788438818,9.760518044246518e-05,0.0002011973996178,6.386770470570014e-07,rnd,0.01,2,RND (beta=0.01)
92000,0.09,0.0963152173913043,1.0,68,271,9104,7.97587637180186e-06,2.0551306678418225e-07,7.97587637180186e-06,2.0551306678418225e-07,0.0100922146764643,0.0002600035589768,0.0002007622949729,6.38333796835866e-07,rnd,0.01,2,RND (beta=0.01)
93000,0.07,0.0960322580645161,1.0,68,271,9174,4.750731078014984e-06,7.5821446127107e-08,4.750731078014984e-06,7.5821446127107e-08,0.0060419459948945,9.64434491718504e-05,0.0002457175023907,6.399466157560596e-07,rnd,0.01,2,RND (beta=0.01)
94000,0.134,0.0964361702127659,1.0,68,271,9308,1.4332034637126484e-05,4.645957716812774e-07,1.4332034637126484e-05,4.645957716812774e-07,0.0183289539907447,0.0005939232385453,0.0002362987106217,6.362502064973796e-07,rnd,0.01,2,RND (beta=0.01)
95000,0.117,0.0966526315789473,1.0,68,271,9425,1.3394824570715507e-05,4.496182543932708e-07,1.3394824570715507e-05,4.496182543932708e-07,0.01721159298911,0.0005781394514598,0.0002460113951019,6.581963397707113e-07,rnd,0.01,2,RND (beta=0.01)
96000,0.134,0.0970416666666666,1.0,68,271,9559,1.2960056916307989e-05,3.281243230811256e-07,1.2960056916307989e-05,3.281243230811256e-07,0.0167447054800144,0.0004236931860945,0.000195426390439,6.78024965658608e-07,rnd,0.01,2,RND (beta=0.01)
97000,0.137,0.0974536082474226,1.0,68,271,9696,1.146287545153912e-05,1.956184559453863e-07,1.146287545153912e-05,1.956184559453863e-07,0.0148876141492184,0.0002540375829322,0.000204491794509,6.999036124426538e-07,rnd,0.01,2,RND (beta=0.01)
98000,0.081,0.0972857142857142,1.0,68,271,9777,9.047295051976015e-06,1.1765266868254793e-07,9.047295051976015e-06,1.1765266868254793e-07,0.0118137090583136,0.0001535777675954,0.0002484042414143,6.895740147143669e-07,rnd,0.01,2,RND (beta=0.01)
99000,0.075,0.097060606060606,1.0,68,271,9852,4.6114912947814444e-06,7.103579436433564e-08,4.6114912947814444e-06,7.103579436433564e-08,0.0060488725466438,9.319683267701796e-05,0.0001709772855009,6.710787325445722e-07,rnd,0.01,2,RND (beta=0.01)
100000,0.065,0.09674,1.0,68,271,9917,4.603505074276025e-06,7.521519819192082e-08,4.603505074276025e-06,7.521519819192082e-08,0.0060693820680034,9.916927747613152e-05,0.0002372829919685,6.74585978785558e-07,rnd,0.01,2,RND (beta=0.01)
1000,0.156,0.156,0.5147058823529411,35,119,258,0.0060900552466941,0.0049795021641761,0.0060900552466941,0.0049795021641761,4.920968448932388,4.742271962329663,0.0082983160391449,0.0050926986150443,rnd,0.01,3,RND (beta=0.01)
2000,0.263,0.2095,0.5441176470588235,37,129,530,0.0003617300129703,0.0003366299184856,0.0003617300129703,0.0003366299184856,0.2639141663987519,0.309372296810572,0.0007496021756669,0.0003177235978437,rnd,0.01,3,RND (beta=0.01)
3000,0.137,0.1853333333333333,0.5882352941176471,40,148,684,8.173914140875937e-05,4.671454498384475e-05,8.173914140875937e-05,4.671454498384475e-05,0.0329234383132959,0.0186085489560812,0.0008660567807964,3.755388805075199e-05,rnd,0.01,3,RND (beta=0.01)
4000,0.151,0.17675,0.6617647058823529,45,166,851,5.516494717169476e-05,2.213071840049653e-05,5.516494717169476e-05,2.213071840049653e-05,0.0234902516897331,0.0094946194906885,0.0004220331009419,1.9537734106052083e-05,rnd,0.01,3,RND (beta=0.01)
5000,0.113,0.164,0.6617647058823529,45,167,965,4.024458953648944e-05,7.351430039190013e-06,4.024458953648944e-05,7.351430039190013e-06,0.0187321594088527,0.0034245875391445,0.0003204575581476,1.2288274584079773e-05,rnd,0.01,3,RND (beta=0.01)
6000,0.149,0.1615,0.6764705882352942,46,172,1119,3.5367244372109966e-05,1.3045733652361228e-05,3.5367244372109966e-05,1.3045733652361228e-05,0.017634725957962,0.0065139975582787,0.0002878444443631,9.220148521762896e-06,rnd,0.01,3,RND (beta=0.01)
7000,0.133,0.1574285714285714,0.8529411764705882,58,215,1293,2.8427975821546e-05,1.7699165557853737e-05,2.8427975821546e-05,1.7699165557853737e-05,0.0150477070931418,0.0093094160692247,0.0002738196450445,8.4394866544244e-06,rnd,0.01,3,RND (beta=0.01)
8000,0.235,0.167125,0.9705882352941176,66,250,1560,2.5966496998970545e-05,1.8434709502689568e-05,2.5966496998970545e-05,1.8434709502689568e-05,0.0147357000218394,0.0102532059284626,0.0002231714793015,7.712971449564066e-06,rnd,0.01,3,RND (beta=0.01)
9000,0.077,0.1571111111111111,0.9705882352941176,66,256,1642,2.459630447104588e-05,1.556750945488535e-05,2.459630447104588e-05,1.556750945488535e-05,0.0146535709118148,0.0091589300378002,0.0001864890690376,7.127989214268382e-06,rnd,0.01,3,RND (beta=0.01)
10000,0.151,0.1565,0.9705882352941176,66,256,1793,2.2094288794584003e-05,6.211050584394982e-06,2.2094288794584003e-05,6.211050584394982e-06,0.0136734513222668,0.0038767153845783,0.0001786256141531,6.275010731542352e-06,rnd,0.01,3,RND (beta=0.01)
11000,0.106,0.1519090909090909,1.0,68,263,1906,2.217929216574291e-05,5.0959109164681085e-06,2.217929216574291e-05,5.0959109164681085e-06,0.0144416770271045,0.0033218794812978,0.0001710491166413,5.510509422492759e-06,rnd,0.01,3,RND (beta=0.01)
12000,0.192,0.15525,1.0,68,263,2098,2.0337481961026544e-05,2.31677869278023e-06,2.0337481961026544e-05,2.31677869278023e-06,0.0137629726518388,0.0015857775509253,0.0001688820065792,5.0174369953310815e-06,rnd,0.01,3,RND (beta=0.01)
13000,0.165,0.156,1.0,68,268,2268,1.9715787683790867e-05,5.408107009298455e-06,1.9715787683790867e-05,5.408107009298455e-06,0.0138712913392942,0.0037862178414971,0.0001631487097511,4.725235372802672e-06,rnd,0.01,3,RND (beta=0.01)
14000,0.208,0.1597142857142857,1.0,68,268,2476,1.8589140762077688e-05,1.1549723404291164e-06,1.8589140762077688e-05,1.1549723404291164e-06,0.0135420191304521,0.0008430858325124,0.0001702674841726,4.412852548739466e-06,rnd,0.01,3,RND (beta=0.01)
15000,0.244,0.1653333333333333,1.0,68,268,2720,1.808474675100547e-05,2.044338565531565e-06,1.808474675100547e-05,2.044338565531565e-06,0.013599043803872,0.0015354515473086,0.0001599376941703,4.140565118291306e-06,rnd,0.01,3,RND (beta=0.01)
16000,0.162,0.165125,1.0,68,270,2884,1.8363776481787624e-05,5.811747658080592e-06,1.8363776481787624e-05,5.811747658080592e-06,0.0142902304522434,0.0045054811560736,0.0001642346404369,4.074685039881842e-06,rnd,0.01,3,RND (beta=0.01)
17000,0.119,0.1624117647058823,1.0,68,270,3003,1.692617176765353e-05,2.709082453282537e-06,1.692617176765353e-05,2.709082453282537e-06,0.0134900443463187,0.0021632437375101,0.0001766681105764,4.055873624338346e-06,rnd,0.01,3,RND (beta=0.01)
18000,0.135,0.1608888888888889,1.0,68,270,3138,1.6814138982428832e-05,4.02262975838166e-06,1.6814138982428832e-05,4.02262975838166e-06,0.0137425584264176,0.0032957862486815,0.0001817562848336,3.9501649077919866e-06,rnd,0.01,3,RND (beta=0.01)
19000,0.034,0.1542105263157894,1.0,68,270,3172,1.6298704368262622e-05,3.6262977135077056e-06,1.6298704368262622e-05,3.6262977135077056e-06,0.0136694167599991,0.0030630874806967,0.0002124698754378,3.677712808894285e-06,rnd,0.01,3,RND (beta=0.01)
20000,0.052,0.1491,1.0,68,270,3224,1.7088546271154952e-05,1.755369618752532e-06,1.7088546271154952e-05,1.755369618752532e-06,0.0147353259375715,0.001515018527619,0.0001998703717581,3.490486246278124e-06,rnd,0.01,3,RND (beta=0.01)
21000,0.071,0.1453809523809524,1.0,68,270,3295,1.494307168965387e-05,1.296927082355379e-06,1.494307168965387e-05,1.296927082355379e-06,0.0132292998316904,0.0011457419030581,0.0002128984714036,3.283421967012145e-06,rnd,0.01,3,RND (beta=0.01)
22000,0.074,0.1421363636363636,1.0,68,270,3369,1.6574984722349138e-05,1.0246729631414731e-06,1.6574984722349138e-05,1.0246729631414731e-06,0.01496616317514,0.0009255131582002,0.0002143987258459,3.105323021713957e-06,rnd,0.01,3,RND (beta=0.01)
23000,0.023,0.1369565217391304,1.0,68,270,3392,1.4448847591468264e-05,1.4763334115404146e-06,1.4448847591468264e-05,1.4763334115404146e-06,0.0133286859695416,0.0013633937079261,0.0002060271884729,2.910589346527104e-06,rnd,0.01,3,RND (beta=0.01)
24000,0.046,0.1331666666666666,1.0,68,271,3439,1.4500518338299235e-05,1.6415790385838423e-06,1.4500518338299235e-05,1.6415790385838423e-06,0.0136391003024731,0.0015504013635449,0.0001959769162931,2.8137728303363474e-06,rnd,0.01,3,RND (beta=0.01)
25000,0.106,0.13208,1.0,68,271,3545,1.4976626778421496e-05,6.386550140021319e-07,1.4976626778421496e-05,6.386550140021319e-07,0.0143813920578749,0.000613291223658,0.0001819205666051,2.661198367320594e-06,rnd,0.01,3,RND (beta=0.01)
26000,0.029,0.1281153846153846,1.0,68,271,3574,1.260490516242812e-05,1.0479405825995494e-06,1.260490516242812e-05,1.0479405825995494e-06,0.0123162861620198,0.0010276024706916,0.0001653953320801,2.534047580752485e-06,rnd,0.01,3,RND (beta=0.01)
27000,0.129,0.1281481481481481,1.0,68,271,3703,1.4949344721423777e-05,6.036229962711957e-07,1.4949344721423777e-05,6.036229962711957e-07,0.0149277414110576,0.0006017527343226,0.0001562331631484,2.448645341075917e-06,rnd,0.01,3,RND (beta=0.01)
28000,0.138,0.1285,1.0,68,271,3841,1.4793952034423178e-05,1.4964861290759271e-06,1.4793952034423178e-05,1.4964861290759271e-06,0.0150074602385965,0.0015181953433757,0.0001589274471061,2.4506464931164373e-06,rnd,0.01,3,RND (beta=0.01)
29000,0.141,0.1289310344827586,1.0,68,271,3982,1.4542608749652314e-05,6.333914529919137e-07,1.4542608749652314e-05,6.333914529919137e-07,0.0150379246258807,0.0006521646656184,0.0001607670935263,2.377996059749421e-06,rnd,0.01,3,RND (beta=0.01)
30000,0.094,0.1277666666666666,1.0,68,271,4076,1.3985333390202016e-05,3.959695362317549e-07,1.3985333390202016e-05,3.959695362317549e-07,0.0146586485152184,0.0004161586503473,0.0001598897316516,2.31023025412469e-06,rnd,0.01,3,RND (beta=0.01)
31000,0.068,0.1258387096774193,1.0,68,271,4144,1.3946222913867078e-05,7.317228560557708e-07,1.3946222913867078e-05,7.317228560557708e-07,0.0148868314010209,0.0007784486245834,0.0001576696141983,2.24208489476041e-06,rnd,0.01,3,RND (beta=0.01)
32000,0.107,0.12525,1.0,68,271,4251,1.556760295651631e-05,6.402036539460684e-07,1.556760295651631e-05,6.402036539460684e-07,0.0168532844031673,0.000696457629837,0.0001687594676104,2.2165807139913342e-06,rnd,0.01,3,RND (beta=0.01)
33000,0.114,0.1249090909090909,1.0,68,271,4365,1.2705509362332807e-05,1.9100827397007202e-07,1.2705509362332807e-05,1.9100827397007202e-07,0.0139751276611672,0.0002101887254324,0.0001785848583167,2.147531137779879e-06,rnd,0.01,3,RND (beta=0.01)
34000,0.099,0.1241470588235294,1.0,68,271,4464,1.6199414665496796e-05,5.726201709410689e-07,1.6199414665496796e-05,5.726201709410689e-07,0.0181548379616717,0.0006392524662564,0.0001847291340673,2.08675966428018e-06,rnd,0.01,3,RND (beta=0.01)
35000,0.094,0.1232857142857142,1.0,68,271,4558,1.4132702967509296e-05,2.850879580364061e-07,1.4132702967509296e-05,2.850879580364061e-07,0.0159891714397718,0.0003230240528499,0.0001728476585358,2.079318756273097e-06,rnd,0.01,3,RND (beta=0.01)
36000,0.063,0.1216111111111111,1.0,68,271,4621,1.4140659863591684e-05,6.449514907706926e-07,1.4140659863591684e-05,6.449514907706926e-07,0.0162478709807302,0.0007410959109312,0.0001748219193577,1.999878507319863e-06,rnd,0.01,3,RND (beta=0.01)
37000,0.051,0.1197027027027027,1.0,68,271,4672,1.320940199387705e-05,6.984157026416173e-07,1.320940199387705e-05,6.984157026416173e-07,0.0153973244289964,0.0008123768998729,0.0001537035324745,1.961904819722804e-06,rnd,0.01,3,RND (beta=0.01)
38000,0.248,0.123078947368421,1.0,68,271,4920,1.3653257594209971e-05,7.832369094100016e-07,1.3653257594209971e-05,7.832369094100016e-07,0.0160820300337205,0.0009251912574475,0.0001638633477796,1.960784241248348e-06,rnd,0.01,3,RND (beta=0.01)
39000,0.136,0.1234102564102564,1.0,68,271,5056,1.3426703660838136e-05,9.816464449620678e-07,1.3426703660838136e-05,9.816464449620678e-07,0.0160498621474136,0.0011713098109701,0.0001599261702467,1.9673411566714096e-06,rnd,0.01,3,RND (beta=0.01)
40000,0.11,0.123075,1.0,68,271,5166,1.1647284141376572e-05,7.515013287896761e-07,1.1647284141376572e-05,7.515013287896761e-07,0.0140852797834658,0.0009096686725431,0.0002041511502711,1.9533747999389563e-06,rnd,0.01,3,RND (beta=0.01)
41000,0.074,0.1218780487804878,1.0,68,271,5240,1.1354648093500244e-05,5.739972233349789e-07,1.1354648093500244e-05,5.739972233349789e-07,0.0139262411607831,0.0007021859616302,0.0001859459429024,1.9284853101453336e-06,rnd,0.01,3,RND (beta=0.01)
42000,0.109,0.1215714285714285,1.0,68,271,5349,1.1223730863769669e-05,5.352642347931418e-07,1.1223730863769669e-05,5.352642347931418e-07,0.0139031680538061,0.0006634889523321,0.0002243027467811,1.8972618009911456e-06,rnd,0.01,3,RND (beta=0.01)
43000,0.056,0.1200465116279069,1.0,68,271,5405,1.0584933416371964e-05,2.685944631379156e-07,1.0584933416371964e-05,2.685944631379156e-07,0.0132683332047788,0.0003363914126283,0.0002413624221508,1.8572255217463865e-06,rnd,0.01,3,RND (beta=0.01)
44000,0.112,0.1198636363636363,1.0,68,271,5517,1.0901095070689085e-05,3.67754188174991e-07,1.0901095070689085e-05,3.67754188174991e-07,0.013810873175079,0.0004657544443192,0.0002798908355798,1.8169059896422368e-06,rnd,0.01,3,RND (beta=0.01)
45000,0.153,0.1206,1.0,68,271,5670,1.0879759245095212e-05,1.7768374881730337e-07,1.0879759245095212e-05,1.7768374881730337e-07,0.0139332580186964,0.0002276678008646,0.0002676686851636,1.8199410185388843e-06,rnd,0.01,3,RND (beta=0.01)
46000,0.086,0.1198478260869565,1.0,68,271,5756,9.669461059444116e-06,1.9338152057457594e-07,9.669461059444116e-06,1.9338152057457594e-07,0.0125216593697224,0.0002505400508855,0.000285906915783,1.7778709933509163e-06,rnd,0.01,3,RND (beta=0.01)
47000,0.085,0.1191063829787234,1.0,68,271,5841,8.956373162886046e-06,1.5609041772143034e-07,8.956373162886046e-06,1.5609041772143034e-07,0.0117235463062154,0.0002042893833235,0.0003164630763985,1.7381288387525728e-06,rnd,0.01,3,RND (beta=0.01)
48000,0.077,0.1182291666666666,1.0,68,271,5918,9.05435237135472e-06,1.4865151337188593e-07,9.05435237135472e-06,1.4865151337188593e-07,0.0119762202449534,0.0001966165943389,0.0003462460694099,1.6997314129412188e-06,rnd,0.01,3,RND (beta=0.01)
49000,0.157,0.1190204081632653,1.0,68,271,6075,9.617564159456216e-06,1.4310253429846681e-07,9.617564159456216e-06,1.4310253429846681e-07,0.0128343437173732,0.0001912430358399,0.0003610013583256,1.678046261133659e-06,rnd,0.01,3,RND (beta=0.01)
50000,0.046,0.11756,1.0,68,271,6121,9.887911302109348e-06,1.3862864673481252e-07,9.887911302109348e-06,1.3862864673481252e-07,0.013339727177557,0.0001870846653339,0.0003233262291269,1.655750860408034e-06,rnd,0.01,3,RND (beta=0.01)
51000,0.036,0.1159607843137254,1.0,68,271,6157,8.140445452732416e-06,1.5591635265864486e-07,8.140445452732416e-06,1.5591635265864486e-07,0.0110918244526797,0.000212490208023,0.0003672564684711,1.599016984556556e-06,rnd,0.01,3,RND (beta=0.01)
52000,0.064,0.1149615384615384,1.0,68,271,6221,8.736955528831913e-06,1.672143711927969e-07,8.736955528831913e-06,1.672143711927969e-07,0.0120237499590736,0.00022983986442,0.0003628882213415,1.557883932406412e-06,rnd,0.01,3,RND (beta=0.01)
53000,0.022,0.1132075471698113,1.0,68,271,6243,6.9531940983903375e-06,1.508050086897351e-07,6.9531940983903375e-06,1.508050086897351e-07,0.0096564688383931,0.0002093948272776,0.0003463797195017,1.5137656365880049e-06,rnd,0.01,3,RND (beta=0.01)
54000,0.028,0.1116296296296296,1.0,68,271,6271,8.53516285457902e-06,1.245063092369433e-07,8.53516285457902e-06,1.245063092369433e-07,0.0119628900686616,0.0001745164853246,0.0004029890403198,1.4771985734682858e-06,rnd,0.01,3,RND (beta=0.01)
55000,0.034,0.1102181818181818,1.0,68,271,6305,8.894385038783024e-06,1.6037895357558546e-07,8.894385038783024e-06,1.6037895357558546e-07,0.0125852379859727,0.0002268014319149,0.0003705444034349,1.4136922081604552e-06,rnd,0.01,3,RND (beta=0.01)
56000,0.053,0.1091964285714285,1.0,68,271,6358,7.256898835242643e-06,1.6326564111357925e-07,7.256898835242643e-06,1.6326564111357925e-07,0.010362378251731,0.0002328845030229,0.0003682353563663,1.3802726586789048e-06,rnd,0.01,3,RND (beta=0.01)
57000,0.085,0.1087719298245614,1.0,68,271,6443,8.024956527793512e-06,1.3496667134772957e-07,8.024956527793512e-06,1.3496667134772957e-07,0.0115515726188891,0.0001943217667412,0.0003732415400463,1.352921836172527e-06,rnd,0.01,3,RND (beta=0.01)
58000,0.038,0.107551724137931,1.0,68,271,6481,7.171987488762074e-06,1.520210524338495e-07,7.171987488762074e-06,1.520210524338495e-07,0.0104025085702637,0.0002208260869439,0.0003788548449256,1.2721751086814947e-06,rnd,0.01,3,RND (beta=0.01)
59000,0.038,0.1063728813559322,1.0,68,271,6519,8.0741915493682e-06,1.2330102682087817e-07,8.0741915493682e-06,1.2330102682087817e-07,0.0118443502831258,0.0001805066486871,0.0004140177913632,1.217645477211704e-06,rnd,0.01,3,RND (beta=0.01)
60000,0.168,0.1074,1.0,68,271,6687,9.847597336179856e-06,1.262887809370629e-07,9.847597336179856e-06,1.262887809370629e-07,0.014532911888534,0.0001864717410614,0.0003660923754332,1.2242887785731682e-06,rnd,0.01,3,RND (beta=0.01)
61000,0.084,0.1070163934426229,1.0,68,271,6771,8.820424714680744e-06,1.560273786464789e-07,8.820424714680744e-06,1.560273786464789e-07,0.0131362430850212,0.0002322757733884,0.0003874055806791,1.2073424673673117e-06,rnd,0.01,3,RND (beta=0.01)
62000,0.048,0.1060645161290322,1.0,68,271,6819,8.151842574003846e-06,1.3756121301999416e-07,8.151842574003846e-06,1.3756121301999416e-07,0.0122227441953333,0.0002064948809246,0.0003622431561279,1.1695254339940675e-06,rnd,0.01,3,RND (beta=0.01)
63000,0.028,0.1048253968253968,1.0,68,271,6847,7.555874040982806e-06,1.393173970736961e-07,7.555874040982806e-06,1.393173970736961e-07,0.0114277201315758,0.0002107465930844,0.0003280136479461,1.130866603261893e-06,rnd,0.01,3,RND (beta=0.01)
64000,0.054,0.10403125,1.0,68,271,6901,6.387291376894508e-06,1.2687716653202086e-07,6.387291376894508e-06,1.2687716653202086e-07,0.0097338662127679,0.0001934144291364,0.0003491531091854,1.0561538228870404e-06,rnd,0.01,3,RND (beta=0.01)
65000,0.044,0.1031076923076923,1.0,68,271,6945,7.653922580175276e-06,1.394124801914485e-07,7.653922580175276e-06,1.394124801914485e-07,0.0117731560348966,0.0002140990377714,0.0003791491134725,9.86822186490599e-07,rnd,0.01,3,RND (beta=0.01)
66000,0.055,0.1023787878787878,1.0,68,271,7000,7.70706958312737e-06,1.554311128968469e-06,7.70706958312737e-06,1.554311128968469e-06,0.0119100803379379,0.0024108226210565,0.0003323975682837,9.664529923298915e-07,rnd,0.01,3,RND (beta=0.01)
67000,0.018,0.1011194029850746,1.0,68,271,7018,6.376171970461857e-06,1.1798259448753452e-07,6.376171970461857e-06,1.1798259448753452e-07,0.0099334690270091,0.0001840074123781,0.0003350555322131,9.025525404240398e-07,rnd,0.01,3,RND (beta=0.01)
68000,0.007,0.099735294117647,1.0,68,271,7025,4.955858847616972e-06,9.679031757663345e-08,4.955858847616972e-06,9.679031757663345e-08,0.0077796656325601,0.0001520397337267,0.0003332401404954,8.653851424327286e-07,rnd,0.01,3,RND (beta=0.01)
69000,0.555,0.1063333333333333,1.0,68,271,7580,1.0073673563572415e-05,8.902004326392323e-08,1.0073673563572415e-05,8.902004326392323e-08,0.0159521458021399,0.0001407254575771,0.000317567582806,9.145253562223844e-07,rnd,0.01,3,RND (beta=0.01)
70000,0.032,0.1052714285714285,1.0,68,271,7612,9.22995043595165e-06,4.342550501009028e-07,9.22995043595165e-06,4.342550501009028e-07,0.0147228964844606,0.0006933101400298,0.0003733010542441,9.549376775197516e-07,rnd,0.01,3,RND (beta=0.01)
71000,0.022,0.1040985915492957,1.0,68,271,7634,6.217626130158103e-06,3.453510797108429e-07,6.217626130158103e-06,3.453510797108429e-07,0.0099864980089025,0.0005530682893583,0.0003178382882483,9.400057481911972e-07,rnd,0.01,3,RND (beta=0.01)
72000,0.011,0.1028055555555555,1.0,68,271,7645,5.214411306620935e-06,9.640107760162952e-08,5.214411306620935e-06,9.640107760162952e-08,0.0084225635092542,0.000155775632805,0.0003427517085685,9.132713910986468e-07,rnd,0.01,3,RND (beta=0.01)
73000,0.114,0.102958904109589,1.0,68,271,7759,7.594973591327098e-06,1.0089158765922589e-07,7.594973591327098e-06,1.0089158765922589e-07,0.0123474624465272,0.0001641809865503,0.0003034799073225,9.28294463406587e-07,rnd,0.01,3,RND (beta=0.01)
74000,0.05,0.1022432432432432,1.0,68,271,7809,5.4132764080350175e-06,1.1258416693979861e-07,5.4132764080350175e-06,1.1258416693979861e-07,0.0088656630898694,0.0001844729209485,0.0003074810387829,9.10918275963013e-07,rnd,0.01,3,RND (beta=0.01)
75000,0.03,0.10128,1.0,68,271,7839,5.6217765745714136e-06,1.187354380131628e-07,5.6217765745714136e-06,1.187354380131628e-07,0.0092645456078818,0.0001956994533065,0.0002932695859108,8.615601718844346e-07,rnd,0.01,3,RND (beta=0.01)
76000,0.033,0.1003815789473684,1.0,68,271,7872,7.459026846845518e-06,1.0217412885471993e-07,7.459026846845518e-06,1.0217412885471993e-07,0.0124044073702971,0.0001695976188869,0.0003609054056223,8.610513040991919e-07,rnd,0.01,3,RND (beta=0.01)
77000,0.051,0.0997402597402597,1.0,68,271,7923,7.555809200793567e-06,9.977229794808778e-08,7.555809200793567e-06,9.977229794808778e-08,0.012636511642404,0.0001666625438325,0.0002920300295311,8.594482224140166e-07,rnd,0.01,3,RND (beta=0.01)
78000,0.079,0.0994743589743589,1.0,68,271,8002,6.697302918423069e-06,1.1562334861390222e-07,6.697302918423069e-06,1.1562334861390222e-07,0.0112625952787238,0.0001943873332221,0.0003376288263959,8.201234779079414e-07,rnd,0.01,3,RND (beta=0.01)
79000,0.039,0.0987088607594936,1.0,68,271,8041,6.6385120228518736e-06,1.1872949776626182e-07,6.6385120228518736e-06,1.1872949776626182e-07,0.0112273778536116,0.0002008642977229,0.0002873873419921,7.968861823854922e-07,rnd,0.01,3,RND (beta=0.01)
80000,0.066,0.0983,1.0,68,271,8107,6.752006570285161e-06,9.032151550307105e-08,6.752006570285161e-06,9.032151550307105e-08,0.0114948841388001,0.0001537814941093,0.0003051657305418,7.577990856617589e-07,rnd,0.01,3,RND (beta=0.01)
81000,0.115,0.0985061728395061,1.0,68,271,8222,7.576664693656115e-06,1.0248578271882567e-07,7.576664693656115e-06,1.0248578271882567e-07,0.012995292575331,0.000175527884383,0.0002956965435,7.60567082011221e-07,rnd,0.01,3,RND (beta=0.01)
82000,0.016,0.0975,1.0,68,271,8238,4.855561797967312e-06,1.030198638338717e-07,4.855561797967312e-06,1.030198638338717e-07,0.0083679764386206,0.0001775507527863,0.0003007551004375,7.380489800112855e-07,rnd,0.01,3,RND (beta=0.01)
83000,0.07,0.0971686746987951,1.0,68,271,8308,5.250689220507152e-06,7.988466775245687e-08,5.250689220507152e-06,7.988466775245687e-08,0.0091000124550913,0.0001385081414983,0.0002743519534508,7.311508896066244e-07,rnd,0.01,3,RND (beta=0.01)
84000,0.046,0.0965595238095238,1.0,68,271,8354,5.0708144360965966e-06,7.674340207531167e-08,5.0708144360965966e-06,7.674340207531167e-08,0.0088451996959349,0.0001338693897917,0.0003237484335886,7.097952363821491e-07,rnd,0.01,3,RND (beta=0.01)
85000,0.067,0.0962117647058823,1.0,68,271,8421,5.183202525491218e-06,7.370222873542587e-08,5.183202525491218e-06,7.370222873542587e-08,0.0090934918170283,0.0001293029308183,0.0002715118367607,6.858451867373105e-07,rnd,0.01,3,RND (beta=0.01)
86000,0.031,0.095453488372093,1.0,68,271,8452,5.448731261851442e-06,7.883967790090194e-08,5.448731261851442e-06,7.883967790090194e-08,0.0096090760344261,0.0001390940570439,0.000279060381031,6.713490997753979e-07,rnd,0.01,3,RND (beta=0.01)
87000,0.017,0.094551724137931,1.0,68,271,8469,5.865945053408402e-06,1.1582358942451077e-07,5.865945053408402e-06,1.1582358942451077e-07,0.0104114165405488,0.0002056009330915,0.0002590980557688,6.268631061274733e-07,rnd,0.01,3,RND (beta=0.01)
88000,0.065,0.094215909090909,1.0,68,271,8534,5.44766707942192e-06,7.558460174185649e-08,5.44766707942192e-06,7.558460174185649e-08,0.0097259344151548,0.0001348882644842,0.0002507618654253,5.816057612832992e-07,rnd,0.01,3,RND (beta=0.01)
89000,0.079,0.0940449438202247,1.0,68,271,8613,7.1682557106640485e-06,8.115172841208407e-08,7.1682557106640485e-06,8.115172841208407e-08,0.0128593267144133,0.000145643483983,0.0002662706673393,5.464978101770157e-07,rnd,0.01,3,RND (beta=0.01)
90000,0.083,0.0939222222222222,1.0,68,271,8696,5.358103894321679e-06,7.523144936339326e-08,5.358103894321679e-06,7.523144936339326e-08,0.009669662294722,0.0001358106105664,0.0002371725520962,5.351122564576371e-07,rnd,0.01,3,RND (beta=0.01)
91000,0.065,0.0936043956043956,1.0,68,271,8761,5.223431040016854e-06,5.98608375949341e-08,5.223431040016854e-06,5.98608375949341e-08,0.0094762355626452,0.0001086324477611,0.0002525200121312,5.258972571731135e-07,rnd,0.01,3,RND (beta=0.01)
92000,0.081,0.0934673913043478,1.0,68,271,8842,5.610991962261503e-06,6.232980096798466e-08,5.610991962261503e-06,6.232980096798466e-08,0.0102367016493236,0.000113731794945,0.000259734956104,5.058407260136733e-07,rnd,0.01,3,RND (beta=0.01)
93000,0.069,0.0932043010752688,1.0,68,271,8911,4.445712331447715e-06,6.644291334285409e-08,4.445712331447715e-06,6.644291334285409e-08,0.0081556016046141,0.000121870925586,0.0002208884358004,5.026722825398622e-07,rnd,0.01,3,RND (beta=0.01)
94000,0.057,0.0928191489361702,1.0,68,271,8968,4.029235653210331e-06,9.240024074353942e-08,4.029235653210331e-06,9.240024074353942e-08,0.0074296675326422,0.0001704199513115,0.000272903304977,4.790402805774363e-07,rnd,0.01,3,RND (beta=0.01)
95000,0.044,0.0923052631578947,1.0,68,271,9012,6.1841316055093065e-06,7.283016420256787e-08,6.1841316055093065e-06,7.283016420256787e-08,0.0114627169624876,0.0001349924364999,0.0002418764588284,4.577468688609088e-07,rnd,0.01,3,RND (beta=0.01)
96000,0.089,0.0922708333333333,1.0,68,271,9101,5.629515509313892e-06,5.700318977373659e-08,5.629515509313892e-06,5.700318977373659e-08,0.0104901261025883,0.0001062175255603,0.0002438449506929,4.584825674491811e-07,rnd,0.01,3,RND (beta=0.01)
97000,0.048,0.0918144329896907,1.0,68,271,9149,4.935523487385278e-06,5.9363911233979454e-08,4.935523487385278e-06,5.9363911233979454e-08,0.0092439042128103,0.0001111866887373,0.0002730259459096,4.467468944397979e-07,rnd,0.01,3,RND (beta=0.01)
98000,0.074,0.0916326530612244,1.0,68,271,9223,4.837942439022496e-06,5.63321688858877e-08,4.837942439022496e-06,5.63321688858877e-08,0.0091105845853379,0.0001060408453171,0.0002484445803509,4.360039287263362e-07,rnd,0.01,3,RND (beta=0.01)
99000,0.01,0.0908080808080808,1.0,68,271,9233,4.130106435695779e-06,6.023948357689579e-08,4.130106435695779e-06,6.023948357689579e-08,0.0078139829421078,0.0001139807640734,0.0002648135125687,4.2856001586599756e-07,rnd,0.01,3,RND (beta=0.01)
100000,0.033,0.09023,1.0,68,271,9266,5.063631306256866e-06,7.764761843265324e-08,5.063631306256866e-06,7.764761843265324e-08,0.0096374957453007,0.0001476406612661,0.0002428347244602,4.057205237373296e-07,rnd,0.01,3,RND (beta=0.01)
1000,0.154,0.154,0.5,34,123,258,0.0075162449857679,0.0067774069145427,0.0075162449857679,0.0067774069145427,4.887675398935048,4.916103957278758,0.0068507408723235,0.0069319466128945,rnd,0.01,4,RND (beta=0.01)
2000,0.144,0.149,0.7352941176470589,50,178,454,0.0007195182371207,0.0003376005096843,0.0007195182371207,0.0003376005096843,0.4751034781181519,0.2840897187963023,0.0005099220818228,0.000369245304726,rnd,0.01,4,RND (beta=0.01)
3000,0.134,0.144,0.8088235294117647,55,209,617,0.0001007014033986,5.082415353410511e-05,0.0001007014033986,5.082415353410511e-05,0.0302027243696883,0.0154305114064807,0.0006473351856402,3.758555634158256e-05,rnd,0.01,4,RND (beta=0.01)
4000,0.203,0.15875,0.8088235294117647,55,209,820,6.032419589040181e-05,1.2976704572462448e-05,6.032419589040181e-05,1.2976704572462448e-05,0.0194645773719064,0.0041935408620349,0.0003772597911593,2.232568302133586e-05,rnd,0.01,4,RND (beta=0.01)
5000,0.173,0.1616,0.9264705882352942,63,234,1016,4.3402081041282574e-05,2.8143550600318886e-05,4.3402081041282574e-05,2.8143550600318886e-05,0.0150023164678207,0.0099667741428196,0.0002570810008619,1.5053111846100364e-05,rnd,0.01,4,RND (beta=0.01)
6000,0.158,0.161,0.9264705882352942,63,234,1174,3.3437523667043355e-05,8.040183963081374e-06,3.3437523667043355e-05,8.040183963081374e-06,0.0125770983709629,0.0029596455573485,0.000226015309192,1.2191896139484016e-05,rnd,0.01,4,RND (beta=0.01)
7000,0.169,0.1621428571428571,0.9264705882352942,63,236,1345,2.929247318190617e-05,1.0160764742110525e-05,2.929247318190617e-05,1.0160764742110525e-05,0.0116454037758552,0.0041192848012962,0.0001881698676661,9.250138787592732e-06,rnd,0.01,4,RND (beta=0.01)
8000,0.166,0.162625,0.9264705882352942,63,236,1511,2.5593876616548215e-05,2.362905006107316e-06,2.5593876616548215e-05,2.362905006107316e-06,0.0108359343826043,0.0010074413317697,0.0001725375346068,7.579173111025738e-06,rnd,0.01,4,RND (beta=0.01)
9000,0.087,0.1542222222222222,0.9264705882352942,63,236,1598,2.383781444306764e-05,6.929825471745041e-06,2.383781444306764e-05,6.929825471745041e-06,0.0107055455728973,0.0030996122517008,0.0001555711018554,6.461198851411609e-06,rnd,0.01,4,RND (beta=0.01)
10000,0.146,0.1534,0.9264705882352942,63,236,1744,2.345612874830282e-05,1.6386945792131738e-06,2.345612874830282e-05,1.6386945792131738e-06,0.0109361429846844,0.0007739897099266,0.0001455509237057,5.685523716238094e-06,rnd,0.01,4,RND (beta=0.01)
11000,0.233,0.1606363636363636,0.9264705882352942,63,236,1977,2.066706647695671e-05,1.207635476357858e-06,2.066706647695671e-05,1.207635476357858e-06,0.0101314513767573,0.0005943975686736,0.0001275709543551,5.003875496868204e-06,rnd,0.01,4,RND (beta=0.01)
12000,0.229,0.1663333333333333,0.9264705882352942,63,236,2206,2.0306569037795798e-05,1.6897228424002088e-06,2.0306569037795798e-05,1.6897228424002088e-06,0.0103538995389708,0.0008643086282923,0.0001169360568819,4.560782906764871e-06,rnd,0.01,4,RND (beta=0.01)
13000,0.221,0.1705384615384615,0.9264705882352942,63,236,2427,1.9136289832438632e-05,1.4004979053123975e-06,1.9136289832438632e-05,1.4004979053123975e-06,0.0101313206160991,0.0007463251521605,0.0001098135978445,4.3357530648791e-06,rnd,0.01,4,RND (beta=0.01)
14000,0.202,0.1727857142857143,0.9264705882352942,63,236,2629,1.865787143882213e-05,1.528322840513317e-06,1.865787143882213e-05,1.528322840513317e-06,0.0102598306636856,0.0008312111345797,9.9996967757761e-05,4.093236527864974e-06,rnd,0.01,4,RND (beta=0.01)
15000,0.267,0.1790666666666666,0.9558823529411764,65,245,2903,1.776208901571139e-05,3.1930823046417445e-06,1.776208901571139e-05,3.1930823046417445e-06,0.0100434380448861,0.0018125401101708,9.87691305035696e-05,4.033625695228693e-06,rnd,0.01,4,RND (beta=0.01)
16000,0.255,0.1838125,0.9558823529411764,65,247,3160,1.7114689038791375e-05,3.860756034434063e-06,1.7114689038791375e-05,3.860756034434063e-06,0.0099849791683364,0.002267957408575,9.41907345331856e-05,3.9899819921629385e-06,rnd,0.01,4,RND (beta=0.01)
17000,0.205,0.1850588235294117,0.9558823529411764,65,247,3365,1.661348748556764e-05,8.252576870636861e-07,1.661348748556764e-05,8.252576870636861e-07,0.0099901435139901,0.0004994744817835,9.189305375821278e-05,3.877869658708732e-06,rnd,0.01,4,RND (beta=0.01)
18000,0.126,0.1817777777777778,0.9558823529411764,65,247,3491,1.5338731542677066e-05,1.415778347650922e-06,1.5338731542677066e-05,1.415778347650922e-06,0.0095140158907991,0.0008733490229971,8.345637492311653e-05,3.7251490107337294e-06,rnd,0.01,4,RND (beta=0.01)
19000,0.084,0.1766315789473684,0.9558823529411764,65,247,3575,1.6051988501160286e-05,1.506531270366106e-06,1.6051988501160286e-05,1.506531270366106e-06,0.0101580412680318,0.0009568109273156,8.068978467144915e-05,3.4442275698438607e-06,rnd,0.01,4,RND (beta=0.01)
20000,0.25,0.1803,0.9558823529411764,65,247,3825,1.465893456042977e-05,1.268530891991304e-06,1.465893456042977e-05,1.268530891991304e-06,0.0095499376043428,0.0008220615351896,7.952332479362668e-05,3.3576116207996165e-06,rnd,0.01,4,RND (beta=0.01)
21000,0.122,0.1775238095238095,0.9558823529411764,65,250,3950,1.3910321930794813e-05,2.01931338234301e-06,1.3910321930794813e-05,2.01931338234301e-06,0.0092399922395485,0.0013428375602226,8.359644179745374e-05,3.276806751614458e-06,rnd,0.01,4,RND (beta=0.01)
22000,0.061,0.1722272727272727,0.9558823529411764,65,250,4011,1.2955432249909194e-05,9.270548920872004e-07,1.2955432249909194e-05,9.270548920872004e-07,0.008816825747962,0.0006308704835013,7.591274422975402e-05,3.145465045918172e-06,rnd,0.01,4,RND (beta=0.01)
23000,0.062,0.1674347826086956,0.9558823529411764,65,252,4075,1.5134080909305222e-05,2.0082222914373686e-06,1.5134080909305222e-05,2.0082222914373686e-06,0.0105156597994568,0.0013963218588343,7.894768860205659e-05,3.0484507981327624e-06,rnd,0.01,4,RND (beta=0.01)
24000,0.102,0.1647083333333333,0.9558823529411764,65,252,4177,1.3890511037935343e-05,7.067005989321557e-07,1.3890511037935343e-05,7.067005989321557e-07,0.009870469312531,0.0005023103726444,7.279418591497234e-05,2.916838347175599e-06,rnd,0.01,4,RND (beta=0.01)
25000,0.073,0.16104,0.9558823529411764,65,252,4250,1.3415135956713802e-05,9.962623281732892e-07,1.3415135956713802e-05,9.962623281732892e-07,0.0097373064597114,0.0007218188024236,7.119857956240594e-05,2.777143580829033e-06,rnd,0.01,4,RND (beta=0.01)
26000,0.141,0.1602692307692307,1.0,68,265,4404,1.3954517265035794e-05,6.676352812488952e-06,1.3954517265035794e-05,6.676352812488952e-06,0.0103271128039995,0.004936823578591,6.65445547665513e-05,2.7568670701612065e-06,rnd,0.01,4,RND (beta=0.01)
27000,0.111,0.1584444444444444,1.0,68,268,4518,1.3251148408705154e-05,5.683695936323427e-06,1.3251148408705154e-05,5.683695936323427e-06,0.009945928366357,0.0042919465860849,6.316699715443975e-05,2.8020358148523884e-06,rnd,0.01,4,RND (beta=0.01)
28000,0.141,0.1578214285714285,1.0,68,269,4660,1.292536694079977e-05,8.388291156038455e-07,1.292536694079977e-05,8.388291156038455e-07,0.0098888411747217,0.0006413047234156,6.072436422937244e-05,2.810566666653358e-06,rnd,0.01,4,RND (beta=0.01)
29000,0.076,0.155,1.0,68,269,4736,1.3363259397106289e-05,5.870425119097624e-07,1.3363259397106289e-05,5.870425119097624e-07,0.0103987123542814,0.0004568685371258,5.824391849455424e-05,2.7025417851973543e-06,rnd,0.01,4,RND (beta=0.01)
30000,0.129,0.1541333333333333,1.0,68,269,4865,1.2963361300077051e-05,9.333882223056252e-07,1.2963361300077051e-05,9.333882223056252e-07,0.0102474170629527,0.0007367800183821,5.846923779154167e-05,2.616872488374611e-06,rnd,0.01,4,RND (beta=0.01)
31000,0.263,0.1576451612903225,1.0,68,269,5128,1.3198646251762356e-05,3.742918235913287e-07,1.3198646251762356e-05,3.742918235913287e-07,0.0106145007429807,0.0003011190050281,5.5120677508512014e-05,2.5717548936654565e-06,rnd,0.01,4,RND (beta=0.01)
32000,0.217,0.1595,1.0,68,269,5345,1.2963872714246992e-05,3.7514837363446245e-07,1.2963872714246992e-05,3.7514837363446245e-07,0.0105961781790304,0.0003066675933664,5.4208871101764086e-05,2.495699141206842e-06,rnd,0.01,4,RND (beta=0.01)
33000,0.189,0.1603939393939394,1.0,68,269,5534,1.3036728625266017e-05,2.707687612767723e-07,1.3036728625266017e-05,2.707687612767723e-07,0.0108000366417502,0.0002246084028343,5.371897635950518e-05,2.475036615805948e-06,rnd,0.01,4,RND (beta=0.01)
34000,0.211,0.1618823529411764,1.0,68,269,5745,1.298627535645589e-05,9.577755574958411e-07,1.298627535645589e-05,9.577755574958411e-07,0.0109503921829537,0.0008045678853656,5.695004884501032e-05,2.4901002407204944e-06,rnd,0.01,4,RND (beta=0.01)
35000,0.312,0.1661714285714285,1.0,68,269,6057,1.2852891962631054e-05,4.498985433810846e-07,1.2852891962631054e-05,4.498985433810846e-07,0.0109734234062726,0.0003844628822128,5.72585154668559e-05,2.476525152019349e-06,rnd,0.01,4,RND (beta=0.01)
36000,0.314,0.1702777777777777,1.0,68,269,6371,1.2885599366559205e-05,2.827799753424676e-07,1.2885599366559205e-05,2.827799753424676e-07,0.0111499962294868,0.0002447798522788,5.252815580161041e-05,2.4716517721685705e-06,rnd,0.01,4,RND (beta=0.01)
37000,0.273,0.173054054054054,1.0,68,269,6644,1.219742164258462e-05,1.4381031418815774e-06,1.219742164258462e-05,1.4381031418815774e-06,0.0106927251734676,0.0012626227302452,5.78246682189274e-05,2.447032977727304e-06,rnd,0.01,4,RND (beta=0.01)
38000,0.287,0.1760526315789473,1.0,68,269,6931,1.218492327623969e-05,6.70464415503355e-07,1.218492327623969e-05,6.70464415503355e-07,0.0108308181966955,0.0005938200691191,6.161049538650332e-05,2.5112975496313084e-06,rnd,0.01,4,RND (beta=0.01)
39000,0.34,0.1802564102564102,1.0,68,269,7271,1.1825150538831676e-05,7.862604817456954e-07,1.1825150538831676e-05,7.862604817456954e-07,0.0106391140379673,0.0007102593687507,6.283399859466953e-05,2.511485863465168e-06,rnd,0.01,4,RND (beta=0.01)
40000,0.269,0.182475,1.0,68,269,7540,1.1844682010254148e-05,3.196407695961006e-07,1.1844682010254148e-05,3.196407695961006e-07,0.0107955783687798,0.0002915558523204,6.802803800928813e-05,2.5182338398508365e-06,rnd,0.01,4,RND (beta=0.01)
41000,0.234,0.1837317073170731,1.0,68,269,7774,1.1698751205375838e-05,4.202933045956861e-07,1.1698751205375838e-05,4.202933045956861e-07,0.0107909400146108,0.0003872358464286,7.127360109279835e-05,2.5078515994323426e-06,rnd,0.01,4,RND (beta=0.01)
42000,0.221,0.1846190476190476,1.0,68,269,7995,1.1718239327992749e-05,5.969716715459388e-07,1.1718239327992749e-05,5.969716715459388e-07,0.0109382589310762,0.0005563849690602,7.826453557845525e-05,2.4415826198378454e-06,rnd,0.01,4,RND (beta=0.01)
43000,0.152,0.183860465116279,1.0,68,269,8147,1.1501758846957511e-05,2.44870746038144e-06,1.1501758846957511e-05,2.44870746038144e-06,0.0108403971317144,0.0023147108177753,9.151905505223111e-05,2.471835875780925e-06,rnd,0.01,4,RND (beta=0.01)
44000,0.039,0.1805681818181818,1.0,68,269,8186,1.1546266116569406e-05,2.3997354344125458e-06,1.1546266116569406e-05,2.3997354344125458e-06,0.0110072114816924,0.0022890548176924,9.981692210749317e-05,2.453228340584701e-06,rnd,0.01,4,RND (beta=0.01)
45000,0.006,0.1766888888888889,1.0,68,269,8192,1.2657323319823869e-05,1.6949794467099591e-06,1.2657323319823869e-05,1.6949794467099591e-06,0.0122250161929609,0.0016368346692812,0.0001213028380625,2.4327141527464847e-06,rnd,0.01,4,RND (beta=0.01)
46000,0.012,0.1731086956521739,1.0,68,269,8204,1.2465057807276024e-05,1.7644829659853834e-06,1.2465057807276024e-05,1.7644829659853834e-06,0.0121963346319284,0.0017215807900161,0.0001292997020273,2.33572633339918e-06,rnd,0.01,4,RND (beta=0.01)
47000,0.099,0.171531914893617,1.0,68,270,8304,1.0428151461272853e-05,2.310595047564192e-06,1.0428151461272853e-05,2.310595047564192e-06,0.0102939193285014,0.0022805293734684,0.0001674125002464,2.314515392527028e-06,rnd,0.01,4,RND (beta=0.01)
48000,0.022,0.1684166666666666,1.0,68,270,8326,8.923509974258856e-06,1.7476697807566694e-06,8.923509974258856e-06,1.7476697807566694e-06,0.0088836078451216,0.0017404545170131,0.000210914657322,2.2934928233553363e-06,rnd,0.01,4,RND (beta=0.01)
49000,0.051,0.1660204081632653,1.0,68,270,8377,1.06073483698756e-05,6.535479501674752e-07,1.06073483698756e-05,6.535479501674752e-07,0.0106815121258933,0.0006579416889959,0.000215121687499,2.230814935842318e-06,rnd,0.01,4,RND (beta=0.01)
50000,0.02,0.1631,1.0,68,270,8397,8.923319285258913e-06,4.260277103939263e-07,8.923319285258913e-06,4.260277103939263e-07,0.0090773121788582,0.0004332872521996,0.0002179222168051,2.172821634360389e-06,rnd,0.01,4,RND (beta=0.01)
51000,0.057,0.1610196078431372,1.0,68,270,8454,1.007486663870064e-05,3.590605556064523e-07,1.007486663870064e-05,3.590605556064523e-07,0.0103523004968277,0.0003689696647075,0.0002257450100023,2.1112587020297723e-06,rnd,0.01,4,RND (beta=0.01)
52000,0.322,0.1641153846153846,1.0,68,270,8776,1.0828527005321364e-05,4.845732190150655e-07,1.0828527005321364e-05,4.845732190150655e-07,0.0112231615663642,0.0005029354609753,0.0002338023145694,2.0845325403229254e-06,rnd,0.01,4,RND (beta=0.01)
53000,0.061,0.1621698113207547,1.0,68,270,8837,1.040682158060515e-05,2.479216457868049e-07,1.040682158060515e-05,2.479216457868049e-07,0.0109008406004004,0.0002595818376847,0.0002148780922143,2.0789042154092387e-06,rnd,0.01,4,RND (beta=0.01)
54000,0.206,0.1629814814814814,1.0,68,270,9043,9.930527911802148e-06,3.317757455322528e-07,9.930527911802148e-06,3.317757455322528e-07,0.0104900055072084,0.000350523961532,0.0001915524891337,2.0593029954625307e-06,rnd,0.01,4,RND (beta=0.01)
55000,0.205,0.1637454545454545,1.0,68,270,9248,1.0367840664779269e-05,4.774110838235008e-07,1.0367840664779269e-05,4.774110838235008e-07,0.0110560061174418,0.0005092058917275,0.0002366448991324,2.031770099677033e-06,rnd,0.01,4,RND (beta=0.01)
56000,0.062,0.1619285714285714,1.0,68,270,9310,9.721591192330027e-06,1.7308422116926634e-06,9.721591192330027e-06,1.7308422116926634e-06,0.0104748661373724,0.0018604728313604,0.0002347305345138,2.02002102082588e-06,rnd,0.01,4,RND (beta=0.01)
57000,0.016,0.1593684210526315,1.0,68,270,9326,9.3790480093503e-06,7.032533096892145e-07,9.3790480093503e-06,7.032533096892145e-07,0.0101610000680254,0.0007623083676283,0.0002566183160088,1.970464818782602e-06,rnd,0.01,4,RND (beta=0.01)
58000,0.014,0.1568620689655172,1.0,68,270,9340,9.131276523735971e-06,7.19211407285125e-07,9.131276523735971e-06,7.19211407285125e-07,0.0099886950435845,0.0007873391158387,0.0002395945748758,1.911692199769277e-06,rnd,0.01,4,RND (beta=0.01)
59000,0.018,0.1545084745762711,1.0,68,270,9358,1.0508639509983672e-05,5.233403960655541e-07,1.0508639509983672e-05,5.233403960655541e-07,0.0115881214631902,0.000577715121544,0.000280552389373,1.896159232558148e-06,rnd,0.01,4,RND (beta=0.01)
60000,0.016,0.1522,1.0,68,270,9374,7.743804076199012e-06,5.684269289987256e-07,7.743804076199012e-06,5.684269289987256e-07,0.0086145444062046,0.0006323304000011,0.0002922158784704,1.8178028898319096e-06,rnd,0.01,4,RND (beta=0.01)
61000,0.033,0.1502459016393442,1.0,68,270,9407,9.189728195975256e-06,4.006025264711136e-07,9.189728195975256e-06,4.006025264711136e-07,0.0103173132368502,0.0004499048460815,0.0003230835942631,1.7986664884688251e-06,rnd,0.01,4,RND (beta=0.01)
62000,0.012,0.148016129032258,1.0,68,270,9419,8.944654571981422e-06,1.2793635765755078e-06,8.944654571981422e-06,1.2793635765755078e-06,0.0101156995910166,0.0014474155522098,0.0003671639978911,1.7527997571846757e-06,rnd,0.01,4,RND (beta=0.01)
63000,0.06,0.1466190476190476,1.0,68,270,9479,8.854450652506784e-06,1.8169240259123971e-06,8.854450652506784e-06,1.8169240259123971e-06,0.0101063134886272,0.0020666978595836,0.0003310207159192,1.6970545261187909e-06,rnd,0.01,4,RND (beta=0.01)
64000,0.08,0.145578125,1.0,68,270,9559,9.251910049101752e-06,2.466704367876105e-07,9.251910049101752e-06,2.466704367876105e-07,0.0106260682828122,0.0002835936733268,0.0003483070614565,1.6847386425524746e-06,rnd,0.01,4,RND (beta=0.01)
65000,0.198,0.1463846153846154,1.0,68,270,9757,9.245298803413026e-06,1.6951472769805311e-06,9.245298803413026e-06,1.6951472769805311e-06,0.0106934495041673,0.0019624049439211,0.0003231803858579,1.6270295073184116e-06,rnd,0.01,4,RND (beta=0.01)
66000,0.099,0.1456666666666666,1.0,68,270,9856,8.650321442565665e-06,1.999356288569403e-07,8.650321442565665e-06,1.999356288569403e-07,0.01010323265262,0.0002331568482032,0.0003223479770804,1.5973389429291271e-06,rnd,0.01,4,RND (beta=0.01)
67000,0.102,0.1450149253731343,1.0,68,270,9958,7.842587697447088e-06,1.0113647882882e-06,7.842587697447088e-06,1.0113647882882e-06,0.0092164234965743,0.0011892043644139,0.000307727541096,1.5345312305328209e-06,rnd,0.01,4,RND (beta=0.01)
68000,0.044,0.1435294117647058,1.0,68,270,10002,9.30510404114929e-06,4.132728789441182e-07,9.30510404114929e-06,4.132728789441182e-07,0.0110105798406325,0.0004895979513274,0.0002864223976248,1.5162056584756556e-06,rnd,0.01,4,RND (beta=0.01)
69000,0.018,0.1417101449275362,1.0,68,270,10020,7.258331392121262e-06,2.6146522285315504e-07,7.258331392121262e-06,2.6146522285315504e-07,0.0086541132235078,0.0003116869094906,0.0002197774310789,1.471394230009082e-06,rnd,0.01,4,RND (beta=0.01)
70000,0.024,0.1400285714285714,1.0,68,270,10044,7.309493611273865e-06,2.416233915097295e-07,7.309493611273865e-06,2.416233915097295e-07,0.0087792944223422,0.0002903121027624,0.0002719573299045,1.4318918105686862e-06,rnd,0.01,4,RND (beta=0.01)
71000,0.018,0.1383098591549295,1.0,68,270,10062,7.324754733417649e-06,1.6595746768403723e-06,7.324754733417649e-06,1.6595746768403723e-06,0.0088582382766144,0.0020082840547896,0.0002631227974388,1.3991635515537837e-06,rnd,0.01,4,RND (beta=0.01)
72000,0.028,0.1367777777777777,1.0,68,270,10090,8.073861465618393e-06,2.083851190479329e-07,8.073861465618393e-06,2.083851190479329e-07,0.0098344628235435,0.0002539281330091,0.0002543795213173,1.4064259660528931e-06,rnd,0.01,4,RND (beta=0.01)
73000,0.077,0.135958904109589,1.0,68,270,10167,7.895544445386508e-06,5.20660637062151e-07,7.895544445386508e-06,5.20660637062151e-07,0.0096887587314054,0.0006394651815609,0.0002951726710589,1.3439210896422082e-06,rnd,0.01,4,RND (beta=0.01)
74000,0.055,0.1348648648648648,1.0,68,270,10222,8.389920904764123e-06,9.346262160497332e-07,8.389920904764123e-06,9.346262160497332e-07,0.0103580629263421,0.0011528157809044,0.0002457721770406,1.3843608984700496e-06,rnd,0.01,4,RND (beta=0.01)
75000,0.024,0.1333866666666666,1.0,68,270,10246,8.836654330934834e-06,5.234840742306055e-07,8.836654330934834e-06,5.234840742306055e-07,0.0109786645195005,0.0006503834351777,0.0002748698792556,1.3381801335015098e-06,rnd,0.01,4,RND (beta=0.01)
76000,0.038,0.1321315789473684,1.0,68,270,10284,8.960492083899321e-06,2.078750411850883e-06,8.960492083899321e-06,2.078750411850883e-06,0.0112103396556811,0.0026023309340601,0.0002880492312774,1.3349061121630255e-06,rnd,0.01,4,RND (beta=0.01)
77000,0.064,0.1312467532467532,1.0,68,270,10348,8.584908396613855e-06,3.341059019835088e-07,8.584908396613855e-06,3.341059019835088e-07,0.0108137087737317,0.0004207615099506,0.0002683021087336,1.2928049040397126e-06,rnd,0.01,4,RND (beta=0.01)
78000,0.019,0.1298076923076923,1.0,68,270,10367,8.362625067093177e-06,1.8635927827305469e-07,8.362625067093177e-06,1.8635927827305469e-07,0.0105961482858715,0.0002361933309092,0.0002493830807038,1.2553225686815494e-06,rnd,0.01,4,RND (beta=0.01)
79000,0.052,0.1288227848101265,1.0,68,270,10419,7.651210633132276e-06,1.496248324976649e-07,7.651210633132276e-06,1.496248324976649e-07,0.0097518637064852,0.0001908869276131,0.0002768968259802,1.2165145544997814e-06,rnd,0.01,4,RND (beta=0.01)
80000,0.078,0.1281875,1.0,68,270,10497,7.793079633372075e-06,2.2610072738535161e-07,7.793079633372075e-06,2.2610072738535161e-07,0.0100122030618715,0.0002900761781487,0.0002891957098363,1.2299627055938345e-06,rnd,0.01,4,RND (beta=0.01)
81000,0.078,0.1275679012345679,1.0,68,270,10575,8.104530581640109e-06,1.476544431268219e-07,8.104530581640109e-06,1.476544431268219e-07,0.0104669430691292,0.0001906254563584,0.0002906212907969,1.1787498225857008e-06,rnd,0.01,4,RND (beta=0.01)
82000,0.096,0.1271829268292683,1.0,68,270,10671,8.101211489493684e-06,2.365623626781232e-07,8.101211489493684e-06,2.365623626781232e-07,0.0105241578973228,0.0003075275316389,0.0003287905185061,1.132892641919625e-06,rnd,0.01,4,RND (beta=0.01)
83000,0.118,0.1270722891566265,1.0,68,270,10789,8.682406441023933e-06,1.2489506405052697e-07,8.682406441023933e-06,1.2489506405052697e-07,0.0113521875113981,0.0001632466718917,0.0003164107370357,1.1045645402134596e-06,rnd,0.01,4,RND (beta=0.01)
84000,0.076,0.1264642857142857,1.0,68,270,10865,7.788407581182055e-06,1.3499602833568566e-07,7.788407581182055e-06,1.3499602833568566e-07,0.0102399890977527,0.0001775032108504,0.0002915575650304,1.07847670500405e-06,rnd,0.01,4,RND (beta=0.01)
85000,0.022,0.125235294117647,1.0,68,270,10887,7.202439643482318e-06,1.4655450795580348e-07,7.202439643482318e-06,1.4655450795580348e-07,0.0095286960020848,0.0001938454090986,0.0003560602103434,1.008925123642257e-06,rnd,0.01,4,RND (beta=0.01)
86000,0.022,0.1240348837209302,1.0,68,270,10909,8.356399410496868e-06,1.550420742302408e-07,8.356399410496868e-06,1.550420742302408e-07,0.0111110180678109,0.0002062571468019,0.0002787768365822,9.386518704843638e-07,rnd,0.01,4,RND (beta=0.01)
87000,0.025,0.1228965517241379,1.0,68,270,10934,6.870787474326789e-06,3.694450881670701e-07,6.870787474326789e-06,3.694450881670701e-07,0.0091920053971331,0.0004943171542288,0.0003260386998185,8.752818057971013e-07,rnd,0.01,4,RND (beta=0.01)
88000,0.04,0.1219545454545454,1.0,68,270,10974,6.715554343372788e-06,2.720725004438466e-07,6.715554343372788e-06,2.720725004438466e-07,0.0090339669883289,0.0003660395071227,0.0002974741201107,8.19363520747629e-07,rnd,0.01,4,RND (beta=0.01)
89000,0.034,0.1209662921348314,1.0,68,270,11008,6.686363295717884e-06,2.1054810850121802e-07,6.686363295717884e-06,2.1054810850121802e-07,0.009041474454549,0.0002850337364536,0.0003053445225355,7.575358176410418e-07,rnd,0.01,4,RND (beta=0.01)
90000,0.102,0.1207555555555555,1.0,68,270,11110,8.156553471784647e-06,8.867755968187585e-08,8.156553471784647e-06,8.867755968187585e-08,0.0110982544325384,0.0001206657899453,0.0003072591115296,6.975615416777715e-07,rnd,0.01,4,RND (beta=0.01)
91000,0.41,0.1239340659340659,1.0,68,270,11520,8.015049905491363e-06,1.0159261486994185e-06,8.015049905491363e-06,1.0159261486994185e-06,0.0109713954325191,0.0013881849558701,0.0003248129358994,6.878241497005888e-07,rnd,0.01,4,RND (beta=0.01)
92000,0.385,0.1267717391304348,1.0,68,270,11905,8.217037050705478e-06,2.254191827006942e-06,8.217037050705478e-06,2.254191827006942e-06,0.0112996938397874,0.0031071602021592,0.0003054683760517,6.971763129968167e-07,rnd,0.01,4,RND (beta=0.01)
93000,0.051,0.1259569892473118,1.0,68,270,11956,1.1212900125090028e-05,7.395332852083286e-07,1.1212900125090028e-05,7.395332852083286e-07,0.0154963361491783,0.0010216776334399,0.0003636726523045,7.267910697379421e-07,rnd,0.01,4,RND (beta=0.01)
94000,0.03,0.1249361702127659,1.0,68,270,11986,1.23895051577468e-05,2.2608903642484e-06,1.23895051577468e-05,2.2608903642484e-06,0.0172230944727682,0.0031445948424334,0.0003251704940371,7.122852295111671e-07,rnd,0.01,4,RND (beta=0.01)
95000,0.199,0.1257157894736842,1.0,68,270,12185,8.790861772865525e-06,2.690156044637904e-07,8.790861772865525e-06,2.690156044637904e-07,0.0122747397137857,0.00037541636462,0.000317241230346,7.472010523983386e-07,rnd,0.01,4,RND (beta=0.01)
96000,0.021,0.124625,1.0,68,270,12206,1.1552778557545804e-05,4.2300582483016817e-07,1.1552778557545804e-05,4.2300582483016817e-07,0.0162412211342507,0.000594362674536,0.0003249653512539,7.288644896590313e-07,rnd,0.01,4,RND (beta=0.01)
97000,0.026,0.1236082474226804,1.0,68,270,12232,6.608896866894681e-06,1.0067012272758312e-07,6.608896866894681e-06,1.0067012272758312e-07,0.0093300307572246,0.0001421448119976,0.0003179571282939,7.238113569769666e-07,rnd,0.01,4,RND (beta=0.01)
98000,0.02,0.1225510204081632,1.0,68,270,12252,6.171992481540656e-06,1.1502578157445925e-07,6.171992481540656e-06,1.1502578157445925e-07,0.0087565884446908,0.0001632381535811,0.0003266915240656,6.974135166970541e-07,rnd,0.01,4,RND (beta=0.01)
99000,0.036,0.1216767676767676,1.0,68,270,12288,7.155959445349759e-06,9.469076800300866e-08,7.155959445349759e-06,9.469076800300866e-08,0.0102117061960761,0.0001350514569546,0.0003185023183234,6.889492960482357e-07,rnd,0.01,4,RND (beta=0.01)
100000,0.599,0.12645,1.0,68,270,12887,7.2766526820338544e-06,1.389381823312527e-07,7.2766526820338544e-06,1.389381823312527e-07,0.0104301851488355,0.0001992099746581,0.0003751237415035,7.393361762382256e-07,rnd,0.01,4,RND (beta=0.01)
1000,0.187,0.187,0.4411764705882353,30,100,270,0.0092673387607549,0.0072537999958725,0.0092673387607549,0.0072537999958725,4.815064288805208,4.916223750663448,0.0446332916617393,0.007752314209938,rnd,0.05,0,RND (beta=0.05)
2000,0.144,0.1655,0.6029411764705882,41,147,458,0.0006433768494389,0.0003897275978987,0.0006433768494389,0.0003897275978987,0.3247649869285203,0.2530326510617412,0.0068097005926538,0.0003962067483444,rnd,0.05,0,RND (beta=0.05)
3000,0.087,0.1393333333333333,0.8823529411764706,60,225,619,0.0001048552114988,6.972611286018726e-05,0.0001048552114988,6.972611286018726e-05,0.0282678872768557,0.0188475694969557,0.0066042296853847,4.136558088248421e-05,rnd,0.05,0,RND (beta=0.05)
4000,0.237,0.16375,0.8823529411764706,60,225,856,6.509170738285366e-05,1.1116604206712948e-05,6.509170738285366e-05,1.1116604206712948e-05,0.0187826005283162,0.0032190014185653,0.005685127033852,2.4715953088161767e-05,rnd,0.05,0,RND (beta=0.05)
5000,0.144,0.1598,0.8823529411764706,60,226,1001,4.596770864079897e-05,9.217316214606518e-06,4.596770864079897e-05,9.217316214606518e-06,0.0142536956455073,0.0029109969790443,0.0052053507736418,1.566264062967093e-05,rnd,0.05,0,RND (beta=0.05)
6000,0.169,0.1613333333333333,0.8823529411764706,60,230,1174,3.715209561438347e-05,9.163296440552502e-06,3.715209561438347e-05,9.163296440552502e-06,0.0124725918970473,0.0030825144998667,0.0046710957926698,1.1647751688997233e-05,rnd,0.05,0,RND (beta=0.05)
7000,0.283,0.1787142857142857,0.8823529411764706,60,230,1457,3.289016108074354e-05,4.0515803231068974e-06,3.289016108074354e-05,4.0515803231068974e-06,0.0117519298434156,0.0014736834293611,0.0043486744521651,9.415291101049662e-06,rnd,0.05,0,RND (beta=0.05)
8000,0.14,0.173875,0.8823529411764706,60,230,1597,2.7013743166597645e-05,3.7116479582266498e-06,2.7013743166597645e-05,3.7116479582266498e-06,0.0102555006389358,0.0014062773847476,0.0038903476360719,7.820489154710231e-06,rnd,0.05,0,RND (beta=0.05)
9000,0.189,0.1755555555555555,0.9852941176470588,67,248,1802,2.522096369517462e-05,1.1472981771122928e-05,2.522096369517462e-05,1.1472981771122928e-05,0.0101710631069109,0.0045379844868136,0.0035301723820157,7.153357370043522e-06,rnd,0.05,0,RND (beta=0.05)
10000,0.117,0.1697,0.9852941176470588,67,248,1919,2.387161708207309e-05,5.58652258660465e-06,2.387161708207309e-05,5.58652258660465e-06,0.0100897880657309,0.0023348106860289,0.0033702596257207,6.357599781495082e-06,rnd,0.05,0,RND (beta=0.05)
11000,0.173,0.17,0.9852941176470588,67,248,2092,2.1178218931798495e-05,3.866487210451573e-06,2.1178218931798495e-05,3.866487210451573e-06,0.0093517845054197,0.0016948327037503,0.0030978748031193,5.65696974877028e-06,rnd,0.05,0,RND (beta=0.05)
12000,0.191,0.17175,0.9852941176470588,67,248,2283,2.0639389043440584e-05,3.285387400151548e-06,2.0639389043440584e-05,3.285387400151548e-06,0.0095108232504607,0.001496441663895,0.0029870114014483,5.156455228416235e-06,rnd,0.05,0,RND (beta=0.05)
13000,0.187,0.1729230769230769,0.9852941176470588,67,248,2470,1.9465070101218505e-05,2.1890105724041537e-06,1.9465070101218505e-05,2.1890105724041537e-06,0.009278234938108,0.0010347288464956,0.0027608986094128,4.768700253521274e-06,rnd,0.05,0,RND (beta=0.05)
14000,0.091,0.1670714285714285,0.9852941176470588,67,254,2567,1.7799892942763347e-05,6.297005126743968e-06,1.7799892942763347e-05,6.297005126743968e-06,0.0088076765382569,0.0031042845976878,0.0025156863786105,4.500374045960598e-06,rnd,0.05,0,RND (beta=0.05)
15000,0.188,0.1684666666666666,0.9852941176470588,67,254,2755,1.6926586894480853e-05,1.4702112818911291e-06,1.6926586894480853e-05,1.4702112818911291e-06,0.0085868882130328,0.0007509172721209,0.0024884774898819,4.330298026843593e-06,rnd,0.05,0,RND (beta=0.05)
16000,0.106,0.1645625,0.9852941176470588,67,254,2861,1.715451014875588e-05,1.8663241691295288e-06,1.715451014875588e-05,1.8663241691295288e-06,0.0089759145879869,0.0009823588922219,0.0023477824761939,4.038749188794099e-06,rnd,0.05,0,RND (beta=0.05)
17000,0.131,0.1625882352941176,0.9852941176470588,67,254,2992,1.8306203432394926e-05,1.1577398898795776e-06,1.8306203432394926e-05,1.1577398898795776e-06,0.0098639546810856,0.000624432207045,0.0022782278006779,3.817492563030101e-06,rnd,0.05,0,RND (beta=0.05)
18000,0.142,0.1614444444444444,0.9852941176470588,67,254,3134,1.6313303104383726e-05,1.679023883296624e-06,1.6313303104383726e-05,1.679023883296624e-06,0.009030024237961,0.0009346336045331,0.0021248188968747,3.587866616157953e-06,rnd,0.05,0,RND (beta=0.05)
19000,0.024,0.1542105263157894,0.9852941176470588,67,254,3158,1.6229104630838265e-05,1.260898552555872e-06,1.6229104630838265e-05,1.260898552555872e-06,0.0092373612690279,0.0007176356868542,0.0021221671242092,3.36511871591938e-06,rnd,0.05,0,RND (beta=0.05)
20000,0.077,0.15035,0.9852941176470588,67,254,3235,1.542008644778375e-05,8.290368038552083e-07,1.542008644778375e-05,8.290368038552083e-07,0.0090425425701213,0.0004834254618003,0.0019813306823489,3.155641232524431e-06,rnd,0.05,0,RND (beta=0.05)
21000,0.04,0.145095238095238,1.0,68,259,3280,1.691364025191433e-05,3.7086628262258014e-06,1.691364025191433e-05,3.7086628262258014e-06,0.0101099774019655,0.0022044350935796,0.0018895781093742,3.082136134253233e-06,rnd,0.05,0,RND (beta=0.05)
22000,0.095,0.1428181818181818,1.0,68,261,3376,1.5296396539174327e-05,2.5486770694436733e-06,1.5296396539174327e-05,2.5486770694436733e-06,0.0093444523079317,0.0015539207471769,0.0018390592318319,2.96150167309861e-06,rnd,0.05,0,RND (beta=0.05)
23000,0.029,0.1378695652173913,1.0,68,263,3407,1.474326457135813e-05,1.447859398743779e-06,1.474326457135813e-05,1.447859398743779e-06,0.0091725765929308,0.0009045989770764,0.001778431844461,2.840545230981206e-06,rnd,0.05,0,RND (beta=0.05)
24000,0.077,0.1353333333333333,1.0,68,265,3486,1.4623584125469538e-05,1.8674223616295848e-06,1.4623584125469538e-05,1.8674223616295848e-06,0.0093344954129556,0.001189080170946,0.0016401923119265,2.7300066473117117e-06,rnd,0.05,0,RND (beta=0.05)
25000,0.075,0.13292,1.0,68,265,3561,1.3821163993270602e-05,1.664900003160366e-06,1.3821163993270602e-05,1.664900003160366e-06,0.00900163200914,0.0010863022077697,0.0015503669819881,2.603921522791097e-06,rnd,0.05,0,RND (beta=0.05)
26000,0.268,0.1381153846153846,1.0,68,265,3829,1.4104365659273862e-05,4.411521982058524e-07,1.4104365659273862e-05,4.411521982058524e-07,0.0093482060149341,0.0002923221668178,0.0014055129430053,2.545869950154156e-06,rnd,0.05,0,RND (beta=0.05)
27000,0.211,0.1408148148148148,1.0,68,265,4040,1.4516555565760817e-05,3.842469463545908e-07,1.4516555565760817e-05,3.842469463545908e-07,0.0098025660411213,0.0002595381497772,0.0013585693318018,2.52316078712056e-06,rnd,0.05,0,RND (beta=0.05)
28000,0.21,0.1432857142857143,1.0,68,265,4250,1.34283460781825e-05,2.962018208766587e-07,1.34283460781825e-05,2.962018208766587e-07,0.0092662104265836,0.0002031834840826,0.0012892678281205,2.435871861621308e-06,rnd,0.05,0,RND (beta=0.05)
29000,0.453,0.1539655172413793,1.0,68,265,4703,1.3592924056126902e-05,2.417270370641616e-07,1.3592924056126902e-05,2.417270370641616e-07,0.0095012650267768,0.0001690562090342,0.0012760815183864,2.5649594953733867e-06,rnd,0.05,0,RND (beta=0.05)
30000,0.402,0.1622333333333333,1.0,68,265,5105,1.3215058442396392e-05,2.608366454821528e-07,1.3215058442396392e-05,2.608366454821528e-07,0.0093891765161363,0.0001856086885932,0.0012242392008556,2.6205605079212546e-06,rnd,0.05,0,RND (beta=0.05)
31000,0.452,0.1715806451612903,1.0,68,265,5557,1.251374091269711e-05,7.142608051291116e-07,1.251374091269711e-05,7.142608051291116e-07,0.0090443038344942,0.0005151783817073,0.0011673604119278,2.660499197304489e-06,rnd,0.05,0,RND (beta=0.05)
32000,0.274,0.17478125,1.0,68,265,5831,1.3654344163121367e-05,2.764430442453096e-07,1.3654344163121367e-05,2.764430442453096e-07,0.0100077964421216,0.0002029939311232,0.0011257013554277,2.7124980255734957e-06,rnd,0.05,0,RND (beta=0.05)
33000,0.215,0.176,1.0,68,265,6046,1.2874731396021712e-05,2.205685583392951e-07,1.2874731396021712e-05,2.205685583392951e-07,0.0096053797978904,0.0001642263303339,0.0011494739897607,2.6342970579662504e-06,rnd,0.05,0,RND (beta=0.05)
34000,0.349,0.1810882352941176,1.0,68,265,6395,1.3289403023399971e-05,2.4504921231831084e-07,1.3289403023399971e-05,2.4504921231831084e-07,0.0100418778986723,0.0001852173698729,0.0010564475017745,2.6785705103975486e-06,rnd,0.05,0,RND (beta=0.05)
35000,0.334,0.1854571428571428,1.0,68,265,6729,1.3239294198384104e-05,2.3122587468084066e-07,1.3239294198384104e-05,2.3122587468084066e-07,0.0101516003484662,0.0001772244979647,0.001064500164517,2.679435738286884e-06,rnd,0.05,0,RND (beta=0.05)
36000,0.428,0.1921944444444444,1.0,68,265,7157,1.2590982741955069e-05,2.3576549145610395e-07,1.2590982741955069e-05,2.3576549145610395e-07,0.0097921039666495,0.0001832351368327,0.0010772952921834,2.7286849298775453e-06,rnd,0.05,0,RND (beta=0.05)
37000,0.362,0.1967837837837837,1.0,68,265,7519,1.2004371047719336e-05,2.025555976963767e-07,1.2004371047719336e-05,2.025555976963767e-07,0.0094460980724367,0.0001596642619279,0.0010099264555974,2.719692505820603e-06,rnd,0.05,0,RND (beta=0.05)
38000,0.307,0.1996842105263158,1.0,68,265,7826,1.2488503998551872e-05,2.0810034964820214e-07,1.2488503998551872e-05,2.0810034964820214e-07,0.0099678635453667,0.0001661848866274,0.0009825704823597,2.7527557263056225e-06,rnd,0.05,0,RND (beta=0.05)
39000,0.346,0.2034358974358974,1.0,68,265,8172,1.2548586471636338e-05,2.044759771356321e-07,1.2548586471636338e-05,2.044759771356321e-07,0.010137485602627,0.0001653606904688,0.0009691020679019,2.745363896622166e-06,rnd,0.05,0,RND (beta=0.05)
40000,0.439,0.209325,1.0,68,265,8611,1.1935020028926754e-05,1.8962016743949927e-07,1.1935020028926754e-05,1.8962016743949927e-07,0.0097658451565298,0.000155281754174,0.0009836174779193,2.748246550765998e-06,rnd,0.05,0,RND (beta=0.05)
41000,0.214,0.2094390243902439,1.0,68,265,8825,1.2137220449267686e-05,2.5284211731494536e-07,1.2137220449267686e-05,2.5284211731494536e-07,0.0100507154634486,0.0002094244015985,0.0009275026161194,2.769512910049343e-06,rnd,0.05,0,RND (beta=0.05)
42000,0.141,0.2078095238095238,1.0,68,265,8966,1.2460028549912428e-05,2.026122899579479e-07,1.2460028549912428e-05,2.026122899579479e-07,0.0104492214798972,0.000169905925972,0.0008810799153216,2.688584114025616e-06,rnd,0.05,0,RND (beta=0.05)
43000,0.596,0.2168372093023255,1.0,68,265,9562,1.1938120832804167e-05,2.129669402588695e-07,1.1938120832804167e-05,2.129669402588695e-07,0.0101323791835007,0.0001804689394785,0.0008518386632131,2.7134523771792376e-06,rnd,0.05,0,RND (beta=0.05)
44000,0.395,0.2208863636363636,1.0,68,265,9957,1.1910684371068325e-05,4.283942786404743e-07,1.1910684371068325e-05,4.283942786404743e-07,0.0102273018222632,0.0003665203573226,0.0008529228700281,2.794741196794348e-06,rnd,0.05,0,RND (beta=0.05)
45000,0.258,0.2217111111111111,1.0,68,265,10215,1.1958842697618088e-05,2.096158123818121e-07,1.1958842697618088e-05,2.096158123818121e-07,0.0103691281196847,0.0001817988461065,0.0008306699981258,2.767146865153336e-06,rnd,0.05,0,RND (beta=0.05)
46000,0.104,0.2191521739130434,1.0,68,265,10319,1.1557562940057463e-05,1.7286715649410057e-07,1.1557562940057463e-05,1.7286715649410057e-07,0.0101306186184426,0.0001515987587219,0.0008149007921456,2.7754416317975485e-06,rnd,0.05,0,RND (beta=0.05)
47000,0.379,0.2225531914893617,1.0,68,265,10698,1.043692405095748e-05,2.14595198222512e-07,1.043692405095748e-05,2.14595198222512e-07,0.0092460170641545,0.0001903388086921,0.0007751935205815,2.7329950875127908e-06,rnd,0.05,0,RND (beta=0.05)
48000,0.467,0.2276458333333333,1.0,68,265,11165,1.0280613847748182e-05,3.951145840827069e-07,1.0280613847748182e-05,3.951145840827069e-07,0.0092169681723001,0.0003535901715331,0.0007493034142207,2.7518829458017537e-06,rnd,0.05,0,RND (beta=0.05)
49000,0.594,0.2351224489795918,1.0,68,265,11759,1.0078185180581653e-05,2.8684966609569017e-07,1.0078185180581653e-05,2.8684966609569017e-07,0.0091268854322497,0.0002589684352923,0.0007542190816311,2.768819467746653e-06,rnd,0.05,0,RND (beta=0.05)
50000,0.132,0.23306,1.0,68,265,11891,1.0547005517351367e-05,1.5966255796019673e-07,1.0547005517351367e-05,1.5966255796019673e-07,0.0096242262059066,0.0001459408960668,0.0007318587327827,2.769037719872358e-06,rnd,0.05,0,RND (beta=0.05)
51000,0.033,0.2291372549019608,1.0,68,265,11924,9.8807074457661e-06,1.718016038208709e-07,9.8807074457661e-06,1.718016038208709e-07,0.0091209552134848,0.0001585046291349,0.0004121910002104,2.726591344526241e-06,rnd,0.05,0,RND (beta=0.05)
52000,0.357,0.2315961538461538,1.0,68,265,12281,1.0003392089372745e-05,1.7144951965555159e-07,1.0003392089372745e-05,1.7144951965555159e-07,0.0093154345429596,0.0001597155347082,7.236226669738244e-05,2.662839822846763e-06,rnd,0.05,0,RND (beta=0.05)
53000,0.235,0.2316603773584905,1.0,68,265,12516,1.0462309378357182e-05,2.0504993316018385e-07,1.0462309378357182e-05,2.0504993316018385e-07,0.0098393323437201,0.0001928460083368,5.224913273923448e-05,2.7034729239403533e-06,rnd,0.05,0,RND (beta=0.05)
54000,0.778,0.2417777777777777,1.0,68,265,13294,1.0375710271522888e-05,2.3284166967680718e-07,1.0375710271522888e-05,2.3284166967680718e-07,0.0098479558188047,0.0002211658305439,4.154358014420723e-05,2.75917028375261e-06,rnd,0.05,0,RND (beta=0.05)
55000,0.829,0.2524545454545454,1.0,68,265,14123,1.1266425518696132e-05,2.0782958065364105e-07,1.1266425518696132e-05,2.0782958065364105e-07,0.0107941290341045,0.0001987674213946,3.3008699480888026e-05,2.8398156372304584e-06,rnd,0.05,0,RND (beta=0.05)
56000,0.894,0.2639107142857143,1.0,68,265,15017,1.138780088231154e-05,2.677866403590577e-07,1.138780088231154e-05,2.677866403590577e-07,0.0110048982256937,0.0002587788421716,3.339160510677175e-05,2.98464198988313e-06,rnd,0.05,0,RND (beta=0.05)
57000,0.784,0.2730350877192982,1.0,68,265,15801,1.1593438635045738e-05,3.0874461367760534e-07,1.1593438635045738e-05,3.0874461367760534e-07,0.0113003643585031,0.0003009858406959,2.7811287556232852e-05,3.042115053744965e-06,rnd,0.05,0,RND (beta=0.05)
58000,0.692,0.2802586206896552,1.0,68,265,16493,1.1831851953775713e-05,3.170058783555616e-07,1.1831851953775713e-05,3.170058783555616e-07,0.0116362509131966,0.0003116360271507,2.333941034066811e-05,3.195931094523985e-06,rnd,0.05,0,RND (beta=0.05)
59000,0.773,0.2886101694915254,1.0,68,265,17266,1.0473094427833733e-05,2.143253142499348e-07,1.0473094427833733e-05,2.143253142499348e-07,0.0103837977870523,0.0002126187888328,2.3023408281005687e-05,3.2774781894886477e-06,rnd,0.05,0,RND (beta=0.05)
60000,0.134,0.2860333333333333,1.0,68,265,17400,1.112878435242916e-05,2.2190596545099635e-07,1.112878435242916e-05,2.2190596545099635e-07,0.0111364259210862,0.0002219708465414,1.963125557040257e-05,3.2538323331436915e-06,rnd,0.05,0,RND (beta=0.05)
61000,0.149,0.2837868852459016,1.0,68,265,17549,1.0030692440663516e-05,2.5904157806938444e-06,1.0030692440663516e-05,2.5904157806938444e-06,0.0101013103888693,0.0026118352099469,1.6840625338772953e-05,3.3227475963713005e-06,rnd,0.05,0,RND (beta=0.05)
62000,0.704,0.2905645161290323,1.0,68,265,18253,1.1008060194293216e-05,2.030154679561664e-07,1.1008060194293216e-05,2.030154679561664e-07,0.0111882229097407,0.0002063244446993,1.2474724102503387e-05,3.280012562413504e-06,rnd,0.05,0,RND (beta=0.05)
63000,0.592,0.2953492063492063,1.0,68,265,18845,1.0256054455385925e-05,7.893511936111796e-07,1.0256054455385925e-05,7.893511936111796e-07,0.0105110706199086,0.000807668846102,1.4364890998876943e-05,3.378560888336324e-06,rnd,0.05,0,RND (beta=0.05)
64000,0.962,0.305765625,1.0,68,265,19807,9.880716632762713e-06,2.316619827898816e-07,9.880716632762713e-06,2.316619827898816e-07,0.0102005025139499,0.0002393112286671,1.1591682495691204e-05,3.45181434636288e-06,rnd,0.05,0,RND (beta=0.05)
65000,0.492,0.3086307692307692,1.0,68,265,20299,9.364434412311416e-06,7.419422655954615e-07,9.364434412311416e-06,7.419422655954615e-07,0.0097453779380057,0.0007705343502669,1.671183051166736e-05,3.5212228996215346e-06,rnd,0.05,0,RND (beta=0.05)
66000,0.05,0.3047121212121212,1.0,68,265,20349,9.68636004927248e-06,1.8245300943713e-06,9.68636004927248e-06,1.8245300943713e-06,0.0101424007055849,0.0019146927899618,1.3972082851978483e-05,3.5384819788077947e-06,rnd,0.05,0,RND (beta=0.05)
67000,0.023,0.3005074626865671,1.0,68,265,20372,1.0840771032551698e-05,1.8264711467726322e-07,1.0840771032551698e-05,1.8264711467726322e-07,0.0114511992259605,0.0001929419963645,1.1061796342801244e-05,3.484425528540669e-06,rnd,0.05,0,RND (beta=0.05)
68000,0.107,0.2976617647058823,1.0,68,265,20479,9.50633470170585e-06,3.980742117232274e-06,9.50633470170585e-06,3.980742117232274e-06,0.0101148892814318,0.0042315420271829,1.1712942439771725e-05,3.502541010789173e-06,rnd,0.05,0,RND (beta=0.05)
69000,0.009,0.2934782608695652,1.0,68,265,20488,9.075870669524496e-06,5.082238699179004e-06,9.075870669524496e-06,5.082238699179004e-06,0.009725891809593,0.0054491489675642,9.824475586583505e-06,3.4834252797963925e-06,rnd,0.05,0,RND (beta=0.05)
70000,0.005,0.2893571428571428,1.0,68,265,20493,9.230337127519306e-06,2.531945532385308e-06,9.230337127519306e-06,2.531945532385308e-06,0.0099683581403992,0.0027302065156658,9.937262399716928e-06,3.437701367829504e-06,rnd,0.05,0,RND (beta=0.05)
71000,0.009,0.2854084507042253,1.0,68,265,20502,1.0106057996179314e-05,1.2624954829474414e-06,1.0106057996179314e-05,1.2624954829474414e-06,0.0110066472825818,0.0013714216381033,9.022925699810005e-06,3.425086222932805e-06,rnd,0.05,0,RND (beta=0.05)
72000,0.03,0.2818611111111111,1.0,68,267,20534,9.784594461355785e-06,2.080862775303042e-06,9.784594461355785e-06,2.080862775303042e-06,0.0107240358174368,0.0022796852299973,1.183833176855842e-05,3.3444085347582588e-06,rnd,0.05,0,RND (beta=0.05)
73000,0.051,0.2786986301369863,1.0,68,267,20585,9.578293670261591e-06,3.464740563143506e-06,9.578293670261591e-06,3.464740563143506e-06,0.0105572170129201,0.0038115533402711,8.185143008404339e-06,3.3750430312693423e-06,rnd,0.05,0,RND (beta=0.05)
74000,0.042,0.2755,1.0,68,267,20627,9.253250455220127e-06,6.295867446811021e-07,9.253250455220127e-06,6.295867446811021e-07,0.0102513620789984,0.0006982693586614,1.3457416367145924e-05,3.3852524609301327e-06,rnd,0.05,0,RND (beta=0.05)
75000,0.014,0.2720133333333333,1.0,68,267,20641,9.624741258968631e-06,6.70831649568797e-07,9.624741258968631e-06,6.70831649568797e-07,0.0107469238144791,0.0007488683699214,1.148079608219632e-05,3.2947810381074307e-06,rnd,0.05,0,RND (beta=0.05)
76000,0.014,0.2686184210526315,1.0,68,270,20657,1.01370205486871e-05,2.8510100086874966e-06,1.01370205486871e-05,2.8510100086874966e-06,0.0113923109500341,0.0031979713156473,8.130215209803281e-06,3.2657336375905288e-06,rnd,0.05,0,RND (beta=0.05)
77000,0.025,0.2654545454545454,1.0,68,270,20682,8.986618950075353e-06,1.603943590399199e-06,8.986618950075353e-06,1.603943590399199e-06,0.0101842115028442,0.0018154796008465,7.247402018492721e-06,3.205949583616529e-06,rnd,0.05,0,RND (beta=0.05)
78000,0.033,0.262474358974359,1.0,68,270,20715,9.566614869871762e-06,1.4109779728660012e-06,9.566614869871762e-06,1.4109779728660012e-06,0.0108953014341548,0.0016038217240672,9.380185001646167e-06,3.1742304483941557e-06,rnd,0.05,0,RND (beta=0.05)
79000,0.007,0.2592405063291139,1.0,68,270,20722,8.86104414478593e-06,3.904533343198936e-07,8.86104414478593e-06,3.904533343198936e-07,0.0101574815178311,0.0004473940750914,7.445977265774672e-06,3.075155370993344e-06,rnd,0.05,0,RND (beta=0.05)
80000,0.019,0.2562375,1.0,68,270,20741,7.1237483146098e-06,1.394636479036666e-06,7.1237483146098e-06,1.394636479036666e-06,0.008206355932269,0.0016101976030078,1.109268714094469e-05,2.9766752899149653e-06,rnd,0.05,0,RND (beta=0.05)
81000,0.06,0.2538148148148148,1.0,68,270,20801,1.0480445670661237e-05,6.956727711831735e-07,1.0480445670661237e-05,6.956727711831735e-07,0.0121655151877002,0.0008070515289817,8.080968608283001e-06,2.9096910907355777e-06,rnd,0.05,0,RND (beta=0.05)
82000,0.009,0.2508292682926829,1.0,68,270,20810,8.969865120889153e-06,7.665845745249213e-06,8.969865120889153e-06,7.665845745249213e-06,0.0104877219647213,0.0089500221389443,9.29401857092671e-06,2.901950248315188e-06,rnd,0.05,0,RND (beta=0.05)
83000,0.005,0.247867469879518,1.0,68,270,20815,9.730471538205163e-06,7.861383302732788e-06,9.730471538205163e-06,7.861383302732788e-06,0.0114320166565804,0.0092275080710355,8.511152550454426e-06,2.9290297177340107e-06,rnd,0.05,0,RND (beta=0.05)
84000,0.064,0.2456785714285714,1.0,68,270,20879,8.632631612215391e-06,5.294520800432161e-07,8.632631612215391e-06,5.294520800432161e-07,0.0101935881463472,0.0006248561303456,7.271787833587951e-06,2.849022126156342e-06,rnd,0.05,0,RND (beta=0.05)
85000,0.488,0.2485294117647059,1.0,68,270,21367,9.400117449342628e-06,2.76917658734166e-07,9.400117449342628e-06,2.76917658734166e-07,0.011170722791457,0.0003290308481199,4.805002845046147e-06,2.8195537134934058e-06,rnd,0.05,0,RND (beta=0.05)
86000,0.048,0.2461976744186046,1.0,68,270,21415,8.972082052120337e-06,7.238816823124526e-07,8.972082052120337e-06,7.238816823124526e-07,0.0107339379180536,0.0008654815017003,6.277170076259608e-06,2.7434038391902503e-06,rnd,0.05,0,RND (beta=0.05)
87000,0.024,0.2436436781609195,1.0,68,270,21439,7.982834328383129e-06,7.63700691757057e-07,7.982834328383129e-06,7.63700691757057e-07,0.0096012664962444,0.0009171267869804,5.412783443603075e-06,2.702553032918331e-06,rnd,0.05,0,RND (beta=0.05)
88000,0.018,0.2410795454545454,1.0,68,270,21457,9.366358982434678e-06,8.477860169252472e-07,9.366358982434678e-06,8.477860169252472e-07,0.0113185089058265,0.0010259432057093,4.402690794222508e-06,2.6087594122827795e-06,rnd,0.05,0,RND (beta=0.05)
89000,0.057,0.2390112359550562,1.0,68,270,21514,9.856154903038832e-06,1.2792725714654163e-06,9.856154903038832e-06,1.2792725714654163e-06,0.0119917194730764,0.0015529063650416,6.6226427304627575e-06,2.542040988601002e-06,rnd,0.05,0,RND (beta=0.05)
90000,0.134,0.2378444444444444,1.0,68,270,21648,8.992812230468162e-06,1.516091602872293e-06,8.992812230468162e-06,1.516091602872293e-06,0.010994062719215,0.0018566510432889,4.732855296765592e-06,2.503473219690022e-06,rnd,0.05,0,RND (beta=0.05)
91000,0.01,0.2353406593406593,1.0,68,270,21658,1.0169686584049489e-05,1.3952968362103765e-06,1.0169686584049489e-05,1.3952968362103765e-06,0.0124858463017336,0.001714171967841,5.576199220172384e-06,2.4668892692147893e-06,rnd,0.05,0,RND (beta=0.05)
92000,0.007,0.2328586956521739,1.0,68,270,21665,9.949802526015056e-06,6.27360313891832e-06,9.949802526015056e-06,6.27360313891832e-06,0.0123016822045438,0.0077590207909683,5.50647326122089e-06,2.464209641061643e-06,rnd,0.05,0,RND (beta=0.05)
93000,0.005,0.2304086021505376,1.0,68,270,21670,9.030988167069154e-06,1.66044760427908e-06,9.030988167069154e-06,1.66044760427908e-06,0.0112191658105694,0.0020609220865981,6.655377484435121e-06,2.43998924531752e-06,rnd,0.05,0,RND (beta=0.05)
94000,0.009,0.2280531914893617,1.0,68,270,21679,8.46020349045931e-06,2.7568652558082986e-07,8.46020349045931e-06,2.7568652558082986e-07,0.0105684548449608,0.0003443562527181,4.724644357452235e-06,2.316480033755397e-06,rnd,0.05,0,RND (beta=0.05)
95000,0.022,0.2258842105263158,1.0,68,270,21701,8.259452670245082e-06,4.1337204347084883e-07,8.259452670245082e-06,4.1337204347084883e-07,0.0103744508440955,0.0005187742485357,4.817441321790738e-06,2.194498180699611e-06,rnd,0.05,0,RND (beta=0.05)
96000,0.218,0.2258020833333333,1.0,68,270,21919,8.558304900628698e-06,1.9148951574952915e-07,8.558304900628698e-06,1.9148951574952915e-07,0.0108126879154437,0.000241630755566,5.077396896922437e-06,2.185242601171921e-06,rnd,0.05,0,RND (beta=0.05)
97000,0.377,0.227360824742268,1.0,68,270,22296,8.148202047370182e-06,2.0405787848396699e-07,8.148202047370182e-06,2.0405787848396699e-07,0.0103308843154651,0.0002590207241742,5.147155088366162e-06,2.176064504851638e-06,rnd,0.05,0,RND (beta=0.05)
98000,0.037,0.2254183673469387,1.0,68,270,22333,9.167839257192886e-06,7.914551690696649e-07,9.167839257192886e-06,7.914551690696649e-07,0.0116661376511051,0.00100848206448,3.5594479599581063e-06,2.157918975115081e-06,rnd,0.05,0,RND (beta=0.05)
99000,0.066,0.2238080808080808,1.0,68,270,22399,8.388781535276477e-06,4.292199751435551e-06,8.388781535276477e-06,4.292199751435551e-06,0.0107530201246386,0.0055043714565933,4.61414802202853e-06,2.0589093852549924e-06,rnd,0.05,0,RND (beta=0.05)
100000,0.043,0.222,1.0,68,270,22442,7.5727373155661e-06,1.0740628721297271e-06,7.5727373155661e-06,1.0740628721297271e-06,0.0097476094313359,0.0013839866774496,4.536718202984958e-06,2.0406570628779265e-06,rnd,0.05,0,RND (beta=0.05)
1000,0.16,0.16,0.7352941176470589,50,171,310,0.0106378331896848,0.0090537758156036,0.0106378331896848,0.0090537758156036,4.764761612534527,4.958018304234968,0.0662102624773979,0.0089379688724875,rnd,0.05,1,RND (beta=0.05)
2000,0.166,0.163,0.7647058823529411,52,183,485,0.0010173492062961,0.0004233710053502,0.0010173492062961,0.0004233710053502,0.595544094558446,0.2202911152459059,0.0091583977201953,0.0005060496917358,rnd,0.05,1,RND (beta=0.05)
3000,0.095,0.1403333333333333,0.9264705882352942,63,224,621,0.000116822453856,7.789861209888067e-05,0.000116822453856,7.789861209888067e-05,0.0257269194285794,0.0172886614005928,0.0066005452089011,5.069288028425945e-05,rnd,0.05,1,RND (beta=0.05)
4000,0.115,0.134,1.0,68,263,772,6.757240866452618e-05,4.998596357638677e-05,6.757240866452618e-05,4.998596357638677e-05,0.0161400259367594,0.0118848601276111,0.006135039411718,3.094890093962022e-05,rnd,0.05,1,RND (beta=0.05)
5000,0.115,0.1302,1.0,68,269,892,5.0857069009393656e-05,2.691879082632025e-05,5.0857069009393656e-05,2.691879082632025e-05,0.0132054119789191,0.0068788548468375,0.0055290268661919,2.259958908052795e-05,rnd,0.05,1,RND (beta=0.05)
6000,0.22,0.1451666666666666,1.0,68,269,1112,4.488619888434187e-05,1.4224476089307012e-05,4.488619888434187e-05,1.4224476089307012e-05,0.0123798741513382,0.0039147988275994,0.0050460776148829,1.6831801171065307e-05,rnd,0.05,1,RND (beta=0.05)
7000,0.16,0.1472857142857143,1.0,68,269,1272,3.789034323062879e-05,1.2658910715841676e-05,3.789034323062879e-05,1.2658910715841676e-05,0.0111877554425465,0.0037253148209158,0.004494090586435,1.3153467575648392e-05,rnd,0.05,1,RND (beta=0.05)
8000,0.16,0.148875,1.0,68,269,1432,3.2005336822749084e-05,6.419650731731828e-06,3.2005336822749084e-05,6.419650731731828e-06,0.0100619662037004,0.0019893479264298,0.0040653746401658,1.0504423474685609e-05,rnd,0.05,1,RND (beta=0.05)
9000,0.15,0.149,1.0,68,269,1582,3.063773021494853e-05,6.11130280933527e-06,3.063773021494853e-05,6.11130280933527e-06,0.0100828689978229,0.0020058589606598,0.0038764736858429,8.666306523991807e-06,rnd,0.05,1,RND (beta=0.05)
10000,0.099,0.144,1.0,68,269,1681,2.5841704616205523e-05,1.0763321829940385e-05,2.5841704616205523e-05,1.0763321829940385e-05,0.0089685250885134,0.0036914577983892,0.0035973850175505,7.706363165652875e-06,rnd,0.05,1,RND (beta=0.05)
11000,0.146,0.1441818181818182,1.0,68,269,1827,2.4969543991486816e-05,4.517503504772879e-06,2.4969543991486816e-05,4.517503504772879e-06,0.0090044448519624,0.0016298365618461,0.0034524854880291,6.745325866404528e-06,rnd,0.05,1,RND (beta=0.05)
12000,0.104,0.1408333333333333,1.0,68,270,1932,2.33735371903794e-05,5.609987061545267e-06,2.33735371903794e-05,5.609987061545267e-06,0.0087855777468379,0.0021138165830818,0.0031524029240245,5.884581883719875e-06,rnd,0.05,1,RND (beta=0.05)
13000,0.11,0.1384615384615384,1.0,68,270,2042,2.2565916349942037e-05,4.138112880245822e-06,2.2565916349942037e-05,4.138112880245822e-06,0.0087818800926106,0.001612069246298,0.0030664030975895,5.45292858942048e-06,rnd,0.05,1,RND (beta=0.05)
14000,0.173,0.1409285714285714,1.0,68,270,2215,2.2224549469305036e-05,2.7669753169577306e-06,2.2224549469305036e-05,2.7669753169577306e-06,0.0089860374760052,0.0011130795282613,0.0028781018992303,4.878103224882579e-06,rnd,0.05,1,RND (beta=0.05)
15000,0.131,0.1402666666666666,1.0,68,270,2346,2.078366895786794e-05,2.184986625140887e-06,2.078366895786794e-05,2.184986625140887e-06,0.0087121413302072,0.0009045498464661,0.0027257187481154,4.522178642901053e-06,rnd,0.05,1,RND (beta=0.05)
16000,0.089,0.1370625,1.0,68,270,2435,2.096345924860288e-05,1.383609904861523e-06,2.096345924860288e-05,1.383609904861523e-06,0.008994079319872,0.0005965435188708,0.0024911994850263,4.136332498774209e-06,rnd,0.05,1,RND (beta=0.05)
17000,0.139,0.1371764705882353,1.0,68,270,2574,1.896807519861802e-05,1.1987010754612374e-06,1.896807519861802e-05,1.1987010754612374e-06,0.0084171683897076,0.0005299669255787,0.0023703690990805,3.845861524609973e-06,rnd,0.05,1,RND (beta=0.05)
18000,0.182,0.1396666666666666,1.0,68,270,2756,1.876923589396948e-05,5.469294506926589e-07,1.876923589396948e-05,5.469294506926589e-07,0.0085564298289288,0.0002489953272837,0.0021363305610138,3.6123252900779336e-06,rnd,0.05,1,RND (beta=0.05)
19000,0.162,0.1408421052631579,1.0,68,270,2918,1.969450892077329e-05,6.191616473984955e-07,1.969450892077329e-05,6.191616473984955e-07,0.0092260192906246,0.0002886012378574,0.0020610692423069,3.4952162624222183e-06,rnd,0.05,1,RND (beta=0.05)
20000,0.165,0.14205,1.0,68,270,3083,1.8459593213099814e-05,5.245995611342899e-07,1.8459593213099814e-05,5.245995611342899e-07,0.0088341296438469,0.0002514764944322,0.0019454384213895,3.3773483967252106e-06,rnd,0.05,1,RND (beta=0.05)
21000,0.134,0.1416666666666666,1.0,68,270,3217,1.8810720854135207e-05,4.992975198332191e-07,1.8810720854135207e-05,4.992975198332191e-07,0.0092440218488753,0.0002449357602417,0.0017985861593624,3.20100274439028e-06,rnd,0.05,1,RND (beta=0.05)
22000,0.232,0.1457727272727272,1.0,68,270,3449,1.778919461269746e-05,4.5819755339904233e-07,1.778919461269746e-05,4.5819755339904233e-07,0.0089129148383472,0.0002301036685791,0.0017661242079047,3.172773991536815e-06,rnd,0.05,1,RND (beta=0.05)
23000,0.091,0.1433913043478261,1.0,68,270,3540,1.7526628628299908e-05,7.051912738985057e-07,1.7526628628299908e-05,7.051912738985057e-07,0.0089660018882407,0.0003617296191695,0.0016742624230682,3.0839707708310017e-06,rnd,0.05,1,RND (beta=0.05)
24000,0.22,0.1465833333333333,1.0,68,270,3760,1.7224829238412813e-05,1.5763862344842804e-06,1.7224829238412813e-05,1.5763862344842804e-06,0.0090126620681506,0.0008265551422071,0.0016254715960822,2.9899605735863588e-06,rnd,0.05,1,RND (beta=0.05)
25000,0.237,0.1502,1.0,68,270,3997,1.6754347291177745e-05,6.675930245335074e-07,1.6754347291177745e-05,6.675930245335074e-07,0.0089401496983344,0.0003568657816475,0.0016080637464183,3.030332247021761e-06,rnd,0.05,1,RND (beta=0.05)
26000,0.175,0.1511538461538461,1.0,68,270,4172,1.6676480068521673e-05,9.685346202903736e-07,1.6676480068521673e-05,9.685346202903736e-07,0.0090448120932931,0.0005282540181622,0.0014874007633916,3.004306641742005e-06,rnd,0.05,1,RND (beta=0.05)
27000,0.2,0.1529629629629629,1.0,68,270,4372,1.7474355508966255e-05,5.605031357536206e-07,1.7474355508966255e-05,5.605031357536206e-07,0.0096760109035541,0.0003107375792499,0.0014817928385309,2.9332167937354825e-06,rnd,0.05,1,RND (beta=0.05)
28000,0.153,0.1529642857142857,1.0,68,270,4525,1.6053208677999614e-05,8.865085665224458e-07,1.6053208677999614e-05,8.865085665224458e-07,0.0090790286166903,0.000500714320365,0.0014319573635584,2.877076902564113e-06,rnd,0.05,1,RND (beta=0.05)
29000,0.139,0.1524827586206896,1.0,68,270,4664,1.524479698051934e-05,1.756204378901339e-06,1.524479698051934e-05,1.756204378901339e-06,0.0087422887321668,0.0010061810248982,0.0014030710750084,2.8689298862332178e-06,rnd,0.05,1,RND (beta=0.05)
30000,0.136,0.1519333333333333,1.0,68,270,4800,1.4982818112564606e-05,1.1592972503206134e-06,1.4982818112564606e-05,1.1592972503206134e-06,0.0087600843313382,0.0006766419334975,0.0013806012998829,2.8230454787490087e-06,rnd,0.05,1,RND (beta=0.05)
31000,0.109,0.1505483870967742,1.0,68,270,4909,1.5167057685542814e-05,1.588355298574566e-06,1.5167057685542814e-05,1.588355298574566e-06,0.008981602790007,0.0009414200005192,0.0013431443146691,2.754539791339994e-06,rnd,0.05,1,RND (beta=0.05)
32000,0.103,0.1490625,1.0,68,270,5012,1.6395032616856042e-05,7.23140820812656e-07,1.6395032616856042e-05,7.23140820812656e-07,0.0098698235876257,0.0004365172077444,0.0012243965150264,2.6992675205974594e-06,rnd,0.05,1,RND (beta=0.05)
33000,0.195,0.1504545454545454,1.0,68,270,5207,1.4391649864802066e-05,3.178728822444586e-07,1.4391649864802066e-05,3.178728822444586e-07,0.008787787792838,0.0001944401056398,0.0012225506967515,2.6399304558708536e-06,rnd,0.05,1,RND (beta=0.05)
34000,0.256,0.1535588235294117,1.0,68,270,5463,1.5115241033925033e-05,1.4366742570371208e-06,1.5115241033925033e-05,1.4366742570371208e-06,0.009351428182458,0.0008927150265015,0.0011420613644004,2.651094460020431e-06,rnd,0.05,1,RND (beta=0.05)
35000,0.317,0.1582285714285714,1.0,68,270,5780,1.4974129580791998e-05,8.96311921958356e-07,1.4974129580791998e-05,8.96311921958356e-07,0.0094093276175231,0.0005646172522038,0.0011190864236414,2.6781219518170475e-06,rnd,0.05,1,RND (beta=0.05)
36000,0.256,0.1609444444444444,1.0,68,270,6036,1.4144984197272947e-05,3.9978820023187605e-07,1.4144984197272947e-05,3.9978820023187605e-07,0.0090180897458787,0.000254562727622,0.0010950945002769,2.6895050862094648e-06,rnd,0.05,1,RND (beta=0.05)
37000,0.158,0.1608648648648648,1.0,68,270,6194,1.3737287685493172e-05,4.397255794851261e-07,1.3737287685493172e-05,4.397255794851261e-07,0.0088720548608527,0.0002844349552723,0.0010940379727107,2.600483036758305e-06,rnd,0.05,1,RND (beta=0.05)
38000,0.281,0.1640263157894737,1.0,68,270,6475,1.4115534216724628e-05,2.2929127448153018e-07,1.4115534216724628e-05,2.2929127448153018e-07,0.0092455269680276,0.0001501457404439,0.0009887485886138,2.6257260878992385e-06,rnd,0.05,1,RND (beta=0.05)
39000,0.332,0.1683333333333333,1.0,68,270,6807,1.4399489006232709e-05,4.918709704979878e-07,1.4399489006232709e-05,4.918709704979878e-07,0.0095501220016268,0.0003273216724684,0.0009750708481442,2.648080980577561e-06,rnd,0.05,1,RND (beta=0.05)
40000,0.256,0.170525,1.0,68,270,7063,1.4317113194550757e-05,9.052885036877552e-07,1.4317113194550757e-05,9.052885036877552e-07,0.0096180247468964,0.000607336417334,0.0009318293591131,2.6699181519234115e-06,rnd,0.05,1,RND (beta=0.05)
41000,0.132,0.1695853658536585,1.0,68,270,7195,1.3050229936749076e-05,1.202073609364834e-06,1.3050229936749076e-05,1.202073609364834e-06,0.0088480378370247,0.0008186617941345,0.0009285946948584,2.678896861539215e-06,rnd,0.05,1,RND (beta=0.05)
42000,0.267,0.1719047619047619,1.0,68,270,7462,1.4529243725951945e-05,3.818745249827802e-07,1.4529243725951945e-05,3.818745249827802e-07,0.0099957429225335,0.0002629234361539,0.0009206719761496,2.650437157740271e-06,rnd,0.05,1,RND (beta=0.05)
43000,0.202,0.1726046511627907,1.0,68,270,7664,1.3050399248001694e-05,4.265736053243791e-07,1.3050399248001694e-05,4.265736053243791e-07,0.0090803565399064,0.0002967987642112,0.0009059746010825,2.652280261429496e-06,rnd,0.05,1,RND (beta=0.05)
44000,0.091,0.17075,1.0,68,270,7755,1.2410919860305691e-05,3.997082003125648e-07,1.2410919860305691e-05,3.997082003125648e-07,0.0087374618855122,0.0002812726100004,0.0008829692302824,2.6409419656374665e-06,rnd,0.05,1,RND (beta=0.05)
45000,0.109,0.1693777777777777,1.0,68,270,7864,1.2730998868383565e-05,4.919468937384595e-07,1.2730998868383565e-05,4.919468937384595e-07,0.0090657343797755,0.0003497286244558,0.0008433323985882,2.520807911082557e-06,rnd,0.05,1,RND (beta=0.05)
46000,0.187,0.1697608695652173,1.0,68,270,8051,1.2287001083220573e-05,3.3449811102258345e-07,1.2287001083220573e-05,3.3449811102258345e-07,0.0088404420820435,0.0002404724017589,0.0008492771513119,2.5295614630067576e-06,rnd,0.05,1,RND (beta=0.05)
47000,0.057,0.1673617021276595,1.0,68,270,8108,1.2798341326982298e-05,4.579981362777793e-07,1.2798341326982298e-05,4.579981362777793e-07,0.0092919311637139,0.0003333951361053,0.0008020920315757,2.46335560876787e-06,rnd,0.05,1,RND (beta=0.05)
48000,0.053,0.1649791666666666,1.0,68,270,8161,1.253356800966771e-05,5.706501502510546e-07,1.253356800966771e-05,5.706501502510546e-07,0.0092069747386447,0.0004196835556067,0.0008011201077242,2.4122074858041743e-06,rnd,0.05,1,RND (beta=0.05)
49000,0.14,0.164469387755102,1.0,68,270,8301,1.2100342119733149e-05,9.76834199257036e-07,1.2100342119733149e-05,9.76834199257036e-07,0.0089781095414725,0.000725173848405,0.0007504559995104,2.355308308494841e-06,rnd,0.05,1,RND (beta=0.05)
50000,0.157,0.16432,1.0,68,270,8458,1.2388246298999717e-05,6.16551378621166e-07,1.2388246298999717e-05,6.16551378621166e-07,0.0092990243419422,0.0004619956057027,0.0007660348627177,2.378233889146486e-06,rnd,0.05,1,RND (beta=0.05)
51000,0.048,0.1620392156862745,1.0,68,270,8506,1.1280032879312785e-05,2.005182171043025e-07,1.1280032879312785e-05,2.005182171043025e-07,0.008543781685231,0.0001518905737756,0.0004299143918706,2.3196365103217432e-06,rnd,0.05,1,RND (beta=0.05)
52000,0.035,0.1595961538461538,1.0,68,270,8541,1.1765039887125436e-05,1.9519168167238997e-07,1.1765039887125436e-05,1.9519168167238997e-07,0.008993334414788,0.0001493879112477,7.123492269238341e-05,2.2607460850281312e-06,rnd,0.05,1,RND (beta=0.05)
53000,0.071,0.1579245283018868,1.0,68,270,8612,1.087177446299367e-05,2.282157371153867e-07,1.087177446299367e-05,2.282157371153867e-07,0.0084065990361729,0.0001760275505009,5.762987468733627e-05,2.1794757262227903e-06,rnd,0.05,1,RND (beta=0.05)
54000,0.17,0.1581481481481481,1.0,68,270,8782,1.154431346388746e-05,3.516433178675588e-07,1.154431346388746e-05,3.516433178675588e-07,0.008982822209404,0.0002738535018776,5.4341213988664096e-05,2.2460465477252e-06,rnd,0.05,1,RND (beta=0.05)
55000,0.107,0.1572181818181818,1.0,68,270,8889,1.1549077141786834e-05,6.399382920978585e-07,1.1549077141786834e-05,6.399382920978585e-07,0.0090898332423503,0.0005023165885992,4.19567187436769e-05,2.189330208238971e-06,rnd,0.05,1,RND (beta=0.05)
56000,0.207,0.1581071428571428,1.0,68,270,9096,1.1012515583190734e-05,3.872734774751174e-07,1.1012515583190734e-05,3.872734774751174e-07,0.008734836879181,0.000307131915578,3.485338742029853e-05,2.1904711323372795e-06,rnd,0.05,1,RND (beta=0.05)
57000,0.041,0.1560526315789473,1.0,68,270,9137,1.215411455676786e-05,1.9147804695810138e-07,1.215411455676786e-05,1.9147804695810138e-07,0.0097227262090079,0.0001531031216887,3.6077110094083766e-05,2.1351281021679825e-06,rnd,0.05,1,RND (beta=0.05)
58000,0.035,0.1539655172413793,1.0,68,270,9172,1.2444123136187304e-05,9.012921721808216e-07,1.2444123136187304e-05,9.012921721808216e-07,0.0100332533143177,0.000726272494085,2.946542238942129e-05,2.076747356056785e-06,rnd,0.05,1,RND (beta=0.05)
59000,0.014,0.151593220338983,1.0,68,270,9186,1.149252891861709e-05,1.406872192636402e-06,1.149252891861709e-05,1.406872192636402e-06,0.009359115206254,0.0011440635363956,2.4765807559560927e-05,2.061953462657584e-06,rnd,0.05,1,RND (beta=0.05)
60000,0.037,0.1496833333333333,1.0,68,270,9223,1.09611138902216e-05,1.1987979929279892e-06,1.09611138902216e-05,1.1987979929279892e-06,0.008993798526523,0.0009834181763136,2.165499204738808e-05,2.0171981586827312e-06,rnd,0.05,1,RND (beta=0.05)
61000,0.012,0.1474262295081967,1.0,68,270,9235,1.5668250550030887e-05,1.415385749174281e-06,1.5668250550030887e-05,1.415385749174281e-06,0.0129586551712503,0.0011697279849496,1.951856233426952e-05,1.979679261239653e-06,rnd,0.05,1,RND (beta=0.05)
62000,0.012,0.1452419354838709,1.0,68,270,9247,1.5652507954655448e-05,6.883117974427161e-07,1.5652507954655448e-05,6.883117974427161e-07,0.0130534044502502,0.0005737342304572,2.3868238688010023e-05,1.966276652979104e-06,rnd,0.05,1,RND (beta=0.05)
63000,0.02,0.1432539682539682,1.0,68,270,9267,1.431619762115588e-05,6.186972362531624e-07,1.431619762115588e-05,6.186972362531624e-07,0.0120277370604866,0.0005199173973274,2.46504529586673e-05,1.940764416872298e-06,rnd,0.05,1,RND (beta=0.05)
64000,0.024,0.141390625,1.0,68,270,9291,1.1800211685416192e-05,5.152850825883407e-07,1.1800211685416192e-05,5.152850825883407e-07,0.0099986996535817,0.000436558159842,1.7517538381071063e-05,1.853726601893868e-06,rnd,0.05,1,RND (beta=0.05)
65000,0.041,0.1398461538461538,1.0,68,270,9332,1.4256733288121034e-05,5.82004862004134e-07,1.4256733288121034e-05,5.82004862004134e-07,0.0121644921783614,0.0004963689026945,1.5091160571728325e-05,1.861612768550458e-06,rnd,0.05,1,RND (beta=0.05)
66000,0.021,0.1380454545454545,1.0,68,270,9353,1.20483395264836e-05,1.83885271518782e-06,1.20483395264836e-05,1.83885271518782e-06,0.0103577202705622,0.001580002001998,1.4936875281364336e-05,1.8296541641120711e-06,rnd,0.05,1,RND (beta=0.05)
67000,0.021,0.1362985074626865,1.0,68,270,9374,1.121348326532392e-05,1.126578960915896e-06,1.121348326532392e-05,1.126578960915896e-06,0.0097090066712757,0.0009761625884299,1.0262995159337153e-05,1.8350543140286391e-06,rnd,0.05,1,RND (beta=0.05)
68000,0.028,0.1347058823529411,1.0,68,270,9402,1.1414459038405766e-05,2.63767582341884e-07,1.1414459038405766e-05,2.63767582341884e-07,0.0099612604603464,0.000230393503734,9.794804718808336e-06,1.778553858741816e-06,rnd,0.05,1,RND (beta=0.05)
69000,0.021,0.1330579710144927,1.0,68,270,9423,1.0526964507291614e-05,4.0369232608753313e-07,1.0526964507291614e-05,4.0369232608753313e-07,0.009250568457425,0.0003549531878912,9.88929466461741e-06,1.6900592563047213e-06,rnd,0.05,1,RND (beta=0.05)
70000,0.024,0.1315,1.0,68,270,9447,1.1675401045370869e-05,9.050808147283584e-07,1.1675401045370869e-05,9.050808147283584e-07,0.0103334234171523,0.0008012511451784,7.841281936862287e-06,1.6746515393606388e-06,rnd,0.05,1,RND (beta=0.05)
71000,0.035,0.1301408450704225,1.0,68,270,9482,1.2090175524852903e-05,3.323736063026113e-07,1.2090175524852903e-05,3.323736063026113e-07,0.0107598215225378,0.000296516523354,7.816285347644225e-06,1.632425477680499e-06,rnd,0.05,1,RND (beta=0.05)
72000,0.014,0.1285277777777777,1.0,68,270,9496,1.1946579921381531e-05,4.736381276418259e-07,1.1946579921381531e-05,4.736381276418259e-07,0.0107207789799018,0.0004255029651959,7.906669452495407e-06,1.577643350856306e-06,rnd,0.05,1,RND (beta=0.05)
73000,0.131,0.1285616438356164,1.0,68,270,9627,1.139768992566445e-05,4.0937097746747723e-07,1.139768992566445e-05,4.0937097746747723e-07,0.0103023750860482,0.0003697022798046,7.59105564929996e-06,1.5636604953073174e-06,rnd,0.05,1,RND (beta=0.05)
74000,0.397,0.1321891891891891,1.0,68,270,10024,1.1589781469106116e-05,3.713477432861894e-07,1.1589781469106116e-05,3.713477432861894e-07,0.0105538934966079,0.000337580648955,8.218157268174764e-06,1.5761580896764826e-06,rnd,0.05,1,RND (beta=0.05)
75000,0.347,0.1350533333333333,1.0,68,270,10371,1.1131045512648684e-05,2.571339339077133e-07,1.1131045512648684e-05,2.571339339077133e-07,0.0101896099813154,0.0002356996035011,6.126073591531167e-06,1.6180123778894997e-06,rnd,0.05,1,RND (beta=0.05)
76000,0.174,0.1355657894736842,1.0,68,270,10545,1.1582669816269263e-05,4.1113015807600405e-07,1.1582669816269263e-05,4.1113015807600405e-07,0.0106756237303817,0.0003792375892334,5.18256618408941e-06,1.5903414484625954e-06,rnd,0.05,1,RND (beta=0.05)
77000,0.428,0.1393636363636363,1.0,68,270,10973,1.1491203349365928e-05,1.1635310411809438e-06,1.1491203349365928e-05,1.1635310411809438e-06,0.0106702287538808,0.0010798825226166,6.964509808767616e-06,1.634243012318848e-06,rnd,0.05,1,RND (beta=0.05)
78000,0.151,0.1395128205128205,1.0,68,270,11124,1.152104150846663e-05,4.404497331201277e-07,1.152104150846663e-05,4.404497331201277e-07,0.0107521147247944,0.0004120776179319,5.215688212615533e-06,1.66593885438715e-06,rnd,0.05,1,RND (beta=0.05)
79000,0.017,0.1379620253164556,1.0,68,270,11141,1.011543557016172e-05,7.91322702147854e-07,1.011543557016172e-05,7.91322702147854e-07,0.0095005732433242,0.0007438429501846,5.284786425590937e-06,1.6132706173834776e-06,rnd,0.05,1,RND (beta=0.05)
80000,0.015,0.136425,1.0,68,270,11156,1.0108941326810356e-05,2.391780055003735e-07,1.0108941326810356e-05,2.391780055003735e-07,0.0095569784368008,0.0002262135305574,3.125047693970373e-06,1.5711247815488605e-06,rnd,0.05,1,RND (beta=0.05)
81000,0.018,0.1349629629629629,1.0,68,270,11174,1.1828691109864543e-05,7.659325505098757e-07,1.1828691109864543e-05,7.659325505098757e-07,0.0112612308744814,0.0007288543123961,3.696054620945688e-06,1.559251753974422e-06,rnd,0.05,1,RND (beta=0.05)
82000,0.046,0.1338780487804878,1.0,68,270,11220,1.0786967253728148e-05,7.88523312869622e-07,1.0786967253728148e-05,7.88523312869622e-07,0.0103288402650306,0.0007548017848572,3.606960530646575e-06,1.5480138733323656e-06,rnd,0.05,1,RND (beta=0.05)
83000,0.014,0.132433734939759,1.0,68,271,11235,9.995799603400104e-06,9.571169398907088e-07,9.995799603400104e-06,9.571169398907088e-07,0.0096281151484812,0.0009234564386129,3.292601988107435e-06,1.5225973318706565e-06,rnd,0.05,1,RND (beta=0.05)
84000,0.014,0.1310238095238095,1.0,68,271,11249,1.3609038822843494e-05,1.653952223031815e-07,1.3609038822843494e-05,1.653952223031815e-07,0.0131964778282049,0.0001602811662024,6.788706544824663e-06,1.4476738880091489e-06,rnd,0.05,1,RND (beta=0.05)
85000,0.019,0.1297058823529411,1.0,68,271,11268,1.1040542966312436e-05,2.763889969635056e-06,1.1040542966312436e-05,2.763889969635056e-06,0.0107644639433862,0.0026952478926936,5.7954357404241815e-06,1.392858191252344e-06,rnd,0.05,1,RND (beta=0.05)
86000,0.016,0.1283837209302325,1.0,68,271,11284,1.1321508992523375e-05,5.033397180571445e-07,1.1321508992523375e-05,5.033397180571445e-07,0.0111037644636928,0.0004930853435124,7.573662702839101e-06,1.3128043119081667e-06,rnd,0.05,1,RND (beta=0.05)
87000,0.031,0.1272643678160919,1.0,68,271,11315,1.05631260222224e-05,3.4985103049025214e-07,1.05631260222224e-05,3.4985103049025214e-07,0.01041407136044,0.0003447406581557,6.27818822908921e-06,1.3057959808975285e-06,rnd,0.05,1,RND (beta=0.05)
88000,0.112,0.1270909090909091,1.0,68,271,11427,1.0638247342090576e-05,8.96849186495376e-07,1.0638247342090576e-05,8.96849186495376e-07,0.0105428428698225,0.000888816179917,4.036970540710172e-06,1.2533578968998426e-06,rnd,0.05,1,RND (beta=0.05)
89000,0.114,0.1269438202247191,1.0,68,271,11541,1.0857323942266367e-05,3.627533762793961e-07,1.0857323942266367e-05,3.627533762793961e-07,0.0108222639429824,0.0003618663003619,8.101389445869244e-06,1.2035201181390677e-06,rnd,0.05,1,RND (beta=0.05)
90000,0.053,0.1261222222222222,1.0,68,271,11594,1.1504824837140644e-05,3.439535050543072e-07,1.1504824837140644e-05,3.439535050543072e-07,0.0115327794920453,0.000344861312746,3.815897399192636e-06,1.1495481984127309e-06,rnd,0.05,1,RND (beta=0.05)
91000,0.124,0.1260989010989011,1.0,68,271,11718,1.0624174607191007e-05,4.501007930447757e-07,1.0624174607191007e-05,4.501007930447757e-07,0.0107005784079953,0.0004542802685881,9.41160784850581e-06,1.11916527698952e-06,rnd,0.05,1,RND (beta=0.05)
92000,0.025,0.125,1.0,68,271,11743,1.15069168714399e-05,1.9032101781645814e-07,1.15069168714399e-05,1.9032101781645814e-07,0.011650701092292,0.0001928538477634,7.571730174561253e-06,1.082318982327024e-06,rnd,0.05,1,RND (beta=0.05)
93000,0.086,0.1245806451612903,1.0,68,271,11829,1.1022427796951676e-05,2.300090501372927e-07,1.1022427796951676e-05,2.300090501372927e-07,0.0112191901668115,0.0002343507710768,6.87538521708575e-06,1.0421115159431338e-06,rnd,0.05,1,RND (beta=0.05)
94000,0.046,0.1237446808510638,1.0,68,271,11875,1.1930693418711916e-05,2.0023928844038064e-07,1.1930693418711916e-05,2.0023928844038064e-07,0.0122352877998276,0.0002052433355176,9.645734472769618e-06,1.0124131953404002e-06,rnd,0.05,1,RND (beta=0.05)
95000,0.06,0.1230736842105263,1.0,68,271,11935,1.0699336856608471e-05,3.200972132877637e-07,1.0699336856608471e-05,3.200972132877637e-07,0.0110110183019433,0.0003293512775746,1.035213272280089e-05,1.0087406904233375e-06,rnd,0.05,1,RND (beta=0.05)
96000,0.009,0.1218854166666666,1.0,68,271,11944,1.0548633832109368e-05,2.4860317903926605e-07,1.0548633832109368e-05,2.4860317903926605e-07,0.0109147220383057,0.0002573780590045,1.0448249130035948e-05,9.502572942352572e-07,rnd,0.05,1,RND (beta=0.05)
97000,0.008,0.1207113402061855,1.0,68,271,11952,1.0873823157453444e-05,1.2341208023972546e-07,1.0873823157453444e-05,1.2341208023972546e-07,0.0113099703147833,0.000128427378871,1.23613087683907e-05,9.210815668438954e-07,rnd,0.05,1,RND (beta=0.05)
98000,0.006,0.1195408163265306,1.0,68,271,11958,9.573909892424126e-06,7.06265500825432e-07,9.573909892424126e-06,7.06265500825432e-07,0.0100080318968456,0.000739095517443,5.668834026778313e-06,9.170799009012852e-07,rnd,0.05,1,RND (beta=0.05)
99000,0.032,0.1186565656565656,1.0,68,271,11990,1.0371775374551362e-05,1.4492715174215092e-06,1.0371775374551362e-05,1.4492715174215092e-06,0.0109026754775881,0.0015246653275287,7.49850648321626e-06,9.111145906217644e-07,rnd,0.05,1,RND (beta=0.05)
100000,0.037,0.11784,1.0,68,271,12027,1.1040730429600889e-05,2.157637210709409e-07,1.1040730429600889e-05,2.157637210709409e-07,0.0116542205929224,0.0002279315961806,4.68428414706068e-06,8.754633647640731e-07,rnd,0.05,1,RND (beta=0.05)
1000,0.135,0.135,0.7352941176470589,50,169,281,0.0077525682367936,0.0074542634689782,0.0077525682367936,0.0074542634689782,4.669019842135588,4.965190979229601,0.0425011217594146,0.0074830818921327,rnd,0.05,2,RND (beta=0.05)
2000,0.129,0.132,0.75,51,193,433,0.0009022647547201,0.0003695230094782,0.0009022647547201,0.0003695230094782,0.6358944128621774,0.2795090064292619,0.0062753959797555,0.0004077726538744,rnd,0.05,2,RND (beta=0.05)
3000,0.185,0.1496666666666666,0.75,51,197,622,0.0001223934246219,3.530781652577606e-05,0.0001223934246219,3.530781652577606e-05,0.0338387340629864,0.0098070487192516,0.0063547953832894,4.358993571622705e-05,rnd,0.05,2,RND (beta=0.05)
4000,0.211,0.165,0.7647058823529411,52,201,837,6.137220522772821e-05,1.4880601915252078e-05,6.137220522772821e-05,1.4880601915252078e-05,0.0182976908803704,0.0043809496223989,0.005750291757984,2.2638660371740115e-05,rnd,0.05,2,RND (beta=0.05)
5000,0.121,0.1562,0.7647058823529411,52,205,962,4.268704859077091e-05,1.37039352703617e-05,4.268704859077091e-05,1.37039352703617e-05,0.0137634133980953,0.0043697009321295,0.0053390483814291,1.4751269744920136e-05,rnd,0.05,2,RND (beta=0.05)
6000,0.147,0.1546666666666666,0.7647058823529411,52,207,1111,3.530348026071719e-05,1.0097127580264292e-05,3.530348026071719e-05,1.0097127580264292e-05,0.0121446179909711,0.0034913308815095,0.0048285732186632,1.086462576085978e-05,rnd,0.05,2,RND (beta=0.05)
7000,0.095,0.1461428571428571,0.7647058823529411,52,207,1206,3.1783921248892225e-05,5.567899526069284e-06,3.1783921248892225e-05,5.567899526069284e-06,0.0116849691347583,0.0020687603690324,0.0045844980372348,8.343386683463904e-06,rnd,0.05,2,RND (beta=0.05)
8000,0.134,0.144625,0.9117647058823528,62,232,1363,2.716271317477725e-05,1.5212545015899246e-05,2.716271317477725e-05,1.5212545015899246e-05,0.0106348821764679,0.0059031653179926,0.0045109020469244,7.514069051467231e-06,rnd,0.05,2,RND (beta=0.05)
9000,0.13,0.143,0.9264705882352942,63,236,1497,2.4899533078636385e-05,4.239813550898048e-06,2.4899533078636385e-05,4.239813550898048e-06,0.0103497079786982,0.0017354403733685,0.0044944161926396,6.41482988135067e-06,rnd,0.05,2,RND (beta=0.05)
10000,0.104,0.1391,0.9852941176470588,67,255,1618,2.4209690943385234e-05,1.5138563820975876e-05,2.4209690943385234e-05,1.5138563820975876e-05,0.0104012922826597,0.0065787889506586,0.004282155833207,5.870034692861736e-06,rnd,0.05,2,RND (beta=0.05)
11000,0.158,0.1408181818181818,1.0,68,264,1785,2.3588470021077457e-05,1.006786308216893e-05,2.3588470021077457e-05,1.006786308216893e-05,0.0105827902705471,0.0045412726216122,0.0045808927280595,5.803017965035906e-06,rnd,0.05,2,RND (beta=0.05)
12000,0.109,0.1381666666666666,1.0,68,264,1894,2.169856779467434e-05,2.402466586178836e-06,2.169856779467434e-05,2.402466586178836e-06,0.0101707968272294,0.0011323295370854,0.0045201322581851,5.106131584852847e-06,rnd,0.05,2,RND (beta=0.05)
13000,0.095,0.1348461538461538,1.0,68,269,1994,2.090636740161388e-05,1.0824201984970257e-05,2.090636740161388e-05,1.0824201984970257e-05,0.0101733324324724,0.0052884393321155,0.0048358707391889,4.739699676520104e-06,rnd,0.05,2,RND (beta=0.05)
14000,0.087,0.1314285714285714,1.0,68,269,2081,1.893681014055686e-05,2.6715127254782065e-06,1.893681014055686e-05,2.6715127254782065e-06,0.009504507738277,0.0013504472764943,0.004864351674274,4.506892111862726e-06,rnd,0.05,2,RND (beta=0.05)
15000,0.126,0.1310666666666666,1.0,68,269,2207,2.021385816555093e-05,4.637514334032204e-06,2.021385816555093e-05,4.637514334032204e-06,0.0105094725543067,0.0024152129736714,0.0051707839556038,4.124142383489016e-06,rnd,0.05,2,RND (beta=0.05)
16000,0.042,0.1255,1.0,68,271,2251,1.8716078427262672e-05,3.92605726746653e-06,1.8716078427262672e-05,3.92605726746653e-06,0.0100425465813048,0.0021112069911309,0.0053454902408411,3.928418714849613e-06,rnd,0.05,2,RND (beta=0.05)
17000,0.06,0.1216470588235294,1.0,68,271,2311,1.9545465147530197e-05,1.262408441672665e-06,1.9545465147530197e-05,1.262408441672665e-06,0.0107661744118588,0.0006998942290275,0.0056544725263956,3.585448858871132e-06,rnd,0.05,2,RND (beta=0.05)
18000,0.028,0.1164444444444444,1.0,68,271,2339,1.6647040768345634e-05,2.339285611280433e-06,1.6647040768345634e-05,2.339285611280433e-06,0.0094979546566565,0.0013302942111639,0.0058345653824508,3.240514008041373e-06,rnd,0.05,2,RND (beta=0.05)
19000,0.044,0.1126315789473684,1.0,68,271,2383,1.6795024169947613e-05,1.9805604663509064e-06,1.6795024169947613e-05,1.9805604663509064e-06,0.0097444236764535,0.0011557311991364,0.0057776231338502,3.008659564557092e-06,rnd,0.05,2,RND (beta=0.05)
20000,0.034,0.1087,1.0,68,271,2417,1.5731702660559677e-05,1.1842456412843457e-06,1.5731702660559677e-05,1.1842456412843457e-06,0.0093546083377475,0.0007054294970716,0.0056607783234212,2.81616942686469e-06,rnd,0.05,2,RND (beta=0.05)
21000,0.014,0.1041904761904762,1.0,68,271,2431,1.5903287346320993e-05,2.5230452035988582e-06,1.5903287346320993e-05,2.5230452035988582e-06,0.0097452094518103,0.0015480159874753,0.0051997582152253,2.632603422853208e-06,rnd,0.05,2,RND (beta=0.05)
22000,0.027,0.1006818181818181,1.0,68,271,2458,1.4022012187019249e-05,1.6004929491401377e-06,1.4022012187019249e-05,1.6004929491401377e-06,0.0087805389087576,0.0010009235220727,0.0049562319035176,2.498609931592455e-06,rnd,0.05,2,RND (beta=0.05)
23000,0.039,0.098,1.0,68,271,2497,1.493381930627854e-05,8.324388456079429e-07,1.493381930627854e-05,8.324388456079429e-07,0.0095381278111169,0.0005325834301302,0.0043526441608555,2.373251446897484e-06,rnd,0.05,2,RND (beta=0.05)
24000,0.024,0.0949166666666666,1.0,68,271,2521,1.433177563588591e-05,9.663824206764233e-07,1.433177563588591e-05,9.663824206764233e-07,0.0093615654839975,0.0006304659195306,0.0036138464519754,2.2348062833543734e-06,rnd,0.05,2,RND (beta=0.05)
25000,0.022,0.092,1.0,68,271,2543,1.3795451443663543e-05,1.939438197319598e-06,1.3795451443663543e-05,1.939438197319598e-06,0.0091852939114547,0.0012906391514861,0.0032052233592257,2.111099371632008e-06,rnd,0.05,2,RND (beta=0.05)
26000,0.032,0.0896923076923077,1.0,68,271,2575,1.299373951724192e-05,7.344464096470199e-07,1.299373951724192e-05,7.344464096470199e-07,0.0088170779519164,0.0004987210502645,0.0027395186872454,2.0041874554408422e-06,rnd,0.05,2,RND (beta=0.05)
27000,0.027,0.0873703703703703,1.0,68,271,2602,1.3583575815169348e-05,5.478682886865768e-07,1.3583575815169348e-05,5.478682886865768e-07,0.0093660186501295,0.0003787960216641,0.0024656760169891,1.891857390774021e-06,rnd,0.05,2,RND (beta=0.05)
28000,0.047,0.0859285714285714,1.0,68,271,2649,1.4135570449496375e-05,6.004585795130711e-07,1.4135570449496375e-05,6.004585795130711e-07,0.0099420351967108,0.0004223142331853,0.0022658606673649,1.7987607872953504e-06,rnd,0.05,2,RND (beta=0.05)
29000,0.075,0.085551724137931,1.0,68,271,2724,1.363222313557344e-05,4.983984108533248e-07,1.363222313557344e-05,4.983984108533248e-07,0.0097609214586404,0.0003567973169756,0.001932102094026,1.72359815536538e-06,rnd,0.05,2,RND (beta=0.05)
30000,0.091,0.0857333333333333,1.0,68,271,2815,1.527693882882966e-05,4.091925797598812e-07,1.527693882882966e-05,4.091925797598812e-07,0.0111047116584918,0.0002980134355577,0.0017748649807181,1.6948300570902574e-06,rnd,0.05,2,RND (beta=0.05)
31000,0.07,0.0852258064516129,1.0,68,271,2885,1.5654658305460802e-05,4.326736495795191e-07,1.5654658305460802e-05,4.326736495795191e-07,0.011558044668231,0.0003201300420333,0.0015750254179583,1.6497561838093589e-06,rnd,0.05,2,RND (beta=0.05)
32000,0.041,0.08384375,1.0,68,271,2926,1.5358542629944234e-05,2.3207036706094259e-07,1.5358542629944234e-05,2.3207036706094259e-07,0.0115337324853224,0.000174332942945,0.0014862755534413,1.5816746920904734e-06,rnd,0.05,2,RND (beta=0.05)
33000,0.056,0.083,1.0,68,271,2982,1.3408194807392908e-05,3.626671364764612e-07,1.3408194807392908e-05,3.626671364764612e-07,0.0101870807281911,0.0002766022307188,0.0014020595063921,1.5608257872372632e-06,rnd,0.05,2,RND (beta=0.05)
34000,0.032,0.0815,1.0,68,271,3014,1.5072879619992818e-05,2.610401342907712e-07,1.5072879619992818e-05,2.610401342907712e-07,0.011659146816301,0.000201962878823,0.0013002270129072,1.486187877304701e-06,rnd,0.05,2,RND (beta=0.05)
35000,0.113,0.0824,1.0,68,271,3127,1.4775116303090864e-05,2.688575270489927e-07,1.4775116303090864e-05,2.688575270489927e-07,0.0116055571092291,0.0002110752983725,0.0012734385745716,1.4392566575622822e-06,rnd,0.05,2,RND (beta=0.05)
36000,0.02,0.0806666666666666,1.0,68,271,3147,1.320862384091015e-05,2.0145166900980325e-07,1.320862384091015e-05,2.0145166900980325e-07,0.0105347762737606,0.0001603460945646,0.0012357278573472,1.407717193018243e-06,rnd,0.05,2,RND (beta=0.05)
37000,0.053,0.0799189189189189,1.0,68,271,3200,1.658320228293547e-05,2.6962592654156264e-07,1.658320228293547e-05,2.6962592654156264e-07,0.0133968475827441,0.0002178840624602,0.0011790824627678,1.3957956040258067e-06,rnd,0.05,2,RND (beta=0.05)
38000,0.235,0.084,1.0,68,271,3435,1.342166605683544e-05,1.766777368368292e-07,1.342166605683544e-05,1.766777368368292e-07,0.0109589484514281,0.0001443542890636,0.0011517404954065,1.3806521681658523e-06,rnd,0.05,2,RND (beta=0.05)
39000,0.501,0.0946923076923076,1.0,68,271,3936,1.4275641473806153e-05,2.023177008192523e-07,1.4275641473806153e-05,2.023177008192523e-07,0.0118226657328437,0.0001674081172892,0.0011250903508334,1.496788769458135e-06,rnd,0.05,2,RND (beta=0.05)
40000,0.615,0.1077,1.0,68,271,4551,1.424138373125068e-05,1.210371807370724e-06,1.424138373125068e-05,1.210371807370724e-06,0.0119338336216461,0.0010169313840521,0.0010929607342841,1.6653676262876616e-06,rnd,0.05,2,RND (beta=0.05)
41000,0.163,0.1090487804878048,1.0,68,271,4714,1.4961091471204612e-05,5.744978035160174e-07,1.4961091471204612e-05,5.744978035160174e-07,0.0126813755518721,0.0004879530160577,0.0011175976029917,1.7137982059125534e-06,rnd,0.05,2,RND (beta=0.05)
42000,0.062,0.1079285714285714,1.0,68,271,4776,1.418347520601885e-05,4.84831562795598e-07,1.418347520601885e-05,4.84831562795598e-07,0.0121889089020036,0.000415867511801,0.0011360302431276,1.734535523326031e-06,rnd,0.05,2,RND (beta=0.05)
43000,0.021,0.105906976744186,1.0,68,271,4797,1.399137917836751e-05,6.259584738102908e-07,1.399137917836751e-05,6.259584738102908e-07,0.0121334383954503,0.000543763805184,0.0010602516719809,1.6907927968077271e-06,rnd,0.05,2,RND (beta=0.05)
44000,0.032,0.1042272727272727,1.0,68,271,4829,1.4331202187634062e-05,8.292389058466079e-07,1.4331202187634062e-05,8.292389058466079e-07,0.0125557036120215,0.0007281870060239,0.0011093438245006,1.649211086686364e-06,rnd,0.05,2,RND (beta=0.05)
45000,0.023,0.1024222222222222,1.0,68,271,4852,1.3823197882036608e-05,4.39372267935098e-07,1.3823197882036608e-05,4.39372267935098e-07,0.0122684374369341,0.0003892924753282,0.0010253935618966,1.5935349393316755e-06,rnd,0.05,2,RND (beta=0.05)
46000,0.016,0.1005434782608695,1.0,68,271,4868,1.4770817585940677e-05,1.6462045422220471e-06,1.4770817585940677e-05,1.6462045422220471e-06,0.0132668459722865,0.0014769605522703,0.0010101218830241,1.562300981277076e-06,rnd,0.05,2,RND (beta=0.05)
47000,0.061,0.0997021276595744,1.0,68,271,4929,1.603405012918033e-05,2.331029162977751e-07,1.603405012918033e-05,2.331029162977751e-07,0.014553214499198,0.0002113674681503,0.0010545375226647,1.5551533908251258e-06,rnd,0.05,2,RND (beta=0.05)
48000,0.053,0.0987291666666666,1.0,68,271,4982,1.2881478467980348e-05,1.5880672323240522e-07,1.2881478467980348e-05,1.5880672323240522e-07,0.0118180268553955,0.0001455573858407,0.0010082687856192,1.5206348552680993e-06,rnd,0.05,2,RND (beta=0.05)
49000,0.192,0.1006326530612244,1.0,68,271,5174,1.424318204830873e-05,2.947490913431037e-07,1.424318204830873e-05,2.947490913431037e-07,0.0131851809824189,0.0002726333931818,0.0009400355327961,1.550686796406353e-06,rnd,0.05,2,RND (beta=0.05)
50000,0.25,0.10362,1.0,68,271,5424,1.3836228288710118e-05,4.39650670562249e-07,1.3836228288710118e-05,4.39650670562249e-07,0.012934397226982,0.0004117835127528,0.0009468271991281,1.5586610906836997e-06,rnd,0.05,2,RND (beta=0.05)
51000,0.061,0.1027843137254902,1.0,68,271,5485,1.4064693966590355e-05,3.385858399151894e-07,1.4064693966590355e-05,3.385858399151894e-07,0.0132588697599103,0.0003198761337582,0.000698034597146,1.5715780036487104e-06,rnd,0.05,2,RND (beta=0.05)
52000,0.034,0.1014615384615384,1.0,68,271,5519,1.1155445062125663e-05,2.3572149072789882e-07,1.1155445062125663e-05,2.3572149072789882e-07,0.0106272419566739,0.0002250821624182,0.0002107430213109,1.5062813908741646e-06,rnd,0.05,2,RND (beta=0.05)
53000,0.016,0.0998490566037735,1.0,68,271,5535,1.2320231007834082e-05,3.974388278717303e-07,1.2320231007834082e-05,3.974388278717303e-07,0.01184863067424,0.000382610462358,0.0002126559819989,1.4272080008765898e-06,rnd,0.05,2,RND (beta=0.05)
54000,0.046,0.0988518518518518,1.0,68,271,5581,1.3556924693108632e-05,7.471010520244106e-07,1.3556924693108632e-05,7.471010520244106e-07,0.0131793314723632,0.0007265909178416,0.0002287096422041,1.4155181507362614e-06,rnd,0.05,2,RND (beta=0.05)
55000,0.023,0.0974727272727272,1.0,68,271,5604,1.243744204855276e-05,2.1931053015674078e-06,1.243744204855276e-05,2.1931053015674078e-06,0.0122072882790586,0.0021535585802915,0.000192885532555,1.3952317568168837e-06,rnd,0.05,2,RND (beta=0.05)
56000,0.09,0.0973392857142857,1.0,68,271,5694,1.2772253638912742e-05,1.0661651146406355e-06,1.2772253638912742e-05,1.0661651146406355e-06,0.01263178159726,0.0010547399293182,0.0001636041885703,1.381888863960512e-06,rnd,0.05,2,RND (beta=0.05)
57000,0.25,0.1000175438596491,1.0,68,271,5944,1.117071512999246e-05,8.625220341021607e-07,1.117071512999246e-05,8.625220341021607e-07,0.0111570365563298,0.0008606369235068,0.0001729896306896,1.3459941732492098e-06,rnd,0.05,2,RND (beta=0.05)
58000,0.119,0.1003448275862069,1.0,68,271,6063,1.1193230804809815e-05,4.159897226665253e-07,1.1193230804809815e-05,4.159897226665253e-07,0.0112740251052932,0.000418636443315,0.000139894946089,1.3828780665505746e-06,rnd,0.05,2,RND (beta=0.05)
59000,0.191,0.1018813559322033,1.0,68,271,6254,1.0799683674284106e-05,5.541217881884688e-07,1.0799683674284106e-05,5.541217881884688e-07,0.0109672319501621,0.0005623405160145,0.0001324783963755,1.3571964720711093e-06,rnd,0.05,2,RND (beta=0.05)
60000,0.541,0.1092,1.0,68,271,6795,1.0495300264164297e-05,7.442390701316338e-07,1.0495300264164297e-05,7.442390701316338e-07,0.0107503994457035,0.0007610569303813,0.0001200336336423,1.3921833611902911e-06,rnd,0.05,2,RND (beta=0.05)
61000,0.981,0.1234918032786885,1.0,68,271,7776,9.953694434564127e-06,2.969815671044193e-07,9.953694434564127e-06,2.969815671044193e-07,0.0102720815516724,0.000306560578973,0.0001204923782552,1.5030859752016568e-06,rnd,0.05,2,RND (beta=0.05)
62000,0.847,0.1351612903225806,1.0,68,271,8623,1.050967505980998e-05,1.588017909124517e-07,1.050967505980998e-05,1.588017909124517e-07,0.0109351093886928,0.0001652066005768,0.0001204033851954,1.6171846093584465e-06,rnd,0.05,2,RND (beta=0.05)
63000,0.733,0.1446507936507936,1.0,68,271,9356,9.459278152987356e-06,2.353401970346196e-07,9.459278152987356e-06,2.353401970346196e-07,0.0099173864896111,0.0002471051408169,0.0001021992475161,1.7524496687997271e-06,rnd,0.05,2,RND (beta=0.05)
64000,0.219,0.1458125,1.0,68,271,9575,9.539821837889788e-06,2.455472576100614e-07,9.539821837889788e-06,2.455472576100614e-07,0.0100840983365291,0.0002593996375564,0.0001012217020816,1.7531505244505753e-06,rnd,0.05,2,RND (beta=0.05)
65000,0.256,0.1475076923076923,1.0,68,271,9831,9.12700109001463e-06,9.97271421963949e-07,9.12700109001463e-06,9.97271421963949e-07,0.0097284192449799,0.0010620348836605,0.0001075182145068,1.7672540536750604e-06,rnd,0.05,2,RND (beta=0.05)
66000,0.033,0.1457727272727272,1.0,68,271,9864,9.104746506195765e-06,9.738387155623e-07,9.104746506195765e-06,9.738387155623e-07,0.0097470680780443,0.0010447110679703,0.0001096938429072,1.7746716277429186e-06,rnd,0.05,2,RND (beta=0.05)
67000,0.036,0.1441343283582089,1.0,68,271,9900,1.5377894922292195e-05,1.100139169199983e-06,1.5377894922292195e-05,1.100139169199983e-06,0.0166092059358985,0.0011895928312711,7.98386564692919e-05,1.7341385871816328e-06,rnd,0.05,2,RND (beta=0.05)
68000,0.016,0.14225,1.0,68,271,9916,1.3684497261579054e-05,9.223385078277694e-07,1.3684497261579054e-05,9.223385078277694e-07,0.0149028229841452,0.0010045226592611,9.284868008944612e-05,1.7440967613993053e-06,rnd,0.05,2,RND (beta=0.05)
69000,0.054,0.1409710144927536,1.0,68,271,9970,1.5107177424161584e-05,4.228191764631366e-07,1.5107177424161584e-05,4.228191764631366e-07,0.0165812034767378,0.0004640043409648,7.070009623566875e-05,1.737046712605661e-06,rnd,0.05,2,RND (beta=0.05)
70000,0.278,0.1429285714285714,1.0,68,271,10248,1.2150175734041768e-05,1.2693482246838862e-06,1.2150175734041768e-05,1.2693482246838862e-06,0.0134305091627334,0.0014009150193689,5.302914588264685e-05,1.7477064074000736e-06,rnd,0.05,2,RND (beta=0.05)
71000,0.865,0.1530985915492957,1.0,68,271,11113,1.295004237357916e-05,3.805774175736621e-07,1.295004237357916e-05,3.805774175736621e-07,0.0144096659986707,0.0004232553859248,4.333226433845994e-05,1.907273630763484e-06,rnd,0.05,2,RND (beta=0.05)
72000,0.555,0.1586805555555555,1.0,68,271,11668,7.353296215925995e-06,4.258948552508505e-07,7.353296215925995e-06,4.258948552508505e-07,0.0082476741289585,0.0004764062487074,6.0711344786795965e-05,2.01533798338005e-06,rnd,0.05,2,RND (beta=0.05)
73000,0.365,0.1615068493150685,1.0,68,271,12033,7.285416165347034e-06,3.764795677307657e-07,7.285416165347034e-06,3.764795677307657e-07,0.0082199685792384,0.0004249059527762,4.4366818858179616e-05,2.044446840045566e-06,rnd,0.05,2,RND (beta=0.05)
74000,0.372,0.1643513513513513,1.0,68,271,12405,7.195492739028655e-06,3.944595563704751e-07,7.195492739028655e-06,3.944595563704751e-07,0.0081748198396523,0.0004477190017977,4.7939318856151656e-05,2.089854863356777e-06,rnd,0.05,2,RND (beta=0.05)
75000,0.167,0.1643866666666666,1.0,68,271,12572,9.298292398651432e-06,3.08488828431732e-07,9.298292398651432e-06,3.08488828431732e-07,0.0106359226781867,0.0003525282890147,3.065030651669076e-05,2.0837991378357403e-06,rnd,0.05,2,RND (beta=0.05)
76000,0.03,0.1626184210526315,1.0,68,271,12602,9.61149095625539e-06,7.252244313554471e-07,9.61149095625539e-06,7.252244313554471e-07,0.0110445241641496,0.0008349529398607,2.5475655358150105e-05,2.0588097204381483e-06,rnd,0.05,2,RND (beta=0.05)
77000,0.031,0.1609090909090909,1.0,68,271,12633,1.2138942243074134e-05,9.177442032910152e-07,1.2138942243074134e-05,9.177442032910152e-07,0.0140722608778321,0.0010634332166306,2.538666551754432e-05,2.082128590529919e-06,rnd,0.05,2,RND (beta=0.05)
78000,0.017,0.1590641025641025,1.0,68,271,12650,9.450061096525614e-06,7.299516727871243e-07,9.450061096525614e-06,7.299516727871243e-07,0.0110107545013146,0.0008505841328659,2.368306886910432e-05,2.065142035462486e-06,rnd,0.05,2,RND (beta=0.05)
79000,0.018,0.1572784810126582,1.0,68,271,12668,1.108280424786143e-05,5.26799859418134e-07,1.108280424786143e-05,5.26799859418134e-07,0.012983655077416,0.0006178181268809,2.6285439635103102e-05,2.048269690533289e-06,rnd,0.05,2,RND (beta=0.05)
80000,0.023,0.1556,1.0,68,271,12691,9.818604943891684e-06,4.808944321367558e-07,9.818604943891684e-06,4.808944321367558e-07,0.0115856364270684,0.0005674819242703,2.266488227996888e-05,2.0168820566368598e-06,rnd,0.05,2,RND (beta=0.05)
81000,0.007,0.1537654320987654,1.0,68,271,12698,1.1522753473920085e-05,8.749474709799181e-07,1.1522753473920085e-05,8.749474709799181e-07,0.0136728677988058,0.0010388577785481,2.18355108427204e-05,1.990566922870585e-06,rnd,0.05,2,RND (beta=0.05)
82000,0.01,0.1520121951219512,1.0,68,271,12708,1.1486451694509014e-05,9.148739904516232e-07,1.1486451694509014e-05,9.148739904516232e-07,0.0137235499680562,0.0010927267371731,2.056585614491269e-05,1.9466161009518144e-06,rnd,0.05,2,RND (beta=0.05)
83000,0.007,0.1502650602409638,1.0,68,271,12715,1.044018374938917e-05,8.410302340808187e-07,1.044018374938917e-05,8.410302340808187e-07,0.0125426571822571,0.0010109945213986,1.901619387399478e-05,1.9676465225870743e-06,rnd,0.05,2,RND (beta=0.05)
84000,0.012,0.1486190476190476,1.0,68,271,12727,1.0985615782980554e-05,7.925441382075233e-07,1.0985615782980554e-05,7.925441382075233e-07,0.0132707639439934,0.0009584393432501,1.8947117474908737e-05,1.9423025076434896e-06,rnd,0.05,2,RND (beta=0.05)
85000,0.027,0.1471882352941176,1.0,68,271,12754,8.587385326353359e-06,5.162194966331223e-07,8.587385326353359e-06,5.162194966331223e-07,0.0104459900386507,0.0006280729882641,1.940333495554114e-05,1.937253041319309e-06,rnd,0.05,2,RND (beta=0.05)
86000,0.018,0.1456860465116279,1.0,68,271,12772,1.0026091356646955e-05,4.6197122422033285e-07,1.0026091356646955e-05,4.6197122422033285e-07,0.012274356816469,0.0005648454172515,1.650943255094717e-05,1.8833889945995e-06,rnd,0.05,2,RND (beta=0.05)
87000,0.065,0.1447586206896551,1.0,68,271,12837,1.1385069452584363e-05,3.656737243227083e-07,1.1385069452584363e-05,3.656737243227083e-07,0.0139877492869306,0.0004500479957811,2.143677852518522e-05,1.8809864815239048e-06,rnd,0.05,2,RND (beta=0.05)
88000,0.064,0.1438409090909091,1.0,68,271,12901,6.247526055602748e-06,4.655520355016568e-07,6.247526055602748e-06,4.655520355016568e-07,0.0077359852199854,0.000576460542234,2.1333287842480784e-05,1.8437835845475087e-06,rnd,0.05,2,RND (beta=0.05)
89000,0.005,0.1422808988764045,1.0,68,271,12906,9.928779581969138e-06,7.832122912432238e-07,9.928779581969138e-06,7.832122912432238e-07,0.0123551235540446,0.0009750936395144,1.5364049650088417e-05,1.7584010159907848e-06,rnd,0.05,2,RND (beta=0.05)
90000,0.008,0.1407888888888888,1.0,68,271,12914,8.677928576616978e-06,3.778708186782495e-07,8.677928576616978e-06,3.778708186782495e-07,0.0108616968212243,0.0004726684894631,1.3240926623893756e-05,1.6289906153303949e-06,rnd,0.05,2,RND (beta=0.05)
91000,0.011,0.1393626373626373,1.0,68,271,12925,1.138200373547575e-05,4.54780834979392e-07,1.138200373547575e-05,4.54780834979392e-07,0.0143054270332254,0.0005724329248757,1.430642573973273e-05,1.5297087383032705e-06,rnd,0.05,2,RND (beta=0.05)
92000,0.093,0.1388586956521739,1.0,68,271,13018,1.0961461348122085e-05,2.3701752782901443e-07,1.0961461348122085e-05,2.3701752782901443e-07,0.0138888177070724,0.0002998253371865,1.4917704711479018e-05,1.4993847905770963e-06,rnd,0.05,2,RND (beta=0.05)
93000,0.013,0.137505376344086,1.0,68,271,13031,8.22381861535877e-06,5.915516819596276e-07,8.22381861535877e-06,5.915516819596276e-07,0.0104688622952722,0.000752322711524,1.1812732839644012e-05,1.468529547878461e-06,rnd,0.05,2,RND (beta=0.05)
94000,0.112,0.1372340425531915,1.0,68,271,13143,1.1408525208724184e-05,3.409752597269053e-07,1.1408525208724184e-05,3.409752597269053e-07,0.0145869933016341,0.0004357628082738,1.3076416345938924e-05,1.509157385896742e-06,rnd,0.05,2,RND (beta=0.05)
95000,0.018,0.135978947368421,1.0,68,271,13161,9.931053455147776e-06,5.143906988523149e-07,9.931053455147776e-06,5.143906988523149e-07,0.012747744466179,0.0006615059483975,9.870612539771173e-06,1.4872606334392914e-06,rnd,0.05,2,RND (beta=0.05)
96000,0.173,0.1363645833333333,1.0,68,271,13334,1.2167881420224526e-05,5.302220789805546e-07,1.2167881420224526e-05,5.302220789805546e-07,0.0157159843789704,0.0006852770380169,8.434488432840225e-06,1.5209977993606572e-06,rnd,0.05,2,RND (beta=0.05)
97000,0.244,0.1374742268041237,1.0,68,271,13578,1.1887792005777034e-05,2.920505538711152e-07,1.1887792005777034e-05,2.920505538711152e-07,0.0154485388721826,0.0003791445771202,9.472777725932246e-06,1.556689219967211e-06,rnd,0.05,2,RND (beta=0.05)
98000,0.146,0.1375612244897959,1.0,68,271,13724,1.0773053806014887e-05,4.083951593931186e-07,1.0773053806014887e-05,4.083951593931186e-07,0.0140858041708939,0.0005330678642109,8.881375909822964e-06,1.5486899239931515e-06,rnd,0.05,2,RND (beta=0.05)
99000,0.106,0.1372424242424242,1.0,68,271,13830,1.2073565246608716e-05,3.615507700336596e-07,1.2073565246608716e-05,3.615507700336596e-07,0.0158586960797178,0.0004743036296708,1.2313651040130937e-05,1.550643101637661e-06,rnd,0.05,2,RND (beta=0.05)
100000,0.227,0.13814,1.0,68,271,14057,8.145747826932321e-06,3.870995913337392e-07,8.145747826932321e-06,3.870995913337392e-07,0.0107426743029808,0.0005102324339927,8.4698558493983e-06,1.5366962938685449e-06,rnd,0.05,2,RND (beta=0.05)
1000,0.156,0.156,0.5147058823529411,35,119,258,0.0060900552466941,0.0049795021641761,0.0060900552466941,0.0049795021641761,4.920968448932388,4.742271962329663,0.0493285097181797,0.0050926986150443,rnd,0.05,3,RND (beta=0.05)
2000,0.223,0.1895,0.5735294117647058,39,139,498,0.0003796487798937,0.0003331443019763,0.0003796487798937,0.0003331443019763,0.2854475013007762,0.3025925312090151,0.0068772261879639,0.0003197588233742,rnd,0.05,3,RND (beta=0.05)
3000,0.153,0.1773333333333333,0.9117647058823528,62,214,724,8.558782794911512e-05,4.630635088040504e-05,8.558782794911512e-05,4.630635088040504e-05,0.0344812840429967,0.018569126682236,0.0067930314312689,3.7617583846440536e-05,rnd,0.05,3,RND (beta=0.05)
4000,0.117,0.16225,0.9117647058823528,62,226,853,5.536146193499474e-05,2.6031869564981275e-05,5.536146193499474e-05,2.6031869564981275e-05,0.023849637777202,0.0110624743819727,0.0057798437068704,2.230476190197805e-05,rnd,0.05,3,RND (beta=0.05)
5000,0.144,0.1586,0.9117647058823528,62,228,999,4.149014152214173e-05,6.384403724328616e-06,4.149014152214173e-05,6.384403724328616e-06,0.0191163479186555,0.0029697164023389,0.0050269864527508,1.4236412514492258e-05,rnd,0.05,3,RND (beta=0.05)
6000,0.095,0.148,0.9558823529411764,65,247,1110,3.512699513521511e-05,2.0162767870460455e-05,3.512699513521511e-05,2.0162767870460455e-05,0.0174172949800569,0.009936660115242,0.0044781334837898,1.1156160057907982e-05,rnd,0.05,3,RND (beta=0.05)
7000,0.146,0.1477142857142857,0.9558823529411764,65,249,1258,2.999532961601364e-05,8.902072743421554e-06,2.999532961601364e-05,8.902072743421554e-06,0.0160887232796109,0.0047033930327114,0.0040774503608699,8.729516869152576e-06,rnd,0.05,3,RND (beta=0.05)
8000,0.196,0.15375,0.9558823529411764,65,249,1454,2.727212607596255e-05,1.0915884063632094e-06,2.727212607596255e-05,1.0915884063632094e-06,0.0153454876693331,0.0006115098858711,0.003665695831296,7.196327251222101e-06,rnd,0.05,3,RND (beta=0.05)
9000,0.152,0.1535555555555555,0.9558823529411764,65,249,1606,2.4328895805363e-05,3.837482099921026e-06,2.4328895805363e-05,3.837482099921026e-06,0.0144054115233007,0.0022838274821942,0.0034162567810853,6.109339810564051e-06,rnd,0.05,3,RND (beta=0.05)
10000,0.129,0.1511,0.9558823529411764,65,251,1737,2.292492065813109e-05,5.265982692675535e-06,2.292492065813109e-05,5.265982692675535e-06,0.0142473538600948,0.0032685014319474,0.0030843738263938,5.514590899792893e-06,rnd,0.05,3,RND (beta=0.05)
11000,0.128,0.149,0.9558823529411764,65,251,1865,2.2239950901337124e-05,1.4676784443436725e-06,2.2239950901337124e-05,1.4676784443436725e-06,0.0144621122953535,0.0009616441744208,0.0028548858278081,4.898678603240114e-06,rnd,0.05,3,RND (beta=0.05)
12000,0.13,0.1474166666666666,0.9558823529411764,65,251,1995,2.025565444665307e-05,2.5372383417601508e-06,2.025565444665307e-05,2.5372383417601508e-06,0.0137502409413557,0.0017276835375904,0.0026478732221876,4.397525122499246e-06,rnd,0.05,3,RND (beta=0.05)
13000,0.219,0.1529230769230769,0.9558823529411764,65,251,2214,2.000542552561298e-05,2.524890825154907e-06,2.000542552561298e-05,2.524890825154907e-06,0.0140452979805905,0.0017845796192898,0.0024612628070754,4.144823990145596e-06,rnd,0.05,3,RND (beta=0.05)
14000,0.141,0.1520714285714285,0.9558823529411764,65,254,2358,2.0010133084724657e-05,6.149392877826943e-06,2.0010133084724657e-05,6.149392877826943e-06,0.0145279597291467,0.004476901672488,0.0023509495462058,4.076444667987289e-06,rnd,0.05,3,RND (beta=0.05)
15000,0.285,0.1609333333333333,0.9558823529411764,65,254,2643,1.8488821761390055e-05,9.20073212960694e-07,1.8488821761390055e-05,9.20073212960694e-07,0.0139070762433817,0.0006886770260592,0.0022384391961677,3.947307387988986e-06,rnd,0.05,3,RND (beta=0.05)
16000,0.255,0.1668125,0.9558823529411764,65,254,2898,1.8164734951021863e-05,1.5621912219361909e-06,1.8164734951021863e-05,1.5621912219361909e-06,0.0140884849473153,0.0012113874250684,0.002132079384959,3.840648941832115e-06,rnd,0.05,3,RND (beta=0.05)
17000,0.234,0.1707647058823529,0.9558823529411764,65,254,3132,1.637954079521097e-05,6.259922171063809e-07,1.637954079521097e-05,6.259922171063809e-07,0.0130400965306793,0.0005005139490953,0.0020778074093686,3.7538725683816665e-06,rnd,0.05,3,RND (beta=0.05)
18000,0.343,0.1803333333333333,0.9558823529411764,65,254,3475,1.6633308769882785e-05,1.0554251871057335e-06,1.6633308769882785e-05,1.0554251871057335e-06,0.0136230490123258,0.0008680814437521,0.0018857886027253,3.667768210561917e-06,rnd,0.05,3,RND (beta=0.05)
19000,0.155,0.179,0.9852941176470588,67,258,3633,1.6225684803136955e-05,3.401521828298767e-06,1.6225684803136955e-05,3.401521828298767e-06,0.0136487173603536,0.0028587354202095,0.0017604849044437,3.5833019283018074e-06,rnd,0.05,3,RND (beta=0.05)
20000,0.302,0.18515,0.9852941176470588,67,262,3938,1.5712653330169907e-05,4.872612949431662e-06,1.5712653330169907e-05,4.872612949431662e-06,0.0135630557597325,0.0041729499113349,0.0017557156333932,3.638848699210939e-06,rnd,0.05,3,RND (beta=0.05)
21000,0.45,0.1977619047619047,0.9852941176470588,67,262,4388,1.500113205212175e-05,3.005201471947575e-07,1.500113205212175e-05,3.005201471947575e-07,0.0132463441307258,0.000265697130585,0.0016627464048069,3.692343491366046e-06,rnd,0.05,3,RND (beta=0.05)
22000,0.156,0.1958636363636363,0.9852941176470588,67,262,4544,1.5109704688070336e-05,3.766029695152174e-07,1.5109704688070336e-05,3.766029695152174e-07,0.0136600607412107,0.0003404769051496,0.001568869176539,3.58239222236989e-06,rnd,0.05,3,RND (beta=0.05)
23000,0.198,0.1959565217391304,0.9852941176470588,67,262,4742,1.4513466610860447e-05,2.214205868032896e-07,1.4513466610860447e-05,2.214205868032896e-07,0.0134047963893847,0.0002044663844379,0.0015120280397241,3.434078606346702e-06,rnd,0.05,3,RND (beta=0.05)
24000,0.267,0.1989166666666666,0.9852941176470588,67,262,5009,1.4250768717931675e-05,3.969274394641447e-07,1.4250768717931675e-05,3.969274394641447e-07,0.0134362343079782,0.0003753376318979,0.0013892906488472,3.34043092311731e-06,rnd,0.05,3,RND (beta=0.05)
25000,0.145,0.19676,0.9852941176470588,67,262,5154,1.3765066034528868e-05,9.434874896936096e-07,1.3765066034528868e-05,9.434874896936096e-07,0.0132221738783195,0.0009087158171789,0.0013841019810352,3.26512014146374e-06,rnd,0.05,3,RND (beta=0.05)
26000,0.15,0.1949615384615384,0.9852941176470588,67,262,5304,1.3033289366527847e-05,9.277863705308928e-07,1.3033289366527847e-05,9.277863705308928e-07,0.0127597842791272,0.000907739614771,0.0013106083971069,3.196124778014564e-06,rnd,0.05,3,RND (beta=0.05)
27000,0.061,0.19,0.9852941176470588,67,262,5365,1.3759004358406422e-05,4.911395169523539e-07,1.3759004358406422e-05,4.911395169523539e-07,0.0136709180675764,0.0004913559344148,0.0012818266194954,3.1074769941596967e-06,rnd,0.05,3,RND (beta=0.05)
28000,0.07,0.1857142857142857,0.9852941176470588,67,262,5435,1.3168638783359451e-05,5.794413994030042e-07,1.3168638783359451e-05,5.794413994030042e-07,0.0133853105141447,0.0005882601401986,0.0012434088994559,2.975745338744673e-06,rnd,0.05,3,RND (beta=0.05)
29000,0.029,0.1803103448275862,0.9852941176470588,67,262,5464,1.3327797471996243e-05,4.845463862639486e-07,1.3327797471996243e-05,4.845463862639486e-07,0.0137709808090648,0.0005006649011464,0.0012658023761614,2.8112904647059624e-06,rnd,0.05,3,RND (beta=0.05)
30000,0.012,0.1747,0.9852941176470588,67,262,5476,1.3941585621068953e-05,6.6692792969916e-07,1.3941585621068953e-05,6.6692792969916e-07,0.0146646586935021,0.0007005004259587,0.0011550472264643,2.6893993576777574e-06,rnd,0.05,3,RND (beta=0.05)
31000,0.019,0.1696774193548387,0.9852941176470588,67,262,5495,1.3397538982405278e-05,4.50035343000764e-07,1.3397538982405278e-05,4.50035343000764e-07,0.0143189414276915,0.0004806970956218,0.0011864438261836,2.603809869015094e-06,rnd,0.05,3,RND (beta=0.05)
32000,0.045,0.16578125,0.9852941176470588,67,262,5540,1.1261937561357627e-05,7.455121190370146e-07,1.1261937561357627e-05,7.455121190370146e-07,0.0122356379644365,0.0008074102922595,0.0011359260425306,2.5361976688031973e-06,rnd,0.05,3,RND (beta=0.05)
33000,0.063,0.1626666666666666,0.9852941176470588,67,262,5603,1.22233943098792e-05,5.220993652693168e-07,1.22233943098792e-05,5.220993652693168e-07,0.0134530229478342,0.0005745127780964,0.0010688988330221,2.4178978727604773e-06,rnd,0.05,3,RND (beta=0.05)
34000,0.061,0.1596764705882352,0.9852941176470588,67,262,5664,1.229053236411495e-05,5.459945103056095e-07,1.229053236411495e-05,5.459945103056095e-07,0.0137522531647459,0.0006091786650877,0.0010143924927906,2.325962714223806e-06,rnd,0.05,3,RND (beta=0.05)
35000,0.07,0.1571142857142857,0.9852941176470588,67,262,5734,1.3612428470618656e-05,2.439553887073441e-07,1.3612428470618656e-05,2.439553887073441e-07,0.0154217409873093,0.000276596498187,0.0010135169131754,2.3006198754842443e-06,rnd,0.05,3,RND (beta=0.05)
36000,0.024,0.1534166666666666,0.9852941176470588,67,262,5758,1.2249070664438476e-05,5.041075361225257e-07,1.2249070664438476e-05,5.041075361225257e-07,0.0140394921036579,0.0005788514695498,0.0009810780986299,2.2207713281545693e-06,rnd,0.05,3,RND (beta=0.05)
37000,0.028,0.150027027027027,0.9852941176470588,67,262,5786,1.049585979119781e-05,3.218838553759201e-07,1.049585979119781e-05,3.218838553759201e-07,0.0121680503915986,0.0003746310464452,0.0009321031470681,2.1489897760602616e-06,rnd,0.05,3,RND (beta=0.05)
38000,0.177,0.1507368421052631,0.9852941176470588,67,262,5963,1.2840715131501563e-05,4.5851236428377445e-07,1.2840715131501563e-05,4.5851236428377445e-07,0.0151547839127928,0.0005401878595366,0.0008807088100511,2.1172550783603582e-06,rnd,0.05,3,RND (beta=0.05)
39000,0.064,0.1485128205128205,0.9852941176470588,67,262,6027,1.3917634682059088e-05,4.937507176677878e-07,1.3917634682059088e-05,4.937507176677878e-07,0.0166057726953139,0.0005895240607565,0.0008782963686135,2.092645270465709e-06,rnd,0.05,3,RND (beta=0.05)
40000,0.085,0.146925,0.9852941176470588,67,262,6112,1.2390494478441884e-05,8.528990446795068e-07,1.2390494478441884e-05,8.528990446795068e-07,0.015022280123211,0.0010310176175827,0.0009089042182386,2.03422502494277e-06,rnd,0.05,3,RND (beta=0.05)
41000,0.043,0.144390243902439,0.9852941176470588,67,262,6155,1.1061446446885469e-05,3.497338121174553e-07,1.1061446446885469e-05,3.497338121174553e-07,0.0135851200107444,0.0004279731375024,0.0008214638962526,2.014140538847187e-06,rnd,0.05,3,RND (beta=0.05)
42000,0.064,0.1424761904761904,0.9852941176470588,67,262,6219,1.1976247407119445e-05,3.0231601295273055e-07,1.1976247407119445e-05,3.0231601295273055e-07,0.0148423160904534,0.0003743791010368,0.0007913756589514,1.9680731337530234e-06,rnd,0.05,3,RND (beta=0.05)
43000,0.059,0.1405348837209302,0.9852941176470588,67,262,6278,1.15814692373718e-05,2.92838444412294e-07,1.15814692373718e-05,2.92838444412294e-07,0.0145552867844777,0.0003668343282695,0.0007813912324854,1.8611431171393637e-06,rnd,0.05,3,RND (beta=0.05)
44000,0.558,0.1500227272727272,0.9852941176470588,67,262,6836,1.1665489194449791e-05,2.1502745907823986e-07,1.1665489194449791e-05,2.1502745907823986e-07,0.0147785730369461,0.0002725635473938,0.0007761169678997,1.947077168068745e-06,rnd,0.05,3,RND (beta=0.05)
45000,0.773,0.1638666666666666,0.9852941176470588,67,262,7609,1.184308737433045e-05,2.0861680395697949e-07,1.184308737433045e-05,2.0861680395697949e-07,0.0151694246568303,0.0002674841898518,0.0007454590030356,2.0630553908631557e-06,rnd,0.05,3,RND (beta=0.05)
46000,0.389,0.1687608695652173,0.9852941176470588,67,262,7998,1.1742895955221286e-05,2.1790200001598734e-07,1.1742895955221286e-05,2.1790200001598734e-07,0.0152003375115595,0.0002823384912732,0.000740810140458,2.1337196039326045e-06,rnd,0.05,3,RND (beta=0.05)
47000,0.092,0.1671276595744681,0.9852941176470588,67,262,8090,1.1184483790439907e-05,2.050135756352943e-07,1.1184483790439907e-05,2.050135756352943e-07,0.0146424189948938,0.0002683747146347,0.0007223436645472,2.164293153725793e-06,rnd,0.05,3,RND (beta=0.05)
48000,0.072,0.1651458333333333,0.9852941176470588,67,262,8162,1.161761175833615e-05,1.6490108521583714e-07,1.161761175833615e-05,1.6490108521583714e-07,0.0153130132781449,0.0002180795286453,0.0007007245523309,2.132393226588647e-06,rnd,0.05,3,RND (beta=0.05)
49000,0.224,0.1663469387755102,0.9852941176470588,67,262,8386,1.103213964524587e-05,1.7094190795978534e-07,1.103213964524587e-05,1.7094190795978534e-07,0.0147411054342432,0.0002283520003468,0.0007140737612062,2.091008797719951e-06,rnd,0.05,3,RND (beta=0.05)
50000,0.315,0.16932,0.9852941176470588,67,262,8701,1.0310070055787771e-05,1.4752115220166206e-07,1.0310070055787771e-05,1.4752115220166206e-07,0.0139315532903082,0.0001990427894844,0.0006588171575094,2.087623319482645e-06,rnd,0.05,3,RND (beta=0.05)
51000,0.066,0.1672941176470588,0.9852941176470588,67,262,8767,1.1237565703678143e-05,1.2481358198894478e-07,1.1237565703678143e-05,1.2481358198894478e-07,0.0153383884869624,0.0001700404400467,0.000396183655519,2.0655250755226007e-06,rnd,0.05,3,RND (beta=0.05)
52000,0.088,0.1657692307692307,0.9852941176470588,67,262,8855,9.705770777786295e-06,1.311178043488276e-07,9.705770777786295e-06,1.311178043488276e-07,0.0133652215160464,0.000180364649301,5.500552893863641e-05,2.0311250787017342e-06,rnd,0.05,3,RND (beta=0.05)
53000,0.394,0.1700754716981132,0.9852941176470588,67,262,9249,9.813089591054062e-06,1.2572326478751281e-07,9.813089591054062e-06,1.2572326478751281e-07,0.013640799763488,0.000174584051417,4.312634416510264e-05,1.9913707148475623e-06,rnd,0.05,3,RND (beta=0.05)
54000,0.837,0.1824259259259259,0.9852941176470588,67,262,10086,1.0787856582731756e-05,1.7093999017916852e-07,1.0787856582731756e-05,1.7093999017916852e-07,0.0151261393920772,0.0002393465589563,3.621467294442482e-05,2.099976181796137e-06,rnd,0.05,3,RND (beta=0.05)
55000,0.794,0.1935454545454545,0.9852941176470588,67,262,10880,1.016226282169076e-05,1.7255536403416565e-07,1.016226282169076e-05,1.7255536403416565e-07,0.0143804104442683,0.0002438215298787,2.541267556216553e-05,2.187097211844957e-06,rnd,0.05,3,RND (beta=0.05)
56000,0.807,0.2045,0.9852941176470588,67,262,11687,1.0759247240481292e-05,2.0751943901675214e-07,1.0759247240481292e-05,2.0751943901675214e-07,0.015356655217236,0.0002962267350353,2.6349553254476637e-05,2.3340854883144857e-06,rnd,0.05,3,RND (beta=0.05)
57000,0.471,0.2091754385964912,0.9852941176470588,67,262,12158,1.0979556692829973e-05,2.1965737923716225e-07,1.0979556692829973e-05,2.1965737923716225e-07,0.0158100751256677,0.0003161844703262,2.51358158138828e-05,2.384741157584358e-06,rnd,0.05,3,RND (beta=0.05)
58000,0.606,0.2160172413793103,0.9852941176470588,67,262,12764,1.0652120663237811e-05,2.093493799026451e-07,1.0652120663237811e-05,2.093493799026451e-07,0.0154695404112879,0.0003039713802816,1.9192924601611594e-05,2.4713755749985467e-06,rnd,0.05,3,RND (beta=0.05)
59000,0.184,0.2154745762711864,0.9852941176470588,67,262,12948,1.0145042354096128e-05,2.209287543714622e-07,1.0145042354096128e-05,2.209287543714622e-07,0.0148395556813405,0.0003236952244713,1.9178475928583796e-05,2.4828075393656947e-06,rnd,0.05,3,RND (beta=0.05)
60000,0.086,0.2133166666666666,0.9852941176470588,67,262,13034,1.0889294175243312e-05,2.28554735038602e-07,1.0889294175243312e-05,2.28554735038602e-07,0.0160694325270286,0.0003375264836818,1.1607109482383748e-05,2.429279295313336e-06,rnd,0.05,3,RND (beta=0.05)
61000,0.486,0.2177868852459016,0.9852941176470588,67,262,13520,1.0400230996812245e-05,2.007563709392114e-07,1.0400230996812245e-05,2.007563709392114e-07,0.0154976873105169,0.0002986435670538,1.738675021306335e-05,2.435635167216788e-06,rnd,0.05,3,RND (beta=0.05)
62000,0.947,0.2295483870967742,0.9852941176470588,67,262,14467,1.046570094825044e-05,2.1717888830715242e-07,1.046570094825044e-05,2.1717888830715242e-07,0.0157087061115518,0.0003257362503691,1.3921749044357055e-05,2.5578382148978564e-06,rnd,0.05,3,RND (beta=0.05)
63000,0.952,0.241015873015873,0.9852941176470588,67,262,15419,1.017580165999911e-05,1.912644576052003e-07,1.017580165999911e-05,1.912644576052003e-07,0.0153952367984306,0.0002893731596004,1.1062277720156998e-05,2.686837319629376e-06,rnd,0.05,3,RND (beta=0.05)
64000,0.704,0.24825,0.9852941176470588,67,262,16123,9.732522954341118e-06,1.8573168576692354e-07,9.732522954341118e-06,1.8573168576692354e-07,0.0148399568427384,0.0002832066118539,1.0480210796913526e-05,2.8235331027417486e-06,rnd,0.05,3,RND (beta=0.05)
65000,0.714,0.2554153846153846,0.9852941176470588,67,262,16837,1.0386988455487655e-05,1.9861707934586825e-07,1.0386988455487655e-05,1.9861707934586825e-07,0.0159623927828924,0.0003050933911221,1.1268341660070293e-05,2.850250853271064e-06,rnd,0.05,3,RND (beta=0.05)
66000,0.385,0.2573787878787879,0.9852941176470588,67,262,17222,9.860978773510644e-06,4.624880858381314e-07,9.860978773510644e-06,4.624880858381314e-07,0.0152677777230909,0.0007160325402676,8.576553239208806e-06,2.879255553693838e-06,rnd,0.05,3,RND (beta=0.05)
67000,0.803,0.2655223880597015,0.9852941176470588,67,262,18025,9.681173626553638e-06,2.1990556308797325e-07,9.681173626553638e-06,2.1990556308797325e-07,0.0150980736748711,0.0003433038110971,6.827422698052032e-06,2.9614927327656918e-06,rnd,0.05,3,RND (beta=0.05)
68000,0.972,0.2759117647058823,0.9852941176470588,67,262,18997,9.563918249362962e-06,2.2380955958364475e-07,9.563918249362962e-06,2.2380955958364475e-07,0.0150258612737277,0.000351725249481,6.1189219292145935e-06,3.021376551828325e-06,rnd,0.05,3,RND (beta=0.05)
69000,0.908,0.2850724637681159,0.9852941176470588,67,262,19905,1.009881133448906e-05,2.422269976482707e-07,1.009881133448906e-05,2.422269976482707e-07,0.0159812268996866,0.0003835469983616,8.944291023453843e-06,3.1391225320476225e-06,rnd,0.05,3,RND (beta=0.05)
70000,0.914,0.2940571428571428,0.9852941176470588,67,262,20819,1.0192616484258651e-05,2.644780749134561e-07,1.0192616484258651e-05,2.644780749134561e-07,0.016246487868281,0.000421563093445,6.048980751074851e-06,3.2158161491224744e-06,rnd,0.05,3,RND (beta=0.05)
71000,0.776,0.3008450704225352,0.9852941176470588,67,262,21595,8.860841582174507e-06,2.510136305478028e-07,8.860841582174507e-06,2.510136305478028e-07,0.0142270269159412,0.0004025076809592,5.134024037147356e-06,3.274579891012763e-06,rnd,0.05,3,RND (beta=0.05)
72000,0.923,0.3094861111111111,0.9852941176470588,67,262,22518,9.810790495538605e-06,2.725117694099735e-07,9.810790495538605e-06,2.725117694099735e-07,0.0158573551802474,0.0004409898910993,4.517786740052543e-06,3.3338069096089385e-06,rnd,0.05,3,RND (beta=0.05)
73000,0.836,0.3166986301369863,0.9852941176470588,67,262,23354,9.511893736045889e-06,2.230918716969793e-07,9.511893736045889e-06,2.230918716969793e-07,0.0154793847604314,0.000363129019295,3.532930433607362e-06,3.473078391948548e-06,rnd,0.05,3,RND (beta=0.05)
74000,0.976,0.3256081081081081,0.9852941176470588,67,262,24330,1.0014644307828305e-05,2.415170419212132e-07,1.0014644307828305e-05,2.415170419212132e-07,0.0164096588262011,0.0003956496598774,3.366584816035356e-06,3.5739614004342003e-06,rnd,0.05,3,RND (beta=0.05)
75000,0.985,0.3344,0.9852941176470588,67,262,25315,9.157158285169255e-06,2.0573872916429536e-07,9.157158285169255e-06,2.0573872916429536e-07,0.0151041673883227,0.0003395694728862,3.6003191820555e-06,3.6681609753941294e-06,rnd,0.05,3,RND (beta=0.05)
76000,0.721,0.3394868421052631,0.9852941176470588,67,262,26036,8.820534579054777e-06,1.709976729510371e-06,8.820534579054777e-06,1.709976729510371e-06,0.0146419606992332,0.0028450083657398,3.1327266771086216e-06,3.731976082235633e-06,rnd,0.05,3,RND (beta=0.05)
77000,0.278,0.3386883116883117,0.9852941176470588,67,262,26314,9.549650200870346e-06,3.413925537956035e-06,9.549650200870346e-06,3.413925537956035e-06,0.015948269110969,0.0057062511397514,3.306039242715997e-06,3.816782074522962e-06,rnd,0.05,3,RND (beta=0.05)
78000,0.823,0.3448974358974359,0.9852941176470588,67,262,27137,9.429440919195829e-06,3.796228704677021e-06,9.429440919195829e-06,3.796228704677021e-06,0.0158662274889558,0.0063677224533862,2.7507195731004686e-06,3.905207614479877e-06,rnd,0.05,3,RND (beta=0.05)
79000,0.78,0.3504050632911392,0.9852941176470588,67,262,27917,9.284030329581584e-06,2.935505007557863e-07,9.284030329581584e-06,2.935505007557863e-07,0.0157178962611345,0.0004964133109629,2.528697487946374e-06,3.966499664784351e-06,rnd,0.05,3,RND (beta=0.05)
80000,0.604,0.353575,0.9852941176470588,67,262,28521,8.59617755779423e-06,3.79856971125783e-07,8.59617755779423e-06,3.79856971125783e-07,0.014634313859409,0.000647740392544,2.635466524850472e-06,4.051941842590168e-06,rnd,0.05,3,RND (beta=0.05)
81000,0.255,0.352358024691358,0.9852941176470588,67,262,28776,8.651404819009293e-06,1.7326716586191786e-06,8.651404819009293e-06,1.7326716586191786e-06,0.0148134954396273,0.0029670323529874,2.5082959497808587e-06,4.099686290146565e-06,rnd,0.05,3,RND (beta=0.05)
82000,0.385,0.3527560975609756,0.9852941176470588,67,262,29161,8.01107835463704e-06,1.2367809936901677e-06,8.01107835463704e-06,1.2367809936901677e-06,0.01381438716954,0.0021338717592928,3.318712996360773e-06,4.1046626633942655e-06,rnd,0.05,3,RND (beta=0.05)
83000,0.281,0.3518915662650602,0.9852941176470588,67,262,29442,8.671699249565162e-06,5.843644337280222e-07,8.671699249565162e-06,5.843644337280222e-07,0.0150454194111323,0.0010131545932367,3.459024475887418e-06,4.101079902966376e-06,rnd,0.05,3,RND (beta=0.05)
84000,0.721,0.3562857142857142,0.9852941176470588,67,262,30163,8.774138213943408e-06,1.4520058788714184e-06,8.774138213943408e-06,1.4520058788714184e-06,0.0153181793751378,0.0025284400513735,2.054933973681727e-06,4.179670297162375e-06,rnd,0.05,3,RND (beta=0.05)
85000,0.061,0.3528117647058824,0.9852941176470588,67,262,30224,8.162409041360064e-06,2.239648874425282e-06,8.162409041360064e-06,2.239648874425282e-06,0.0142994441023978,0.0039299546718032,2.4071605106428253e-06,4.211265267031195e-06,rnd,0.05,3,RND (beta=0.05)
86000,0.007,0.3487906976744186,0.9852941176470588,67,263,30232,6.102526283159802e-06,6.500597182522552e-06,6.102526283159802e-06,6.500597182522552e-06,0.0107639455657098,0.0114708295307436,3.395496534722042e-06,4.229535218428282e-06,rnd,0.05,3,RND (beta=0.05)
87000,0.511,0.3506551724137931,0.9852941176470588,67,263,30743,8.920837648983877e-06,7.150799504296971e-06,8.920837648983877e-06,7.150799504296971e-06,0.0158593038985147,0.0126836179577252,2.9233820155809552e-06,4.2584385978443605e-06,rnd,0.05,3,RND (beta=0.05)
88000,0.109,0.3479090909090909,0.9852941176470588,67,263,30852,8.326828736561422e-06,1.376480820804729e-06,8.326828736561422e-06,1.376480820804729e-06,0.0148377155868473,0.0024594035233811,5.4639803731788565e-06,4.278025317717038e-06,rnd,0.05,3,RND (beta=0.05)
89000,0.265,0.3469775280898876,0.9852941176470588,67,263,31117,8.33679128107796e-06,2.591156061928622e-06,8.33679128107796e-06,2.591156061928622e-06,0.0149490939473013,0.0046614661548049,2.575913831606158e-06,4.247041064445512e-06,rnd,0.05,3,RND (beta=0.05)
90000,0.043,0.3436,0.9852941176470588,67,263,31160,7.568880455225955e-06,2.2498271255084244e-06,7.568880455225955e-06,2.2498271255084244e-06,0.0136732179230421,0.004059147018459,4.471033517802425e-06,4.2899551010577855e-06,rnd,0.05,3,RND (beta=0.05)
91000,0.005,0.3398791208791208,0.9852941176470588,67,263,31165,6.5320395606249805e-06,3.0988299856396074e-06,6.5320395606249805e-06,3.0988299856396074e-06,0.0118559597053668,0.0056245783988891,1.4813837013321063e-06,4.278947365264685e-06,rnd,0.05,3,RND (beta=0.05)
92000,0.005,0.3362391304347826,0.9852941176470588,67,263,31170,8.309487202495803e-06,3.0671336275243256e-06,8.309487202495803e-06,3.0671336275243256e-06,0.0151679863797889,0.0055941708082273,4.346559953091856e-06,4.232660104435126e-06,rnd,0.05,3,RND (beta=0.05)
93000,0.006,0.3326881720430107,0.9852941176470588,67,263,31176,6.203726949631043e-06,1.106950815190378e-06,6.203726949631043e-06,1.106950815190378e-06,0.0113859766151775,0.0020327014852542,6.904707409489674e-06,4.163055353956224e-06,rnd,0.05,3,RND (beta=0.05)
94000,0.051,0.3296914893617021,0.9852941176470588,67,263,31227,7.296704561489534e-06,4.557667618317249e-06,7.296704561489534e-06,4.557667618317249e-06,0.0134544551332542,0.0084074468619697,7.1705481640833565e-06,4.114167235684363e-06,rnd,0.05,3,RND (beta=0.05)
95000,0.022,0.3264526315789474,0.9852941176470588,67,263,31249,7.205599889526969e-06,4.668846316972187e-06,7.205599889526969e-06,4.668846316972187e-06,0.0133707184948098,0.0086558157386613,3.2086588699939966e-06,4.028508808005426e-06,rnd,0.05,3,RND (beta=0.05)
96000,0.438,0.3276145833333333,0.9852941176470588,67,263,31687,7.971587795148243e-06,1.7721377258450853e-06,7.971587795148243e-06,1.7721377258450853e-06,0.0148633059671037,0.0033000454623174,6.403007065500788e-06,3.9610055050616215e-06,rnd,0.05,3,RND (beta=0.05)
97000,0.437,0.3287422680412371,0.9852941176470588,67,263,32124,7.911925676806535e-06,7.242009440414566e-07,7.911925676806535e-06,7.242009440414566e-07,0.014823910724388,0.0013575357668667,5.387829901565055e-06,3.968464393892646e-06,rnd,0.05,3,RND (beta=0.05)
98000,0.065,0.3260510204081632,0.9852941176470588,67,263,32189,6.965689478350284e-06,1.2142214528995177e-06,6.965689478350284e-06,1.2142214528995177e-06,0.0131153020236822,0.00228733144411,3.154640013633525e-06,3.921317298818394e-06,rnd,0.05,3,RND (beta=0.05)
99000,0.088,0.3236464646464646,0.9852941176470588,67,263,32277,7.2199252992339264e-06,2.0756289075176998e-06,7.2199252992339264e-06,2.0756289075176998e-06,0.013672982351499,0.0039277842249143,4.046705784617188e-06,3.9130847146680025e-06,rnd,0.05,3,RND (beta=0.05)
100000,0.031,0.32072,0.9852941176470588,67,263,32308,9.533359755756288e-06,3.1735821432904494e-06,9.533359755756288e-06,3.1735821432904494e-06,0.0181171238227069,0.006037197736013,7.617410303680571e-06,3.940899631061256e-06,rnd,0.05,3,RND (beta=0.05)
1000,0.154,0.154,0.5,34,123,258,0.0075162449857679,0.0067774069145427,0.0075162449857679,0.0067774069145427,4.887675398935048,4.916103957278758,0.048176921904087,0.0069319466128945,rnd,0.05,4,RND (beta=0.05)
2000,0.153,0.1535,0.7794117647058824,53,189,472,0.0006952500726447,0.0003432412968338,0.0006952500726447,0.0003432412968338,0.4528246538756583,0.2883269244996433,0.0064908971871482,0.0003704226664485,rnd,0.05,4,RND (beta=0.05)
3000,0.168,0.1583333333333333,0.7794117647058824,53,199,648,8.938610976439945e-05,2.9404773010892443e-05,8.938610976439945e-05,2.9404773010892443e-05,0.0269173208794636,0.0088345725763049,0.0069040293097496,3.8306206128254414e-05,rnd,0.05,4,RND (beta=0.05)
4000,0.17,0.16125,0.9264705882352942,63,230,849,5.7660110028604426e-05,2.856280822202115e-05,5.7660110028604426e-05,2.856280822202115e-05,0.0186848852134574,0.0091779899967465,0.0062027183924801,2.091697202376963e-05,rnd,0.05,4,RND (beta=0.05)
5000,0.142,0.1574,0.9411764705882352,64,233,994,4.286422496771196e-05,1.3426574267122472e-05,4.286422496771196e-05,1.3426574267122472e-05,0.0147379829748018,0.0047811212802493,0.0054757200004532,1.455693463140051e-05,rnd,0.05,4,RND (beta=0.05)
6000,0.174,0.1601666666666666,0.9558823529411764,65,243,1178,3.478297142349732e-05,2.1155182567696536e-05,3.478297142349732e-05,2.1155182567696536e-05,0.0130157170765531,0.0080072135161544,0.0049151414851658,1.146588419305772e-05,rnd,0.05,4,RND (beta=0.05)
7000,0.155,0.1594285714285714,0.9558823529411764,65,247,1337,2.9081898731331623e-05,1.7214718166148093e-05,2.9081898731331623e-05,1.7214718166148093e-05,0.0116335458554654,0.0068159537553537,0.0045533430683426,1.0425625629068236e-05,rnd,0.05,4,RND (beta=0.05)
8000,0.156,0.159,0.9558823529411764,65,247,1493,2.6101174655242437e-05,4.639588841570096e-06,2.6101174655242437e-05,4.639588841570096e-06,0.0110968358515314,0.0019538430425611,0.0040648372482974,8.251178875070764e-06,rnd,0.05,4,RND (beta=0.05)
9000,0.161,0.1592222222222222,0.9705882352941176,66,256,1663,2.4076451414397783e-05,5.985949368380329e-06,2.4076451414397783e-05,5.985949368380329e-06,0.0107947691272161,0.0026476824553555,0.0037011241325526,6.881422156766348e-06,rnd,0.05,4,RND (beta=0.05)
10000,0.116,0.1549,1.0,68,262,1785,2.258481736291664e-05,7.720850237373366e-06,2.258481736291664e-05,7.720850237373366e-06,0.0106268167657142,0.0036175031829347,0.0035184816217515,6.143909416095994e-06,rnd,0.05,4,RND (beta=0.05)
11000,0.113,0.151090909090909,1.0,68,265,1900,2.0767645390602024e-05,4.752225073876686e-06,2.0767645390602024e-05,4.752225073876686e-06,0.0101569961370559,0.0023434043814134,0.0032225639443495,5.447856571663578e-06,rnd,0.05,4,RND (beta=0.05)
12000,0.077,0.1449166666666666,1.0,68,268,1980,2.0524931665908323e-05,5.26959989119251e-06,2.0524931665908323e-05,5.26959989119251e-06,0.010450829797704,0.0027014599207703,0.0030477978187846,4.925420920926626e-06,rnd,0.05,4,RND (beta=0.05)
13000,0.149,0.1452307692307692,1.0,68,268,2129,1.933985482085841e-05,1.4146036133948851e-06,1.933985482085841e-05,1.4146036133948851e-06,0.0102638511319052,0.0007484756629921,0.0028486574012204,4.510390613404525e-06,rnd,0.05,4,RND (beta=0.05)
14000,0.106,0.1424285714285714,1.0,68,268,2235,1.8932022295251404e-05,3.2956084636552767e-06,1.8932022295251404e-05,3.2956084636552767e-06,0.0103514134321656,0.0018046309567611,0.0026699291807599,4.184271230315062e-06,rnd,0.05,4,RND (beta=0.05)
15000,0.188,0.1454666666666666,1.0,68,268,2423,1.750679613441536e-05,2.26814725381299e-06,1.750679613441536e-05,2.26814725381299e-06,0.0099280060050565,0.0012887886158868,0.0026619400117779,3.927864293700623e-06,rnd,0.05,4,RND (beta=0.05)
16000,0.198,0.14875,1.0,68,268,2621,1.7839374175658885e-05,6.414905247840279e-07,1.7839374175658885e-05,6.414905247840279e-07,0.0104264034190791,0.0003745886548587,0.0023634609039581,3.7253474631597776e-06,rnd,0.05,4,RND (beta=0.05)
17000,0.202,0.1518823529411764,1.0,68,268,2823,1.750425607190997e-05,9.903683157618384e-07,1.750425607190997e-05,9.903683157618384e-07,0.0105332658051532,0.000595375732175,0.002226824281417,3.519101990264062e-06,rnd,0.05,4,RND (beta=0.05)
18000,0.236,0.1565555555555555,1.0,68,268,3059,1.602371290280613e-05,5.318461330861757e-07,1.602371290280613e-05,5.318461330861757e-07,0.0099027657648895,0.0003274312336709,0.002090899992967,3.435469597775409e-06,rnd,0.05,4,RND (beta=0.05)
19000,0.191,0.1583684210526315,1.0,68,268,3250,1.6095975042749422e-05,5.070619732801913e-07,1.6095975042749422e-05,5.070619732801913e-07,0.0102012561685817,0.0003217816579921,0.0020183291634311,3.2555998014913717e-06,rnd,0.05,4,RND (beta=0.05)
20000,0.179,0.1594,1.0,68,268,3429,1.554504806386709e-05,5.511414777151248e-07,1.554504806386709e-05,5.511414777151248e-07,0.0101072703468951,0.000358978054673,0.0018205798307899,3.1723554538984898e-06,rnd,0.05,4,RND (beta=0.05)
21000,0.257,0.164047619047619,1.0,68,268,3686,1.5526821484483153e-05,5.272836572487831e-07,1.5526821484483153e-05,5.272836572487831e-07,0.0103165451252119,0.0003520408949072,0.0017784520452551,3.1351595739579352e-06,rnd,0.05,4,RND (beta=0.05)
22000,0.361,0.173,1.0,68,268,4047,1.5229692596179036e-05,4.09875606570763e-07,1.5229692596179036e-05,4.09875606570763e-07,0.0103959206728346,0.0002781001421592,0.0016382380935683,3.063215961105925e-06,rnd,0.05,4,RND (beta=0.05)
23000,0.479,0.1863043478260869,1.0,68,268,4526,1.5499540641714308e-05,2.878934111058855e-07,1.5499540641714308e-05,2.878934111058855e-07,0.0107898010060545,0.0002000920846976,0.0016109088054217,3.182706824702564e-06,rnd,0.05,4,RND (beta=0.05)
24000,0.275,0.19,1.0,68,268,4801,1.4325409501907416e-05,2.2552425296508177e-07,1.4325409501907416e-05,2.2552425296508177e-07,0.0101454037499603,0.0001601591528923,0.0015313698038808,3.25531057956141e-06,rnd,0.05,4,RND (beta=0.05)
25000,0.376,0.19744,1.0,68,268,5177,1.3963894609352132e-05,2.90229782395047e-07,1.3963894609352132e-05,2.90229782395047e-07,0.0101152015420809,0.0002099161311579,0.0015333179238805,3.1844306179209526e-06,rnd,0.05,4,RND (beta=0.05)
26000,0.456,0.2073846153846154,1.0,68,268,5633,1.42334042681014e-05,2.6250606770658764e-07,1.42334042681014e-05,2.6250606770658764e-07,0.0105110215869364,0.0001938291891693,0.0013390433490349,3.269674639113873e-06,rnd,0.05,4,RND (beta=0.05)
27000,0.475,0.2172962962962963,1.0,68,268,6108,1.381876294640518e-05,3.492626376555563e-07,1.381876294640518e-05,3.492626376555563e-07,0.0103854937185268,0.0002628642414956,0.0013328876890591,3.294893062161464e-06,rnd,0.05,4,RND (beta=0.05)
28000,0.371,0.2227857142857142,1.0,68,268,6479,1.3187825381239256e-05,2.5473668299777845e-07,1.3187825381239256e-05,2.5473668299777845e-07,0.010108442839635,0.0001948158448644,0.0013280812984594,3.3081354786190785e-06,rnd,0.05,4,RND (beta=0.05)
29000,0.172,0.2210344827586207,1.0,68,269,6652,1.346560755464029e-05,2.847812458782348e-06,1.346560755464029e-05,2.847812458782348e-06,0.0104757580577621,0.0022335292961132,0.0012936531224841,3.286453505324971e-06,rnd,0.05,4,RND (beta=0.05)
30000,0.077,0.2162333333333333,1.0,68,269,6729,1.3622786921929784e-05,3.544886315158221e-07,1.3622786921929784e-05,3.544886315158221e-07,0.0108006902333113,0.0002802723321775,0.0012380354695487,3.309294245468664e-06,rnd,0.05,4,RND (beta=0.05)
31000,0.053,0.2109677419354838,1.0,68,269,6782,1.20386950996208e-05,7.009463985976685e-07,1.20386950996208e-05,7.009463985976685e-07,0.0097053908840523,0.0005649244462315,0.0011872141009225,3.1050824936755817e-06,rnd,0.05,4,RND (beta=0.05)
32000,0.087,0.20709375,1.0,68,269,6869,1.3927402061648766e-05,7.193198730829975e-07,1.3927402061648766e-05,7.193198730829975e-07,0.0113556376384327,0.0005889903494154,0.001162272475507,2.974763568204253e-06,rnd,0.05,4,RND (beta=0.05)
33000,0.031,0.2017575757575757,1.0,68,269,6900,9.803616121057384e-06,3.949498629867354e-07,9.803616121057384e-06,3.949498629867354e-07,0.0081305693463708,0.0003273550359373,0.0011119098980707,2.922292062407905e-06,rnd,0.05,4,RND (beta=0.05)
34000,0.082,0.198235294117647,1.0,68,271,6983,1.2554850572109343e-05,2.995733100927164e-06,1.2554850572109343e-05,2.995733100927164e-06,0.0105786474642148,0.0025220385131275,0.0010630359738133,2.8112858575468635e-06,rnd,0.05,4,RND (beta=0.05)
35000,0.05,0.194,1.0,68,271,7033,1.1509898240547044e-05,5.948357574120086e-07,1.1509898240547044e-05,5.948357574120086e-07,0.0098468158615529,0.0005074756705776,0.0010417934641664,2.788088446209258e-06,rnd,0.05,4,RND (beta=0.05)
36000,0.232,0.1950555555555555,1.0,68,271,7265,1.2264259578779304e-05,5.745257814863495e-07,1.2264259578779304e-05,5.745257814863495e-07,0.0106295786165528,0.0004966050986619,0.000984795292381,2.7322752075633616e-06,rnd,0.05,4,RND (beta=0.05)
37000,0.067,0.1915945945945946,1.0,68,271,7332,1.3223367842776984e-05,4.954268701275146e-07,1.3223367842776984e-05,4.954268701275146e-07,0.0115835731645907,0.0004343806016806,0.0009911145716978,2.672421444003703e-06,rnd,0.05,4,RND (beta=0.05)
38000,0.12,0.1897105263157894,1.0,68,271,7452,1.1559569452401777e-05,2.393429666902591e-07,1.1559569452401777e-05,2.393429666902591e-07,0.0102653705688569,0.0002127236796534,0.0009143446399248,2.6058579738901243e-06,rnd,0.05,4,RND (beta=0.05)
39000,0.147,0.1886153846153846,1.0,68,271,7599,1.112175613077382e-05,2.9816489516127014e-07,1.112175613077382e-05,2.9816489516127014e-07,0.0100144642570326,0.0002682539871277,0.0009258932860975,2.555906545808284e-06,rnd,0.05,4,RND (beta=0.05)
40000,0.087,0.186075,1.0,68,271,7686,1.262926814721224e-05,2.766957244667589e-07,1.262926814721224e-05,2.766957244667589e-07,0.0114970407225948,0.000252055029257,0.0009502095166462,2.5127743587063377e-06,rnd,0.05,4,RND (beta=0.05)
41000,0.054,0.1828536585365853,1.0,68,271,7740,1.18477442238482e-05,3.07755203951009e-07,1.18477442238482e-05,3.07755203951009e-07,0.0109345718713037,0.0002838465807785,0.000894555251416,2.4431073441064656e-06,rnd,0.05,4,RND (beta=0.05)
42000,0.057,0.1798571428571428,1.0,68,271,7797,1.2347254293369284e-05,2.281226255531273e-07,1.2347254293369284e-05,2.281226255531273e-07,0.0115346710046551,0.0002129879085779,0.0008637830823208,2.3823292543738715e-06,rnd,0.05,4,RND (beta=0.05)
43000,0.043,0.1766744186046511,1.0,68,271,7840,1.1921511253773174e-05,2.3374834310472523e-07,1.1921511253773174e-05,2.3374834310472523e-07,0.0112734480740208,0.0002205603325301,0.0008516915700711,2.3252661545711817e-06,rnd,0.05,4,RND (beta=0.05)
44000,0.075,0.1743636363636363,1.0,68,271,7915,1.1900908223954803e-05,1.806767946738325e-07,1.1900908223954803e-05,1.806767946738325e-07,0.0113756463748212,0.000172548858066,0.0008258209744599,2.2699267846064686e-06,rnd,0.05,4,RND (beta=0.05)
45000,0.038,0.1713333333333333,1.0,68,271,7953,1.061222201315104e-05,2.0952154946384829e-07,1.061222201315104e-05,2.0952154946384829e-07,0.010243759389237,0.0002024226668318,0.0008312804410488,2.1958560308803497e-06,rnd,0.05,4,RND (beta=0.05)
46000,0.028,0.1682173913043478,1.0,68,271,7981,1.2303770729106742e-05,4.397446074182456e-07,1.2303770729106742e-05,4.397446074182456e-07,0.0120488921294322,0.0004291097683331,0.0008337052481001,2.157082794383314e-06,rnd,0.05,4,RND (beta=0.05)
47000,0.043,0.1655531914893617,1.0,68,271,8024,1.1661941138046068e-05,1.9552311414372525e-07,1.1661941138046068e-05,1.9552311414372525e-07,0.0115011890011647,0.0001927660726558,0.0008022841142628,2.125743338183384e-06,rnd,0.05,4,RND (beta=0.05)
48000,0.065,0.1634583333333333,1.0,68,271,8089,1.043730678877462e-05,1.718847687782345e-07,1.043730678877462e-05,1.718847687782345e-07,0.0104059854369103,0.0001713117143536,0.0007656656053331,2.0460052994053517e-06,rnd,0.05,4,RND (beta=0.05)
49000,0.043,0.161,1.0,68,271,8132,1.1244542102483752e-05,1.6215420835727429e-07,1.1244542102483752e-05,1.6215420835727429e-07,0.0113192153858095,0.0001632491543134,0.0007192077066065,2.072114600593977e-06,rnd,0.05,4,RND (beta=0.05)
50000,0.046,0.1587,1.0,68,271,8178,1.1612912999225957e-05,1.411287157540779e-07,1.1612912999225957e-05,1.411287157540779e-07,0.0118087950821702,0.0001435619656932,0.000730422059285,1.9467590841486525e-06,rnd,0.05,4,RND (beta=0.05)
51000,0.094,0.1574313725490196,1.0,68,271,8272,1.1825931827107969e-05,1.562289084815649e-07,1.1825931827107969e-05,1.562289084815649e-07,0.0121556011495565,0.0001604579220095,0.0004176712458975,1.9001591836058648e-06,rnd,0.05,4,RND (beta=0.05)
52000,0.101,0.1563461538461538,1.0,68,271,8373,1.0921656162776848e-05,1.5936038988775917e-07,1.0921656162776848e-05,1.5936038988775917e-07,0.0113145205292938,0.0001653142974886,4.986045948226092e-05,1.9085552125375216e-06,rnd,0.05,4,RND (beta=0.05)
53000,0.101,0.1553018867924528,1.0,68,271,8474,1.1434724249081436e-05,1.242782612966511e-07,1.1434724249081436e-05,1.242782612966511e-07,0.0119919826987846,0.0001300977261953,4.547363924848469e-05,1.8912215614648176e-06,rnd,0.05,4,RND (beta=0.05)
54000,0.027,0.1529259259259259,1.0,68,271,8501,7.887098120220429e-06,1.6759749979839708e-07,7.887098120220429e-06,1.6759749979839708e-07,0.0083314294671453,0.0001770881506248,3.173732359937276e-05,1.8396571036873864e-06,rnd,0.05,4,RND (beta=0.05)
55000,0.101,0.1519818181818182,1.0,68,271,8602,1.179182823527821e-05,3.448389261279013e-07,1.179182823527821e-05,3.448389261279013e-07,0.0125522354994686,0.0003676194088196,2.867441268790572e-05,1.8168161579978916e-06,rnd,0.05,4,RND (beta=0.05)
56000,0.064,0.1504107142857143,1.0,68,271,8666,9.553028490927318e-06,7.245236021809861e-07,9.553028490927318e-06,7.245236021809861e-07,0.0102657462636808,0.000781372690713,2.062272748162286e-05,1.7676218129452085e-06,rnd,0.05,4,RND (beta=0.05)
57000,0.271,0.1525263157894736,1.0,68,271,8937,1.1277744457449134e-05,2.397820492114318e-07,1.1277744457449134e-05,2.397820492114318e-07,0.0122371226550547,0.0002602208670282,1.99810285116655e-05,1.7747107167451758e-06,rnd,0.05,4,RND (beta=0.05)
58000,0.296,0.155,1.0,68,271,9233,1.1086397257037568e-05,1.1335839033061406e-06,1.1086397257037568e-05,1.1335839033061406e-06,0.0121583562436896,0.0012374092287504,1.714568408578998e-05,1.750519620088653e-06,rnd,0.05,4,RND (beta=0.05)
59000,0.424,0.1595593220338983,1.0,68,271,9657,1.1109672803346293e-05,1.9398201116392776e-06,1.1109672803346293e-05,1.9398201116392776e-06,0.0122703647456333,0.002138801611669,2.2301643459286425e-05,1.822821228813609e-06,rnd,0.05,4,RND (beta=0.05)
60000,0.424,0.1639666666666666,1.0,68,271,10081,1.0374282072260304e-05,6.366391636462391e-07,1.0374282072260304e-05,6.366391636462391e-07,0.0115552523447355,0.0007077053049418,2.137008380395855e-05,1.8575570607026747e-06,rnd,0.05,4,RND (beta=0.05)
61000,0.897,0.175983606557377,1.0,68,271,10978,1.076695451659685e-05,2.0151324444273573e-07,1.076695451659685e-05,2.0151324444273573e-07,0.0120820353498838,0.000226284215881,1.612472162651102e-05,1.9813359944578225e-06,rnd,0.05,4,RND (beta=0.05)
62000,0.917,0.1879354838709677,1.0,68,271,11895,1.066670856129242e-05,2.0403808955657645e-07,1.066670856129242e-05,2.0403808955657645e-07,0.0120654459056345,0.0002310477345107,1.189897931772066e-05,2.12678494000329e-06,rnd,0.05,4,RND (beta=0.05)
63000,0.762,0.197047619047619,1.0,68,271,12657,9.998085111537804e-06,2.556082023106291e-06,9.998085111537804e-06,2.556082023106291e-06,0.0113988734162585,0.0029130150969132,1.138101119181556e-05,2.2641981593096715e-06,rnd,0.05,4,RND (beta=0.05)
64000,0.652,0.20415625,1.0,68,271,13309,9.68067134821456e-06,4.915255654445861e-07,9.68067134821456e-06,4.915255654445861e-07,0.0111280085755925,0.0005643769107943,9.6037260545927e-06,2.325429563938997e-06,rnd,0.05,4,RND (beta=0.05)
65000,0.328,0.2060615384615384,1.0,68,271,13637,9.99303173413376e-06,3.155764437069917e-06,9.99303173413376e-06,3.155764437069917e-06,0.0115705753478602,0.0036554569386377,1.2819612603379937e-05,2.397380486968359e-06,rnd,0.05,4,RND (beta=0.05)
66000,0.598,0.212,1.0,68,271,14235,9.68917991023444e-06,1.38615224919541e-06,9.68917991023444e-06,1.38615224919541e-06,0.0113071948646099,0.0016172753399166,7.93865676371297e-06,2.427749869809759e-06,rnd,0.05,4,RND (beta=0.05)
67000,0.461,0.2157164179104477,1.0,68,271,14696,9.527676173649264e-06,1.3411792204876498e-06,9.527676173649264e-06,1.3411792204876498e-06,0.0111917669847872,0.001578634234974,1.7483323072156055e-05,2.5061968492536835e-06,rnd,0.05,4,RND (beta=0.05)
68000,0.263,0.2164117647058823,1.0,68,271,14959,9.271640189370428e-06,2.628515933697766e-07,9.271640189370428e-06,2.628515933697766e-07,0.0109831155770464,0.000311085288545,1.4881371633919116e-05,2.471099267495447e-06,rnd,0.05,4,RND (beta=0.05)
69000,0.283,0.2173768115942029,1.0,68,271,15242,9.586704580330851e-06,1.8646142460397008e-06,9.586704580330851e-06,1.8646142460397008e-06,0.011424655296697,0.0022238062616851,1.0687037023103583e-05,2.4768531158088083e-06,rnd,0.05,4,RND (beta=0.05)
70000,0.081,0.2154285714285714,1.0,68,271,15323,9.532838141891304e-06,1.0991591198247323e-06,9.532838141891304e-06,1.0991591198247323e-06,0.0114374967763219,0.0013204494869151,1.2805660469666692e-05,2.451222714626056e-06,rnd,0.05,4,RND (beta=0.05)
71000,0.059,0.213225352112676,1.0,68,271,15382,9.652121238012392e-06,1.5789822389280031e-06,9.652121238012392e-06,1.5789822389280031e-06,0.0116784795584142,0.0019102343214736,1.0310565956956452e-05,2.438648038094016e-06,rnd,0.05,4,RND (beta=0.05)
72000,0.048,0.2109305555555555,1.0,68,271,15430,1.0267360664784064e-05,1.1411925469891118e-06,1.0267360664784064e-05,1.1411925469891118e-06,0.0125230604396065,0.0013917758569071,1.8316754175430103e-05,2.3813443564222327e-06,rnd,0.05,4,RND (beta=0.05)
73000,0.011,0.2081917808219178,1.0,68,271,15441,1.144456481680126e-05,3.65195982695225e-06,1.144456481680126e-05,3.65195982695225e-06,0.0140474737079257,0.0044826908469842,1.5091468575974432e-05,2.283232470801977e-06,rnd,0.05,4,RND (beta=0.05)
74000,0.01,0.2055135135135135,1.0,68,271,15451,1.11575708615419e-05,1.778997620347253e-06,1.11575708615419e-05,1.778997620347253e-06,0.01378196843543,0.0021950136292277,1.5758289886207423e-05,2.2137151772199105e-06,rnd,0.05,4,RND (beta=0.05)
75000,0.01,0.2029066666666666,1.0,68,271,15461,8.667268116369086e-06,9.296882620585872e-07,8.667268116369086e-06,9.296882620585872e-07,0.010775064437054,0.0011539774736692,1.7999954592596625e-05,2.1458180399349657e-06,rnd,0.05,4,RND (beta=0.05)
76000,0.056,0.2009736842105263,1.0,68,271,15517,9.50231503793475e-06,4.48986679805065e-07,9.50231503793475e-06,4.48986679805065e-07,0.0119027414621908,0.0005613841083543,1.2599412039776326e-05,2.073392766874349e-06,rnd,0.05,4,RND (beta=0.05)
77000,0.062,0.1991688311688311,1.0,68,271,15579,9.395716732239725e-06,6.692299937547239e-07,9.395716732239725e-06,6.692299937547239e-07,0.0118362349434432,0.0008427220469088,1.633867429404745e-05,1.9872883397056286e-06,rnd,0.05,4,RND (beta=0.05)
78000,0.169,0.1987820512820513,1.0,68,271,15748,8.646622065024795e-06,7.024544842197177e-07,8.646622065024795e-06,7.024544842197177e-07,0.0109704380272568,0.000890090192881,1.4004894665504251e-05,1.9199448851736635e-06,rnd,0.05,4,RND (beta=0.05)
79000,0.042,0.1967974683544303,1.0,68,271,15790,8.822277983372692e-06,2.769297182384253e-07,8.822277983372692e-06,2.769297182384253e-07,0.0112412175856616,0.0003531660231915,1.2453374377400906e-05,1.8873601991344915e-06,rnd,0.05,4,RND (beta=0.05)
80000,0.018,0.1945625,1.0,68,271,15808,1.0078113872522306e-05,2.819282718879899e-07,1.0078113872522306e-05,2.819282718879899e-07,0.0129232330278875,0.0003619565797035,9.460856871442047e-06,1.8329823323028904e-06,rnd,0.05,4,RND (beta=0.05)
81000,0.01,0.1922839506172839,1.0,68,271,15818,7.987568733369698e-06,2.7365357613287204e-06,7.987568733369698e-06,2.7365357613287204e-06,0.0103168043759036,0.0035341114685755,1.2648622859501302e-05,1.8224498074914664e-06,rnd,0.05,4,RND (beta=0.05)
82000,0.022,0.1902073170731707,1.0,68,271,15840,1.0020751191901086e-05,4.393446827811802e-07,1.0020751191901086e-05,4.393446827811802e-07,0.0130220562595541,0.0005699272966349,1.447965684690189e-05,1.8594455738139004e-06,rnd,0.05,4,RND (beta=0.05)
83000,0.052,0.1885421686746988,1.0,68,271,15892,9.375047354226876e-06,2.429067785732718e-07,9.375047354226876e-06,2.429067785732718e-07,0.0122652072741356,0.0003173507421308,1.4048791070536029e-05,1.777986303693524e-06,rnd,0.05,4,RND (beta=0.05)
84000,0.024,0.1865833333333333,1.0,68,271,15916,1.114994582470293e-05,1.71688830802592e-07,1.114994582470293e-05,1.71688830802592e-07,0.0146506638839147,0.0002257496269984,1.085916361347472e-05,1.8011857075634907e-06,rnd,0.05,4,RND (beta=0.05)
85000,0.03,0.1847411764705882,1.0,68,271,15946,1.0399760109673176e-05,9.867654535677263e-07,1.0399760109673176e-05,9.867654535677263e-07,0.0137557584346631,0.0013080150489328,1.127537391448641e-05,1.7635292276168005e-06,rnd,0.05,4,RND (beta=0.05)
86000,0.014,0.1827558139534883,1.0,68,271,15960,9.426051065020148e-06,1.8438522115619884e-06,9.426051065020148e-06,1.8438522115619884e-06,0.0125447859295671,0.0024483734863495,1.1215258261586316e-05,1.7464146703787264e-06,rnd,0.05,4,RND (beta=0.05)
87000,0.042,0.1811379310344827,1.0,68,271,16002,1.0090285513797426e-05,8.052906869363976e-07,1.0090285513797426e-05,8.052906869363976e-07,0.013522202941571,0.0010762803357739,7.865409718874617e-06,1.7194595791636402e-06,rnd,0.05,4,RND (beta=0.05)
88000,0.029,0.1794090909090909,1.0,68,271,16031,9.917257149685736e-06,4.607106535922024e-07,9.917257149685736e-06,4.607106535922024e-07,0.0133349964228408,0.0006201985496585,1.0038167110565157e-05,1.6792055114933646e-06,rnd,0.05,4,RND (beta=0.05)
89000,0.064,0.1781123595505618,1.0,68,271,16095,9.887996583302083e-06,1.6651595386350864e-06,9.887996583302083e-06,1.6651595386350864e-06,0.0133812190005308,0.0022503836848199,1.4828771263012184e-05,1.6817459503783994e-06,rnd,0.05,4,RND (beta=0.05)
90000,0.075,0.1769666666666666,1.0,68,271,16170,9.5920135875834e-06,8.148416586710187e-07,9.5920135875834e-06,8.148416586710187e-07,0.0130509279381725,0.0011096330355948,8.335225548535163e-06,1.6781346305378974e-06,rnd,0.05,4,RND (beta=0.05)
91000,0.056,0.1756373626373626,1.0,68,271,16226,9.500642026491084e-06,1.304209516940985e-06,9.500642026491084e-06,1.304209516940985e-06,0.0129973268345181,0.0017844829478193,1.073000708910854e-05,1.6651887865464232e-06,rnd,0.05,4,RND (beta=0.05)
92000,0.112,0.174945652173913,1.0,68,271,16338,9.06702837661604e-06,8.319777712127806e-07,9.06702837661604e-06,8.319777712127806e-07,0.0124577886306571,0.0011448070236163,1.749580915156912e-05,1.6955505522560088e-06,rnd,0.05,4,RND (beta=0.05)
93000,0.223,0.1754623655913978,1.0,68,271,16561,9.898915627856508e-06,2.1924631598112642e-07,9.898915627856508e-06,2.1924631598112642e-07,0.013688956810504,0.0003032421162444,7.162782774258858e-06,1.6642080821043235e-06,rnd,0.05,4,RND (beta=0.05)
94000,0.42,0.178063829787234,1.0,68,271,16981,9.554739701689824e-06,4.815325355191989e-07,9.554739701689824e-06,4.815325355191989e-07,0.0132872883408574,0.000669750296381,1.1680037891380834e-05,1.7210356320447318e-06,rnd,0.05,4,RND (beta=0.05)
95000,0.457,0.181,1.0,68,271,17438,9.010636410098006e-06,3.454721176470223e-07,9.010636410098006e-06,3.454721176470223e-07,0.012598146887669,0.0004826004572228,6.795767969691724e-06,1.753662397959488e-06,rnd,0.05,4,RND (beta=0.05)
96000,0.582,0.1851770833333333,1.0,68,271,18020,8.79569775241061e-06,2.623160812690227e-07,8.79569775241061e-06,2.623160812690227e-07,0.0123634170883677,0.000368236746849,1.0027975149284884e-05,1.849958989055267e-06,rnd,0.05,4,RND (beta=0.05)
97000,0.075,0.184041237113402,1.0,68,271,18095,9.64170685923212e-06,3.081776884220892e-07,9.64170685923212e-06,3.081776884220892e-07,0.0136100085802997,0.0004353922449214,1.1804897345655263e-05,1.883849747912336e-06,rnd,0.05,4,RND (beta=0.05)
98000,0.26,0.1848163265306122,1.0,68,271,18355,8.00688559190978e-06,4.490456399176347e-07,8.00688559190978e-06,4.490456399176347e-07,0.0113577546662592,0.0006375082866677,8.664075429862806e-06,1.8983657745934576e-06,rnd,0.05,4,RND (beta=0.05)
99000,0.327,0.1862525252525252,1.0,68,271,18682,9.162500903471134e-06,2.478174291326621e-07,9.162500903471134e-06,2.478174291326621e-07,0.0130789640960284,0.0003534727265871,7.359661597007516e-06,1.919027405591578e-06,rnd,0.05,4,RND (beta=0.05)
100000,0.107,0.18546,1.0,68,271,18789,8.94399364310247e-06,2.341482296157677e-06,8.94399364310247e-06,2.341482296157677e-06,0.012814895022269,0.0033573229363814,9.43251450007665e-06,1.9801524606464225e-06,rnd,0.05,4,RND (beta=0.05)
1000,0.187,0.187,0.4411764705882353,30,100,270,0.0092673387607549,0.0072537999958725,0.0092673387607549,0.0072537999958725,4.815064288805208,4.916223750663448,0.1468172669410705,0.007752314209938,rnd,0.1,0,RND (beta=0.1)
2000,0.136,0.1615,0.6323529411764706,43,157,460,0.0006716159310492,0.0003955371499557,0.0006716159310492,0.0003955371499557,0.3413458256350252,0.2531982262612205,0.0275957629675976,0.0003963594217348,rnd,0.1,0,RND (beta=0.1)
3000,0.118,0.147,0.7941176470588235,54,203,620,9.988732464558257e-05,6.067084331687288e-05,9.988732464558257e-05,6.067084331687288e-05,0.027052343154956,0.0162876814832383,0.0255837222747504,4.333911522007839e-05,rnd,0.1,0,RND (beta=0.1)
4000,0.139,0.145,0.8382352941176471,57,213,769,6.961814987786423e-05,2.0481121854433945e-05,6.961814987786423e-05,2.0481121854433945e-05,0.0198544404915001,0.006002278042271,0.023161604212597,2.311016250496323e-05,rnd,0.1,0,RND (beta=0.1)
5000,0.144,0.1448,0.8382352941176471,57,214,914,4.584781333960564e-05,1.180451078477169e-05,4.584781333960564e-05,1.180451078477169e-05,0.0144650081011254,0.0036522015557334,0.0209306365549564,1.5726354697108038e-05,rnd,0.1,0,RND (beta=0.1)
6000,0.146,0.145,0.8676470588235294,59,222,1068,4.191632044787857e-05,1.8927263328914192e-05,4.191632044787857e-05,1.8927263328914192e-05,0.0138834958054277,0.0064278754311885,0.019088529722765,1.1898578588443344e-05,rnd,0.1,0,RND (beta=0.1)
7000,0.154,0.1462857142857143,0.8676470588235294,59,224,1224,3.407654129033916e-05,1.0655196284067749e-05,3.407654129033916e-05,1.0655196284067749e-05,0.012188703591226,0.0038410027077944,0.0180503287031315,9.96067496816977e-06,rnd,0.1,0,RND (beta=0.1)
8000,0.077,0.137625,0.9705882352941176,66,253,1328,3.0728861799746354e-05,1.641136492785503e-05,3.0728861799746354e-05,1.641136492785503e-05,0.0116515581544315,0.0062881347028692,0.0163518447885289,8.566796913783036e-06,rnd,0.1,0,RND (beta=0.1)
9000,0.19,0.1434444444444444,0.9705882352941176,66,254,1519,2.7164252778196608e-05,4.96335135068895e-06,2.7164252778196608e-05,4.96335135068895e-06,0.0108969036050106,0.0020204584105721,0.0148897953256964,7.440327118274581e-06,rnd,0.1,0,RND (beta=0.1)
10000,0.188,0.1479,0.9705882352941176,66,254,1707,2.350569592577968e-05,3.1239623984188165e-06,2.350569592577968e-05,3.1239623984188165e-06,0.0099220078287442,0.001301570540519,0.0140479254154488,6.572581448381243e-06,rnd,0.1,0,RND (beta=0.1)
11000,0.142,0.1473636363636363,0.9705882352941176,66,254,1849,2.3275578179993933e-05,3.619785936925646e-06,2.3275578179993933e-05,3.619785936925646e-06,0.0102672844000466,0.0015913593562141,0.0127503205777611,5.718803335867051e-06,rnd,0.1,0,RND (beta=0.1)
12000,0.172,0.1494166666666666,0.9705882352941176,66,254,2021,2.1738053535870657e-05,2.2486835136277937e-06,2.1738053535870657e-05,2.2486835136277937e-06,0.0099380407119899,0.00103290495995,0.0118434584608767,5.119110130408444e-06,rnd,0.1,0,RND (beta=0.1)
13000,0.136,0.1483846153846154,0.9705882352941176,66,256,2159,2.10045056840446e-05,3.6118860319906473e-06,2.10045056840446e-05,3.6118860319906473e-06,0.0100167317143574,0.0017112024677752,0.0108055219172965,4.726689484755298e-06,rnd,0.1,0,RND (beta=0.1)
14000,0.246,0.1553571428571428,0.9705882352941176,66,256,2405,2.0399483890109767e-05,1.681046399828927e-06,2.0399483890109767e-05,1.681046399828927e-06,0.0100595487111661,0.0008247002420245,0.0101685047777136,4.428751391856168e-06,rnd,0.1,0,RND (beta=0.1)
15000,0.324,0.1666,0.9705882352941176,66,256,2729,1.8056117736997284e-05,9.096076266481646e-07,1.8056117736997284e-05,9.096076266481646e-07,0.0091977526448269,0.0004613536396215,0.0098352258274098,4.199077581802157e-06,rnd,0.1,0,RND (beta=0.1)
16000,0.18,0.1674375,0.9705882352941176,66,256,2909,1.760624040040663e-05,1.5294284402327278e-06,1.760624040040663e-05,1.5294284402327278e-06,0.0092093878645956,0.0007996219236476,0.009209441913641,4.117649651561806e-06,rnd,0.1,0,RND (beta=0.1)
17000,0.238,0.1715882352941176,0.9705882352941176,66,256,3147,1.7297962675674623e-05,1.6616254908863984e-06,1.7297962675674623e-05,1.6616254908863984e-06,0.0093455949155781,0.0008930025340488,0.0087157824138412,3.875678641406921e-06,rnd,0.1,0,RND (beta=0.1)
18000,0.164,0.1711666666666666,0.9705882352941176,66,256,3311,1.708737595602476e-05,1.9753642521395018e-06,1.708737595602476e-05,1.9753642521395018e-06,0.00945117513332,0.0010984803684102,0.0080406395626487,3.7802260037551606e-06,rnd,0.1,0,RND (beta=0.1)
19000,0.147,0.1698947368421052,0.9705882352941176,66,256,3458,1.6481083217563012e-05,1.60866773596046e-06,1.6481083217563012e-05,1.60866773596046e-06,0.0094194274757003,0.0009158315651093,0.0080225958507508,3.620140109092063e-06,rnd,0.1,0,RND (beta=0.1)
20000,0.077,0.16525,0.9852941176470588,67,260,3538,1.668192592294329e-05,2.8797438991074074e-06,1.668192592294329e-05,2.8797438991074074e-06,0.0097440316938786,0.0016793992604578,0.0075881039059022,3.4909220726149217e-06,rnd,0.1,0,RND (beta=0.1)
21000,0.038,0.1591904761904762,0.9852941176470588,67,260,3576,1.47895939933637e-05,9.1002161911198e-07,1.47895939933637e-05,9.1002161911198e-07,0.0088089395771751,0.0005446467276898,0.0070849337812396,3.275979841305343e-06,rnd,0.1,0,RND (beta=0.1)
22000,0.011,0.1524545454545454,0.9852941176470588,67,263,3590,1.3521732688042738e-05,2.1949533319295407e-06,1.3521732688042738e-05,2.1949533319295407e-06,0.0082728936137014,0.0013387990089593,0.0068169182294514,3.111102573598145e-06,rnd,0.1,0,RND (beta=0.1)
23000,0.02,0.146695652173913,0.9852941176470588,67,263,3610,1.57128326691236e-05,8.73906024479805e-07,1.57128326691236e-05,8.73906024479805e-07,0.0098259829505778,0.0005454142594612,0.0067893953289603,2.9229857152586192e-06,rnd,0.1,0,RND (beta=0.1)
24000,0.009,0.1409583333333333,0.9852941176470588,67,263,3619,1.6910267933983254e-05,8.938476875045214e-07,1.6910267933983254e-05,8.938476875045214e-07,0.0107926888144865,0.0005703120968539,0.0063424203000613,2.7880217445499517e-06,rnd,0.1,0,RND (beta=0.1)
25000,0.059,0.13768,0.9852941176470588,67,263,3678,1.74019685538828e-05,1.5978757860775112e-06,1.74019685538828e-05,1.5978757860775112e-06,0.0113234057049781,0.00103882933458,0.0060965912478859,2.6851914001326804e-06,rnd,0.1,0,RND (beta=0.1)
26000,0.03,0.1335384615384615,0.9852941176470588,67,263,3708,1.4016384496547591e-05,5.356961423492826e-07,1.4016384496547591e-05,5.356961423492826e-07,0.0092828296165897,0.0003548762440289,0.0056870608355966,2.523927210916099e-06,rnd,0.1,0,RND (beta=0.1)
27000,0.122,0.1331111111111111,0.9852941176470588,67,264,3831,1.3822357075577068e-05,3.3572462944334283e-06,1.3822357075577068e-05,3.3572462944334283e-06,0.0093450012012299,0.0022713739887251,0.00558568677539,2.4527248037315986e-06,rnd,0.1,0,RND (beta=0.1)
28000,0.079,0.1311785714285714,0.9852941176470588,67,264,3910,1.4204634968751356e-05,1.080274850333617e-06,1.4204634968751356e-05,1.080274850333617e-06,0.0097987745136637,0.0007386320877898,0.0053156427607173,2.4208950993624967e-06,rnd,0.1,0,RND (beta=0.1)
29000,0.287,0.136551724137931,0.9852941176470588,67,264,4197,1.3167020151360594e-05,2.892096490022002e-07,1.3167020151360594e-05,2.892096490022002e-07,0.0092024125257032,0.0002024673225515,0.0050173649359494,2.402044274617765e-06,rnd,0.1,0,RND (beta=0.1)
30000,0.173,0.1377666666666666,0.9852941176470588,67,264,4370,1.2916582255914264e-05,4.006119816264229e-07,1.2916582255914264e-05,4.006119816264229e-07,0.0091656534996957,0.0002852590195338,0.0046923853339394,2.367766311408559e-06,rnd,0.1,0,RND (beta=0.1)
31000,0.256,0.1415806451612903,0.9852941176470588,67,264,4626,1.3235758075325066e-05,3.1726896917546346e-07,1.3235758075325066e-05,3.1726896917546346e-07,0.0095670636117397,0.0002295119484473,0.0044828979714657,2.359810553457464e-06,rnd,0.1,0,RND (beta=0.1)
32000,0.407,0.149875,0.9852941176470588,67,264,5033,1.3490007429051756e-05,2.871038995407184e-07,1.3490007429051756e-05,2.871038995407184e-07,0.0099083357676424,0.0002102958013027,0.0044783676327206,2.3630771682405794e-06,rnd,0.1,0,RND (beta=0.1)
33000,0.289,0.154090909090909,0.9852941176470588,67,264,5322,1.3529465822666114e-05,1.955309054796717e-07,1.3529465822666114e-05,1.955309054796717e-07,0.0100610526476217,0.0001457532861049,0.0045431962983566,2.4275278184973104e-06,rnd,0.1,0,RND (beta=0.1)
34000,0.486,0.1638529411764706,0.9852941176470588,67,264,5808,1.2881504685706372e-05,2.451418121708405e-07,1.2881504685706372e-05,2.451418121708405e-07,0.0097427333011971,0.000185207043839,0.0041686630437179,2.4651189555697785e-06,rnd,0.1,0,RND (beta=0.1)
35000,0.459,0.1722857142857143,0.9852941176470588,67,264,6267,1.2649280381761035e-05,2.7463006674610145e-07,1.2649280381761035e-05,2.7463006674610145e-07,0.0096997380688534,0.00021044363777,0.0041329713261802,2.536558747010531e-06,rnd,0.1,0,RND (beta=0.1)
36000,0.369,0.17775,0.9852941176470588,67,264,6636,1.2605184710893443e-05,2.2754673411715615e-07,1.2605184710893443e-05,2.2754673411715615e-07,0.0098070399220905,0.0001768073326695,0.0041607966009469,2.609688180882585e-06,rnd,0.1,0,RND (beta=0.1)
37000,0.129,0.1764324324324324,0.9852941176470588,67,264,6765,1.180874358735394e-05,1.9189548804218693e-07,1.180874358735394e-05,1.9189548804218693e-07,0.0092878650526186,0.0001512058512202,0.0038349515376903,2.55610468263967e-06,rnd,0.1,0,RND (beta=0.1)
38000,0.176,0.1764210526315789,0.9852941176470588,67,264,6941,1.3119448836236684e-05,2.044007834359773e-07,1.3119448836236684e-05,2.044007834359773e-07,0.0104804599876764,0.0001631865457119,0.0037571861942706,2.515772544711581e-06,rnd,0.1,0,RND (beta=0.1)
39000,0.222,0.1775897435897435,0.9852941176470588,67,264,7163,1.236663161672278e-05,1.866146121379532e-07,1.236663161672278e-05,1.866146121379532e-07,0.0099895197892326,0.0001509146326337,0.0036619797348976,2.5158116940247054e-06,rnd,0.1,0,RND (beta=0.1)
40000,0.389,0.182875,0.9852941176470588,67,264,7552,1.163658025993018e-05,2.035704594194205e-07,1.163658025993018e-05,2.035704594194205e-07,0.0095328010324114,0.0001666345555317,0.0037137230753141,2.506323805619104e-06,rnd,0.1,0,RND (beta=0.1)
41000,0.183,0.1828780487804878,0.9852941176470588,67,264,7735,1.1668481392867174e-05,2.763863007846346e-07,1.1668481392867174e-05,2.763863007846346e-07,0.0096720642127774,0.0002289818878624,0.0035902368173119,2.505018101146561e-06,rnd,0.1,0,RND (beta=0.1)
42000,0.26,0.1847142857142857,0.9852941176470588,67,264,7995,1.1885047470409169e-05,2.2487082457733297e-07,1.1885047470409169e-05,2.2487082457733297e-07,0.0099733743831431,0.0001884518542904,0.0033311697664175,2.4389870903860355e-06,rnd,0.1,0,RND (beta=0.1)
43000,0.459,0.1910930232558139,0.9852941176470588,67,264,8454,1.188944572201955e-05,2.3249755590301962e-07,1.188944572201955e-05,2.3249755590301962e-07,0.0100919948791637,0.0001971381672516,0.003302227532331,2.4897123038272182e-06,rnd,0.1,0,RND (beta=0.1)
44000,0.155,0.1902727272727272,0.9852941176470588,67,264,8609,1.1951116202028297e-05,2.270652127219886e-07,1.1951116202028297e-05,2.270652127219886e-07,0.0102616115475265,0.0001947144523078,0.0033107301107665,2.493511991588093e-06,rnd,0.1,0,RND (beta=0.1)
45000,0.206,0.1906222222222222,0.9852941176470588,67,264,8815,1.1897992403779092e-05,2.427677948643548e-07,1.1897992403779092e-05,2.427677948643548e-07,0.0103083936652331,0.0002106605681427,0.0031858601580606,2.4781271157507946e-06,rnd,0.1,0,RND (beta=0.1)
46000,0.078,0.1881739130434782,0.9852941176470588,67,264,8893,1.1004393254319066e-05,1.655868339586566e-07,1.1004393254319066e-05,1.655868339586566e-07,0.0096737432222448,0.0001451615233761,0.0031255054961366,2.4129418564484697e-06,rnd,0.1,0,RND (beta=0.1)
47000,0.465,0.194063829787234,0.9852941176470588,67,264,9358,1.0625569588208688e-05,1.9402432082996729e-07,1.0625569588208688e-05,1.9402432082996729e-07,0.0094116259411313,0.0001720233235699,0.0029815245788486,2.4470288167322e-06,rnd,0.1,0,RND (beta=0.1)
48000,0.677,0.204125,0.9852941176470588,67,264,10035,1.0584549982940372e-05,2.128812855255863e-07,1.0584549982940372e-05,2.128812855255863e-07,0.0094736159142954,0.0001909723626151,0.0028775918144237,2.5199257860322177e-06,rnd,0.1,0,RND (beta=0.1)
49000,0.628,0.2127755102040816,0.9852941176470588,67,264,10663,9.841189752924442e-06,1.8894396403490562e-07,9.841189752924442e-06,1.8894396403490562e-07,0.0089025385975127,0.0001708818685362,0.002944931646678,2.561089587516108e-06,rnd,0.1,0,RND (beta=0.1)
50000,0.177,0.21206,0.9852941176470588,67,264,10840,9.702833122351404e-06,1.775696518481205e-07,9.702833122351404e-06,1.775696518481205e-07,0.0088669768741052,0.0001622424758898,0.0028248021251201,2.5850728229670494e-06,rnd,0.1,0,RND (beta=0.1)
51000,0.149,0.2108235294117647,0.9852941176470588,67,264,10989,1.0167095196504074e-05,1.4833178581071757e-07,1.0167095196504074e-05,1.4833178581071757e-07,0.0093779866005148,0.0001368616655719,0.0015725624825572,2.4989782451712018e-06,rnd,0.1,0,RND (beta=0.1)
52000,0.081,0.208326923076923,0.9852941176470588,67,264,11070,1.0311975007358274e-05,1.6116668969913444e-07,1.0311975007358274e-05,1.6116668969913444e-07,0.0095946028900863,0.0001501920548692,0.0002370186143234,2.484782196745528e-06,rnd,0.1,0,RND (beta=0.1)
53000,0.306,0.2101698113207547,0.9852941176470588,67,264,11376,1.0678857335816704e-05,1.5988155764538236e-07,1.0678857335816704e-05,1.5988155764538236e-07,0.0100360933369499,0.0001504039983628,0.0001363326480022,2.4871497098502005e-06,rnd,0.1,0,RND (beta=0.1)
54000,0.083,0.2078148148148148,0.9852941176470588,67,264,11459,1.353694371124242e-05,1.4533846974676106e-07,1.353694371124242e-05,1.4533846974676106e-07,0.0128682721426869,0.000137942305852,9.820485476302566e-05,2.4879518484794973e-06,rnd,0.1,0,RND (beta=0.1)
55000,0.581,0.2146,0.9852941176470588,67,264,12040,1.1905863603870237e-05,3.6661032983611353e-07,1.1905863603870237e-05,3.6661032983611353e-07,0.011407962995895,0.0003508448918203,9.29090594563604e-05,2.439693051599079e-06,rnd,0.1,0,RND (beta=0.1)
56000,0.618,0.2218035714285714,0.9852941176470588,67,264,12658,1.3147873185716949e-05,4.743282867493142e-07,1.3147873185716949e-05,4.743282867493142e-07,0.0126945097513274,0.0004592501246142,7.481117699717289e-05,2.5909095034535314e-06,rnd,0.1,0,RND (beta=0.1)
57000,0.402,0.2249649122807017,0.9852941176470588,67,264,13060,1.1344064876140864e-05,2.872281903424713e-07,1.1344064876140864e-05,2.872281903424713e-07,0.0110595844501655,0.0002800049810942,7.145484933789703e-05,2.641687321215613e-06,rnd,0.1,0,RND (beta=0.1)
58000,0.225,0.2249655172413793,0.9852941176470588,67,264,13285,1.1429954519270622e-05,2.224385181189944e-07,1.1429954519270622e-05,2.224385181189944e-07,0.0112385587009037,0.000218682749378,6.612266721276682e-05,2.661241703549422e-06,rnd,0.1,0,RND (beta=0.1)
59000,0.174,0.2241016949152542,0.9852941176470588,67,264,13459,1.0062674770476102e-05,2.2573747293480297e-07,1.0062674770476102e-05,2.2573747293480297e-07,0.0099803620180064,0.0002238234679136,6.081479786735144e-05,2.6343268839355006e-06,rnd,0.1,0,RND (beta=0.1)
60000,0.124,0.2224333333333333,0.9852941176470588,67,264,13583,1.020073326315234e-05,1.555013429112834e-07,1.020073326315234e-05,1.555013429112834e-07,0.0101995496697815,0.0001554274313616,5.491963825625135e-05,2.5378738001791133e-06,rnd,0.1,0,RND (beta=0.1)
61000,0.398,0.225311475409836,0.9852941176470588,67,264,13981,1.028588635746023e-05,1.8296319738998254e-07,1.028588635746023e-05,1.8296319738998254e-07,0.0103660196342575,0.0001844507570242,3.728932942613028e-05,2.617368179130608e-06,rnd,0.1,0,RND (beta=0.1)
62000,0.124,0.2236774193548387,0.9852941176470588,67,264,14105,9.899782229137688e-06,1.977557957956639e-07,9.899782229137688e-06,1.977557957956639e-07,0.0100520896266126,0.0002009626043162,3.3728264382261844e-05,2.561863683752108e-06,rnd,0.1,0,RND (beta=0.1)
63000,0.361,0.2258571428571428,0.9852941176470588,67,264,14466,1.00976053879127e-05,3.069050499426017e-06,1.00976053879127e-05,3.069050499426017e-06,0.0103412574749271,0.003147216495287,3.245904616960615e-05,2.5745161788108817e-06,rnd,0.1,0,RND (beta=0.1)
64000,0.324,0.227390625,0.9852941176470588,67,265,14791,1.1100240561675344e-05,7.776768319216042e-06,1.1100240561675344e-05,7.776768319216042e-06,0.011458049230528,0.0080292373702099,4.890699185034464e-05,2.6154722889941694e-06,rnd,0.1,0,RND (beta=0.1)
65000,0.343,0.2291692307692307,0.9852941176470588,67,265,15134,1.0566555350816029e-05,3.84964227977541e-06,1.0566555350816029e-05,3.84964227977541e-06,0.0109827600154937,0.0040168418388951,3.007420516178172e-05,2.66499435406331e-06,rnd,0.1,0,RND (beta=0.1)
66000,0.484,0.233030303030303,0.9852941176470588,67,265,15618,1.1572255952468223e-05,3.665241639359065e-06,1.1572255952468223e-05,3.665241639359065e-06,0.0121320960617717,0.0038358922250115,8.224965097997483e-05,2.737810117423578e-06,rnd,0.1,0,RND (beta=0.1)
67000,0.762,0.2409253731343283,0.9852941176470588,67,265,16380,1.047096492759841e-05,2.8198072326050664e-07,1.047096492759841e-05,2.8198072326050664e-07,0.0110568845494442,0.0002977121214932,0.0001026888495307,2.7708838404123524e-06,rnd,0.1,0,RND (beta=0.1)
68000,0.808,0.2492647058823529,0.9852941176470588,67,265,17188,1.036183808376354e-05,3.156019406554596e-07,1.036183808376354e-05,3.156019406554596e-07,0.0110218897025435,0.0003359837766069,0.0001410718143024,2.846700615236841e-06,rnd,0.1,0,RND (beta=0.1)
69000,0.141,0.247695652173913,0.9852941176470588,67,265,17329,9.06288703761494e-06,3.2444308051873807e-06,9.06288703761494e-06,3.2444308051873807e-06,0.009708753149173,0.0034728529281402,7.843747618699127e-05,2.900826714835602e-06,rnd,0.1,0,RND (beta=0.1)
70000,0.214,0.2472142857142857,0.9852941176470588,67,265,17543,9.589716149595373e-06,4.10434815978186e-06,9.589716149595373e-06,4.10434815978186e-06,0.0103348449861996,0.0044317636395973,8.309890158943745e-05,2.879607205045431e-06,rnd,0.1,0,RND (beta=0.1)
71000,0.296,0.2479014084507042,0.9852941176470588,67,266,17840,1.0375384632068843e-05,6.579723514578038e-06,1.0375384632068843e-05,6.579723514578038e-06,0.0112846796693648,0.0071447280385125,5.106773069201154e-05,2.912083494948092e-06,rnd,0.1,0,RND (beta=0.1)
72000,0.497,0.2513611111111111,0.9852941176470588,67,266,18337,9.629618392282428e-06,1.701574470577104e-06,9.629618392282428e-06,1.701574470577104e-06,0.010541918014211,0.00185833344338,4.378906604233634e-05,3.022876070417624e-06,rnd,0.1,0,RND (beta=0.1)
73000,0.013,0.2480958904109589,0.9852941176470588,67,266,18350,8.590020570409251e-06,4.627932672015197e-07,8.590020570409251e-06,4.627932672015197e-07,0.0094501132808528,0.000510003813334,3.862913625471265e-05,3.0158089363112594e-06,rnd,0.1,0,RND (beta=0.1)
74000,0.005,0.2448108108108108,0.9852941176470588,67,266,18355,1.1208154046471465e-05,1.5986031219433732e-06,1.1208154046471465e-05,1.5986031219433732e-06,0.0124277558560269,0.0017716751559906,3.311192216688141e-05,2.981271517569439e-06,rnd,0.1,0,RND (beta=0.1)
75000,0.029,0.2419333333333333,0.9852941176470588,67,266,18384,1.12982552623023e-05,2.6183908724542715e-06,1.12982552623023e-05,2.6183908724542715e-06,0.0126220323482007,0.0029228688960479,3.651477912535483e-05,2.965008754017617e-06,rnd,0.1,0,RND (beta=0.1)
76000,0.04,0.2392763157894737,0.9852941176470588,67,266,18424,1.078185039204982e-05,1.3145087912391772e-06,1.078185039204982e-05,1.3145087912391772e-06,0.0120887018351779,0.0014773818592759,3.952684756313829e-05,2.931272040427757e-06,rnd,0.1,0,RND (beta=0.1)
77000,0.005,0.2362337662337662,0.9852941176470588,67,266,18429,1.107525185943814e-05,5.087284412138387e-07,1.107525185943814e-05,5.087284412138387e-07,0.0125241159008146,0.0005753494261978,3.0631289225311776e-05,2.916406983331399e-06,rnd,0.1,0,RND (beta=0.1)
78000,0.009,0.2333205128205128,0.9852941176470588,67,266,18438,1.1336381552003637e-05,3.104218565811756e-07,1.1336381552003637e-05,3.104218565811756e-07,0.0128997562415879,0.0003534375144247,2.334502551502737e-05,2.8243832406360525e-06,rnd,0.1,0,RND (beta=0.1)
79000,0.022,0.2306455696202531,0.9852941176470588,67,266,18460,9.540178160188423e-06,3.093266824189444e-06,9.540178160188423e-06,3.093266824189444e-06,0.0109225323728041,0.0035450182334503,4.0532491177145856e-05,2.803719812163763e-06,rnd,0.1,0,RND (beta=0.1)
80000,0.095,0.22895,0.9852941176470588,67,266,18555,1.0096018027788409e-05,2.2951519914286915e-06,1.0096018027788409e-05,2.2951519914286915e-06,0.0116485427140657,0.002650767624153,3.335504480492091e-05,2.7659818058509698e-06,rnd,0.1,0,RND (beta=0.1)
81000,0.013,0.2262839506172839,0.9852941176470588,67,266,18568,1.021198993210139e-05,7.4764521607870414e-06,1.021198993210139e-05,7.4764521607870414e-06,0.0118523994415477,0.0086765988707231,3.725821110765537e-05,2.776389354835373e-06,rnd,0.1,0,RND (beta=0.1)
82000,0.069,0.2243658536585366,0.9852941176470588,67,266,18637,8.324273250658788e-06,4.0279613790129325e-06,8.324273250658788e-06,4.0279613790129325e-06,0.0097110221611784,0.0046983370147958,3.254138630745729e-05,2.770738856497701e-06,rnd,0.1,0,RND (beta=0.1)
83000,0.011,0.2217951807228915,0.9852941176470588,67,266,18648,8.864407391229179e-06,1.198915598341922e-06,8.864407391229179e-06,1.198915598341922e-06,0.0104085708239183,0.0014079035171089,2.7528234783403603e-05,2.638630437104439e-06,rnd,0.1,0,RND (beta=0.1)
84000,0.009,0.2192619047619047,0.9852941176470588,67,266,18657,9.188785447299271e-06,1.3558394658612734e-06,9.188785447299271e-06,1.3558394658612734e-06,0.0108580657144936,0.0016000704053069,4.1675486066651504e-05,2.5633146591417243e-06,rnd,0.1,0,RND (beta=0.1)
85000,0.047,0.217235294117647,0.9852941176470588,67,266,18704,9.59159192558566e-06,7.095363163039907e-07,9.59159192558566e-06,7.095363163039907e-07,0.0113943319541683,0.0008433227007659,3.65452500000174e-05,2.4806976268791917e-06,rnd,0.1,0,RND (beta=0.1)
86000,0.007,0.2147906976744186,0.9852941176470588,67,266,18711,8.541146468944913e-06,1.8608272175343151e-06,8.541146468944913e-06,1.8608272175343151e-06,0.010212234722492,0.0022246629561557,4.6390991426960685e-05,2.401867759999732e-06,rnd,0.1,0,RND (beta=0.1)
87000,0.017,0.2125172413793103,0.9852941176470588,67,266,18728,9.592818648396882e-06,1.1636211699911884e-06,9.592818648396882e-06,1.1636211699911884e-06,0.011535838356142,0.0013980402247688,3.767674759001238e-05,2.3566301665596257e-06,rnd,0.1,0,RND (beta=0.1)
88000,0.026,0.2103977272727272,0.9852941176470588,67,266,18754,8.913168777815792e-06,1.0093192843406062e-06,8.913168777815792e-06,1.0093192843406062e-06,0.0107728689045605,0.0012201487114757,4.181119298982594e-05,2.3269348209282725e-06,rnd,0.1,0,RND (beta=0.1)
89000,0.009,0.2081348314606741,0.9852941176470588,67,266,18763,1.0291894947537609e-05,1.5464121905060678e-06,1.0291894947537609e-05,1.5464121905060678e-06,0.0125247105811573,0.0018801097442078,2.906129913071709e-05,2.3079434304804635e-06,rnd,0.1,0,RND (beta=0.1)
90000,0.071,0.2066111111111111,0.9852941176470588,67,266,18834,9.96963928346432e-06,8.327523159217414e-07,9.96963928346432e-06,8.327523159217414e-07,0.0121969132266877,0.0010175653787872,2.6755875444450795e-05,2.2416432341287877e-06,rnd,0.1,0,RND (beta=0.1)
91000,0.031,0.2046813186813186,0.9852941176470588,67,266,18865,8.76503121793165e-06,7.472342274167897e-07,8.76503121793165e-06,7.472342274167897e-07,0.010783629575887,0.0009184381998516,2.9103478745582835e-05,2.176853341836704e-06,rnd,0.1,0,RND (beta=0.1)
92000,0.01,0.2025652173913043,0.9852941176470588,67,266,18875,9.03315290088358e-06,1.0931455838141863e-06,9.03315290088358e-06,1.0931455838141863e-06,0.0111581041075029,0.0013500891990654,2.6215615375349445e-05,2.1458844523749578e-06,rnd,0.1,0,RND (beta=0.1)
93000,0.017,0.2005698924731182,0.9852941176470588,67,266,18892,8.969591496733141e-06,2.947323882083306e-07,8.969591496733141e-06,2.947323882083306e-07,0.0111459786666033,0.0003661843684717,1.6657676188515323e-05,2.0881928451785825e-06,rnd,0.1,0,RND (beta=0.1)
94000,0.01,0.1985425531914893,0.9852941176470588,67,266,18902,7.860333107601037e-06,1.5700987998859016e-07,7.860333107601037e-06,1.5700987998859016e-07,0.0098168811645764,0.0001961313129783,2.5152112147225126e-05,1.9951190963070075e-06,rnd,0.1,0,RND (beta=0.1)
95000,0.018,0.1966421052631579,0.9852941176470588,67,266,18920,9.545300195491614e-06,1.4729521745106428e-06,9.545300195491614e-06,1.4729521745106428e-06,0.011982877451323,0.0018495593880723,1.758157685776496e-05,1.936210981455133e-06,rnd,0.1,0,RND (beta=0.1)
96000,0.037,0.1949791666666666,0.9852941176470588,67,266,18957,6.931950399637178e-06,1.2711507104104494e-06,6.931950399637178e-06,1.2711507104104494e-06,0.0087433079840218,0.0016043699935317,3.209176290420146e-05,1.941237917264971e-06,rnd,0.1,0,RND (beta=0.1)
97000,0.02,0.1931752577319587,0.9852941176470588,67,266,18977,9.147505579676364e-06,1.0814184447446691e-06,9.147505579676364e-06,1.0814184447446691e-06,0.0116077770260465,0.0013712161223815,1.344590792064082e-05,1.903167668615424e-06,rnd,0.1,0,RND (beta=0.1)
98000,0.024,0.1914489795918367,0.9852941176470588,67,266,19001,8.920853891443889e-06,1.3190152346965544e-06,8.920853891443889e-06,1.3190152346965544e-06,0.0113789017398588,0.0016811373896432,1.150637702903623e-05,1.830840512013765e-06,rnd,0.1,0,RND (beta=0.1)
99000,0.032,0.1898383838383838,0.9852941176470588,67,266,19033,6.958899305686828e-06,2.109213258220909e-06,6.958899305686828e-06,2.109213258220909e-06,0.008917182751952,0.0027039802759679,1.8951156187995367e-05,1.7269844037741678e-06,rnd,0.1,0,RND (beta=0.1)
100000,0.009,0.18803,0.9852941176470588,67,266,19042,1.026026661242617e-05,1.3261807059374343e-06,1.026026661242617e-05,1.3261807059374343e-06,0.0132127750334765,0.0017075241961102,1.6081861559769095e-05,1.700253443686961e-06,rnd,0.1,0,RND (beta=0.1)
1000,0.16,0.16,0.7352941176470589,50,171,310,0.0106378331896848,0.0090537758156036,0.0106378331896848,0.0090537758156036,4.764761612534527,4.958018304234968,0.1846517622470855,0.0089379688724875,rnd,0.1,1,RND (beta=0.1)
2000,0.155,0.1575,0.8235294117647058,56,197,488,0.0010735580254995,0.0004313532763585,0.0010735580254995,0.0004313532763585,0.6346045422058313,0.2205389906923077,0.0309207357587292,0.0005078505812707,rnd,0.1,1,RND (beta=0.1)
3000,0.08,0.1316666666666666,0.8823529411764706,60,226,595,0.0001126042153373,5.9661692261630856e-05,0.0001126042153373,5.9661692261630856e-05,0.0250604013836024,0.0131922912309284,0.0261735428664833,5.33741459967132e-05,rnd,0.1,1,RND (beta=0.1)
4000,0.214,0.15225,0.8970588235294118,61,230,813,7.098483731050836e-05,2.7562724877375455e-05,7.098483731050836e-05,2.7562724877375455e-05,0.0169298588698672,0.0065341729619649,0.0247766053583472,2.9555522000009655e-05,rnd,0.1,1,RND (beta=0.1)
5000,0.067,0.1352,0.9264705882352942,63,240,890,5.2738230317742426e-05,2.3814191286951617e-05,5.2738230317742426e-05,2.3814191286951617e-05,0.0136051619204127,0.006124915983973,0.0232014145264402,1.975140246668161e-05,rnd,0.1,1,RND (beta=0.1)
6000,0.186,0.1436666666666666,0.9264705882352942,63,243,1079,4.221317919561237e-05,9.752660954926254e-06,4.221317919561237e-05,9.752660954926254e-06,0.0116250466495142,0.0026791048411215,0.0212761587705463,1.4461733459484094e-05,rnd,0.1,1,RND (beta=0.1)
7000,0.18,0.1488571428571428,0.9411764705882352,64,248,1264,3.553521494015715e-05,1.1626888617157176e-05,3.553521494015715e-05,1.1626888617157176e-05,0.0104475481161116,0.0033890845117542,0.0183334713960066,1.1478371486191464e-05,rnd,0.1,1,RND (beta=0.1)
8000,0.109,0.143875,0.9411764705882352,64,248,1373,3.203660972599835e-05,5.547944699908148e-06,3.203660972599835e-05,5.547944699908148e-06,0.0099722277174691,0.001740870861814,0.0164389735748991,9.081040730052337e-06,rnd,0.1,1,RND (beta=0.1)
9000,0.153,0.1448888888888889,0.9411764705882352,64,248,1526,3.0166488465148452e-05,3.4524917370413627e-06,3.0166488465148452e-05,3.4524917370413627e-06,0.0099775953468505,0.0011344568659364,0.0146635464504361,7.474954147710378e-06,rnd,0.1,1,RND (beta=0.1)
10000,0.145,0.1449,0.9558823529411764,65,257,1679,2.739896345105833e-05,1.189334457875947e-05,2.739896345105833e-05,1.189334457875947e-05,0.0094225670458969,0.0040958643292235,0.0134910570117644,6.917615676684363e-06,rnd,0.1,1,RND (beta=0.1)
11000,0.186,0.1486363636363636,0.9558823529411764,65,257,1865,2.432789813767197e-05,2.650292978267118e-06,2.432789813767197e-05,2.650292978267118e-06,0.0087863889887253,0.0009525491747276,0.0123967706726398,6.203429470133415e-06,rnd,0.1,1,RND (beta=0.1)
12000,0.158,0.1494166666666666,0.9558823529411764,65,257,2023,2.362932369993083e-05,3.763695822961261e-06,2.362932369993083e-05,3.763695822961261e-06,0.0089000457943938,0.0014023393710402,0.0118644487909041,5.61429908361788e-06,rnd,0.1,1,RND (beta=0.1)
13000,0.206,0.1537692307692307,0.9558823529411764,65,257,2229,2.344314560069656e-05,2.612472872027222e-06,2.344314560069656e-05,2.612472872027222e-06,0.0091243808861264,0.0010215631470741,0.0111464603119529,5.220825516516925e-06,rnd,0.1,1,RND (beta=0.1)
14000,0.294,0.1637857142857142,0.9558823529411764,65,257,2523,2.2106442024252617e-05,1.5084955918179006e-06,2.2106442024252617e-05,1.5084955918179006e-06,0.0089522587371995,0.0006059034468885,0.0107139278311515,4.900412444158064e-06,rnd,0.1,1,RND (beta=0.1)
15000,0.198,0.1660666666666666,0.9705882352941176,66,261,2725,2.0023126645089243e-05,1.2268316658554696e-05,2.0023126645089243e-05,1.2268316658554696e-05,0.0083945352775479,0.0051195193930801,0.0105386416657129,4.923099543248099e-06,rnd,0.1,1,RND (beta=0.1)
16000,0.161,0.16575,0.9852941176470588,67,266,2891,1.9745529017702933e-05,4.466519446114267e-06,1.9745529017702933e-05,4.466519446114267e-06,0.0085058067720136,0.0019224821197453,0.0101107665100134,4.8542106997047085e-06,rnd,0.1,1,RND (beta=0.1)
17000,0.128,0.1635294117647059,0.9852941176470588,67,266,3019,1.7913225519805565e-05,4.613854785283226e-06,1.7913225519805565e-05,4.613854785283226e-06,0.0079373470262975,0.0020459625695269,0.0102099290969781,4.622879697990357e-06,rnd,0.1,1,RND (beta=0.1)
18000,0.086,0.1592222222222222,0.9852941176470588,67,266,3105,1.9428489564276343e-05,4.124232855105925e-06,1.9428489564276343e-05,4.124232855105925e-06,0.0088391313191947,0.0018689565782671,0.0101593980197794,4.416613107309786e-06,rnd,0.1,1,RND (beta=0.1)
19000,0.074,0.1547368421052631,0.9852941176470588,67,266,3179,1.9123723558476667e-05,2.657318466722377e-06,1.9123723558476667e-05,2.657318466722377e-06,0.0089393656205667,0.0012485564120479,0.0104709600654896,4.119098044384373e-06,rnd,0.1,1,RND (beta=0.1)
20000,0.042,0.1491,1.0,68,269,3224,1.8698263840546825e-05,3.424972425630698e-06,1.8698263840546825e-05,3.424972425630698e-06,0.0089664275046967,0.0016325657570364,0.0104545924119884,3.911065998977392e-06,rnd,0.1,1,RND (beta=0.1)
21000,0.031,0.1434761904761904,1.0,68,269,3255,1.8826914041006423e-05,2.5859866279715254e-06,1.8826914041006423e-05,2.5859866279715254e-06,0.0092003477708926,0.0012665476557121,0.0100889170981245,3.78252239113408e-06,rnd,0.1,1,RND (beta=0.1)
22000,0.043,0.1389090909090909,1.0,68,269,3298,1.821460122046965e-05,2.7583807326905967e-06,1.821460122046965e-05,2.7583807326905967e-06,0.0091565736225188,0.0013831368140806,0.0098628860665485,3.5194045555044795e-06,rnd,0.1,1,RND (beta=0.1)
23000,0.028,0.1340869565217391,1.0,68,269,3326,1.688713515639912e-05,2.436589126977919e-06,1.688713515639912e-05,2.436589126977919e-06,0.00861236749613,0.001249618731009,0.0084714822449022,3.351426324343265e-06,rnd,0.1,1,RND (beta=0.1)
24000,0.146,0.1345833333333333,1.0,68,269,3472,1.7277068832611317e-05,1.435812296852142e-06,1.7277068832611317e-05,1.435812296852142e-06,0.0090630424893737,0.0007514774073072,0.0080226357755018,3.183943050316884e-06,rnd,0.1,1,RND (beta=0.1)
25000,0.087,0.13268,1.0,68,269,3559,1.737826084337584e-05,1.0640121189251222e-06,1.737826084337584e-05,1.0640121189251222e-06,0.009281151162782,0.0005668259013702,0.0077451635948382,3.046787813445917e-06,rnd,0.1,1,RND (beta=0.1)
26000,0.093,0.1311538461538461,1.0,68,269,3652,1.6125582220332925e-05,1.3034783742475704e-06,1.6125582220332925e-05,1.3034783742475704e-06,0.0087699606795397,0.0007096228019292,0.007343204693403,2.931232484797874e-06,rnd,0.1,1,RND (beta=0.1)
27000,0.412,0.1415555555555555,1.0,68,269,4064,1.654207328313541e-05,9.745649676589705e-07,1.654207328313541e-05,9.745649676589705e-07,0.009162689449512,0.0005388675441143,0.0071458362516714,2.977722676746453e-06,rnd,0.1,1,RND (beta=0.1)
28000,0.152,0.1419285714285714,1.0,68,269,4216,1.7402531924696968e-05,1.064356723327284e-06,1.7402531924696968e-05,1.064356723327284e-06,0.0098147367591697,0.0005995018228562,0.0065593081508413,2.9526655462177585e-06,rnd,0.1,1,RND (beta=0.1)
29000,0.051,0.1387931034482758,1.0,68,269,4267,1.58898125008301e-05,2.170618441896012e-06,1.58898125008301e-05,2.170618441896012e-06,0.0090574802324585,0.0012475651403742,0.0066726600816473,2.869334576587334e-06,rnd,0.1,1,RND (beta=0.1)
30000,0.139,0.1388,1.0,68,269,4406,1.7248045129471386e-05,6.639608076123187e-07,1.7248045129471386e-05,6.639608076123187e-07,0.0100678047950188,0.0003865296005825,0.0062248738503549,2.8258777688279223e-06,rnd,0.1,1,RND (beta=0.1)
31000,0.238,0.142,1.0,68,269,4644,1.5662901568393556e-05,3.6262192536673625e-07,1.5662901568393556e-05,3.6262192536673625e-07,0.0093003316859516,0.0002149565138274,0.006372738200589,2.7596740586659506e-06,rnd,0.1,1,RND (beta=0.1)
32000,0.122,0.141375,1.0,68,269,4766,1.6244695606489034e-05,4.82868079245367e-07,1.6244695606489034e-05,4.82868079245367e-07,0.0097651213913578,0.0002899999761393,0.0056467780033126,2.7445540154076296e-06,rnd,0.1,1,RND (beta=0.1)
33000,0.152,0.1416969696969697,1.0,68,269,4918,1.483049974718884e-05,2.1809171232059449e-07,1.483049974718884e-05,2.1809171232059449e-07,0.0090695368210163,0.0001332760698107,0.0056325787271489,2.640658421398712e-06,rnd,0.1,1,RND (beta=0.1)
34000,0.035,0.1385588235294117,1.0,68,269,4953,1.382457434634229e-05,3.6137582014301453e-07,1.382457434634229e-05,3.6137582014301453e-07,0.0085784153540259,0.0002235965324063,0.0052849936524871,2.606811525708963e-06,rnd,0.1,1,RND (beta=0.1)
35000,0.069,0.1365714285714285,1.0,68,269,5022,1.476156195575891e-05,4.658417603239103e-07,1.476156195575891e-05,4.658417603239103e-07,0.0092971626408341,0.0002928994448771,0.0053054069626959,2.4661632284050937e-06,rnd,0.1,1,RND (beta=0.1)
36000,0.044,0.134,1.0,68,269,5066,1.443265867609708e-05,4.025745286659228e-07,1.443265867609708e-05,4.025745286659228e-07,0.0091913148355969,0.0002573163142831,0.0051619450972066,2.4077140466829404e-06,rnd,0.1,1,RND (beta=0.1)
37000,0.031,0.1312162162162162,1.0,68,269,5097,1.4395747976161675e-05,4.910696882187991e-07,1.4395747976161675e-05,4.910696882187991e-07,0.0093199628790926,0.0003171559146652,0.005175658647262,2.2978446507977422e-06,rnd,0.1,1,RND (beta=0.1)
38000,0.072,0.1296578947368421,1.0,68,269,5169,1.453207261824395e-05,1.895350446743306e-07,1.453207261824395e-05,1.895350446743306e-07,0.009524070478816,0.0001241583148388,0.0050879965372732,2.253851496107018e-06,rnd,0.1,1,RND (beta=0.1)
39000,0.017,0.1267692307692307,1.0,68,269,5186,1.4413038784636336e-05,3.388515270423095e-07,1.4413038784636336e-05,3.388515270423095e-07,0.0095573492102745,0.0002247148631018,0.0050411337808473,2.221320511750946e-06,rnd,0.1,1,RND (beta=0.1)
40000,0.041,0.124625,1.0,68,269,5227,1.43050078139179e-05,6.43249167240227e-07,1.43050078139179e-05,6.43249167240227e-07,0.0096069842919937,0.0004330329313476,0.0049434194713248,2.1347579408939054e-06,rnd,0.1,1,RND (beta=0.1)
41000,0.034,0.1224146341463414,1.0,68,269,5261,1.4349824328639764e-05,1.2883142942498412e-06,1.4349824328639764e-05,1.2883142942498412e-06,0.0097534991009343,0.0008757418518185,0.0052630399070912,2.1008111960441057e-06,rnd,0.1,1,RND (beta=0.1)
42000,0.025,0.1200952380952381,1.0,68,269,5286,1.450561920137261e-05,1.0846461466138489e-06,1.450561920137261e-05,1.0846461466138489e-06,0.0099868542317295,0.0007460681973425,0.0051124389821779,2.0806351652709053e-06,rnd,0.1,1,RND (beta=0.1)
43000,0.013,0.1176046511627907,1.0,68,269,5299,1.4140907296678051e-05,1.734522912986523e-06,1.4140907296678051e-05,1.734522912986523e-06,0.0098457158894421,0.0012072596247305,0.0046960176404681,2.0026033555495813e-06,rnd,0.1,1,RND (beta=0.1)
44000,0.055,0.1161818181818181,1.0,68,271,5355,1.2892228592549642e-05,1.4053552057154014e-06,1.2892228592549642e-05,1.4053552057154014e-06,0.0090906111432494,0.0009872052510383,0.0047491871684323,2.0184192992473982e-06,rnd,0.1,1,RND (beta=0.1)
45000,0.21,0.1182666666666666,1.0,68,271,5565,1.3494257306471506e-05,2.030662807733293e-06,1.3494257306471506e-05,2.030662807733293e-06,0.0096016855280245,0.0014460910050778,0.0043014406825532,1.9939450385209056e-06,rnd,0.1,1,RND (beta=0.1)
46000,0.09,0.1176521739130434,1.0,68,271,5655,1.3594238220725353e-05,6.335657692448291e-07,1.3594238220725353e-05,6.335657692448291e-07,0.0097821540931364,0.0004557633154493,0.0041967331693449,2.0028266671943127e-06,rnd,0.1,1,RND (beta=0.1)
47000,0.092,0.1171063829787234,1.0,68,271,5747,1.3582363882723376e-05,6.855424033674723e-07,1.3582363882723376e-05,6.855424033674723e-07,0.0098765329513105,0.0004983970920518,0.0040427743501495,1.9343869154226924e-06,rnd,0.1,1,RND (beta=0.1)
48000,0.022,0.115125,1.0,68,271,5769,1.2990074579151536e-05,5.200655304795795e-07,1.2990074579151536e-05,5.200655304795795e-07,0.0095516269316481,0.000382326525899,0.0041383682010637,1.878452243204265e-06,rnd,0.1,1,RND (beta=0.1)
49000,0.021,0.113204081632653,1.0,68,271,5790,1.5214348336268726e-05,3.779540047633305e-07,1.5214348336268726e-05,3.779540047633305e-07,0.0113158768783029,0.0002808526420434,0.0039830770429107,1.868799301036006e-06,rnd,0.1,1,RND (beta=0.1)
50000,0.068,0.1123,1.0,68,271,5858,1.3741988783187802e-05,5.040703827445804e-07,1.3741988783187802e-05,5.040703827445804e-07,0.0102991289710519,0.00037817123412,0.0037587741860188,1.7976740429617166e-06,rnd,0.1,1,RND (beta=0.1)
51000,0.011,0.110313725490196,1.0,68,271,5869,1.2514327450348487e-05,1.910870850097664e-07,1.2514327450348487e-05,1.910870850097664e-07,0.0094807532801691,0.0001445587128362,0.0023680178174836,1.7595101618326223e-06,rnd,0.1,1,RND (beta=0.1)
52000,0.016,0.1085,1.0,68,271,5885,1.1573517582519344e-05,1.534044454608883e-07,1.1573517582519344e-05,1.534044454608883e-07,0.0088457403880236,0.0001172642832142,0.0008344538521923,1.6929941677403803e-06,rnd,0.1,1,RND (beta=0.1)
53000,0.024,0.1069056603773584,1.0,68,271,5909,1.190383179997904e-05,4.168418593539816e-07,1.190383179997904e-05,4.168418593539816e-07,0.0091832414065888,0.0003217982849994,0.0007443069194268,1.6906147566260189e-06,rnd,0.1,1,RND (beta=0.1)
54000,0.02,0.1052962962962962,1.0,68,271,5929,1.343147021088953e-05,1.4062427072816514e-06,1.343147021088953e-05,1.4062427072816514e-06,0.0104603044267864,0.0010946010744584,0.0006071915166685,1.6231738608780689e-06,rnd,0.1,1,RND (beta=0.1)
55000,0.01,0.1035636363636363,1.0,68,271,5939,1.2210834665893344e-05,9.2931236170801e-07,1.2210834665893344e-05,9.2931236170801e-07,0.0095978565597528,0.0007296965386848,0.0005124776878219,1.5714332686513898e-06,rnd,0.1,1,RND (beta=0.1)
56000,0.018,0.1020357142857142,1.0,68,271,5957,1.3063464545363482e-05,1.3945013379382396e-06,1.3063464545363482e-05,1.3945013379382396e-06,0.0103733022085893,0.0011052691000831,0.0003955546572178,1.553491982434707e-06,rnd,0.1,1,RND (beta=0.1)
57000,0.022,0.1006315789473684,1.0,68,271,5979,1.2603795932425948e-05,6.609300152442961e-07,1.2603795932425948e-05,6.609300152442961e-07,0.0100811513573906,0.0005281609126124,0.0003125955310097,1.5037650267117896e-06,rnd,0.1,1,RND (beta=0.1)
58000,0.016,0.0991724137931034,1.0,68,271,5995,1.181180226694778e-05,5.453989178404387e-07,1.181180226694778e-05,5.453989178404387e-07,0.0095249652275054,0.000439617532706,0.0002683477980353,1.4686093000761958e-06,rnd,0.1,1,RND (beta=0.1)
59000,0.012,0.0976949152542372,1.0,68,271,6007,1.1921030591111048e-05,4.2788106146477654e-07,1.1921030591111048e-05,4.2788106146477654e-07,0.0096990030972744,0.0003482541437653,0.0002543518672864,1.4209238305227244e-06,rnd,0.1,1,RND (beta=0.1)
60000,0.017,0.09635,1.0,68,271,6024,1.271845988359179e-05,1.2970677908215285e-06,1.271845988359179e-05,1.2970677908215285e-06,0.0104349518241187,0.0010641315354067,0.000219038734187,1.3598337155258375e-06,rnd,0.1,1,RND (beta=0.1)
61000,0.01,0.0949344262295081,1.0,68,271,6034,1.0965300680254586e-05,1.2164937180312843e-06,1.0965300680254586e-05,1.2164937180312843e-06,0.0090655541745824,0.0010057712391419,0.0001626143810281,1.3275524783296078e-06,rnd,0.1,1,RND (beta=0.1)
62000,0.012,0.0935967741935484,1.0,68,271,6046,1.1545884945007856e-05,4.556961169831899e-07,1.1545884945007856e-05,4.556961169831899e-07,0.0096300996708337,0.0003795755882531,0.0001371098197214,1.2711721636406992e-06,rnd,0.1,1,RND (beta=0.1)
63000,0.012,0.0923015873015873,1.0,68,271,6058,1.1964712674246888e-05,1.4055277619272596e-06,1.1964712674246888e-05,1.4055277619272596e-06,0.0100557105346791,0.0011806399462424,9.847704049025197e-05,1.2295179507759713e-06,rnd,0.1,1,RND (beta=0.1)
64000,0.044,0.091546875,1.0,68,271,6102,1.2738776914292512e-05,9.985482058845316e-07,1.2738776914292512e-05,9.985482058845316e-07,0.0107985795639166,0.0008455679904872,9.85434541835275e-05,1.125830728483379e-06,rnd,0.1,1,RND (beta=0.1)
65000,0.016,0.0903846153846153,1.0,68,271,6118,1.0997303803605972e-05,8.117363615388825e-07,1.0997303803605972e-05,8.117363615388825e-07,0.0093968362785873,0.0006924033521073,6.657177078432142e-05,1.1289306612383145e-06,rnd,0.1,1,RND (beta=0.1)
66000,0.147,0.0912424242424242,1.0,68,271,6265,1.1854487202443272e-05,6.026828371926734e-07,1.1854487202443272e-05,6.026828371926734e-07,0.0102105875290965,0.0005179808482984,6.384539337159368e-05,1.0723353946673342e-06,rnd,0.1,1,RND (beta=0.1)
67000,0.038,0.0904477611940298,1.0,68,271,6303,1.2591460338291271e-05,3.0604911219587454e-07,1.2591460338291271e-05,3.0604911219587454e-07,0.0108873139539922,0.0002650729641928,7.163810951169581e-05,1.0317203238372486e-06,rnd,0.1,1,RND (beta=0.1)
68000,0.109,0.0907205882352941,1.0,68,271,6412,1.2761947542090938e-05,2.378687439711502e-07,1.2761947542090938e-05,2.378687439711502e-07,0.0111320109930417,0.0002075752009045,6.01478650005447e-05,1.0217177461271376e-06,rnd,0.1,1,RND (beta=0.1)
69000,0.043,0.0900289855072463,1.0,68,271,6455,1.1295264854663062e-05,1.904649917054727e-07,1.1295264854663062e-05,1.904649917054727e-07,0.009928708509941,0.0001674042692182,5.23445388644177e-05,1.0307709539176811e-06,rnd,0.1,1,RND (beta=0.1)
70000,0.178,0.0912857142857142,1.0,68,271,6633,1.2138572381016356e-05,2.2793147905242803e-07,1.2138572381016356e-05,2.2793147905242803e-07,0.0107442114967349,0.0002017897358627,4.514979857231083e-05,1.0179465873676463e-06,rnd,0.1,1,RND (beta=0.1)
71000,0.206,0.0929014084507042,1.0,68,271,6839,1.2551564530493354e-05,1.781212281594653e-07,1.2551564530493354e-05,1.781212281594653e-07,0.0111979892599676,0.0001587959718865,6.319763174178661e-05,1.0267157988010922e-06,rnd,0.1,1,RND (beta=0.1)
72000,0.035,0.0920972222222222,1.0,68,271,6874,1.3900392774043472e-05,1.8444271177031626e-07,1.3900392774043472e-05,1.8444271177031626e-07,0.0124787372101582,0.0001655588665322,4.335522260589642e-05,1.053899149454196e-06,rnd,0.1,1,RND (beta=0.1)
73000,0.083,0.091972602739726,1.0,68,271,6957,1.4150535108971112e-05,4.223163313260746e-07,1.4150535108971112e-05,4.223163313260746e-07,0.0127907402036342,0.0003811361506187,3.472013692589826e-05,1.043965060176788e-06,rnd,0.1,1,RND (beta=0.1)
74000,0.026,0.091081081081081,1.0,68,271,6983,1.3016701639291849e-05,5.055173711017609e-07,1.3016701639291849e-05,5.055173711017609e-07,0.0118375905330654,0.0004598441686212,3.421656535465445e-05,1.030497560421395e-06,rnd,0.1,1,RND (beta=0.1)
75000,0.024,0.0901866666666666,1.0,68,271,7007,1.094980634282668e-05,7.271422202901916e-07,1.094980634282668e-05,7.271422202901916e-07,0.0100265577307556,0.000665791578775,6.071632539897109e-05,1.0152059589785268e-06,rnd,0.1,1,RND (beta=0.1)
76000,0.01,0.0891315789473684,1.0,68,271,7017,1.057126660271024e-05,3.397177589723892e-07,1.057126660271024e-05,3.397177589723892e-07,0.0097490603415701,0.000313101240781,2.5444897225042952e-05,9.678610402374945e-07,rnd,0.1,1,RND (beta=0.1)
77000,0.405,0.0932337662337662,1.0,68,271,7422,1.1488080183510275e-05,4.024478784242642e-07,1.1488080183510275e-05,4.024478784242642e-07,0.0106540203596529,0.0003740196069375,4.520185293858958e-05,9.604884272960137e-07,rnd,0.1,1,RND (beta=0.1)
78000,0.129,0.0936923076923076,1.0,68,271,7551,1.2380692553488753e-05,3.976246362025498e-07,1.2380692553488753e-05,3.976246362025498e-07,0.0115685290494639,0.0003712328740197,3.476706422407005e-05,9.606253604914628e-07,rnd,0.1,1,RND (beta=0.1)
79000,0.39,0.0974430379746835,1.0,68,271,7941,1.2090871744546278e-05,9.274666324910464e-07,1.2090871744546278e-05,9.274666324910464e-07,0.0113791958338486,0.0008713638945786,2.621427929307174e-05,9.841827902477009e-07,rnd,0.1,1,RND (beta=0.1)
80000,0.084,0.097275,1.0,68,271,8025,1.2400906890824054e-05,7.453373530164162e-07,1.2400906890824054e-05,7.453373530164162e-07,0.0117223365248675,0.0007052451895165,2.2468362109975715e-05,1.0259953812550294e-06,rnd,0.1,1,RND (beta=0.1)
81000,0.03,0.0964444444444444,1.0,68,271,8055,1.2680512827500934e-05,2.630327319911182e-07,1.2680512827500934e-05,2.630327319911182e-07,0.0120767192032845,0.0002502767055862,3.503034767800273e-05,9.818507295591417e-07,rnd,0.1,1,RND (beta=0.1)
82000,0.221,0.0979634146341463,1.0,68,271,8276,1.330757453516892e-05,1.362921078714415e-07,1.330757453516892e-05,1.362921078714415e-07,0.0127382945340132,0.0001304772204218,2.839756004004812e-05,9.276243217470892e-07,rnd,0.1,1,RND (beta=0.1)
83000,0.188,0.0990481927710843,1.0,68,271,8464,1.301056435285647e-05,3.2679198658345814e-07,1.301056435285647e-05,3.2679198658345814e-07,0.0125315614538935,0.0003149442125719,3.3490678286852926e-05,9.39575498179579e-07,rnd,0.1,1,RND (beta=0.1)
84000,0.041,0.0983571428571428,1.0,68,271,8505,1.1641870736550516e-05,5.175787894003318e-07,1.1641870736550516e-05,5.175787894003318e-07,0.011277141764041,0.0005016618240585,3.0674311045459034e-05,9.469548661797944e-07,rnd,0.1,1,RND (beta=0.1)
85000,0.019,0.0974235294117647,1.0,68,271,8524,1.105738422330959e-05,4.123340259007009e-07,1.105738422330959e-05,4.123340259007009e-07,0.0107794576678607,0.0004018849249215,3.4692897098921095e-05,9.340903157948332e-07,rnd,0.1,1,RND (beta=0.1)
86000,0.072,0.0971279069767441,1.0,68,271,8596,1.2347507047631249e-05,3.225956748092049e-07,1.2347507047631249e-05,3.225956748092049e-07,0.0121254898099637,0.0003165874053568,4.834549114184483e-05,9.410197845767244e-07,rnd,0.1,1,RND (beta=0.1)
87000,0.012,0.0961494252873563,1.0,68,271,8608,1.1210978338264493e-05,1.4423853722747492e-07,1.1210978338264493e-05,1.4423853722747492e-07,0.0110529634494587,0.0001420931673573,2.021561342940004e-05,9.266160799086264e-07,rnd,0.1,1,RND (beta=0.1)
88000,0.014,0.095215909090909,1.0,68,271,8622,1.0057301713979022e-05,2.396349830419491e-07,1.0057301713979022e-05,2.396349830419491e-07,0.0099645045470423,0.0002376396653029,3.099757344352838e-05,9.262100435023512e-07,rnd,0.1,1,RND (beta=0.1)
89000,0.013,0.0942921348314606,1.0,68,271,8635,1.1861645047107371e-05,3.889308312087357e-07,1.1861645047107371e-05,3.889308312087357e-07,0.0118314085042362,0.0003877665826976,2.3801621476650325e-05,9.027531314984572e-07,rnd,0.1,1,RND (beta=0.1)
90000,0.016,0.0934222222222222,1.0,68,271,8651,9.862886798828184e-06,1.644996361429057e-06,9.862886798828184e-06,1.644996361429057e-06,0.0098908101517253,0.0016516452154942,3.555023738863383e-05,8.978797621495004e-07,rnd,0.1,1,RND (beta=0.1)
91000,0.114,0.0936483516483516,1.0,68,271,8765,1.1799525561416473e-05,3.5297994388443017e-07,1.1799525561416473e-05,3.5297994388443017e-07,0.011906122606798,0.0003560026467858,3.27435236376914e-05,8.977900144770956e-07,rnd,0.1,1,RND (beta=0.1)
92000,0.018,0.0928260869565217,1.0,68,271,8783,1.1340504165168062e-05,1.0322888206297075e-06,1.1340504165168062e-05,1.0322888206297075e-06,0.0114787861098611,0.0010468983798355,2.501456922027501e-05,9.223101197761708e-07,rnd,0.1,1,RND (beta=0.1)
93000,0.005,0.0918817204301075,1.0,68,271,8788,1.2888668243249412e-05,8.900197070951533e-07,1.2888668243249412e-05,8.900197070951533e-07,0.0131338759365508,0.0009069070925943,2.179194936206841e-05,8.995196508152503e-07,rnd,0.1,1,RND (beta=0.1)
94000,0.006,0.0909680851063829,1.0,68,271,8794,1.3029638466832694e-05,3.958832236211171e-07,1.3029638466832694e-05,3.958832236211171e-07,0.0133564722009251,0.000405735716861,2.8823757460941123e-05,8.816875713080208e-07,rnd,0.1,1,RND (beta=0.1)
95000,0.131,0.0913894736842105,1.0,68,271,8925,1.1337449033803508e-05,2.33270719478775e-07,1.1337449033803508e-05,2.33270719478775e-07,0.0116875180985932,0.0002401762742083,2.555502044970126e-05,8.722784611876478e-07,rnd,0.1,1,RND (beta=0.1)
96000,0.011,0.0905520833333333,1.0,68,271,8936,1.0681340427254328e-05,3.042604614884173e-07,1.0681340427254328e-05,3.042604614884173e-07,0.0110567824540194,0.000315026119023,2.519632629764601e-05,8.637338718813226e-07,rnd,0.1,1,RND (beta=0.1)
97000,0.01,0.089721649484536,1.0,68,271,8946,1.185497121696244e-05,1.7768150320939137e-07,1.185497121696244e-05,1.7768150320939137e-07,0.0123284404616849,0.0001848893738483,1.915731847589086e-05,8.17059180924673e-07,rnd,0.1,1,RND (beta=0.1)
98000,0.005,0.0888571428571428,1.0,68,271,8951,9.86553914117394e-06,2.979930277173658e-07,9.86553914117394e-06,2.979930277173658e-07,0.0103265388010945,0.0003119356192789,2.4579175833423505e-05,8.31956271611034e-07,rnd,0.1,1,RND (beta=0.1)
99000,0.018,0.0881414141414141,1.0,68,271,8969,1.2296823418485776e-05,4.399965982833808e-07,1.2296823418485776e-05,4.399965982833808e-07,0.0129293776977438,0.0004622074088758,1.6748052443517736e-05,8.221713681137999e-07,rnd,0.1,1,RND (beta=0.1)
100000,0.033,0.08759,1.0,68,271,9002,1.28779186001559e-05,2.275880381075857e-07,1.28779186001559e-05,2.275880381075857e-07,0.0136170253786458,0.0002404477337278,1.7131816022583736e-05,7.916098102569435e-07,rnd,0.1,1,RND (beta=0.1)
1000,0.135,0.135,0.7352941176470589,50,169,281,0.0077525682367936,0.0074542634689782,0.0077525682367936,0.0074542634689782,4.669019842135588,4.965190979229601,0.1451554596424102,0.0074830818921327,rnd,0.1,2,RND (beta=0.1)
2000,0.094,0.1145,0.7794117647058824,53,194,399,0.0011210118816265,0.0003683353763494,0.0011210118816265,0.0003683353763494,0.8303153490947003,0.275073327013423,0.026017823502887,0.000410000673808,rnd,0.1,2,RND (beta=0.1)
3000,0.194,0.141,0.7794117647058824,53,205,604,0.0001193883656633,3.590021908373316e-05,0.0001193883656633,3.590021908373316e-05,0.0330668468532647,0.0099656427568223,0.0266308582127094,4.395770870723936e-05,rnd,0.1,2,RND (beta=0.1)
4000,0.207,0.1575,0.7794117647058824,53,205,811,6.725457569700666e-05,1.2904138806131228e-05,6.725457569700666e-05,1.2904138806131228e-05,0.0199588244010509,0.0038241878124955,0.0243256872501224,2.3269393468581258e-05,rnd,0.1,2,RND (beta=0.1)
5000,0.085,0.143,0.7794117647058824,53,207,898,4.579189239045852e-05,1.641744948915278e-05,4.579189239045852e-05,1.641744948915278e-05,0.0147342828582651,0.0052830162943368,0.0213381391465663,1.4907898163983191e-05,rnd,0.1,2,RND (beta=0.1)
6000,0.201,0.1526666666666666,0.7794117647058824,53,207,1099,3.893772019132733e-05,2.218607319315488e-06,3.893772019132733e-05,2.218607319315488e-06,0.0133377146998908,0.0007644917956929,0.0190617952635511,1.0984036594891222e-05,rnd,0.1,2,RND (beta=0.1)
7000,0.105,0.1458571428571428,0.7794117647058824,53,209,1206,3.374602053684482e-05,6.28759567563096e-06,3.374602053684482e-05,6.28759567563096e-06,0.0123816791113811,0.0023286963229357,0.0179399797762744,8.219858687425585e-06,rnd,0.1,2,RND (beta=0.1)
8000,0.129,0.14375,0.9411764705882352,64,234,1358,2.7088284209745577e-05,1.0298362333367786e-05,2.7088284209745577e-05,1.0298362333367786e-05,0.0105460611596843,0.0040305315625503,0.0173662118883803,7.0414372405593895e-06,rnd,0.1,2,RND (beta=0.1)
9000,0.168,0.1464444444444444,0.9558823529411764,65,244,1536,2.496843755276738e-05,8.608596704083273e-06,2.496843755276738e-05,8.608596704083273e-06,0.0102618265182105,0.0035689200475289,0.0172447689832188,6.319050080037414e-06,rnd,0.1,2,RND (beta=0.1)
10000,0.12,0.1438,0.9558823529411764,65,244,1656,2.44304063016898e-05,1.791833480338764e-06,2.44304063016898e-05,1.791833480338764e-06,0.0104581250049695,0.0007784671271212,0.0162841928452253,5.7170740039964586e-06,rnd,0.1,2,RND (beta=0.1)
11000,0.053,0.1355454545454545,1.0,68,260,1723,2.3464188450576197e-05,1.1735528184818293e-05,2.3464188450576197e-05,1.1735528184818293e-05,0.0105513283444595,0.0053436765157212,0.0162369451415725,4.9911687649455416e-06,rnd,0.1,2,RND (beta=0.1)
12000,0.078,0.13075,1.0,68,263,1804,2.1588229792075417e-05,4.90939460440065e-06,2.1588229792075417e-05,4.90939460440065e-06,0.0101286579225869,0.0023100143289151,0.0169828176619485,4.829962952499045e-06,rnd,0.1,2,RND (beta=0.1)
13000,0.046,0.1242307692307692,1.0,68,263,1850,2.2026367392042985e-05,4.466672112740457e-06,2.2026367392042985e-05,4.466672112740457e-06,0.010694549956972,0.0021766090164063,0.0169099939409643,4.455492707847953e-06,rnd,0.1,2,RND (beta=0.1)
14000,0.053,0.1191428571428571,1.0,68,266,1906,2.195411745114537e-05,5.750609041662065e-06,2.195411745114537e-05,5.750609041662065e-06,0.011016717817041,0.0028954974554037,0.0172446664501912,4.050919096243888e-06,rnd,0.1,2,RND (beta=0.1)
15000,0.037,0.1136666666666666,1.0,68,271,1948,2.0044297786158935e-05,7.259383716279616e-06,2.0044297786158935e-05,7.259383716279616e-06,0.0103918471285699,0.0037926336516708,0.0171049796249717,3.7905313417923024e-06,rnd,0.1,2,RND (beta=0.1)
16000,0.084,0.1118125,1.0,68,271,2032,2.0046214038822132e-05,2.1611141600882626e-06,2.0046214038822132e-05,2.1611141600882626e-06,0.0107811806275877,0.001167374642776,0.0173152760551311,3.628498595617202e-06,rnd,0.1,2,RND (beta=0.1)
17000,0.051,0.108235294117647,1.0,68,271,2083,1.847665762576142e-05,4.485331945817026e-06,1.847665762576142e-05,4.485331945817026e-06,0.0102183596832409,0.0024918097661106,0.0177277185714337,3.377485622422682e-06,rnd,0.1,2,RND (beta=0.1)
18000,0.067,0.1059444444444444,1.0,68,271,2150,1.9216430565162476e-05,1.8482939945930687e-06,1.9216430565162476e-05,1.8482939945930687e-06,0.0108799830101093,0.0010451109367606,0.018137797912117,3.1903241684858587e-06,rnd,0.1,2,RND (beta=0.1)
19000,0.043,0.1026315789473684,1.0,68,271,2193,1.8166967567044916e-05,1.349012597515758e-06,1.8166967567044916e-05,1.349012597515758e-06,0.0106404278132368,0.0007877302338981,0.0169717506938613,2.9033921788368387e-06,rnd,0.1,2,RND (beta=0.1)
20000,0.039,0.09945,1.0,68,271,2232,1.56104750623434e-05,1.374998259935395e-06,1.56104750623434e-05,1.374998259935395e-06,0.009307115636175,0.0008171114327847,0.0165776186732109,2.7324264206072256e-06,rnd,0.1,2,RND (beta=0.1)
21000,0.029,0.0960952380952381,1.0,68,271,2261,1.821157118307571e-05,3.386652308492956e-06,1.821157118307571e-05,3.386652308492956e-06,0.011092127170998,0.0020772630005295,0.0152926106431987,2.57088933653904e-06,rnd,0.1,2,RND (beta=0.1)
22000,0.024,0.0928181818181818,1.0,68,271,2285,1.5753992670397565e-05,1.7988307725482366e-06,1.5753992670397565e-05,1.7988307725482366e-06,0.0098437053070743,0.0011328720532116,0.01406526403944,2.4723482152921863e-06,rnd,0.1,2,RND (beta=0.1)
23000,0.021,0.089695652173913,1.0,68,271,2306,1.538435190880028e-05,9.654880839013252e-07,1.538435190880028e-05,9.654880839013252e-07,0.0098716453706055,0.000618680608063,0.0120304673747159,2.3696733064184625e-06,rnd,0.1,2,RND (beta=0.1)
24000,0.011,0.0864166666666666,1.0,68,271,2317,1.4177358356061053e-05,6.363535256207423e-07,1.4177358356061053e-05,6.363535256207423e-07,0.0092810465633507,0.0004152488062378,0.0119663957287557,2.18930510482096e-06,rnd,0.1,2,RND (beta=0.1)
25000,0.024,0.08392,1.0,68,271,2341,1.3999018089331608e-05,5.101347295189943e-07,1.3999018089331608e-05,5.101347295189943e-07,0.0093478966648208,0.0003394895196691,0.0108892674928065,2.0171230904395544e-06,rnd,0.1,2,RND (beta=0.1)
26000,0.016,0.0813076923076923,1.0,68,271,2357,1.2367107558475254e-05,6.067280208939004e-07,1.2367107558475254e-05,6.067280208939004e-07,0.0084177052054359,0.0004117507654251,0.0093096317381132,1.929291841236136e-06,rnd,0.1,2,RND (beta=0.1)
27000,0.026,0.0792592592592592,1.0,68,271,2383,1.4121913077010852e-05,6.467820004785117e-07,1.4121913077010852e-05,6.467820004785117e-07,0.0097705496672429,0.0004475792186374,0.0087839835699414,1.804597230687932e-06,rnd,0.1,2,RND (beta=0.1)
28000,0.026,0.0773571428571428,1.0,68,271,2409,1.4463462880834972e-05,6.917031806759792e-07,1.4463462880834972e-05,6.917031806759792e-07,0.0102160332953536,0.0004873691948673,0.0078845240087248,1.697447659040563e-06,rnd,0.1,2,RND (beta=0.1)
29000,0.048,0.0763448275862068,1.0,68,271,2457,1.570932342550198e-05,4.571049620161287e-07,1.570932342550198e-05,4.571049620161287e-07,0.0112397934937046,0.0003272571916514,0.0068485166483442,1.65526620017431e-06,rnd,0.1,2,RND (beta=0.1)
30000,0.04,0.0751333333333333,1.0,68,271,2497,1.439954139641486e-05,4.074269741694003e-07,1.439954139641486e-05,4.074269741694003e-07,0.010496822457339,0.0002964389111481,0.0065449335157172,1.608685097352236e-06,rnd,0.1,2,RND (beta=0.1)
31000,0.037,0.0739032258064516,1.0,68,271,2534,1.541934001137191e-05,4.66570756358403e-07,1.541934001137191e-05,4.66570756358403e-07,0.011405450166252,0.0003451696922049,0.0059935438152169,1.5312392264661411e-06,rnd,0.1,2,RND (beta=0.1)
32000,0.03,0.07253125,1.0,68,271,2564,1.3858362171959015e-05,4.32935903924043e-07,1.3858362171959015e-05,4.32935903924043e-07,0.0104276438882164,0.0003250965145919,0.0057178517254651,1.4847713659378314e-06,rnd,0.1,2,RND (beta=0.1)
33000,0.106,0.0735454545454545,1.0,68,271,2670,1.4999809433713793e-05,3.3866931315727215e-07,1.4999809433713793e-05,3.3866931315727215e-07,0.01145474394006,0.0002581815104479,0.0055951982715632,1.4507993494135007e-06,rnd,0.1,2,RND (beta=0.1)
34000,0.101,0.0743529411764706,1.0,68,271,2771,1.577606060369128e-05,4.789618511734451e-07,1.577606060369128e-05,4.789618511734451e-07,0.0122220107726066,0.0003719143841839,0.0053137089088559,1.4207828503742804e-06,rnd,0.1,2,RND (beta=0.1)
35000,0.169,0.0770571428571428,1.0,68,271,2940,1.6120780673024064e-05,1.1613416540529808e-06,1.6120780673024064e-05,1.1613416540529808e-06,0.0126460429261389,0.0009155591752449,0.005039605178521,1.4362678817292365e-06,rnd,0.1,2,RND (beta=0.1)
36000,0.035,0.0758888888888889,1.0,68,271,2975,1.576743496635962e-05,1.739914444893466e-07,1.576743496635962e-05,1.739914444893466e-07,0.0125510143770765,0.0001384439805297,0.0049219577899202,1.4218319403767055e-06,rnd,0.1,2,RND (beta=0.1)
37000,0.072,0.0757837837837837,1.0,68,271,3047,1.5476849171136564e-05,1.302561134738252e-07,1.5476849171136564e-05,1.302561134738252e-07,0.0124526584075794,0.0001050317627231,0.0047095982050523,1.4056893518983315e-06,rnd,0.1,2,RND (beta=0.1)
38000,0.085,0.0760263157894736,1.0,68,271,3132,1.3503039404253394e-05,1.2851738219255128e-07,1.3503039404253394e-05,1.2851738219255128e-07,0.0110265276982945,0.000105034377749,0.0045390227877069,1.3507142900834878e-06,rnd,0.1,2,RND (beta=0.1)
39000,0.221,0.0797435897435897,1.0,68,271,3353,1.532000172477333e-05,1.487824779549737e-07,1.532000172477333e-05,1.487824779549737e-07,0.0126781029908448,0.0001231668896526,0.0043369020909885,1.40041071279029e-06,rnd,0.1,2,RND (beta=0.1)
40000,0.234,0.0836,1.0,68,271,3587,1.51793092280634e-05,1.7374093662453425e-07,1.51793092280634e-05,1.7374093662453425e-07,0.0127222364840526,0.0001456980762934,0.0043345358452061,1.4462451199790391e-06,rnd,0.1,2,RND (beta=0.1)
41000,0.097,0.0839268292682926,1.0,68,271,3684,1.3542894324477996e-05,1.487801993799626e-06,1.3542894324477996e-05,1.487801993799626e-06,0.0114952872353134,0.0012611465818892,0.0043526935412664,1.4583055320400717e-06,rnd,0.1,2,RND (beta=0.1)
42000,0.264,0.0882142857142857,1.0,68,271,3948,1.4153136796515106e-05,2.292182065556225e-07,1.4153136796515106e-05,2.292182065556225e-07,0.0121319695115728,0.0001972337322802,0.004714063413674,1.466391383246446e-06,rnd,0.1,2,RND (beta=0.1)
43000,0.238,0.0916976744186046,1.0,68,271,4186,1.249703028528942e-05,3.797060158741261e-07,1.249703028528942e-05,3.797060158741261e-07,0.0108567019521633,0.0003293015358333,0.0041932997726835,1.5060777771225276e-06,rnd,0.1,2,RND (beta=0.1)
44000,0.254,0.0953863636363636,1.0,68,271,4440,1.2655019434274924e-05,4.6079522292818053e-07,1.2655019434274924e-05,4.6079522292818053e-07,0.011116131878419,0.0004046721835204,0.0045711753119248,1.5465508001284434e-06,rnd,0.1,2,RND (beta=0.1)
45000,0.109,0.0956888888888888,1.0,68,271,4549,1.365468546315876e-05,2.105909401100908e-07,1.365468546315876e-05,2.105909401100908e-07,0.0121090861609685,0.0001871610528291,0.0043502150067943,1.5073456784477912e-06,rnd,0.1,2,RND (beta=0.1)
46000,0.082,0.095391304347826,1.0,68,271,4631,1.349825499080286e-05,6.694896815287872e-07,1.349825499080286e-05,6.694896815287872e-07,0.0120999464342365,0.0006006584603335,0.0041470483343291,1.5075756448368335e-06,rnd,0.1,2,RND (beta=0.1)
47000,0.123,0.0959787234042553,1.0,68,271,4754,1.5370784975805772e-05,6.176648061129037e-07,1.5370784975805772e-05,6.176648061129037e-07,0.0139518027054297,0.000558976228704,0.0043579576390038,1.520349530352405e-06,rnd,0.1,2,RND (beta=0.1)
48000,0.055,0.095125,1.0,68,271,4809,1.3463817942300176e-05,1.5668257501168966e-07,1.3463817942300176e-05,1.5668257501168966e-07,0.0123417326419621,0.0001436170808399,0.0039151692161103,1.5102233840025291e-06,rnd,0.1,2,RND (beta=0.1)
49000,0.057,0.0943469387755102,1.0,68,271,4866,1.4000747908364263e-05,4.369110285938803e-07,1.4000747908364263e-05,4.369110285938803e-07,0.0129722105390492,0.0004047437755938,0.0037618685415654,1.5018187853996778e-06,rnd,0.1,2,RND (beta=0.1)
50000,0.022,0.0929,1.0,68,271,4888,1.665453282839735e-05,9.96218266976392e-07,1.665453282839735e-05,9.96218266976392e-07,0.0155637907933345,0.0009315905775133,0.0037997164923872,1.4395303346361743e-06,rnd,0.1,2,RND (beta=0.1)
51000,0.013,0.0913333333333333,1.0,68,271,4901,1.606092903854845e-05,1.5354230032149088e-06,1.606092903854845e-05,1.5354230032149088e-06,0.0151946241322625,0.0014494469450708,0.0028217557446332,1.4308547690689011e-06,rnd,0.1,2,RND (beta=0.1)
52000,0.016,0.0898846153846153,1.0,68,271,4917,1.26281132963868e-05,6.371148760073412e-07,1.26281132963868e-05,6.371148760073412e-07,0.012037712896617,0.0006076009941468,0.0009523993452967,1.4016281037498855e-06,rnd,0.1,2,RND (beta=0.1)
53000,0.01,0.088377358490566,1.0,68,271,4927,1.3657623185281407e-05,8.108743062345036e-07,1.3657623185281407e-05,8.108743062345036e-07,0.013166058133271,0.0007809977101461,0.0007839630102243,1.345371173130161e-06,rnd,0.1,2,RND (beta=0.1)
54000,0.01,0.0869259259259259,1.0,68,271,4937,1.2884004718216602e-05,8.279355078675703e-07,1.2884004718216602e-05,8.279355078675703e-07,0.0125286255272805,0.0008046043291002,0.0006689095834735,1.3062404315888898e-06,rnd,0.1,2,RND (beta=0.1)
55000,0.01,0.0855272727272727,1.0,68,271,4947,1.1780973864006228e-05,5.70936251969068e-07,1.1780973864006228e-05,5.70936251969068e-07,0.0115595340855452,0.0005595134145876,0.0006884021759178,1.2708584816039091e-06,rnd,0.1,2,RND (beta=0.1)
56000,0.074,0.0853214285714285,1.0,68,271,5021,1.5029643427132632e-05,5.938577449097927e-07,1.5029643427132632e-05,5.938577449097927e-07,0.0148798019777401,0.0005877919912907,0.0006527503500838,1.2226192318536277e-06,rnd,0.1,2,RND (beta=0.1)
57000,0.043,0.084578947368421,1.0,68,271,5064,1.3919208614361408e-05,7.860017787560947e-07,1.3919208614361408e-05,7.860017787560947e-07,0.0138983324039963,0.0007836835831994,0.0006254235793239,1.1970564575420895e-06,rnd,0.1,2,RND (beta=0.1)
58000,0.093,0.0847241379310344,1.0,68,271,5157,1.3550765616141735e-05,5.826475002735202e-07,1.3550765616141735e-05,5.826475002735202e-07,0.0136404294311554,0.0005861579782891,0.0004910454852433,1.17987588899382e-06,rnd,0.1,2,RND (beta=0.1)
59000,0.039,0.0839491525423728,1.0,68,271,5196,1.5875037777918922e-05,3.8831280498959205e-07,1.5875037777918922e-05,3.8831280498959205e-07,0.0160889047243952,0.0003942477676806,0.0004017027996451,1.118111386560372e-06,rnd,0.1,2,RND (beta=0.1)
60000,0.061,0.0835666666666666,1.0,68,271,5257,1.061037521706522e-05,4.407863574157244e-07,1.061037521706522e-05,4.407863574157244e-07,0.0108677082169479,0.0004509632617015,0.0004334777879776,1.079819674956184e-06,rnd,0.1,2,RND (beta=0.1)
61000,0.024,0.0825901639344262,1.0,68,271,5281,1.301769238655955e-05,9.241826465058954e-07,1.301769238655955e-05,9.241826465058954e-07,0.0134115580530121,0.0009528233979565,0.0003959902508831,1.0930137550531073e-06,rnd,0.1,2,RND (beta=0.1)
62000,0.036,0.0818387096774193,1.0,68,271,5317,1.3379742136344754e-05,1.128383056554282e-07,1.3379742136344754e-05,1.128383056554282e-07,0.0139280801533487,0.0001173855449346,0.0003028333938927,1.0635586912286498e-06,rnd,0.1,2,RND (beta=0.1)
63000,0.028,0.0809841269841269,1.0,68,271,5345,1.3571605238991782e-05,3.447830095500611e-07,1.3571605238991782e-05,3.447830095500611e-07,0.0142472629517613,0.0003618691166557,0.0003035198349789,1.0481346740931486e-06,rnd,0.1,2,RND (beta=0.1)
64000,0.053,0.080546875,1.0,68,271,5398,1.4584890365922376e-05,5.847762536083831e-07,1.4584890365922376e-05,5.847762536083831e-07,0.015411415432434,0.0006178465245441,0.0002241249943781,1.0195294214554452e-06,rnd,0.1,2,RND (beta=0.1)
65000,0.17,0.0819230769230769,1.0,68,271,5568,1.5032154105403392e-05,5.423302776587987e-07,1.5032154105403392e-05,5.423302776587987e-07,0.0160162847578525,0.0005786224738973,0.0002093936789551,1.058576130432698e-06,rnd,0.1,2,RND (beta=0.1)
66000,0.058,0.081560606060606,1.0,68,271,5626,1.439487298206398e-05,1.1264351959522014e-06,1.439487298206398e-05,1.1264351959522014e-06,0.0154426843054878,0.0012089851376384,0.0002647568877837,1.1097407679301342e-06,rnd,0.1,2,RND (beta=0.1)
67000,0.022,0.0806716417910447,1.0,68,271,5648,1.333086497238996e-05,1.5245947470577472e-06,1.333086497238996e-05,1.5245947470577472e-06,0.0144140666847548,0.0016490263166825,0.0002177390784963,1.0441393274618349e-06,rnd,0.1,2,RND (beta=0.1)
68000,0.042,0.0801029411764705,1.0,68,271,5690,1.2293354291700995e-05,8.85573988068041e-08,1.2293354291700995e-05,8.85573988068041e-08,0.0134007867103087,9.64352151134388e-05,0.0002392831021315,1.0551962375586757e-06,rnd,0.1,2,RND (beta=0.1)
69000,0.049,0.0796521739130434,1.0,68,271,5739,1.2338669764677451e-05,3.04788770808846e-07,1.2338669764677451e-05,3.04788770808846e-07,0.0135361273765172,0.0003339943588886,0.0001799811496184,1.0213863649823909e-06,rnd,0.1,2,RND (beta=0.1)
70000,0.261,0.0822428571428571,1.0,68,271,6000,1.442888678064968e-05,1.0494616768884168e-06,1.442888678064968e-05,1.0494616768884168e-06,0.0159298519845413,0.0011607790210201,0.0001936712074402,1.1001558271175326e-06,rnd,0.1,2,RND (beta=0.1)
71000,0.534,0.0886056338028169,1.0,68,271,6534,1.515065942049738e-05,1.8221819016534088e-06,1.515065942049738e-05,1.8221819016534088e-06,0.0168560738213476,0.0020266050378535,0.0001499594321758,1.190233992474532e-06,rnd,0.1,2,RND (beta=0.1)
72000,0.279,0.09125,1.0,68,271,6813,1.3887972531798584e-05,1.3258096968896816e-06,1.3887972531798584e-05,1.3258096968896816e-06,0.0155512723130519,0.0014861459029932,0.0001193251558561,1.286006110319704e-06,rnd,0.1,2,RND (beta=0.1)
73000,0.072,0.090986301369863,1.0,68,271,6885,1.311954763928548e-05,6.489068332632982e-07,1.311954763928548e-05,6.489068332632982e-07,0.0147799199048703,0.0007321777807666,0.0001346699915748,1.3140033292415864e-06,rnd,0.1,2,RND (beta=0.1)
74000,0.108,0.0912162162162162,1.0,68,271,6993,1.2823280632835156e-05,8.628373590541225e-07,1.2823280632835156e-05,8.628373590541225e-07,0.014568382504971,0.0009801100197206,0.0001489759535215,1.3318737096312815e-06,rnd,0.1,2,RND (beta=0.1)
75000,0.016,0.0902133333333333,1.0,68,271,7009,1.3458395528687106e-05,1.3325889098605834e-06,1.3458395528687106e-05,1.3325889098605834e-06,0.0153732011332589,0.0015235935404922,0.0001477029144734,1.3453540180989876e-06,rnd,0.1,2,RND (beta=0.1)
76000,0.105,0.0904078947368421,1.0,68,271,7114,1.3960875934398724e-05,6.154269082945859e-07,1.3960875934398724e-05,6.154269082945859e-07,0.0160647919608754,0.000708295847459,0.0001188181599118,1.3619877811805735e-06,rnd,0.1,2,RND (beta=0.1)
77000,0.041,0.0897662337662337,1.0,68,271,7155,1.2277054604676711e-05,1.0656926677152266e-06,1.2277054604676711e-05,1.0656926677152266e-06,0.0142277200401793,0.0012346148389862,0.0001179986392944,1.3567055796386284e-06,rnd,0.1,2,RND (beta=0.1)
78000,0.171,0.0908076923076923,1.0,68,271,7326,1.3074381840532736e-05,4.1685881518824553e-07,1.3074381840532736e-05,4.1685881518824553e-07,0.015241530934731,0.0004858900874805,0.0001296403252308,1.3910232872262897e-06,rnd,0.1,2,RND (beta=0.1)
79000,0.069,0.0905316455696202,1.0,68,271,7395,1.3496068633052662e-05,4.383308105407017e-07,1.3496068633052662e-05,4.383308105407017e-07,0.015834922066413,0.0005140257699719,0.000101143288175,1.3838437037065888e-06,rnd,0.1,2,RND (beta=0.1)
80000,0.235,0.0923375,1.0,68,271,7630,1.2430029013596645e-05,4.831885415178343e-07,1.2430029013596645e-05,4.831885415178343e-07,0.0146780241479842,0.0005700493882793,9.117957237504016e-05,1.3718355968705964e-06,rnd,0.1,2,RND (beta=0.1)
81000,0.262,0.0944320987654321,1.0,68,271,7892,1.3267671001882569e-05,6.963247657874033e-07,1.3267671001882569e-05,6.963247657874033e-07,0.0157346264983105,0.000827263312309,0.0001028708205503,1.4423473794238362e-06,rnd,0.1,2,RND (beta=0.1)
82000,0.08,0.0942560975609756,1.0,68,271,7972,1.1727983900300386e-05,2.62467074845133e-07,1.1727983900300386e-05,2.62467074845133e-07,0.013996787867276,0.0003135799193276,0.0001150458595966,1.4605416683366456e-06,rnd,0.1,2,RND (beta=0.1)
83000,0.021,0.0933734939759036,1.0,68,271,7993,1.2381873429625384e-05,8.16781664427498e-07,1.2381873429625384e-05,8.16781664427498e-07,0.0148637489041466,0.0009818953440508,0.0001024584485021,1.4554498624193005e-06,rnd,0.1,2,RND (beta=0.1)
84000,0.186,0.0944761904761904,1.0,68,271,8179,1.3304184725496672e-05,3.171697551606714e-07,1.3304184725496672e-05,3.171697551606714e-07,0.0160947323648133,0.0003836056177492,9.571999566378509e-05,1.466149694593355e-06,rnd,0.1,2,RND (beta=0.1)
85000,0.379,0.0978235294117647,1.0,68,271,8558,1.2678207873480732e-05,8.714606256674872e-07,1.2678207873480732e-05,8.714606256674872e-07,0.0154331354447908,0.0010593825135909,8.153353052784951e-05,1.4573098081740454e-06,rnd,0.1,2,RND (beta=0.1)
86000,0.103,0.0978837209302325,1.0,68,271,8661,1.0668638799526304e-05,9.934708794723952e-07,1.0668638799526304e-05,9.934708794723952e-07,0.013056694480745,0.0012151757490111,0.0001094262610367,1.4728623754649562e-06,rnd,0.1,2,RND (beta=0.1)
87000,0.28,0.0999770114942528,1.0,68,271,8941,1.076527482837264e-05,8.205008612587821e-07,1.076527482837264e-05,8.205008612587821e-07,0.0132619903122238,0.001009101255719,0.0001091821137288,1.4871917550181023e-06,rnd,0.1,2,RND (beta=0.1)
88000,0.265,0.1018522727272727,1.0,68,271,9206,1.1543525079105166e-05,3.484939481142096e-07,1.1543525079105166e-05,3.484939481142096e-07,0.0142801575087246,0.0004311843868427,0.0001169498387407,1.5195505372105346e-06,rnd,0.1,2,RND (beta=0.1)
89000,0.621,0.1076853932584269,1.0,68,271,9827,1.0975184521512067e-05,2.8419487003646576e-07,1.0975184521512067e-05,2.8419487003646576e-07,0.0136594381739197,0.0003536314413775,8.537445312140335e-05,1.6037423661146022e-06,rnd,0.1,2,RND (beta=0.1)
90000,0.212,0.1088444444444444,1.0,68,271,10039,1.0586250336584854e-05,5.537407259719647e-07,1.0586250336584854e-05,5.537407259719647e-07,0.0132499908087204,0.0006928585932711,7.263200594661612e-05,1.626675424915902e-06,rnd,0.1,2,RND (beta=0.1)
91000,0.225,0.1101208791208791,1.0,68,271,10264,1.2161362705632604e-05,5.010979263565494e-07,1.2161362705632604e-05,5.010979263565494e-07,0.015289473721339,0.0006303158359187,7.436410253103532e-05,1.6206121973709745e-06,rnd,0.1,2,RND (beta=0.1)
92000,0.636,0.1158369565217391,1.0,68,271,10900,1.0602053316116388e-05,2.764317944657814e-07,1.0602053316116388e-05,2.764317944657814e-07,0.0134203267803008,0.0003492716197583,0.000112725533525,1.6812551410794186e-06,rnd,0.1,2,RND (beta=0.1)
93000,0.052,0.1151505376344086,1.0,68,271,10952,9.653925417296705e-06,4.516138494956129e-07,9.653925417296705e-06,4.516138494956129e-07,0.0122780224741313,0.0005737791795806,6.521802456927616e-05,1.6882080606990258e-06,rnd,0.1,2,RND (beta=0.1)
94000,0.047,0.1144255319148936,1.0,68,271,10999,1.1363940699239004e-05,3.9713956319859124e-07,1.1363940699239004e-05,3.9713956319859124e-07,0.0145288737243789,0.0005078622538047,5.479840063162556e-05,1.611518366303244e-06,rnd,0.1,2,RND (beta=0.1)
95000,0.063,0.1138842105263158,1.0,68,271,11062,1.1298665283123095e-05,1.1391703885286701e-07,1.1298665283123095e-05,1.1391703885286701e-07,0.0145364638215112,0.0001464176449892,6.073567797284341e-05,1.56413115374221e-06,rnd,0.1,2,RND (beta=0.1)
96000,0.034,0.1130520833333333,1.0,68,271,11096,1.013028214829854e-05,1.2191662003388292e-07,1.013028214829854e-05,1.2191662003388292e-07,0.0130958705482824,0.0001575421602729,5.575585138194583e-05,1.5794880814894442e-06,rnd,0.1,2,RND (beta=0.1)
97000,0.068,0.1125876288659793,1.0,68,271,11164,1.0110512308154498e-05,1.519990583832074e-07,1.0110512308154498e-05,1.519990583832074e-07,0.0131228757573085,0.0001974180297622,5.313343782381708e-05,1.5363065861038195e-06,rnd,0.1,2,RND (beta=0.1)
98000,0.03,0.1117448979591836,1.0,68,271,11194,1.011255191466868e-05,1.9981404916820535e-07,1.011255191466868e-05,1.9981404916820535e-07,0.0131922447323886,0.0002608245183351,6.257296283456526e-05,1.5128781864177651e-06,rnd,0.1,2,RND (beta=0.1)
99000,0.459,0.1152525252525252,1.0,68,271,11653,1.0830257833672149e-05,2.2814557986818677e-07,1.0830257833672149e-05,2.2814557986818677e-07,0.0142162144920681,0.0002992042646306,5.268488005413019e-05,1.5462816201079475e-06,rnd,0.1,2,RND (beta=0.1)
100000,0.725,0.12135,1.0,68,271,12378,1.1078597500304096e-05,1.53504235165449e-07,1.1078597500304096e-05,1.53504235165449e-07,0.0146094496705291,0.0002024349452954,5.712445021072199e-05,1.635191924862056e-06,rnd,0.1,2,RND (beta=0.1)
1000,0.156,0.156,0.5147058823529411,35,119,258,0.0060900552466941,0.0049795021641761,0.0060900552466941,0.0049795021641761,4.920968448932388,4.742271962329663,0.152347981929779,0.0050926986150443,rnd,0.1,3,RND (beta=0.1)
2000,0.172,0.164,0.7352941176470589,50,177,484,0.0004307694321459,0.0003244025164764,0.0004307694321459,0.0003244025164764,0.339158554818656,0.2900545437417474,0.0266009316537529,0.0003202801943152,rnd,0.1,3,RND (beta=0.1)
3000,0.186,0.1713333333333333,0.7647058823529411,52,188,679,9.087920547225162e-05,3.2966577892812185e-05,9.087920547225162e-05,3.2966577892812185e-05,0.0365040907025534,0.0131995601788464,0.0257132460847497,3.715436264792516e-05,rnd,0.1,3,RND (beta=0.1)
4000,0.156,0.1675,0.7941176470588235,54,196,842,5.210050651909954e-05,1.4726597856623795e-05,5.210050651909954e-05,1.4726597856623795e-05,0.0225048705200427,0.0062612341362775,0.0226983210584148,1.9598370643507223e-05,rnd,0.1,3,RND (beta=0.1)
5000,0.16,0.166,0.8529411764705882,58,220,1025,4.2620834096851465e-05,1.915373565600205e-05,4.2620834096851465e-05,1.915373565600205e-05,0.0195665250211555,0.008946034265015,0.0203081574700772,1.336701115951655e-05,rnd,0.1,3,RND (beta=0.1)
6000,0.145,0.1625,0.8529411764705882,58,221,1171,3.328558897668825e-05,7.504116105801799e-06,3.328558897668825e-05,7.504116105801799e-06,0.0166175906151661,0.0037182887515646,0.0181041364846751,1.0558795103406735e-05,rnd,0.1,3,RND (beta=0.1)
7000,0.153,0.1611428571428571,0.8529411764705882,58,223,1326,2.7674583310536808e-05,1.1909525082880788e-05,2.7674583310536808e-05,1.1909525082880788e-05,0.0147233129146524,0.0063113073573511,0.0160392197440378,8.582623055644945e-06,rnd,0.1,3,RND (beta=0.1)
8000,0.214,0.16775,0.8529411764705882,58,223,1540,2.653083861035063e-05,2.662731120166567e-06,2.653083861035063e-05,2.662731120166567e-06,0.0148929354930755,0.0015171948605861,0.0143762493082322,7.318320419244627e-06,rnd,0.1,3,RND (beta=0.1)
9000,0.161,0.167,0.9117647058823528,62,235,1713,2.355285190256972e-05,9.958359393527473e-06,2.355285190256972e-05,9.958359393527473e-06,0.0139817255167347,0.0058187304694294,0.0133444697507657,6.7138852116386265e-06,rnd,0.1,3,RND (beta=0.1)
10000,0.17,0.1673,0.9264705882352942,63,239,1887,2.2548769282045263e-05,7.950318470094146e-06,2.2548769282045263e-05,7.950318470094146e-06,0.0141413734166323,0.0048827853194494,0.0120271690788213,6.037219898189505e-06,rnd,0.1,3,RND (beta=0.1)
11000,0.14,0.1648181818181818,0.9264705882352942,63,239,2027,2.1308135878176213e-05,4.639879860185823e-06,2.1308135878176213e-05,4.639879860185823e-06,0.0138303920334777,0.0030121626788662,0.0112904744462575,5.453835597791112e-06,rnd,0.1,3,RND (beta=0.1)
12000,0.173,0.1655,0.9264705882352942,63,240,2201,2.0775583193242427e-05,7.805078166434953e-06,2.0775583193242427e-05,7.805078166434953e-06,0.0141099490742952,0.0052925752764537,0.0104059819509275,5.020697347390524e-06,rnd,0.1,3,RND (beta=0.1)
13000,0.239,0.1711538461538461,1.0,68,267,2464,2.0537571225032333e-05,2.127297093769305e-05,2.0537571225032333e-05,2.127297093769305e-05,0.0144635536859624,0.0149035265838423,0.0097660872138803,5.329275393705757e-06,rnd,0.1,3,RND (beta=0.1)
14000,0.436,0.1900714285714285,1.0,68,267,2900,1.940762973774343e-05,5.053128993440768e-07,1.940762973774343e-05,5.053128993440768e-07,0.0141383856572834,0.0003676584818004,0.0096393332310253,5.275954741136957e-06,rnd,0.1,3,RND (beta=0.1)
15000,0.393,0.2036,1.0,68,269,3295,1.7959314267379964e-05,4.6546396642710855e-06,1.7959314267379964e-05,4.6546396642710855e-06,0.0135452560839273,0.0034772865306793,0.0087990812566131,5.137624548979148e-06,rnd,0.1,3,RND (beta=0.1)
16000,0.339,0.2120625,1.0,68,269,3634,1.7741780555024084e-05,2.843063848547204e-06,1.7741780555024084e-05,2.843063848547204e-06,0.0137693655350754,0.0021889820267105,0.0082873499867273,5.039329000055659e-06,rnd,0.1,3,RND (beta=0.1)
17000,0.253,0.2144705882352941,1.0,68,269,3887,1.783652825669497e-05,3.6316813208525523e-07,1.783652825669497e-05,3.6316813208525523e-07,0.014235856609923,0.0002901606753097,0.007975180324749,4.8885429962410855e-06,rnd,0.1,3,RND (beta=0.1)
18000,0.449,0.2275,1.0,68,269,4336,1.6750360382522805e-05,4.017589684979953e-07,1.6750360382522805e-05,4.017589684979953e-07,0.0137436057755591,0.0003300668577928,0.0072802721101325,4.68959849104067e-06,rnd,0.1,3,RND (beta=0.1)
19000,0.189,0.2254736842105263,1.0,68,269,4525,1.589847810195082e-05,1.3375061802443915e-06,1.589847810195082e-05,1.3375061802443915e-06,0.0133251897362003,0.0011319987816046,0.0068798871698672,4.569500885736488e-06,rnd,0.1,3,RND (beta=0.1)
20000,0.22,0.2252,1.0,68,269,4745,1.5573969676552224e-05,3.7325801934629545e-07,1.5573969676552224e-05,3.7325801934629545e-07,0.013433184759208,0.0003223871782378,0.0065583838979364,4.356718064173037e-06,rnd,0.1,3,RND (beta=0.1)
21000,0.313,0.2293809523809523,1.0,68,269,5058,1.4463479536166249e-05,5.102041708966536e-07,1.4463479536166249e-05,5.102041708966536e-07,0.0127698298193551,0.0004497596596729,0.0062887969033326,4.249369752415077e-06,rnd,0.1,3,RND (beta=0.1)
22000,0.116,0.2242272727272727,1.0,68,269,5174,1.4612337685289746e-05,8.495059222825505e-07,1.4612337685289746e-05,8.495059222825505e-07,0.0131869789465882,0.0007715577200092,0.0060434260883484,4.095560338100767e-06,rnd,0.1,3,RND (beta=0.1)
23000,0.181,0.2223478260869565,1.0,68,269,5355,1.3799371364000974e-05,3.529763075038728e-07,1.3799371364000974e-05,3.529763075038728e-07,0.0127074468551752,0.0003269812878182,0.0056860295910737,3.95953233032742e-06,rnd,0.1,3,RND (beta=0.1)
24000,0.131,0.2185416666666666,1.0,68,269,5486,1.4324443549662474e-05,4.023577581605584e-07,1.4324443549662474e-05,4.023577581605584e-07,0.0135072701379036,0.0003781737796426,0.0054141037704539,3.776178219595749e-06,rnd,0.1,3,RND (beta=0.1)
25000,0.161,0.21624,1.0,68,269,5647,1.3275198353140291e-05,3.553704414028433e-07,1.3275198353140291e-05,3.553704414028433e-07,0.0127653285620127,0.0003425091361981,0.0052717733774334,3.635173065163144e-06,rnd,0.1,3,RND (beta=0.1)
26000,0.102,0.2118461538461538,1.0,68,269,5749,1.3767537331980694e-05,3.979602740371381e-07,1.3767537331980694e-05,3.979602740371381e-07,0.0134784054084598,0.0003906239599967,0.0050846708185563,3.5235282125540837e-06,rnd,0.1,3,RND (beta=0.1)
27000,0.04,0.2054814814814815,1.0,68,269,5789,1.3841941813552694e-05,1.6730285813763384e-06,1.3841941813552694e-05,1.6730285813763384e-06,0.013776848208761,0.0016714674933251,0.0049988276293734,3.3604332415961835e-06,rnd,0.1,3,RND (beta=0.1)
28000,0.055,0.2001071428571428,1.0,68,269,5844,1.3812006760748444e-05,8.866169300892613e-07,1.3812006760748444e-05,8.866169300892613e-07,0.0140208256445475,0.0008969166184412,0.0049225845786568,3.284781381353241e-06,rnd,0.1,3,RND (beta=0.1)
29000,0.024,0.1940344827586207,1.0,68,269,5868,1.2764750465521502e-05,1.6275834191358088e-06,1.2764750465521502e-05,1.6275834191358088e-06,0.0131633042766924,0.0016814343302424,0.0048223735901701,3.1041611275668404e-06,rnd,0.1,3,RND (beta=0.1)
30000,0.034,0.1887,1.0,68,269,5902,1.4647254762594993e-05,7.268439657997153e-07,1.4647254762594993e-05,7.268439657997153e-07,0.0153955694293502,0.0007628884938483,0.0045509154868486,2.988452795875673e-06,rnd,0.1,3,RND (beta=0.1)
31000,0.052,0.1842903225806451,1.0,68,270,5955,1.2089112120660362e-05,2.714706790899604e-06,1.2089112120660362e-05,2.714706790899604e-06,0.0129140061308844,0.0028883246266988,0.0046251198955578,2.959571712267461e-06,rnd,0.1,3,RND (beta=0.1)
32000,0.039,0.17975,1.0,68,270,5994,1.3029724822188608e-05,6.735791113148625e-07,1.3029724822188608e-05,6.735791113148625e-07,0.0141272558339443,0.0007295578102638,0.0044378410797507,2.8810346367436067e-06,rnd,0.1,3,RND (beta=0.1)
33000,0.043,0.1756060606060606,1.0,68,270,6037,1.231938728757763e-05,5.088348668001134e-07,1.231938728757763e-05,5.088348668001134e-07,0.0135617814200097,0.0005612484244508,0.0041221729714015,2.7232449870098208e-06,rnd,0.1,3,RND (beta=0.1)
34000,0.094,0.1732058823529411,1.0,68,270,6131,1.2596578297698796e-05,5.90372538039018e-07,1.2596578297698796e-05,5.90372538039018e-07,0.0140248601025901,0.0006604278452618,0.0039743436564458,2.631387920018824e-06,rnd,0.1,3,RND (beta=0.1)
35000,0.119,0.1716571428571428,1.0,68,270,6250,1.3238560898441524e-05,1.2577130682192392e-06,1.3238560898441524e-05,1.2577130682192392e-06,0.0149801590450037,0.001422435439427,0.003953420726757,2.602165347866503e-06,rnd,0.1,3,RND (beta=0.1)
36000,0.086,0.1692777777777777,1.0,68,270,6336,1.2761377822540071e-05,5.687642858044358e-07,1.2761377822540071e-05,5.687642858044358e-07,0.0146781452743729,0.0006539778903498,0.0037339181708084,2.540315292037576e-06,rnd,0.1,3,RND (beta=0.1)
37000,0.175,0.1694324324324324,1.0,68,270,6511,1.1533030434033468e-05,5.759499711902291e-07,1.1533030434033468e-05,5.759499711902291e-07,0.013430219957331,0.0006709054980057,0.003655058227363,2.497191976317481e-06,rnd,0.1,3,RND (beta=0.1)
38000,0.227,0.1709473684210526,1.0,68,270,6738,1.165814735476476e-05,7.223099632882582e-07,1.165814735476476e-05,7.223099632882582e-07,0.0137274273973054,0.0008533034881974,0.0033963459208898,2.5173540735750066e-06,rnd,0.1,3,RND (beta=0.1)
39000,0.238,0.1726666666666666,1.0,68,270,6976,1.2307403634041608e-05,9.086947435373752e-07,1.2307403634041608e-05,9.086947435373752e-07,0.0147205507139115,0.0010842959782825,0.0034412391562655,2.4654465439653e-06,rnd,0.1,3,RND (beta=0.1)
40000,0.248,0.17455,1.0,68,270,7224,1.256793998546498e-05,4.68805424154598e-07,1.256793998546498e-05,4.68805424154598e-07,0.0151958199461145,0.0005673991894524,0.003424183015275,2.477898609640761e-06,rnd,0.1,3,RND (beta=0.1)
41000,0.208,0.1753658536585365,1.0,68,270,7432,1.1859531962972353e-05,5.410543637271307e-07,1.1859531962972353e-05,5.410543637271307e-07,0.0145270461649701,0.0006619480304807,0.0031978726609668,2.463906413652239e-06,rnd,0.1,3,RND (beta=0.1)
42000,0.08,0.1730952380952381,1.0,68,270,7512,1.2287673337141314e-05,7.084891122782042e-07,1.2287673337141314e-05,7.084891122782042e-07,0.0151813410153261,0.0008778681941226,0.0030976403675012,2.433884845004286e-06,rnd,0.1,3,RND (beta=0.1)
43000,0.026,0.1696744186046511,1.0,68,270,7538,1.3022737938137232e-05,3.7341622050206233e-07,1.3022737938137232e-05,3.7341622050206233e-07,0.0162974502456951,0.0004676706840005,0.0030094279080949,2.368228850741616e-06,rnd,0.1,3,RND (beta=0.1)
44000,0.009,0.1660227272727272,1.0,68,270,7547,1.253923892363673e-05,5.722431325081346e-07,1.253923892363673e-05,5.722431325081346e-07,0.0158941698150195,0.0007256136437776,0.003031462627885,2.303320940768572e-06,rnd,0.1,3,RND (beta=0.1)
45000,0.039,0.1632,1.0,68,270,7586,1.1155169542503128e-05,7.311603046946828e-07,1.1155169542503128e-05,7.311603046946828e-07,0.0143234870239267,0.0009378432608186,0.0029383272298873,2.254778044630257e-06,rnd,0.1,3,RND (beta=0.1)
46000,0.011,0.159891304347826,1.0,68,270,7597,1.1448233553065537e-05,4.73998493684311e-07,1.1448233553065537e-05,4.73998493684311e-07,0.0148478723977719,0.0006139813897253,0.0028487855826097,2.198581696234214e-06,rnd,0.1,3,RND (beta=0.1)
47000,0.019,0.1568936170212766,1.0,68,270,7616,9.30488158701337e-06,3.698850089336836e-07,9.30488158701337e-06,3.698850089336836e-07,0.0121660889769304,0.0004837703603179,0.0027875746291101,2.143719292064361e-06,rnd,0.1,3,RND (beta=0.1)
48000,0.005,0.1537291666666666,1.0,68,270,7621,1.2121501822548452e-05,2.324723233649633e-07,1.2121501822548452e-05,2.324723233649633e-07,0.0160316827724396,0.0003072770606307,0.0026853719261125,2.087052463878081e-06,rnd,0.1,3,RND (beta=0.1)
49000,0.24,0.1554897959183673,1.0,68,270,7861,1.122482752483241e-05,2.4725287827913844e-07,1.122482752483241e-05,2.4725287827913844e-07,0.0149913770897063,0.0003304604729676,0.0027806510423833,2.0716887046319244e-06,rnd,0.1,3,RND (beta=0.1)
50000,0.178,0.15594,1.0,68,270,8039,1.111180604260717e-05,2.3305420844423207e-07,1.111180604260717e-05,2.3305420844423207e-07,0.0149799002658975,0.0003146786415132,0.0025707784642436,2.0765484730986822e-06,rnd,0.1,3,RND (beta=0.1)
51000,0.188,0.1565686274509803,1.0,68,270,8227,1.1219667532926944e-05,1.6769082771305634e-07,1.1219667532926944e-05,1.6769082771305634e-07,0.0152920660353767,0.0002285649236947,0.0015160599943046,2.044603403533074e-06,rnd,0.1,3,RND (beta=0.1)
52000,0.284,0.1590192307692307,1.0,68,270,8511,1.1416263250922243e-05,2.2570106746932057e-07,1.1416263250922243e-05,2.2570106746932057e-07,0.015727954980247,0.0003103504919092,0.0001929780774007,1.993803666834992e-06,rnd,0.1,3,RND (beta=0.1)
53000,0.44,0.1643207547169811,1.0,68,270,8951,1.17906981885922e-05,7.386476752151745e-07,1.17906981885922e-05,7.386476752151745e-07,0.0163720969356101,0.0010259727737256,0.0001111893147171,2.090115766293365e-06,rnd,0.1,3,RND (beta=0.1)
54000,0.674,0.1737592592592592,1.0,68,270,9625,1.1336220565144228e-05,1.7574511334969345e-07,1.1336220565144228e-05,1.7574511334969345e-07,0.0158877108751345,0.0002465400260262,0.0001288577122613,2.159797843830802e-06,rnd,0.1,3,RND (beta=0.1)
55000,0.864,0.1863090909090909,1.0,68,270,10489,1.103844610226032e-05,2.2726738478068606e-07,1.103844610226032e-05,2.2726738478068606e-07,0.0156182447921238,0.000321072753627,9.102610482841557e-05,2.2721799063560865e-06,rnd,0.1,3,RND (beta=0.1)
56000,0.823,0.1976785714285714,1.0,68,270,11312,1.1098485516470812e-05,2.3265370626884985e-07,1.1098485516470812e-05,2.3265370626884985e-07,0.0158423523885667,0.0003320653059355,9.72819508442626e-05,2.379953580600613e-06,rnd,0.1,3,RND (beta=0.1)
57000,0.891,0.2098421052631578,1.0,68,270,12203,1.1297925029242778e-05,2.312665078727292e-07,1.1297925029242778e-05,2.312665078727292e-07,0.0162694216301549,0.000332805116554,8.272698959990522e-05,2.538628257639175e-06,rnd,0.1,3,RND (beta=0.1)
58000,0.434,0.2137068965517241,1.0,68,270,12637,1.082677748925872e-05,2.577001359945014e-07,1.082677748925872e-05,2.577001359945014e-07,0.0157262799032132,0.0003741317061994,8.986368885416596e-05,2.5744279816990457e-06,rnd,0.1,3,RND (beta=0.1)
59000,0.684,0.2216779661016949,1.0,68,270,13321,1.073010605556692e-05,2.051863252245456e-07,1.073010605556692e-05,2.051863252245456e-07,0.0157230551669565,0.0003003484508721,6.705925210917485e-05,2.68707133091084e-06,rnd,0.1,3,RND (beta=0.1)
60000,0.735,0.2302333333333333,1.0,68,270,14056,1.0456261685979118e-05,5.93218467555881e-07,1.0456261685979118e-05,5.93218467555881e-07,0.0154535940137279,0.0008742127100872,6.904746039072052e-05,2.748108557284468e-06,rnd,0.1,3,RND (beta=0.1)
61000,0.92,0.2415409836065573,1.0,68,270,14976,1.0594719754447832e-05,2.3411678213847155e-07,1.0594719754447832e-05,2.3411678213847155e-07,0.0157766203817741,0.0003485764876704,5.370977690017753e-05,2.9056162172764746e-06,rnd,0.1,3,RND (beta=0.1)
62000,0.825,0.2509516129032258,1.0,68,270,15801,1.0214493913736078e-05,2.1656752932943038e-07,1.0214493913736078e-05,2.1656752932943038e-07,0.0153327051612574,0.0003250844963,3.924958774223342e-05,2.957115312028691e-06,rnd,0.1,3,RND (beta=0.1)
63000,0.883,0.260984126984127,1.0,68,270,16684,1.020140519483023e-05,2.2360460241234486e-07,1.020140519483023e-05,2.2360460241234486e-07,0.0154384036496709,0.0003379300227638,5.420271189541381e-05,3.065413673539297e-06,rnd,0.1,3,RND (beta=0.1)
64000,0.818,0.2696875,1.0,68,270,17502,1.0072903608239504e-05,2.039609424162006e-07,1.0072903608239504e-05,2.039609424162006e-07,0.0153627677874234,0.000310783258662,3.453363540120336e-05,3.093686333613732e-06,rnd,0.1,3,RND (beta=0.1)
65000,0.866,0.2788615384615384,1.0,68,270,18368,1.0096795948355834e-05,2.201095641141955e-07,1.0096795948355834e-05,2.201095641141955e-07,0.015516718381736,0.0003380064394065,4.345481072550683e-05,3.1678384274300697e-06,rnd,0.1,3,RND (beta=0.1)
66000,0.664,0.2846969696969696,1.0,68,270,19032,1.0012747163138929e-05,2.463633602519825e-07,1.0012747163138929e-05,2.463633602519825e-07,0.0154943209104125,0.0003818425222847,5.087587600064581e-05,3.209859450748809e-06,rnd,0.1,3,RND (beta=0.1)
67000,0.381,0.2861343283582089,1.0,68,270,19413,9.898166025278846e-06,1.5427112357136974e-07,9.898166025278846e-06,1.5427112357136974e-07,0.0154317876631423,0.000240710895833,2.144299900965052e-05,3.197229514512401e-06,rnd,0.1,3,RND (beta=0.1)
68000,0.175,0.2845,1.0,68,270,19588,1.0072777936979296e-05,1.6697496739721608e-07,1.0072777936979296e-05,1.6697496739721608e-07,0.0158382159557732,0.0002623919157146,2.639835368245258e-05,3.1290149163396563e-06,rnd,0.1,3,RND (beta=0.1)
69000,0.714,0.2907246376811594,1.0,68,270,20302,1.0448263437279583e-05,2.549783381418883e-07,1.0448263437279583e-05,2.549783381418883e-07,0.0165360361744814,0.0004038413456046,2.7923952740820824e-05,3.1136182342379472e-06,rnd,0.1,3,RND (beta=0.1)
70000,0.612,0.2953142857142857,1.0,68,270,20914,9.886383519214552e-06,5.140062771473284e-07,9.886383519214552e-06,5.140062771473284e-07,0.0157651088027504,0.0008180429877268,2.5246547090773676e-05,3.219147172899284e-06,rnd,0.1,3,RND (beta=0.1)
71000,0.206,0.294056338028169,1.0,68,270,21120,9.782828759217385e-06,2.9715116447716974e-07,9.782828759217385e-06,2.9715116447716974e-07,0.0156936667017672,0.0004772897856081,1.982945767667843e-05,3.1972440697245475e-06,rnd,0.1,3,RND (beta=0.1)
72000,0.038,0.2905,1.0,68,270,21158,9.702065055630795e-06,2.0741330515522e-07,9.702065055630795e-06,2.0741330515522e-07,0.0156804151388841,0.000335178849257,2.3312163570153644e-05,3.1750497063285367e-06,rnd,0.1,3,RND (beta=0.1)
73000,0.089,0.2877397260273973,1.0,68,270,21247,9.673639627007096e-06,2.0346661282558078e-07,9.673639627007096e-06,2.0346661282558078e-07,0.0157461783643609,0.0003312802862895,2.361622987245937e-05,3.1342642510026053e-06,rnd,0.1,3,RND (beta=0.1)
74000,0.324,0.2882297297297297,1.0,68,270,21571,9.367520158742048e-06,3.2187517767231546e-07,9.367520158742048e-06,3.2187517767231546e-07,0.0153486276577696,0.0005268780388676,1.7066248122773686e-05,3.1460604715221053e-06,rnd,0.1,3,RND (beta=0.1)
75000,0.577,0.29208,1.0,68,270,22148,9.193735292700751e-06,3.64740588236132e-07,9.193735292700751e-06,3.64740588236132e-07,0.0151587687095564,0.0006023422858142,1.3460280763410993e-05,3.1342954765705143e-06,rnd,0.1,3,RND (beta=0.1)
76000,0.809,0.2988815789473684,1.0,68,270,22957,9.826157661117542e-06,2.838933940611646e-07,9.826157661117542e-06,2.838933940611646e-07,0.0163182594713548,0.0004707177937465,1.4702343989029031e-05,3.220949319484134e-06,rnd,0.1,3,RND (beta=0.1)
77000,0.636,0.3032597402597403,1.0,68,270,23593,9.448059521896796e-06,1.2160056213536645e-06,9.448059521896796e-06,1.2160056213536645e-06,0.0157873184413974,0.0020333359747914,1.110586879008224e-05,3.340164817700497e-06,rnd,0.1,3,RND (beta=0.1)
78000,0.07,0.3002692307692308,1.0,68,270,23663,9.556276427247211e-06,2.777134539041003e-07,9.556276427247211e-06,2.777134539041003e-07,0.0160593248538795,0.0004669828416721,1.3337480640075228e-05,3.380829061939039e-06,rnd,0.1,3,RND (beta=0.1)
79000,0.158,0.2984683544303797,1.0,68,270,23821,9.708543878251832e-06,4.658011699574097e-07,9.708543878251832e-06,4.658011699574097e-07,0.0164099973641317,0.0007884836314761,9.117070111642531e-06,3.367431480683081e-06,rnd,0.1,3,RND (beta=0.1)
80000,0.292,0.2983875,1.0,68,270,24113,9.566629708930022e-06,6.82181657473242e-07,9.566629708930022e-06,6.82181657473242e-07,0.016297095882089,0.0011629544914127,1.4169586004982193e-05,3.396355044856136e-06,rnd,0.1,3,RND (beta=0.1)
81000,0.043,0.2952345679012346,1.0,68,270,24156,1.000404609988246e-05,2.185265070677833e-06,1.000404609988246e-05,2.185265070677833e-06,0.0171442328881544,0.0037361810917469,2.1626926702538185e-05,3.4053027980007755e-06,rnd,0.1,3,RND (beta=0.1)
82000,0.323,0.2955731707317073,1.0,68,271,24480,9.160497967726538e-06,2.3304325406382995e-06,9.160497967726538e-06,2.3304325406382995e-06,0.015811742724711,0.0040180356066345,1.9063060462940485e-05,3.402886809908523e-06,rnd,0.1,3,RND (beta=0.1)
83000,0.117,0.2934216867469879,1.0,68,271,24597,8.763108469902052e-06,2.036731310440631e-06,8.763108469902052e-06,2.036731310440631e-06,0.0152012735901535,0.0035255386232075,6.528444593345739e-05,3.468412860229364e-06,rnd,0.1,3,RND (beta=0.1)
84000,0.005,0.2899880952380952,1.0,68,271,24602,8.731105845072307e-06,2.847747670279863e-06,8.731105845072307e-06,2.847747670279863e-06,0.0152345924054547,0.0049677871558486,2.4418496554062583e-05,3.412968919178638e-06,rnd,0.1,3,RND (beta=0.1)
85000,0.011,0.2867058823529412,1.0,68,271,24613,9.271242313182237e-06,1.6892475352070602e-06,9.271242313182237e-06,1.6892475352070602e-06,0.0162811617631721,0.0029660749714522,2.5155368861760508e-05,3.3958244705445395e-06,rnd,0.1,3,RND (beta=0.1)
86000,0.102,0.2845581395348837,1.0,68,271,24715,9.827616431007924e-06,3.511087081864453e-06,9.827616431007924e-06,3.511087081864453e-06,0.0173596215749083,0.0061968197393571,2.3320715502450183e-05,3.3658686675153147e-06,rnd,0.1,3,RND (beta=0.1)
87000,0.067,0.2820574712643678,1.0,68,271,24782,9.027572457907536e-06,1.3118965383306823e-06,9.027572457907536e-06,1.3118965383306823e-06,0.0159912076810031,0.0023311003503822,1.8354875722252476e-05,3.380607769031485e-06,rnd,0.1,3,RND (beta=0.1)
88000,0.041,0.2793181818181818,1.0,68,271,24823,9.820763740962563e-06,1.550533285219281e-06,9.820763740962563e-06,1.550533285219281e-06,0.0175407615938648,0.0027684709872571,2.0957024625431583e-05,3.3165513391395507e-06,rnd,0.1,3,RND (beta=0.1)
89000,0.044,0.2766741573033708,1.0,68,271,24867,8.869586829198603e-06,2.555504846099229e-06,8.869586829198603e-06,2.555504846099229e-06,0.0159428600301421,0.0045917960001073,2.3997450850401948e-05,3.26761736687331e-06,rnd,0.1,3,RND (beta=0.1)
90000,0.059,0.2742555555555555,1.0,68,271,24926,9.271071795888406e-06,1.8008630372939747e-06,9.271071795888406e-06,1.8008630372939747e-06,0.0167500896910097,0.0032486654328967,1.2436794981340427e-05,3.2283787688811573e-06,rnd,0.1,3,RND (beta=0.1)
91000,0.258,0.274076923076923,1.0,68,271,25184,9.311054177734438e-06,1.0400328202558675e-06,9.311054177734438e-06,1.0400328202558675e-06,0.016931254718216,0.0018853663661866,2.348230198595047e-05,3.23355682314741e-06,rnd,0.1,3,RND (beta=0.1)
92000,0.234,0.2736413043478261,1.0,68,271,25418,8.998323112939392e-06,3.2198494212622777e-07,8.998323112939392e-06,3.2198494212622777e-07,0.0164197701244977,0.0005876577389405,1.626070203610652e-05,3.174835492472994e-06,rnd,0.1,3,RND (beta=0.1)
93000,0.058,0.2713225806451613,1.0,68,271,25476,8.894975833535337e-06,8.218826905012415e-07,8.894975833535337e-06,8.218826905012415e-07,0.016334207718939,0.0015092037345884,1.5420852296301746e-05,3.17862633914956e-06,rnd,0.1,3,RND (beta=0.1)
94000,0.044,0.2689042553191489,1.0,68,271,25520,8.592005521925536e-06,5.196829776737989e-07,8.592005521925536e-06,5.196829776737989e-07,0.015844129883295,0.0009591008857616,1.914786664474377e-05,3.190432266706012e-06,rnd,0.1,3,RND (beta=0.1)
95000,0.102,0.2671473684210526,1.0,68,271,25622,9.182727826198828e-06,3.195423485328724e-06,9.182727826198828e-06,3.195423485328724e-06,0.0170294165896156,0.0059259239666593,2.1180348196594425e-05,3.218525821807816e-06,rnd,0.1,3,RND (beta=0.1)
96000,0.209,0.2665416666666667,1.0,68,271,25831,8.684789897663656e-06,2.1327802047202896e-06,8.684789897663656e-06,2.1327802047202896e-06,0.0161688323959765,0.0039745046091726,2.3083860554606872e-05,3.251142566227827e-06,rnd,0.1,3,RND (beta=0.1)
97000,0.025,0.2640515463917526,1.0,68,271,25856,8.651937041577185e-06,2.0837048076134287e-06,8.651937041577185e-06,2.0837048076134287e-06,0.0162207436348489,0.0039057615520004,2.11011347657859e-05,3.258376350800063e-06,rnd,0.1,3,RND (beta=0.1)
98000,0.05,0.2618673469387755,1.0,68,271,25906,9.15881642868044e-06,2.649203100558775e-07,9.15881642868044e-06,2.649203100558775e-07,0.0172720404116097,0.0004985868925798,1.4151127925288164e-05,3.2164574719217853e-06,rnd,0.1,3,RND (beta=0.1)
99000,0.122,0.2604545454545454,1.0,68,271,26028,8.021737911446106e-06,2.1256243585232462e-06,8.021737911446106e-06,2.1256243585232462e-06,0.0151839506857096,0.004026131032768,1.671670678308601e-05,3.246339250381425e-06,rnd,0.1,3,RND (beta=0.1)
100000,0.074,0.25859,1.0,68,271,26102,8.042111852085548e-06,2.7054706388764574e-06,8.042111852085548e-06,2.7054706388764574e-06,0.0152818556508887,0.0051452730364071,1.5583240219257277e-05,3.24641035069817e-06,rnd,0.1,3,RND (beta=0.1)
1000,0.154,0.154,0.5,34,123,258,0.0075162449857679,0.0067774069145427,0.0075162449857679,0.0067774069145427,4.887675398935048,4.916103957278758,0.1552275121212005,0.0069319466128945,rnd,0.1,4,RND (beta=0.1)
2000,0.2,0.177,0.5882352941176471,40,151,483,0.0005803839792133,0.0003515023845454,0.0005803839792133,0.0003515023845454,0.3620535565974005,0.3007107344871768,0.0267208076780661,0.0003684755570029,rnd,0.1,4,RND (beta=0.1)
3000,0.19,0.1813333333333333,0.75,51,188,709,8.879860205955705e-05,4.534552293832494e-05,8.879860205955705e-05,4.534552293832494e-05,0.0267971039876363,0.0136297014959576,0.0274346977416425,3.940917192448978e-05,rnd,0.1,4,RND (beta=0.1)
4000,0.102,0.1615,0.75,51,200,822,5.1850776941921816e-05,3.28850243647214e-05,5.1850776941921816e-05,3.28850243647214e-05,0.0169622277719692,0.0105327282143897,0.0239326055822893,2.2209192454283765e-05,rnd,0.1,4,RND (beta=0.1)
5000,0.093,0.1478,0.75,51,203,918,4.1319104854264094e-05,1.9924255696282254e-05,4.1319104854264094e-05,1.9924255696282254e-05,0.0144999504902954,0.0068728207541242,0.0212201741114258,1.5568316231110658e-05,rnd,0.1,4,RND (beta=0.1)
6000,0.111,0.1416666666666666,0.8970588235294118,61,229,1051,3.3878334327275774e-05,1.017869290331501e-05,3.3878334327275774e-05,1.017869290331501e-05,0.0127164787878825,0.0037731136822399,0.0190789418956264,1.1221623514757085e-05,rnd,0.1,4,RND (beta=0.1)
7000,0.136,0.1408571428571428,0.8970588235294118,61,229,1187,2.9309028551484944e-05,5.61401965389526e-06,2.9309028551484944e-05,5.61401965389526e-06,0.0116877341904017,0.0022252202641442,0.0173446464780718,8.578585956911411e-06,rnd,0.1,4,RND (beta=0.1)
8000,0.117,0.137875,0.8970588235294118,61,232,1307,2.665025521053348e-05,1.059345030219654e-05,2.665025521053348e-05,1.059345030219654e-05,0.0113607381412707,0.0044967225912659,0.0158696684162132,7.079386833765966e-06,rnd,0.1,4,RND (beta=0.1)
9000,0.203,0.1451111111111111,0.9264705882352942,63,240,1518,2.5459772725943692e-05,4.876357139704773e-06,2.5459772725943692e-05,4.876357139704773e-06,0.0113624553783196,0.0021520612960843,0.014655621421989,6.441041602329278e-06,rnd,0.1,4,RND (beta=0.1)
10000,0.121,0.1427,0.9264705882352942,63,240,1639,2.3957618380764937e-05,2.643068938855824e-06,2.3957618380764937e-05,2.643068938855824e-06,0.0111846237093499,0.0012354134723285,0.013627845427487,5.580769860671353e-06,rnd,0.1,4,RND (beta=0.1)
11000,0.081,0.1370909090909091,0.9264705882352942,63,240,1720,2.148506967578102e-05,2.7986149591326665e-06,2.148506967578102e-05,2.7986149591326665e-06,0.0106037691059544,0.001370255913078,0.0121608044626191,4.683459907028009e-06,rnd,0.1,4,RND (beta=0.1)
12000,0.106,0.1345,0.9264705882352942,63,240,1826,1.9482819373839653e-05,9.87021003229997e-07,1.9482819373839653e-05,9.87021003229997e-07,0.0099063413916974,0.00050144986609,0.0114249404917936,4.230904876862951e-06,rnd,0.1,4,RND (beta=0.1)
13000,0.14,0.1349230769230769,0.9264705882352942,63,240,1966,1.98809421720268e-05,1.2146393537028246e-06,1.98809421720268e-05,1.2146393537028246e-06,0.0105130895967684,0.0006446729260163,0.0103353497711941,3.8011699942899215e-06,rnd,0.1,4,RND (beta=0.1)
14000,0.075,0.1306428571428571,0.9264705882352942,63,241,2042,2.0235682798859972e-05,2.30976517451916e-06,2.0235682798859972e-05,2.30976517451916e-06,0.011080316257375,0.0012606447373258,0.0095785967686679,3.5259313436881718e-06,rnd,0.1,4,RND (beta=0.1)
15000,0.201,0.1353333333333333,0.9264705882352942,63,241,2243,1.9575907085867703e-05,9.920880845126017e-07,1.9575907085867703e-05,9.920880845126017e-07,0.0110761037460037,0.0005616609006316,0.0092486781299812,3.3705522814670984e-06,rnd,0.1,4,RND (beta=0.1)
16000,0.218,0.1405,0.9264705882352942,63,241,2461,1.879982489190965e-05,1.3185206343331125e-06,1.879982489190965e-05,1.3185206343331125e-06,0.0109710365565896,0.0007706625150862,0.0084277058639563,3.284140663481594e-06,rnd,0.1,4,RND (beta=0.1)
17000,0.156,0.1414117647058823,0.9264705882352942,63,242,2618,1.8129190263421035e-05,1.6785374989557775e-06,1.8129190263421035e-05,1.6785374989557775e-06,0.0108910467683356,0.0010095097397787,0.0079877092188689,3.142308634210167e-06,rnd,0.1,4,RND (beta=0.1)
18000,0.238,0.1467777777777777,0.9264705882352942,63,242,2856,1.6726652997281883e-05,9.38576753041119e-07,1.6726652997281883e-05,9.38576753041119e-07,0.010357984768423,0.0005761660678214,0.0075147159493062,3.110409138230352e-06,rnd,0.1,4,RND (beta=0.1)
19000,0.38,0.1590526315789473,0.9264705882352942,63,242,3236,1.6485348646710916e-05,4.002436939238637e-07,1.6485348646710916e-05,4.002436939238637e-07,0.0104558511151706,0.0002546101391416,0.0074297778580803,3.1020895737583487e-06,rnd,0.1,4,RND (beta=0.1)
20000,0.361,0.16915,0.9264705882352942,63,243,3598,1.648106487999413e-05,2.7104647613995223e-06,1.648106487999413e-05,2.7104647613995223e-06,0.0107467064218802,0.0017493756203831,0.0070734285828657,3.1812059980893536e-06,rnd,0.1,4,RND (beta=0.1)
21000,0.439,0.182,0.9264705882352942,63,243,4037,1.544325076418044e-05,7.733978928653789e-07,1.544325076418044e-05,7.733978928653789e-07,0.0102845633258967,0.000512870127257,0.0068278282371466,3.2771674938203432e-06,rnd,0.1,4,RND (beta=0.1)
22000,0.435,0.1935,0.9264705882352942,63,243,4472,1.5195642441832969e-05,2.8235765929885744e-07,1.5195642441832969e-05,2.8235765929885744e-07,0.0103507374433489,0.0001921634189591,0.0065386690701125,3.341991706065528e-06,rnd,0.1,4,RND (beta=0.1)
23000,0.389,0.202,0.9264705882352942,63,243,4861,1.5127692919183426e-05,7.020425369450491e-07,1.5127692919183426e-05,7.020425369450491e-07,0.0105149548540643,0.0004903713843118,0.0063508518881862,3.3975209084928797e-06,rnd,0.1,4,RND (beta=0.1)
24000,0.317,0.2067916666666666,0.9264705882352942,63,243,5178,1.3856258473559378e-05,2.4714453645990164e-07,1.3856258473559378e-05,2.4714453645990164e-07,0.0098294162728286,0.0001755808780388,0.0060182710774242,3.3501993614208918e-06,rnd,0.1,4,RND (beta=0.1)
25000,0.286,0.20996,0.9264705882352942,63,243,5464,1.3504440802363376e-05,2.5596990744494505e-07,1.3504440802363376e-05,2.5596990744494505e-07,0.0097809110075409,0.0001853948738741,0.0059471697650733,3.3113929500814264e-06,rnd,0.1,4,RND (beta=0.1)
26000,0.246,0.2113461538461538,0.9264705882352942,63,243,5710,1.3650373699139031e-05,8.590386015354409e-07,1.3650373699139031e-05,8.590386015354409e-07,0.010083128266358,0.0006340995403281,0.0052954333286033,3.248531096346596e-06,rnd,0.1,4,RND (beta=0.1)
27000,0.244,0.2125555555555555,0.9558823529411764,65,252,5963,1.3610903519680714e-05,7.685636956288198e-06,1.3610903519680714e-05,7.685636956288198e-06,0.0102453186214158,0.0057549884761928,0.0052924353198905,3.369620773696624e-06,rnd,0.1,4,RND (beta=0.1)
28000,0.182,0.2114642857142857,0.9558823529411764,65,252,6145,1.259960403591062e-05,6.844574091702195e-07,1.259960403591062e-05,6.844574091702195e-07,0.0096392361035448,0.0005238093508873,0.0049142581927299,3.300361686342512e-06,rnd,0.1,4,RND (beta=0.1)
29000,0.119,0.2082758620689655,0.9558823529411764,65,252,6264,1.3192785774067068e-05,7.823512035026818e-07,1.3192785774067068e-05,7.823512035026818e-07,0.0102809067340879,0.0006089691459862,0.0049785612685373,3.188911538359207e-06,rnd,0.1,4,RND (beta=0.1)
30000,0.054,0.2031333333333333,0.9558823529411764,65,252,6318,1.2224275148279654e-05,8.523538473419369e-07,1.2224275148279654e-05,8.523538473419369e-07,0.0096663683238978,0.0006745230066495,0.0048838982229935,3.1103102387533e-06,rnd,0.1,4,RND (beta=0.1)
31000,0.049,0.1981612903225806,0.9558823529411764,65,252,6367,1.1784246239864044e-05,6.978110285870506e-07,1.1784246239864044e-05,6.978110285870506e-07,0.0094648788903087,0.0005617299850084,0.0045923040391353,2.9468449129126384e-06,rnd,0.1,4,RND (beta=0.1)
32000,0.041,0.19325,0.9558823529411764,65,252,6408,1.2263172476839208e-05,6.952758358739953e-07,1.2263172476839208e-05,6.952758358739953e-07,0.010027809134969,0.0005676191612436,0.0045564278230885,2.8561817700847317e-06,rnd,0.1,4,RND (beta=0.1)
33000,0.015,0.1878484848484848,0.9558823529411764,65,252,6423,1.3040883580591374e-05,1.0693935191470654e-06,1.3040883580591374e-05,1.0693935191470654e-06,0.0108296517435838,0.0008876977167951,0.004336723149725,2.7431795440406857e-06,rnd,0.1,4,RND (beta=0.1)
34000,0.045,0.1836470588235294,0.9705882352941176,66,255,6471,1.1402098354867325e-05,2.009771165467517e-06,1.1402098354867325e-05,2.009771165467517e-06,0.0095885210970859,0.0016821834108379,0.0041452785473957,2.662712936285061e-06,rnd,0.1,4,RND (beta=0.1)
35000,0.044,0.1796571428571428,0.9705882352941176,66,259,6519,1.147885318046478e-05,3.2894155050206706e-06,1.147885318046478e-05,3.2894155050206706e-06,0.0097767079991999,0.0028063604932746,0.0040902398892503,2.655311040257402e-06,rnd,0.1,4,RND (beta=0.1)
36000,0.082,0.1769444444444444,0.9705882352941176,66,259,6601,1.2113116559792216e-05,5.850647213334058e-07,1.2113116559792216e-05,5.850647213334058e-07,0.0105135878928445,0.0005061385097325,0.0037691023332881,2.5754771861556946e-06,rnd,0.1,4,RND (beta=0.1)
37000,0.113,0.1752162162162162,0.9705882352941176,66,262,6717,1.279177228100876e-05,3.108653286056474e-06,1.279177228100876e-05,3.108653286056474e-06,0.0112368988019268,0.0027137574954856,0.003761311871538,2.52066518561378e-06,rnd,0.1,4,RND (beta=0.1)
38000,0.05,0.1719210526315789,0.9705882352941176,66,262,6767,1.1205414416508576e-05,2.55454784283565e-07,1.1205414416508576e-05,2.55454784283565e-07,0.009945883404635,0.0002270413640866,0.0035462557368446,2.494540911072818e-06,rnd,0.1,4,RND (beta=0.1)
39000,0.056,0.1689487179487179,0.9705882352941176,66,262,6823,1.140818314330058e-05,3.649684723252781e-07,1.140818314330058e-05,3.649684723252781e-07,0.0102505232837067,0.0003284202696984,0.0035620209017652,2.4008596020621552e-06,rnd,0.1,4,RND (beta=0.1)
40000,0.01,0.164975,0.9705882352941176,66,262,6833,1.265768046323501e-05,2.659901978082265e-07,1.265768046323501e-05,2.659901978082265e-07,0.0115341992375527,0.0002423544070806,0.0036273447535641,2.3269577915243644e-06,rnd,0.1,4,RND (beta=0.1)
41000,0.019,0.1614146341463414,0.9705882352941176,66,262,6852,1.1277985226785714e-05,3.318072615714186e-07,1.1277985226785714e-05,3.318072615714186e-07,0.0103842731087066,0.0003057176627302,0.0035013462108618,2.241901763511578e-06,rnd,0.1,4,RND (beta=0.1)
42000,0.016,0.1579523809523809,0.9705882352941176,66,262,6868,1.0670257609035616e-05,3.16109552568216e-07,1.0670257609035616e-05,3.16109552568216e-07,0.0099583430797532,0.0002951647366237,0.0034269424233643,2.1704295795075267e-06,rnd,0.1,4,RND (beta=0.1)
43000,0.044,0.1553023255813953,0.9705882352941176,66,262,6912,1.286910959276032e-05,1.971157217552977e-07,1.286910959276032e-05,1.971157217552977e-07,0.0121608952157712,0.0001860001665877,0.0033793401321163,2.1253258386764174e-06,rnd,0.1,4,RND (beta=0.1)
44000,0.117,0.1544318181818181,0.9705882352941176,66,262,7029,1.0876934418339597e-05,2.468577438177961e-07,1.0876934418339597e-05,2.468577438177961e-07,0.0104034342181232,0.0002355618929781,0.0032355853696935,2.081103916225402e-06,rnd,0.1,4,RND (beta=0.1)
45000,0.039,0.1518666666666666,0.9705882352941176,66,262,7068,1.1896608215558956e-05,2.685044760044976e-07,1.1896608215558956e-05,2.685044760044976e-07,0.0114960687350636,0.0002591799521301,0.0032720662282663,1.994748048787187e-06,rnd,0.1,4,RND (beta=0.1)
46000,0.188,0.1526521739130434,0.9705882352941176,66,262,7256,1.1542030196846524e-05,1.9316369136943709e-07,1.1542030196846524e-05,1.9316369136943709e-07,0.0112819549142466,0.0001885377353144,0.0031626424269197,1.9577572778644027e-06,rnd,0.1,4,RND (beta=0.1)
47000,0.27,0.1551489361702127,0.9705882352941176,66,262,7526,1.1372357482320728e-05,3.4701338613079733e-07,1.1372357482320728e-05,3.4701338613079733e-07,0.0112076602728756,0.0003430357276258,0.0030333452235645,1.974467214552078e-06,rnd,0.1,4,RND (beta=0.1)
48000,0.308,0.1583333333333333,0.9705882352941176,66,262,7834,1.1919282744568224e-05,2.612066304498603e-07,1.1919282744568224e-05,2.612066304498603e-07,0.0118710031334776,0.0002605114118201,0.0029231884413311,1.999181452447374e-06,rnd,0.1,4,RND (beta=0.1)
49000,0.289,0.161,0.9705882352941176,66,262,8123,1.190370822520566e-05,2.231106179806375e-07,1.190370822520566e-05,2.231106179806375e-07,0.0119798541851349,0.0002245979227564,0.0027664081204711,2.059201626423146e-06,rnd,0.1,4,RND (beta=0.1)
50000,0.219,0.16216,0.9705882352941176,66,262,8342,1.1479333422926694e-05,2.0375834327174634e-07,1.1479333422926694e-05,2.0375834327174634e-07,0.0116677102784147,0.0002073233302963,0.0028627222634531,2.010564414888449e-06,rnd,0.1,4,RND (beta=0.1)
51000,0.338,0.1656078431372549,0.9705882352941176,66,262,8680,1.143011823955258e-05,2.527045084634988e-07,1.143011823955258e-05,2.527045084634988e-07,0.0117535121438363,0.0002593126936548,0.0015784453685264,2.0363205472904154e-06,rnd,0.1,4,RND (beta=0.1)
52000,0.253,0.1672884615384615,0.9705882352941176,66,262,8933,1.0804608433972469e-05,1.7320664240073157e-07,1.0804608433972469e-05,1.7320664240073157e-07,0.0112082071012916,0.0001795997122095,0.0001424969079089,2.05229597656853e-06,rnd,0.1,4,RND (beta=0.1)
53000,0.389,0.1714716981132075,0.9705882352941176,66,262,9322,1.085735180041764e-05,1.4317228196456556e-07,1.085735180041764e-05,1.4317228196456556e-07,0.0113664890053899,0.0001498946208133,0.0001108012254062,2.0686739881625726e-06,rnd,0.1,4,RND (beta=0.1)
54000,0.885,0.1846851851851851,0.9705882352941176,66,262,10207,1.0660456016685306e-05,1.3349635686356874e-07,1.0660456016685306e-05,1.3349635686356874e-07,0.0112653611438753,0.0001410024790461,0.0001308580218737,2.159850619648296e-06,rnd,0.1,4,RND (beta=0.1)
55000,0.797,0.1958181818181818,0.9705882352941176,66,262,11004,1.0658110281900926e-05,3.091383913913197e-07,1.0658110281900926e-05,3.091383913913197e-07,0.0113701250474701,0.0003288545785922,8.971806803856453e-05,2.271677608234768e-06,rnd,0.1,4,RND (beta=0.1)
56000,0.881,0.2080535714285714,0.9705882352941176,66,262,11885,1.0056271613082884e-05,1.8131593335243344e-07,1.0056271613082884e-05,1.8131593335243344e-07,0.0108158917259425,0.0001953083228894,8.313040199209354e-05,2.384123975275543e-06,rnd,0.1,4,RND (beta=0.1)
57000,0.963,0.221298245614035,0.9705882352941176,66,262,12848,1.0181803288066862e-05,2.3800098257363454e-07,1.0181803288066862e-05,2.3800098257363454e-07,0.0110509656197635,0.0002577751404123,0.0001096131349113,2.56758153204828e-06,rnd,0.1,4,RND (beta=0.1)
58000,0.758,0.230551724137931,0.9705882352941176,66,262,13606,1.0306368246267929e-05,2.5903049698938934e-07,1.0306368246267929e-05,2.5903049698938934e-07,0.0112879831603324,0.0002829800712603,7.627774286083878e-05,2.665223536268968e-06,rnd,0.1,4,RND (beta=0.1)
59000,0.924,0.2423050847457627,0.9705882352941176,66,262,14530,9.309876744524656e-06,2.504035036864886e-07,9.309876744524656e-06,2.504035036864886e-07,0.0102780201056075,0.0002763631176506,7.339860044976377e-05,2.7955060772910656e-06,rnd,0.1,4,RND (beta=0.1)
60000,0.782,0.2513,0.9705882352941176,66,262,15312,9.618840413854263e-06,2.5696964034732906e-07,9.618840413854263e-06,2.5696964034732906e-07,0.0107075535357724,0.0002860118324281,5.680904299697431e-05,2.8493239748286213e-06,rnd,0.1,4,RND (beta=0.1)
61000,0.631,0.2575245901639344,0.9705882352941176,66,262,15943,9.959403116670831e-06,2.9374156228738725e-07,9.959403116670831e-06,2.9374156228738725e-07,0.0111784528066764,0.000329581455163,4.77323869108659e-05,2.937409787818979e-06,rnd,0.1,4,RND (beta=0.1)
62000,0.67,0.2641774193548387,0.9705882352941176,66,262,16613,9.813941123391136e-06,2.578510037191488e-07,9.813941123391136e-06,2.578510037191488e-07,0.0111085931494122,0.0002914686792199,4.516070757745183e-05,2.998195077339005e-06,rnd,0.1,4,RND (beta=0.1)
63000,0.89,0.2741111111111111,0.9705882352941176,66,262,17503,9.914503341482732e-06,2.422118698901117e-07,9.914503341482732e-06,2.422118698901117e-07,0.0113080316999683,0.0002759437628991,3.856312483549118e-05,3.1172687674825285e-06,rnd,0.1,4,RND (beta=0.1)
64000,0.676,0.280390625,0.9705882352941176,66,262,18179,9.793582116409205e-06,2.287717137154866e-07,9.793582116409205e-06,2.287717137154866e-07,0.0112557198665361,0.000262945365106,4.564367397051683e-05,3.18843540094349e-06,rnd,0.1,4,RND (beta=0.1)
65000,0.322,0.2810307692307692,0.9705882352941176,66,262,18501,9.601727982648842e-06,1.272858506139874e-06,9.601727982648842e-06,1.272858506139874e-06,0.0111176328684817,0.0014779953125214,2.884866892600257e-05,3.2162671145670174e-06,rnd,0.1,4,RND (beta=0.1)
66000,0.118,0.278560606060606,0.9705882352941176,66,262,18619,1.0380539105565316e-05,1.0717376868604575e-06,1.0380539105565316e-05,1.0717376868604575e-06,0.0121195688385505,0.0012501469853301,2.46065549144987e-05,3.228843151646288e-06,rnd,0.1,4,RND (beta=0.1)
67000,0.264,0.2783432835820895,0.9705882352941176,66,262,18883,9.700234200367545e-06,2.217019283519236e-07,9.700234200367545e-06,2.217019283519236e-07,0.0114081030285439,0.0002605983433445,2.2597615193717505e-05,3.191082695025216e-06,rnd,0.1,4,RND (beta=0.1)
68000,0.393,0.2800294117647058,0.9705882352941176,66,262,19276,9.210339006434271e-06,3.4821980928399646e-06,9.210339006434271e-06,3.4821980928399646e-06,0.0109073250630508,0.0041258991374261,2.6085020818754857e-05,3.178341517241279e-06,rnd,0.1,4,RND (beta=0.1)
69000,0.767,0.2870869565217391,0.9705882352941176,66,262,20043,9.502075179903008e-06,3.053401095425471e-06,9.502075179903008e-06,3.053401095425471e-06,0.0113388969762563,0.0036408392186426,3.382517126101447e-05,3.2156853413880525e-06,rnd,0.1,4,RND (beta=0.1)
70000,0.327,0.2876571428571428,0.9705882352941176,66,262,20370,9.410917636401842e-06,1.6784019091575193e-06,9.410917636401842e-06,1.6784019091575193e-06,0.0113110838496942,0.0020157603575811,2.2349388453221764e-05,3.3109122616679086e-06,rnd,0.1,4,RND (beta=0.1)
71000,0.047,0.2842676056338028,0.9705882352941176,66,262,20417,9.812783891322124e-06,9.757584308246886e-06,9.812783891322124e-06,9.757584308246886e-06,0.0118488902746509,0.0118070813850928,2.6709647474490335e-05,3.292546880516056e-06,rnd,0.1,4,RND (beta=0.1)
72000,0.052,0.2810416666666667,0.9852941176470588,67,266,20473,8.978747700894019e-06,1.1960743446097728e-05,8.978747700894019e-06,1.1960743446097728e-05,0.0109301205238935,0.0145666187274546,3.0979581626979776e-05,3.2604995839164984e-06,rnd,0.1,4,RND (beta=0.1)
73000,0.014,0.2773835616438356,0.9852941176470588,67,266,20487,9.50444314185006e-06,7.351704277179891e-06,9.50444314185006e-06,7.351704277179891e-06,0.0116450092104137,0.0090179153941966,2.130798154803415e-05,3.221261413045795e-06,rnd,0.1,4,RND (beta=0.1)
74000,0.016,0.2738513513513513,0.9852941176470588,67,267,20504,9.150844078931186e-06,3.72219825973568e-06,9.150844078931186e-06,3.72219825973568e-06,0.011289987933341,0.0045985293991424,1.696578317159947e-05,3.115054141062501e-06,rnd,0.1,4,RND (beta=0.1)
75000,0.009,0.27032,0.9852941176470588,67,267,20513,8.118956732990531e-06,7.417693716386251e-06,8.118956732990531e-06,7.417693716386251e-06,0.0100966095858488,0.0092151921903147,3.974615116885616e-05,3.0853924163238844e-06,rnd,0.1,4,RND (beta=0.1)
76000,0.071,0.2676973684210526,0.9852941176470588,67,267,20584,9.299891759620153e-06,3.7667103394487375e-06,9.299891759620153e-06,3.7667103394487375e-06,0.0116111429017622,0.0047136250904662,5.27148171358931e-05,3.0453712554390224e-06,rnd,0.1,4,RND (beta=0.1)
77000,0.01,0.2643506493506493,1.0,68,271,20598,7.746037636024993e-06,1.288399515617745e-05,7.746037636024993e-06,1.288399515617745e-05,0.0097585470153921,0.0162541962731611,3.162925333299427e-05,3.0336241011355013e-06,rnd,0.1,4,RND (beta=0.1)
78000,0.01,0.2610897435897436,1.0,68,271,20608,8.232039272115799e-06,4.677732321491508e-06,8.232039272115799e-06,4.677732321491508e-06,0.0104303626761491,0.0059257795769069,4.405348087266248e-05,3.033928137597286e-06,rnd,0.1,4,RND (beta=0.1)
79000,0.018,0.2580126582278481,1.0,68,271,20626,9.744902829172335e-06,1.876667489100425e-06,9.744902829172335e-06,1.876667489100425e-06,0.012435699658679,0.002392708606397,2.7229537159655592e-05,2.9503304353966087e-06,rnd,0.1,4,RND (beta=0.1)
80000,0.01,0.2549125,1.0,68,271,20636,9.000365889733074e-06,1.197986893341715e-06,9.000365889733074e-06,1.197986893341715e-06,0.011554952749984,0.0015372753711439,2.133746412164328e-05,2.859362237700225e-06,rnd,0.1,4,RND (beta=0.1)
81000,0.014,0.2519382716049382,1.0,68,271,20650,7.393929796048074e-06,1.3710391903041009e-06,7.393929796048074e-06,1.3710391903041009e-06,0.0095513796094081,0.0017699027551806,3.140965184002198e-05,2.857248865325346e-06,rnd,0.1,4,RND (beta=0.1)
82000,0.016,0.2490609756097561,1.0,68,271,20666,9.772901648830157e-06,3.626621380764392e-06,9.772901648830157e-06,3.626621380764392e-06,0.0126928400995268,0.004706295530478,3.087080331988545e-05,2.8301871367375497e-06,rnd,0.1,4,RND (beta=0.1)
83000,0.035,0.2464819277108433,1.0,68,271,20701,9.992275162013746e-06,1.499172554029009e-06,9.992275162013746e-06,1.499172554029009e-06,0.0130510563176771,0.0019583593083241,1.7946698365449265e-05,2.81198133086491e-06,rnd,0.1,4,RND (beta=0.1)
84000,0.057,0.2442261904761904,1.0,68,271,20758,8.792524879122779e-06,1.2732123726054186e-06,8.792524879122779e-06,1.2732123726054186e-06,0.0115662961153283,0.0016726911022481,1.8301734437500277e-05,2.7626582566426803e-06,rnd,0.1,4,RND (beta=0.1)
85000,0.01,0.2414705882352941,1.0,68,271,20768,8.44463515932148e-06,1.907405549029694e-06,8.44463515932148e-06,1.907405549029694e-06,0.0111674683040793,0.0025214995176448,1.982175018110865e-05,2.792609754919795e-06,rnd,0.1,4,RND (beta=0.1)
86000,0.014,0.2388255813953488,1.0,68,271,20782,8.130948539733904e-06,3.427019614169043e-06,8.130948539733904e-06,3.427019614169043e-06,0.0108151895019263,0.0045573801222843,1.8148207551348605e-05,2.7398144362678067e-06,rnd,0.1,4,RND (beta=0.1)
87000,0.042,0.2365632183908046,1.0,68,271,20824,1.0000449806500997e-05,1.8584190142390105e-06,1.0000449806500997e-05,1.8584190142390105e-06,0.0133789006557425,0.0024866850087672,2.0321479596987047e-05,2.735184841640148e-06,rnd,0.1,4,RND (beta=0.1)
88000,0.525,0.2398409090909091,1.0,68,271,21349,9.039124552579042e-06,8.476501994592629e-07,9.039124552579042e-06,8.476501994592629e-07,0.0121723015940938,0.001140606183035,1.511341350874318e-05,2.692468358986844e-06,rnd,0.1,4,RND (beta=0.1)
89000,0.486,0.2426067415730337,1.0,68,271,21835,8.240662349702756e-06,1.4741329489935898e-06,8.240662349702756e-06,1.4741329489935898e-06,0.0111583951881775,0.0019932556926239,1.424892768591235e-05,2.7794095822173404e-06,rnd,0.1,4,RND (beta=0.1)
90000,0.11,0.2411333333333333,1.0,68,271,21945,7.985365809045933e-06,4.611701020044319e-07,7.985365809045933e-06,4.611701020044319e-07,0.0108668684604782,0.0006274349064865,1.1168503445333044e-05,2.80090092348928e-06,rnd,0.1,4,RND (beta=0.1)
91000,0.017,0.2386703296703296,1.0,68,271,21962,8.494440889455077e-06,1.4465494828063302e-06,8.494440889455077e-06,1.4465494828063302e-06,0.0116132863619833,0.0019790676526135,9.596376014542329e-06,2.799168940327945e-06,rnd,0.1,4,RND (beta=0.1)
92000,0.029,0.2363913043478261,1.0,68,271,21991,9.679671103217043e-06,1.49089296974178e-06,9.679671103217043e-06,1.49089296974178e-06,0.0133193018306339,0.0020529354503267,1.6109280675209448e-05,2.7603252633525698e-06,rnd,0.1,4,RND (beta=0.1)
93000,0.044,0.2343225806451613,1.0,68,271,22035,8.162543798045425e-06,1.6953087212476132e-06,8.162543798045425e-06,1.6953087212476132e-06,0.0112955516868164,0.0023447813017241,1.0620638513273662e-05,2.759960128742023e-06,rnd,0.1,4,RND (beta=0.1)
94000,0.017,0.2320106382978723,1.0,68,271,22052,9.091770380109663e-06,3.159710207065144e-06,9.091770380109663e-06,3.159710207065144e-06,0.0126412865293022,0.0043959013461496,2.050365420973321e-05,2.7907148628401048e-06,rnd,0.1,4,RND (beta=0.1)
95000,0.02,0.229778947368421,1.0,68,271,22072,8.28880415610911e-06,9.14944837390118e-07,8.28880415610911e-06,9.14944837390118e-07,0.0115744051734927,0.0012790810658617,9.429873385215614e-06,2.75238364076813e-06,rnd,0.1,4,RND (beta=0.1)
96000,0.048,0.2278854166666666,1.0,68,271,22120,7.76950538750043e-06,4.615638825102125e-06,7.76950538750043e-06,4.615638825102125e-06,0.0109265033352261,0.0064835367289579,1.4527679714319677e-05,2.7484258482672884e-06,rnd,0.1,4,RND (beta=0.1)
97000,0.404,0.229701030927835,1.0,68,271,22524,8.542403615102009e-06,1.6112246695560593e-06,8.542403615102009e-06,1.6112246695560593e-06,0.0120761366696012,0.0022712379854159,7.743899992874504e-06,2.743564230058837e-06,rnd,0.1,4,RND (beta=0.1)
98000,0.094,0.2283163265306122,1.0,68,271,22618,8.363569282238963e-06,8.630713935123459e-07,8.363569282238963e-06,8.630713935123459e-07,0.0118615514599286,0.0012250862707345,8.091231438129397e-06,2.691672282480795e-06,rnd,0.1,4,RND (beta=0.1)
99000,0.039,0.2264040404040404,1.0,68,271,22657,7.219552525128119e-06,5.360411863555093e-07,7.219552525128119e-06,5.360411863555093e-07,0.0103019063248018,0.0007652190170391,9.283582267698876e-06,2.6387656292854444e-06,rnd,0.1,4,RND (beta=0.1)
100000,0.01,0.22424,1.0,68,271,22667,8.498974830217776e-06,9.76166330400302e-07,8.498974830217776e-06,9.76166330400302e-07,0.0121872415502853,0.0013989339808052,6.3663803878171164e-06,2.615408645851857e-06,rnd,0.1,4,RND (beta=0.1)
