episode,end_step,length,extrinsic_return,shaped_return,success,tv_fraction
0,200,200,0.0,0.0,0,0.015
1,400,200,0.0,0.0,0,0.19
2,600,200,0.0,0.0,0,0.125
3,800,200,0.0,0.0,0,0.32
4,900,100,0.55,0.55,1,0.08
5,1100,200,0.0,0.0,0,0.28
6,1300,200,0.0,0.0,0,0.21
7,1500,200,0.0,0.0,0,0.275
8,1700,200,0.0,0.0,0,0.1
9,1900,200,0.0,0.0,0,0.275
10,2100,200,0.0,0.0,0,0.045
11,2300,200,0.0,0.0,0,0.06
12,2500,200,0.0,0.0,0,0.065
13,2700,200,0.0,0.0,0,0.07
14,2900,200,0.0,0.0,0,0.11
15,3100,200,0.0,0.0,0,0.225
16,3300,200,0.0,0.0,0,0.1
17,3500,200,0.0,0.0,0,0.06
18,3700,200,0.0,0.0,0,0.26
19,3900,200,0.0,0.0,0,0.3
20,4100,200,0.0,0.0,0,0.215
21,4300,200,0.0,0.0,0,0.245
22,4479,179,0.1945,0.1945,1,0.0111731843575419
23,4679,200,0.0,0.0,0,0.065
24,4806,127,0.4285,0.4285,1,0.047244094488188976
25,5006,200,0.0,0.0,0,0.12
26,5206,200,0.0,0.0,0,0.14
27,5406,200,0.0,0.0,0,0.07
28,5606,200,0.0,0.0,0,0.015
29,5806,200,0.0,0.0,0,0.195
30,6006,200,0.0,0.0,0,0.18
31,6206,200,0.0,0.0,0,0.215
32,6406,200,0.0,0.0,0,0.06
33,6606,200,0.0,0.0,0,0.225
34,6806,200,0.0,0.0,0,0.015
35,7006,200,0.0,0.0,0,0.05
36,7206,200,0.0,0.0,0,0.14
37,7406,200,0.0,0.0,0,0.235
38,7606,200,0.0,0.0,0,0.145
39,7756,150,0.32499999999999996,0.32499999999999996,1,0.10666666666666667
40,7956,200,0.0,0.0,0,0.2
41,8156,200,0.0,0.0,0,0.04
42,8356,200,0.0,0.0,0,0.36
43,8422,66,0.703,0.703,1,0.06060606060606061
44,8622,200,0.0,0.0,0,0.32
45,8789,167,0.24850000000000005,0.24850000000000005,1,0.07784431137724551
46,8989,200,0.0,0.0,0,0.05
47,9189,200,0.0,0.0,0,0.05
48,9389,200,0.0,0.0,0,0.035
49,9522,133,0.40149999999999997,0.40149999999999997,1,0.11278195488721804
50,9722,200,0.0,0.0,0,0.06
51,9779,57,0.7435,0.7435,1,0.15789473684210525
52,9979,200,0.0,0.0,0,0.235
53,10179,200,0.0,0.0,0,0.28
54,10278,99,0.5545,0.5545,1,0.010101010101010102
55,10478,200,0.0,0.0,0,0.14
56,10661,183,0.1765,0.1765,1,0.24043715846994534
57,10761,100,0.55,0.55,1,0.01
58,10823,62,0.721,0.721,1,0.14516129032258066
59,11023,200,0.0,0.0,0,0.315
60,11223,200,0.0,0.0,0,0.225
61,11341,118,0.469,0.469,1,0.1271186440677966
62,11541,200,0.0,0.0,0,0.195
63,11646,105,0.5275,0.5275,1,0.0380952380952381
64,11846,200,0.0,0.0,0,0.125
65,12046,200,0.0,0.0,0,0.195
66,12203,157,0.2935,0.2935,1,0.012738853503184714
67,12403,200,0.0,0.0,0,0.25
68,12555,152,0.31599999999999995,0.31599999999999995,1,0.019736842105263157
69,12729,174,0.21699999999999997,0.21699999999999997,1,0.08045977011494253
70,12929,200,0.0,0.0,0,0.1
71,13080,151,0.3205,0.3205,1,0.11920529801324503
72,13280,200,0.0,0.0,0,0.03
73,13480,200,0.0,0.0,0,0.11
74,13587,107,0.5185,0.5185,1,0.3177570093457944
75,13733,146,0.34299999999999997,0.34299999999999997,1,0.0410958904109589
76,13933,200,0.0,0.0,0,0.09
77,14049,116,0.478,0.478,1,0.22413793103448276
78,14229,180,0.18999999999999995,0.18999999999999995,1,0.3055555555555556
79,14371,142,0.361,0.361,1,0.014084507042253521
80,14455,84,0.622,0.622,1,0.25
81,14567,112,0.4959999999999999,0.4959999999999999,1,0.017857142857142856
82,14636,69,0.6895,0.6895,1,0.043478260869565216
83,14693,57,0.7435,0.7435,1,0.017543859649122806
84,14751,58,0.739,0.739,1,0.08620689655172414
85,14821,70,0.685,0.685,1,0.05714285714285714
86,14875,54,0.757,0.757,1,0.018518518518518517
87,14939,64,0.712,0.712,1,0.03125
88,15088,149,0.3295,0.3295,1,0.1342281879194631
89,15139,51,0.7705,0.7705,1,0.17647058823529413
90,15285,146,0.34299999999999997,0.34299999999999997,1,0.0821917808219178
91,15357,72,0.6759999999999999,0.6759999999999999,1,0.1388888888888889
92,15557,200,0.0,0.0,0,0.11
93,15728,171,0.23050000000000004,0.23050000000000004,1,0.1871345029239766
94,15859,131,0.4105,0.4105,1,0.030534351145038167
95,15997,138,0.379,0.379,1,0.07971014492753623
96,16075,78,0.649,0.649,1,0.01282051282051282
97,16198,123,0.4465,0.4465,1,0.04065040650406504
98,16344,146,0.34299999999999997,0.34299999999999997,1,0.0136986301369863
99,16419,75,0.6625,0.6625,1,0.06666666666666667
100,16533,114,0.487,0.487,1,0.10526315789473684
101,16665,132,0.4059999999999999,0.4059999999999999,1,0.16666666666666666
102,16865,200,0.0,0.0,0,0.075
103,17024,159,0.2845,0.2845,1,0.031446540880503145
104,17133,109,0.5095,0.5095,1,0.05504587155963303
105,17208,75,0.6625,0.6625,1,0.16
106,17328,120,0.45999999999999996,0.45999999999999996,1,0.08333333333333333
107,17503,175,0.21250000000000002,0.21250000000000002,1,0.13142857142857142
108,17579,76,0.6579999999999999,0.6579999999999999,1,0.11842105263157894
109,17697,118,0.469,0.469,1,0.00847457627118644
110,17782,85,0.6174999999999999,0.6174999999999999,1,0.011764705882352941
111,17845,63,0.7164999999999999,0.7164999999999999,1,0.07936507936507936
112,17938,93,0.5814999999999999,0.5814999999999999,1,0.010752688172043012
113,17999,61,0.7255,0.7255,1,0.19672131147540983
114,18174,175,0.21250000000000002,0.21250000000000002,1,0.07428571428571429
115,18293,119,0.4645,0.4645,1,0.05042016806722689
116,18488,195,0.12250000000000005,0.12250000000000005,1,0.020512820512820513
117,18584,96,0.5680000000000001,0.5680000000000001,1,0.020833333333333332
118,18690,106,0.5229999999999999,0.5229999999999999,1,0.1792452830188679
119,18800,110,0.5049999999999999,0.5049999999999999,1,0.08181818181818182
120,18927,127,0.4285,0.4285,1,0.09448818897637795
121,18977,50,0.775,0.775,1,0.28
122,19101,124,0.44199999999999995,0.44199999999999995,1,0.07258064516129033
123,19198,97,0.5635,0.5635,1,0.16494845360824742
124,19335,137,0.38349999999999995,0.38349999999999995,1,0.058394160583941604
125,19406,71,0.6805,0.6805,1,0.16901408450704225
126,19480,74,0.667,0.667,1,0.013513513513513514
127,19616,136,0.3879999999999999,0.3879999999999999,1,0.0661764705882353
128,19640,24,0.892,0.892,1,0.125
129,19840,200,0.0,0.0,0,0.035
130,19922,82,0.631,0.631,1,0.024390243902439025
131,20028,106,0.5229999999999999,0.5229999999999999,1,0.018867924528301886
132,20228,200,0.0,0.0,0,0.02
133,20408,180,0.18999999999999995,0.18999999999999995,1,0.016666666666666666
134,20521,113,0.49150000000000005,0.49150000000000005,1,0.07079646017699115
135,20649,128,0.42399999999999993,0.42399999999999993,1,0.0078125
136,20761,112,0.4959999999999999,0.4959999999999999,1,0.05357142857142857
137,20863,102,0.5409999999999999,0.5409999999999999,1,0.00980392156862745
138,20928,65,0.7075,0.7075,1,0.07692307692307693
139,21063,135,0.39249999999999996,0.39249999999999996,1,0.007407407407407408
140,21112,49,0.7795,0.7795,1,0.02040816326530612
141,21190,78,0.649,0.649,1,0.01282051282051282
142,21254,64,0.712,0.712,1,0.171875
143,21385,131,0.4105,0.4105,1,0.007633587786259542
144,21417,32,0.856,0.856,1,0.03125
145,21500,83,0.6265000000000001,0.6265000000000001,1,0.024096385542168676
146,21686,186,0.16299999999999992,0.16299999999999992,1,0.005376344086021506
147,21729,43,0.8065,0.8065,1,0.023255813953488372
148,21813,84,0.622,0.622,1,0.011904761904761904
149,21965,152,0.31599999999999995,0.31599999999999995,1,0.006578947368421052
150,22072,107,0.5185,0.5185,1,0.08411214953271028
151,22170,98,0.5589999999999999,0.5589999999999999,1,0.02040816326530612
152,22227,57,0.7435,0.7435,1,0.017543859649122806
153,22261,34,0.847,0.847,1,0.029411764705882353
154,22329,68,0.694,0.694,1,0.19117647058823528
155,22468,139,0.37450000000000006,0.37450000000000006,1,0.02158273381294964
156,22547,79,0.6445,0.6445,1,0.10126582278481013
157,22615,68,0.694,0.694,1,0.014705882352941176
158,22660,45,0.7975,0.7975,1,0.06666666666666667
159,22795,135,0.39249999999999996,0.39249999999999996,1,0.06666666666666667
160,22960,165,0.25750000000000006,0.25750000000000006,1,0.006060606060606061
161,23063,103,0.5365,0.5365,1,0.02912621359223301
162,23142,79,0.6445,0.6445,1,0.012658227848101266
163,23187,45,0.7975,0.7975,1,0.022222222222222223
164,23241,54,0.757,0.757,1,0.16666666666666666
165,23423,182,0.18099999999999994,0.18099999999999994,1,0.04945054945054945
166,23521,98,0.5589999999999999,0.5589999999999999,1,0.01020408163265306
167,23721,200,0.0,0.0,0,0.005
168,23776,55,0.7525,0.7525,1,0.12727272727272726
169,23808,32,0.856,0.856,1,0.03125
170,23918,110,0.5049999999999999,0.5049999999999999,1,0.00909090909090909
171,23960,42,0.8109999999999999,0.8109999999999999,1,0.07142857142857142
172,24160,200,0.0,0.0,0,0.02
173,24277,117,0.47350000000000003,0.47350000000000003,1,0.008547008547008548
174,24340,63,0.7164999999999999,0.7164999999999999,1,0.015873015873015872
175,24409,69,0.6895,0.6895,1,0.07246376811594203
176,24462,53,0.7615,0.7615,1,0.05660377358490566
177,24645,183,0.1765,0.1765,1,0.00546448087431694
178,24742,97,0.5635,0.5635,1,0.030927835051546393
179,24876,134,0.3969999999999999,0.3969999999999999,1,0.007462686567164179
180,25001,125,0.4375,0.4375,1,0.008
181,25175,174,0.21699999999999997,0.21699999999999997,1,0.017241379310344827
182,25308,133,0.40149999999999997,0.40149999999999997,1,0.022556390977443608
183,25508,200,0.0,0.0,0,0.02
184,25546,38,0.829,0.829,1,0.02631578947368421
185,25598,52,0.766,0.766,1,0.019230769230769232
186,25652,54,0.757,0.757,1,0.018518518518518517
187,25744,92,0.586,0.586,1,0.010869565217391304
188,25773,29,0.8694999999999999,0.8694999999999999,1,0.10344827586206896
189,25835,62,0.721,0.721,1,0.04838709677419355
190,25871,36,0.838,0.838,1,0.16666666666666666
191,25896,25,0.8875,0.8875,1,0.12
192,26018,122,0.45099999999999996,0.45099999999999996,1,0.13934426229508196
193,26059,41,0.8155,0.8155,1,0.024390243902439025
194,26163,104,0.532,0.532,1,0.009615384615384616
195,26202,39,0.8245,0.8245,1,0.02564102564102564
196,26292,90,0.595,0.595,1,0.011111111111111112
197,26333,41,0.8155,0.8155,1,0.12195121951219512
198,26379,46,0.7929999999999999,0.7929999999999999,1,0.021739130434782608
199,26456,77,0.6535,0.6535,1,0.03896103896103896
200,26540,84,0.622,0.622,1,0.03571428571428571
201,26602,62,0.721,0.721,1,0.08064516129032258
202,26649,47,0.7885,0.7885,1,0.02127659574468085
203,26849,200,0.0,0.0,0,0.02
204,26870,21,0.9055,0.9055,1,0.047619047619047616
205,26942,72,0.6759999999999999,0.6759999999999999,1,0.1111111111111111
206,26976,34,0.847,0.847,1,0.029411764705882353
207,27052,76,0.6579999999999999,0.6579999999999999,1,0.07894736842105263
208,27186,134,0.3969999999999999,0.3969999999999999,1,0.08955223880597014
209,27243,57,0.7435,0.7435,1,0.017543859649122806
210,27283,40,0.82,0.82,1,0.225
211,27319,36,0.838,0.838,1,0.027777777777777776
212,27419,100,0.55,0.55,1,0.06
213,27451,32,0.856,0.856,1,0.1875
214,27503,52,0.766,0.766,1,0.019230769230769232
215,27569,66,0.703,0.703,1,0.045454545454545456
216,27627,58,0.739,0.739,1,0.017241379310344827
217,27706,79,0.6445,0.6445,1,0.012658227848101266
218,27722,16,0.9279999999999999,0.9279999999999999,1,0.0625
219,27767,45,0.7975,0.7975,1,0.1111111111111111
220,27801,34,0.847,0.847,1,0.14705882352941177
221,27823,22,0.901,0.901,1,0.045454545454545456
222,27914,91,0.5905,0.5905,1,0.25274725274725274
223,27946,32,0.856,0.856,1,0.09375
224,28028,82,0.631,0.631,1,0.17073170731707318
225,28161,133,0.40149999999999997,0.40149999999999997,1,0.06015037593984962
226,28217,56,0.748,0.748,1,0.017857142857142856
227,28269,52,0.766,0.766,1,0.4230769230769231
228,28325,56,0.748,0.748,1,0.017857142857142856
229,28417,92,0.586,0.586,1,0.06521739130434782
230,28468,51,0.7705,0.7705,1,0.5686274509803921
231,28517,49,0.7795,0.7795,1,0.40816326530612246
232,28662,145,0.34750000000000003,0.34750000000000003,1,0.05517241379310345
233,28742,80,0.6399999999999999,0.6399999999999999,1,0.1375
234,28848,106,0.5229999999999999,0.5229999999999999,1,0.5943396226415094
235,28881,33,0.8514999999999999,0.8514999999999999,1,0.3939393939393939
236,28952,71,0.6805,0.6805,1,0.014084507042253521
237,29008,56,0.748,0.748,1,0.26785714285714285
238,29038,30,0.865,0.865,1,0.06666666666666667
239,29070,32,0.856,0.856,1,0.03125
240,29127,57,0.7435,0.7435,1,0.15789473684210525
241,29181,54,0.757,0.757,1,0.018518518518518517
242,29218,37,0.8335,0.8335,1,0.02702702702702703
243,29259,41,0.8155,0.8155,1,0.12195121951219512
244,29280,21,0.9055,0.9055,1,0.047619047619047616
245,29329,49,0.7795,0.7795,1,0.061224489795918366
246,29351,22,0.901,0.901,1,0.045454545454545456
247,29373,22,0.901,0.901,1,0.18181818181818182
248,29391,18,0.919,0.919,1,0.05555555555555555
249,29427,36,0.838,0.838,1,0.1388888888888889
250,29458,31,0.8605,0.8605,1,0.03225806451612903
251,29488,30,0.865,0.865,1,0.03333333333333333
252,29508,20,0.91,0.91,1,0.05
253,29543,35,0.8425,0.8425,1,0.42857142857142855
254,29566,23,0.8965,0.8965,1,0.13043478260869565
255,29615,49,0.7795,0.7795,1,0.02040816326530612
256,29645,30,0.865,0.865,1,0.03333333333333333
257,29683,38,0.829,0.829,1,0.23684210526315788
258,29709,26,0.883,0.883,1,0.19230769230769232
259,29741,32,0.856,0.856,1,0.03125
260,29787,46,0.7929999999999999,0.7929999999999999,1,0.021739130434782608
261,29826,39,0.8245,0.8245,1,0.02564102564102564
262,29857,31,0.8605,0.8605,1,0.03225806451612903
263,29892,35,0.8425,0.8425,1,0.08571428571428572
264,29914,22,0.901,0.901,1,0.13636363636363635
265,29936,22,0.901,0.901,1,0.045454545454545456
266,29968,32,0.856,0.856,1,0.03125
267,29994,26,0.883,0.883,1,0.11538461538461539
268,30024,30,0.865,0.865,1,0.03333333333333333
269,30054,30,0.865,0.865,1,0.03333333333333333
270,30130,76,0.6579999999999999,0.6579999999999999,1,0.013157894736842105
271,30162,32,0.856,0.856,1,0.125
272,30238,76,0.6579999999999999,0.6579999999999999,1,0.05263157894736842
273,30299,61,0.7255,0.7255,1,0.2459016393442623
274,30318,19,0.9145,0.9145,1,0.15789473684210525
275,30357,39,0.8245,0.8245,1,0.20512820512820512
276,30557,200,0.0,0.0,0,0.085
277,30592,35,0.8425,0.8425,1,0.2571428571428571
278,30626,34,0.847,0.847,1,0.14705882352941177
279,30654,28,0.874,0.874,1,0.03571428571428571
280,30678,24,0.892,0.892,1,0.20833333333333334
281,30704,26,0.883,0.883,1,0.038461538461538464
282,30735,31,0.8605,0.8605,1,0.0967741935483871
283,30805,70,0.685,0.685,1,0.014285714285714285
284,30829,24,0.892,0.892,1,0.20833333333333334
285,30854,25,0.8875,0.8875,1,0.04
286,30873,19,0.9145,0.9145,1,0.05263157894736842
287,30911,38,0.829,0.829,1,0.07894736842105263
288,30972,61,0.7255,0.7255,1,0.06557377049180328
289,31007,35,0.8425,0.8425,1,0.02857142857142857
290,31044,37,0.8335,0.8335,1,0.08108108108108109
291,31061,17,0.9235,0.9235,1,0.058823529411764705
292,31099,38,0.829,0.829,1,0.02631578947368421
293,31117,18,0.919,0.919,1,0.05555555555555555
294,31148,31,0.8605,0.8605,1,0.03225806451612903
295,31172,24,0.892,0.892,1,0.125
296,31205,33,0.8514999999999999,0.8514999999999999,1,0.030303030303030304
297,31275,70,0.685,0.685,1,0.04285714285714286
298,31333,58,0.739,0.739,1,0.017241379310344827
299,31392,59,0.7344999999999999,0.7344999999999999,1,0.01694915254237288
300,31415,23,0.8965,0.8965,1,0.13043478260869565
301,31463,48,0.784,0.784,1,0.020833333333333332
302,31495,32,0.856,0.856,1,0.03125
303,31534,39,0.8245,0.8245,1,0.02564102564102564
304,31734,200,0.0,0.0,0,0.01
305,31758,24,0.892,0.892,1,0.041666666666666664
306,31797,39,0.8245,0.8245,1,0.07692307692307693
307,31871,74,0.667,0.667,1,0.13513513513513514
308,31910,39,0.8245,0.8245,1,0.02564102564102564
309,31996,86,0.613,0.613,1,0.06976744186046512
310,32026,30,0.865,0.865,1,0.1
311,32109,83,0.6265000000000001,0.6265000000000001,1,0.14457831325301204
312,32183,74,0.667,0.667,1,0.14864864864864866
313,32383,200,0.0,0.0,0,0.03
314,32583,200,0.0,0.0,0,0.02
315,32628,45,0.7975,0.7975,1,0.28888888888888886
316,32654,26,0.883,0.883,1,0.038461538461538464
317,32854,200,0.0,0.0,0,0.01
318,33054,200,0.0,0.0,0,0.01
319,33145,91,0.5905,0.5905,1,0.04395604395604396
320,33345,200,0.0,0.0,0,0.045
321,33379,34,0.847,0.847,1,0.029411764705882353
322,33579,200,0.0,0.0,0,0.005
323,33598,19,0.9145,0.9145,1,0.2631578947368421
324,33798,200,0.0,0.0,0,0.01
325,33998,200,0.0,0.0,0,0.02
326,34139,141,0.36550000000000005,0.36550000000000005,1,0.0425531914893617
327,34157,18,0.919,0.919,1,0.05555555555555555
328,34272,115,0.48250000000000004,0.48250000000000004,1,0.08695652173913043
329,34314,42,0.8109999999999999,0.8109999999999999,1,0.047619047619047616
330,34347,33,0.8514999999999999,0.8514999999999999,1,0.06060606060606061
331,34398,51,0.7705,0.7705,1,0.19607843137254902
332,34588,190,0.14500000000000002,0.14500000000000002,1,0.010526315789473684
333,34788,200,0.0,0.0,0,0.01
334,34988,200,0.0,0.0,0,0.01
335,35188,200,0.0,0.0,0,0.02
336,35388,200,0.0,0.0,0,0.01
337,35588,200,0.0,0.0,0,0.03
338,35618,30,0.865,0.865,1,0.1
339,35818,200,0.0,0.0,0,0.01
340,36018,200,0.0,0.0,0,0.01
341,36218,200,0.0,0.0,0,0.08
342,36234,16,0.9279999999999999,0.9279999999999999,1,0.0625
343,36434,200,0.0,0.0,0,0.01
344,36616,182,0.18099999999999994,0.18099999999999994,1,0.01098901098901099
345,36816,200,0.0,0.0,0,0.02
346,36869,53,0.7615,0.7615,1,0.03773584905660377
347,37049,180,0.18999999999999995,0.18999999999999995,1,0.022222222222222223
348,37069,20,0.91,0.91,1,0.05
349,37269,200,0.0,0.0,0,0.02
350,37469,200,0.0,0.0,0,0.02
351,37623,154,0.30699999999999994,0.30699999999999994,1,0.03896103896103896
352,37655,32,0.856,0.856,1,0.03125
353,37708,53,0.7615,0.7615,1,0.16981132075471697
354,37908,200,0.0,0.0,0,0.01
355,38108,200,0.0,0.0,0,0.01
356,38278,170,0.235,0.235,1,0.011764705882352941
357,38428,150,0.32499999999999996,0.32499999999999996,1,0.05333333333333334
358,38445,17,0.9235,0.9235,1,0.058823529411764705
359,38567,122,0.45099999999999996,0.45099999999999996,1,0.09016393442622951
360,38683,116,0.478,0.478,1,0.07758620689655173
361,38883,200,0.0,0.0,0,0.01
362,39083,200,0.0,0.0,0,0.135
363,39117,34,0.847,0.847,1,0.029411764705882353
364,39182,65,0.7075,0.7075,1,0.015384615384615385
365,39333,151,0.3205,0.3205,1,0.039735099337748346
366,39385,52,0.766,0.766,1,0.019230769230769232
367,39415,30,0.865,0.865,1,0.03333333333333333
368,39458,43,0.8065,0.8065,1,0.09302325581395349
369,39658,200,0.0,0.0,0,0.02
370,39706,48,0.784,0.784,1,0.041666666666666664
371,39724,18,0.919,0.919,1,0.05555555555555555
372,39744,20,0.91,0.91,1,0.05
373,39800,56,0.748,0.748,1,0.10714285714285714
374,39822,22,0.901,0.901,1,0.045454545454545456
375,39838,16,0.9279999999999999,0.9279999999999999,1,0.0625
376,39886,48,0.784,0.784,1,0.020833333333333332
377,39908,22,0.901,0.901,1,0.045454545454545456
378,39932,24,0.892,0.892,1,0.041666666666666664
379,39958,26,0.883,0.883,1,0.038461538461538464
380,39972,14,0.9369999999999999,0.9369999999999999,1,0.07142857142857142
381,40142,170,0.235,0.235,1,0.047058823529411764
382,40194,52,0.766,0.766,1,0.019230769230769232
383,40222,28,0.874,0.874,1,0.03571428571428571
384,40258,36,0.838,0.838,1,0.027777777777777776
385,40353,95,0.5725,0.5725,1,0.010526315789473684
386,40384,31,0.8605,0.8605,1,0.03225806451612903
387,40436,52,0.766,0.766,1,0.019230769230769232
388,40508,72,0.6759999999999999,0.6759999999999999,1,0.013888888888888888
389,40525,17,0.9235,0.9235,1,0.058823529411764705
390,40546,21,0.9055,0.9055,1,0.047619047619047616
391,40614,68,0.694,0.694,1,0.014705882352941176
392,40652,38,0.829,0.829,1,0.02631578947368421
393,40666,14,0.9369999999999999,0.9369999999999999,1,0.07142857142857142
394,40684,18,0.919,0.919,1,0.05555555555555555
395,40715,31,0.8605,0.8605,1,0.03225806451612903
396,40793,78,0.649,0.649,1,0.01282051282051282
397,40881,88,0.604,0.604,1,0.011363636363636364
398,40899,18,0.919,0.919,1,0.05555555555555555
399,40933,34,0.847,0.847,1,0.029411764705882353
400,40984,51,0.7705,0.7705,1,0.0196078431372549
401,41014,30,0.865,0.865,1,0.03333333333333333
402,41030,16,0.9279999999999999,0.9279999999999999,1,0.0625
403,41048,18,0.919,0.919,1,0.16666666666666666
404,41248,200,0.0,0.0,0,0.01
405,41448,200,0.0,0.0,0,0.005
406,41540,92,0.586,0.586,1,0.010869565217391304
407,41606,66,0.703,0.703,1,0.015151515151515152
408,41756,150,0.32499999999999996,0.32499999999999996,1,0.02
409,41794,38,0.829,0.829,1,0.02631578947368421
410,41838,44,0.802,0.802,1,0.022727272727272728
411,41963,125,0.4375,0.4375,1,0.008
412,42025,62,0.721,0.721,1,0.016129032258064516
413,42067,42,0.8109999999999999,0.8109999999999999,1,0.023809523809523808
414,42091,24,0.892,0.892,1,0.041666666666666664
415,42113,22,0.901,0.901,1,0.045454545454545456
416,42154,41,0.8155,0.8155,1,0.024390243902439025
417,42182,28,0.874,0.874,1,0.03571428571428571
418,42206,24,0.892,0.892,1,0.041666666666666664
419,42235,29,0.8694999999999999,0.8694999999999999,1,0.2413793103448276
420,42283,48,0.784,0.784,1,0.020833333333333332
421,42366,83,0.6265000000000001,0.6265000000000001,1,0.04819277108433735
422,42400,34,0.847,0.847,1,0.029411764705882353
423,42472,72,0.6759999999999999,0.6759999999999999,1,0.013888888888888888
424,42519,47,0.7885,0.7885,1,0.0425531914893617
425,42554,35,0.8425,0.8425,1,0.02857142857142857
426,42578,24,0.892,0.892,1,0.041666666666666664
427,42622,44,0.802,0.802,1,0.022727272727272728
428,42641,19,0.9145,0.9145,1,0.05263157894736842
429,42735,94,0.577,0.577,1,0.010638297872340425
430,42869,134,0.3969999999999999,0.3969999999999999,1,0.007462686567164179
431,42909,40,0.82,0.82,1,0.025
432,43109,200,0.0,0.0,0,0.015
433,43155,46,0.7929999999999999,0.7929999999999999,1,0.06521739130434782
434,43197,42,0.8109999999999999,0.8109999999999999,1,0.023809523809523808
435,43275,78,0.649,0.649,1,0.01282051282051282
436,43445,170,0.235,0.235,1,0.01764705882352941
437,43499,54,0.757,0.757,1,0.018518518518518517
438,43641,142,0.361,0.361,1,0.007042253521126761
439,43761,120,0.45999999999999996,0.45999999999999996,1,0.058333333333333334
440,43881,120,0.45999999999999996,0.45999999999999996,1,0.008333333333333333
441,43977,96,0.5680000000000001,0.5680000000000001,1,0.010416666666666666
442,44039,62,0.721,0.721,1,0.04838709677419355
443,44239,200,0.0,0.0,0,0.005
444,44344,105,0.5275,0.5275,1,0.047619047619047616
445,44449,105,0.5275,0.5275,1,0.10476190476190476
446,44567,118,0.469,0.469,1,0.00847457627118644
447,44767,200,0.0,0.0,0,0.145
448,44967,200,0.0,0.0,0,0.005
449,45087,120,0.45999999999999996,0.45999999999999996,1,0.025
450,45239,152,0.31599999999999995,0.31599999999999995,1,0.006578947368421052
451,45314,75,0.6625,0.6625,1,0.04
452,45514,200,0.0,0.0,0,0.005
453,45663,149,0.3295,0.3295,1,0.020134228187919462
454,45783,120,0.45999999999999996,0.45999999999999996,1,0.075
455,45856,73,0.6715,0.6715,1,0.0684931506849315
456,45920,64,0.712,0.712,1,0.015625
457,46003,83,0.6265000000000001,0.6265000000000001,1,0.060240963855421686
458,46027,24,0.892,0.892,1,0.041666666666666664
459,46173,146,0.34299999999999997,0.34299999999999997,1,0.00684931506849315
460,46298,125,0.4375,0.4375,1,0.072
461,46498,200,0.0,0.0,0,0.385
462,46698,200,0.0,0.0,0,0.005
463,46898,200,0.0,0.0,0,0.035
464,47055,157,0.2935,0.2935,1,0.17197452229299362
465,47113,58,0.739,0.739,1,0.017241379310344827
466,47148,35,0.8425,0.8425,1,0.02857142857142857
467,47348,200,0.0,0.0,0,0.005
468,47444,96,0.5680000000000001,0.5680000000000001,1,0.13541666666666666
469,47644,200,0.0,0.0,0,0.005
470,47844,200,0.0,0.0,0,0.005
471,48020,176,0.20799999999999996,0.20799999999999996,1,0.005681818181818182
472,48042,22,0.901,0.901,1,0.045454545454545456
473,48128,86,0.613,0.613,1,0.011627906976744186
474,48282,154,0.30699999999999994,0.30699999999999994,1,0.006493506493506494
475,48458,176,0.20799999999999996,0.20799999999999996,1,0.005681818181818182
476,48581,123,0.4465,0.4465,1,0.008130081300813009
477,48781,200,0.0,0.0,0,0.005
478,48938,157,0.2935,0.2935,1,0.006369426751592357
479,49138,200,0.0,0.0,0,0.005
480,49338,200,0.0,0.0,0,0.005
481,49538,200,0.0,0.0,0,0.015
482,49738,200,0.0,0.0,0,0.005
483,49906,168,0.244,0.244,1,0.005952380952380952
484,50106,200,0.0,0.0,0,0.005
485,50306,200,0.0,0.0,0,0.005
486,50506,200,0.0,0.0,0,0.005
487,50706,200,0.0,0.0,0,0.005
488,50906,200,0.0,0.0,0,0.005
489,51106,200,0.0,0.0,0,0.005
490,51212,106,0.5229999999999999,0.5229999999999999,1,0.009433962264150943
491,51412,200,0.0,0.0,0,1.0
492,51584,172,0.22599999999999998,0.22599999999999998,1,0.11046511627906977
493,51784,200,0.0,0.0,0,0.11
494,51984,200,0.0,0.0,0,0.785
495,52028,44,0.802,0.802,1,0.5681818181818182
496,52058,30,0.865,0.865,1,0.03333333333333333
497,52168,110,0.5049999999999999,0.5049999999999999,1,0.00909090909090909
498,52184,16,0.9279999999999999,0.9279999999999999,1,0.0625
499,52256,72,0.6759999999999999,0.6759999999999999,1,0.013888888888888888
500,52280,24,0.892,0.892,1,0.041666666666666664
501,52340,60,0.73,0.73,1,0.016666666666666666
502,52362,22,0.901,0.901,1,0.045454545454545456
503,52418,56,0.748,0.748,1,0.017857142857142856
504,52476,58,0.739,0.739,1,0.017241379310344827
505,52496,20,0.91,0.91,1,0.05
506,52546,50,0.775,0.775,1,0.02
507,52562,16,0.9279999999999999,0.9279999999999999,1,0.0625
508,52586,24,0.892,0.892,1,0.041666666666666664
509,52687,101,0.5455,0.5455,1,0.009900990099009901
510,52857,170,0.235,0.235,1,0.0058823529411764705
511,52927,70,0.685,0.685,1,0.014285714285714285
512,52963,36,0.838,0.838,1,0.027777777777777776
513,53029,66,0.703,0.703,1,0.015151515151515152
514,53136,107,0.5185,0.5185,1,0.009345794392523364
515,53312,176,0.20799999999999996,0.20799999999999996,1,0.005681818181818182
516,53468,156,0.29799999999999993,0.29799999999999993,1,0.00641025641025641
517,53514,46,0.7929999999999999,0.7929999999999999,1,0.021739130434782608
518,53612,98,0.5589999999999999,0.5589999999999999,1,0.01020408163265306
519,53762,150,0.32499999999999996,0.32499999999999996,1,0.006666666666666667
520,53860,98,0.5589999999999999,0.5589999999999999,1,0.01020408163265306
521,53906,46,0.7929999999999999,0.7929999999999999,1,0.021739130434782608
522,54106,200,0.0,0.0,0,0.005
523,54277,171,0.23050000000000004,0.23050000000000004,1,0.21052631578947367
524,54341,64,0.712,0.712,1,0.359375
525,54392,51,0.7705,0.7705,1,0.17647058823529413
526,54410,18,0.919,0.919,1,0.05555555555555555
527,54554,144,0.352,0.352,1,0.034722222222222224
528,54754,200,0.0,0.0,0,0.005
529,54954,200,0.0,0.0,0,0.11
530,55084,130,0.4149999999999999,0.4149999999999999,1,0.24615384615384617
531,55284,200,0.0,0.0,0,0.005
532,55484,200,0.0,0.0,0,0.005
533,55684,200,0.0,0.0,0,0.005
534,55884,200,0.0,0.0,0,0.005
535,56084,200,0.0,0.0,0,0.005
536,56217,133,0.40149999999999997,0.40149999999999997,1,0.03007518796992481
537,56417,200,0.0,0.0,0,0.01
538,56512,95,0.5725,0.5725,1,0.021052631578947368
539,56712,200,0.0,0.0,0,0.01
540,56762,50,0.775,0.775,1,0.04
541,56900,138,0.379,0.379,1,0.028985507246376812
542,57026,126,0.43299999999999994,0.43299999999999994,1,0.015873015873015872
543,57064,38,0.829,0.829,1,0.10526315789473684
544,57128,64,0.712,0.712,1,0.015625
545,57304,176,0.20799999999999996,0.20799999999999996,1,0.005681818181818182
546,57504,200,0.0,0.0,0,0.02
547,57704,200,0.0,0.0,0,0.005
548,57775,71,0.6805,0.6805,1,0.014084507042253521
549,57827,52,0.766,0.766,1,0.019230769230769232
550,57930,103,0.5365,0.5365,1,0.009708737864077669
551,58014,84,0.622,0.622,1,0.03571428571428571
552,58032,18,0.919,0.919,1,0.05555555555555555
553,58050,18,0.919,0.919,1,0.05555555555555555
554,58068,18,0.919,0.919,1,0.05555555555555555
555,58084,16,0.9279999999999999,0.9279999999999999,1,0.0625
556,58104,20,0.91,0.91,1,0.05
557,58124,20,0.91,0.91,1,0.05
558,58140,16,0.9279999999999999,0.9279999999999999,1,0.0625
559,58156,16,0.9279999999999999,0.9279999999999999,1,0.0625
560,58172,16,0.9279999999999999,0.9279999999999999,1,0.0625
561,58190,18,0.919,0.919,1,0.05555555555555555
562,58206,16,0.9279999999999999,0.9279999999999999,1,0.0625
563,58222,16,0.9279999999999999,0.9279999999999999,1,0.0625
564,58246,24,0.892,0.892,1,0.041666666666666664
565,58270,24,0.892,0.892,1,0.041666666666666664
566,58288,18,0.919,0.919,1,0.05555555555555555
567,58308,20,0.91,0.91,1,0.05
568,58324,16,0.9279999999999999,0.9279999999999999,1,0.0625
569,58342,18,0.919,0.919,1,0.05555555555555555
570,58360,18,0.919,0.919,1,0.05555555555555555
571,58376,16,0.9279999999999999,0.9279999999999999,1,0.0625
572,58394,18,0.919,0.919,1,0.05555555555555555
573,58412,18,0.919,0.919,1,0.05555555555555555
574,58500,88,0.604,0.604,1,0.10227272727272728
575,58516,16,0.9279999999999999,0.9279999999999999,1,0.0625
576,58534,18,0.919,0.919,1,0.05555555555555555
577,58550,16,0.9279999999999999,0.9279999999999999,1,0.0625
578,58566,16,0.9279999999999999,0.9279999999999999,1,0.0625
579,58584,18,0.919,0.919,1,0.16666666666666666
580,58600,16,0.9279999999999999,0.9279999999999999,1,0.0625
581,58616,16,0.9279999999999999,0.9279999999999999,1,0.0625
582,58632,16,0.9279999999999999,0.9279999999999999,1,0.0625
583,58646,14,0.9369999999999999,0.9369999999999999,1,0.07142857142857142
584,58662,16,0.9279999999999999,0.9279999999999999,1,0.0625
585,58678,16,0.9279999999999999,0.9279999999999999,1,0.0625
586,58694,16,0.9279999999999999,0.9279999999999999,1,0.0625
587,58710,16,0.9279999999999999,0.9279999999999999,1,0.0625
588,58728,18,0.919,0.919,1,0.16666666666666666
589,58744,16,0.9279999999999999,0.9279999999999999,1,0.0625
590,58760,16,0.9279999999999999,0.9279999999999999,1,0.0625
591,58780,20,0.91,0.91,1,0.1
592,58934,154,0.30699999999999994,0.30699999999999994,1,0.01948051948051948
593,58966,32,0.856,0.856,1,0.03125
594,58992,26,0.883,0.883,1,0.038461538461538464
595,59010,18,0.919,0.919,1,0.05555555555555555
596,59028,18,0.919,0.919,1,0.05555555555555555
597,59044,16,0.9279999999999999,0.9279999999999999,1,0.0625
598,59060,16,0.9279999999999999,0.9279999999999999,1,0.0625
599,59074,14,0.9369999999999999,0.9369999999999999,1,0.07142857142857142
600,59088,14,0.9369999999999999,0.9369999999999999,1,0.07142857142857142
601,59102,14,0.9369999999999999,0.9369999999999999,1,0.07142857142857142
602,59118,16,0.9279999999999999,0.9279999999999999,1,0.0625
603,59136,18,0.919,0.919,1,0.05555555555555555
604,59155,19,0.9145,0.9145,1,0.05263157894736842
605,59171,16,0.9279999999999999,0.9279999999999999,1,0.0625
606,59189,18,0.919,0.919,1,0.05555555555555555
607,59207,18,0.919,0.919,1,0.05555555555555555
608,59225,18,0.919,0.919,1,0.05555555555555555
609,59245,20,0.91,0.91,1,0.05
610,59265,20,0.91,0.91,1,0.15
611,59281,16,0.9279999999999999,0.9279999999999999,1,0.0625
612,59318,37,0.8335,0.8335,1,0.02702702702702703
613,59336,18,0.919,0.919,1,0.16666666666666666
614,59350,14,0.9369999999999999,0.9369999999999999,1,0.07142857142857142
615,59366,16,0.9279999999999999,0.9279999999999999,1,0.0625
616,59380,14,0.9369999999999999,0.9369999999999999,1,0.07142857142857142
617,59396,16,0.9279999999999999,0.9279999999999999,1,0.0625
618,59414,18,0.919,0.919,1,0.05555555555555555
619,59432,18,0.919,0.919,1,0.05555555555555555
620,59448,16,0.9279999999999999,0.9279999999999999,1,0.0625
621,59466,18,0.919,0.919,1,0.05555555555555555
622,59511,45,0.7975,0.7975,1,0.022222222222222223
623,59537,26,0.883,0.883,1,0.038461538461538464
624,59553,16,0.9279999999999999,0.9279999999999999,1,0.0625
625,59571,18,0.919,0.919,1,0.05555555555555555
626,59587,16,0.9279999999999999,0.9279999999999999,1,0.0625
627,59634,47,0.7885,0.7885,1,0.02127659574468085
628,59658,24,0.892,0.892,1,0.041666666666666664
629,59674,16,0.9279999999999999,0.9279999999999999,1,0.0625
630,59688,14,0.9369999999999999,0.9369999999999999,1,0.07142857142857142
631,59704,16,0.9279999999999999,0.9279999999999999,1,0.0625
632,59722,18,0.919,0.919,1,0.05555555555555555
633,59740,18,0.919,0.919,1,0.16666666666666666
634,59759,19,0.9145,0.9145,1,0.05263157894736842
635,59795,36,0.838,0.838,1,0.027777777777777776
636,59820,25,0.8875,0.8875,1,0.04
637,59836,16,0.9279999999999999,0.9279999999999999,1,0.0625
638,59850,14,0.9369999999999999,0.9369999999999999,1,0.07142857142857142
639,59866,16,0.9279999999999999,0.9279999999999999,1,0.0625
640,59884,18,0.919,0.919,1,0.16666666666666666
641,59902,18,0.919,0.919,1,0.16666666666666666
642,59924,22,0.901,0.901,1,0.045454545454545456
643,59940,16,0.9279999999999999,0.9279999999999999,1,0.0625
644,59956,16,0.9279999999999999,0.9279999999999999,1,0.0625
645,59972,16,0.9279999999999999,0.9279999999999999,1,0.0625
646,59988,16,0.9279999999999999,0.9279999999999999,1,0.0625
647,60004,16,0.9279999999999999,0.9279999999999999,1,0.0625
648,60020,16,0.9279999999999999,0.9279999999999999,1,0.0625
649,60044,24,0.892,0.892,1,0.041666666666666664
650,60058,14,0.9369999999999999,0.9369999999999999,1,0.07142857142857142
651,60086,28,0.874,0.874,1,0.03571428571428571
652,60112,26,0.883,0.883,1,0.038461538461538464
653,60136,24,0.892,0.892,1,0.041666666666666664
654,60156,20,0.91,0.91,1,0.05
655,60170,14,0.9369999999999999,0.9369999999999999,1,0.07142857142857142
656,60184,14,0.9369999999999999,0.9369999999999999,1,0.07142857142857142
657,60200,16,0.9279999999999999,0.9279999999999999,1,0.1875
658,60218,18,0.919,0.919,1,0.05555555555555555
659,60240,22,0.901,0.901,1,0.045454545454545456
660,60255,15,0.9325,0.9325,1,0.06666666666666667
661,60280,25,0.8875,0.8875,1,0.04
662,60309,29,0.8694999999999999,0.8694999999999999,1,0.034482758620689655
663,60331,22,0.901,0.901,1,0.4090909090909091
664,60393,62,0.721,0.721,1,0.016129032258064516
665,60411,18,0.919,0.919,1,0.05555555555555555
666,60427,16,0.9279999999999999,0.9279999999999999,1,0.0625
667,60441,14,0.9369999999999999,0.9369999999999999,1,0.07142857142857142
668,60465,24,0.892,0.892,1,0.20833333333333334
669,60496,31,0.8605,0.8605,1,0.41935483870967744
670,60540,44,0.802,0.802,1,0.7045454545454546
671,60557,17,0.9235,0.9235,1,0.058823529411764705
672,60571,14,0.9369999999999999,0.9369999999999999,1,0.07142857142857142
673,60592,21,0.9055,0.9055,1,0.047619047619047616
674,60606,14,0.9369999999999999,0.9369999999999999,1,0.07142857142857142
675,60620,14,0.9369999999999999,0.9369999999999999,1,0.07142857142857142
676,60650,30,0.865,0.865,1,0.03333333333333333
677,60668,18,0.919,0.919,1,0.05555555555555555
678,60684,16,0.9279999999999999,0.9279999999999999,1,0.0625
679,60702,18,0.919,0.919,1,0.05555555555555555
680,60716,14,0.9369999999999999,0.9369999999999999,1,0.07142857142857142
681,60732,16,0.9279999999999999,0.9279999999999999,1,0.0625
682,60750,18,0.919,0.919,1,0.2777777777777778
683,60766,16,0.9279999999999999,0.9279999999999999,1,0.0625
684,60780,14,0.9369999999999999,0.9369999999999999,1,0.07142857142857142
685,60796,16,0.9279999999999999,0.9279999999999999,1,0.0625
686,60812,16,0.9279999999999999,0.9279999999999999,1,0.1875
687,60826,14,0.9369999999999999,0.9369999999999999,1,0.07142857142857142
688,60840,14,0.9369999999999999,0.9369999999999999,1,0.07142857142857142
689,60854,14,0.9369999999999999,0.9369999999999999,1,0.07142857142857142
690,60870,16,0.9279999999999999,0.9279999999999999,1,0.0625
691,60888,18,0.919,0.919,1,0.05555555555555555
692,60909,21,0.9055,0.9055,1,0.23809523809523808
693,60923,14,0.9369999999999999,0.9369999999999999,1,0.07142857142857142
694,60984,61,0.7255,0.7255,1,0.01639344262295082
695,61000,16,0.9279999999999999,0.9279999999999999,1,0.1875
696,61014,14,0.9369999999999999,0.9369999999999999,1,0.07142857142857142
697,61050,36,0.838,0.838,1,0.3055555555555556
698,61066,16,0.9279999999999999,0.9279999999999999,1,0.0625
699,61108,42,0.8109999999999999,0.8109999999999999,1,0.023809523809523808
700,61123,15,0.9325,0.9325,1,0.06666666666666667
701,61165,42,0.8109999999999999,0.8109999999999999,1,0.023809523809523808
702,61193,28,0.874,0.874,1,0.03571428571428571
703,61217,24,0.892,0.892,1,0.041666666666666664
704,61235,18,0.919,0.919,1,0.05555555555555555
705,61249,14,0.9369999999999999,0.9369999999999999,1,0.07142857142857142
706,61264,15,0.9325,0.9325,1,0.06666666666666667
707,61290,26,0.883,0.883,1,0.038461538461538464
708,61304,14,0.9369999999999999,0.9369999999999999,1,0.07142857142857142
709,61318,14,0.9369999999999999,0.9369999999999999,1,0.07142857142857142
710,61334,16,0.9279999999999999,0.9279999999999999,1,0.1875
711,61354,20,0.91,0.91,1,0.05
712,61400,46,0.7929999999999999,0.7929999999999999,1,0.021739130434782608
713,61451,51,0.7705,0.7705,1,0.2549019607843137
714,61465,14,0.9369999999999999,0.9369999999999999,1,0.07142857142857142
715,61481,16,0.9279999999999999,0.9279999999999999,1,0.0625
716,61507,26,0.883,0.883,1,0.038461538461538464
717,61524,17,0.9235,0.9235,1,0.058823529411764705
718,61540,16,0.9279999999999999,0.9279999999999999,1,0.0625
719,61556,16,0.9279999999999999,0.9279999999999999,1,0.0625
720,61570,14,0.9369999999999999,0.9369999999999999,1,0.07142857142857142
721,61600,30,0.865,0.865,1,0.2
722,61617,17,0.9235,0.9235,1,0.058823529411764705
723,61632,15,0.9325,0.9325,1,0.06666666666666667
724,61646,14,0.9369999999999999,0.9369999999999999,1,0.07142857142857142
725,61660,14,0.9369999999999999,0.9369999999999999,1,0.07142857142857142
726,61674,14,0.9369999999999999,0.9369999999999999,1,0.07142857142857142
727,61700,26,0.883,0.883,1,0.038461538461538464
728,61714,14,0.9369999999999999,0.9369999999999999,1,0.07142857142857142
729,61728,14,0.9369999999999999,0.9369999999999999,1,0.07142857142857142
730,61772,44,0.802,0.802,1,0.022727272727272728
731,61823,51,0.7705,0.7705,1,0.058823529411764705
732,61837,14,0.9369999999999999,0.9369999999999999,1,0.07142857142857142
733,61852,15,0.9325,0.9325,1,0.06666666666666667
734,61880,28,0.874,0.874,1,0.03571428571428571
735,61952,72,0.6759999999999999,0.6759999999999999,1,0.013888888888888888
736,61978,26,0.883,0.883,1,0.4230769230769231
737,62006,28,0.874,0.874,1,0.10714285714285714
738,62024,18,0.919,0.919,1,0.05555555555555555
739,62040,16,0.9279999999999999,0.9279999999999999,1,0.0625
740,62054,14,0.9369999999999999,0.9369999999999999,1,0.07142857142857142
741,62070,16,0.9279999999999999,0.9279999999999999,1,0.1875
742,62084,14,0.9369999999999999,0.9369999999999999,1,0.07142857142857142
743,62102,18,0.919,0.919,1,0.2777777777777778
744,62116,14,0.9369999999999999,0.9369999999999999,1,0.07142857142857142
745,62132,16,0.9279999999999999,0.9279999999999999,1,0.0625
746,62152,20,0.91,0.91,1,0.35
747,62170,18,0.919,0.919,1,0.05555555555555555
748,62184,14,0.9369999999999999,0.9369999999999999,1,0.07142857142857142
749,62208,24,0.892,0.892,1,0.4583333333333333
750,62224,16,0.9279999999999999,0.9279999999999999,1,0.0625
751,62242,18,0.919,0.919,1,0.16666666666666666
752,62260,18,0.919,0.919,1,0.16666666666666666
753,62274,14,0.9369999999999999,0.9369999999999999,1,0.07142857142857142
754,62292,18,0.919,0.919,1,0.16666666666666666
755,62316,24,0.892,0.892,1,0.3333333333333333
756,62332,16,0.9279999999999999,0.9279999999999999,1,0.1875
757,62346,14,0.9369999999999999,0.9369999999999999,1,0.07142857142857142
758,62366,20,0.91,0.91,1,0.25
759,62382,16,0.9279999999999999,0.9279999999999999,1,0.0625
760,62396,14,0.9369999999999999,0.9369999999999999,1,0.07142857142857142
761,62422,26,0.883,0.883,1,0.4230769230769231
762,62440,18,0.919,0.919,1,0.2777777777777778
763,62456,16,0.9279999999999999,0.9279999999999999,1,0.1875
764,62474,18,0.919,0.919,1,0.16666666666666666
765,62492,18,0.919,0.919,1,0.05555555555555555
766,62516,24,0.892,0.892,1,0.375
767,62540,24,0.892,0.892,1,0.4583333333333333
768,62554,14,0.9369999999999999,0.9369999999999999,1,0.07142857142857142
769,62568,14,0.9369999999999999,0.9369999999999999,1,0.07142857142857142
770,62582,14,0.9369999999999999,0.9369999999999999,1,0.07142857142857142
771,62602,20,0.91,0.91,1,0.35
772,62616,14,0.9369999999999999,0.9369999999999999,1,0.07142857142857142
773,62630,14,0.9369999999999999,0.9369999999999999,1,0.07142857142857142
774,62644,14,0.9369999999999999,0.9369999999999999,1,0.07142857142857142
775,62660,16,0.9279999999999999,0.9279999999999999,1,0.0625
776,62674,14,0.9369999999999999,0.9369999999999999,1,0.07142857142857142
777,62690,16,0.9279999999999999,0.9279999999999999,1,0.0625
778,62704,14,0.9369999999999999,0.9369999999999999,1,0.07142857142857142
779,62718,14,0.9369999999999999,0.9369999999999999,1,0.07142857142857142
780,62736,18,0.919,0.919,1,0.16666666666666666
781,62752,16,0.9279999999999999,0.9279999999999999,1,0.0625
782,62766,14,0.9369999999999999,0.9369999999999999,1,0.07142857142857142
783,62780,14,0.9369999999999999,0.9369999999999999,1,0.07142857142857142
784,62794,14,0.9369999999999999,0.9369999999999999,1,0.07142857142857142
785,62810,16,0.9279999999999999,0.9279999999999999,1,0.0625
786,62830,20,0.91,0.91,1,0.35
787,62846,16,0.9279999999999999,0.9279999999999999,1,0.0625
788,62861,15,0.9325,0.9325,1,0.06666666666666667
789,62879,18,0.919,0.919,1,0.16666666666666666
790,62893,14,0.9369999999999999,0.9369999999999999,1,0.07142857142857142
791,62911,18,0.919,0.919,1,0.05555555555555555
792,62927,16,0.9279999999999999,0.9279999999999999,1,0.0625
793,62943,16,0.9279999999999999,0.9279999999999999,1,0.1875
794,62957,14,0.9369999999999999,0.9369999999999999,1,0.07142857142857142
795,62971,14,0.9369999999999999,0.9369999999999999,1,0.07142857142857142
796,62985,14,0.9369999999999999,0.9369999999999999,1,0.07142857142857142
797,63001,16,0.9279999999999999,0.9279999999999999,1,0.0625
798,63015,14,0.9369999999999999,0.9369999999999999,1,0.07142857142857142
799,63029,14,0.9369999999999999,0.9369999999999999,1,0.07142857142857142
800,63045,16,0.9279999999999999,0.9279999999999999,1,0.1875
801,63059,14,0.9369999999999999,0.9369999999999999,1,0.07142857142857142
802,63075,16,0.9279999999999999,0.9279999999999999,1,0.1875
803,63091,16,0.9279999999999999,0.9279999999999999,1,0.1875
804,63107,16,0.9279999999999999,0.9279999999999999,1,0.1875
805,63125,18,0.919,0.919,1,0.16666666666666666
806,63141,16,0.9279999999999999,0.9279999999999999,1,0.1875
807,63171,30,0.865,0.865,1,0.5
808,63187,16,0.9279999999999999,0.9279999999999999,1,0.0625
809,63211,24,0.892,0.892,1,0.20833333333333334
810,63225,14,0.9369999999999999,0.9369999999999999,1,0.07142857142857142
811,63239,14,0.9369999999999999,0.9369999999999999,1,0.07142857142857142
812,63291,52,0.766,0.766,1,0.7115384615384616
813,63305,14,0.9369999999999999,0.9369999999999999,1,0.07142857142857142
814,63321,16,0.9279999999999999,0.9279999999999999,1,0.0625
815,63335,14,0.9369999999999999,0.9369999999999999,1,0.07142857142857142
816,63351,16,0.9279999999999999,0.9279999999999999,1,0.0625
817,63365,14,0.9369999999999999,0.9369999999999999,1,0.07142857142857142
818,63385,20,0.91,0.91,1,0.35
819,63401,16,0.9279999999999999,0.9279999999999999,1,0.1875
820,63417,16,0.9279999999999999,0.9279999999999999,1,0.0625
821,63437,20,0.91,0.91,1,0.35
822,63455,18,0.919,0.919,1,0.2777777777777778
823,63471,16,0.9279999999999999,0.9279999999999999,1,0.1875
824,63485,14,0.9369999999999999,0.9369999999999999,1,0.07142857142857142
825,63509,24,0.892,0.892,1,0.375
826,63523,14,0.9369999999999999,0.9369999999999999,1,0.07142857142857142
827,63539,16,0.9279999999999999,0.9279999999999999,1,0.0625
828,63559,20,0.91,0.91,1,0.35
829,63573,14,0.9369999999999999,0.9369999999999999,1,0.07142857142857142
830,63589,16,0.9279999999999999,0.9279999999999999,1,0.0625
831,63603,14,0.9369999999999999,0.9369999999999999,1,0.07142857142857142
832,63625,22,0.901,0.901,1,0.22727272727272727
833,63639,14,0.9369999999999999,0.9369999999999999,1,0.07142857142857142
834,63663,24,0.892,0.892,1,0.375
835,63679,16,0.9279999999999999,0.9279999999999999,1,0.1875
836,63695,16,0.9279999999999999,0.9279999999999999,1,0.0625
837,63721,26,0.883,0.883,1,0.5
838,63737,16,0.9279999999999999,0.9279999999999999,1,0.1875
839,63761,24,0.892,0.892,1,0.375
840,63801,40,0.82,0.82,1,0.525
841,63817,16,0.9279999999999999,0.9279999999999999,1,0.0625
842,63833,16,0.9279999999999999,0.9279999999999999,1,0.1875
843,63847,14,0.9369999999999999,0.9369999999999999,1,0.07142857142857142
844,63861,14,0.9369999999999999,0.9369999999999999,1,0.07142857142857142
845,63875,14,0.9369999999999999,0.9369999999999999,1,0.07142857142857142
846,63889,14,0.9369999999999999,0.9369999999999999,1,0.07142857142857142
847,63905,16,0.9279999999999999,0.9279999999999999,1,0.0625
848,63929,24,0.892,0.892,1,0.4583333333333333
849,63947,18,0.919,0.919,1,0.05555555555555555
850,63961,14,0.9369999999999999,0.9369999999999999,1,0.07142857142857142
851,63983,22,0.901,0.901,1,0.4090909090909091
852,63997,14,0.9369999999999999,0.9369999999999999,1,0.07142857142857142
853,64023,26,0.883,0.883,1,0.5
854,64037,14,0.9369999999999999,0.9369999999999999,1,0.07142857142857142
855,64055,18,0.919,0.919,1,0.16666666666666666
856,64071,16,0.9279999999999999,0.9279999999999999,1,0.0625
857,64085,14,0.9369999999999999,0.9369999999999999,1,0.07142857142857142
858,64099,14,0.9369999999999999,0.9369999999999999,1,0.07142857142857142
859,64113,14,0.9369999999999999,0.9369999999999999,1,0.07142857142857142
860,64127,14,0.9369999999999999,0.9369999999999999,1,0.07142857142857142
861,64327,200,0.0,0.0,0,0.015
862,64343,16,0.9279999999999999,0.9279999999999999,1,0.0625
863,64357,14,0.9369999999999999,0.9369999999999999,1,0.07142857142857142
864,64371,14,0.9369999999999999,0.9369999999999999,1,0.07142857142857142
865,64385,14,0.9369999999999999,0.9369999999999999,1,0.07142857142857142
866,64402,17,0.9235,0.9235,1,0.058823529411764705
867,64418,16,0.9279999999999999,0.9279999999999999,1,0.0625
868,64432,14,0.9369999999999999,0.9369999999999999,1,0.07142857142857142
869,64446,14,0.9369999999999999,0.9369999999999999,1,0.07142857142857142
870,64460,14,0.9369999999999999,0.9369999999999999,1,0.07142857142857142
871,64474,14,0.9369999999999999,0.9369999999999999,1,0.07142857142857142
872,64490,16,0.9279999999999999,0.9279999999999999,1,0.0625
873,64506,16,0.9279999999999999,0.9279999999999999,1,0.0625
874,64524,18,0.919,0.919,1,0.2777777777777778
875,64540,16,0.9279999999999999,0.9279999999999999,1,0.0625
876,64554,14,0.9369999999999999,0.9369999999999999,1,0.07142857142857142
877,64568,14,0.9369999999999999,0.9369999999999999,1,0.07142857142857142
878,64582,14,0.9369999999999999,0.9369999999999999,1,0.07142857142857142
879,64599,17,0.9235,0.9235,1,0.058823529411764705
880,64613,14,0.9369999999999999,0.9369999999999999,1,0.07142857142857142
881,64632,19,0.9145,0.9145,1,0.15789473684210525
882,64648,16,0.9279999999999999,0.9279999999999999,1,0.0625
883,64663,15,0.9325,0.9325,1,0.06666666666666667
884,64677,14,0.9369999999999999,0.9369999999999999,1,0.07142857142857142
885,64694,17,0.9235,0.9235,1,0.058823529411764705
886,64710,16,0.9279999999999999,0.9279999999999999,1,0.1875
887,64724,14,0.9369999999999999,0.9369999999999999,1,0.07142857142857142
888,64749,25,0.8875,0.8875,1,0.28
889,64765,16,0.9279999999999999,0.9279999999999999,1,0.0625
890,64781,16,0.9279999999999999,0.9279999999999999,1,0.0625
891,64795,14,0.9369999999999999,0.9369999999999999,1,0.07142857142857142
892,64809,14,0.9369999999999999,0.9369999999999999,1,0.07142857142857142
893,64823,14,0.9369999999999999,0.9369999999999999,1,0.07142857142857142
894,64839,16,0.9279999999999999,0.9279999999999999,1,0.0625
895,64855,16,0.9279999999999999,0.9279999999999999,1,0.0625
896,64873,18,0.919,0.919,1,0.05555555555555555
897,64898,25,0.8875,0.8875,1,0.04
898,64918,20,0.91,0.91,1,0.05
899,64932,14,0.9369999999999999,0.9369999999999999,1,0.07142857142857142
900,64948,16,0.9279999999999999,0.9279999999999999,1,0.0625
901,64966,18,0.919,0.919,1,0.05555555555555555
902,64982,16,0.9279999999999999,0.9279999999999999,1,0.0625
903,64996,14,0.9369999999999999,0.9369999999999999,1,0.07142857142857142
904,65014,18,0.919,0.919,1,0.05555555555555555
905,65028,14,0.9369999999999999,0.9369999999999999,1,0.07142857142857142
906,65042,14,0.9369999999999999,0.9369999999999999,1,0.07142857142857142
907,65058,16,0.9279999999999999,0.9279999999999999,1,0.0625
908,65074,16,0.9279999999999999,0.9279999999999999,1,0.0625
909,65090,16,0.9279999999999999,0.9279999999999999,1,0.0625
910,65106,16,0.9279999999999999,0.9279999999999999,1,0.0625
911,65120,14,0.9369999999999999,0.9369999999999999,1,0.07142857142857142
912,65134,14,0.9369999999999999,0.9369999999999999,1,0.07142857142857142
913,65150,16,0.9279999999999999,0.9279999999999999,1,0.0625
914,65164,14,0.9369999999999999,0.9369999999999999,1,0.07142857142857142
915,65184,20,0.91,0.91,1,0.15
916,65198,14,0.9369999999999999,0.9369999999999999,1,0.07142857142857142
917,65214,16,0.9279999999999999,0.9279999999999999,1,0.0625
918,65230,16,0.9279999999999999,0.9279999999999999,1,0.0625
919,65244,14,0.9369999999999999,0.9369999999999999,1,0.07142857142857142
920,65262,18,0.919,0.919,1,0.05555555555555555
921,65276,14,0.9369999999999999,0.9369999999999999,1,0.07142857142857142
922,65298,22,0.901,0.901,1,0.045454545454545456
923,65314,16,0.9279999999999999,0.9279999999999999,1,0.0625
924,65328,14,0.9369999999999999,0.9369999999999999,1,0.07142857142857142
925,65342,14,0.9369999999999999,0.9369999999999999,1,0.07142857142857142
926,65356,14,0.9369999999999999,0.9369999999999999,1,0.07142857142857142
927,65370,14,0.9369999999999999,0.9369999999999999,1,0.07142857142857142
928,65384,14,0.9369999999999999,0.9369999999999999,1,0.07142857142857142
929,65400,16,0.9279999999999999,0.9279999999999999,1,0.0625
930,65414,14,0.9369999999999999,0.9369999999999999,1,0.07142857142857142
931,65428,14,0.9369999999999999,0.9369999999999999,1,0.07142857142857142
932,65442,14,0.9369999999999999,0.9369999999999999,1,0.07142857142857142
933,65456,14,0.9369999999999999,0.9369999999999999,1,0.07142857142857142
934,65472,16,0.9279999999999999,0.9279999999999999,1,0.0625
935,65486,14,0.9369999999999999,0.9369999999999999,1,0.07142857142857142
936,65546,60,0.73,0.73,1,0.03333333333333333
937,65560,14,0.9369999999999999,0.9369999999999999,1,0.07142857142857142
938,65578,18,0.919,0.919,1,0.05555555555555555
939,65592,14,0.9369999999999999,0.9369999999999999,1,0.07142857142857142
940,65608,16,0.9279999999999999,0.9279999999999999,1,0.0625
941,65624,16,0.9279999999999999,0.9279999999999999,1,0.0625
942,65638,14,0.9369999999999999,0.9369999999999999,1,0.07142857142857142
943,65656,18,0.919,0.919,1,0.05555555555555555
944,65672,16,0.9279999999999999,0.9279999999999999,1,0.1875
945,65690,18,0.919,0.919,1,0.05555555555555555
946,65704,14,0.9369999999999999,0.9369999999999999,1,0.07142857142857142
947,65720,16,0.9279999999999999,0.9279999999999999,1,0.0625
948,65734,14,0.9369999999999999,0.9369999999999999,1,0.07142857142857142
949,65748,14,0.9369999999999999,0.9369999999999999,1,0.07142857142857142
950,65762,14,0.9369999999999999,0.9369999999999999,1,0.07142857142857142
951,65778,16,0.9279999999999999,0.9279999999999999,1,0.0625
952,65796,18,0.919,0.919,1,0.05555555555555555
953,65812,16,0.9279999999999999,0.9279999999999999,1,0.0625
954,65828,16,0.9279999999999999,0.9279999999999999,1,0.0625
955,65842,14,0.9369999999999999,0.9369999999999999,1,0.07142857142857142
956,65856,14,0.9369999999999999,0.9369999999999999,1,0.07142857142857142
957,65870,14,0.9369999999999999,0.9369999999999999,1,0.07142857142857142
958,65884,14,0.9369999999999999,0.9369999999999999,1,0.07142857142857142
959,65898,14,0.9369999999999999,0.9369999999999999,1,0.07142857142857142
960,65913,15,0.9325,0.9325,1,0.06666666666666667
961,65929,16,0.9279999999999999,0.9279999999999999,1,0.0625
962,65943,14,0.9369999999999999,0.9369999999999999,1,0.07142857142857142
963,65957,14,0.9369999999999999,0.9369999999999999,1,0.07142857142857142
964,65971,14,0.9369999999999999,0.9369999999999999,1,0.07142857142857142
965,65985,14,0.9369999999999999,0.9369999999999999,1,0.07142857142857142
966,65999,14,0.9369999999999999,0.9369999999999999,1,0.07142857142857142
967,66013,14,0.9369999999999999,0.9369999999999999,1,0.07142857142857142
968,66029,16,0.9279999999999999,0.9279999999999999,1,0.0625
969,66043,14,0.9369999999999999,0.9369999999999999,1,0.07142857142857142
970,66061,18,0.919,0.919,1,0.2777777777777778
971,66075,14,0.9369999999999999,0.9369999999999999,1,0.07142857142857142
972,66091,16,0.9279999999999999,0.9279999999999999,1,0.1875
973,66109,18,0.919,0.919,1,0.05555555555555555
974,66126,17,0.9235,0.9235,1,0.17647058823529413
975,66140,14,0.9369999999999999,0.9369999999999999,1,0.07142857142857142
976,66174,34,0.847,0.847,1,0.029411764705882353
977,66230,56,0.748,0.748,1,0.017857142857142856
978,66250,20,0.91,0.91,1,0.15
979,66268,18,0.919,0.919,1,0.16666666666666666
980,66284,16,0.9279999999999999,0.9279999999999999,1,0.0625
981,66298,14,0.9369999999999999,0.9369999999999999,1,0.07142857142857142
982,66322,24,0.892,0.892,1,0.041666666666666664
983,66336,14,0.9369999999999999,0.9369999999999999,1,0.07142857142857142
984,66354,18,0.919,0.919,1,0.05555555555555555
985,66368,14,0.9369999999999999,0.9369999999999999,1,0.07142857142857142
986,66384,16,0.9279999999999999,0.9279999999999999,1,0.0625
987,66398,14,0.9369999999999999,0.9369999999999999,1,0.07142857142857142
988,66412,14,0.9369999999999999,0.9369999999999999,1,0.07142857142857142
989,66428,16,0.9279999999999999,0.9279999999999999,1,0.0625
990,66442,14,0.9369999999999999,0.9369999999999999,1,0.07142857142857142
991,66556,114,0.487,0.487,1,0.008771929824561403
992,66570,14,0.9369999999999999,0.9369999999999999,1,0.07142857142857142
993,66760,190,0.14500000000000002,0.14500000000000002,1,0.005263157894736842
994,66776,16,0.9279999999999999,0.9279999999999999,1,0.0625
995,66790,14,0.9369999999999999,0.9369999999999999,1,0.07142857142857142
996,66804,14,0.9369999999999999,0.9369999999999999,1,0.07142857142857142
997,66834,30,0.865,0.865,1,0.13333333333333333
998,66852,18,0.919,0.919,1,0.05555555555555555
999,66936,84,0.622,0.622,1,0.011904761904761904
1000,66950,14,0.9369999999999999,0.9369999999999999,1,0.07142857142857142
1001,66964,14,0.9369999999999999,0.9369999999999999,1,0.07142857142857142
1002,66980,16,0.9279999999999999,0.9279999999999999,1,0.0625
1003,66994,14,0.9369999999999999,0.9369999999999999,1,0.07142857142857142
1004,67008,14,0.9369999999999999,0.9369999999999999,1,0.07142857142857142
1005,67051,43,0.8065,0.8065,1,0.023255813953488372
1006,67065,14,0.9369999999999999,0.9369999999999999,1,0.07142857142857142
1007,67079,14,0.9369999999999999,0.9369999999999999,1,0.07142857142857142
1008,67155,76,0.6579999999999999,0.6579999999999999,1,0.013157894736842105
1009,67169,14,0.9369999999999999,0.9369999999999999,1,0.07142857142857142
1010,67183,14,0.9369999999999999,0.9369999999999999,1,0.07142857142857142
1011,67197,14,0.9369999999999999,0.9369999999999999,1,0.07142857142857142
1012,67270,73,0.6715,0.6715,1,0.0136986301369863
1013,67316,46,0.7929999999999999,0.7929999999999999,1,0.021739130434782608
1014,67332,16,0.9279999999999999,0.9279999999999999,1,0.1875
1015,67346,14,0.9369999999999999,0.9369999999999999,1,0.07142857142857142
1016,67361,15,0.9325,0.9325,1,0.06666666666666667
1017,67397,36,0.838,0.838,1,0.027777777777777776
1018,67411,14,0.9369999999999999,0.9369999999999999,1,0.07142857142857142
1019,67425,14,0.9369999999999999,0.9369999999999999,1,0.07142857142857142
1020,67441,16,0.9279999999999999,0.9279999999999999,1,0.1875
1021,67455,14,0.9369999999999999,0.9369999999999999,1,0.07142857142857142
1022,67517,62,0.721,0.721,1,0.016129032258064516
1023,67578,61,0.7255,0.7255,1,0.01639344262295082
1024,67594,16,0.9279999999999999,0.9279999999999999,1,0.0625
1025,67610,16,0.9279999999999999,0.9279999999999999,1,0.0625
1026,67626,16,0.9279999999999999,0.9279999999999999,1,0.1875
1027,67712,86,0.613,0.613,1,0.011627906976744186
1028,67728,16,0.9279999999999999,0.9279999999999999,1,0.0625
1029,67746,18,0.919,0.919,1,0.16666666666666666
1030,67762,16,0.9279999999999999,0.9279999999999999,1,0.0625
1031,67808,46,0.7929999999999999,0.7929999999999999,1,0.021739130434782608
1032,67824,16,0.9279999999999999,0.9279999999999999,1,0.0625
1033,67856,32,0.856,0.856,1,0.03125
1034,67886,30,0.865,0.865,1,0.03333333333333333
1035,67900,14,0.9369999999999999,0.9369999999999999,1,0.07142857142857142
1036,67914,14,0.9369999999999999,0.9369999999999999,1,0.07142857142857142
1037,67928,14,0.9369999999999999,0.9369999999999999,1,0.07142857142857142
1038,67950,22,0.901,0.901,1,0.13636363636363635
1039,67964,14,0.9369999999999999,0.9369999999999999,1,0.07142857142857142
1040,67980,16,0.9279999999999999,0.9279999999999999,1,0.0625
1041,67994,14,0.9369999999999999,0.9369999999999999,1,0.07142857142857142
1042,68008,14,0.9369999999999999,0.9369999999999999,1,0.07142857142857142
1043,68022,14,0.9369999999999999,0.9369999999999999,1,0.07142857142857142
1044,68036,14,0.9369999999999999,0.9369999999999999,1,0.07142857142857142
1045,68050,14,0.9369999999999999,0.9369999999999999,1,0.07142857142857142
1046,68066,16,0.9279999999999999,0.9279999999999999,1,0.0625
1047,68080,14,0.9369999999999999,0.9369999999999999,1,0.07142857142857142
1048,68097,17,0.9235,0.9235,1,0.058823529411764705
1049,68111,14,0.9369999999999999,0.9369999999999999,1,0.07142857142857142
1050,68139,28,0.874,0.874,1,0.03571428571428571
1051,68153,14,0.9369999999999999,0.9369999999999999,1,0.07142857142857142
1052,68167,14,0.9369999999999999,0.9369999999999999,1,0.07142857142857142
1053,68183,16,0.9279999999999999,0.9279999999999999,1,0.0625
1054,68197,14,0.9369999999999999,0.9369999999999999,1,0.07142857142857142
1055,68211,14,0.9369999999999999,0.9369999999999999,1,0.07142857142857142
1056,68292,81,0.6355,0.6355,1,0.012345679012345678
1057,68368,76,0.6579999999999999,0.6579999999999999,1,0.013157894736842105
1058,68382,14,0.9369999999999999,0.9369999999999999,1,0.07142857142857142
1059,68396,14,0.9369999999999999,0.9369999999999999,1,0.07142857142857142
1060,68410,14,0.9369999999999999,0.9369999999999999,1,0.07142857142857142
1061,68424,14,0.9369999999999999,0.9369999999999999,1,0.07142857142857142
1062,68442,18,0.919,0.919,1,0.16666666666666666
1063,68456,14,0.9369999999999999,0.9369999999999999,1,0.07142857142857142
1064,68470,14,0.9369999999999999,0.9369999999999999,1,0.07142857142857142
1065,68514,44,0.802,0.802,1,0.022727272727272728
1066,68528,14,0.9369999999999999,0.9369999999999999,1,0.07142857142857142
1067,68542,14,0.9369999999999999,0.9369999999999999,1,0.07142857142857142
1068,68558,16,0.9279999999999999,0.9279999999999999,1,0.0625
1069,68572,14,0.9369999999999999,0.9369999999999999,1,0.07142857142857142
1070,68586,14,0.9369999999999999,0.9369999999999999,1,0.07142857142857142
1071,68600,14,0.9369999999999999,0.9369999999999999,1,0.07142857142857142
1072,68614,14,0.9369999999999999,0.9369999999999999,1,0.07142857142857142
1073,68628,14,0.9369999999999999,0.9369999999999999,1,0.07142857142857142
1074,68642,14,0.9369999999999999,0.9369999999999999,1,0.07142857142857142
1075,68656,14,0.9369999999999999,0.9369999999999999,1,0.07142857142857142
1076,68672,16,0.9279999999999999,0.9279999999999999,1,0.0625
1077,68688,16,0.9279999999999999,0.9279999999999999,1,0.0625
1078,68702,14,0.9369999999999999,0.9369999999999999,1,0.07142857142857142
1079,68718,16,0.9279999999999999,0.9279999999999999,1,0.0625
1080,68738,20,0.91,0.91,1,0.25
1081,68754,16,0.9279999999999999,0.9279999999999999,1,0.0625
1082,68770,16,0.9279999999999999,0.9279999999999999,1,0.1875
1083,68784,14,0.9369999999999999,0.9369999999999999,1,0.07142857142857142
1084,68800,16,0.9279999999999999,0.9279999999999999,1,0.0625
1085,68816,16,0.9279999999999999,0.9279999999999999,1,0.1875
1086,68834,18,0.919,0.919,1,0.05555555555555555
1087,68848,14,0.9369999999999999,0.9369999999999999,1,0.07142857142857142
1088,68862,14,0.9369999999999999,0.9369999999999999,1,0.07142857142857142
1089,68876,14,0.9369999999999999,0.9369999999999999,1,0.07142857142857142
1090,68890,14,0.9369999999999999,0.9369999999999999,1,0.07142857142857142
1091,68904,14,0.9369999999999999,0.9369999999999999,1,0.07142857142857142
1092,68918,14,0.9369999999999999,0.9369999999999999,1,0.07142857142857142
1093,68932,14,0.9369999999999999,0.9369999999999999,1,0.07142857142857142
1094,68948,16,0.9279999999999999,0.9279999999999999,1,0.1875
1095,68968,20,0.91,0.91,1,0.05
1096,68984,16,0.9279999999999999,0.9279999999999999,1,0.0625
1097,69004,20,0.91,0.91,1,0.15
1098,69022,18,0.919,0.919,1,0.05555555555555555
1099,69042,20,0.91,0.91,1,0.05
1100,69056,14,0.9369999999999999,0.9369999999999999,1,0.07142857142857142
1101,69070,14,0.9369999999999999,0.9369999999999999,1,0.07142857142857142
1102,69088,18,0.919,0.919,1,0.05555555555555555
1103,69102,14,0.9369999999999999,0.9369999999999999,1,0.07142857142857142
1104,69116,14,0.9369999999999999,0.9369999999999999,1,0.07142857142857142
1105,69130,14,0.9369999999999999,0.9369999999999999,1,0.07142857142857142
1106,69146,16,0.9279999999999999,0.9279999999999999,1,0.1875
1107,69160,14,0.9369999999999999,0.9369999999999999,1,0.07142857142857142
1108,69194,34,0.847,0.847,1,0.029411764705882353
1109,69208,14,0.9369999999999999,0.9369999999999999,1,0.07142857142857142
1110,69224,16,0.9279999999999999,0.9279999999999999,1,0.0625
1111,69240,16,0.9279999999999999,0.9279999999999999,1,0.1875
1112,69254,14,0.9369999999999999,0.9369999999999999,1,0.07142857142857142
1113,69268,14,0.9369999999999999,0.9369999999999999,1,0.07142857142857142
1114,69288,20,0.91,0.91,1,0.05
1115,69308,20,0.91,0.91,1,0.05
1116,69322,14,0.9369999999999999,0.9369999999999999,1,0.07142857142857142
1117,69338,16,0.9279999999999999,0.9279999999999999,1,0.0625
1118,69352,14,0.9369999999999999,0.9369999999999999,1,0.07142857142857142
1119,69366,14,0.9369999999999999,0.9369999999999999,1,0.07142857142857142
1120,69382,16,0.9279999999999999,0.9279999999999999,1,0.0625
1121,69396,14,0.9369999999999999,0.9369999999999999,1,0.07142857142857142
1122,69410,14,0.9369999999999999,0.9369999999999999,1,0.07142857142857142
1123,69424,14,0.9369999999999999,0.9369999999999999,1,0.07142857142857142
1124,69438,14,0.9369999999999999,0.9369999999999999,1,0.07142857142857142
1125,69452,14,0.9369999999999999,0.9369999999999999,1,0.07142857142857142
1126,69476,24,0.892,0.892,1,0.041666666666666664
1127,69508,32,0.856,0.856,1,0.09375
1128,69522,14,0.9369999999999999,0.9369999999999999,1,0.07142857142857142
1129,69536,14,0.9369999999999999,0.9369999999999999,1,0.07142857142857142
1130,69550,14,0.9369999999999999,0.9369999999999999,1,0.07142857142857142
1131,69572,22,0.901,0.901,1,0.045454545454545456
1132,69588,16,0.9279999999999999,0.9279999999999999,1,0.0625
1133,69604,16,0.9279999999999999,0.9279999999999999,1,0.0625
1134,69618,14,0.9369999999999999,0.9369999999999999,1,0.07142857142857142
1135,69634,16,0.9279999999999999,0.9279999999999999,1,0.0625
1136,69654,20,0.91,0.91,1,0.05
1137,69670,16,0.9279999999999999,0.9279999999999999,1,0.0625
1138,69684,14,0.9369999999999999,0.9369999999999999,1,0.07142857142857142
1139,69702,18,0.919,0.919,1,0.16666666666666666
1140,69728,26,0.883,0.883,1,0.11538461538461539
1141,69746,18,0.919,0.919,1,0.05555555555555555
1142,69772,26,0.883,0.883,1,0.038461538461538464
1143,69790,18,0.919,0.919,1,0.05555555555555555
1144,69804,14,0.9369999999999999,0.9369999999999999,1,0.07142857142857142
1145,69820,16,0.9279999999999999,0.9279999999999999,1,0.0625
1146,69838,18,0.919,0.919,1,0.16666666666666666
1147,69852,14,0.9369999999999999,0.9369999999999999,1,0.07142857142857142
1148,69874,22,0.901,0.901,1,0.045454545454545456
1149,69890,16,0.9279999999999999,0.9279999999999999,1,0.0625
1150,69904,14,0.9369999999999999,0.9369999999999999,1,0.07142857142857142
1151,69918,14,0.9369999999999999,0.9369999999999999,1,0.07142857142857142
1152,69932,14,0.9369999999999999,0.9369999999999999,1,0.07142857142857142
1153,69946,14,0.9369999999999999,0.9369999999999999,1,0.07142857142857142
1154,69962,16,0.9279999999999999,0.9279999999999999,1,0.1875
1155,69978,16,0.9279999999999999,0.9279999999999999,1,0.0625
1156,69994,16,0.9279999999999999,0.9279999999999999,1,0.0625
1157,70010,16,0.9279999999999999,0.9279999999999999,1,0.0625
1158,70024,14,0.9369999999999999,0.9369999999999999,1,0.07142857142857142
1159,70038,14,0.9369999999999999,0.9369999999999999,1,0.07142857142857142
1160,70058,20,0.91,0.91,1,0.05
1161,70074,16,0.9279999999999999,0.9279999999999999,1,0.0625
1162,70214,140,0.37,0.37,1,0.10714285714285714
1163,70286,72,0.6759999999999999,0.6759999999999999,1,0.5416666666666666
1164,70304,18,0.919,0.919,1,0.05555555555555555
1165,70318,14,0.9369999999999999,0.9369999999999999,1,0.07142857142857142
1166,70460,142,0.361,0.361,1,0.007042253521126761
1167,70482,22,0.901,0.901,1,0.4090909090909091
1168,70498,16,0.9279999999999999,0.9279999999999999,1,0.0625
1169,70512,14,0.9369999999999999,0.9369999999999999,1,0.07142857142857142
1170,70681,169,0.23950000000000005,0.23950000000000005,1,0.005917159763313609
1171,70719,38,0.829,0.829,1,0.02631578947368421
1172,70735,16,0.9279999999999999,0.9279999999999999,1,0.0625
1173,70763,28,0.874,0.874,1,0.5357142857142857
1174,70867,104,0.532,0.532,1,0.009615384615384616
1175,70911,44,0.802,0.802,1,0.022727272727272728
1176,70973,62,0.721,0.721,1,0.016129032258064516
1177,70999,26,0.883,0.883,1,0.038461538461538464
1178,71013,14,0.9369999999999999,0.9369999999999999,1,0.07142857142857142
1179,71029,16,0.9279999999999999,0.9279999999999999,1,0.0625
1180,71043,14,0.9369999999999999,0.9369999999999999,1,0.07142857142857142
1181,71057,14,0.9369999999999999,0.9369999999999999,1,0.07142857142857142
1182,71073,16,0.9279999999999999,0.9279999999999999,1,0.0625
1183,71089,16,0.9279999999999999,0.9279999999999999,1,0.0625
1184,71105,16,0.9279999999999999,0.9279999999999999,1,0.1875
1185,71119,14,0.9369999999999999,0.9369999999999999,1,0.07142857142857142
1186,71139,20,0.91,0.91,1,0.05
1187,71153,14,0.9369999999999999,0.9369999999999999,1,0.07142857142857142
1188,71169,16,0.9279999999999999,0.9279999999999999,1,0.0625
1189,71183,14,0.9369999999999999,0.9369999999999999,1,0.07142857142857142
1190,71197,14,0.9369999999999999,0.9369999999999999,1,0.07142857142857142
1191,71211,14,0.9369999999999999,0.9369999999999999,1,0.07142857142857142
1192,71227,16,0.9279999999999999,0.9279999999999999,1,0.1875
1193,71241,14,0.9369999999999999,0.9369999999999999,1,0.07142857142857142
1194,71255,14,0.9369999999999999,0.9369999999999999,1,0.07142857142857142
1195,71271,16,0.9279999999999999,0.9279999999999999,1,0.0625
1196,71287,16,0.9279999999999999,0.9279999999999999,1,0.0625
1197,71303,16,0.9279999999999999,0.9279999999999999,1,0.0625
1198,71319,16,0.9279999999999999,0.9279999999999999,1,0.0625
1199,71335,16,0.9279999999999999,0.9279999999999999,1,0.0625
1200,71349,14,0.9369999999999999,0.9369999999999999,1,0.07142857142857142
1201,71369,20,0.91,0.91,1,0.15
1202,71383,14,0.9369999999999999,0.9369999999999999,1,0.07142857142857142
1203,71397,14,0.9369999999999999,0.9369999999999999,1,0.07142857142857142
1204,71411,14,0.9369999999999999,0.9369999999999999,1,0.07142857142857142
1205,71425,14,0.9369999999999999,0.9369999999999999,1,0.07142857142857142
1206,71439,14,0.9369999999999999,0.9369999999999999,1,0.07142857142857142
1207,71457,18,0.919,0.919,1,0.05555555555555555
1208,71471,14,0.9369999999999999,0.9369999999999999,1,0.07142857142857142
1209,71487,16,0.9279999999999999,0.9279999999999999,1,0.0625
1210,71501,14,0.9369999999999999,0.9369999999999999,1,0.07142857142857142
1211,71515,14,0.9369999999999999,0.9369999999999999,1,0.07142857142857142
1212,71531,16,0.9279999999999999,0.9279999999999999,1,0.0625
1213,71545,14,0.9369999999999999,0.9369999999999999,1,0.07142857142857142
1214,71559,14,0.9369999999999999,0.9369999999999999,1,0.07142857142857142
1215,71573,14,0.9369999999999999,0.9369999999999999,1,0.07142857142857142
1216,71595,22,0.901,0.901,1,0.13636363636363635
1217,71617,22,0.901,0.901,1,0.045454545454545456
1218,71669,52,0.766,0.766,1,0.019230769230769232
1219,71685,16,0.9279999999999999,0.9279999999999999,1,0.0625
1220,71699,14,0.9369999999999999,0.9369999999999999,1,0.07142857142857142
1221,71713,14,0.9369999999999999,0.9369999999999999,1,0.07142857142857142
1222,71731,18,0.919,0.919,1,0.05555555555555555
1223,71745,14,0.9369999999999999,0.9369999999999999,1,0.07142857142857142
1224,71761,16,0.9279999999999999,0.9279999999999999,1,0.0625
1225,71775,14,0.9369999999999999,0.9369999999999999,1,0.07142857142857142
1226,71791,16,0.9279999999999999,0.9279999999999999,1,0.0625
1227,71807,16,0.9279999999999999,0.9279999999999999,1,0.1875
1228,71823,16,0.9279999999999999,0.9279999999999999,1,0.0625
1229,71885,62,0.721,0.721,1,0.04838709677419355
1230,71901,16,0.9279999999999999,0.9279999999999999,1,0.0625
1231,71917,16,0.9279999999999999,0.9279999999999999,1,0.0625
1232,71931,14,0.9369999999999999,0.9369999999999999,1,0.07142857142857142
1233,71945,14,0.9369999999999999,0.9369999999999999,1,0.07142857142857142
1234,71961,16,0.9279999999999999,0.9279999999999999,1,0.0625
1235,71975,14,0.9369999999999999,0.9369999999999999,1,0.07142857142857142
1236,71989,14,0.9369999999999999,0.9369999999999999,1,0.07142857142857142
1237,72003,14,0.9369999999999999,0.9369999999999999,1,0.07142857142857142
1238,72032,29,0.8694999999999999,0.8694999999999999,1,0.034482758620689655
1239,72048,16,0.9279999999999999,0.9279999999999999,1,0.0625
1240,72062,14,0.9369999999999999,0.9369999999999999,1,0.07142857142857142
1241,72076,14,0.9369999999999999,0.9369999999999999,1,0.07142857142857142
1242,72096,20,0.91,0.91,1,0.15
1243,72112,16,0.9279999999999999,0.9279999999999999,1,0.0625
1244,72148,36,0.838,0.838,1,0.027777777777777776
1245,72162,14,0.9369999999999999,0.9369999999999999,1,0.07142857142857142
1246,72182,20,0.91,0.91,1,0.05
1247,72196,14,0.9369999999999999,0.9369999999999999,1,0.07142857142857142
1248,72212,16,0.9279999999999999,0.9279999999999999,1,0.0625
1249,72226,14,0.9369999999999999,0.9369999999999999,1,0.07142857142857142
1250,72240,14,0.9369999999999999,0.9369999999999999,1,0.07142857142857142
1251,72254,14,0.9369999999999999,0.9369999999999999,1,0.07142857142857142
1252,72268,14,0.9369999999999999,0.9369999999999999,1,0.07142857142857142
1253,72282,14,0.9369999999999999,0.9369999999999999,1,0.07142857142857142
1254,72296,14,0.9369999999999999,0.9369999999999999,1,0.07142857142857142
1255,72310,14,0.9369999999999999,0.9369999999999999,1,0.07142857142857142
1256,72324,14,0.9369999999999999,0.9369999999999999,1,0.07142857142857142
1257,72340,16,0.9279999999999999,0.9279999999999999,1,0.0625
1258,72393,53,0.7615,0.7615,1,0.018867924528301886
1259,72411,18,0.919,0.919,1,0.16666666666666666
1260,72427,16,0.9279999999999999,0.9279999999999999,1,0.0625
1261,72441,14,0.9369999999999999,0.9369999999999999,1,0.07142857142857142
1262,72457,16,0.9279999999999999,0.9279999999999999,1,0.1875
1263,72473,16,0.9279999999999999,0.9279999999999999,1,0.0625
1264,72487,14,0.9369999999999999,0.9369999999999999,1,0.07142857142857142
1265,72501,14,0.9369999999999999,0.9369999999999999,1,0.07142857142857142
1266,72517,16,0.9279999999999999,0.9279999999999999,1,0.0625
1267,72531,14,0.9369999999999999,0.9369999999999999,1,0.07142857142857142
1268,72545,14,0.9369999999999999,0.9369999999999999,1,0.07142857142857142
1269,72559,14,0.9369999999999999,0.9369999999999999,1,0.07142857142857142
1270,72581,22,0.901,0.901,1,0.045454545454545456
1271,72597,16,0.9279999999999999,0.9279999999999999,1,0.0625
1272,72613,16,0.9279999999999999,0.9279999999999999,1,0.0625
1273,72627,14,0.9369999999999999,0.9369999999999999,1,0.07142857142857142
1274,72641,14,0.9369999999999999,0.9369999999999999,1,0.07142857142857142
1275,72657,16,0.9279999999999999,0.9279999999999999,1,0.0625
1276,72671,14,0.9369999999999999,0.9369999999999999,1,0.07142857142857142
1277,72687,16,0.9279999999999999,0.9279999999999999,1,0.0625
1278,72705,18,0.919,0.919,1,0.05555555555555555
1279,72719,14,0.9369999999999999,0.9369999999999999,1,0.07142857142857142
1280,72737,18,0.919,0.919,1,0.05555555555555555
1281,72755,18,0.919,0.919,1,0.05555555555555555
1282,72769,14,0.9369999999999999,0.9369999999999999,1,0.07142857142857142
1283,72785,16,0.9279999999999999,0.9279999999999999,1,0.0625
1284,72799,14,0.9369999999999999,0.9369999999999999,1,0.07142857142857142
1285,72813,14,0.9369999999999999,0.9369999999999999,1,0.07142857142857142
1286,72827,14,0.9369999999999999,0.9369999999999999,1,0.07142857142857142
1287,72841,14,0.9369999999999999,0.9369999999999999,1,0.07142857142857142
1288,72855,14,0.9369999999999999,0.9369999999999999,1,0.07142857142857142
1289,72869,14,0.9369999999999999,0.9369999999999999,1,0.07142857142857142
1290,72883,14,0.9369999999999999,0.9369999999999999,1,0.07142857142857142
1291,72899,16,0.9279999999999999,0.9279999999999999,1,0.1875
1292,72913,14,0.9369999999999999,0.9369999999999999,1,0.07142857142857142
1293,72927,14,0.9369999999999999,0.9369999999999999,1,0.07142857142857142
1294,72943,16,0.9279999999999999,0.9279999999999999,1,0.0625
1295,72957,14,0.9369999999999999,0.9369999999999999,1,0.07142857142857142
1296,72973,16,0.9279999999999999,0.9279999999999999,1,0.0625
1297,72987,14,0.9369999999999999,0.9369999999999999,1,0.07142857142857142
1298,73003,16,0.9279999999999999,0.9279999999999999,1,0.0625
1299,73017,14,0.9369999999999999,0.9369999999999999,1,0.07142857142857142
1300,73033,16,0.9279999999999999,0.9279999999999999,1,0.1875
1301,73047,14,0.9369999999999999,0.9369999999999999,1,0.07142857142857142
1302,73061,14,0.9369999999999999,0.9369999999999999,1,0.07142857142857142
1303,73077,16,0.9279999999999999,0.9279999999999999,1,0.0625
1304,73091,14,0.9369999999999999,0.9369999999999999,1,0.07142857142857142
1305,73109,18,0.919,0.919,1,0.05555555555555555
1306,73125,16,0.9279999999999999,0.9279999999999999,1,0.0625
1307,73153,28,0.874,0.874,1,0.03571428571428571
1308,73169,16,0.9279999999999999,0.9279999999999999,1,0.1875
1309,73183,14,0.9369999999999999,0.9369999999999999,1,0.07142857142857142
1310,73197,14,0.9369999999999999,0.9369999999999999,1,0.07142857142857142
1311,73247,50,0.775,0.775,1,0.02
1312,73271,24,0.892,0.892,1,0.041666666666666664
1313,73285,14,0.9369999999999999,0.9369999999999999,1,0.07142857142857142
1314,73299,14,0.9369999999999999,0.9369999999999999,1,0.07142857142857142
1315,73313,14,0.9369999999999999,0.9369999999999999,1,0.07142857142857142
1316,73365,52,0.766,0.766,1,0.019230769230769232
1317,73391,26,0.883,0.883,1,0.038461538461538464
1318,73407,16,0.9279999999999999,0.9279999999999999,1,0.0625
1319,73423,16,0.9279999999999999,0.9279999999999999,1,0.1875
1320,73457,34,0.847,0.847,1,0.029411764705882353
1321,73471,14,0.9369999999999999,0.9369999999999999,1,0.07142857142857142
1322,73491,20,0.91,0.91,1,0.15
1323,73505,14,0.9369999999999999,0.9369999999999999,1,0.07142857142857142
1324,73519,14,0.9369999999999999,0.9369999999999999,1,0.07142857142857142
1325,73551,32,0.856,0.856,1,0.03125
1326,73625,74,0.667,0.667,1,0.013513513513513514
1327,73645,20,0.91,0.91,1,0.05
1328,73661,16,0.9279999999999999,0.9279999999999999,1,0.0625
1329,73675,14,0.9369999999999999,0.9369999999999999,1,0.07142857142857142
1330,73689,14,0.9369999999999999,0.9369999999999999,1,0.07142857142857142
1331,73705,16,0.9279999999999999,0.9279999999999999,1,0.0625
1332,73721,16,0.9279999999999999,0.9279999999999999,1,0.1875
1333,73737,16,0.9279999999999999,0.9279999999999999,1,0.0625
1334,73751,14,0.9369999999999999,0.9369999999999999,1,0.07142857142857142
1335,73767,16,0.9279999999999999,0.9279999999999999,1,0.0625
1336,73799,32,0.856,0.856,1,0.03125
1337,73813,14,0.9369999999999999,0.9369999999999999,1,0.07142857142857142
1338,73833,20,0.91,0.91,1,0.05
1339,73869,36,0.838,0.838,1,0.027777777777777776
1340,73883,14,0.9369999999999999,0.9369999999999999,1,0.07142857142857142
1341,73915,32,0.856,0.856,1,0.03125
1342,73930,15,0.9325,0.9325,1,0.06666666666666667
1343,73944,14,0.9369999999999999,0.9369999999999999,1,0.07142857142857142
1344,73958,14,0.9369999999999999,0.9369999999999999,1,0.07142857142857142
1345,74007,49,0.7795,0.7795,1,0.02040816326530612
1346,74021,14,0.9369999999999999,0.9369999999999999,1,0.07142857142857142
1347,74045,24,0.892,0.892,1,0.041666666666666664
1348,74103,58,0.739,0.739,1,0.05172413793103448
1349,74119,16,0.9279999999999999,0.9279999999999999,1,0.0625
1350,74137,18,0.919,0.919,1,0.05555555555555555
1351,74153,16,0.9279999999999999,0.9279999999999999,1,0.0625
1352,74167,14,0.9369999999999999,0.9369999999999999,1,0.07142857142857142
1353,74183,16,0.9279999999999999,0.9279999999999999,1,0.0625
1354,74197,14,0.9369999999999999,0.9369999999999999,1,0.07142857142857142
1355,74213,16,0.9279999999999999,0.9279999999999999,1,0.0625
1356,74229,16,0.9279999999999999,0.9279999999999999,1,0.0625
1357,74251,22,0.901,0.901,1,0.045454545454545456
1358,74265,14,0.9369999999999999,0.9369999999999999,1,0.07142857142857142
1359,74279,14,0.9369999999999999,0.9369999999999999,1,0.07142857142857142
1360,74295,16,0.9279999999999999,0.9279999999999999,1,0.1875
1361,74311,16,0.9279999999999999,0.9279999999999999,1,0.0625
1362,74325,14,0.9369999999999999,0.9369999999999999,1,0.07142857142857142
1363,74339,14,0.9369999999999999,0.9369999999999999,1,0.07142857142857142
1364,74353,14,0.9369999999999999,0.9369999999999999,1,0.07142857142857142
1365,74387,34,0.847,0.847,1,0.029411764705882353
1366,74401,14,0.9369999999999999,0.9369999999999999,1,0.07142857142857142
1367,74418,17,0.9235,0.9235,1,0.058823529411764705
1368,74432,14,0.9369999999999999,0.9369999999999999,1,0.07142857142857142
1369,74446,14,0.9369999999999999,0.9369999999999999,1,0.07142857142857142
1370,74460,14,0.9369999999999999,0.9369999999999999,1,0.07142857142857142
1371,74474,14,0.9369999999999999,0.9369999999999999,1,0.07142857142857142
1372,74490,16,0.9279999999999999,0.9279999999999999,1,0.0625
1373,74508,18,0.919,0.919,1,0.16666666666666666
1374,74522,14,0.9369999999999999,0.9369999999999999,1,0.07142857142857142
1375,74536,14,0.9369999999999999,0.9369999999999999,1,0.07142857142857142
1376,74564,28,0.874,0.874,1,0.03571428571428571
1377,74580,16,0.9279999999999999,0.9279999999999999,1,0.0625
1378,74594,14,0.9369999999999999,0.9369999999999999,1,0.07142857142857142
1379,74608,14,0.9369999999999999,0.9369999999999999,1,0.07142857142857142
1380,74622,14,0.9369999999999999,0.9369999999999999,1,0.07142857142857142
1381,74638,16,0.9279999999999999,0.9279999999999999,1,0.0625
1382,74652,14,0.9369999999999999,0.9369999999999999,1,0.07142857142857142
1383,74666,14,0.9369999999999999,0.9369999999999999,1,0.07142857142857142
1384,74682,16,0.9279999999999999,0.9279999999999999,1,0.0625
1385,74696,14,0.9369999999999999,0.9369999999999999,1,0.07142857142857142
1386,74710,14,0.9369999999999999,0.9369999999999999,1,0.07142857142857142
1387,74724,14,0.9369999999999999,0.9369999999999999,1,0.07142857142857142
1388,74738,14,0.9369999999999999,0.9369999999999999,1,0.07142857142857142
1389,74752,14,0.9369999999999999,0.9369999999999999,1,0.07142857142857142
1390,74766,14,0.9369999999999999,0.9369999999999999,1,0.07142857142857142
1391,74780,14,0.9369999999999999,0.9369999999999999,1,0.07142857142857142
1392,74796,16,0.9279999999999999,0.9279999999999999,1,0.0625
1393,74812,16,0.9279999999999999,0.9279999999999999,1,0.0625
1394,74830,18,0.919,0.919,1,0.05555555555555555
1395,74844,14,0.9369999999999999,0.9369999999999999,1,0.07142857142857142
1396,74858,14,0.9369999999999999,0.9369999999999999,1,0.07142857142857142
1397,74894,36,0.838,0.838,1,0.027777777777777776
1398,74908,14,0.9369999999999999,0.9369999999999999,1,0.07142857142857142
1399,74922,14,0.9369999999999999,0.9369999999999999,1,0.07142857142857142
1400,74936,14,0.9369999999999999,0.9369999999999999,1,0.07142857142857142
1401,74950,14,0.9369999999999999,0.9369999999999999,1,0.07142857142857142
1402,74964,14,0.9369999999999999,0.9369999999999999,1,0.07142857142857142
1403,74978,14,0.9369999999999999,0.9369999999999999,1,0.07142857142857142
1404,74994,16,0.9279999999999999,0.9279999999999999,1,0.0625
1405,75008,14,0.9369999999999999,0.9369999999999999,1,0.07142857142857142
1406,75022,14,0.9369999999999999,0.9369999999999999,1,0.07142857142857142
1407,75051,29,0.8694999999999999,0.8694999999999999,1,0.034482758620689655
1408,75068,17,0.9235,0.9235,1,0.058823529411764705
1409,75093,25,0.8875,0.8875,1,0.04
1410,75223,130,0.4149999999999999,0.4149999999999999,1,0.007692307692307693
1411,75248,25,0.8875,0.8875,1,0.04
1412,75281,33,0.8514999999999999,0.8514999999999999,1,0.030303030303030304
1413,75297,16,0.9279999999999999,0.9279999999999999,1,0.1875
1414,75312,15,0.9325,0.9325,1,0.06666666666666667
1415,75330,18,0.919,0.919,1,0.16666666666666666
1416,75344,14,0.9369999999999999,0.9369999999999999,1,0.07142857142857142
1417,75384,40,0.82,0.82,1,0.025
1418,75402,18,0.919,0.919,1,0.05555555555555555
1419,75437,35,0.8425,0.8425,1,0.02857142857142857
1420,75460,23,0.8965,0.8965,1,0.043478260869565216
1421,75553,93,0.5814999999999999,0.5814999999999999,1,0.010752688172043012
1422,75570,17,0.9235,0.9235,1,0.058823529411764705
1423,75588,18,0.919,0.919,1,0.05555555555555555
1424,75604,16,0.9279999999999999,0.9279999999999999,1,0.0625
1425,75626,22,0.901,0.901,1,0.045454545454545456
1426,75650,24,0.892,0.892,1,0.041666666666666664
1427,75676,26,0.883,0.883,1,0.038461538461538464
1428,75698,22,0.901,0.901,1,0.045454545454545456
1429,75719,21,0.9055,0.9055,1,0.047619047619047616
1430,75751,32,0.856,0.856,1,0.03125
1431,75769,18,0.919,0.919,1,0.05555555555555555
1432,75783,14,0.9369999999999999,0.9369999999999999,1,0.07142857142857142
1433,75803,20,0.91,0.91,1,0.05
1434,75826,23,0.8965,0.8965,1,0.043478260869565216
1435,75856,30,0.865,0.865,1,0.03333333333333333
1436,75883,27,0.8785,0.8785,1,0.037037037037037035
1437,75899,16,0.9279999999999999,0.9279999999999999,1,0.0625
1438,75913,14,0.9369999999999999,0.9369999999999999,1,0.07142857142857142
1439,76015,102,0.5409999999999999,0.5409999999999999,1,0.00980392156862745
1440,76029,14,0.9369999999999999,0.9369999999999999,1,0.07142857142857142
1441,76045,16,0.9279999999999999,0.9279999999999999,1,0.1875
1442,76061,16,0.9279999999999999,0.9279999999999999,1,0.0625
1443,76077,16,0.9279999999999999,0.9279999999999999,1,0.0625
1444,76103,26,0.883,0.883,1,0.11538461538461539
1445,76121,18,0.919,0.919,1,0.05555555555555555
1446,76137,16,0.9279999999999999,0.9279999999999999,1,0.0625
1447,76151,14,0.9369999999999999,0.9369999999999999,1,0.07142857142857142
1448,76169,18,0.919,0.919,1,0.05555555555555555
1449,76185,16,0.9279999999999999,0.9279999999999999,1,0.0625
1450,76201,16,0.9279999999999999,0.9279999999999999,1,0.0625
1451,76215,14,0.9369999999999999,0.9369999999999999,1,0.07142857142857142
1452,76231,16,0.9279999999999999,0.9279999999999999,1,0.0625
1453,76249,18,0.919,0.919,1,0.05555555555555555
1454,76263,14,0.9369999999999999,0.9369999999999999,1,0.07142857142857142
1455,76277,14,0.9369999999999999,0.9369999999999999,1,0.07142857142857142
1456,76291,14,0.9369999999999999,0.9369999999999999,1,0.07142857142857142
1457,76307,16,0.9279999999999999,0.9279999999999999,1,0.0625
1458,76321,14,0.9369999999999999,0.9369999999999999,1,0.07142857142857142
1459,76339,18,0.919,0.919,1,0.05555555555555555
1460,76355,16,0.9279999999999999,0.9279999999999999,1,0.0625
1461,76369,14,0.9369999999999999,0.9369999999999999,1,0.07142857142857142
1462,76389,20,0.91,0.91,1,0.15
1463,76403,14,0.9369999999999999,0.9369999999999999,1,0.07142857142857142
1464,76417,14,0.9369999999999999,0.9369999999999999,1,0.07142857142857142
1465,76433,16,0.9279999999999999,0.9279999999999999,1,0.0625
1466,76449,16,0.9279999999999999,0.9279999999999999,1,0.0625
1467,76465,16,0.9279999999999999,0.9279999999999999,1,0.0625
1468,76479,14,0.9369999999999999,0.9369999999999999,1,0.07142857142857142
1469,76495,16,0.9279999999999999,0.9279999999999999,1,0.0625
1470,76509,14,0.9369999999999999,0.9369999999999999,1,0.07142857142857142
1471,76525,16,0.9279999999999999,0.9279999999999999,1,0.0625
1472,76541,16,0.9279999999999999,0.9279999999999999,1,0.0625
1473,76555,14,0.9369999999999999,0.9369999999999999,1,0.07142857142857142
1474,76571,16,0.9279999999999999,0.9279999999999999,1,0.0625
1475,76585,14,0.9369999999999999,0.9369999999999999,1,0.07142857142857142
1476,76599,14,0.9369999999999999,0.9369999999999999,1,0.07142857142857142
1477,76615,16,0.9279999999999999,0.9279999999999999,1,0.0625
1478,76629,14,0.9369999999999999,0.9369999999999999,1,0.07142857142857142
1479,76645,16,0.9279999999999999,0.9279999999999999,1,0.0625
1480,76659,14,0.9369999999999999,0.9369999999999999,1,0.07142857142857142
1481,76677,18,0.919,0.919,1,0.05555555555555555
1482,76695,18,0.919,0.919,1,0.05555555555555555
1483,76715,20,0.91,0.91,1,0.05
1484,76729,14,0.9369999999999999,0.9369999999999999,1,0.07142857142857142
1485,76745,16,0.9279999999999999,0.9279999999999999,1,0.0625
1486,76759,14,0.9369999999999999,0.9369999999999999,1,0.07142857142857142
1487,76775,16,0.9279999999999999,0.9279999999999999,1,0.1875
1488,76793,18,0.919,0.919,1,0.05555555555555555
1489,76807,14,0.9369999999999999,0.9369999999999999,1,0.07142857142857142
1490,76821,14,0.9369999999999999,0.9369999999999999,1,0.07142857142857142
1491,76837,16,0.9279999999999999,0.9279999999999999,1,0.0625
1492,76851,14,0.9369999999999999,0.9369999999999999,1,0.07142857142857142
1493,76867,16,0.9279999999999999,0.9279999999999999,1,0.0625
1494,76883,16,0.9279999999999999,0.9279999999999999,1,0.0625
1495,76903,20,0.91,0.91,1,0.15
1496,76921,18,0.919,0.919,1,0.05555555555555555
1497,76935,14,0.9369999999999999,0.9369999999999999,1,0.07142857142857142
1498,76953,18,0.919,0.919,1,0.05555555555555555
1499,76969,16,0.9279999999999999,0.9279999999999999,1,0.1875
1500,76985,16,0.9279999999999999,0.9279999999999999,1,0.0625
1501,76999,14,0.9369999999999999,0.9369999999999999,1,0.07142857142857142
1502,77013,14,0.9369999999999999,0.9369999999999999,1,0.07142857142857142
1503,77029,16,0.9279999999999999,0.9279999999999999,1,0.0625
1504,77043,14,0.9369999999999999,0.9369999999999999,1,0.07142857142857142
1505,77057,14,0.9369999999999999,0.9369999999999999,1,0.07142857142857142
1506,77071,14,0.9369999999999999,0.9369999999999999,1,0.07142857142857142
1507,77087,16,0.9279999999999999,0.9279999999999999,1,0.1875
1508,77101,14,0.9369999999999999,0.9369999999999999,1,0.07142857142857142
1509,77121,20,0.91,0.91,1,0.15
1510,77135,14,0.9369999999999999,0.9369999999999999,1,0.07142857142857142
1511,77151,16,0.9279999999999999,0.9279999999999999,1,0.1875
1512,77165,14,0.9369999999999999,0.9369999999999999,1,0.07142857142857142
1513,77179,14,0.9369999999999999,0.9369999999999999,1,0.07142857142857142
1514,77195,16,0.9279999999999999,0.9279999999999999,1,0.0625
1515,77211,16,0.9279999999999999,0.9279999999999999,1,0.0625
1516,77229,18,0.919,0.919,1,0.05555555555555555
1517,77245,16,0.9279999999999999,0.9279999999999999,1,0.0625
1518,77261,16,0.9279999999999999,0.9279999999999999,1,0.0625
1519,77279,18,0.919,0.919,1,0.16666666666666666
1520,77293,14,0.9369999999999999,0.9369999999999999,1,0.07142857142857142
1521,77311,18,0.919,0.919,1,0.05555555555555555
1522,77325,14,0.9369999999999999,0.9369999999999999,1,0.07142857142857142
1523,77339,14,0.9369999999999999,0.9369999999999999,1,0.07142857142857142
1524,77411,72,0.6759999999999999,0.6759999999999999,1,0.013888888888888888
1525,77429,18,0.919,0.919,1,0.2777777777777778
1526,77451,22,0.901,0.901,1,0.045454545454545456
1527,77466,15,0.9325,0.9325,1,0.06666666666666667
1528,77480,14,0.9369999999999999,0.9369999999999999,1,0.07142857142857142
1529,77494,14,0.9369999999999999,0.9369999999999999,1,0.07142857142857142
1530,77518,24,0.892,0.892,1,0.041666666666666664
1531,77532,14,0.9369999999999999,0.9369999999999999,1,0.07142857142857142
1532,77558,26,0.883,0.883,1,0.038461538461538464
1533,77576,18,0.919,0.919,1,0.05555555555555555
1534,77608,32,0.856,0.856,1,0.03125
1535,77622,14,0.9369999999999999,0.9369999999999999,1,0.07142857142857142
1536,77636,14,0.9369999999999999,0.9369999999999999,1,0.07142857142857142
1537,77668,32,0.856,0.856,1,0.03125
1538,77704,36,0.838,0.838,1,0.027777777777777776
1539,77740,36,0.838,0.838,1,0.027777777777777776
1540,77758,18,0.919,0.919,1,0.05555555555555555
1541,77776,18,0.919,0.919,1,0.16666666666666666
1542,77792,16,0.9279999999999999,0.9279999999999999,1,0.0625
1543,77806,14,0.9369999999999999,0.9369999999999999,1,0.07142857142857142
1544,77826,20,0.91,0.91,1,0.05
1545,77840,14,0.9369999999999999,0.9369999999999999,1,0.07142857142857142
1546,77858,18,0.919,0.919,1,0.05555555555555555
1547,77874,16,0.9279999999999999,0.9279999999999999,1,0.0625
1548,77890,16,0.9279999999999999,0.9279999999999999,1,0.0625
1549,77946,56,0.748,0.748,1,0.017857142857142856
1550,77981,35,0.8425,0.8425,1,0.02857142857142857
1551,77997,16,0.9279999999999999,0.9279999999999999,1,0.1875
1552,78027,30,0.865,0.865,1,0.03333333333333333
1553,78041,14,0.9369999999999999,0.9369999999999999,1,0.07142857142857142
1554,78055,14,0.9369999999999999,0.9369999999999999,1,0.07142857142857142
1555,78071,16,0.9279999999999999,0.9279999999999999,1,0.0625
1556,78089,18,0.919,0.919,1,0.05555555555555555
1557,78103,14,0.9369999999999999,0.9369999999999999,1,0.07142857142857142
1558,78235,132,0.4059999999999999,0.4059999999999999,1,0.007575757575757576
1559,78261,26,0.883,0.883,1,0.038461538461538464
1560,78293,32,0.856,0.856,1,0.03125
1561,78351,58,0.739,0.739,1,0.017241379310344827
1562,78367,16,0.9279999999999999,0.9279999999999999,1,0.0625
1563,78397,30,0.865,0.865,1,0.03333333333333333
1564,78505,108,0.514,0.514,1,0.009259259259259259
1565,78532,27,0.8785,0.8785,1,0.037037037037037035
1566,78624,92,0.586,0.586,1,0.010869565217391304
1567,78640,16,0.9279999999999999,0.9279999999999999,1,0.0625
1568,78714,74,0.667,0.667,1,0.013513513513513514
1569,78732,18,0.919,0.919,1,0.05555555555555555
1570,78750,18,0.919,0.919,1,0.05555555555555555
1571,78766,16,0.9279999999999999,0.9279999999999999,1,0.0625
1572,78808,42,0.8109999999999999,0.8109999999999999,1,0.023809523809523808
1573,78896,88,0.604,0.604,1,0.011363636363636364
1574,78983,87,0.6085,0.6085,1,0.011494252873563218
1575,79007,24,0.892,0.892,1,0.041666666666666664
1576,79021,14,0.9369999999999999,0.9369999999999999,1,0.07142857142857142
1577,79035,14,0.9369999999999999,0.9369999999999999,1,0.07142857142857142
1578,79051,16,0.9279999999999999,0.9279999999999999,1,0.0625
1579,79217,166,0.253,0.253,1,0.006024096385542169
1580,79255,38,0.829,0.829,1,0.23684210526315788
1581,79269,14,0.9369999999999999,0.9369999999999999,1,0.07142857142857142
1582,79285,16,0.9279999999999999,0.9279999999999999,1,0.0625
1583,79299,14,0.9369999999999999,0.9369999999999999,1,0.07142857142857142
1584,79325,26,0.883,0.883,1,0.038461538461538464
1585,79341,16,0.9279999999999999,0.9279999999999999,1,0.0625
1586,79355,14,0.9369999999999999,0.9369999999999999,1,0.07142857142857142
1587,79369,14,0.9369999999999999,0.9369999999999999,1,0.07142857142857142
1588,79397,28,0.874,0.874,1,0.03571428571428571
1589,79421,24,0.892,0.892,1,0.125
1590,79441,20,0.91,0.91,1,0.05
1591,79459,18,0.919,0.919,1,0.05555555555555555
1592,79475,16,0.9279999999999999,0.9279999999999999,1,0.0625
1593,79495,20,0.91,0.91,1,0.05
1594,79509,14,0.9369999999999999,0.9369999999999999,1,0.07142857142857142
1595,79523,14,0.9369999999999999,0.9369999999999999,1,0.07142857142857142
1596,79539,16,0.9279999999999999,0.9279999999999999,1,0.0625
1597,79553,14,0.9369999999999999,0.9369999999999999,1,0.07142857142857142
1598,79567,14,0.9369999999999999,0.9369999999999999,1,0.07142857142857142
1599,79587,20,0.91,0.91,1,0.05
1600,79611,24,0.892,0.892,1,0.041666666666666664
1601,79643,32,0.856,0.856,1,0.03125
1602,79659,16,0.9279999999999999,0.9279999999999999,1,0.0625
1603,79679,20,0.91,0.91,1,0.05
1604,79693,14,0.9369999999999999,0.9369999999999999,1,0.07142857142857142
1605,79723,30,0.865,0.865,1,0.03333333333333333
1606,79737,14,0.9369999999999999,0.9369999999999999,1,0.07142857142857142
1607,79751,14,0.9369999999999999,0.9369999999999999,1,0.07142857142857142
1608,79765,14,0.9369999999999999,0.9369999999999999,1,0.07142857142857142
1609,79779,14,0.9369999999999999,0.9369999999999999,1,0.07142857142857142
1610,79793,14,0.9369999999999999,0.9369999999999999,1,0.07142857142857142
1611,79813,20,0.91,0.91,1,0.05
1612,79861,48,0.784,0.784,1,0.020833333333333332
1613,79885,24,0.892,0.892,1,0.041666666666666664
1614,79899,14,0.9369999999999999,0.9369999999999999,1,0.07142857142857142
1615,79917,18,0.919,0.919,1,0.05555555555555555
1616,79931,14,0.9369999999999999,0.9369999999999999,1,0.07142857142857142
1617,79945,14,0.9369999999999999,0.9369999999999999,1,0.07142857142857142
1618,79962,17,0.9235,0.9235,1,0.17647058823529413
1619,79982,20,0.91,0.91,1,0.05
1620,80000,18,0.919,0.919,1,0.05555555555555555
1621,80020,20,0.91,0.91,1,0.05
1622,80034,14,0.9369999999999999,0.9369999999999999,1,0.07142857142857142
1623,80050,16,0.9279999999999999,0.9279999999999999,1,0.0625
1624,80064,14,0.9369999999999999,0.9369999999999999,1,0.07142857142857142
1625,80103,39,0.8245,0.8245,1,0.02564102564102564
1626,80251,148,0.33399999999999996,0.33399999999999996,1,0.006756756756756757
1627,80371,120,0.45999999999999996,0.45999999999999996,1,0.008333333333333333
1628,80571,200,0.0,0.0,0,0.005
1629,80716,145,0.34750000000000003,0.34750000000000003,1,0.006896551724137931
1630,80916,200,0.0,0.0,0,0.03
1631,80972,56,0.748,0.748,1,0.48214285714285715
1632,81024,52,0.766,0.766,1,0.6346153846153846
1633,81042,18,0.919,0.919,1,0.16666666666666666
1634,81056,14,0.9369999999999999,0.9369999999999999,1,0.07142857142857142
1635,81070,14,0.9369999999999999,0.9369999999999999,1,0.07142857142857142
1636,81089,19,0.9145,0.9145,1,0.05263157894736842
1637,81103,14,0.9369999999999999,0.9369999999999999,1,0.07142857142857142
1638,81119,16,0.9279999999999999,0.9279999999999999,1,0.1875
1639,81135,16,0.9279999999999999,0.9279999999999999,1,0.0625
1640,81149,14,0.9369999999999999,0.9369999999999999,1,0.07142857142857142
1641,81163,14,0.9369999999999999,0.9369999999999999,1,0.07142857142857142
1642,81179,16,0.9279999999999999,0.9279999999999999,1,0.0625
1643,81195,16,0.9279999999999999,0.9279999999999999,1,0.0625
1644,81211,16,0.9279999999999999,0.9279999999999999,1,0.0625
1645,81225,14,0.9369999999999999,0.9369999999999999,1,0.07142857142857142
1646,81239,14,0.9369999999999999,0.9369999999999999,1,0.07142857142857142
1647,81255,16,0.9279999999999999,0.9279999999999999,1,0.0625
1648,81269,14,0.9369999999999999,0.9369999999999999,1,0.07142857142857142
1649,81283,14,0.9369999999999999,0.9369999999999999,1,0.07142857142857142
1650,81300,17,0.9235,0.9235,1,0.17647058823529413
1651,81314,14,0.9369999999999999,0.9369999999999999,1,0.07142857142857142
1652,81328,14,0.9369999999999999,0.9369999999999999,1,0.07142857142857142
1653,81344,16,0.9279999999999999,0.9279999999999999,1,0.0625
1654,81358,14,0.9369999999999999,0.9369999999999999,1,0.07142857142857142
1655,81374,16,0.9279999999999999,0.9279999999999999,1,0.0625
1656,81388,14,0.9369999999999999,0.9369999999999999,1,0.07142857142857142
1657,81402,14,0.9369999999999999,0.9369999999999999,1,0.07142857142857142
1658,81416,14,0.9369999999999999,0.9369999999999999,1,0.07142857142857142
1659,81430,14,0.9369999999999999,0.9369999999999999,1,0.07142857142857142
1660,81502,72,0.6759999999999999,0.6759999999999999,1,0.06944444444444445
1661,81516,14,0.9369999999999999,0.9369999999999999,1,0.07142857142857142
1662,81530,14,0.9369999999999999,0.9369999999999999,1,0.07142857142857142
1663,81550,20,0.91,0.91,1,0.15
1664,81564,14,0.9369999999999999,0.9369999999999999,1,0.07142857142857142
1665,81606,42,0.8109999999999999,0.8109999999999999,1,0.3333333333333333
1666,81630,24,0.892,0.892,1,0.125
1667,81649,19,0.9145,0.9145,1,0.05263157894736842
1668,81665,16,0.9279999999999999,0.9279999999999999,1,0.1875
1669,81725,60,0.73,0.73,1,0.016666666666666666
1670,81739,14,0.9369999999999999,0.9369999999999999,1,0.07142857142857142
1671,81763,24,0.892,0.892,1,0.375
1672,81849,86,0.613,0.613,1,0.1511627906976744
1673,81871,22,0.901,0.901,1,0.045454545454545456
1674,81891,20,0.91,0.91,1,0.35
1675,81908,17,0.9235,0.9235,1,0.058823529411764705
1676,81922,14,0.9369999999999999,0.9369999999999999,1,0.07142857142857142
1677,81936,14,0.9369999999999999,0.9369999999999999,1,0.07142857142857142
1678,81950,14,0.9369999999999999,0.9369999999999999,1,0.07142857142857142
1679,81967,17,0.9235,0.9235,1,0.058823529411764705
1680,81983,16,0.9279999999999999,0.9279999999999999,1,0.1875
1681,81999,16,0.9279999999999999,0.9279999999999999,1,0.0625
1682,82015,16,0.9279999999999999,0.9279999999999999,1,0.1875
1683,82055,40,0.82,0.82,1,0.025
1684,82090,35,0.8425,0.8425,1,0.02857142857142857
1685,82279,189,0.14950000000000008,0.14950000000000008,1,0.005291005291005291
1686,82329,50,0.775,0.775,1,0.08
1687,82351,22,0.901,0.901,1,0.045454545454545456
1688,82394,43,0.8065,0.8065,1,0.023255813953488372
1689,82408,14,0.9369999999999999,0.9369999999999999,1,0.07142857142857142
1690,82432,24,0.892,0.892,1,0.041666666666666664
1691,82446,14,0.9369999999999999,0.9369999999999999,1,0.07142857142857142
1692,82460,14,0.9369999999999999,0.9369999999999999,1,0.07142857142857142
1693,82474,14,0.9369999999999999,0.9369999999999999,1,0.07142857142857142
1694,82490,16,0.9279999999999999,0.9279999999999999,1,0.0625
1695,82520,30,0.865,0.865,1,0.03333333333333333
1696,82534,14,0.9369999999999999,0.9369999999999999,1,0.07142857142857142
1697,82550,16,0.9279999999999999,0.9279999999999999,1,0.0625
1698,82570,20,0.91,0.91,1,0.05
1699,82584,14,0.9369999999999999,0.9369999999999999,1,0.07142857142857142
1700,82598,14,0.9369999999999999,0.9369999999999999,1,0.07142857142857142
1701,82612,14,0.9369999999999999,0.9369999999999999,1,0.07142857142857142
1702,82632,20,0.91,0.91,1,0.05
1703,82690,58,0.739,0.739,1,0.017241379310344827
1704,82704,14,0.9369999999999999,0.9369999999999999,1,0.07142857142857142
1705,82722,18,0.919,0.919,1,0.05555555555555555
1706,82751,29,0.8694999999999999,0.8694999999999999,1,0.034482758620689655
1707,82767,16,0.9279999999999999,0.9279999999999999,1,0.0625
1708,82781,14,0.9369999999999999,0.9369999999999999,1,0.07142857142857142
1709,82795,14,0.9369999999999999,0.9369999999999999,1,0.07142857142857142
1710,82809,14,0.9369999999999999,0.9369999999999999,1,0.07142857142857142
1711,82823,14,0.9369999999999999,0.9369999999999999,1,0.07142857142857142
1712,82860,37,0.8335,0.8335,1,0.02702702702702703
1713,82874,14,0.9369999999999999,0.9369999999999999,1,0.07142857142857142
1714,82890,16,0.9279999999999999,0.9279999999999999,1,0.0625
1715,82904,14,0.9369999999999999,0.9369999999999999,1,0.07142857142857142
1716,82920,16,0.9279999999999999,0.9279999999999999,1,0.0625
1717,82934,14,0.9369999999999999,0.9369999999999999,1,0.07142857142857142
1718,82950,16,0.9279999999999999,0.9279999999999999,1,0.0625
1719,82972,22,0.901,0.901,1,0.045454545454545456
1720,82986,14,0.9369999999999999,0.9369999999999999,1,0.07142857142857142
1721,83004,18,0.919,0.919,1,0.05555555555555555
1722,83033,29,0.8694999999999999,0.8694999999999999,1,0.034482758620689655
1723,83053,20,0.91,0.91,1,0.05
1724,83073,20,0.91,0.91,1,0.05
1725,83089,16,0.9279999999999999,0.9279999999999999,1,0.0625
1726,83135,46,0.7929999999999999,0.7929999999999999,1,0.021739130434782608
1727,83335,200,0.0,0.0,0,0.005
1728,83535,200,0.0,0.0,0,0.005
1729,83735,200,0.0,0.0,0,0.005
1730,83769,34,0.847,0.847,1,0.029411764705882353
1731,83969,200,0.0,0.0,0,0.005
1732,84023,54,0.757,0.757,1,0.018518518518518517
1733,84037,14,0.9369999999999999,0.9369999999999999,1,0.07142857142857142
1734,84067,30,0.865,0.865,1,0.03333333333333333
1735,84267,200,0.0,0.0,0,0.005
1736,84283,16,0.9279999999999999,0.9279999999999999,1,0.0625
1737,84375,92,0.586,0.586,1,0.010869565217391304
1738,84389,14,0.9369999999999999,0.9369999999999999,1,0.07142857142857142
1739,84403,14,0.9369999999999999,0.9369999999999999,1,0.07142857142857142
1740,84603,200,0.0,0.0,0,0.005
1741,84714,111,0.5005,0.5005,1,0.009009009009009009
1742,84730,16,0.9279999999999999,0.9279999999999999,1,0.1875
1743,84812,82,0.631,0.631,1,0.012195121951219513
1744,84832,20,0.91,0.91,1,0.05
1745,84846,14,0.9369999999999999,0.9369999999999999,1,0.07142857142857142
1746,84931,85,0.6174999999999999,0.6174999999999999,1,0.011764705882352941
1747,85020,89,0.5994999999999999,0.5994999999999999,1,0.011235955056179775
1748,85220,200,0.0,0.0,0,0.005
1749,85342,122,0.45099999999999996,0.45099999999999996,1,0.00819672131147541
1750,85542,200,0.0,0.0,0,0.005
1751,85742,200,0.0,0.0,0,0.045
1752,85890,148,0.33399999999999996,0.33399999999999996,1,0.006756756756756757
1753,86022,132,0.4059999999999999,0.4059999999999999,1,0.007575757575757576
1754,86064,42,0.8109999999999999,0.8109999999999999,1,0.023809523809523808
1755,86264,200,0.0,0.0,0,0.005
1756,86378,114,0.487,0.487,1,0.008771929824561403
1757,86414,36,0.838,0.838,1,0.027777777777777776
1758,86430,16,0.9279999999999999,0.9279999999999999,1,0.0625
1759,86468,38,0.829,0.829,1,0.02631578947368421
1760,86496,28,0.874,0.874,1,0.07142857142857142
1761,86688,192,0.136,0.136,1,0.005208333333333333
1762,86706,18,0.919,0.919,1,0.05555555555555555
1763,86799,93,0.5814999999999999,0.5814999999999999,1,0.010752688172043012
1764,86964,165,0.25750000000000006,0.25750000000000006,1,0.006060606060606061
1765,87057,93,0.5814999999999999,0.5814999999999999,1,0.010752688172043012
1766,87191,134,0.3969999999999999,0.3969999999999999,1,0.007462686567164179
1767,87289,98,0.5589999999999999,0.5589999999999999,1,0.01020408163265306
1768,87478,189,0.14950000000000008,0.14950000000000008,1,0.005291005291005291
1769,87650,172,0.22599999999999998,0.22599999999999998,1,0.005813953488372093
1770,87786,136,0.3879999999999999,0.3879999999999999,1,0.007352941176470588
1771,87816,30,0.865,0.865,1,0.03333333333333333
1772,88016,200,0.0,0.0,0,0.005
1773,88058,42,0.8109999999999999,0.8109999999999999,1,0.023809523809523808
1774,88243,185,0.16749999999999998,0.16749999999999998,1,0.005405405405405406
1775,88280,37,0.8335,0.8335,1,0.02702702702702703
1776,88343,63,0.7164999999999999,0.7164999999999999,1,0.015873015873015872
1777,88468,125,0.4375,0.4375,1,0.008
1778,88493,25,0.8875,0.8875,1,0.04
1779,88571,78,0.649,0.649,1,0.01282051282051282
1780,88587,16,0.9279999999999999,0.9279999999999999,1,0.0625
1781,88603,16,0.9279999999999999,0.9279999999999999,1,0.0625
1782,88631,28,0.874,0.874,1,0.03571428571428571
1783,88659,28,0.874,0.874,1,0.03571428571428571
1784,88715,56,0.748,0.748,1,0.017857142857142856
1785,88732,17,0.9235,0.9235,1,0.058823529411764705
1786,88748,16,0.9279999999999999,0.9279999999999999,1,0.0625
1787,88790,42,0.8109999999999999,0.8109999999999999,1,0.07142857142857142
1788,88847,57,0.7435,0.7435,1,0.017543859649122806
1789,89028,181,0.1855,0.1855,1,0.0055248618784530384
1790,89044,16,0.9279999999999999,0.9279999999999999,1,0.0625
1791,89062,18,0.919,0.919,1,0.05555555555555555
1792,89080,18,0.919,0.919,1,0.05555555555555555
1793,89096,16,0.9279999999999999,0.9279999999999999,1,0.0625
1794,89120,24,0.892,0.892,1,0.041666666666666664
1795,89192,72,0.6759999999999999,0.6759999999999999,1,0.041666666666666664
1796,89210,18,0.919,0.919,1,0.16666666666666666
1797,89230,20,0.91,0.91,1,0.05
1798,89246,16,0.9279999999999999,0.9279999999999999,1,0.0625
1799,89266,20,0.91,0.91,1,0.05
1800,89286,20,0.91,0.91,1,0.05
1801,89308,22,0.901,0.901,1,0.045454545454545456
1802,89324,16,0.9279999999999999,0.9279999999999999,1,0.0625
1803,89342,18,0.919,0.919,1,0.05555555555555555
1804,89358,16,0.9279999999999999,0.9279999999999999,1,0.0625
1805,89382,24,0.892,0.892,1,0.041666666666666664
1806,89398,16,0.9279999999999999,0.9279999999999999,1,0.0625
1807,89418,20,0.91,0.91,1,0.15
1808,89434,16,0.9279999999999999,0.9279999999999999,1,0.0625
1809,89450,16,0.9279999999999999,0.9279999999999999,1,0.0625
1810,89468,18,0.919,0.919,1,0.05555555555555555
1811,89484,16,0.9279999999999999,0.9279999999999999,1,0.0625
1812,89500,16,0.9279999999999999,0.9279999999999999,1,0.0625
1813,89516,16,0.9279999999999999,0.9279999999999999,1,0.0625
1814,89534,18,0.919,0.919,1,0.16666666666666666
1815,89550,16,0.9279999999999999,0.9279999999999999,1,0.0625
1816,89568,18,0.919,0.919,1,0.05555555555555555
1817,89584,16,0.9279999999999999,0.9279999999999999,1,0.0625
1818,89600,16,0.9279999999999999,0.9279999999999999,1,0.0625
1819,89616,16,0.9279999999999999,0.9279999999999999,1,0.0625
1820,89634,18,0.919,0.919,1,0.05555555555555555
1821,89652,18,0.919,0.919,1,0.05555555555555555
1822,89668,16,0.9279999999999999,0.9279999999999999,1,0.0625
1823,89684,16,0.9279999999999999,0.9279999999999999,1,0.0625
1824,89702,18,0.919,0.919,1,0.05555555555555555
1825,89739,37,0.8335,0.8335,1,0.02702702702702703
1826,89755,16,0.9279999999999999,0.9279999999999999,1,0.0625
1827,89773,18,0.919,0.919,1,0.16666666666666666
1828,89789,16,0.9279999999999999,0.9279999999999999,1,0.0625
1829,89807,18,0.919,0.919,1,0.05555555555555555
1830,89835,28,0.874,0.874,1,0.07142857142857142
1831,89851,16,0.9279999999999999,0.9279999999999999,1,0.0625
1832,89869,18,0.919,0.919,1,0.05555555555555555
1833,89887,18,0.919,0.919,1,0.05555555555555555
1834,89907,20,0.91,0.91,1,0.15
1835,89931,24,0.892,0.892,1,0.041666666666666664
1836,89947,16,0.9279999999999999,0.9279999999999999,1,0.0625
1837,89989,42,0.8109999999999999,0.8109999999999999,1,0.023809523809523808
1838,90005,16,0.9279999999999999,0.9279999999999999,1,0.0625
1839,90039,34,0.847,0.847,1,0.029411764705882353
1840,90239,200,0.0,0.0,0,0.005
1841,90282,43,0.8065,0.8065,1,0.06976744186046512
1842,90302,20,0.91,0.91,1,0.05
1843,90329,27,0.8785,0.8785,1,0.037037037037037035
1844,90373,44,0.802,0.802,1,0.022727272727272728
1845,90387,14,0.9369999999999999,0.9369999999999999,1,0.07142857142857142
1846,90407,20,0.91,0.91,1,0.15
1847,90421,14,0.9369999999999999,0.9369999999999999,1,0.07142857142857142
1848,90437,16,0.9279999999999999,0.9279999999999999,1,0.0625
1849,90454,17,0.9235,0.9235,1,0.058823529411764705
1850,90470,16,0.9279999999999999,0.9279999999999999,1,0.0625
1851,90504,34,0.847,0.847,1,0.029411764705882353
1852,90529,25,0.8875,0.8875,1,0.04
1853,90554,25,0.8875,0.8875,1,0.04
1854,90579,25,0.8875,0.8875,1,0.04
1855,90595,16,0.9279999999999999,0.9279999999999999,1,0.0625
1856,90620,25,0.8875,0.8875,1,0.04
1857,90645,25,0.8875,0.8875,1,0.04
1858,90663,18,0.919,0.919,1,0.05555555555555555
1859,90700,37,0.8335,0.8335,1,0.02702702702702703
1860,90724,24,0.892,0.892,1,0.041666666666666664
1861,90744,20,0.91,0.91,1,0.05
1862,90765,21,0.9055,0.9055,1,0.047619047619047616
1863,90787,22,0.901,0.901,1,0.045454545454545456
1864,90810,23,0.8965,0.8965,1,0.043478260869565216
1865,90830,20,0.91,0.91,1,0.15
1866,90858,28,0.874,0.874,1,0.03571428571428571
1867,90884,26,0.883,0.883,1,0.038461538461538464
1868,90898,14,0.9369999999999999,0.9369999999999999,1,0.07142857142857142
1869,90912,14,0.9369999999999999,0.9369999999999999,1,0.07142857142857142
1870,90926,14,0.9369999999999999,0.9369999999999999,1,0.07142857142857142
1871,90951,25,0.8875,0.8875,1,0.04
1872,90981,30,0.865,0.865,1,0.03333333333333333
1873,91015,34,0.847,0.847,1,0.029411764705882353
1874,91029,14,0.9369999999999999,0.9369999999999999,1,0.07142857142857142
1875,91043,14,0.9369999999999999,0.9369999999999999,1,0.07142857142857142
1876,91057,14,0.9369999999999999,0.9369999999999999,1,0.07142857142857142
1877,91079,22,0.901,0.901,1,0.22727272727272727
1878,91131,52,0.766,0.766,1,0.21153846153846154
1879,91331,200,0.0,0.0,0,0.21
1880,91353,22,0.901,0.901,1,0.13636363636363635
1881,91371,18,0.919,0.919,1,0.05555555555555555
1882,91395,24,0.892,0.892,1,0.125
1883,91417,22,0.901,0.901,1,0.3181818181818182
1884,91439,22,0.901,0.901,1,0.3181818181818182
1885,91453,14,0.9369999999999999,0.9369999999999999,1,0.07142857142857142
1886,91475,22,0.901,0.901,1,0.045454545454545456
1887,91636,161,0.27549999999999997,0.27549999999999997,1,0.10559006211180125
1888,91650,14,0.9369999999999999,0.9369999999999999,1,0.07142857142857142
1889,91670,20,0.91,0.91,1,0.1
1890,91686,16,0.9279999999999999,0.9279999999999999,1,0.0625
1891,91710,24,0.892,0.892,1,0.041666666666666664
1892,91726,16,0.9279999999999999,0.9279999999999999,1,0.0625
1893,91742,16,0.9279999999999999,0.9279999999999999,1,0.0625
1894,91756,14,0.9369999999999999,0.9369999999999999,1,0.07142857142857142
1895,91776,20,0.91,0.91,1,0.05
1896,91790,14,0.9369999999999999,0.9369999999999999,1,0.07142857142857142
1897,91804,14,0.9369999999999999,0.9369999999999999,1,0.07142857142857142
1898,91818,14,0.9369999999999999,0.9369999999999999,1,0.07142857142857142
1899,91834,16,0.9279999999999999,0.9279999999999999,1,0.0625
1900,91850,16,0.9279999999999999,0.9279999999999999,1,0.0625
1901,91940,90,0.595,0.595,1,0.1
1902,92002,62,0.721,0.721,1,0.016129032258064516
1903,92018,16,0.9279999999999999,0.9279999999999999,1,0.0625
1904,92032,14,0.9369999999999999,0.9369999999999999,1,0.07142857142857142
1905,92063,31,0.8605,0.8605,1,0.03225806451612903
1906,92085,22,0.901,0.901,1,0.045454545454545456
1907,92113,28,0.874,0.874,1,0.03571428571428571
1908,92145,32,0.856,0.856,1,0.03125
1909,92159,14,0.9369999999999999,0.9369999999999999,1,0.07142857142857142
1910,92177,18,0.919,0.919,1,0.05555555555555555
1911,92191,14,0.9369999999999999,0.9369999999999999,1,0.07142857142857142
1912,92205,14,0.9369999999999999,0.9369999999999999,1,0.07142857142857142
1913,92219,14,0.9369999999999999,0.9369999999999999,1,0.07142857142857142
1914,92279,60,0.73,0.73,1,0.016666666666666666
1915,92303,24,0.892,0.892,1,0.041666666666666664
1916,92321,18,0.919,0.919,1,0.05555555555555555
1917,92337,16,0.9279999999999999,0.9279999999999999,1,0.0625
1918,92357,20,0.91,0.91,1,0.15
1919,92389,32,0.856,0.856,1,0.03125
1920,92469,80,0.6399999999999999,0.6399999999999999,1,0.0375
1921,92483,14,0.9369999999999999,0.9369999999999999,1,0.07142857142857142
1922,92497,14,0.9369999999999999,0.9369999999999999,1,0.07142857142857142
1923,92511,14,0.9369999999999999,0.9369999999999999,1,0.07142857142857142
1924,92537,26,0.883,0.883,1,0.038461538461538464
1925,92621,84,0.622,0.622,1,0.011904761904761904
1926,92647,26,0.883,0.883,1,0.038461538461538464
1927,92679,32,0.856,0.856,1,0.03125
1928,92717,38,0.829,0.829,1,0.02631578947368421
1929,92733,16,0.9279999999999999,0.9279999999999999,1,0.0625
1930,92791,58,0.739,0.739,1,0.017241379310344827
1931,92829,38,0.829,0.829,1,0.07894736842105263
1932,92887,58,0.739,0.739,1,0.017241379310344827
1933,92925,38,0.829,0.829,1,0.02631578947368421
1934,92943,18,0.919,0.919,1,0.05555555555555555
1935,92957,14,0.9369999999999999,0.9369999999999999,1,0.07142857142857142
1936,92975,18,0.919,0.919,1,0.05555555555555555
1937,92991,16,0.9279999999999999,0.9279999999999999,1,0.0625
1938,93005,14,0.9369999999999999,0.9369999999999999,1,0.07142857142857142
1939,93039,34,0.847,0.847,1,0.029411764705882353
1940,93079,40,0.82,0.82,1,0.5
1941,93123,44,0.802,0.802,1,0.7045454545454546
1942,93323,200,0.0,0.0,0,0.655
1943,93430,107,0.5185,0.5185,1,0.21495327102803738
1944,93571,141,0.36550000000000005,0.36550000000000005,1,0.09929078014184398
1945,93585,14,0.9369999999999999,0.9369999999999999,1,0.07142857142857142
1946,93647,62,0.721,0.721,1,0.6290322580645161
1947,93683,36,0.838,0.838,1,0.027777777777777776
1948,93768,85,0.6174999999999999,0.6174999999999999,1,0.08235294117647059
1949,93802,34,0.847,0.847,1,0.6176470588235294
1950,93840,38,0.829,0.829,1,0.6052631578947368
1951,93947,107,0.5185,0.5185,1,0.6074766355140186
1952,93961,14,0.9369999999999999,0.9369999999999999,1,0.07142857142857142
1953,93975,14,0.9369999999999999,0.9369999999999999,1,0.07142857142857142
1954,94005,30,0.865,0.865,1,0.4
1955,94021,16,0.9279999999999999,0.9279999999999999,1,0.0625
1956,94035,14,0.9369999999999999,0.9369999999999999,1,0.07142857142857142
1957,94050,15,0.9325,0.9325,1,0.06666666666666667
1958,94076,26,0.883,0.883,1,0.038461538461538464
1959,94160,84,0.622,0.622,1,0.05952380952380952
1960,94212,52,0.766,0.766,1,0.019230769230769232
1961,94276,64,0.712,0.712,1,0.015625
1962,94297,21,0.9055,0.9055,1,0.047619047619047616
1963,94497,200,0.0,0.0,0,0.005
1964,94517,20,0.91,0.91,1,0.05
1965,94549,32,0.856,0.856,1,0.03125
1966,94577,28,0.874,0.874,1,0.03571428571428571
1967,94645,68,0.694,0.694,1,0.014705882352941176
1968,94659,14,0.9369999999999999,0.9369999999999999,1,0.07142857142857142
1969,94687,28,0.874,0.874,1,0.07142857142857142
1970,94701,14,0.9369999999999999,0.9369999999999999,1,0.07142857142857142
1971,94729,28,0.874,0.874,1,0.25
1972,94750,21,0.9055,0.9055,1,0.047619047619047616
1973,94780,30,0.865,0.865,1,0.03333333333333333
1974,94877,97,0.5635,0.5635,1,0.010309278350515464
1975,94936,59,0.7344999999999999,0.7344999999999999,1,0.1864406779661017
1976,94950,14,0.9369999999999999,0.9369999999999999,1,0.07142857142857142
1977,94978,28,0.874,0.874,1,0.07142857142857142
1978,95122,144,0.352,0.352,1,0.18055555555555555
1979,95171,49,0.7795,0.7795,1,0.02040816326530612
1980,95187,16,0.9279999999999999,0.9279999999999999,1,0.1875
1981,95240,53,0.7615,0.7615,1,0.018867924528301886
1982,95340,100,0.55,0.55,1,0.01
1983,95479,139,0.37450000000000006,0.37450000000000006,1,0.007194244604316547
1984,95495,16,0.9279999999999999,0.9279999999999999,1,0.0625
1985,95541,46,0.7929999999999999,0.7929999999999999,1,0.06521739130434782
1986,95559,18,0.919,0.919,1,0.05555555555555555
1987,95610,51,0.7705,0.7705,1,0.0196078431372549
1988,95628,18,0.919,0.919,1,0.16666666666666666
1989,95702,74,0.667,0.667,1,0.013513513513513514
1990,95736,34,0.847,0.847,1,0.029411764705882353
1991,95755,19,0.9145,0.9145,1,0.05263157894736842
1992,95772,17,0.9235,0.9235,1,0.058823529411764705
1993,95792,20,0.91,0.91,1,0.05
1994,95808,16,0.9279999999999999,0.9279999999999999,1,0.0625
1995,95824,16,0.9279999999999999,0.9279999999999999,1,0.0625
1996,95913,89,0.5994999999999999,0.5994999999999999,1,0.011235955056179775
1997,95929,16,0.9279999999999999,0.9279999999999999,1,0.0625
1998,95945,16,0.9279999999999999,0.9279999999999999,1,0.0625
1999,95963,18,0.919,0.919,1,0.05555555555555555
2000,96031,68,0.694,0.694,1,0.014705882352941176
2001,96047,16,0.9279999999999999,0.9279999999999999,1,0.0625
2002,96083,36,0.838,0.838,1,0.1388888888888889
2003,96141,58,0.739,0.739,1,0.017241379310344827
2004,96157,16,0.9279999999999999,0.9279999999999999,1,0.0625
2005,96179,22,0.901,0.901,1,0.045454545454545456
2006,96225,46,0.7929999999999999,0.7929999999999999,1,0.021739130434782608
2007,96301,76,0.6579999999999999,0.6579999999999999,1,0.013157894736842105
2008,96317,16,0.9279999999999999,0.9279999999999999,1,0.0625
2009,96343,26,0.883,0.883,1,0.038461538461538464
2010,96390,47,0.7885,0.7885,1,0.02127659574468085
2011,96406,16,0.9279999999999999,0.9279999999999999,1,0.0625
2012,96436,30,0.865,0.865,1,0.03333333333333333
2013,96452,16,0.9279999999999999,0.9279999999999999,1,0.0625
2014,96468,16,0.9279999999999999,0.9279999999999999,1,0.0625
2015,96484,16,0.9279999999999999,0.9279999999999999,1,0.0625
2016,96526,42,0.8109999999999999,0.8109999999999999,1,0.023809523809523808
2017,96590,64,0.712,0.712,1,0.015625
2018,96610,20,0.91,0.91,1,0.05
2019,96628,18,0.919,0.919,1,0.05555555555555555
2020,96673,45,0.7975,0.7975,1,0.022222222222222223
2021,96759,86,0.613,0.613,1,0.011627906976744186
2022,96777,18,0.919,0.919,1,0.05555555555555555
2023,96799,22,0.901,0.901,1,0.045454545454545456
2024,96817,18,0.919,0.919,1,0.05555555555555555
2025,96836,19,0.9145,0.9145,1,0.05263157894736842
2026,96852,16,0.9279999999999999,0.9279999999999999,1,0.0625
2027,96874,22,0.901,0.901,1,0.045454545454545456
2028,96892,18,0.919,0.919,1,0.05555555555555555
2029,96912,20,0.91,0.91,1,0.05
2030,96930,18,0.919,0.919,1,0.05555555555555555
2031,96954,24,0.892,0.892,1,0.041666666666666664
2032,97012,58,0.739,0.739,1,0.017241379310344827
2033,97042,30,0.865,0.865,1,0.03333333333333333
2034,97062,20,0.91,0.91,1,0.05
2035,97078,16,0.9279999999999999,0.9279999999999999,1,0.0625
2036,97103,25,0.8875,0.8875,1,0.04
2037,97136,33,0.8514999999999999,0.8514999999999999,1,0.030303030303030304
2038,97188,52,0.766,0.766,1,0.019230769230769232
2039,97221,33,0.8514999999999999,0.8514999999999999,1,0.030303030303030304
2040,97245,24,0.892,0.892,1,0.041666666666666664
2041,97267,22,0.901,0.901,1,0.045454545454545456
2042,97287,20,0.91,0.91,1,0.05
2043,97308,21,0.9055,0.9055,1,0.047619047619047616
2044,97335,27,0.8785,0.8785,1,0.037037037037037035
2045,97353,18,0.919,0.919,1,0.05555555555555555
2046,97374,21,0.9055,0.9055,1,0.047619047619047616
2047,97390,16,0.9279999999999999,0.9279999999999999,1,0.0625
2048,97590,200,0.0,0.0,0,0.005
2049,97606,16,0.9279999999999999,0.9279999999999999,1,0.0625
2050,97668,62,0.721,0.721,1,0.016129032258064516
2051,97685,17,0.9235,0.9235,1,0.058823529411764705
2052,97705,20,0.91,0.91,1,0.15
2053,97733,28,0.874,0.874,1,0.03571428571428571
2054,97749,16,0.9279999999999999,0.9279999999999999,1,0.0625
2055,97765,16,0.9279999999999999,0.9279999999999999,1,0.0625
2056,97888,123,0.4465,0.4465,1,0.008130081300813009
2057,97916,28,0.874,0.874,1,0.03571428571428571
2058,97949,33,0.8514999999999999,0.8514999999999999,1,0.030303030303030304
2059,97965,16,0.9279999999999999,0.9279999999999999,1,0.0625
2060,97981,16,0.9279999999999999,0.9279999999999999,1,0.0625
2061,97998,17,0.9235,0.9235,1,0.058823529411764705
2062,98030,32,0.856,0.856,1,0.03125
2063,98064,34,0.847,0.847,1,0.029411764705882353
2064,98088,24,0.892,0.892,1,0.041666666666666664
2065,98114,26,0.883,0.883,1,0.038461538461538464
2066,98137,23,0.8965,0.8965,1,0.043478260869565216
2067,98151,14,0.9369999999999999,0.9369999999999999,1,0.07142857142857142
2068,98171,20,0.91,0.91,1,0.05
2069,98225,54,0.757,0.757,1,0.018518518518518517
2070,98346,121,0.4555,0.4555,1,0.008264462809917356
2071,98393,47,0.7885,0.7885,1,0.02127659574468085
2072,98435,42,0.8109999999999999,0.8109999999999999,1,0.023809523809523808
2073,98469,34,0.847,0.847,1,0.08823529411764706
2074,98509,40,0.82,0.82,1,0.05
2075,98529,20,0.91,0.91,1,0.05
2076,98565,36,0.838,0.838,1,0.027777777777777776
2077,98587,22,0.901,0.901,1,0.045454545454545456
2078,98627,40,0.82,0.82,1,0.025
2079,98648,21,0.9055,0.9055,1,0.047619047619047616
2080,98675,27,0.8785,0.8785,1,0.037037037037037035
2081,98715,40,0.82,0.82,1,0.025
2082,98763,48,0.784,0.784,1,0.020833333333333332
2083,98842,79,0.6445,0.6445,1,0.012658227848101266
2084,98860,18,0.919,0.919,1,0.05555555555555555
2085,98881,21,0.9055,0.9055,1,0.047619047619047616
2086,98905,24,0.892,0.892,1,0.041666666666666664
2087,98952,47,0.7885,0.7885,1,0.02127659574468085
2088,98977,25,0.8875,0.8875,1,0.04
2089,99018,41,0.8155,0.8155,1,0.07317073170731707
2090,99032,14,0.9369999999999999,0.9369999999999999,1,0.07142857142857142
2091,99048,16,0.9279999999999999,0.9279999999999999,1,0.1875
2092,99062,14,0.9369999999999999,0.9369999999999999,1,0.07142857142857142
2093,99076,14,0.9369999999999999,0.9369999999999999,1,0.07142857142857142
2094,99090,14,0.9369999999999999,0.9369999999999999,1,0.07142857142857142
2095,99106,16,0.9279999999999999,0.9279999999999999,1,0.0625
2096,99120,14,0.9369999999999999,0.9369999999999999,1,0.07142857142857142
2097,99138,18,0.919,0.919,1,0.05555555555555555
2098,99152,14,0.9369999999999999,0.9369999999999999,1,0.07142857142857142
2099,99168,16,0.9279999999999999,0.9279999999999999,1,0.0625
2100,99182,14,0.9369999999999999,0.9369999999999999,1,0.07142857142857142
2101,99199,17,0.9235,0.9235,1,0.058823529411764705
2102,99213,14,0.9369999999999999,0.9369999999999999,1,0.07142857142857142
2103,99227,14,0.9369999999999999,0.9369999999999999,1,0.07142857142857142
2104,99243,16,0.9279999999999999,0.9279999999999999,1,0.1875
2105,99261,18,0.919,0.919,1,0.05555555555555555
2106,99275,14,0.9369999999999999,0.9369999999999999,1,0.07142857142857142
2107,99289,14,0.9369999999999999,0.9369999999999999,1,0.07142857142857142
2108,99303,14,0.9369999999999999,0.9369999999999999,1,0.07142857142857142
2109,99317,14,0.9369999999999999,0.9369999999999999,1,0.07142857142857142
2110,99333,16,0.9279999999999999,0.9279999999999999,1,0.1875
2111,99347,14,0.9369999999999999,0.9369999999999999,1,0.07142857142857142
2112,99361,14,0.9369999999999999,0.9369999999999999,1,0.07142857142857142
2113,99380,19,0.9145,0.9145,1,0.05263157894736842
2114,99394,14,0.9369999999999999,0.9369999999999999,1,0.07142857142857142
2115,99410,16,0.9279999999999999,0.9279999999999999,1,0.0625
2116,99424,14,0.9369999999999999,0.9369999999999999,1,0.07142857142857142
2117,99438,14,0.9369999999999999,0.9369999999999999,1,0.07142857142857142
2118,99452,14,0.9369999999999999,0.9369999999999999,1,0.07142857142857142
2119,99466,14,0.9369999999999999,0.9369999999999999,1,0.07142857142857142
2120,99488,22,0.901,0.901,1,0.4090909090909091
2121,99502,14,0.9369999999999999,0.9369999999999999,1,0.07142857142857142
2122,99523,21,0.9055,0.9055,1,0.047619047619047616
2123,99539,16,0.9279999999999999,0.9279999999999999,1,0.0625
2124,99553,14,0.9369999999999999,0.9369999999999999,1,0.07142857142857142
2125,99567,14,0.9369999999999999,0.9369999999999999,1,0.07142857142857142
2126,99588,21,0.9055,0.9055,1,0.047619047619047616
2127,99602,14,0.9369999999999999,0.9369999999999999,1,0.07142857142857142
2128,99616,14,0.9369999999999999,0.9369999999999999,1,0.07142857142857142
2129,99630,14,0.9369999999999999,0.9369999999999999,1,0.07142857142857142
2130,99644,14,0.9369999999999999,0.9369999999999999,1,0.07142857142857142
2131,99664,20,0.91,0.91,1,0.25
2132,99678,14,0.9369999999999999,0.9369999999999999,1,0.07142857142857142
2133,99694,16,0.9279999999999999,0.9279999999999999,1,0.0625
2134,99708,14,0.9369999999999999,0.9369999999999999,1,0.07142857142857142
2135,99814,106,0.5229999999999999,0.5229999999999999,1,0.10377358490566038
2136,99828,14,0.9369999999999999,0.9369999999999999,1,0.07142857142857142
2137,99842,14,0.9369999999999999,0.9369999999999999,1,0.07142857142857142
2138,99856,14,0.9369999999999999,0.9369999999999999,1,0.07142857142857142
2139,99870,14,0.9369999999999999,0.9369999999999999,1,0.07142857142857142
2140,99884,14,0.9369999999999999,0.9369999999999999,1,0.07142857142857142
2141,99898,14,0.9369999999999999,0.9369999999999999,1,0.07142857142857142
2142,99912,14,0.9369999999999999,0.9369999999999999,1,0.07142857142857142
2143,99928,16,0.9279999999999999,0.9279999999999999,1,0.0625
2144,99944,16,0.9279999999999999,0.9279999999999999,1,0.0625
2145,99958,14,0.9369999999999999,0.9369999999999999,1,0.07142857142857142
2146,99972,14,0.9369999999999999,0.9369999999999999,1,0.07142857142857142
2147,99988,16,0.9279999999999999,0.9279999999999999,1,0.0625
