episode,end_step,length,extrinsic_return,shaped_return,success,tv_fraction
0,200,200,0.0,8.984882808768058,0,0.29
1,400,200,0.0,9.988186504191527,0,0.12
2,600,200,0.0,10.000000000000007,0,0.155
3,800,200,0.0,10.000000000000007,0,0.085
4,1000,200,0.0,10.000000000000007,0,0.285
5,1200,200,0.0,2.293137550895478,0,0.14
6,1400,200,0.0,0.1753793971824921,0,0.105
7,1600,200,0.0,0.06561807651820957,0,0.03
8,1800,200,0.0,0.060382837527653554,0,0.175
9,2000,200,0.0,0.03609652354822545,0,0.15
10,2137,137,0.38349999999999995,0.43233991226729607,1,0.051094890510948905
11,2337,200,0.0,0.04108903271952387,0,0.2
12,2508,171,0.23050000000000004,0.27712146522337694,1,0.005847953216374269
13,2708,200,0.0,0.020968897991713913,0,0.24
14,2908,200,0.0,0.01837194229086296,0,0.215
15,3108,200,0.0,0.024278451469066566,0,0.44
16,3308,200,0.0,0.024329931519148078,0,0.205
17,3508,200,0.0,0.02030305620420951,0,0.165
18,3708,200,0.0,0.028947501338015363,0,0.01
19,3908,200,0.0,0.012980721046735776,0,0.13
20,4108,200,0.0,0.011922969511006057,0,0.26
21,4308,200,0.0,0.00918647608366444,0,0.09
22,4508,200,0.0,0.010918323830303358,0,0.17
23,4708,200,0.0,0.023119569658237586,0,0.07
24,4908,200,0.0,0.007735816893541218,0,0.19
25,5108,200,0.0,0.013156734506895936,0,0.315
26,5308,200,0.0,0.010101419313105323,0,0.315
27,5508,200,0.0,0.009288780712090041,0,0.295
28,5708,200,0.0,0.007201813499822661,0,0.22
29,5815,107,0.5185,0.5261141950455913,1,0.11214953271028037
30,6015,200,0.0,0.010760796207113881,0,0.04
31,6215,200,0.0,0.005421109248325371,0,0.165
32,6415,200,0.0,0.015102094715724093,0,0.02
33,6615,200,0.0,0.023886288379092284,0,0.045
34,6815,200,0.0,0.008333660747162238,0,0.305
35,7015,200,0.0,0.0070373950696931845,0,0.285
36,7215,200,0.0,0.00438973445666908,0,0.12
37,7415,200,0.0,0.008051117986394948,0,0.035
38,7615,200,0.0,0.010010042719343958,0,0.075
39,7815,200,0.0,0.01020199156969116,0,0.025
40,8015,200,0.0,0.0067255509004898045,0,0.265
41,8215,200,0.0,0.0026235591545096695,0,0.09
42,8415,200,0.0,0.0073371800653685175,0,0.015
43,8615,200,0.0,0.005201841473490369,0,0.2
44,8815,200,0.0,0.00559881560223408,0,0.245
45,8849,34,0.847,0.8492374626614269,1,0.029411764705882353
46,9034,185,0.16749999999999998,0.1734012942914829,1,0.0972972972972973
47,9234,200,0.0,0.003353817953487628,0,0.02
48,9434,200,0.0,0.0070011697606013135,0,0.355
49,9634,200,0.0,0.0050985020103131015,0,0.225
50,9834,200,0.0,0.00326572279282917,0,0.11
51,10034,200,0.0,0.005087435873310932,0,0.06
52,10234,200,0.0,0.009307832778358555,0,0.11
53,10434,200,0.0,0.0064969640221538985,0,0.085
54,10634,200,0.0,0.0058874774663866935,0,0.19
55,10834,200,0.0,0.004688773347645984,0,0.18
56,11034,200,0.0,0.003914981756202212,0,0.175
57,11234,200,0.0,0.004305251061518714,0,0.21
58,11434,200,0.0,0.007866666586564703,0,0.335
59,11630,196,0.118,0.1255969103497561,1,0.19387755102040816
60,11830,200,0.0,0.0038432753734252588,0,0.035
61,12030,200,0.0,0.004786960911939337,0,0.205
62,12230,200,0.0,0.005428519255597822,0,0.245
63,12430,200,0.0,0.0033864434714067034,0,0.16
64,12630,200,0.0,0.0053820009318630326,0,0.19
65,12830,200,0.0,0.0021337151601575456,0,0.03
66,13030,200,0.0,0.006528345626453994,0,0.295
67,13230,200,0.0,0.004775657592746295,0,0.23
68,13430,200,0.0,0.003020715558786094,0,0.04
69,13620,190,0.14500000000000002,0.14989639153643672,1,0.16842105263157894
70,13820,200,0.0,0.005980955631448254,0,0.33
71,14020,200,0.0,0.002332516355953486,0,0.035
72,14220,200,0.0,0.004296723326669466,0,0.05
73,14420,200,0.0,0.005817572151994759,0,0.285
74,14620,200,0.0,0.013394208218056038,0,0.055
75,14820,200,0.0,0.001968468076993545,0,0.08
76,15009,189,0.14950000000000008,0.15491635515374025,1,0.2698412698412698
77,15209,200,0.0,0.0037699533375423343,0,0.185
78,15409,200,0.0,0.003883008718725803,0,0.16
79,15609,200,0.0,0.0036180385058490173,0,0.135
80,15798,189,0.14950000000000008,0.15232585409088673,1,0.09523809523809523
81,15998,200,0.0,0.009226936044688227,0,0.49
82,16198,200,0.0,0.003094004008919089,0,0.11
83,16234,36,0.838,0.838708823452173,1,0.027777777777777776
84,16357,123,0.4465,0.44872068497837975,1,0.008130081300813009
85,16532,175,0.21250000000000002,0.214423285073784,1,0.005714285714285714
86,16732,200,0.0,0.004219895140729219,0,0.18
87,16932,200,0.0,0.004166162212477075,0,0.175
88,17023,91,0.5905,0.5919455100314129,1,0.03296703296703297
89,17183,160,0.2799999999999999,0.2848579444613001,1,0.08125
90,17301,118,0.469,0.4722491348861895,1,0.1271186440677966
91,17393,92,0.586,0.5880578979777693,1,0.18478260869565216
92,17502,109,0.5095,0.5111284371809857,1,0.05504587155963303
93,17603,101,0.5455,0.5471843875920808,1,0.04950495049504951
94,17782,179,0.1945,0.2078728803503695,1,0.03910614525139665
95,17883,101,0.5455,0.5500990172223602,1,0.04950495049504951
96,18057,174,0.21699999999999997,0.21941890682181125,1,0.05747126436781609
97,18102,45,0.7975,0.79951396304143,1,0.06666666666666667
98,18152,50,0.775,0.7769763723553128,1,0.3
99,18254,102,0.5409999999999999,0.5422094628706371,1,0.0392156862745098
100,18396,142,0.361,0.36281531539406375,1,0.028169014084507043
101,18435,39,0.8245,0.8249511614306364,1,0.02564102564102564
102,18505,70,0.685,0.6858429224600713,1,0.1
103,18614,109,0.5095,0.5106196243266717,1,0.009174311926605505
104,18689,75,0.6625,0.6634015562921333,1,0.04
105,18809,120,0.45999999999999996,0.4625685485246038,1,0.19166666666666668
106,18951,142,0.361,0.37083931305600665,1,0.02112676056338028
107,19034,83,0.6265000000000001,0.6283292168191675,1,0.1566265060240964
108,19234,200,0.0,0.003235310007879632,0,0.125
109,19342,108,0.514,0.5153477710831039,1,0.09259259259259259
110,19443,101,0.5455,0.5465214210355148,1,0.04950495049504951
111,19643,200,0.0,0.002216557748501848,0,0.09
112,19742,99,0.5545,0.5557300418537328,1,0.0707070707070707
113,19816,74,0.667,0.6693147877904806,1,0.16216216216216217
114,20016,200,0.0,0.006455203690936229,0,0.295
115,20115,99,0.5545,0.5570687625494516,1,0.26262626262626265
116,20160,45,0.7975,0.7995346611021169,1,0.022222222222222223
117,20197,37,0.8335,0.8339409038119423,1,0.08108108108108109
118,20298,101,0.5455,0.5499257168481256,1,0.4158415841584158
119,20350,52,0.766,0.7685475457233849,1,0.3269230769230769
120,20458,108,0.514,0.5169722140309126,1,0.2222222222222222
121,20614,156,0.29799999999999993,0.3055147082690731,1,0.44871794871794873
122,20694,80,0.6399999999999999,0.6423661908830065,1,0.325
123,20807,113,0.49150000000000005,0.4948045214349408,1,0.2743362831858407
124,20876,69,0.6895,0.6918539954495417,1,0.3188405797101449
125,20942,66,0.703,0.7042496851292607,1,0.12121212121212122
126,21033,91,0.5905,0.5922001204542875,1,0.03296703296703297
127,21200,167,0.24850000000000005,0.2551927587782673,1,0.25748502994011974
128,21250,50,0.775,0.7761663703106916,1,0.22
129,21449,199,0.10450000000000004,0.10747053470922237,1,0.11557788944723618
130,21500,51,0.7705,0.7714192560515516,1,0.09803921568627451
131,21700,200,0.0,0.013994653682882559,0,0.305
132,21732,32,0.856,0.8565965554169472,1,0.09375
133,21881,149,0.3295,0.3331823734615277,1,0.2348993288590604
134,21995,114,0.487,0.48932943272821827,1,0.14912280701754385
135,22017,22,0.901,0.901289469926601,1,0.045454545454545456
136,22077,60,0.73,0.7339596109996729,1,0.4166666666666667
137,22111,34,0.847,0.847542648089536,1,0.14705882352941177
138,22205,94,0.577,0.5786190968961857,1,0.14893617021276595
139,22257,52,0.766,0.7676054676740078,1,0.28846153846153844
140,22304,47,0.7885,0.7889402426408704,1,0.02127659574468085
141,22352,48,0.784,0.7860581173564587,1,0.3125
142,22433,81,0.6355,0.6406063434397925,1,0.5432098765432098
143,22459,26,0.883,0.8832485519108013,1,0.038461538461538464
144,22618,159,0.2845,0.2903163512066229,1,0.36477987421383645
145,22767,149,0.3295,0.3434602165129106,1,0.06711409395973154
146,22805,38,0.829,0.8301356964802878,1,0.2894736842105263
147,22848,43,0.8065,0.8066739498160004,1,0.023255813953488372
148,22935,87,0.6085,0.6102030281984645,1,0.11494252873563218
149,22974,39,0.8245,0.8251931106867906,1,0.1794871794871795
150,23024,50,0.775,0.7776834984470731,1,0.52
151,23071,47,0.7885,0.79110785219419,1,0.0851063829787234
152,23097,26,0.883,0.8834711133703584,1,0.11538461538461539
153,23123,26,0.883,0.8833599330316566,1,0.11538461538461539
154,23193,70,0.685,0.691292492723442,1,0.04285714285714286
155,23336,143,0.35650000000000004,0.35938313765940355,1,0.17482517482517482
156,23358,22,0.901,0.9016277223223257,1,0.22727272727272727
157,23408,50,0.775,0.7764094648220038,1,0.36
158,23515,107,0.5185,0.5199654166302676,1,0.12149532710280374
159,23553,38,0.829,0.829274842504137,1,0.02631578947368421
160,23608,55,0.7525,0.7537269963186296,1,0.23636363636363636
161,23687,79,0.6445,0.6462258439730773,1,0.13924050632911392
162,23723,36,0.838,0.8387498986626404,1,0.1388888888888889
163,23835,112,0.4959999999999999,0.49715041266824017,1,0.08035714285714286
164,23878,43,0.8065,0.807820597380182,1,0.023255813953488372
165,23902,24,0.892,0.8922072983196286,1,0.041666666666666664
166,23926,24,0.892,0.8921861705448644,1,0.041666666666666664
167,23977,51,0.7705,0.7714833241940247,1,0.17647058823529413
168,24034,57,0.7435,0.7445259549009501,1,0.08771929824561403
169,24152,118,0.469,0.4738682364495153,1,0.03389830508474576
170,24176,24,0.892,0.8922026361301376,1,0.041666666666666664
171,24310,134,0.3969999999999999,0.4006074146790087,1,0.05223880597014925
172,24435,125,0.4375,0.44243038435360155,1,0.12
173,24479,44,0.802,0.8027827472078434,1,0.1590909090909091
174,24580,101,0.5455,0.5467698473084793,1,0.10891089108910891
175,24609,29,0.8694999999999999,0.8698091273223945,1,0.034482758620689655
176,24645,36,0.838,0.8383704506885391,1,0.08333333333333333
177,24681,36,0.838,0.8385683331529741,1,0.1111111111111111
178,24772,91,0.5905,0.5967399247467385,1,0.08791208791208792
179,24840,68,0.694,0.6946127918688779,1,0.04411764705882353
180,24909,69,0.6895,0.6917380698651728,1,0.057971014492753624
181,25022,113,0.49150000000000005,0.4958814689137985,1,0.061946902654867256
182,25063,41,0.8155,0.8160477923904352,1,0.07317073170731707
183,25091,28,0.874,0.8741962008408913,1,0.03571428571428571
184,25120,29,0.8694999999999999,0.8704870564941177,1,0.13793103448275862
185,25282,162,0.2709999999999999,0.27587839638992356,1,0.006172839506172839
186,25298,16,0.9279999999999999,0.9282855161195733,1,0.1875
187,25343,45,0.7975,0.7983770557939908,1,0.022222222222222223
188,25373,30,0.865,0.8653780163437406,1,0.1
189,25418,45,0.7975,0.7983784197745113,1,0.2
190,25483,65,0.7075,0.7104490833693158,1,0.06153846153846154
191,25531,48,0.784,0.7846255369943248,1,0.020833333333333332
192,25570,39,0.8245,0.8247837393945603,1,0.02564102564102564
193,25619,49,0.7795,0.7817880270279915,1,0.02040816326530612
194,25649,30,0.865,0.8657385213740466,1,0.23333333333333334
195,25765,116,0.478,0.4795565610811912,1,0.02586206896551724
196,25841,76,0.6579999999999999,0.659991371032714,1,0.2236842105263158
197,26041,200,0.0,0.004939150024429283,0,0.02
198,26097,56,0.748,0.7486770899881661,1,0.05357142857142857
199,26140,43,0.8065,0.8068816239230148,1,0.023255813953488372
200,26185,45,0.7975,0.7984887443860755,1,0.15555555555555556
201,26286,101,0.5455,0.551127236087158,1,0.0891089108910891
202,26411,125,0.4375,0.4396940030853591,1,0.064
203,26475,64,0.712,0.7130265593806372,1,0.109375
204,26565,90,0.595,0.5962493448304484,1,0.06666666666666667
205,26585,20,0.91,0.9101487037357002,1,0.05
206,26686,101,0.5455,0.5472334877562544,1,0.019801980198019802
207,26771,85,0.6174999999999999,0.6184239898035292,1,0.08235294117647059
208,26821,50,0.775,0.7761040410939591,1,0.18
209,27021,200,0.0,0.004381792865014039,0,0.02
210,27052,31,0.8605,0.8610095413634536,1,0.12903225806451613
211,27177,125,0.4375,0.4407081046465535,1,0.032
212,27211,34,0.847,0.84762787474577,1,0.17647058823529413
213,27411,200,0.0,0.004194602633845706,0,0.01
214,27440,29,0.8694999999999999,0.8708723326794727,1,0.13793103448275862
215,27462,22,0.901,0.9012132497887941,1,0.045454545454545456
216,27662,200,0.0,0.004284969377223114,0,0.04
217,27862,200,0.0,0.0031736438302205072,0,0.01
218,28062,200,0.0,0.003625475925183022,0,0.01
219,28212,150,0.32499999999999996,0.3316368628004894,1,0.04666666666666667
220,28364,152,0.31599999999999995,0.32303338257940223,1,0.013157894736842105
221,28408,44,0.802,0.803788713862172,1,0.09090909090909091
222,28476,68,0.694,0.696759177182049,1,0.029411764705882353
223,28543,67,0.6984999999999999,0.7002238741275046,1,0.13432835820895522
224,28614,71,0.6805,0.6813102258287469,1,0.014084507042253521
225,28649,35,0.8425,0.8436623311425543,1,0.17142857142857143
226,28817,168,0.244,0.24739399085996136,1,0.023809523809523808
227,28864,47,0.7885,0.7894101302256333,1,0.0425531914893617
228,28961,97,0.5635,0.5651833712303298,1,0.041237113402061855
229,29024,63,0.7164999999999999,0.7182999618772723,1,0.09523809523809523
230,29224,200,0.0,0.004056361957536307,0,0.04
231,29303,79,0.6445,0.6456510044637106,1,0.0759493670886076
232,29470,167,0.24850000000000005,0.25265188632178126,1,0.19760479041916168
233,29538,68,0.694,0.6944208150843468,1,0.014705882352941176
234,29573,35,0.8425,0.8428157847256463,1,0.02857142857142857
235,29597,24,0.892,0.8924613705067802,1,0.125
236,29620,23,0.8965,0.8967768026512347,1,0.043478260869565216
237,29820,200,0.0,0.0017635491963713553,0,0.025
238,29877,57,0.7435,0.7462590797027906,1,0.2631578947368421
239,29975,98,0.5589999999999999,0.560695356468042,1,0.1326530612244898
240,30122,147,0.3385,0.3402453734654721,1,0.05442176870748299
241,30140,18,0.919,0.9191594062788272,1,0.05555555555555555
242,30160,20,0.91,0.9103325806571885,1,0.15
243,30195,35,0.8425,0.8427203212221867,1,0.02857142857142857
244,30262,67,0.6984999999999999,0.6989145548251847,1,0.014925373134328358
245,30278,16,0.9279999999999999,0.9281180765250533,1,0.0625
246,30308,30,0.865,0.8651526741460249,1,0.03333333333333333
247,30330,22,0.901,0.9012187388794531,1,0.045454545454545456
248,30398,68,0.694,0.6947999090290115,1,0.04411764705882353
249,30525,127,0.4285,0.4303374674938671,1,0.07086614173228346
250,30725,200,0.0,0.003752150136376904,0,0.125
251,30884,159,0.2845,0.28537443392204487,1,0.006289308176100629
252,30948,64,0.712,0.7127780243355498,1,0.03125
253,31024,76,0.6579999999999999,0.658992428857654,1,0.06578947368421052
254,31059,35,0.8425,0.8427973274805961,1,0.08571428571428572
255,31147,88,0.604,0.6050848214117134,1,0.06818181818181818
256,31200,53,0.7615,0.7624546648988317,1,0.07547169811320754
257,31221,21,0.9055,0.9056812237159381,1,0.047619047619047616
258,31260,39,0.8245,0.8249886731943994,1,0.05128205128205128
259,31281,21,0.9055,0.90562600066318,1,0.047619047619047616
260,31297,16,0.9279999999999999,0.9281203177686481,1,0.0625
261,31338,41,0.8155,0.8161753094676121,1,0.14634146341463414
262,31368,30,0.865,0.8658706488418331,1,0.3
263,31452,84,0.622,0.6226340113424944,1,0.047619047619047616
264,31499,47,0.7885,0.7898407718046088,1,0.1702127659574468
265,31536,37,0.8335,0.8349063146739301,1,0.32432432432432434
266,31580,44,0.802,0.8028010959042287,1,0.045454545454545456
267,31598,18,0.919,0.9192036176551187,1,0.05555555555555555
268,31624,26,0.883,0.8831359634238772,1,0.038461538461538464
269,31735,111,0.5005,0.5010350234650887,1,0.009009009009009009
270,31785,50,0.775,0.7757273041907764,1,0.08
271,31857,72,0.6759999999999999,0.6777328859975941,1,0.19444444444444445
272,31887,30,0.865,0.8655947705709126,1,0.2
273,31943,56,0.748,0.7497620428448751,1,0.26785714285714285
274,32012,69,0.6895,0.6904537914638704,1,0.057971014492753624
275,32048,36,0.838,0.8381536509947669,1,0.027777777777777776
276,32070,22,0.901,0.9012705909356885,1,0.13636363636363635
277,32106,36,0.838,0.8382880720295199,1,0.027777777777777776
278,32187,81,0.6355,0.6369774440218519,1,0.1111111111111111
279,32241,54,0.757,0.7583137076041817,1,0.2037037037037037
280,32305,64,0.712,0.7134288212041939,1,0.125
281,32321,16,0.9279999999999999,0.9281399668689279,1,0.0625
282,32343,22,0.901,0.9013090864719024,1,0.13636363636363635
283,32445,102,0.5409999999999999,0.5418793543430334,1,0.0392156862745098
284,32465,20,0.91,0.910144108878287,1,0.05
285,32506,41,0.8155,0.8166471193753447,1,0.21951219512195122
286,32534,28,0.874,0.8741797626046499,1,0.03571428571428571
287,32551,17,0.9235,0.9236586137187898,1,0.058823529411764705
288,32595,44,0.802,0.8026700139250185,1,0.022727272727272728
289,32615,20,0.91,0.910121832140331,1,0.05
290,32635,20,0.91,0.9101784961433548,1,0.05
291,32661,26,0.883,0.883185870761099,1,0.038461538461538464
292,32697,36,0.838,0.8395123113287446,1,0.4166666666666667
293,32724,27,0.8785,0.8786276855168487,1,0.037037037037037035
294,32754,30,0.865,0.8653957310696213,1,0.13333333333333333
295,32804,50,0.775,0.7752813434776149,1,0.02
296,32859,55,0.7525,0.7543042026544264,1,0.21818181818181817
297,32897,38,0.829,0.8299298305834774,1,0.2631578947368421
298,32921,24,0.892,0.8921431282935094,1,0.041666666666666664
299,32961,40,0.82,0.8202677587367024,1,0.025
300,33001,40,0.82,0.8204150307097245,1,0.075
301,33082,81,0.6355,0.6359696327405345,1,0.024691358024691357
302,33163,81,0.6355,0.6360400838560147,1,0.037037037037037035
303,33242,79,0.6445,0.6454394188815862,1,0.05063291139240506
304,33266,24,0.892,0.8925698742890035,1,0.20833333333333334
305,33287,21,0.9055,0.9056272101455171,1,0.047619047619047616
306,33326,39,0.8245,0.8262098155914984,1,0.02564102564102564
307,33370,44,0.802,0.8023969249138103,1,0.06818181818181818
308,33395,25,0.8875,0.8880863014070486,1,0.16
309,33430,35,0.8425,0.8427126827494327,1,0.02857142857142857
310,33454,24,0.892,0.8923755194037588,1,0.125
311,33478,24,0.892,0.8921931190937907,1,0.041666666666666664
312,33504,26,0.883,0.8831297800017038,1,0.038461538461538464
313,33530,26,0.883,0.8831303284322156,1,0.038461538461538464
314,33560,30,0.865,0.8652649892776593,1,0.03333333333333333
315,33584,24,0.892,0.8923410446104072,1,0.125
316,33618,34,0.847,0.8472125295604419,1,0.029411764705882353
317,33645,27,0.8785,0.8788459591453692,1,0.1111111111111111
318,33683,38,0.829,0.8296173784214417,1,0.15789473684210525
319,33723,40,0.82,0.8201796482246154,1,0.025
320,33759,36,0.838,0.8383806174824278,1,0.08333333333333333
321,33783,24,0.892,0.8921326808089279,1,0.041666666666666664
322,33804,21,0.9055,0.9056542850234609,1,0.047619047619047616
323,33847,43,0.8065,0.8071206553642712,1,0.13953488372093023
324,33866,19,0.9145,0.9146491069266697,1,0.05263157894736842
325,33902,36,0.838,0.8382301032767949,1,0.027777777777777776
326,33939,37,0.8335,0.8336601525774173,1,0.02702702702702703
327,33967,28,0.874,0.874167106894,1,0.03571428571428571
328,33991,24,0.892,0.8921220892979489,1,0.041666666666666664
329,34033,42,0.8109999999999999,0.8112354765417329,1,0.023809523809523808
330,34051,18,0.919,0.9191111854976082,1,0.05555555555555555
331,34071,20,0.91,0.9101473237156587,1,0.05
332,34105,34,0.847,0.8472374854867636,1,0.029411764705882353
333,34136,31,0.8605,0.8606567569120593,1,0.03225806451612903
334,34162,26,0.883,0.8832619296692615,1,0.11538461538461539
335,34180,18,0.919,0.9191078156748096,1,0.05555555555555555
336,34206,26,0.883,0.8831501639558534,1,0.038461538461538464
337,34240,34,0.847,0.8472050470470555,1,0.029411764705882353
338,34275,35,0.8425,0.842994143827463,1,0.11428571428571428
339,34293,18,0.919,0.9191400504852754,1,0.05555555555555555
340,34315,22,0.901,0.9011249342592161,1,0.045454545454545456
341,34339,24,0.892,0.8925570866537708,1,0.20833333333333334
342,34379,40,0.82,0.8202157031906726,1,0.025
343,34401,22,0.901,0.9013471056534217,1,0.13636363636363635
344,34437,36,0.838,0.8383175605178166,1,0.08333333333333333
345,34467,30,0.865,0.8659412090636004,1,0.3
346,34485,18,0.919,0.9191068880122575,1,0.05555555555555555
347,34515,30,0.865,0.8653306230213892,1,0.1
348,34553,38,0.829,0.829880568488253,1,0.18421052631578946
349,34593,40,0.82,0.8204635727073911,1,0.1
350,34629,36,0.838,0.8381345727503983,1,0.027777777777777776
351,34655,26,0.883,0.8832930055875963,1,0.11538461538461539
352,34683,28,0.874,0.8741636924654843,1,0.03571428571428571
353,34713,30,0.865,0.8656122274868433,1,0.16666666666666666
354,34745,32,0.856,0.8562221315461642,1,0.03125
355,34767,22,0.901,0.9011237035070795,1,0.045454545454545456
356,34808,41,0.8155,0.8156502514398393,1,0.024390243902439025
357,34832,24,0.892,0.8921345567541017,1,0.041666666666666664
358,34857,25,0.8875,0.8876321974041644,1,0.04
359,34882,25,0.8875,0.8876333841047128,1,0.04
360,34912,30,0.865,0.865161406868879,1,0.03333333333333333
361,34934,22,0.901,0.9011446276629117,1,0.045454545454545456
362,34954,20,0.91,0.9101765958493181,1,0.05
363,34985,31,0.8605,0.8611000798939337,1,0.16129032258064516
364,35015,30,0.865,0.8651991498164535,1,0.03333333333333333
365,35034,19,0.9145,0.9147472196984859,1,0.15789473684210525
366,35068,34,0.847,0.8471846988284331,1,0.029411764705882353
367,35096,28,0.874,0.8748510075675263,1,0.25
368,35128,32,0.856,0.8561776250990545,1,0.03125
369,35166,38,0.829,0.8294003867812034,1,0.07894736842105263
370,35215,49,0.7795,0.7797241711975494,1,0.02040816326530612
371,35237,22,0.901,0.9013227371543605,1,0.13636363636363635
372,35258,21,0.9055,0.9055868682310492,1,0.047619047619047616
373,35292,34,0.847,0.8472392959317278,1,0.029411764705882353
374,35335,43,0.8065,0.8072987744672909,1,0.023255813953488372
375,35375,40,0.82,0.8206507792152823,1,0.125
376,35404,29,0.8694999999999999,0.8697895313263891,1,0.10344827586206896
377,35426,22,0.901,0.9010917761778606,1,0.045454545454545456
378,35460,34,0.847,0.8474931515811539,1,0.11764705882352941
379,35490,30,0.865,0.865553697586831,1,0.13333333333333333
380,35510,20,0.91,0.910256663030225,1,0.15
381,35530,20,0.91,0.9101237520457099,1,0.05
382,35563,33,0.8514999999999999,0.8519850839470942,1,0.15151515151515152
383,35597,34,0.847,0.8483277537584636,1,0.20588235294117646
384,35639,42,0.8109999999999999,0.8111605163518144,1,0.023809523809523808
385,35656,17,0.9235,0.9236370642143082,1,0.058823529411764705
386,35684,28,0.874,0.874646492541302,1,0.25
387,35704,20,0.91,0.9103064218981769,1,0.15
388,35729,25,0.8875,0.8879122975568638,1,0.16
389,35761,32,0.856,0.8569371540661448,1,0.28125
390,35804,43,0.8065,0.807442395957676,1,0.20930232558139536
391,35830,26,0.883,0.8833574547903552,1,0.11538461538461539
392,35858,28,0.874,0.8745396673807685,1,0.17857142857142858
393,35889,31,0.8605,0.860743829819639,1,0.03225806451612903
394,35909,20,0.91,0.9109322578549078,1,0.35
395,35958,49,0.7795,0.7797284644522725,1,0.02040816326530612
396,35985,27,0.8785,0.8786865084716609,1,0.037037037037037035
397,36015,30,0.865,0.8651550883317856,1,0.03333333333333333
398,36033,18,0.919,0.9190709207609646,1,0.05555555555555555
399,36079,46,0.7929999999999999,0.7940624049349067,1,0.1956521739130435
400,36113,34,0.847,0.8479243576167633,1,0.20588235294117646
401,36137,24,0.892,0.8923519295603535,1,0.125
402,36178,41,0.8155,0.8157381480511412,1,0.024390243902439025
403,36194,16,0.9279999999999999,0.9281081839887518,1,0.0625
404,36210,16,0.9279999999999999,0.9280908887387805,1,0.0625
405,36240,30,0.865,0.865978613983182,1,0.36666666666666664
406,36262,22,0.901,0.9016604726679576,1,0.2727272727272727
407,36295,33,0.8514999999999999,0.8518053165090551,1,0.09090909090909091
408,36319,24,0.892,0.8924870620457325,1,0.20833333333333334
409,36341,22,0.901,0.9012166210164343,1,0.045454545454545456
410,36357,16,0.9279999999999999,0.9280801721517582,1,0.0625
411,36391,34,0.847,0.8472264013220727,1,0.029411764705882353
412,36413,22,0.901,0.9011434778699889,1,0.045454545454545456
413,36453,40,0.82,0.8209442766005851,1,0.225
414,36479,26,0.883,0.8832078635247573,1,0.038461538461538464
415,36499,20,0.91,0.910537710081298,1,0.25
416,36536,37,0.8335,0.8348596403153492,1,0.35135135135135137
417,36552,16,0.9279999999999999,0.9281396360500455,1,0.0625
418,36576,24,0.892,0.8926049106819249,1,0.25
419,36594,18,0.919,0.9190889441202863,1,0.05555555555555555
420,36624,30,0.865,0.8661409536284148,1,0.36666666666666664
421,36640,16,0.9279999999999999,0.9283480195965154,1,0.1875
422,36662,22,0.901,0.9011847567026592,1,0.045454545454545456
423,36695,33,0.8514999999999999,0.8516511882324576,1,0.030303030303030304
424,36717,22,0.901,0.9011327480480557,1,0.045454545454545456
425,36750,33,0.8514999999999999,0.8519865898187274,1,0.18181818181818182
426,36771,21,0.9055,0.9056023231784198,1,0.047619047619047616
427,36791,20,0.91,0.9106068954254896,1,0.35
428,36807,16,0.9279999999999999,0.9281284401121052,1,0.0625
429,36829,22,0.901,0.9012963816530644,1,0.13636363636363635
430,36847,18,0.919,0.9191102529198631,1,0.05555555555555555
431,36910,63,0.7164999999999999,0.7183552881465546,1,0.2857142857142857
432,36924,14,0.9369999999999999,0.9371044300143918,1,0.07142857142857142
433,36953,29,0.8694999999999999,0.8698218897660237,1,0.10344827586206896
434,36975,22,0.901,0.9013162528607755,1,0.13636363636363635
435,36993,18,0.919,0.9190950530234311,1,0.05555555555555555
436,37013,20,0.91,0.9101133955980861,1,0.05
437,37029,16,0.9279999999999999,0.928287765250183,1,0.1875
438,37043,14,0.9369999999999999,0.9372103329275221,1,0.07142857142857142
439,37067,24,0.892,0.8921293234305634,1,0.041666666666666664
440,37083,16,0.9279999999999999,0.9284082837018243,1,0.1875
441,37105,22,0.901,0.9013703906424638,1,0.22727272727272727
442,37127,22,0.901,0.9011466257604992,1,0.045454545454545456
443,37151,24,0.892,0.8921603774274782,1,0.041666666666666664
444,37169,18,0.919,0.9193636999761167,1,0.16666666666666666
445,37190,21,0.9055,0.9056079562948764,1,0.047619047619047616
446,37208,18,0.919,0.9190942909550465,1,0.05555555555555555
447,37226,18,0.919,0.9191262834132782,1,0.05555555555555555
448,37269,43,0.8065,0.8072942323094129,1,0.20930232558139536
449,37287,18,0.919,0.9191298486044718,1,0.05555555555555555
450,37303,16,0.9279999999999999,0.9280751524697122,1,0.0625
451,37323,20,0.91,0.9101726165791771,1,0.05
452,37339,16,0.9279999999999999,0.9281491564452985,1,0.0625
453,37355,16,0.9279999999999999,0.9280911964761159,1,0.0625
454,37371,16,0.9279999999999999,0.9281102068412859,1,0.0625
455,37403,32,0.856,0.8565940363718569,1,0.125
456,37421,18,0.919,0.9191550450574978,1,0.05555555555555555
457,37447,26,0.883,0.8836238515767906,1,0.19230769230769232
458,37463,16,0.9279999999999999,0.9280896324230992,1,0.0625
459,37490,27,0.8785,0.8796530217083446,1,0.4444444444444444
460,37515,25,0.8875,0.8882957192028785,1,0.28
461,37539,24,0.892,0.8924887416655067,1,0.20833333333333334
462,37565,26,0.883,0.8832059520831905,1,0.038461538461538464
463,37603,38,0.829,0.8302314246758096,1,0.2894736842105263
464,37623,20,0.91,0.9101109737745527,1,0.05
465,37639,16,0.9279999999999999,0.9281767177638585,1,0.0625
466,37659,20,0.91,0.9103144952772895,1,0.15
467,37679,20,0.91,0.9101023023532914,1,0.05
468,37693,14,0.9369999999999999,0.9370926770501451,1,0.07142857142857142
469,37715,22,0.901,0.9011712828503814,1,0.045454545454545456
470,37739,24,0.892,0.8923247613463222,1,0.125
471,37753,14,0.9369999999999999,0.9371193919598045,1,0.07142857142857142
472,37773,20,0.91,0.9101312660562869,1,0.05
473,37793,20,0.91,0.9100890080464717,1,0.05
474,37809,16,0.9279999999999999,0.9281915012079688,1,0.1875
475,37827,18,0.919,0.9193516661435245,1,0.16666666666666666
476,37848,21,0.9055,0.9056660219075761,1,0.047619047619047616
477,37868,20,0.91,0.9101133145738444,1,0.05
478,37892,24,0.892,0.8928312401030346,1,0.2916666666666667
479,37914,22,0.901,0.9011452482363573,1,0.045454545454545456
480,37943,29,0.8694999999999999,0.869991911060555,1,0.034482758620689655
481,37969,26,0.883,0.8831140715460102,1,0.038461538461538464
482,37992,23,0.8965,0.896639369654294,1,0.043478260869565216
483,38014,22,0.901,0.9017364302890305,1,0.3181818181818182
484,38028,14,0.9369999999999999,0.9371074095118455,1,0.07142857142857142
485,38048,20,0.91,0.910512184578394,1,0.25
486,38067,19,0.9145,0.9148440058488347,1,0.15789473684210525
487,38083,16,0.9279999999999999,0.9281469222452569,1,0.0625
488,38103,20,0.91,0.9100973054107979,1,0.05
489,38143,40,0.82,0.8206698143135412,1,0.175
490,38161,18,0.919,0.9194199947697116,1,0.2777777777777778
491,38179,18,0.919,0.9190941685880489,1,0.05555555555555555
492,38209,30,0.865,0.8651598185981979,1,0.03333333333333333
493,38227,18,0.919,0.9190934130573083,1,0.05555555555555555
494,38249,22,0.901,0.9014036746128807,1,0.22727272727272727
495,38275,26,0.883,0.8833211631324474,1,0.11538461538461539
496,38303,28,0.874,0.874500124895588,1,0.17857142857142858
497,38317,14,0.9369999999999999,0.9371594744829697,1,0.07142857142857142
498,38331,14,0.9369999999999999,0.9371031498854282,1,0.07142857142857142
499,38357,26,0.883,0.8833489219383128,1,0.11538461538461539
500,38379,22,0.901,0.9012759556566928,1,0.13636363636363635
501,38397,18,0.919,0.9190963244320639,1,0.05555555555555555
502,38427,30,0.865,0.8652196286677778,1,0.03333333333333333
503,38447,20,0.91,0.9107137608069524,1,0.35
504,38471,24,0.892,0.8920919233556116,1,0.041666666666666664
505,38504,33,0.8514999999999999,0.8521111132223127,1,0.12121212121212122
506,38528,24,0.892,0.8924756243245242,1,0.125
507,38552,24,0.892,0.8921476656924962,1,0.041666666666666664
508,38578,26,0.883,0.8838657867022441,1,0.2692307692307692
509,38594,16,0.9279999999999999,0.9280857113200978,1,0.0625
510,38612,18,0.919,0.9194406520962642,1,0.2777777777777778
511,38630,18,0.919,0.9190907812942453,1,0.05555555555555555
512,38656,26,0.883,0.8831528314578825,1,0.038461538461538464
513,38672,16,0.9279999999999999,0.9283172279908615,1,0.1875
514,38688,16,0.9279999999999999,0.9281066969868473,1,0.0625
515,38706,18,0.919,0.9194159373364648,1,0.16666666666666666
516,38726,20,0.91,0.9101144794362656,1,0.05
517,38742,16,0.9279999999999999,0.9281890082236262,1,0.0625
518,38760,18,0.919,0.9190989072539291,1,0.05555555555555555
519,38782,22,0.901,0.9012602701012071,1,0.13636363636363635
520,38798,16,0.9279999999999999,0.9281056622331822,1,0.0625
521,38820,22,0.901,0.9011582235073659,1,0.045454545454545456
522,38840,20,0.91,0.9100841031420835,1,0.05
523,38858,18,0.919,0.9194558712935854,1,0.2777777777777778
524,38878,20,0.91,0.9102282818328051,1,0.05
525,38898,20,0.91,0.9101480185558829,1,0.05
526,38918,20,0.91,0.9103494170846329,1,0.15
527,38938,20,0.91,0.9101276686210622,1,0.05
528,38961,23,0.8965,0.8968417311477047,1,0.13043478260869565
529,38980,19,0.9145,0.914591025716558,1,0.05263157894736842
530,39005,25,0.8875,0.888351424400981,1,0.28
531,39030,25,0.8875,0.8877158807370175,1,0.04
532,39076,46,0.7929999999999999,0.7946424822424615,1,0.021739130434782608
533,39090,14,0.9369999999999999,0.9370699454039416,1,0.07142857142857142
534,39109,19,0.9145,0.9146004253679414,1,0.05263157894736842
535,39123,14,0.9369999999999999,0.9370608310258298,1,0.07142857142857142
536,39177,54,0.757,0.7576668438402977,1,0.09259259259259259
537,39205,28,0.874,0.874665288641152,1,0.25
538,39229,24,0.892,0.8924007594863385,1,0.20833333333333334
539,39247,18,0.919,0.9190963392132123,1,0.05555555555555555
540,39281,34,0.847,0.8473138336280716,1,0.08823529411764706
541,39337,56,0.748,0.7483229575918404,1,0.017857142857142856
542,39355,18,0.919,0.919120786468966,1,0.05555555555555555
543,39376,21,0.9055,0.9060058222775454,1,0.23809523809523808
544,39403,27,0.8785,0.8786634924308139,1,0.037037037037037035
545,39424,21,0.9055,0.905887328259001,1,0.14285714285714285
546,39444,20,0.91,0.9103702180414623,1,0.15
547,39468,24,0.892,0.8924885226273948,1,0.20833333333333334
548,39534,66,0.703,0.7045581023595893,1,0.07575757575757576
549,39620,86,0.613,0.6148500623313421,1,0.03488372093023256
550,39652,32,0.856,0.8578658324490215,1,0.28125
551,39727,75,0.6625,0.6647013126683334,1,0.04
552,39753,26,0.883,0.8832706351657321,1,0.11538461538461539
553,39775,22,0.901,0.9011754666140128,1,0.045454545454545456
554,39793,18,0.919,0.9192601492382633,1,0.16666666666666666
555,39828,35,0.8425,0.8426411692457534,1,0.02857142857142857
556,39848,20,0.91,0.9102159907385771,1,0.15
557,39866,18,0.919,0.9190752062024201,1,0.05555555555555555
558,39882,16,0.9279999999999999,0.9280798500153639,1,0.0625
559,39905,23,0.8965,0.8966045774396963,1,0.043478260869565216
560,39923,18,0.919,0.9190923003156021,1,0.05555555555555555
561,39945,22,0.901,0.9011170400368429,1,0.045454545454545456
562,39977,32,0.856,0.8561404908095398,1,0.03125
563,40023,46,0.7929999999999999,0.7937729044686711,1,0.021739130434782608
564,40040,17,0.9235,0.9235863702772175,1,0.058823529411764705
565,40071,31,0.8605,0.8611405795927147,1,0.16129032258064516
566,40091,20,0.91,0.9100835660461793,1,0.05
567,40116,25,0.8875,0.8875932606693289,1,0.04
568,40132,16,0.9279999999999999,0.9283094083695445,1,0.1875
569,40154,22,0.901,0.9013570573542188,1,0.13636363636363635
570,40176,22,0.901,0.9011621558043554,1,0.045454545454545456
571,40241,65,0.7075,0.7077718016511225,1,0.015384615384615385
572,40275,34,0.847,0.847114974919662,1,0.029411764705882353
573,40291,16,0.9279999999999999,0.9281451983041877,1,0.0625
574,40313,22,0.901,0.9011032053322745,1,0.045454545454545456
575,40331,18,0.919,0.9191111630164275,1,0.05555555555555555
576,40349,18,0.919,0.9190980008775662,1,0.05555555555555555
577,40370,21,0.9055,0.9055754068215818,1,0.047619047619047616
578,40388,18,0.919,0.919398445035702,1,0.2777777777777778
579,40422,34,0.847,0.8473800911917416,1,0.08823529411764706
580,40479,57,0.7435,0.7436579887119182,1,0.017543859649122806
581,40521,42,0.8109999999999999,0.8113511277236621,1,0.07142857142857142
582,40588,67,0.6984999999999999,0.6987148580799293,1,0.014925373134328358
583,40649,61,0.7255,0.7257073462323794,1,0.01639344262295082
584,40686,37,0.8335,0.8339453549751071,1,0.08108108108108109
585,40704,18,0.919,0.9191417380696054,1,0.05555555555555555
586,40728,24,0.892,0.8921072154470413,1,0.041666666666666664
587,40754,26,0.883,0.8831016644084254,1,0.038461538461538464
588,40796,42,0.8109999999999999,0.8111613737453892,1,0.023809523809523808
589,40818,22,0.901,0.90110466826782,1,0.045454545454545456
590,40892,74,0.667,0.6672481270864495,1,0.013513513513513514
591,40922,30,0.865,0.8651070857390443,1,0.03333333333333333
592,40998,76,0.6579999999999999,0.6585657638489953,1,0.013157894736842105
593,41041,43,0.8065,0.8066245023654588,1,0.023255813953488372
594,41067,26,0.883,0.8831414526636917,1,0.038461538461538464
595,41091,24,0.892,0.8921027348048147,1,0.041666666666666664
596,41112,21,0.9055,0.9056010354179697,1,0.047619047619047616
597,41130,18,0.919,0.9190964951679438,1,0.05555555555555555
598,41151,21,0.9055,0.9056380148610426,1,0.047619047619047616
599,41212,61,0.7255,0.7256682966163521,1,0.01639344262295082
600,41232,20,0.91,0.9100988893889709,1,0.05
601,41258,26,0.883,0.8831496956459559,1,0.038461538461538464
602,41313,55,0.7525,0.7526722594561505,1,0.01818181818181818
603,41371,58,0.739,0.7393543090383264,1,0.05172413793103448
604,41391,20,0.91,0.9101076902378171,1,0.05
605,41437,46,0.7929999999999999,0.7931455175152692,1,0.021739130434782608
606,41461,24,0.892,0.8921177361568067,1,0.041666666666666664
607,41499,38,0.829,0.8292684350256745,1,0.07894736842105263
608,41555,56,0.748,0.7481327701735803,1,0.017857142857142856
609,41583,28,0.874,0.8741915538490268,1,0.03571428571428571
610,41657,74,0.667,0.6672931765362808,1,0.013513513513513514
611,41725,68,0.694,0.6943735054629337,1,0.04411764705882353
612,41757,32,0.856,0.8561382972995093,1,0.03125
613,41808,51,0.7705,0.7706606786720518,1,0.0196078431372549
614,41854,46,0.7929999999999999,0.7931661649388166,1,0.021739130434782608
615,41878,24,0.892,0.8921189399280469,1,0.041666666666666664
616,41939,61,0.7255,0.7256690664292487,1,0.01639344262295082
617,42016,77,0.6535,0.6537781517470977,1,0.012987012987012988
618,42030,14,0.9369999999999999,0.9370988243191437,1,0.07142857142857142
619,42052,22,0.901,0.9012744129103452,1,0.13636363636363635
620,42070,18,0.919,0.9193465856536278,1,0.16666666666666666
621,42090,20,0.91,0.9103549388627307,1,0.15
622,42110,20,0.91,0.9101111283841364,1,0.05
623,42140,30,0.865,0.8657356553021565,1,0.2
624,42165,25,0.8875,0.8878668576309015,1,0.2
625,42201,36,0.838,0.8383400387829141,1,0.08333333333333333
626,42215,14,0.9369999999999999,0.9371049996840305,1,0.07142857142857142
627,42255,40,0.82,0.8202075569227344,1,0.025
628,42287,32,0.856,0.856192342475005,1,0.03125
629,42323,36,0.838,0.8385418362129784,1,0.1388888888888889
630,42337,14,0.9369999999999999,0.9370872599892537,1,0.07142857142857142
631,42353,16,0.9279999999999999,0.9280784742711082,1,0.0625
632,42373,20,0.91,0.9102707618863441,1,0.15
633,42391,18,0.919,0.9195567502347455,1,0.2777777777777778
634,42413,22,0.901,0.9010997947014474,1,0.045454545454545456
635,42433,20,0.91,0.9102265459118555,1,0.15
636,42447,14,0.9369999999999999,0.9370782826264215,1,0.07142857142857142
637,42463,16,0.9279999999999999,0.9281243643022102,1,0.0625
638,42519,56,0.748,0.7483054050992514,1,0.017857142857142856
639,42543,24,0.892,0.8921645907550055,1,0.041666666666666664
640,42575,32,0.856,0.8561421672684754,1,0.03125
641,42605,30,0.865,0.8654484927577286,1,0.03333333333333333
642,42640,35,0.8425,0.843932984953526,1,0.14285714285714285
643,42656,16,0.9279999999999999,0.9280879811654615,1,0.0625
644,42682,26,0.883,0.8832018811267134,1,0.038461538461538464
645,42700,18,0.919,0.9191548635671016,1,0.05555555555555555
646,42716,16,0.9279999999999999,0.928076096983784,1,0.0625
647,42734,18,0.919,0.9190962807437885,1,0.05555555555555555
648,42794,60,0.73,0.7310309693867391,1,0.016666666666666666
649,42826,32,0.856,0.8565466743176003,1,0.09375
650,42847,21,0.9055,0.905598133611811,1,0.047619047619047616
651,42888,41,0.8155,0.8156991967895535,1,0.024390243902439025
652,42930,42,0.8109999999999999,0.8114806547672213,1,0.07142857142857142
653,42946,16,0.9279999999999999,0.9281380491718826,1,0.0625
654,42964,18,0.919,0.9190888109449462,1,0.05555555555555555
655,42980,16,0.9279999999999999,0.9282660895802353,1,0.1875
656,42996,16,0.9279999999999999,0.9281626560034368,1,0.0625
657,43014,18,0.919,0.919086355250717,1,0.05555555555555555
658,43042,28,0.874,0.8742519443684335,1,0.10714285714285714
659,43068,26,0.883,0.8830974993683077,1,0.038461538461538464
660,43084,16,0.9279999999999999,0.9282704037771805,1,0.1875
661,43098,14,0.9369999999999999,0.937074112093055,1,0.07142857142857142
662,43112,14,0.9369999999999999,0.9371230812334626,1,0.07142857142857142
663,43132,20,0.91,0.9101850084041222,1,0.05
664,43165,33,0.8514999999999999,0.8516179554031371,1,0.030303030303030304
665,43185,20,0.91,0.9100803389843894,1,0.05
666,43209,24,0.892,0.8920806398618302,1,0.041666666666666664
667,43235,26,0.883,0.8831007234250694,1,0.038461538461538464
668,43249,14,0.9369999999999999,0.9371052293087796,1,0.07142857142857142
669,43271,22,0.901,0.9010923025976346,1,0.045454545454545456
670,43287,16,0.9279999999999999,0.9280894056816635,1,0.0625
671,43315,28,0.874,0.8741159148652825,1,0.03571428571428571
672,43394,79,0.6445,0.6447915687311763,1,0.012658227848101266
673,43408,14,0.9369999999999999,0.9370777864505784,1,0.07142857142857142
674,43424,16,0.9279999999999999,0.9281111119913787,1,0.0625
675,43447,23,0.8965,0.8965978944729883,1,0.043478260869565216
676,43461,14,0.9369999999999999,0.9370922366271094,1,0.07142857142857142
677,43475,14,0.9369999999999999,0.9370753183485623,1,0.07142857142857142
678,43500,25,0.8875,0.8876121904206925,1,0.04
679,43524,24,0.892,0.8921681351618466,1,0.041666666666666664
680,43556,32,0.856,0.856193843888694,1,0.03125
681,43572,16,0.9279999999999999,0.9280910576834359,1,0.0625
682,43591,19,0.9145,0.9149834157962844,1,0.2631578947368421
683,43615,24,0.892,0.8923169663265186,1,0.125
684,43643,28,0.874,0.8741370271640829,1,0.03571428571428571
685,43687,44,0.802,0.8021789518973931,1,0.022727272727272728
686,43703,16,0.9279999999999999,0.9281401539568057,1,0.0625
687,43723,20,0.91,0.9100987853846038,1,0.05
688,43747,24,0.892,0.8921019885850424,1,0.041666666666666664
689,43768,21,0.9055,0.9057530002580689,1,0.14285714285714285
690,43788,20,0.91,0.9103037736607056,1,0.15
691,43810,22,0.901,0.9013107593380156,1,0.13636363636363635
692,43828,18,0.919,0.9191217165746057,1,0.05555555555555555
693,43844,16,0.9279999999999999,0.9280956071811226,1,0.0625
694,43870,26,0.883,0.8830946726112152,1,0.038461538461538464
695,43892,22,0.901,0.9016429513715509,1,0.22727272727272727
696,43950,58,0.739,0.73973739598982,1,0.08620689655172414
697,43972,22,0.901,0.9011241666668801,1,0.045454545454545456
698,43992,20,0.91,0.9101203579595227,1,0.05
699,44008,16,0.9279999999999999,0.9281049299502425,1,0.0625
700,44024,16,0.9279999999999999,0.9281619635462687,1,0.0625
701,44039,15,0.9325,0.9325591453021026,1,0.06666666666666667
702,44057,18,0.919,0.9191615177217003,1,0.05555555555555555
703,44073,16,0.9279999999999999,0.9281166969462663,1,0.0625
704,44091,18,0.919,0.9191147627636054,1,0.05555555555555555
705,44130,39,0.8245,0.8247856679239893,1,0.07692307692307693
706,44255,125,0.4375,0.4377350464552231,1,0.008
707,44330,75,0.6625,0.663051903755046,1,0.06666666666666667
708,44354,24,0.892,0.8923323822364831,1,0.125
709,44368,14,0.9369999999999999,0.9370880498854267,1,0.07142857142857142
710,44386,18,0.919,0.919095408906807,1,0.05555555555555555
711,44406,20,0.91,0.9102732588698281,1,0.15
712,44426,20,0.91,0.9100900807489458,1,0.05
713,44440,14,0.9369999999999999,0.9371257687029155,1,0.07142857142857142
714,44456,16,0.9279999999999999,0.9282439159937685,1,0.1875
715,44471,15,0.9325,0.9326453955541363,1,0.06666666666666667
716,44488,17,0.9235,0.9235850348926496,1,0.058823529411764705
717,44502,14,0.9369999999999999,0.9370607525529298,1,0.07142857142857142
718,44516,14,0.9369999999999999,0.9370635319324068,1,0.07142857142857142
719,44534,18,0.919,0.9190788943890893,1,0.05555555555555555
720,44552,18,0.919,0.9190704269845941,1,0.05555555555555555
721,44566,14,0.9369999999999999,0.9370483234415403,1,0.07142857142857142
722,44586,20,0.91,0.9102170448393053,1,0.15
723,44612,26,0.883,0.8832306531132308,1,0.11538461538461539
724,44628,16,0.9279999999999999,0.9283651406657287,1,0.1875
725,44642,14,0.9369999999999999,0.9371211926121215,1,0.07142857142857142
726,44659,17,0.9235,0.9236195312984034,1,0.058823529411764705
727,44681,22,0.901,0.9011773590919983,1,0.045454545454545456
728,44697,16,0.9279999999999999,0.9281300245556742,1,0.0625
729,44711,14,0.9369999999999999,0.9371635426136177,1,0.07142857142857142
730,44731,20,0.91,0.9102388312098317,1,0.15
731,44755,24,0.892,0.8921436927979307,1,0.041666666666666664
732,44773,18,0.919,0.9191368517074634,1,0.05555555555555555
733,44787,14,0.9369999999999999,0.9370819554255608,1,0.07142857142857142
734,44805,18,0.919,0.9191027296669787,1,0.05555555555555555
735,44823,18,0.919,0.9190966619790033,1,0.05555555555555555
736,44849,26,0.883,0.8832493867128156,1,0.11538461538461539
737,44865,16,0.9279999999999999,0.9280795982867259,1,0.0625
738,44888,23,0.8965,0.8965947196214584,1,0.043478260869565216
739,44902,14,0.9369999999999999,0.9371474914808865,1,0.07142857142857142
740,44918,16,0.9279999999999999,0.9281454502090972,1,0.0625
741,44934,16,0.9279999999999999,0.9281073430999152,1,0.0625
742,44956,22,0.901,0.9010736775334565,1,0.045454545454545456
743,45003,47,0.7885,0.7886551780083871,1,0.02127659574468085
744,45019,16,0.9279999999999999,0.9280738540510302,1,0.0625
745,45057,38,0.829,0.8293802340624024,1,0.07894736842105263
746,45088,31,0.8605,0.8606309565584884,1,0.03225806451612903
747,45113,25,0.8875,0.8876047859833172,1,0.04
748,45233,120,0.45999999999999996,0.46029281615362444,1,0.008333333333333333
749,45363,130,0.4149999999999999,0.4156172165827377,1,0.007692307692307693
750,45397,34,0.847,0.8471117953534473,1,0.029411764705882353
751,45417,20,0.91,0.9100933885213245,1,0.05
752,45467,50,0.775,0.7753573044425544,1,0.06
753,45512,45,0.7975,0.7976341805605456,1,0.022222222222222223
754,45537,25,0.8875,0.8877254509503533,1,0.12
755,45551,14,0.9369999999999999,0.9370971291719904,1,0.07142857142857142
756,45569,18,0.919,0.9190722943293459,1,0.05555555555555555
757,45622,53,0.7615,0.761663238186612,1,0.018867924528301886
758,45664,42,0.8109999999999999,0.8111200767045127,1,0.023809523809523808
759,45682,18,0.919,0.9190971794574132,1,0.05555555555555555
760,45777,95,0.5725,0.5727552857153221,1,0.010526315789473684
761,45793,16,0.9279999999999999,0.9280978623069495,1,0.0625
762,45832,39,0.8245,0.8246057575590371,1,0.02564102564102564
763,45854,22,0.901,0.9016185834151444,1,0.22727272727272727
764,45876,22,0.901,0.9010993082967482,1,0.045454545454545456
765,45894,18,0.919,0.9192969053471273,1,0.16666666666666666
766,45917,23,0.8965,0.896852152739151,1,0.13043478260869565
767,45941,24,0.892,0.8921077393647114,1,0.041666666666666664
768,46007,66,0.703,0.7031789592326703,1,0.015151515151515152
769,46023,16,0.9279999999999999,0.9280944767964648,1,0.0625
770,46115,92,0.586,0.5862017843619055,1,0.010869565217391304
771,46135,20,0.91,0.9101162597543747,1,0.05
772,46155,20,0.91,0.9101145919939511,1,0.05
773,46179,24,0.892,0.8922020126392771,1,0.125
774,46193,14,0.9369999999999999,0.9371110788607212,1,0.07142857142857142
775,46209,16,0.9279999999999999,0.928068411258906,1,0.0625
776,46223,14,0.9369999999999999,0.9371722840819114,1,0.07142857142857142
777,46241,18,0.919,0.9190949482627321,1,0.05555555555555555
778,46257,16,0.9279999999999999,0.9280741877997721,1,0.0625
779,46271,14,0.9369999999999999,0.9371023812220252,1,0.07142857142857142
780,46289,18,0.919,0.9190835479753525,1,0.05555555555555555
781,46303,14,0.9369999999999999,0.9371129685119857,1,0.07142857142857142
782,46321,18,0.919,0.919248014486133,1,0.16666666666666666
783,46337,16,0.9279999999999999,0.9282609218305107,1,0.1875
784,46353,16,0.9279999999999999,0.9280578388036833,1,0.0625
785,46369,16,0.9279999999999999,0.9281222441332433,1,0.0625
786,46383,14,0.9369999999999999,0.9371168715088624,1,0.07142857142857142
787,46403,20,0.91,0.9101032181150143,1,0.05
788,46417,14,0.9369999999999999,0.9370901804849199,1,0.07142857142857142
789,46435,18,0.919,0.9190784027814599,1,0.05555555555555555
790,46451,16,0.9279999999999999,0.9280793823072669,1,0.0625
791,46467,16,0.9279999999999999,0.9280852851510145,1,0.0625
792,46490,23,0.8965,0.8966135324799148,1,0.043478260869565216
793,46504,14,0.9369999999999999,0.9371739946936144,1,0.07142857142857142
794,46522,18,0.919,0.9191125648902471,1,0.05555555555555555
795,46536,14,0.9369999999999999,0.9370839576436647,1,0.07142857142857142
796,46550,14,0.9369999999999999,0.9370957171900314,1,0.07142857142857142
797,46564,14,0.9369999999999999,0.9371032084977298,1,0.07142857142857142
798,46582,18,0.919,0.9190890046384469,1,0.05555555555555555
799,46608,26,0.883,0.8830633723873186,1,0.038461538461538464
800,46630,22,0.901,0.9011147000172314,1,0.045454545454545456
801,46646,16,0.9279999999999999,0.928053677338469,1,0.0625
802,46665,19,0.9145,0.9145666432626587,1,0.05263157894736842
803,46679,14,0.9369999999999999,0.9370767176424339,1,0.07142857142857142
804,46716,37,0.8335,0.8336240690234986,1,0.02702702702702703
805,46732,16,0.9279999999999999,0.9281406079448186,1,0.0625
806,46748,16,0.9279999999999999,0.9280691989363865,1,0.0625
807,46790,42,0.8109999999999999,0.8111493001539115,1,0.023809523809523808
808,46809,19,0.9145,0.914675196635157,1,0.05263157894736842
809,46823,14,0.9369999999999999,0.9371031597340815,1,0.07142857142857142
810,46842,19,0.9145,0.9146358094793436,1,0.05263157894736842
811,46866,24,0.892,0.8920853085704161,1,0.041666666666666664
812,46895,29,0.8694999999999999,0.8696072810093456,1,0.034482758620689655
813,46941,46,0.7929999999999999,0.7931661856541237,1,0.021739130434782608
814,46957,16,0.9279999999999999,0.9280519789268415,1,0.0625
815,46977,20,0.91,0.910308248689152,1,0.15
816,46998,21,0.9055,0.9055650440077064,1,0.047619047619047616
817,47018,20,0.91,0.9101368415025819,1,0.05
818,47034,16,0.9279999999999999,0.9283210490709064,1,0.1875
819,47050,16,0.9279999999999999,0.9280799493608448,1,0.0625
820,47066,16,0.9279999999999999,0.9281272661812122,1,0.0625
821,47080,14,0.9369999999999999,0.9370777622792869,1,0.07142857142857142
822,47096,16,0.9279999999999999,0.9283272209346517,1,0.1875
823,47110,14,0.9369999999999999,0.9370731447409556,1,0.07142857142857142
824,47124,14,0.9369999999999999,0.9371193353173249,1,0.07142857142857142
825,47144,20,0.91,0.9108459521698464,1,0.35
826,47160,16,0.9279999999999999,0.928136915729212,1,0.0625
827,47174,14,0.9369999999999999,0.9370944853503547,1,0.07142857142857142
828,47203,29,0.8694999999999999,0.8696302794455029,1,0.034482758620689655
829,47217,14,0.9369999999999999,0.93710680171393,1,0.07142857142857142
830,47233,16,0.9279999999999999,0.9283054383455694,1,0.1875
831,47249,16,0.9279999999999999,0.9280687735390422,1,0.0625
832,47263,14,0.9369999999999999,0.937073465326532,1,0.07142857142857142
833,47281,18,0.919,0.9191228718758045,1,0.05555555555555555
834,47299,18,0.919,0.9191218550761845,1,0.05555555555555555
835,47315,16,0.9279999999999999,0.9281508113686824,1,0.0625
836,47331,16,0.9279999999999999,0.9280984895398232,1,0.0625
837,47345,14,0.9369999999999999,0.9370622644216184,1,0.07142857142857142
838,47363,18,0.919,0.9192046716070206,1,0.16666666666666666
839,47377,14,0.9369999999999999,0.9370952315670548,1,0.07142857142857142
840,47393,16,0.9279999999999999,0.9280756471933551,1,0.0625
841,47407,14,0.9369999999999999,0.9370709529813765,1,0.07142857142857142
842,47423,16,0.9279999999999999,0.9280580789091655,1,0.0625
843,47439,16,0.9279999999999999,0.9281131658572105,1,0.0625
844,47465,26,0.883,0.8835273342076186,1,0.19230769230769232
845,47479,14,0.9369999999999999,0.9370879712807653,1,0.07142857142857142
846,47497,18,0.919,0.9191864134967308,1,0.16666666666666666
847,47519,22,0.901,0.9015844556968813,1,0.22727272727272727
848,47535,16,0.9279999999999999,0.928061098398976,1,0.0625
849,47551,16,0.9279999999999999,0.9280824452522175,1,0.0625
850,47572,21,0.9055,0.9055713051602569,1,0.047619047619047616
851,47586,14,0.9369999999999999,0.9370967436631943,1,0.07142857142857142
852,47606,20,0.91,0.9101370621758188,1,0.05
853,47628,22,0.901,0.9013344222582401,1,0.13636363636363635
854,47644,16,0.9279999999999999,0.928110814589816,1,0.0625
855,47660,16,0.9279999999999999,0.9283208849980019,1,0.1875
856,47685,25,0.8875,0.8875873031943555,1,0.04
857,47706,21,0.9055,0.9055708966575874,1,0.047619047619047616
858,47724,18,0.919,0.9190596101087003,1,0.05555555555555555
859,47740,16,0.9279999999999999,0.9283158229235977,1,0.1875
860,47756,16,0.9279999999999999,0.9281124207488874,1,0.0625
861,47772,16,0.9279999999999999,0.9280884684164198,1,0.0625
862,47786,14,0.9369999999999999,0.9370953627117224,1,0.07142857142857142
863,47802,16,0.9279999999999999,0.928113512768541,1,0.0625
864,47818,16,0.9279999999999999,0.9280773072180293,1,0.0625
865,47840,22,0.901,0.9011137492554783,1,0.045454545454545456
866,47856,16,0.9279999999999999,0.9280731949290164,1,0.0625
867,47874,18,0.919,0.9191405288014812,1,0.05555555555555555
868,47888,14,0.9369999999999999,0.9370514802207445,1,0.07142857142857142
869,47902,14,0.9369999999999999,0.9371130995265049,1,0.07142857142857142
870,47921,19,0.9145,0.9147934593192505,1,0.15789473684210525
871,47935,14,0.9369999999999999,0.9370758361749929,1,0.07142857142857142
872,47951,16,0.9279999999999999,0.9281045844895541,1,0.0625
873,47974,23,0.8965,0.8966139346947442,1,0.043478260869565216
874,47988,14,0.9369999999999999,0.9370698332840559,1,0.07142857142857142
875,48002,14,0.9369999999999999,0.9370586092638683,1,0.07142857142857142
876,48016,14,0.9369999999999999,0.9371101816089383,1,0.07142857142857142
877,48030,14,0.9369999999999999,0.937064775041103,1,0.07142857142857142
878,48046,16,0.9279999999999999,0.9280774009061584,1,0.0625
879,48064,18,0.919,0.9191442493865996,1,0.05555555555555555
880,48078,14,0.9369999999999999,0.9371011552097464,1,0.07142857142857142
881,48092,14,0.9369999999999999,0.9371132708792812,1,0.07142857142857142
882,48108,16,0.9279999999999999,0.928087588048977,1,0.0625
883,48124,16,0.9279999999999999,0.928131444303212,1,0.0625
884,48140,16,0.9279999999999999,0.9280873669821762,1,0.0625
885,48158,18,0.919,0.9190802789979003,1,0.05555555555555555
886,48176,18,0.919,0.9190793787095688,1,0.05555555555555555
887,48191,15,0.9325,0.9325443624544927,1,0.06666666666666667
888,48207,16,0.9279999999999999,0.928106027121329,1,0.0625
889,48221,14,0.9369999999999999,0.9370938594683268,1,0.07142857142857142
890,48237,16,0.9279999999999999,0.9280717316617607,1,0.0625
891,48251,14,0.9369999999999999,0.9370841670433947,1,0.07142857142857142
892,48269,18,0.919,0.9190909710692382,1,0.05555555555555555
893,48287,18,0.919,0.9190710750226088,1,0.05555555555555555
894,48303,16,0.9279999999999999,0.9280912511549853,1,0.0625
895,48319,16,0.9279999999999999,0.928089622066449,1,0.0625
896,48333,14,0.9369999999999999,0.937061440719069,1,0.07142857142857142
897,48349,16,0.9279999999999999,0.9283020697129586,1,0.1875
898,48365,16,0.9279999999999999,0.9283049021564769,1,0.1875
899,48381,16,0.9279999999999999,0.9281008757475385,1,0.0625
900,48395,14,0.9369999999999999,0.937080884026963,1,0.07142857142857142
901,48416,21,0.9055,0.9060279465483921,1,0.23809523809523808
902,48432,16,0.9279999999999999,0.9280975078708115,1,0.0625
903,48446,14,0.9369999999999999,0.9370763808300289,1,0.07142857142857142
904,48464,18,0.919,0.9192453412749654,1,0.16666666666666666
905,48482,18,0.919,0.9190807566516274,1,0.05555555555555555
906,48496,14,0.9369999999999999,0.9370610549476146,1,0.07142857142857142
907,48510,14,0.9369999999999999,0.9371448954179341,1,0.07142857142857142
908,48530,20,0.91,0.910089338347945,1,0.05
909,48544,14,0.9369999999999999,0.9370792794624648,1,0.07142857142857142
910,48564,20,0.91,0.9100965298740848,1,0.05
911,48578,14,0.9369999999999999,0.9371107637171745,1,0.07142857142857142
912,48594,16,0.9279999999999999,0.9283842940426431,1,0.1875
913,48608,14,0.9369999999999999,0.9370603038375321,1,0.07142857142857142
914,48624,16,0.9279999999999999,0.9280669654537361,1,0.0625
915,48638,14,0.9369999999999999,0.9370725157645583,1,0.07142857142857142
916,48652,14,0.9369999999999999,0.9370834983665149,1,0.07142857142857142
917,48666,14,0.9369999999999999,0.9370885713019396,1,0.07142857142857142
918,48682,16,0.9279999999999999,0.9281785624312519,1,0.1875
919,48696,14,0.9369999999999999,0.937077679264351,1,0.07142857142857142
920,48710,14,0.9369999999999999,0.9370892888035489,1,0.07142857142857142
921,48726,16,0.9279999999999999,0.9281072945068661,1,0.0625
922,48742,16,0.9279999999999999,0.9282928163808342,1,0.1875
923,48756,14,0.9369999999999999,0.937105491623762,1,0.07142857142857142
924,48770,14,0.9369999999999999,0.9371026875076955,1,0.07142857142857142
925,48784,14,0.9369999999999999,0.9370613270570858,1,0.07142857142857142
926,48798,14,0.9369999999999999,0.9370584658464661,1,0.07142857142857142
927,48812,14,0.9369999999999999,0.9370556761074883,1,0.07142857142857142
928,48826,14,0.9369999999999999,0.9370578862726736,1,0.07142857142857142
929,48840,14,0.9369999999999999,0.9370528782128483,1,0.07142857142857142
930,48855,15,0.9325,0.9325973371558423,1,0.06666666666666667
931,48869,14,0.9369999999999999,0.9370830627263335,1,0.07142857142857142
932,48885,16,0.9279999999999999,0.9281155363394059,1,0.0625
933,48899,14,0.9369999999999999,0.9370470885507541,1,0.07142857142857142
934,48915,16,0.9279999999999999,0.9280789197008013,1,0.0625
935,48929,14,0.9369999999999999,0.9370872335975801,1,0.07142857142857142
936,48943,14,0.9369999999999999,0.9370849833060252,1,0.07142857142857142
937,48957,14,0.9369999999999999,0.937064693578199,1,0.07142857142857142
938,48971,14,0.9369999999999999,0.9370787995442533,1,0.07142857142857142
939,48985,14,0.9369999999999999,0.9370801006463993,1,0.07142857142857142
940,49001,16,0.9279999999999999,0.9280876740719489,1,0.0625
941,49015,14,0.9369999999999999,0.9370488852556434,1,0.07142857142857142
942,49031,16,0.9279999999999999,0.9283635875429634,1,0.1875
943,49047,16,0.9279999999999999,0.9281063365703791,1,0.0625
944,49063,16,0.9279999999999999,0.9280654688843071,1,0.0625
945,49077,14,0.9369999999999999,0.9370725636530105,1,0.07142857142857142
946,49091,14,0.9369999999999999,0.9371482204708411,1,0.07142857142857142
947,49105,14,0.9369999999999999,0.9370663990018441,1,0.07142857142857142
948,49131,26,0.883,0.8831557648129061,1,0.038461538461538464
949,49147,16,0.9279999999999999,0.9280531202824314,1,0.0625
950,49161,14,0.9369999999999999,0.9371192464900002,1,0.07142857142857142
951,49175,14,0.9369999999999999,0.9371440651135842,1,0.07142857142857142
952,49189,14,0.9369999999999999,0.9371281693942752,1,0.07142857142857142
953,49203,14,0.9369999999999999,0.9370886011662478,1,0.07142857142857142
954,49217,14,0.9369999999999999,0.9371062779046851,1,0.07142857142857142
955,49231,14,0.9369999999999999,0.937095905234141,1,0.07142857142857142
956,49247,16,0.9279999999999999,0.9282880846535254,1,0.1875
957,49261,14,0.9369999999999999,0.9370684957968219,1,0.07142857142857142
958,49277,16,0.9279999999999999,0.928079738876383,1,0.0625
959,49293,16,0.9279999999999999,0.9280806923310211,1,0.0625
960,49307,14,0.9369999999999999,0.9370709324030493,1,0.07142857142857142
961,49323,16,0.9279999999999999,0.928117964681311,1,0.0625
962,49339,16,0.9279999999999999,0.9280752037325826,1,0.0625
963,49353,14,0.9369999999999999,0.9371552687310991,1,0.07142857142857142
964,49369,16,0.9279999999999999,0.9280771781837437,1,0.0625
965,49387,18,0.919,0.9192920481241165,1,0.16666666666666666
966,49405,18,0.919,0.9190672231344399,1,0.05555555555555555
967,49419,14,0.9369999999999999,0.9370960760349363,1,0.07142857142857142
968,49433,14,0.9369999999999999,0.9370808254387608,1,0.07142857142857142
969,49447,14,0.9369999999999999,0.9370715120826361,1,0.07142857142857142
970,49475,28,0.874,0.8741162827266586,1,0.03571428571428571
971,49490,15,0.9325,0.9326015596401859,1,0.06666666666666667
972,49508,18,0.919,0.9190608049924422,1,0.05555555555555555
973,49522,14,0.9369999999999999,0.937047909953017,1,0.07142857142857142
974,49536,14,0.9369999999999999,0.9370616459630484,1,0.07142857142857142
975,49550,14,0.9369999999999999,0.9371169857035128,1,0.07142857142857142
976,49564,14,0.9369999999999999,0.9370763501238927,1,0.07142857142857142
977,49580,16,0.9279999999999999,0.9282486674740217,1,0.1875
978,49594,14,0.9369999999999999,0.9370901795551906,1,0.07142857142857142
979,49614,20,0.91,0.9100694400088253,1,0.05
980,49628,14,0.9369999999999999,0.9370517290345886,1,0.07142857142857142
981,49644,16,0.9279999999999999,0.9280681402495461,1,0.0625
982,49658,14,0.9369999999999999,0.9370757941173854,1,0.07142857142857142
983,49672,14,0.9369999999999999,0.9370785902548643,1,0.07142857142857142
984,49688,16,0.9279999999999999,0.9282151765263417,1,0.1875
985,49706,18,0.919,0.9190878257231454,1,0.05555555555555555
986,49722,16,0.9279999999999999,0.9280925853142569,1,0.0625
987,49738,16,0.9279999999999999,0.9280668974292509,1,0.0625
988,49754,16,0.9279999999999999,0.928087859367448,1,0.0625
989,49768,14,0.9369999999999999,0.9371260265207425,1,0.07142857142857142
990,49782,14,0.9369999999999999,0.9370658973249458,1,0.07142857142857142
991,49796,14,0.9369999999999999,0.9370951485022861,1,0.07142857142857142
992,49810,14,0.9369999999999999,0.9370653179543971,1,0.07142857142857142
993,49824,14,0.9369999999999999,0.9371485359262708,1,0.07142857142857142
994,49839,15,0.9325,0.9325909592567069,1,0.06666666666666667
995,49853,14,0.9369999999999999,0.9370785000206142,1,0.07142857142857142
996,49867,14,0.9369999999999999,0.9370692595961503,1,0.07142857142857142
997,49881,14,0.9369999999999999,0.9370926072243094,1,0.07142857142857142
998,49895,14,0.9369999999999999,0.9370574609118982,1,0.07142857142857142
999,49909,14,0.9369999999999999,0.9370774016375292,1,0.07142857142857142
1000,49923,14,0.9369999999999999,0.9370975970950828,1,0.07142857142857142
1001,49937,14,0.9369999999999999,0.9370902823242266,1,0.07142857142857142
1002,49958,21,0.9055,0.9056526142653383,1,0.047619047619047616
1003,49976,18,0.919,0.9190796205759136,1,0.05555555555555555
1004,49990,14,0.9369999999999999,0.9370616300014789,1,0.07142857142857142
1005,50004,14,0.9369999999999999,0.9371015936011233,1,0.07142857142857142
1006,50018,14,0.9369999999999999,0.9370817554747364,1,0.07142857142857142
1007,50032,14,0.9369999999999999,0.9370613358228181,1,0.07142857142857142
1008,50048,16,0.9279999999999999,0.928371147637418,1,0.1875
1009,50064,16,0.9279999999999999,0.9281114406021443,1,0.0625
1010,50078,14,0.9369999999999999,0.9370575621279028,1,0.07142857142857142
1011,50092,14,0.9369999999999999,0.9370647157380045,1,0.07142857142857142
1012,50112,20,0.91,0.9103037165822919,1,0.15
1013,50126,14,0.9369999999999999,0.9370616482545215,1,0.07142857142857142
1014,50140,14,0.9369999999999999,0.9370964122258258,1,0.07142857142857142
1015,50156,16,0.9279999999999999,0.9280941874609051,1,0.0625
1016,50170,14,0.9369999999999999,0.9370766698559089,1,0.07142857142857142
1017,50184,14,0.9369999999999999,0.937088178344539,1,0.07142857142857142
1018,50200,16,0.9279999999999999,0.9280510165059831,1,0.0625
1019,50214,14,0.9369999999999999,0.9370790319639554,1,0.07142857142857142
1020,50229,15,0.9325,0.932599095450871,1,0.06666666666666667
1021,50245,16,0.9279999999999999,0.9280609346887161,1,0.0625
1022,50259,14,0.9369999999999999,0.9371121994531059,1,0.07142857142857142
1023,50273,14,0.9369999999999999,0.9371120855467654,1,0.07142857142857142
1024,50287,14,0.9369999999999999,0.9370693399741972,1,0.07142857142857142
1025,50301,14,0.9369999999999999,0.9370927333476653,1,0.07142857142857142
1026,50315,14,0.9369999999999999,0.9371279665570624,1,0.07142857142857142
1027,50329,14,0.9369999999999999,0.937057098718805,1,0.07142857142857142
1028,50343,14,0.9369999999999999,0.9371617990508447,1,0.07142857142857142
1029,50357,14,0.9369999999999999,0.9370522626015194,1,0.07142857142857142
1030,50373,16,0.9279999999999999,0.9282419082056532,1,0.1875
1031,50391,18,0.919,0.9190703084482237,1,0.05555555555555555
1032,50405,14,0.9369999999999999,0.9370869050534014,1,0.07142857142857142
1033,50419,14,0.9369999999999999,0.9370982340429557,1,0.07142857142857142
1034,50433,14,0.9369999999999999,0.9371253000356826,1,0.07142857142857142
1035,50447,14,0.9369999999999999,0.9370583901182362,1,0.07142857142857142
1036,50461,14,0.9369999999999999,0.9370790803487196,1,0.07142857142857142
1037,50475,14,0.9369999999999999,0.9370889499438025,1,0.07142857142857142
1038,50489,14,0.9369999999999999,0.9370710275413132,1,0.07142857142857142
1039,50503,14,0.9369999999999999,0.9371233605070132,1,0.07142857142857142
1040,50519,16,0.9279999999999999,0.9280969997811589,1,0.0625
1041,50533,14,0.9369999999999999,0.9370930671314626,1,0.07142857142857142
1042,50547,14,0.9369999999999999,0.9370708982500262,1,0.07142857142857142
1043,50561,14,0.9369999999999999,0.9370936360750802,1,0.07142857142857142
1044,50577,16,0.9279999999999999,0.9280972027427282,1,0.0625
1045,50591,14,0.9369999999999999,0.9370823780869761,1,0.07142857142857142
1046,50607,16,0.9279999999999999,0.9281348012999537,1,0.0625
1047,50621,14,0.9369999999999999,0.9371078468071381,1,0.07142857142857142
1048,50635,14,0.9369999999999999,0.9371030074329916,1,0.07142857142857142
1049,50649,14,0.9369999999999999,0.9370698722150206,1,0.07142857142857142
1050,50663,14,0.9369999999999999,0.9370686708062214,1,0.07142857142857142
1051,50677,14,0.9369999999999999,0.9370971049630306,1,0.07142857142857142
1052,50693,16,0.9279999999999999,0.9280475424489976,1,0.0625
1053,50707,14,0.9369999999999999,0.9370727215908129,1,0.07142857142857142
1054,50721,14,0.9369999999999999,0.9370959865896227,1,0.07142857142857142
1055,50735,14,0.9369999999999999,0.9370822390788487,1,0.07142857142857142
1056,50749,14,0.9369999999999999,0.937053637673237,1,0.07142857142857142
1057,50763,14,0.9369999999999999,0.93714675053853,1,0.07142857142857142
1058,50777,14,0.9369999999999999,0.9371164288974853,1,0.07142857142857142
1059,50793,16,0.9279999999999999,0.9280754463011295,1,0.0625
1060,50811,18,0.919,0.9190629535926285,1,0.05555555555555555
1061,50829,18,0.919,0.9192573376609431,1,0.16666666666666666
1062,50843,14,0.9369999999999999,0.93714580727139,1,0.07142857142857142
1063,50859,16,0.9279999999999999,0.9283424959414308,1,0.1875
1064,50875,16,0.9279999999999999,0.9280664270727172,1,0.0625
1065,50891,16,0.9279999999999999,0.9280840955325803,1,0.0625
1066,50905,14,0.9369999999999999,0.9370882692823138,1,0.07142857142857142
1067,50919,14,0.9369999999999999,0.9370537041662067,1,0.07142857142857142
1068,50933,14,0.9369999999999999,0.9370798861032439,1,0.07142857142857142
1069,50951,18,0.919,0.9191705140404717,1,0.05555555555555555
1070,50971,20,0.91,0.910073220365153,1,0.05
1071,50985,14,0.9369999999999999,0.9370746087288705,1,0.07142857142857142
1072,51001,16,0.9279999999999999,0.9281328956038567,1,0.0625
1073,51019,18,0.919,0.9195385993277945,1,0.2777777777777778
1074,51037,18,0.919,0.919086497694354,1,0.05555555555555555
1075,51051,14,0.9369999999999999,0.9370721667113997,1,0.07142857142857142
1076,51067,16,0.9279999999999999,0.9280591248272644,1,0.0625
1077,51081,14,0.9369999999999999,0.9370562647887378,1,0.07142857142857142
1078,51095,14,0.9369999999999999,0.9370756809783188,1,0.07142857142857142
1079,51109,14,0.9369999999999999,0.9370665667433441,1,0.07142857142857142
1080,51125,16,0.9279999999999999,0.9281118209021323,1,0.0625
1081,51139,14,0.9369999999999999,0.9371073020753841,1,0.07142857142857142
1082,51157,18,0.919,0.9190803308781377,1,0.05555555555555555
1083,51171,14,0.9369999999999999,0.9370625645083016,1,0.07142857142857142
1084,51187,16,0.9279999999999999,0.9280815441600704,1,0.0625
1085,51201,14,0.9369999999999999,0.9370707185676409,1,0.07142857142857142
1086,51217,16,0.9279999999999999,0.9281000230378528,1,0.0625
1087,51237,20,0.91,0.9101171526313434,1,0.05
1088,51251,14,0.9369999999999999,0.9371344643615667,1,0.07142857142857142
1089,51265,14,0.9369999999999999,0.9370845250922143,1,0.07142857142857142
1090,51279,14,0.9369999999999999,0.9370998047733456,1,0.07142857142857142
1091,51293,14,0.9369999999999999,0.9370747287935975,1,0.07142857142857142
1092,51307,14,0.9369999999999999,0.9370953906512433,1,0.07142857142857142
1093,51321,14,0.9369999999999999,0.9370769235663177,1,0.07142857142857142
1094,51337,16,0.9279999999999999,0.9280984933134254,1,0.0625
1095,51353,16,0.9279999999999999,0.928112746184942,1,0.0625
1096,51367,14,0.9369999999999999,0.9370640206603184,1,0.07142857142857142
1097,51383,16,0.9279999999999999,0.9281015039640336,1,0.0625
1098,51397,14,0.9369999999999999,0.9370613696775492,1,0.07142857142857142
1099,51411,14,0.9369999999999999,0.937108266361861,1,0.07142857142857142
1100,51425,14,0.9369999999999999,0.9370829743453906,1,0.07142857142857142
1101,51439,14,0.9369999999999999,0.9371047851089596,1,0.07142857142857142
1102,51453,14,0.9369999999999999,0.9370619494677443,1,0.07142857142857142
1103,51467,14,0.9369999999999999,0.937124538526104,1,0.07142857142857142
1104,51484,17,0.9235,0.9236801085292562,1,0.058823529411764705
1105,51498,14,0.9369999999999999,0.9371123192171656,1,0.07142857142857142
1106,51514,16,0.9279999999999999,0.9282167446475836,1,0.1875
1107,51530,16,0.9279999999999999,0.9280699288257204,1,0.0625
1108,51545,15,0.9325,0.9325647805495194,1,0.06666666666666667
1109,51559,14,0.9369999999999999,0.9370726010546238,1,0.07142857142857142
1110,51573,14,0.9369999999999999,0.9370713037155375,1,0.07142857142857142
1111,51591,18,0.919,0.9191688634310371,1,0.05555555555555555
1112,51607,16,0.9279999999999999,0.9280832030117567,1,0.0625
1113,51623,16,0.9279999999999999,0.928288870783774,1,0.1875
1114,51637,14,0.9369999999999999,0.9370811489850621,1,0.07142857142857142
1115,51651,14,0.9369999999999999,0.9370985734998569,1,0.07142857142857142
1116,51667,16,0.9279999999999999,0.9282089175590768,1,0.1875
1117,51683,16,0.9279999999999999,0.9280753785376195,1,0.0625
1118,51699,16,0.9279999999999999,0.9284105537535231,1,0.1875
1119,51713,14,0.9369999999999999,0.9370651316680758,1,0.07142857142857142
1120,51727,14,0.9369999999999999,0.937103213717098,1,0.07142857142857142
1121,51741,14,0.9369999999999999,0.9370750551784817,1,0.07142857142857142
1122,51757,16,0.9279999999999999,0.9280705064159673,1,0.0625
1123,51773,16,0.9279999999999999,0.928290426397449,1,0.1875
1124,51787,14,0.9369999999999999,0.9371037959682583,1,0.07142857142857142
1125,51801,14,0.9369999999999999,0.9370562822813169,1,0.07142857142857142
1126,51817,16,0.9279999999999999,0.9280658971554393,1,0.0625
1127,51831,14,0.9369999999999999,0.9370574497809138,1,0.07142857142857142
1128,51849,18,0.919,0.9193496035975288,1,0.16666666666666666
1129,51865,16,0.9279999999999999,0.9280763234118296,1,0.0625
1130,51879,14,0.9369999999999999,0.937100934587092,1,0.07142857142857142
1131,51895,16,0.9279999999999999,0.9280773694068406,1,0.0625
1132,51909,14,0.9369999999999999,0.9371119644638466,1,0.07142857142857142
1133,51923,14,0.9369999999999999,0.9370789952702615,1,0.07142857142857142
1134,51937,14,0.9369999999999999,0.9370708333981211,1,0.07142857142857142
1135,51951,14,0.9369999999999999,0.9370510746144468,1,0.07142857142857142
1136,51965,14,0.9369999999999999,0.937049110151054,1,0.07142857142857142
1137,51979,14,0.9369999999999999,0.9370578255952584,1,0.07142857142857142
1138,51993,14,0.9369999999999999,0.9370753418230426,1,0.07142857142857142
1139,52009,16,0.9279999999999999,0.9283033064957865,1,0.1875
1140,52023,14,0.9369999999999999,0.9370676578477212,1,0.07142857142857142
1141,52039,16,0.9279999999999999,0.9280997846131955,1,0.0625
1142,52053,14,0.9369999999999999,0.9370779916176272,1,0.07142857142857142
1143,52069,16,0.9279999999999999,0.9280920922780055,1,0.0625
1144,52085,16,0.9279999999999999,0.9281042378490653,1,0.0625
1145,52103,18,0.919,0.9192550627126117,1,0.16666666666666666
1146,52119,16,0.9279999999999999,0.9280496525434301,1,0.0625
1147,52133,14,0.9369999999999999,0.9370616786000024,1,0.07142857142857142
1148,52149,16,0.9279999999999999,0.9282919878593345,1,0.1875
1149,52167,18,0.919,0.9190586030785514,1,0.05555555555555555
1150,52183,16,0.9279999999999999,0.9281382153750984,1,0.0625
1151,52203,20,0.91,0.9105611159617978,1,0.25
1152,52219,16,0.9279999999999999,0.9280812865452667,1,0.0625
1153,52233,14,0.9369999999999999,0.9370695868259379,1,0.07142857142857142
1154,52249,16,0.9279999999999999,0.9280923224313951,1,0.0625
1155,52263,14,0.9369999999999999,0.9370946786494584,1,0.07142857142857142
1156,52277,14,0.9369999999999999,0.937049766237117,1,0.07142857142857142
1157,52291,14,0.9369999999999999,0.9370552299369573,1,0.07142857142857142
1158,52305,14,0.9369999999999999,0.9370719382791429,1,0.07142857142857142
1159,52319,14,0.9369999999999999,0.9370746399923774,1,0.07142857142857142
1160,52333,14,0.9369999999999999,0.9370580420457507,1,0.07142857142857142
1161,52347,14,0.9369999999999999,0.9370593792220059,1,0.07142857142857142
1162,52361,14,0.9369999999999999,0.9370967148811786,1,0.07142857142857142
1163,52375,14,0.9369999999999999,0.9370907116424003,1,0.07142857142857142
1164,52391,16,0.9279999999999999,0.9283161350719775,1,0.1875
1165,52405,14,0.9369999999999999,0.9370953576957257,1,0.07142857142857142
1166,52419,14,0.9369999999999999,0.9370822816239807,1,0.07142857142857142
1167,52433,14,0.9369999999999999,0.9370914167876238,1,0.07142857142857142
1168,52447,14,0.9369999999999999,0.9370967629044078,1,0.07142857142857142
1169,52481,34,0.847,0.8471276731330327,1,0.029411764705882353
1170,52507,26,0.883,0.8831876036087201,1,0.038461538461538464
1171,52525,18,0.919,0.9191210030002412,1,0.05555555555555555
1172,52541,16,0.9279999999999999,0.9280791777496837,1,0.0625
1173,52555,14,0.9369999999999999,0.9371138684713122,1,0.07142857142857142
1174,52569,14,0.9369999999999999,0.9370809199384341,1,0.07142857142857142
1175,52583,14,0.9369999999999999,0.9371098311989879,1,0.07142857142857142
1176,52599,16,0.9279999999999999,0.9280530580129099,1,0.0625
1177,52627,28,0.874,0.8740723370764881,1,0.03571428571428571
1178,52645,18,0.919,0.9190875905991012,1,0.05555555555555555
1179,52659,14,0.9369999999999999,0.937070030638401,1,0.07142857142857142
1180,52675,16,0.9279999999999999,0.9280678202990047,1,0.0625
1181,52729,54,0.757,0.7571685334781066,1,0.018518518518518517
1182,52760,31,0.8605,0.8606663190067713,1,0.03225806451612903
1183,52778,18,0.919,0.9191516841768784,1,0.05555555555555555
1184,52792,14,0.9369999999999999,0.9371711305004757,1,0.07142857142857142
1185,52806,14,0.9369999999999999,0.937079039440914,1,0.07142857142857142
1186,52842,36,0.838,0.838542579561628,1,0.1388888888888889
1187,52972,130,0.4149999999999999,0.4156715147677466,1,0.007692307692307693
1188,53008,36,0.838,0.838170704251152,1,0.027777777777777776
1189,53022,14,0.9369999999999999,0.9370792356641311,1,0.07142857142857142
1190,53040,18,0.919,0.9190752974514241,1,0.05555555555555555
1191,53056,16,0.9279999999999999,0.9280671326948762,1,0.0625
1192,53070,14,0.9369999999999999,0.9370791652353853,1,0.07142857142857142
1193,53084,14,0.9369999999999999,0.9370933996853049,1,0.07142857142857142
1194,53098,14,0.9369999999999999,0.9370662234306987,1,0.07142857142857142
1195,53114,16,0.9279999999999999,0.9282187560231158,1,0.1875
1196,53128,14,0.9369999999999999,0.9370797930765182,1,0.07142857142857142
1197,53146,18,0.919,0.9190904285995467,1,0.05555555555555555
1198,53160,14,0.9369999999999999,0.9371206858068558,1,0.07142857142857142
1199,53174,14,0.9369999999999999,0.9370685080280627,1,0.07142857142857142
1200,53190,16,0.9279999999999999,0.9280913998701381,1,0.0625
1201,53214,24,0.892,0.8920602893309976,1,0.041666666666666664
1202,53228,14,0.9369999999999999,0.9370707205343594,1,0.07142857142857142
1203,53242,14,0.9369999999999999,0.9370756685116736,1,0.07142857142857142
1204,53260,18,0.919,0.9191279007158362,1,0.05555555555555555
1205,53275,15,0.9325,0.93258085199373,1,0.06666666666666667
1206,53289,14,0.9369999999999999,0.9370857748822979,1,0.07142857142857142
1207,53305,16,0.9279999999999999,0.928046657998249,1,0.0625
1208,53319,14,0.9369999999999999,0.9370475070319743,1,0.07142857142857142
1209,53335,16,0.9279999999999999,0.928058490751208,1,0.0625
1210,53357,22,0.901,0.9010733021696647,1,0.045454545454545456
1211,53371,14,0.9369999999999999,0.9371019926674188,1,0.07142857142857142
1212,53385,14,0.9369999999999999,0.9370607691766192,1,0.07142857142857142
1213,53409,24,0.892,0.8921004481000099,1,0.041666666666666664
1214,53423,14,0.9369999999999999,0.9370799328476691,1,0.07142857142857142
1215,53439,16,0.9279999999999999,0.9282091999875153,1,0.0625
1216,53453,14,0.9369999999999999,0.93708620200538,1,0.07142857142857142
1217,53467,14,0.9369999999999999,0.9370843321452152,1,0.07142857142857142
1218,53483,16,0.9279999999999999,0.9280611769011491,1,0.0625
1219,53497,14,0.9369999999999999,0.9370595653681334,1,0.07142857142857142
1220,53513,16,0.9279999999999999,0.9281042999309416,1,0.0625
1221,53529,16,0.9279999999999999,0.9280824754800361,1,0.0625
1222,53543,14,0.9369999999999999,0.9371313509699677,1,0.07142857142857142
1223,53559,16,0.9279999999999999,0.9282054283251485,1,0.1875
1224,53575,16,0.9279999999999999,0.9280856655061154,1,0.0625
1225,53589,14,0.9369999999999999,0.9370588615215033,1,0.07142857142857142
1226,53605,16,0.9279999999999999,0.9280717845848505,1,0.0625
1227,53619,14,0.9369999999999999,0.9370822495880367,1,0.07142857142857142
1228,53633,14,0.9369999999999999,0.9370740910666411,1,0.07142857142857142
1229,53647,14,0.9369999999999999,0.9370661965460453,1,0.07142857142857142
1230,53663,16,0.9279999999999999,0.9280474426422891,1,0.0625
1231,53677,14,0.9369999999999999,0.9370950490975128,1,0.07142857142857142
1232,53691,14,0.9369999999999999,0.9370759027123855,1,0.07142857142857142
1233,53713,22,0.901,0.9012355532344891,1,0.13636363636363635
1234,53727,14,0.9369999999999999,0.9370595119472678,1,0.07142857142857142
1235,53751,24,0.892,0.8920953201924239,1,0.041666666666666664
1236,53771,20,0.91,0.9101195920998827,1,0.05
1237,53795,24,0.892,0.892157074366375,1,0.041666666666666664
1238,53809,14,0.9369999999999999,0.9371120601097938,1,0.07142857142857142
1239,53823,14,0.9369999999999999,0.9370970968650285,1,0.07142857142857142
1240,53837,14,0.9369999999999999,0.9370561236745493,1,0.07142857142857142
1241,53851,14,0.9369999999999999,0.9370741773241992,1,0.07142857142857142
1242,53867,16,0.9279999999999999,0.9281012853248034,1,0.0625
1243,53883,16,0.9279999999999999,0.928083586390473,1,0.0625
1244,53897,14,0.9369999999999999,0.9370752275424649,1,0.07142857142857142
1245,53911,14,0.9369999999999999,0.937147668742807,1,0.07142857142857142
1246,53925,14,0.9369999999999999,0.9370831519852412,1,0.07142857142857142
1247,53939,14,0.9369999999999999,0.9370590289595128,1,0.07142857142857142
1248,53953,14,0.9369999999999999,0.9370755117538927,1,0.07142857142857142
1249,53967,14,0.9369999999999999,0.9370684613833552,1,0.07142857142857142
1250,53981,14,0.9369999999999999,0.9370602916981018,1,0.07142857142857142
1251,53995,14,0.9369999999999999,0.9370463291082899,1,0.07142857142857142
1252,54009,14,0.9369999999999999,0.9370708912384548,1,0.07142857142857142
1253,54031,22,0.901,0.9012708637256533,1,0.13636363636363635
1254,54045,14,0.9369999999999999,0.9370772213923325,1,0.07142857142857142
1255,54059,14,0.9369999999999999,0.9370641677010553,1,0.07142857142857142
1256,54075,16,0.9279999999999999,0.9280822793514744,1,0.0625
1257,54091,16,0.9279999999999999,0.9280943263391281,1,0.0625
1258,54105,14,0.9369999999999999,0.9370526037306411,1,0.07142857142857142
1259,54121,16,0.9279999999999999,0.9280630434683179,1,0.0625
1260,54135,14,0.9369999999999999,0.9370903634315251,1,0.07142857142857142
1261,54149,14,0.9369999999999999,0.9370798479504735,1,0.07142857142857142
1262,54167,18,0.919,0.919053357809357,1,0.05555555555555555
1263,54181,14,0.9369999999999999,0.9370914064185066,1,0.07142857142857142
1264,54195,14,0.9369999999999999,0.9371539203432251,1,0.07142857142857142
1265,54209,14,0.9369999999999999,0.9370573931253486,1,0.07142857142857142
1266,54225,16,0.9279999999999999,0.9281262170310548,1,0.0625
1267,54241,16,0.9279999999999999,0.9280891198002873,1,0.0625
1268,54256,15,0.9325,0.9325867509197708,1,0.06666666666666667
1269,54272,16,0.9279999999999999,0.9280759183714368,1,0.0625
1270,54288,16,0.9279999999999999,0.9280563008682479,1,0.0625
1271,54304,16,0.9279999999999999,0.9280925387557502,1,0.0625
1272,54320,16,0.9279999999999999,0.9280870779930046,1,0.0625
1273,54338,18,0.919,0.9190907866792447,1,0.05555555555555555
1274,54352,14,0.9369999999999999,0.9371219335011199,1,0.07142857142857142
1275,54366,14,0.9369999999999999,0.9370839437907466,1,0.07142857142857142
1276,54382,16,0.9279999999999999,0.9280810548704562,1,0.0625
1277,54400,18,0.919,0.9191175724624303,1,0.05555555555555555
1278,54414,14,0.9369999999999999,0.9370474719723334,1,0.07142857142857142
1279,54428,14,0.9369999999999999,0.9370969649731439,1,0.07142857142857142
1280,54442,14,0.9369999999999999,0.9370993587698156,1,0.07142857142857142
1281,54456,14,0.9369999999999999,0.9370613264176086,1,0.07142857142857142
1282,54470,14,0.9369999999999999,0.937086794601883,1,0.07142857142857142
1283,54486,16,0.9279999999999999,0.9280943950209052,1,0.0625
1284,54500,14,0.9369999999999999,0.9371375379312775,1,0.07142857142857142
1285,54514,14,0.9369999999999999,0.9370709772418645,1,0.07142857142857142
1286,54528,14,0.9369999999999999,0.9370654110447887,1,0.07142857142857142
1287,54544,16,0.9279999999999999,0.9281209644703816,1,0.0625
1288,54558,14,0.9369999999999999,0.9370696600033392,1,0.07142857142857142
1289,54590,32,0.856,0.8561061426967248,1,0.03125
1290,54604,14,0.9369999999999999,0.9371083469946593,1,0.07142857142857142
1291,54618,14,0.9369999999999999,0.937059469502879,1,0.07142857142857142
1292,54636,18,0.919,0.9193182034528411,1,0.16666666666666666
1293,54650,14,0.9369999999999999,0.9370841624237989,1,0.07142857142857142
1294,54668,18,0.919,0.9190993119526798,1,0.05555555555555555
1295,54684,16,0.9279999999999999,0.9282934253714384,1,0.1875
1296,54698,14,0.9369999999999999,0.9370721599052427,1,0.07142857142857142
1297,54712,14,0.9369999999999999,0.9370832749673489,1,0.07142857142857142
1298,54728,16,0.9279999999999999,0.9280609002178141,1,0.0625
1299,54742,14,0.9369999999999999,0.937092476457169,1,0.07142857142857142
1300,54758,16,0.9279999999999999,0.9280769390567395,1,0.0625
1301,54772,14,0.9369999999999999,0.9371336129403619,1,0.07142857142857142
1302,54786,14,0.9369999999999999,0.9370708085003169,1,0.07142857142857142
1303,54802,16,0.9279999999999999,0.9280726719280311,1,0.0625
1304,54816,14,0.9369999999999999,0.9370677678227454,1,0.07142857142857142
1305,54830,14,0.9369999999999999,0.9370812047967321,1,0.07142857142857142
1306,54844,14,0.9369999999999999,0.937068606492526,1,0.07142857142857142
1307,54858,14,0.9369999999999999,0.9370776169443856,1,0.07142857142857142
1308,54874,16,0.9279999999999999,0.9280787071658921,1,0.0625
1309,54888,14,0.9369999999999999,0.9370462553629234,1,0.07142857142857142
1310,54902,14,0.9369999999999999,0.9370390668740326,1,0.07142857142857142
1311,54918,16,0.9279999999999999,0.9281026646897103,1,0.0625
1312,54934,16,0.9279999999999999,0.9280672000456166,1,0.0625
1313,54950,16,0.9279999999999999,0.9280564347858571,1,0.0625
1314,54964,14,0.9369999999999999,0.9370803583098319,1,0.07142857142857142
1315,54978,14,0.9369999999999999,0.9370942441065961,1,0.07142857142857142
1316,54992,14,0.9369999999999999,0.9370732920751722,1,0.07142857142857142
1317,55008,16,0.9279999999999999,0.9280494620555404,1,0.0625
1318,55022,14,0.9369999999999999,0.937083506345841,1,0.07142857142857142
1319,55036,14,0.9369999999999999,0.9370972800319799,1,0.07142857142857142
1320,55050,14,0.9369999999999999,0.9370786951712164,1,0.07142857142857142
1321,55066,16,0.9279999999999999,0.9280539728922804,1,0.0625
1322,55082,16,0.9279999999999999,0.9282680358495382,1,0.1875
1323,55096,14,0.9369999999999999,0.9370775566902411,1,0.07142857142857142
1324,55110,14,0.9369999999999999,0.93706182510054,1,0.07142857142857142
1325,55124,14,0.9369999999999999,0.9370926563443823,1,0.07142857142857142
1326,55138,14,0.9369999999999999,0.9370676835756597,1,0.07142857142857142
1327,55152,14,0.9369999999999999,0.937061871255984,1,0.07142857142857142
1328,55168,16,0.9279999999999999,0.9280833207130708,1,0.0625
1329,55182,14,0.9369999999999999,0.9370919919059773,1,0.07142857142857142
1330,55198,16,0.9279999999999999,0.9281312600929746,1,0.0625
1331,55212,14,0.9369999999999999,0.9370528987888411,1,0.07142857142857142
1332,55226,14,0.9369999999999999,0.9370854748299695,1,0.07142857142857142
1333,55240,14,0.9369999999999999,0.9370439435495919,1,0.07142857142857142
1334,55258,18,0.919,0.9190834950257913,1,0.05555555555555555
1335,55272,14,0.9369999999999999,0.9370812676162279,1,0.07142857142857142
1336,55287,15,0.9325,0.9325859660719884,1,0.06666666666666667
1337,55303,16,0.9279999999999999,0.9281183089972418,1,0.0625
1338,55317,14,0.9369999999999999,0.9370870639660893,1,0.07142857142857142
1339,55331,14,0.9369999999999999,0.9370727189060033,1,0.07142857142857142
1340,55345,14,0.9369999999999999,0.9370608144313324,1,0.07142857142857142
1341,55359,14,0.9369999999999999,0.9370540889266171,1,0.07142857142857142
1342,55373,14,0.9369999999999999,0.9370869430151445,1,0.07142857142857142
1343,55389,16,0.9279999999999999,0.9281431027754979,1,0.0625
1344,55405,16,0.9279999999999999,0.9280634445932018,1,0.0625
1345,55419,14,0.9369999999999999,0.9370840067764945,1,0.07142857142857142
1346,55433,14,0.9369999999999999,0.9371003459414248,1,0.07142857142857142
1347,55449,16,0.9279999999999999,0.9280537987811737,1,0.0625
1348,55463,14,0.9369999999999999,0.937107079443998,1,0.07142857142857142
1349,55479,16,0.9279999999999999,0.9280837968936597,1,0.0625
1350,55493,14,0.9369999999999999,0.9371056706733475,1,0.07142857142857142
1351,55509,16,0.9279999999999999,0.9280817626189769,1,0.0625
1352,55523,14,0.9369999999999999,0.937073354627918,1,0.07142857142857142
1353,55539,16,0.9279999999999999,0.9282676501660533,1,0.1875
1354,55553,14,0.9369999999999999,0.9370743180200791,1,0.07142857142857142
1355,55567,14,0.9369999999999999,0.937071077419259,1,0.07142857142857142
1356,55581,14,0.9369999999999999,0.9370604373758146,1,0.07142857142857142
1357,55595,14,0.9369999999999999,0.937136160400172,1,0.07142857142857142
1358,55609,14,0.9369999999999999,0.9371063740892804,1,0.07142857142857142
1359,55623,14,0.9369999999999999,0.9370756355728378,1,0.07142857142857142
1360,55637,14,0.9369999999999999,0.9370637529610362,1,0.07142857142857142
1361,55651,14,0.9369999999999999,0.9370886927329517,1,0.07142857142857142
1362,55665,14,0.9369999999999999,0.9370612701171618,1,0.07142857142857142
1363,55679,14,0.9369999999999999,0.9371548330185362,1,0.07142857142857142
1364,55695,16,0.9279999999999999,0.9280662065538179,1,0.0625
1365,55709,14,0.9369999999999999,0.9370999483587795,1,0.07142857142857142
1366,55723,14,0.9369999999999999,0.9370802311951859,1,0.07142857142857142
1367,55737,14,0.9369999999999999,0.9370532708091431,1,0.07142857142857142
1368,55751,14,0.9369999999999999,0.9371568654852238,1,0.07142857142857142
1369,55767,16,0.9279999999999999,0.9280993147370553,1,0.0625
1370,55783,16,0.9279999999999999,0.92825241872369,1,0.1875
1371,55797,14,0.9369999999999999,0.9370735589461457,1,0.07142857142857142
1372,55811,14,0.9369999999999999,0.9371173386694742,1,0.07142857142857142
1373,55825,14,0.9369999999999999,0.9370687003780301,1,0.07142857142857142
1374,55841,16,0.9279999999999999,0.9280896061695753,1,0.0625
1375,55857,16,0.9279999999999999,0.9282270916045192,1,0.1875
1376,55873,16,0.9279999999999999,0.9280604596759674,1,0.0625
1377,55891,18,0.919,0.9193072707474068,1,0.16666666666666666
1378,55905,14,0.9369999999999999,0.9370454399182813,1,0.07142857142857142
1379,55919,14,0.9369999999999999,0.9370572681943758,1,0.07142857142857142
1380,55935,16,0.9279999999999999,0.9283868965075719,1,0.1875
1381,55951,16,0.9279999999999999,0.9282759050893544,1,0.1875
1382,55965,14,0.9369999999999999,0.9370872590013788,1,0.07142857142857142
1383,55983,18,0.919,0.9190927358921926,1,0.05555555555555555
1384,55999,16,0.9279999999999999,0.9280840271166578,1,0.0625
1385,56013,14,0.9369999999999999,0.9370524125673211,1,0.07142857142857142
1386,56027,14,0.9369999999999999,0.9370704949777292,1,0.07142857142857142
1387,56051,24,0.892,0.8922794844571686,1,0.125
1388,56075,24,0.892,0.8920770034733028,1,0.041666666666666664
1389,56089,14,0.9369999999999999,0.9370645885244487,1,0.07142857142857142
1390,56105,16,0.9279999999999999,0.9280967893270909,1,0.0625
1391,56123,18,0.919,0.9190834549718179,1,0.05555555555555555
1392,56139,16,0.9279999999999999,0.9281238699606253,1,0.0625
1393,56165,26,0.883,0.8830789553203036,1,0.038461538461538464
1394,56201,36,0.838,0.8381192085726179,1,0.027777777777777776
1395,56217,16,0.9279999999999999,0.9280871860709046,1,0.0625
1396,56239,22,0.901,0.9010740629309336,1,0.045454545454545456
1397,56261,22,0.901,0.901091433244893,1,0.045454545454545456
1398,56281,20,0.91,0.9100819341866023,1,0.05
1399,56295,14,0.9369999999999999,0.9370476098142874,1,0.07142857142857142
1400,56311,16,0.9279999999999999,0.9280811247393328,1,0.0625
1401,56327,16,0.9279999999999999,0.9280629365216678,1,0.0625
1402,56343,16,0.9279999999999999,0.9281065008345178,1,0.0625
1403,56359,16,0.9279999999999999,0.9280697511368705,1,0.0625
1404,56373,14,0.9369999999999999,0.9370917384311072,1,0.07142857142857142
1405,56397,24,0.892,0.8921172350854367,1,0.041666666666666664
1406,56415,18,0.919,0.9190552297993104,1,0.05555555555555555
1407,56443,28,0.874,0.874091618782369,1,0.03571428571428571
1408,56457,14,0.9369999999999999,0.9370740591383442,1,0.07142857142857142
1409,56471,14,0.9369999999999999,0.9371202495294304,1,0.07142857142857142
1410,56487,16,0.9279999999999999,0.9280919378757757,1,0.0625
1411,56501,14,0.9369999999999999,0.9370938136962409,1,0.07142857142857142
1412,56515,14,0.9369999999999999,0.937058766851849,1,0.07142857142857142
1413,56529,14,0.9369999999999999,0.9370771040842858,1,0.07142857142857142
1414,56545,16,0.9279999999999999,0.9280712435904261,1,0.0625
1415,56559,14,0.9369999999999999,0.9370629391173236,1,0.07142857142857142
1416,56573,14,0.9369999999999999,0.9370857662864105,1,0.07142857142857142
1417,56587,14,0.9369999999999999,0.9370939675190875,1,0.07142857142857142
1418,56641,54,0.757,0.7571253756784532,1,0.018518518518518517
1419,56655,14,0.9369999999999999,0.9370588533804338,1,0.07142857142857142
1420,56672,17,0.9235,0.923556460459441,1,0.058823529411764705
1421,56688,16,0.9279999999999999,0.9281232969122672,1,0.0625
1422,56704,16,0.9279999999999999,0.9280756827980888,1,0.0625
1423,56728,24,0.892,0.892124713216691,1,0.041666666666666664
1424,56742,14,0.9369999999999999,0.9370694893480868,1,0.07142857142857142
1425,56756,14,0.9369999999999999,0.937106629274648,1,0.07142857142857142
1426,56817,61,0.7255,0.725747030660824,1,0.01639344262295082
1427,56831,14,0.9369999999999999,0.937061437797917,1,0.07142857142857142
1428,56847,16,0.9279999999999999,0.9280945505426936,1,0.0625
1429,56871,24,0.892,0.8920985011753204,1,0.041666666666666664
1430,56885,14,0.9369999999999999,0.9370672961931644,1,0.07142857142857142
1431,56907,22,0.901,0.9010826176122255,1,0.045454545454545456
1432,56921,14,0.9369999999999999,0.9370919634375413,1,0.07142857142857142
1433,56935,14,0.9369999999999999,0.9370617857126547,1,0.07142857142857142
1434,56959,24,0.892,0.892121108297794,1,0.041666666666666664
1435,56981,22,0.901,0.901410782347622,1,0.13636363636363635
1436,56995,14,0.9369999999999999,0.9370358457151303,1,0.07142857142857142
1437,57013,18,0.919,0.9192035614039193,1,0.16666666666666666
1438,57027,14,0.9369999999999999,0.9370993584713372,1,0.07142857142857142
1439,57041,14,0.9369999999999999,0.9370518081278271,1,0.07142857142857142
1440,57057,16,0.9279999999999999,0.9280745417649913,1,0.0625
1441,57071,14,0.9369999999999999,0.9370812004306164,1,0.07142857142857142
1442,57087,16,0.9279999999999999,0.9280759429302634,1,0.0625
1443,57101,14,0.9369999999999999,0.937112531604472,1,0.07142857142857142
1444,57120,19,0.9145,0.914609540695958,1,0.05263157894736842
1445,57136,16,0.9279999999999999,0.9282329303027396,1,0.1875
1446,57150,14,0.9369999999999999,0.9370626239107753,1,0.07142857142857142
1447,57170,20,0.91,0.9102703831055681,1,0.15
1448,57188,18,0.919,0.9190808651925091,1,0.05555555555555555
1449,57202,14,0.9369999999999999,0.9370585619248198,1,0.07142857142857142
1450,57230,28,0.874,0.8740903178913745,1,0.03571428571428571
1451,57249,19,0.9145,0.9145879878496372,1,0.05263157894736842
1452,57263,14,0.9369999999999999,0.9370779050395602,1,0.07142857142857142
1453,57303,40,0.82,0.8201364423728688,1,0.025
1454,57337,34,0.847,0.8470736118262986,1,0.029411764705882353
1455,57355,18,0.919,0.9190730661740484,1,0.05555555555555555
1456,57378,23,0.8965,0.8965978564460128,1,0.043478260869565216
1457,57392,14,0.9369999999999999,0.9370784068225684,1,0.07142857142857142
1458,57407,15,0.9325,0.9325833251733259,1,0.06666666666666667
1459,57422,15,0.9325,0.9325758194694727,1,0.06666666666666667
1460,57438,16,0.9279999999999999,0.928090617463265,1,0.0625
1461,57453,15,0.9325,0.9326022010623433,1,0.06666666666666667
1462,57478,25,0.8875,0.8875792247449688,1,0.04
1463,57504,26,0.883,0.8830596596888292,1,0.038461538461538464
1464,57518,14,0.9369999999999999,0.9371513698405269,1,0.07142857142857142
1465,57542,24,0.892,0.89207710926476,1,0.041666666666666664
1466,57558,16,0.9279999999999999,0.928240542979761,1,0.1875
1467,57586,28,0.874,0.8740863410012129,1,0.03571428571428571
1468,57608,22,0.901,0.9010694281811066,1,0.045454545454545456
1469,57664,56,0.748,0.748125018985357,1,0.017857142857142856
1470,57716,52,0.766,0.7660791094462,1,0.019230769230769232
1471,57738,22,0.901,0.901067028637185,1,0.045454545454545456
1472,57756,18,0.919,0.919074416786106,1,0.05555555555555555
1473,57774,18,0.919,0.9191405733210447,1,0.05555555555555555
1474,57795,21,0.9055,0.9055640439226363,1,0.047619047619047616
1475,57815,20,0.91,0.9100657967020488,1,0.05
1476,57833,18,0.919,0.9190755472512321,1,0.05555555555555555
1477,57857,24,0.892,0.8920525217398679,1,0.041666666666666664
1478,57909,52,0.766,0.7660892662649815,1,0.019230769230769232
1479,57927,18,0.919,0.919098157046627,1,0.05555555555555555
1480,57943,16,0.9279999999999999,0.928073575098173,1,0.0625
1481,57966,23,0.8965,0.8966020026225915,1,0.043478260869565216
1482,57988,22,0.901,0.9011002777096485,1,0.045454545454545456
1483,58009,21,0.9055,0.9056087217319113,1,0.047619047619047616
1484,58025,16,0.9279999999999999,0.928100662579704,1,0.0625
1485,58039,14,0.9369999999999999,0.9370485918403526,1,0.07142857142857142
1486,58053,14,0.9369999999999999,0.9370776649945067,1,0.07142857142857142
1487,58067,14,0.9369999999999999,0.9370808514666544,1,0.07142857142857142
1488,58083,16,0.9279999999999999,0.9283082408782787,1,0.1875
1489,58099,16,0.9279999999999999,0.9281008983718462,1,0.0625
1490,58113,14,0.9369999999999999,0.9370682953468329,1,0.07142857142857142
1491,58127,14,0.9369999999999999,0.9370536341033261,1,0.07142857142857142
1492,58143,16,0.9279999999999999,0.928089649271142,1,0.0625
1493,58157,14,0.9369999999999999,0.9370903847825924,1,0.07142857142857142
1494,58173,16,0.9279999999999999,0.9280479057019595,1,0.0625
1495,58191,18,0.919,0.9194389677277325,1,0.16666666666666666
1496,58205,14,0.9369999999999999,0.9370740907704308,1,0.07142857142857142
1497,58219,14,0.9369999999999999,0.937063997806558,1,0.07142857142857142
1498,58233,14,0.9369999999999999,0.9370786482002836,1,0.07142857142857142
1499,58247,14,0.9369999999999999,0.9370670382239842,1,0.07142857142857142
1500,58261,14,0.9369999999999999,0.9371040264198849,1,0.07142857142857142
1501,58275,14,0.9369999999999999,0.9370966843849757,1,0.07142857142857142
1502,58289,14,0.9369999999999999,0.937115691831433,1,0.07142857142857142
1503,58303,14,0.9369999999999999,0.937078013471755,1,0.07142857142857142
1504,58317,14,0.9369999999999999,0.937035476506457,1,0.07142857142857142
1505,58331,14,0.9369999999999999,0.9371018682632617,1,0.07142857142857142
1506,58347,16,0.9279999999999999,0.9281240078026454,1,0.0625
1507,58361,14,0.9369999999999999,0.9370682262135838,1,0.07142857142857142
1508,58375,14,0.9369999999999999,0.9370644065632536,1,0.07142857142857142
1509,58389,14,0.9369999999999999,0.9370555284734902,1,0.07142857142857142
1510,58405,16,0.9279999999999999,0.9280635714142385,1,0.0625
1511,58423,18,0.919,0.919093641703239,1,0.05555555555555555
1512,58437,14,0.9369999999999999,0.9370583603704614,1,0.07142857142857142
1513,58453,16,0.9279999999999999,0.9280876084111805,1,0.0625
1514,58467,14,0.9369999999999999,0.9370627243923728,1,0.07142857142857142
1515,58481,14,0.9369999999999999,0.9370819375951769,1,0.07142857142857142
1516,58495,14,0.9369999999999999,0.9370606856892366,1,0.07142857142857142
1517,58517,22,0.901,0.9012916700742724,1,0.13636363636363635
1518,58531,14,0.9369999999999999,0.937069163357516,1,0.07142857142857142
1519,58545,14,0.9369999999999999,0.9370584014995038,1,0.07142857142857142
1520,58559,14,0.9369999999999999,0.9370451998718147,1,0.07142857142857142
1521,58573,14,0.9369999999999999,0.9370654264357842,1,0.07142857142857142
1522,58590,17,0.9235,0.923584348838033,1,0.058823529411764705
1523,58604,14,0.9369999999999999,0.9370803810264492,1,0.07142857142857142
1524,58620,16,0.9279999999999999,0.9280703741862757,1,0.0625
1525,58642,22,0.901,0.9010738904862482,1,0.045454545454545456
1526,58660,18,0.919,0.9190684983419484,1,0.05555555555555555
1527,58676,16,0.9279999999999999,0.9280575862179604,1,0.0625
1528,58692,16,0.9279999999999999,0.9280616486470034,1,0.0625
1529,58708,16,0.9279999999999999,0.9280664695878377,1,0.0625
1530,58722,14,0.9369999999999999,0.9370725289348298,1,0.07142857142857142
1531,58738,16,0.9279999999999999,0.92810538812971,1,0.0625
1532,58752,14,0.9369999999999999,0.9370443349288707,1,0.07142857142857142
1533,58766,14,0.9369999999999999,0.9370718773692491,1,0.07142857142857142
1534,58780,14,0.9369999999999999,0.9371196334922092,1,0.07142857142857142
1535,58798,18,0.919,0.9190772506395248,1,0.05555555555555555
1536,58812,14,0.9369999999999999,0.937065206164338,1,0.07142857142857142
1537,58826,14,0.9369999999999999,0.9370851191001264,1,0.07142857142857142
1538,58840,14,0.9369999999999999,0.9370594210969707,1,0.07142857142857142
1539,58854,14,0.9369999999999999,0.937066960140522,1,0.07142857142857142
1540,58870,16,0.9279999999999999,0.9281049022256616,1,0.0625
1541,58884,14,0.9369999999999999,0.9371035592296759,1,0.07142857142857142
1542,58900,16,0.9279999999999999,0.9280708575374157,1,0.0625
1543,58914,14,0.9369999999999999,0.9370494404659708,1,0.07142857142857142
1544,58928,14,0.9369999999999999,0.9370693464451417,1,0.07142857142857142
1545,58944,16,0.9279999999999999,0.9281312015379019,1,0.0625
1546,58958,14,0.9369999999999999,0.9371134066309259,1,0.07142857142857142
1547,58972,14,0.9369999999999999,0.9370903219478492,1,0.07142857142857142
1548,58988,16,0.9279999999999999,0.9280671507692817,1,0.0625
1549,59004,16,0.9279999999999999,0.9281300742538527,1,0.0625
1550,59018,14,0.9369999999999999,0.9370777926475861,1,0.07142857142857142
1551,59035,17,0.9235,0.9235665548457974,1,0.058823529411764705
1552,59051,16,0.9279999999999999,0.9280637793114328,1,0.0625
1553,59067,16,0.9279999999999999,0.9280559830277554,1,0.0625
1554,59085,18,0.919,0.9190641084230982,1,0.05555555555555555
1555,59099,14,0.9369999999999999,0.9370619994057661,1,0.07142857142857142
1556,59115,16,0.9279999999999999,0.928060042265837,1,0.0625
1557,59129,14,0.9369999999999999,0.9370596473501056,1,0.07142857142857142
1558,59145,16,0.9279999999999999,0.9283090755727768,1,0.1875
1559,59159,14,0.9369999999999999,0.9370496770137715,1,0.07142857142857142
1560,59173,14,0.9369999999999999,0.9370921371763654,1,0.07142857142857142
1561,59187,14,0.9369999999999999,0.9370661729731594,1,0.07142857142857142
1562,59207,20,0.91,0.9102854921803716,1,0.15
1563,59221,14,0.9369999999999999,0.9370808644498323,1,0.07142857142857142
1564,59235,14,0.9369999999999999,0.937099255261226,1,0.07142857142857142
1565,59249,14,0.9369999999999999,0.9370877460460698,1,0.07142857142857142
1566,59263,14,0.9369999999999999,0.9370733300748573,1,0.07142857142857142
1567,59279,16,0.9279999999999999,0.9280891067801015,1,0.0625
1568,59293,14,0.9369999999999999,0.9370930477128185,1,0.07142857142857142
1569,59309,16,0.9279999999999999,0.9281286329152022,1,0.0625
1570,59323,14,0.9369999999999999,0.937039693652078,1,0.07142857142857142
1571,59339,16,0.9279999999999999,0.9283356030126615,1,0.1875
1572,59353,14,0.9369999999999999,0.9370674001523457,1,0.07142857142857142
1573,59369,16,0.9279999999999999,0.9280936987150133,1,0.0625
1574,59383,14,0.9369999999999999,0.9370515045015474,1,0.07142857142857142
1575,59397,14,0.9369999999999999,0.9371386987179685,1,0.07142857142857142
1576,59413,16,0.9279999999999999,0.9280836906397947,1,0.0625
1577,59431,18,0.919,0.9190623474183243,1,0.05555555555555555
1578,59445,14,0.9369999999999999,0.9370567959235863,1,0.07142857142857142
1579,59459,14,0.9369999999999999,0.9371052062005302,1,0.07142857142857142
1580,59473,14,0.9369999999999999,0.9370481308311928,1,0.07142857142857142
1581,59487,14,0.9369999999999999,0.9370707376985057,1,0.07142857142857142
1582,59503,16,0.9279999999999999,0.9281145595074344,1,0.0625
1583,59517,14,0.9369999999999999,0.9370879051702337,1,0.07142857142857142
1584,59531,14,0.9369999999999999,0.9370921370587413,1,0.07142857142857142
1585,59545,14,0.9369999999999999,0.9370855575783777,1,0.07142857142857142
1586,59559,14,0.9369999999999999,0.9370553654693166,1,0.07142857142857142
1587,59575,16,0.9279999999999999,0.928092480108293,1,0.0625
1588,59589,14,0.9369999999999999,0.9370946359009155,1,0.07142857142857142
1589,59607,18,0.919,0.9191258261080724,1,0.05555555555555555
1590,59621,14,0.9369999999999999,0.9370848509203036,1,0.07142857142857142
1591,59637,16,0.9279999999999999,0.9280874679874178,1,0.0625
1592,59653,16,0.9279999999999999,0.928041450812501,1,0.0625
1593,59667,14,0.9369999999999999,0.9370801023716485,1,0.07142857142857142
1594,59707,40,0.82,0.820130360103421,1,0.025
1595,59721,14,0.9369999999999999,0.9370687087328404,1,0.07142857142857142
1596,59735,14,0.9369999999999999,0.9370710880303228,1,0.07142857142857142
1597,59749,14,0.9369999999999999,0.9370319265953181,1,0.07142857142857142
1598,59765,16,0.9279999999999999,0.9280423080772795,1,0.0625
1599,59785,20,0.91,0.9100498023214435,1,0.05
1600,59807,22,0.901,0.901073548341192,1,0.045454545454545456
1601,59823,16,0.9279999999999999,0.9280609995687509,1,0.0625
1602,59839,16,0.9279999999999999,0.9280893055666286,1,0.0625
1603,59853,14,0.9369999999999999,0.9370635467439168,1,0.07142857142857142
1604,59867,14,0.9369999999999999,0.9371112939721188,1,0.07142857142857142
1605,59892,25,0.8875,0.8875833869375442,1,0.04
1606,59910,18,0.919,0.9190753397861814,1,0.05555555555555555
1607,59924,14,0.9369999999999999,0.9370872761657042,1,0.07142857142857142
1608,59938,14,0.9369999999999999,0.937108629125737,1,0.07142857142857142
1609,59952,14,0.9369999999999999,0.937062404232072,1,0.07142857142857142
1610,59976,24,0.892,0.8921260141898624,1,0.041666666666666664
1611,60006,30,0.865,0.8650913512064596,1,0.03333333333333333
1612,60020,14,0.9369999999999999,0.9370587606121982,1,0.07142857142857142
1613,60034,14,0.9369999999999999,0.9370767824657846,1,0.07142857142857142
1614,60050,16,0.9279999999999999,0.9280816752237708,1,0.0625
1615,60064,14,0.9369999999999999,0.9370794002887955,1,0.07142857142857142
1616,60078,14,0.9369999999999999,0.9370597787341486,1,0.07142857142857142
1617,60094,16,0.9279999999999999,0.9281138487383053,1,0.0625
1618,60108,14,0.9369999999999999,0.9370657256885151,1,0.07142857142857142
1619,60124,16,0.9279999999999999,0.928060042878766,1,0.0625
1620,60138,14,0.9369999999999999,0.9370569074492836,1,0.07142857142857142
1621,60152,14,0.9369999999999999,0.9371452346658817,1,0.07142857142857142
1622,60166,14,0.9369999999999999,0.9370699830886101,1,0.07142857142857142
1623,60180,14,0.9369999999999999,0.937059654874491,1,0.07142857142857142
1624,60194,14,0.9369999999999999,0.9370842182670993,1,0.07142857142857142
1625,60208,14,0.9369999999999999,0.9370601572649414,1,0.07142857142857142
1626,60224,16,0.9279999999999999,0.928040872090349,1,0.0625
1627,60240,16,0.9279999999999999,0.928064003023347,1,0.0625
1628,60258,18,0.919,0.9190784792982543,1,0.05555555555555555
1629,60278,20,0.91,0.9102078091346605,1,0.15
1630,60292,14,0.9369999999999999,0.9370981925475581,1,0.07142857142857142
1631,60306,14,0.9369999999999999,0.9371430778394558,1,0.07142857142857142
1632,60320,14,0.9369999999999999,0.9370627413088861,1,0.07142857142857142
1633,60336,16,0.9279999999999999,0.9280692356401653,1,0.0625
1634,60350,14,0.9369999999999999,0.9370865703834274,1,0.07142857142857142
1635,60364,14,0.9369999999999999,0.9370820323007594,1,0.07142857142857142
1636,60378,14,0.9369999999999999,0.9370798461876148,1,0.07142857142857142
1637,60392,14,0.9369999999999999,0.9370947373867556,1,0.07142857142857142
1638,60408,16,0.9279999999999999,0.9280671130419468,1,0.0625
1639,60424,16,0.9279999999999999,0.9280982643670607,1,0.0625
1640,60438,14,0.9369999999999999,0.9371105787716305,1,0.07142857142857142
1641,60456,18,0.919,0.9190554691598393,1,0.05555555555555555
1642,60470,14,0.9369999999999999,0.9370896488456011,1,0.07142857142857142
1643,60484,14,0.9369999999999999,0.9371114255639059,1,0.07142857142857142
1644,60501,17,0.9235,0.923561148167559,1,0.058823529411764705
1645,60515,14,0.9369999999999999,0.9370625468095031,1,0.07142857142857142
1646,60529,14,0.9369999999999999,0.9370701234412459,1,0.07142857142857142
1647,60547,18,0.919,0.9190616923515114,1,0.05555555555555555
1648,60561,14,0.9369999999999999,0.9371089759697739,1,0.07142857142857142
1649,60575,14,0.9369999999999999,0.9370579094556277,1,0.07142857142857142
1650,60589,14,0.9369999999999999,0.9370527189456607,1,0.07142857142857142
1651,60603,14,0.9369999999999999,0.9370473270946121,1,0.07142857142857142
1652,60619,16,0.9279999999999999,0.9280471208718932,1,0.0625
1653,60633,14,0.9369999999999999,0.9370794320280624,1,0.07142857142857142
1654,60647,14,0.9369999999999999,0.9370714416988744,1,0.07142857142857142
1655,60661,14,0.9369999999999999,0.9370914303070423,1,0.07142857142857142
1656,60677,16,0.9279999999999999,0.9280521133561483,1,0.0625
1657,60693,16,0.9279999999999999,0.9280808781408747,1,0.0625
1658,60707,14,0.9369999999999999,0.9370849198922877,1,0.07142857142857142
1659,60725,18,0.919,0.9190665336211316,1,0.05555555555555555
1660,60739,14,0.9369999999999999,0.9370521782232452,1,0.07142857142857142
1661,60755,16,0.9279999999999999,0.9280789866895672,1,0.0625
1662,60769,14,0.9369999999999999,0.937098285351969,1,0.07142857142857142
1663,60783,14,0.9369999999999999,0.9370554348723277,1,0.07142857142857142
1664,60799,16,0.9279999999999999,0.9282583576102159,1,0.1875
1665,60813,14,0.9369999999999999,0.9370788843968793,1,0.07142857142857142
1666,60829,16,0.9279999999999999,0.9280563871008383,1,0.0625
1667,60847,18,0.919,0.9191110810100385,1,0.05555555555555555
1668,60861,14,0.9369999999999999,0.9370751725362823,1,0.07142857142857142
1669,60875,14,0.9369999999999999,0.9370822844568407,1,0.07142857142857142
1670,60889,14,0.9369999999999999,0.9370613993804192,1,0.07142857142857142
1671,60903,14,0.9369999999999999,0.9370710359563273,1,0.07142857142857142
1672,60917,14,0.9369999999999999,0.9370558660114442,1,0.07142857142857142
1673,60931,14,0.9369999999999999,0.9370625970460035,1,0.07142857142857142
1674,60947,16,0.9279999999999999,0.9281050529664303,1,0.0625
1675,60961,14,0.9369999999999999,0.937095101198112,1,0.07142857142857142
1676,60975,14,0.9369999999999999,0.937113834711155,1,0.07142857142857142
1677,60989,14,0.9369999999999999,0.9370612874229747,1,0.07142857142857142
1678,61003,14,0.9369999999999999,0.937085948345456,1,0.07142857142857142
1679,61017,14,0.9369999999999999,0.9370740821174222,1,0.07142857142857142
1680,61037,20,0.91,0.9101420315385282,1,0.05
1681,61051,14,0.9369999999999999,0.9370533912986255,1,0.07142857142857142
1682,61067,16,0.9279999999999999,0.9281093768610835,1,0.0625
1683,61081,14,0.9369999999999999,0.9370723039426999,1,0.07142857142857142
1684,61095,14,0.9369999999999999,0.9371176563932493,1,0.07142857142857142
1685,61111,16,0.9279999999999999,0.9280700936309985,1,0.0625
1686,61131,20,0.91,0.910068649223013,1,0.05
1687,61153,22,0.901,0.9013008894243661,1,0.13636363636363635
1688,61172,19,0.9145,0.9146371587066626,1,0.05263157894736842
1689,61190,18,0.919,0.9190875233008354,1,0.05555555555555555
1690,61204,14,0.9369999999999999,0.9370635542957735,1,0.07142857142857142
1691,61218,14,0.9369999999999999,0.9371252482499168,1,0.07142857142857142
1692,61232,14,0.9369999999999999,0.9370724092469271,1,0.07142857142857142
1693,61246,14,0.9369999999999999,0.9371369351247442,1,0.07142857142857142
1694,61260,14,0.9369999999999999,0.937070342977686,1,0.07142857142857142
1695,61274,14,0.9369999999999999,0.9370719622038456,1,0.07142857142857142
1696,61290,16,0.9279999999999999,0.9283505762504949,1,0.1875
1697,61306,16,0.9279999999999999,0.9280957573196504,1,0.0625
1698,61320,14,0.9369999999999999,0.9371063226420372,1,0.07142857142857142
1699,61342,22,0.901,0.9010554813097644,1,0.045454545454545456
1700,61358,16,0.9279999999999999,0.9280901978503409,1,0.0625
1701,61396,38,0.829,0.829117308100516,1,0.02631578947368421
1702,61411,15,0.9325,0.932595321944011,1,0.06666666666666667
1703,61425,14,0.9369999999999999,0.9370832726953521,1,0.07142857142857142
1704,61439,14,0.9369999999999999,0.9370664062508888,1,0.07142857142857142
1705,61453,14,0.9369999999999999,0.9370559656885887,1,0.07142857142857142
1706,61473,20,0.91,0.9100670148252853,1,0.05
1707,61504,31,0.8605,0.8605790264404594,1,0.03225806451612903
1708,61518,14,0.9369999999999999,0.9371338234987795,1,0.07142857142857142
1709,61532,14,0.9369999999999999,0.9370497570835573,1,0.07142857142857142
1710,61548,16,0.9279999999999999,0.9280702760373902,1,0.0625
1711,61566,18,0.919,0.919056180763175,1,0.05555555555555555
1712,61586,20,0.91,0.9103383406083467,1,0.15
1713,61600,14,0.9369999999999999,0.9370642720713348,1,0.07142857142857142
1714,61614,14,0.9369999999999999,0.9370476081120567,1,0.07142857142857142
1715,61646,32,0.856,0.8560708917667986,1,0.03125
1716,61660,14,0.9369999999999999,0.9370504390507518,1,0.07142857142857142
1717,61674,14,0.9369999999999999,0.9370593447704034,1,0.07142857142857142
1718,61692,18,0.919,0.9193198334304722,1,0.16666666666666666
1719,61708,16,0.9279999999999999,0.9280646279129415,1,0.0625
1720,61722,14,0.9369999999999999,0.9370548810372759,1,0.07142857142857142
1721,61737,15,0.9325,0.9325507539469783,1,0.06666666666666667
1722,61753,16,0.9279999999999999,0.9280570885701716,1,0.0625
1723,61771,18,0.919,0.9190784956926684,1,0.05555555555555555
1724,61785,14,0.9369999999999999,0.9370687508146373,1,0.07142857142857142
1725,61801,16,0.9279999999999999,0.9280421547459136,1,0.0625
1726,61873,72,0.6759999999999999,0.6761484187724154,1,0.013888888888888888
1727,61887,14,0.9369999999999999,0.9370502795900375,1,0.07142857142857142
1728,61901,14,0.9369999999999999,0.9370850484416334,1,0.07142857142857142
1729,61927,26,0.883,0.8831071864709779,1,0.038461538461538464
1730,61941,14,0.9369999999999999,0.9370839676974734,1,0.07142857142857142
1731,61955,14,0.9369999999999999,0.9371179636452581,1,0.07142857142857142
1732,61981,26,0.883,0.8830822355556779,1,0.038461538461538464
1733,61999,18,0.919,0.9190596161736019,1,0.05555555555555555
1734,62017,18,0.919,0.9197315480783015,1,0.2777777777777778
1735,62031,14,0.9369999999999999,0.9370754355603594,1,0.07142857142857142
1736,62045,14,0.9369999999999999,0.9370657766617205,1,0.07142857142857142
1737,62059,14,0.9369999999999999,0.9371338066079534,1,0.07142857142857142
1738,62075,16,0.9279999999999999,0.9280974785826669,1,0.0625
1739,62089,14,0.9369999999999999,0.937040595919261,1,0.07142857142857142
1740,62103,14,0.9369999999999999,0.9370813109293763,1,0.07142857142857142
1741,62119,16,0.9279999999999999,0.9282302928336627,1,0.1875
1742,62133,14,0.9369999999999999,0.9370983857059348,1,0.07142857142857142
1743,62151,18,0.919,0.9193148486052094,1,0.16666666666666666
1744,62165,14,0.9369999999999999,0.9370990328094451,1,0.07142857142857142
1745,62183,18,0.919,0.9195182509950711,1,0.2777777777777778
1746,62199,16,0.9279999999999999,0.9280981333862895,1,0.0625
1747,62213,14,0.9369999999999999,0.9370984567427539,1,0.07142857142857142
1748,62227,14,0.9369999999999999,0.937053560622752,1,0.07142857142857142
1749,62241,14,0.9369999999999999,0.9370758922706286,1,0.07142857142857142
1750,62255,14,0.9369999999999999,0.9370442674319602,1,0.07142857142857142
1751,62269,14,0.9369999999999999,0.9370699263353155,1,0.07142857142857142
1752,62283,14,0.9369999999999999,0.9370807478145905,1,0.07142857142857142
1753,62299,16,0.9279999999999999,0.9282293513450638,1,0.1875
1754,62313,14,0.9369999999999999,0.9370770958181127,1,0.07142857142857142
1755,62327,14,0.9369999999999999,0.9370722934265076,1,0.07142857142857142
1756,62341,14,0.9369999999999999,0.9370467827236396,1,0.07142857142857142
1757,62355,14,0.9369999999999999,0.9370753091640166,1,0.07142857142857142
1758,62371,16,0.9279999999999999,0.9280969067616388,1,0.0625
1759,62385,14,0.9369999999999999,0.9370712707428811,1,0.07142857142857142
1760,62399,14,0.9369999999999999,0.9370394294204021,1,0.07142857142857142
1761,62413,14,0.9369999999999999,0.9370421335414907,1,0.07142857142857142
1762,62427,14,0.9369999999999999,0.9370752967571319,1,0.07142857142857142
1763,62441,14,0.9369999999999999,0.9370787327070202,1,0.07142857142857142
1764,62455,14,0.9369999999999999,0.9370544275797261,1,0.07142857142857142
1765,62469,14,0.9369999999999999,0.9370377111021001,1,0.07142857142857142
1766,62485,16,0.9279999999999999,0.9280745373924104,1,0.0625
1767,62499,14,0.9369999999999999,0.9371041160643061,1,0.07142857142857142
1768,62517,18,0.919,0.9190635984248373,1,0.05555555555555555
1769,62531,14,0.9369999999999999,0.937091527816405,1,0.07142857142857142
1770,62545,14,0.9369999999999999,0.9371700695719576,1,0.07142857142857142
1771,62559,14,0.9369999999999999,0.9370431774382558,1,0.07142857142857142
1772,62573,14,0.9369999999999999,0.9370886165955854,1,0.07142857142857142
1773,62587,14,0.9369999999999999,0.9370670754987771,1,0.07142857142857142
1774,62601,14,0.9369999999999999,0.9370928384548908,1,0.07142857142857142
1775,62617,16,0.9279999999999999,0.9280628854143633,1,0.0625
1776,62631,14,0.9369999999999999,0.9370433761345882,1,0.07142857142857142
1777,62649,18,0.919,0.9190832999649615,1,0.05555555555555555
1778,62665,16,0.9279999999999999,0.9280474321519575,1,0.0625
1779,62683,18,0.919,0.9190669053706881,1,0.05555555555555555
1780,62697,14,0.9369999999999999,0.9370902504251442,1,0.07142857142857142
1781,62711,14,0.9369999999999999,0.9371140306524488,1,0.07142857142857142
1782,62727,16,0.9279999999999999,0.9280709787952343,1,0.0625
1783,62741,14,0.9369999999999999,0.9370712379226963,1,0.07142857142857142
1784,62778,37,0.8335,0.8336472627788645,1,0.02702702702702703
1785,62792,14,0.9369999999999999,0.9370700417498623,1,0.07142857142857142
1786,62806,14,0.9369999999999999,0.9370945630571768,1,0.07142857142857142
1787,62821,15,0.9325,0.9325678345269951,1,0.06666666666666667
1788,62835,14,0.9369999999999999,0.9370656079978804,1,0.07142857142857142
1789,62851,16,0.9279999999999999,0.9280716344140081,1,0.0625
1790,62865,14,0.9369999999999999,0.9370593585394931,1,0.07142857142857142
1791,62881,16,0.9279999999999999,0.9280715470374121,1,0.0625
1792,62895,14,0.9369999999999999,0.9370790684355863,1,0.07142857142857142
1793,62909,14,0.9369999999999999,0.93705944963679,1,0.07142857142857142
1794,62923,14,0.9369999999999999,0.9370615563256642,1,0.07142857142857142
1795,62937,14,0.9369999999999999,0.9370553949361227,1,0.07142857142857142
1796,62951,14,0.9369999999999999,0.9370600372281256,1,0.07142857142857142
1797,62965,14,0.9369999999999999,0.9370511747679587,1,0.07142857142857142
1798,62983,18,0.919,0.9192547022482872,1,0.16666666666666666
1799,62997,14,0.9369999999999999,0.937038760388443,1,0.07142857142857142
1800,63027,30,0.865,0.8650856373033585,1,0.03333333333333333
1801,63045,18,0.919,0.9190696727469478,1,0.05555555555555555
1802,63061,16,0.9279999999999999,0.9280670191582354,1,0.0625
1803,63087,26,0.883,0.8830563117544379,1,0.038461538461538464
1804,63111,24,0.892,0.8920756288132886,1,0.041666666666666664
1805,63137,26,0.883,0.883092960898067,1,0.038461538461538464
1806,63157,20,0.91,0.9100807914847031,1,0.05
1807,63213,56,0.748,0.7482048548358241,1,0.017857142857142856
1808,63248,35,0.8425,0.8425790327991489,1,0.02857142857142857
1809,63264,16,0.9279999999999999,0.9280818476526999,1,0.0625
1810,63278,14,0.9369999999999999,0.937094056367724,1,0.07142857142857142
1811,63294,16,0.9279999999999999,0.9280650475381339,1,0.0625
1812,63308,14,0.9369999999999999,0.937082618187507,1,0.07142857142857142
1813,63324,16,0.9279999999999999,0.928058918509622,1,0.0625
1814,63344,20,0.91,0.9104661052160424,1,0.25
1815,63369,25,0.8875,0.8875762519655223,1,0.04
1816,63389,20,0.91,0.9100991010302405,1,0.05
1817,63403,14,0.9369999999999999,0.9370918222534563,1,0.07142857142857142
1818,63423,20,0.91,0.9102565447752713,1,0.15
1819,63440,17,0.9235,0.9235764027538107,1,0.058823529411764705
1820,63454,14,0.9369999999999999,0.9370715230345706,1,0.07142857142857142
1821,63468,14,0.9369999999999999,0.9370493064343368,1,0.07142857142857142
1822,63482,14,0.9369999999999999,0.9370687918098606,1,0.07142857142857142
1823,63498,16,0.9279999999999999,0.9280799765909409,1,0.0625
1824,63514,16,0.9279999999999999,0.9280528196248191,1,0.0625
1825,63530,16,0.9279999999999999,0.928074451703795,1,0.0625
1826,63544,14,0.9369999999999999,0.9370617119752039,1,0.07142857142857142
1827,63566,22,0.901,0.9011643037761526,1,0.045454545454545456
1828,63583,17,0.9235,0.9235795073710785,1,0.058823529411764705
1829,63597,14,0.9369999999999999,0.9370742009857858,1,0.07142857142857142
1830,63611,14,0.9369999999999999,0.9370540111210943,1,0.07142857142857142
1831,63629,18,0.919,0.9191172109089376,1,0.05555555555555555
1832,63643,14,0.9369999999999999,0.9371038385887724,1,0.07142857142857142
1833,63659,16,0.9279999999999999,0.9280574811381794,1,0.0625
1834,63673,14,0.9369999999999999,0.9370470614140101,1,0.07142857142857142
1835,63689,16,0.9279999999999999,0.9281793412646155,1,0.0625
1836,63755,66,0.703,0.7034501130304325,1,0.045454545454545456
1837,63781,26,0.883,0.8830783557835966,1,0.038461538461538464
1838,63797,16,0.9279999999999999,0.9280461055472893,1,0.0625
1839,63811,14,0.9369999999999999,0.9370851251495832,1,0.07142857142857142
1840,63825,14,0.9369999999999999,0.9370429584672634,1,0.07142857142857142
1841,63839,14,0.9369999999999999,0.9371503338936865,1,0.07142857142857142
1842,63855,16,0.9279999999999999,0.9281180248828206,1,0.0625
1843,63869,14,0.9369999999999999,0.9370555647265447,1,0.07142857142857142
1844,63885,16,0.9279999999999999,0.9280497342345229,1,0.0625
1845,63903,18,0.919,0.9190574827812423,1,0.05555555555555555
1846,63917,14,0.9369999999999999,0.937062015806034,1,0.07142857142857142
1847,63931,14,0.9369999999999999,0.9370722635991153,1,0.07142857142857142
1848,63945,14,0.9369999999999999,0.9370740833646226,1,0.07142857142857142
1849,63967,22,0.901,0.9010690635028175,1,0.045454545454545456
1850,64005,38,0.829,0.829088686306853,1,0.02631578947368421
1851,64023,18,0.919,0.9190615631701525,1,0.05555555555555555
1852,64037,14,0.9369999999999999,0.9370605807118954,1,0.07142857142857142
1853,64053,16,0.9279999999999999,0.9282233283196674,1,0.1875
1854,64067,14,0.9369999999999999,0.9370580131093705,1,0.07142857142857142
1855,64081,14,0.9369999999999999,0.937052150074383,1,0.07142857142857142
1856,64095,14,0.9369999999999999,0.9370567443698792,1,0.07142857142857142
1857,64117,22,0.901,0.9010405777572594,1,0.045454545454545456
1858,64141,24,0.892,0.8920787773445882,1,0.041666666666666664
1859,64166,25,0.8875,0.8878142080661325,1,0.2
1860,64190,24,0.892,0.8921055890022012,1,0.041666666666666664
1861,64204,14,0.9369999999999999,0.9370929635134082,1,0.07142857142857142
1862,64218,14,0.9369999999999999,0.9370627634937494,1,0.07142857142857142
1863,64232,14,0.9369999999999999,0.937095284751966,1,0.07142857142857142
1864,64246,14,0.9369999999999999,0.9371104886141978,1,0.07142857142857142
1865,64270,24,0.892,0.8930240374972889,1,0.375
1866,64284,14,0.9369999999999999,0.9370500325391556,1,0.07142857142857142
1867,64307,23,0.8965,0.8965891187772554,1,0.043478260869565216
1868,64323,16,0.9279999999999999,0.928048010736053,1,0.0625
1869,64339,16,0.9279999999999999,0.9280567575018143,1,0.0625
1870,64357,18,0.919,0.9192282707251386,1,0.16666666666666666
1871,64371,14,0.9369999999999999,0.9371236140093615,1,0.07142857142857142
1872,64395,24,0.892,0.8929451281026183,1,0.375
1873,64411,16,0.9279999999999999,0.9280794713779187,1,0.0625
1874,64427,16,0.9279999999999999,0.9282380886747662,1,0.1875
1875,64443,16,0.9279999999999999,0.9282460568549759,1,0.1875
1876,64457,14,0.9369999999999999,0.9370413367687398,1,0.07142857142857142
1877,64475,18,0.919,0.9196769185176913,1,0.2777777777777778
1878,64493,18,0.919,0.919408720021604,1,0.2777777777777778
1879,64519,26,0.883,0.884173410210673,1,0.5
1880,64535,16,0.9279999999999999,0.9281855304690783,1,0.1875
1881,64549,14,0.9369999999999999,0.9370845849093892,1,0.07142857142857142
1882,64565,16,0.9279999999999999,0.9281032308177269,1,0.0625
1883,64579,14,0.9369999999999999,0.9370432138974584,1,0.07142857142857142
1884,64595,16,0.9279999999999999,0.9282162812595973,1,0.1875
1885,64613,18,0.919,0.9195363634821525,1,0.2777777777777778
1886,64629,16,0.9279999999999999,0.9282686785289299,1,0.1875
1887,64648,19,0.9145,0.9145980559994946,1,0.05263157894736842
1888,64666,18,0.919,0.9191942441403559,1,0.16666666666666666
1889,64680,14,0.9369999999999999,0.937067867726378,1,0.07142857142857142
1890,64706,26,0.883,0.8843788186847752,1,0.5
1891,64720,14,0.9369999999999999,0.9370951635826079,1,0.07142857142857142
1892,64744,24,0.892,0.8924001374618268,1,0.125
1893,64784,40,0.82,0.8204525452231024,1,0.125
1894,64798,14,0.9369999999999999,0.9370712864596792,1,0.07142857142857142
1895,64812,14,0.9369999999999999,0.9370786134435086,1,0.07142857142857142
1896,64828,16,0.9279999999999999,0.9281733771239113,1,0.1875
1897,64844,16,0.9279999999999999,0.9281281944672889,1,0.0625
1898,64868,24,0.892,0.8924914139914607,1,0.2916666666666667
1899,64882,14,0.9369999999999999,0.9370549085452613,1,0.07142857142857142
1900,64898,16,0.9279999999999999,0.9282461140065492,1,0.1875
1901,64912,14,0.9369999999999999,0.9370595909151662,1,0.07142857142857142
1902,64932,20,0.91,0.9106956265514419,1,0.35
1903,64946,14,0.9369999999999999,0.9370605783276347,1,0.07142857142857142
1904,64962,16,0.9279999999999999,0.9280668444502799,1,0.0625
1905,64982,20,0.91,0.9107433450162995,1,0.25
1906,64998,16,0.9279999999999999,0.9280581969948196,1,0.0625
1907,65030,32,0.856,0.8568144142589963,1,0.28125
1908,65044,14,0.9369999999999999,0.9370587885206124,1,0.07142857142857142
1909,65060,16,0.9279999999999999,0.9281058399925387,1,0.0625
1910,65074,14,0.9369999999999999,0.937054876736675,1,0.07142857142857142
1911,65092,18,0.919,0.9194470178887626,1,0.2777777777777778
1912,65106,14,0.9369999999999999,0.9370536034926296,1,0.07142857142857142
1913,65131,25,0.8875,0.8877247564558097,1,0.12
1914,65145,14,0.9369999999999999,0.9370344136331589,1,0.07142857142857142
1915,65163,18,0.919,0.9190629730948444,1,0.05555555555555555
1916,65177,14,0.9369999999999999,0.9370495921881068,1,0.07142857142857142
1917,65191,14,0.9369999999999999,0.9370683228400829,1,0.07142857142857142
1918,65209,18,0.919,0.9190824059701526,1,0.05555555555555555
1919,65229,20,0.91,0.9100595567944293,1,0.05
1920,65243,14,0.9369999999999999,0.9371530462490965,1,0.07142857142857142
1921,65257,14,0.9369999999999999,0.9370514163750558,1,0.07142857142857142
1922,65273,16,0.9279999999999999,0.9282887807163624,1,0.1875
1923,65289,16,0.9279999999999999,0.9280546749627283,1,0.0625
1924,65303,14,0.9369999999999999,0.9371018527209142,1,0.07142857142857142
1925,65317,14,0.9369999999999999,0.9370970587798992,1,0.07142857142857142
1926,65331,14,0.9369999999999999,0.9371076412089031,1,0.07142857142857142
1927,65345,14,0.9369999999999999,0.9370713671837273,1,0.07142857142857142
1928,65359,14,0.9369999999999999,0.937134839188859,1,0.07142857142857142
1929,65373,14,0.9369999999999999,0.9370726645679752,1,0.07142857142857142
1930,65387,14,0.9369999999999999,0.9370694025334895,1,0.07142857142857142
1931,65403,16,0.9279999999999999,0.9280688951463378,1,0.0625
1932,65417,14,0.9369999999999999,0.9370849051175547,1,0.07142857142857142
1933,65431,14,0.9369999999999999,0.9370469227242018,1,0.07142857142857142
1934,65445,14,0.9369999999999999,0.9370573102478654,1,0.07142857142857142
1935,65459,14,0.9369999999999999,0.9370393601563133,1,0.07142857142857142
1936,65473,14,0.9369999999999999,0.9370748388313223,1,0.07142857142857142
1937,65487,14,0.9369999999999999,0.9370602514103983,1,0.07142857142857142
1938,65503,16,0.9279999999999999,0.9281280183973544,1,0.0625
1939,65519,16,0.9279999999999999,0.9280990627105616,1,0.0625
1940,65533,14,0.9369999999999999,0.9370882801931439,1,0.07142857142857142
1941,65549,16,0.9279999999999999,0.9280533520453604,1,0.0625
1942,65563,14,0.9369999999999999,0.9370641195005195,1,0.07142857142857142
1943,65590,27,0.8785,0.8785570429056383,1,0.037037037037037035
1944,65606,16,0.9279999999999999,0.9280556101201926,1,0.0625
1945,65620,14,0.9369999999999999,0.9370803329613093,1,0.07142857142857142
1946,65634,14,0.9369999999999999,0.9370605099861434,1,0.07142857142857142
1947,65648,14,0.9369999999999999,0.937071042165378,1,0.07142857142857142
1948,65664,16,0.9279999999999999,0.9281054153465568,1,0.0625
1949,65682,18,0.919,0.9190545476746416,1,0.05555555555555555
1950,65698,16,0.9279999999999999,0.9280640415961791,1,0.0625
1951,65712,14,0.9369999999999999,0.9370556529773142,1,0.07142857142857142
1952,65726,14,0.9369999999999999,0.9371146544713639,1,0.07142857142857142
1953,65742,16,0.9279999999999999,0.9282703062562779,1,0.1875
1954,65756,14,0.9369999999999999,0.9370981647291626,1,0.07142857142857142
1955,65772,16,0.9279999999999999,0.9280382698517156,1,0.0625
1956,65786,14,0.9369999999999999,0.9370888293079118,1,0.07142857142857142
1957,65800,14,0.9369999999999999,0.9371674901807522,1,0.07142857142857142
1958,65814,14,0.9369999999999999,0.9370743998131131,1,0.07142857142857142
1959,65830,16,0.9279999999999999,0.9280562176409541,1,0.0625
1960,65844,14,0.9369999999999999,0.9370396798637104,1,0.07142857142857142
1961,65858,14,0.9369999999999999,0.9370785885088893,1,0.07142857142857142
1962,65872,14,0.9369999999999999,0.9370688227727315,1,0.07142857142857142
1963,65888,16,0.9279999999999999,0.9280677388875687,1,0.0625
1964,65902,14,0.9369999999999999,0.9370794511961199,1,0.07142857142857142
1965,65916,14,0.9369999999999999,0.9370472072352326,1,0.07142857142857142
1966,65930,14,0.9369999999999999,0.9370525973323133,1,0.07142857142857142
1967,65944,14,0.9369999999999999,0.9372307977925138,1,0.07142857142857142
1968,65958,14,0.9369999999999999,0.9371471802094963,1,0.07142857142857142
1969,65974,16,0.9279999999999999,0.9280655552627348,1,0.0625
1970,65988,14,0.9369999999999999,0.9370800863068237,1,0.07142857142857142
1971,66004,16,0.9279999999999999,0.9280484255673266,1,0.0625
1972,66018,14,0.9369999999999999,0.9370692699625727,1,0.07142857142857142
1973,66059,41,0.8155,0.8155904441569448,1,0.024390243902439025
1974,66075,16,0.9279999999999999,0.928053523879745,1,0.0625
1975,66089,14,0.9369999999999999,0.9370716008751254,1,0.07142857142857142
1976,66111,22,0.901,0.9010527898658194,1,0.045454545454545456
1977,66139,28,0.874,0.8741138514947798,1,0.03571428571428571
1978,66168,29,0.8694999999999999,0.8695812340386633,1,0.034482758620689655
1979,66182,14,0.9369999999999999,0.9370533267789813,1,0.07142857142857142
1980,66202,20,0.91,0.9100874578171433,1,0.05
1981,66220,18,0.919,0.9190522791853111,1,0.05555555555555555
1982,66242,22,0.901,0.9010551925022371,1,0.045454545454545456
1983,66264,22,0.901,0.9010818411298933,1,0.045454545454545456
1984,66286,22,0.901,0.901105221288409,1,0.045454545454545456
1985,66300,14,0.9369999999999999,0.9370956391764406,1,0.07142857142857142
1986,66374,74,0.667,0.6671632803999741,1,0.013513513513513514
1987,66394,20,0.91,0.9102049594738151,1,0.15
1988,66410,16,0.9279999999999999,0.9281227643947355,1,0.0625
1989,66426,16,0.9279999999999999,0.9280835765570252,1,0.0625
1990,66442,16,0.9279999999999999,0.928129338874019,1,0.0625
1991,66466,24,0.892,0.8920765568935558,1,0.041666666666666664
1992,66486,20,0.91,0.9100698304720818,1,0.05
1993,66500,14,0.9369999999999999,0.937084219672087,1,0.07142857142857142
1994,66518,18,0.919,0.9190670043561306,1,0.05555555555555555
1995,66541,23,0.8965,0.8965722110773796,1,0.043478260869565216
1996,66563,22,0.901,0.9010681010370747,1,0.045454545454545456
1997,66607,44,0.802,0.8021010657216376,1,0.022727272727272728
1998,66635,28,0.874,0.8740562703896869,1,0.03571428571428571
1999,66653,18,0.919,0.919284341698355,1,0.16666666666666666
2000,66667,14,0.9369999999999999,0.9370620165733067,1,0.07142857142857142
2001,66682,15,0.9325,0.9325747277994568,1,0.06666666666666667
2002,66698,16,0.9279999999999999,0.9280530905537787,1,0.0625
2003,66716,18,0.919,0.919132582070899,1,0.05555555555555555
2004,66736,20,0.91,0.9100463907808654,1,0.05
2005,66750,14,0.9369999999999999,0.9370848861452188,1,0.07142857142857142
2006,66802,52,0.766,0.7661057495647672,1,0.019230769230769232
2007,66846,44,0.802,0.8021251576493535,1,0.022727272727272728
2008,66860,14,0.9369999999999999,0.9370727854376218,1,0.07142857142857142
2009,66874,14,0.9369999999999999,0.9371161806776501,1,0.07142857142857142
2010,66890,16,0.9279999999999999,0.9280990485583839,1,0.0625
2011,66924,34,0.847,0.847134378696682,1,0.029411764705882353
2012,66938,14,0.9369999999999999,0.937061179686475,1,0.07142857142857142
2013,66955,17,0.9235,0.9236060708213226,1,0.058823529411764705
2014,66973,18,0.919,0.919060380434283,1,0.05555555555555555
2015,66989,16,0.9279999999999999,0.9283749967207271,1,0.1875
2016,67003,14,0.9369999999999999,0.9370576154014394,1,0.07142857142857142
2017,67021,18,0.919,0.9190682999173168,1,0.05555555555555555
2018,67035,14,0.9369999999999999,0.9370710182359391,1,0.07142857142857142
2019,67051,16,0.9279999999999999,0.9280598628903163,1,0.0625
2020,67065,14,0.9369999999999999,0.9370368890208978,1,0.07142857142857142
2021,67079,14,0.9369999999999999,0.937078514039945,1,0.07142857142857142
2022,67095,16,0.9279999999999999,0.9280547644777453,1,0.0625
2023,67113,18,0.919,0.9190911878405557,1,0.05555555555555555
2024,67127,14,0.9369999999999999,0.9370770312958844,1,0.07142857142857142
2025,67141,14,0.9369999999999999,0.9370794437597155,1,0.07142857142857142
2026,67157,16,0.9279999999999999,0.9280809079192164,1,0.0625
2027,67171,14,0.9369999999999999,0.9370498434902154,1,0.07142857142857142
2028,67185,14,0.9369999999999999,0.9370548026057014,1,0.07142857142857142
2029,67203,18,0.919,0.9190499491533544,1,0.05555555555555555
2030,67219,16,0.9279999999999999,0.9280621591670323,1,0.0625
2031,67233,14,0.9369999999999999,0.937064305207128,1,0.07142857142857142
2032,67247,14,0.9369999999999999,0.937084416020244,1,0.07142857142857142
2033,67273,26,0.883,0.8832183648279288,1,0.11538461538461539
2034,67287,14,0.9369999999999999,0.9370790108038409,1,0.07142857142857142
2035,67301,14,0.9369999999999999,0.9370672168944534,1,0.07142857142857142
2036,67317,16,0.9279999999999999,0.928101548872918,1,0.0625
2037,67331,14,0.9369999999999999,0.9370968223736468,1,0.07142857142857142
2038,67347,16,0.9279999999999999,0.9280699504866596,1,0.0625
2039,67361,14,0.9369999999999999,0.9370817995168201,1,0.07142857142857142
2040,67377,16,0.9279999999999999,0.9280582848902069,1,0.0625
2041,67391,14,0.9369999999999999,0.9370521278185002,1,0.07142857142857142
2042,67405,14,0.9369999999999999,0.9370407981635851,1,0.07142857142857142
2043,67419,14,0.9369999999999999,0.9371047666444693,1,0.07142857142857142
2044,67433,14,0.9369999999999999,0.9370663690369148,1,0.07142857142857142
2045,67470,37,0.8335,0.8335620009830077,1,0.02702702702702703
2046,67484,14,0.9369999999999999,0.93707993270163,1,0.07142857142857142
2047,67499,15,0.9325,0.9325702711116066,1,0.06666666666666667
2048,67513,14,0.9369999999999999,0.9370644161211479,1,0.07142857142857142
2049,67527,14,0.9369999999999999,0.9370866906316345,1,0.07142857142857142
2050,67541,14,0.9369999999999999,0.9370512523126633,1,0.07142857142857142
2051,67584,43,0.8065,0.8065886981184429,1,0.023255813953488372
2052,67598,14,0.9369999999999999,0.9370798466669759,1,0.07142857142857142
2053,67614,16,0.9279999999999999,0.9280943400962135,1,0.0625
2054,67628,14,0.9369999999999999,0.9370416916975816,1,0.07142857142857142
2055,67642,14,0.9369999999999999,0.9370338200246618,1,0.07142857142857142
2056,67656,14,0.9369999999999999,0.9370654183660422,1,0.07142857142857142
2057,67670,14,0.9369999999999999,0.9370430864316842,1,0.07142857142857142
2058,67704,34,0.847,0.8470715673975039,1,0.029411764705882353
2059,67718,14,0.9369999999999999,0.937048016510007,1,0.07142857142857142
2060,67746,28,0.874,0.8742334926333919,1,0.10714285714285714
2061,67760,14,0.9369999999999999,0.937117885449096,1,0.07142857142857142
2062,67774,14,0.9369999999999999,0.9370543004478032,1,0.07142857142857142
2063,67801,27,0.8785,0.8785626429293645,1,0.037037037037037035
2064,67815,14,0.9369999999999999,0.9370722239269272,1,0.07142857142857142
2065,67843,28,0.874,0.8740639481756174,1,0.03571428571428571
2066,67871,28,0.874,0.8740715911962168,1,0.03571428571428571
2067,67887,16,0.9279999999999999,0.9280539420208183,1,0.0625
2068,67903,16,0.9279999999999999,0.9281770006053793,1,0.1875
2069,67917,14,0.9369999999999999,0.9370771005966045,1,0.07142857142857142
2070,67933,16,0.9279999999999999,0.9283153798009695,1,0.1875
2071,67947,14,0.9369999999999999,0.9370422254254982,1,0.07142857142857142
2072,67961,14,0.9369999999999999,0.9370478410329063,1,0.07142857142857142
2073,67977,16,0.9279999999999999,0.9281629510701574,1,0.0625
2074,67997,20,0.91,0.9100679384352951,1,0.05
2075,68011,14,0.9369999999999999,0.937055666329625,1,0.07142857142857142
2076,68025,14,0.9369999999999999,0.9371030952549672,1,0.07142857142857142
2077,68039,14,0.9369999999999999,0.9370599584469387,1,0.07142857142857142
2078,68055,16,0.9279999999999999,0.9282254527972208,1,0.1875
2079,68077,22,0.901,0.9010697355843694,1,0.045454545454545456
2080,68091,14,0.9369999999999999,0.9370353854112533,1,0.07142857142857142
2081,68140,49,0.7795,0.7795807710510433,1,0.02040816326530612
2082,68182,42,0.8109999999999999,0.8110733435043418,1,0.023809523809523808
2083,68237,55,0.7525,0.7526054203039579,1,0.01818181818181818
2084,68261,24,0.892,0.8920475881929056,1,0.041666666666666664
2085,68295,34,0.847,0.8470885617452006,1,0.029411764705882353
2086,68317,22,0.901,0.9010841623133149,1,0.045454545454545456
2087,68340,23,0.8965,0.8966032767782344,1,0.043478260869565216
2088,68354,14,0.9369999999999999,0.9370619934074048,1,0.07142857142857142
2089,68368,14,0.9369999999999999,0.9370536923405376,1,0.07142857142857142
2090,68403,35,0.8425,0.8427747694130701,1,0.08571428571428572
2091,68424,21,0.9055,0.90555759750366,1,0.047619047619047616
2092,68471,47,0.7885,0.7886095455077688,1,0.02127659574468085
2093,68545,74,0.667,0.6671496454779451,1,0.013513513513513514
2094,68577,32,0.856,0.856549167706017,1,0.15625
2095,68611,34,0.847,0.8470835529088413,1,0.029411764705882353
2096,68668,57,0.7435,0.7436096632950253,1,0.017543859649122806
2097,68703,35,0.8425,0.8425811660909739,1,0.02857142857142857
2098,68732,29,0.8694999999999999,0.8698788625031879,1,0.10344827586206896
2099,68750,18,0.919,0.9190871177690789,1,0.05555555555555555
2100,68771,21,0.9055,0.9055612904246165,1,0.047619047619047616
2101,68849,78,0.649,0.6491090300309185,1,0.01282051282051282
2102,68899,50,0.775,0.7750707480885465,1,0.02
2103,68943,44,0.802,0.8020850496963866,1,0.022727272727272728
2104,68999,56,0.748,0.7480931835178372,1,0.017857142857142856
2105,69029,30,0.865,0.8650707094112733,1,0.03333333333333333
2106,69055,26,0.883,0.8830801984763539,1,0.038461538461538464
2107,69069,14,0.9369999999999999,0.9370653070720373,1,0.07142857142857142
2108,69085,16,0.9279999999999999,0.9280492306116528,1,0.0625
2109,69101,16,0.9279999999999999,0.9280550342558869,1,0.0625
2110,69117,16,0.9279999999999999,0.9280420513226291,1,0.0625
2111,69131,14,0.9369999999999999,0.9370726294771144,1,0.07142857142857142
2112,69145,14,0.9369999999999999,0.9370436200436371,1,0.07142857142857142
2113,69159,14,0.9369999999999999,0.9370978291770816,1,0.07142857142857142
2114,69175,16,0.9279999999999999,0.9280572071400244,1,0.0625
2115,69189,14,0.9369999999999999,0.9370856862397089,1,0.07142857142857142
2116,69203,14,0.9369999999999999,0.9371053845811692,1,0.07142857142857142
2117,69217,14,0.9369999999999999,0.9370741326494227,1,0.07142857142857142
2118,69231,14,0.9369999999999999,0.9370657887168938,1,0.07142857142857142
2119,69246,15,0.9325,0.9325610397207427,1,0.06666666666666667
2120,69260,14,0.9369999999999999,0.9370630141347169,1,0.07142857142857142
2121,69274,14,0.9369999999999999,0.93704703287366,1,0.07142857142857142
2122,69288,14,0.9369999999999999,0.9370884737474163,1,0.07142857142857142
2123,69302,14,0.9369999999999999,0.9370614643590542,1,0.07142857142857142
2124,69316,14,0.9369999999999999,0.9370728971071335,1,0.07142857142857142
2125,69330,14,0.9369999999999999,0.9370591118385365,1,0.07142857142857142
2126,69344,14,0.9369999999999999,0.9370806402272399,1,0.07142857142857142
2127,69358,14,0.9369999999999999,0.9370905007947669,1,0.07142857142857142
2128,69372,14,0.9369999999999999,0.9370612003467316,1,0.07142857142857142
2129,69386,14,0.9369999999999999,0.9370555227363601,1,0.07142857142857142
2130,69402,16,0.9279999999999999,0.9282639070150002,1,0.1875
2131,69416,14,0.9369999999999999,0.9370745845779936,1,0.07142857142857142
2132,69436,20,0.91,0.9102207254840825,1,0.15
2133,69450,14,0.9369999999999999,0.9370541621858632,1,0.07142857142857142
2134,69464,14,0.9369999999999999,0.9370514466291072,1,0.07142857142857142
2135,69482,18,0.919,0.9192134548034565,1,0.16666666666666666
2136,69498,16,0.9279999999999999,0.9282522013165493,1,0.1875
2137,69512,14,0.9369999999999999,0.937078729740815,1,0.07142857142857142
2138,69528,16,0.9279999999999999,0.9280789193924299,1,0.0625
2139,69542,14,0.9369999999999999,0.9370597341227149,1,0.07142857142857142
2140,69556,14,0.9369999999999999,0.937065538454661,1,0.07142857142857142
2141,69572,16,0.9279999999999999,0.9280736270388187,1,0.0625
2142,69586,14,0.9369999999999999,0.9370365768995556,1,0.07142857142857142
2143,69600,14,0.9369999999999999,0.9370561055055383,1,0.07142857142857142
2144,69614,14,0.9369999999999999,0.9370546736738422,1,0.07142857142857142
2145,69628,14,0.9369999999999999,0.9370603173483246,1,0.07142857142857142
2146,69646,18,0.919,0.9190922699433746,1,0.05555555555555555
2147,69660,14,0.9369999999999999,0.9370484237741357,1,0.07142857142857142
2148,69674,14,0.9369999999999999,0.9371369930250217,1,0.07142857142857142
2149,69688,14,0.9369999999999999,0.9370586394235181,1,0.07142857142857142
2150,69702,14,0.9369999999999999,0.9370526755510538,1,0.07142857142857142
2151,69718,16,0.9279999999999999,0.9280827658764653,1,0.0625
2152,69732,14,0.9369999999999999,0.937085878372949,1,0.07142857142857142
2153,69746,14,0.9369999999999999,0.9370726375339531,1,0.07142857142857142
2154,69766,20,0.91,0.9100778254036013,1,0.05
2155,69790,24,0.892,0.8921299715531494,1,0.041666666666666664
2156,69804,14,0.9369999999999999,0.9371142640591323,1,0.07142857142857142
2157,69832,28,0.874,0.8740896279440732,1,0.03571428571428571
2158,69848,16,0.9279999999999999,0.9280747420529367,1,0.0625
2159,69862,14,0.9369999999999999,0.9370672628838863,1,0.07142857142857142
2160,69878,16,0.9279999999999999,0.9280581984357203,1,0.0625
2161,69894,16,0.9279999999999999,0.928103289225664,1,0.0625
2162,69912,18,0.919,0.919075699113604,1,0.05555555555555555
2163,69926,14,0.9369999999999999,0.9371132795125241,1,0.07142857142857142
2164,69940,14,0.9369999999999999,0.9370680379716015,1,0.07142857142857142
2165,69956,16,0.9279999999999999,0.9281494047018516,1,0.0625
2166,69970,14,0.9369999999999999,0.9370666697046628,1,0.07142857142857142
2167,69984,14,0.9369999999999999,0.9370993607746643,1,0.07142857142857142
2168,69998,14,0.9369999999999999,0.9370886207193909,1,0.07142857142857142
2169,70036,38,0.829,0.8291166702760008,1,0.02631578947368421
2170,70050,14,0.9369999999999999,0.9370320578506515,1,0.07142857142857142
2171,70066,16,0.9279999999999999,0.9280753027780847,1,0.0625
2172,70080,14,0.9369999999999999,0.9370767595366644,1,0.07142857142857142
2173,70094,14,0.9369999999999999,0.9370884461972815,1,0.07142857142857142
2174,70112,18,0.919,0.9190610422739391,1,0.05555555555555555
2175,70126,14,0.9369999999999999,0.9371004242094441,1,0.07142857142857142
2176,70150,24,0.892,0.8920817372248273,1,0.041666666666666664
2177,70164,14,0.9369999999999999,0.9370447659109468,1,0.07142857142857142
2178,70186,22,0.901,0.9010755078055653,1,0.045454545454545456
2179,70202,16,0.9279999999999999,0.9280796082777985,1,0.0625
2180,70234,32,0.856,0.8560884256145757,1,0.03125
2181,70281,47,0.7885,0.7885965869095546,1,0.02127659574468085
2182,70295,14,0.9369999999999999,0.9370717713262916,1,0.07142857142857142
2183,70312,17,0.9235,0.9235824500379648,1,0.058823529411764705
2184,70326,14,0.9369999999999999,0.937128637082619,1,0.07142857142857142
2185,70340,14,0.9369999999999999,0.9370998930484797,1,0.07142857142857142
2186,70359,19,0.9145,0.9145710637940317,1,0.05263157894736842
2187,70393,34,0.847,0.847136110878674,1,0.029411764705882353
2188,70407,14,0.9369999999999999,0.9370559698102456,1,0.07142857142857142
2189,70430,23,0.8965,0.8965755765397088,1,0.043478260869565216
2190,70449,19,0.9145,0.9145593536857007,1,0.05263157894736842
2191,70466,17,0.9235,0.9235492066446935,1,0.058823529411764705
2192,70487,21,0.9055,0.9055589171166163,1,0.047619047619047616
2193,70517,30,0.865,0.8653463108200772,1,0.1
2194,70533,16,0.9279999999999999,0.9280456758409904,1,0.0625
2195,70549,16,0.9279999999999999,0.9282506366149966,1,0.1875
2196,70567,18,0.919,0.9192790195054729,1,0.16666666666666666
2197,70585,18,0.919,0.919050023269462,1,0.05555555555555555
2198,70618,33,0.8514999999999999,0.8515707268010706,1,0.030303030303030304
2199,70634,16,0.9279999999999999,0.9280549698728044,1,0.0625
2200,70660,26,0.883,0.8831038803735772,1,0.038461538461538464
2201,70774,114,0.487,0.48719201072901214,1,0.008771929824561403
2202,70870,96,0.5680000000000001,0.568112681798665,1,0.010416666666666666
2203,70886,16,0.9279999999999999,0.9280623492507497,1,0.0625
2204,70954,68,0.694,0.6941660080880233,1,0.014705882352941176
2205,71004,50,0.775,0.7753771526053898,1,0.06
2206,71048,44,0.802,0.8021247398985768,1,0.022727272727272728
2207,71078,30,0.865,0.8650895634812487,1,0.03333333333333333
2208,71094,16,0.9279999999999999,0.9280989747639027,1,0.0625
2209,71124,30,0.865,0.8650641020258817,1,0.03333333333333333
2210,71146,22,0.901,0.9012683658675671,1,0.13636363636363635
2211,71162,16,0.9279999999999999,0.9280814350706302,1,0.0625
2212,71176,14,0.9369999999999999,0.937052318564779,1,0.07142857142857142
2213,71192,16,0.9279999999999999,0.9280520232323971,1,0.0625
2214,71208,16,0.9279999999999999,0.9280952512653735,1,0.0625
2215,71222,14,0.9369999999999999,0.9370643713803934,1,0.07142857142857142
2216,71236,14,0.9369999999999999,0.9370563380762391,1,0.07142857142857142
2217,71250,14,0.9369999999999999,0.9370486788054428,1,0.07142857142857142
2218,71268,18,0.919,0.9190789823305341,1,0.05555555555555555
2219,71286,18,0.919,0.9190512659952578,1,0.05555555555555555
2220,71310,24,0.892,0.8921215871566329,1,0.041666666666666664
2221,71324,14,0.9369999999999999,0.9370493628137244,1,0.07142857142857142
2222,71338,14,0.9369999999999999,0.9370958607558721,1,0.07142857142857142
2223,71360,22,0.901,0.9011046058158574,1,0.045454545454545456
2224,71374,14,0.9369999999999999,0.9370376677281533,1,0.07142857142857142
2225,71396,22,0.901,0.9010587478854832,1,0.045454545454545456
2226,71410,14,0.9369999999999999,0.9371077911838627,1,0.07142857142857142
2227,71438,28,0.874,0.8740697360215798,1,0.03571428571428571
2228,71454,16,0.9279999999999999,0.9283049444772209,1,0.1875
2229,71476,22,0.901,0.9010658765573059,1,0.045454545454545456
2230,71498,22,0.901,0.9011107419531088,1,0.045454545454545456
2231,71512,14,0.9369999999999999,0.9370563794460302,1,0.07142857142857142
2232,71528,16,0.9279999999999999,0.9280698778408575,1,0.0625
2233,71544,16,0.9279999999999999,0.9281018205203457,1,0.0625
2234,71558,14,0.9369999999999999,0.9370431001261869,1,0.07142857142857142
2235,71758,200,0.0,0.0002708327272094272,0,0.005
2236,71772,14,0.9369999999999999,0.9370499022782929,1,0.07142857142857142
2237,71792,20,0.91,0.9100572745751194,1,0.05
2238,71812,20,0.91,0.9101487876208739,1,0.05
2239,71828,16,0.9279999999999999,0.9280791143090042,1,0.0625
2240,71842,14,0.9369999999999999,0.937105136694614,1,0.07142857142857142
2241,71856,14,0.9369999999999999,0.9370614965417058,1,0.07142857142857142
2242,71872,16,0.9279999999999999,0.9280483032151061,1,0.0625
2243,71892,20,0.91,0.9101042779238198,1,0.05
2244,71908,16,0.9279999999999999,0.9280855676863681,1,0.0625
2245,71922,14,0.9369999999999999,0.9370582784674665,1,0.07142857142857142
2246,71946,24,0.892,0.8920446556232521,1,0.041666666666666664
2247,71960,14,0.9369999999999999,0.9370501606266661,1,0.07142857142857142
2248,71974,14,0.9369999999999999,0.9370432309201789,1,0.07142857142857142
2249,71988,14,0.9369999999999999,0.9370604766504522,1,0.07142857142857142
2250,72006,18,0.919,0.919110443919506,1,0.05555555555555555
2251,72024,18,0.919,0.9190747313694874,1,0.05555555555555555
2252,72048,24,0.892,0.8920650520727746,1,0.041666666666666664
2253,72066,18,0.919,0.9192850135289823,1,0.16666666666666666
2254,72080,14,0.9369999999999999,0.937079414230881,1,0.07142857142857142
2255,72096,16,0.9279999999999999,0.9280934406991048,1,0.0625
2256,72112,16,0.9279999999999999,0.9280660430219294,1,0.0625
2257,72132,20,0.91,0.9100664454500398,1,0.05
2258,72146,14,0.9369999999999999,0.9370504328815655,1,0.07142857142857142
2259,72162,16,0.9279999999999999,0.9280392284308316,1,0.0625
2260,72178,16,0.9279999999999999,0.9280637206779696,1,0.0625
2261,72192,14,0.9369999999999999,0.937042114391778,1,0.07142857142857142
2262,72208,16,0.9279999999999999,0.9280500807493733,1,0.0625
2263,72222,14,0.9369999999999999,0.9370312035043773,1,0.07142857142857142
2264,72236,14,0.9369999999999999,0.9370603608297713,1,0.07142857142857142
2265,72250,14,0.9369999999999999,0.9370846336158876,1,0.07142857142857142
2266,72266,16,0.9279999999999999,0.9282089945952833,1,0.1875
2267,72282,16,0.9279999999999999,0.9280685781928316,1,0.0625
2268,72296,14,0.9369999999999999,0.9370619662952798,1,0.07142857142857142
2269,72310,14,0.9369999999999999,0.9370604532153622,1,0.07142857142857142
2270,72324,14,0.9369999999999999,0.9370500613192195,1,0.07142857142857142
2271,72338,14,0.9369999999999999,0.9370354255440903,1,0.07142857142857142
2272,72352,14,0.9369999999999999,0.9370900525438072,1,0.07142857142857142
2273,72368,16,0.9279999999999999,0.9280545164570906,1,0.0625
2274,72382,14,0.9369999999999999,0.9370487775147808,1,0.07142857142857142
2275,72396,14,0.9369999999999999,0.9370380436144861,1,0.07142857142857142
2276,72410,14,0.9369999999999999,0.9370386620213662,1,0.07142857142857142
2277,72426,16,0.9279999999999999,0.9282761327980322,1,0.1875
2278,72442,16,0.9279999999999999,0.9280367585283203,1,0.0625
2279,72458,16,0.9279999999999999,0.9281190637807801,1,0.0625
2280,72472,14,0.9369999999999999,0.937061591096246,1,0.07142857142857142
2281,72494,22,0.901,0.901857071776638,1,0.4090909090909091
2282,72508,14,0.9369999999999999,0.937082103208028,1,0.07142857142857142
2283,72522,14,0.9369999999999999,0.937039332138858,1,0.07142857142857142
2284,72538,16,0.9279999999999999,0.9280677279488845,1,0.0625
2285,72552,14,0.9369999999999999,0.937070066823124,1,0.07142857142857142
2286,72568,16,0.9279999999999999,0.9281188192869443,1,0.0625
2287,72582,14,0.9369999999999999,0.9370829179024514,1,0.07142857142857142
2288,72596,14,0.9369999999999999,0.9370503667631278,1,0.07142857142857142
2289,72612,16,0.9279999999999999,0.9280503887110284,1,0.0625
2290,72626,14,0.9369999999999999,0.9370749568182902,1,0.07142857142857142
2291,72642,16,0.9279999999999999,0.9280531208945815,1,0.0625
2292,72662,20,0.91,0.9102093142039889,1,0.15
2293,72676,14,0.9369999999999999,0.9370583458955837,1,0.07142857142857142
2294,72694,18,0.919,0.9192078519051737,1,0.16666666666666666
2295,72712,18,0.919,0.9193734033416465,1,0.2777777777777778
2296,72728,16,0.9279999999999999,0.9280652467738105,1,0.0625
2297,72744,16,0.9279999999999999,0.9280627340592923,1,0.0625
2298,72762,18,0.919,0.919297250786464,1,0.2777777777777778
2299,72780,18,0.919,0.9192809199612816,1,0.16666666666666666
2300,72798,18,0.919,0.9195146267491399,1,0.2777777777777778
2301,72814,16,0.9279999999999999,0.9280968399573596,1,0.0625
2302,72830,16,0.9279999999999999,0.9280897273499327,1,0.0625
2303,72848,18,0.919,0.9195232396336365,1,0.2777777777777778
2304,72868,20,0.91,0.9106976056156488,1,0.25
2305,72882,14,0.9369999999999999,0.9370881063044759,1,0.07142857142857142
2306,72896,14,0.9369999999999999,0.9370513452876912,1,0.07142857142857142
2307,72910,14,0.9369999999999999,0.9370462065916026,1,0.07142857142857142
2308,72926,16,0.9279999999999999,0.9280813445048154,1,0.0625
2309,72942,16,0.9279999999999999,0.9280643343580673,1,0.0625
2310,72956,14,0.9369999999999999,0.9370310157431938,1,0.07142857142857142
2311,72972,16,0.9279999999999999,0.9282705591594017,1,0.1875
2312,72990,18,0.919,0.9190858226093993,1,0.05555555555555555
2313,73004,14,0.9369999999999999,0.9370515086778083,1,0.07142857142857142
2314,73018,14,0.9369999999999999,0.9370804704858161,1,0.07142857142857142
2315,73036,18,0.919,0.9190826991266953,1,0.05555555555555555
2316,73050,14,0.9369999999999999,0.9370544696137278,1,0.07142857142857142
2317,73066,16,0.9279999999999999,0.9280737005657707,1,0.0625
2318,73088,22,0.901,0.9010918705752801,1,0.045454545454545456
2319,73120,32,0.856,0.8572857519775867,1,0.25
2320,73136,16,0.9279999999999999,0.9280514048756795,1,0.0625
2321,73158,22,0.901,0.9010426048533052,1,0.045454545454545456
2322,73213,55,0.7525,0.752585249359637,1,0.01818181818181818
2323,73235,22,0.901,0.901319420629904,1,0.13636363636363635
2324,73249,14,0.9369999999999999,0.937051157453879,1,0.07142857142857142
2325,73280,31,0.8605,0.8605635904729838,1,0.03225806451612903
2326,73315,35,0.8425,0.8428814627519898,1,0.08571428571428572
2327,73391,76,0.6579999999999999,0.6614834356227548,1,0.4342105263157895
2328,73421,30,0.865,0.8654754820118294,1,0.1
2329,73467,46,0.7929999999999999,0.7954685322400907,1,0.4782608695652174
2330,73515,48,0.784,0.7869597538460933,1,0.6458333333333334
2331,73551,36,0.838,0.8394111325387638,1,0.4166666666666667
2332,73595,44,0.802,0.8039894578072458,1,0.4318181818181818
2333,73795,200,0.0,0.009134709419590064,0,0.385
2334,73865,70,0.685,0.6873328821825454,1,0.3142857142857143
2335,73959,94,0.577,0.58037161228769,1,0.3723404255319149
2336,73996,37,0.8335,0.8339371173196979,1,0.10810810810810811
2337,74042,46,0.7929999999999999,0.7941220662563709,1,0.13043478260869565
2338,74056,14,0.9369999999999999,0.9370792283898591,1,0.07142857142857142
2339,74076,20,0.91,0.9100681655038502,1,0.05
2340,74090,14,0.9369999999999999,0.9370660545786414,1,0.07142857142857142
2341,74104,14,0.9369999999999999,0.9370599970672675,1,0.07142857142857142
2342,74122,18,0.919,0.9190730611514486,1,0.05555555555555555
2343,74136,14,0.9369999999999999,0.9370623098718596,1,0.07142857142857142
2344,74150,14,0.9369999999999999,0.9370623221636744,1,0.07142857142857142
2345,74168,18,0.919,0.9190544263541668,1,0.05555555555555555
2346,74182,14,0.9369999999999999,0.9370602295464316,1,0.07142857142857142
2347,74196,14,0.9369999999999999,0.9370862357595104,1,0.07142857142857142
2348,74210,14,0.9369999999999999,0.9371268162076595,1,0.07142857142857142
2349,74228,18,0.919,0.9190503393063363,1,0.05555555555555555
2350,74269,41,0.8155,0.815662198052132,1,0.024390243902439025
2351,74285,16,0.9279999999999999,0.9280430160604098,1,0.0625
2352,74299,14,0.9369999999999999,0.9370651304924399,1,0.07142857142857142
2353,74367,68,0.694,0.694822088637438,1,0.029411764705882353
2354,74381,14,0.9369999999999999,0.9370820837606132,1,0.07142857142857142
2355,74414,33,0.8514999999999999,0.8516141444668687,1,0.030303030303030304
2356,74452,38,0.829,0.8291145956646405,1,0.02631578947368421
2357,74469,17,0.9235,0.9235297286969077,1,0.058823529411764705
2358,74483,14,0.9369999999999999,0.9370635665857753,1,0.07142857142857142
2359,74497,14,0.9369999999999999,0.9370660433549176,1,0.07142857142857142
2360,74517,20,0.91,0.9100908599782204,1,0.05
2361,74533,16,0.9279999999999999,0.9280777257492979,1,0.0625
2362,74547,14,0.9369999999999999,0.9370569192103368,1,0.07142857142857142
2363,74563,16,0.9279999999999999,0.928059374626874,1,0.0625
2364,74599,36,0.838,0.8381009324984399,1,0.027777777777777776
2365,74619,20,0.91,0.9100577766272893,1,0.05
2366,74633,14,0.9369999999999999,0.9370934619663204,1,0.07142857142857142
2367,74649,16,0.9279999999999999,0.9280888127192486,1,0.0625
2368,74673,24,0.892,0.8921116117136679,1,0.041666666666666664
2369,74687,14,0.9369999999999999,0.9370791764908744,1,0.07142857142857142
2370,74790,103,0.5365,0.5366472192602777,1,0.009708737864077669
2371,74804,14,0.9369999999999999,0.9370409001920627,1,0.07142857142857142
2372,74818,14,0.9369999999999999,0.9370537886728182,1,0.07142857142857142
2373,74834,16,0.9279999999999999,0.9280715382746807,1,0.0625
2374,74862,28,0.874,0.8740715046638636,1,0.03571428571428571
2375,74876,14,0.9369999999999999,0.9370430357828838,1,0.07142857142857142
2376,74892,16,0.9279999999999999,0.9280614451041768,1,0.0625
2377,74906,14,0.9369999999999999,0.9370684106225867,1,0.07142857142857142
2378,74924,18,0.919,0.9192832706116547,1,0.16666666666666666
2379,74938,14,0.9369999999999999,0.9370818175096578,1,0.07142857142857142
2380,74954,16,0.9279999999999999,0.9281021244624739,1,0.0625
2381,74968,14,0.9369999999999999,0.9370652307831745,1,0.07142857142857142
2382,74982,14,0.9369999999999999,0.9370460072078283,1,0.07142857142857142
2383,75016,34,0.847,0.8470607494377178,1,0.029411764705882353
2384,75030,14,0.9369999999999999,0.937104866567743,1,0.07142857142857142
2385,75068,38,0.829,0.8290677166440623,1,0.02631578947368421
2386,75086,18,0.919,0.9190532960613669,1,0.05555555555555555
2387,75102,16,0.9279999999999999,0.9280863310923647,1,0.0625
2388,75122,20,0.91,0.9100607115276131,1,0.05
2389,75138,16,0.9279999999999999,0.9283680707064683,1,0.1875
2390,75156,18,0.919,0.9190529018708352,1,0.05555555555555555
2391,75176,20,0.91,0.9106102122428142,1,0.25
2392,75204,28,0.874,0.8752536870796076,1,0.32142857142857145
2393,75244,40,0.82,0.8221157256323118,1,0.575
2394,75276,32,0.856,0.856364897312183,1,0.15625
2395,75476,200,0.0,0.006440846112623823,0,0.25
2396,75538,62,0.721,0.7211866784318608,1,0.016129032258064516
2397,75580,42,0.8109999999999999,0.813696672747023,1,0.6904761904761905
2398,75598,18,0.919,0.9192667135339467,1,0.16666666666666666
2399,75634,36,0.838,0.8393697774059556,1,0.3611111111111111
2400,75660,26,0.883,0.8842917298665927,1,0.5
2401,75767,107,0.5185,0.5187915238939532,1,0.009345794392523364
2402,75938,171,0.23050000000000004,0.23090846102779708,1,0.005847953216374269
2403,76022,84,0.622,0.6238398403550319,1,0.16666666666666666
2404,76054,32,0.856,0.8572570054077857,1,0.53125
2405,76068,14,0.9369999999999999,0.937079650092455,1,0.07142857142857142
2406,76084,16,0.9279999999999999,0.9280768675265275,1,0.0625
2407,76098,14,0.9369999999999999,0.9371156675152306,1,0.07142857142857142
2408,76112,14,0.9369999999999999,0.9370966953428067,1,0.07142857142857142
2409,76128,16,0.9279999999999999,0.9280658809167942,1,0.0625
2410,76142,14,0.9369999999999999,0.9370549970764755,1,0.07142857142857142
2411,76158,16,0.9279999999999999,0.9280652641037838,1,0.0625
2412,76178,20,0.91,0.9104311415226847,1,0.1
2413,76192,14,0.9369999999999999,0.9371330188414065,1,0.07142857142857142
2414,76212,20,0.91,0.9105221756254873,1,0.1
2415,76226,14,0.9369999999999999,0.9370767878665301,1,0.07142857142857142
2416,76246,20,0.91,0.910444606300683,1,0.1
2417,76260,14,0.9369999999999999,0.9370898835983624,1,0.07142857142857142
2418,76280,20,0.91,0.9104819618949703,1,0.1
2419,76294,14,0.9369999999999999,0.9370550387548108,1,0.07142857142857142
2420,76308,14,0.9369999999999999,0.9370571493647487,1,0.07142857142857142
2421,76328,20,0.91,0.9104756303207981,1,0.1
2422,76348,20,0.91,0.9104413631989503,1,0.1
2423,76364,16,0.9279999999999999,0.9280540327378212,1,0.0625
2424,76380,16,0.9279999999999999,0.9280549298830203,1,0.0625
2425,76400,20,0.91,0.9103782059683371,1,0.1
2426,76420,20,0.91,0.9102857503085411,1,0.1
2427,76442,22,0.901,0.9016593250946254,1,0.09090909090909091
2428,76456,14,0.9369999999999999,0.9370288065877153,1,0.07142857142857142
2429,76478,22,0.901,0.9014603871021638,1,0.09090909090909091
2430,76502,24,0.892,0.89243024820857,1,0.16666666666666666
2431,76516,14,0.9369999999999999,0.9370585407943751,1,0.07142857142857142
2432,76538,22,0.901,0.9017171061461747,1,0.09090909090909091
2433,76558,20,0.91,0.9104415056077101,1,0.1
2434,76578,20,0.91,0.9102249493139267,1,0.1
2435,76596,18,0.919,0.9190654957806694,1,0.05555555555555555
2436,76610,14,0.9369999999999999,0.9370803323033882,1,0.07142857142857142
2437,76624,14,0.9369999999999999,0.9371696978080746,1,0.07142857142857142
2438,76638,14,0.9369999999999999,0.9370548109293282,1,0.07142857142857142
2439,76658,20,0.91,0.9104357854378389,1,0.1
2440,76672,14,0.9369999999999999,0.9371043906959874,1,0.07142857142857142
2441,76686,14,0.9369999999999999,0.9370641187879845,1,0.07142857142857142
2442,76712,26,0.883,0.8836382387259316,1,0.19230769230769232
2443,76726,14,0.9369999999999999,0.9370534222007455,1,0.07142857142857142
2444,76740,14,0.9369999999999999,0.9370963997335972,1,0.07142857142857142
2445,76756,16,0.9279999999999999,0.9280799949594826,1,0.0625
2446,76796,40,0.82,0.8204766201826198,1,0.05
2447,76812,16,0.9279999999999999,0.9280796652534548,1,0.0625
2448,76828,16,0.9279999999999999,0.9280560148344144,1,0.0625
2449,76896,68,0.694,0.694656530888024,1,0.029411764705882353
2450,77009,113,0.49150000000000005,0.4929419697396573,1,0.05309734513274336
2451,77053,44,0.802,0.8025726228349707,1,0.045454545454545456
2452,77067,14,0.9369999999999999,0.9370495295387405,1,0.07142857142857142
2453,77084,17,0.9235,0.9235688042394453,1,0.058823529411764705
2454,77098,14,0.9369999999999999,0.9370829416193367,1,0.07142857142857142
2455,77112,14,0.9369999999999999,0.9371143333911424,1,0.07142857142857142
2456,77126,14,0.9369999999999999,0.9370662511460348,1,0.07142857142857142
2457,77140,14,0.9369999999999999,0.9370653612577312,1,0.07142857142857142
2458,77154,14,0.9369999999999999,0.9370816367499494,1,0.07142857142857142
2459,77170,16,0.9279999999999999,0.9282293189675154,1,0.1875
2460,77186,16,0.9279999999999999,0.9281582372659979,1,0.0625
2461,77203,17,0.9235,0.9235544800087833,1,0.058823529411764705
2462,77217,14,0.9369999999999999,0.9370599194035737,1,0.07142857142857142
2463,77233,16,0.9279999999999999,0.9280550205188356,1,0.0625
2464,77247,14,0.9369999999999999,0.9370804035822968,1,0.07142857142857142
2465,77261,14,0.9369999999999999,0.9370497051741453,1,0.07142857142857142
2466,77277,16,0.9279999999999999,0.9280782566589617,1,0.0625
2467,77293,16,0.9279999999999999,0.9280918244096733,1,0.0625
2468,77307,14,0.9369999999999999,0.9370367977454178,1,0.07142857142857142
2469,77321,14,0.9369999999999999,0.937048122527292,1,0.07142857142857142
2470,77335,14,0.9369999999999999,0.9370571261869951,1,0.07142857142857142
2471,77349,14,0.9369999999999999,0.9370506695461702,1,0.07142857142857142
2472,77363,14,0.9369999999999999,0.9370598263169109,1,0.07142857142857142
2473,77538,175,0.21250000000000002,0.21305419468986486,1,0.005714285714285714
2474,77554,16,0.9279999999999999,0.9282354369235181,1,0.1875
2475,77568,14,0.9369999999999999,0.937078180048821,1,0.07142857142857142
2476,77582,14,0.9369999999999999,0.9370593584689607,1,0.07142857142857142
2477,77596,14,0.9369999999999999,0.9371567969681894,1,0.07142857142857142
2478,77612,16,0.9279999999999999,0.9280911047781081,1,0.0625
2479,77628,16,0.9279999999999999,0.9280914218365343,1,0.0625
2480,77642,14,0.9369999999999999,0.9370493368186559,1,0.07142857142857142
2481,77656,14,0.9369999999999999,0.9370808256156195,1,0.07142857142857142
2482,77672,16,0.9279999999999999,0.9280503245163838,1,0.0625
2483,77686,14,0.9369999999999999,0.9370733671812063,1,0.07142857142857142
2484,77700,14,0.9369999999999999,0.937078231927064,1,0.07142857142857142
2485,77716,16,0.9279999999999999,0.9280676460406514,1,0.0625
2486,77734,18,0.919,0.9190942926232869,1,0.05555555555555555
2487,77750,16,0.9279999999999999,0.9280359324144627,1,0.0625
2488,77766,16,0.9279999999999999,0.9280696895716798,1,0.0625
2489,77780,14,0.9369999999999999,0.9370647772208041,1,0.07142857142857142
2490,77794,14,0.9369999999999999,0.9370564231310349,1,0.07142857142857142
2491,77808,14,0.9369999999999999,0.9370872284851932,1,0.07142857142857142
2492,77822,14,0.9369999999999999,0.9370456431223356,1,0.07142857142857142
2493,77838,16,0.9279999999999999,0.9280747453452053,1,0.0625
2494,77852,14,0.9369999999999999,0.9370515047606036,1,0.07142857142857142
2495,77868,16,0.9279999999999999,0.9280823353494334,1,0.0625
2496,77884,16,0.9279999999999999,0.9280903257124353,1,0.0625
2497,77898,14,0.9369999999999999,0.9370553211280812,1,0.07142857142857142
2498,77912,14,0.9369999999999999,0.9370883697619589,1,0.07142857142857142
2499,77926,14,0.9369999999999999,0.9370658867210089,1,0.07142857142857142
2500,77940,14,0.9369999999999999,0.9370510248698499,1,0.07142857142857142
2501,77954,14,0.9369999999999999,0.9370614301033788,1,0.07142857142857142
2502,77968,14,0.9369999999999999,0.9370486295400615,1,0.07142857142857142
2503,77988,20,0.91,0.9101009482593143,1,0.05
2504,78002,14,0.9369999999999999,0.937060083993195,1,0.07142857142857142
2505,78016,14,0.9369999999999999,0.9370351338792964,1,0.07142857142857142
2506,78032,16,0.9279999999999999,0.9280596461143895,1,0.0625
2507,78048,16,0.9279999999999999,0.9280647573779236,1,0.0625
2508,78066,18,0.919,0.919069526710366,1,0.05555555555555555
2509,78080,14,0.9369999999999999,0.9370492279556557,1,0.07142857142857142
2510,78096,16,0.9279999999999999,0.9280401526010108,1,0.0625
2511,78110,14,0.9369999999999999,0.9370482791612311,1,0.07142857142857142
2512,78124,14,0.9369999999999999,0.9370608192786863,1,0.07142857142857142
2513,78138,14,0.9369999999999999,0.9370605713374717,1,0.07142857142857142
2514,78152,14,0.9369999999999999,0.9370382990876178,1,0.07142857142857142
2515,78166,14,0.9369999999999999,0.937038315616854,1,0.07142857142857142
2516,78180,14,0.9369999999999999,0.9370664609563556,1,0.07142857142857142
2517,78194,14,0.9369999999999999,0.9370406545271893,1,0.07142857142857142
2518,78208,14,0.9369999999999999,0.9370688656294844,1,0.07142857142857142
2519,78224,16,0.9279999999999999,0.9280768022774181,1,0.0625
2520,78238,14,0.9369999999999999,0.9370489115701681,1,0.07142857142857142
2521,78252,14,0.9369999999999999,0.9370386281198684,1,0.07142857142857142
2522,78452,200,0.0,0.0012703802590022218,0,0.01
2523,78466,14,0.9369999999999999,0.9371263918916228,1,0.07142857142857142
2524,78480,14,0.9369999999999999,0.9370982260423669,1,0.07142857142857142
2525,78497,17,0.9235,0.9235652086944472,1,0.058823529411764705
2526,78513,16,0.9279999999999999,0.928076661159136,1,0.0625
2527,78529,16,0.9279999999999999,0.9280683901192247,1,0.0625
2528,78543,14,0.9369999999999999,0.9370853520693768,1,0.07142857142857142
2529,78558,15,0.9325,0.9325500021626537,1,0.06666666666666667
2530,78574,16,0.9279999999999999,0.9281158365529217,1,0.0625
2531,78588,14,0.9369999999999999,0.9371072396183762,1,0.07142857142857142
2532,78603,15,0.9325,0.9325814792307741,1,0.06666666666666667
2533,78617,14,0.9369999999999999,0.9371092154403822,1,0.07142857142857142
2534,78631,14,0.9369999999999999,0.9370641667263208,1,0.07142857142857142
2535,78645,14,0.9369999999999999,0.937036236015155,1,0.07142857142857142
2536,78659,14,0.9369999999999999,0.9370545482716343,1,0.07142857142857142
2537,78673,14,0.9369999999999999,0.9370672770635483,1,0.07142857142857142
2538,78687,14,0.9369999999999999,0.9370675692799935,1,0.07142857142857142
2539,78703,16,0.9279999999999999,0.9280757510169385,1,0.0625
2540,78717,14,0.9369999999999999,0.937056267087734,1,0.07142857142857142
2541,78731,14,0.9369999999999999,0.9371430103331292,1,0.07142857142857142
2542,78747,16,0.9279999999999999,0.9280892994552858,1,0.0625
2543,78763,16,0.9279999999999999,0.9280518769255637,1,0.0625
2544,78781,18,0.919,0.9192812173233122,1,0.16666666666666666
2545,78795,14,0.9369999999999999,0.937085535282591,1,0.07142857142857142
2546,78809,14,0.9369999999999999,0.9370564063613788,1,0.07142857142857142
2547,78823,14,0.9369999999999999,0.9370762880511667,1,0.07142857142857142
2548,78837,14,0.9369999999999999,0.937054056221772,1,0.07142857142857142
2549,78853,16,0.9279999999999999,0.9281057806850518,1,0.0625
2550,78867,14,0.9369999999999999,0.9371836893554414,1,0.07142857142857142
2551,78883,16,0.9279999999999999,0.9280521834681232,1,0.0625
2552,78897,14,0.9369999999999999,0.937067179766639,1,0.07142857142857142
2553,78911,14,0.9369999999999999,0.9370680488559954,1,0.07142857142857142
2554,78925,14,0.9369999999999999,0.937097158649751,1,0.07142857142857142
2555,78939,14,0.9369999999999999,0.9370680789276533,1,0.07142857142857142
2556,78953,14,0.9369999999999999,0.9370518114345762,1,0.07142857142857142
2557,78969,16,0.9279999999999999,0.9281109778337665,1,0.0625
2558,78985,16,0.9279999999999999,0.9280781388272439,1,0.0625
2559,78999,14,0.9369999999999999,0.9370447485930077,1,0.07142857142857142
2560,79015,16,0.9279999999999999,0.9280410733985784,1,0.0625
2561,79031,16,0.9279999999999999,0.9281310925557793,1,0.0625
2562,79045,14,0.9369999999999999,0.9370517486262997,1,0.07142857142857142
2563,79059,14,0.9369999999999999,0.9371306933529163,1,0.07142857142857142
2564,79073,14,0.9369999999999999,0.9370548548952483,1,0.07142857142857142
2565,79091,18,0.919,0.9191645920992093,1,0.16666666666666666
2566,79105,14,0.9369999999999999,0.9370448205898767,1,0.07142857142857142
2567,79119,14,0.9369999999999999,0.9370565560159198,1,0.07142857142857142
2568,79133,14,0.9369999999999999,0.9370429157505421,1,0.07142857142857142
2569,79147,14,0.9369999999999999,0.9370576065211743,1,0.07142857142857142
2570,79161,14,0.9369999999999999,0.9370407905049487,1,0.07142857142857142
2571,79177,16,0.9279999999999999,0.9280686587655373,1,0.0625
2572,79195,18,0.919,0.9192972257273944,1,0.16666666666666666
2573,79211,16,0.9279999999999999,0.9280872598657305,1,0.0625
2574,79229,18,0.919,0.9190647850587604,1,0.05555555555555555
2575,79245,16,0.9279999999999999,0.9280644605499101,1,0.0625
2576,79259,14,0.9369999999999999,0.9370464367080784,1,0.07142857142857142
2577,79283,24,0.892,0.8920658807175343,1,0.041666666666666664
2578,79299,16,0.9279999999999999,0.9280674790663247,1,0.0625
2579,79313,14,0.9369999999999999,0.9370600931851004,1,0.07142857142857142
2580,79327,14,0.9369999999999999,0.9370506173838549,1,0.07142857142857142
2581,79343,16,0.9279999999999999,0.9280639994890697,1,0.0625
2582,79357,14,0.9369999999999999,0.9370458243400751,1,0.07142857142857142
2583,79373,16,0.9279999999999999,0.9280780758644038,1,0.0625
2584,79389,16,0.9279999999999999,0.9280452407943006,1,0.0625
2585,79403,14,0.9369999999999999,0.9370708008890575,1,0.07142857142857142
2586,79417,14,0.9369999999999999,0.9370761273734151,1,0.07142857142857142
2587,79431,14,0.9369999999999999,0.9370732670640587,1,0.07142857142857142
2588,79445,14,0.9369999999999999,0.9370317798338762,1,0.07142857142857142
2589,79467,22,0.901,0.9010472809456255,1,0.045454545454545456
2590,79485,18,0.919,0.9192658119789281,1,0.16666666666666666
2591,79499,14,0.9369999999999999,0.9370728829463167,1,0.07142857142857142
2592,79517,18,0.919,0.919051850720934,1,0.05555555555555555
2593,79538,21,0.9055,0.905706762861472,1,0.14285714285714285
2594,79554,16,0.9279999999999999,0.9280756923216743,1,0.0625
2595,79570,16,0.9279999999999999,0.9280435150458811,1,0.0625
2596,79584,14,0.9369999999999999,0.937065282322696,1,0.07142857142857142
2597,79598,14,0.9369999999999999,0.937124058029416,1,0.07142857142857142
2598,79612,14,0.9369999999999999,0.9370545007920634,1,0.07142857142857142
2599,79628,16,0.9279999999999999,0.9280674412014117,1,0.0625
2600,79644,16,0.9279999999999999,0.9280573092272604,1,0.0625
2601,79658,14,0.9369999999999999,0.937046680288954,1,0.07142857142857142
2602,79672,14,0.9369999999999999,0.9370508435901191,1,0.07142857142857142
2603,79686,14,0.9369999999999999,0.9370679017354788,1,0.07142857142857142
2604,79700,14,0.9369999999999999,0.9371449594475249,1,0.07142857142857142
2605,79714,14,0.9369999999999999,0.9370646418080504,1,0.07142857142857142
2606,79728,14,0.9369999999999999,0.9370593743602831,1,0.07142857142857142
2607,79742,14,0.9369999999999999,0.9370476377281383,1,0.07142857142857142
2608,79758,16,0.9279999999999999,0.928102607166275,1,0.0625
2609,79772,14,0.9369999999999999,0.9370561326480211,1,0.07142857142857142
2610,79788,16,0.9279999999999999,0.9280837251513366,1,0.0625
2611,79803,15,0.9325,0.9325529725336703,1,0.06666666666666667
2612,79819,16,0.9279999999999999,0.9282425096519193,1,0.1875
2613,79835,16,0.9279999999999999,0.9280571224897297,1,0.0625
2614,79849,14,0.9369999999999999,0.93704010531832,1,0.07142857142857142
2615,79865,16,0.9279999999999999,0.9280704099418448,1,0.0625
2616,79885,20,0.91,0.9100870241172571,1,0.05
2617,79899,14,0.9369999999999999,0.93705170306756,1,0.07142857142857142
2618,79913,14,0.9369999999999999,0.937060386548205,1,0.07142857142857142
2619,79927,14,0.9369999999999999,0.9370959639254338,1,0.07142857142857142
2620,79943,16,0.9279999999999999,0.9280957236440488,1,0.0625
2621,79957,14,0.9369999999999999,0.937093760824478,1,0.07142857142857142
2622,79971,14,0.9369999999999999,0.9370602775881846,1,0.07142857142857142
2623,79985,14,0.9369999999999999,0.9370782359272279,1,0.07142857142857142
2624,79999,14,0.9369999999999999,0.9370915068423613,1,0.07142857142857142
2625,80013,14,0.9369999999999999,0.9370467498343824,1,0.07142857142857142
2626,80033,20,0.91,0.9101729890171936,1,0.05
2627,80049,16,0.9279999999999999,0.9280405109741922,1,0.0625
2628,80065,16,0.9279999999999999,0.9281609500705114,1,0.1875
2629,80081,16,0.9279999999999999,0.9280631243643427,1,0.0625
2630,80095,14,0.9369999999999999,0.9370835155680922,1,0.07142857142857142
2631,80109,14,0.9369999999999999,0.9370580072229295,1,0.07142857142857142
2632,80125,16,0.9279999999999999,0.9280505963880299,1,0.0625
2633,80141,16,0.9279999999999999,0.928055151698241,1,0.0625
2634,80155,14,0.9369999999999999,0.9370835762176893,1,0.07142857142857142
2635,80169,14,0.9369999999999999,0.937069199700297,1,0.07142857142857142
2636,80183,14,0.9369999999999999,0.9370875880143098,1,0.07142857142857142
2637,80197,14,0.9369999999999999,0.9370503353215174,1,0.07142857142857142
2638,80211,14,0.9369999999999999,0.9370653315540993,1,0.07142857142857142
2639,80225,14,0.9369999999999999,0.9370437265824209,1,0.07142857142857142
2640,80239,14,0.9369999999999999,0.9370673084426506,1,0.07142857142857142
2641,80253,14,0.9369999999999999,0.9371135923934972,1,0.07142857142857142
2642,80267,14,0.9369999999999999,0.9370550735326809,1,0.07142857142857142
2643,80283,16,0.9279999999999999,0.9280964798364665,1,0.0625
2644,80297,14,0.9369999999999999,0.9370912482138585,1,0.07142857142857142
2645,80311,14,0.9369999999999999,0.9370661909888368,1,0.07142857142857142
2646,80325,14,0.9369999999999999,0.9370432901407038,1,0.07142857142857142
2647,80339,14,0.9369999999999999,0.9370625366021053,1,0.07142857142857142
2648,80353,14,0.9369999999999999,0.937065359733483,1,0.07142857142857142
2649,80369,16,0.9279999999999999,0.928048413433578,1,0.0625
2650,80385,16,0.9279999999999999,0.9280626368314006,1,0.0625
2651,80399,14,0.9369999999999999,0.9371044729734005,1,0.07142857142857142
2652,80413,14,0.9369999999999999,0.9370526845828154,1,0.07142857142857142
2653,80429,16,0.9279999999999999,0.9280751646105287,1,0.0625
2654,80443,14,0.9369999999999999,0.9370467854392466,1,0.07142857142857142
2655,80457,14,0.9369999999999999,0.937074002774455,1,0.07142857142857142
2656,80471,14,0.9369999999999999,0.9371143467677403,1,0.07142857142857142
2657,80485,14,0.9369999999999999,0.9370738094590692,1,0.07142857142857142
2658,80501,16,0.9279999999999999,0.928213831699303,1,0.1875
2659,80517,16,0.9279999999999999,0.9280933246979239,1,0.0625
2660,80531,14,0.9369999999999999,0.9370905852665069,1,0.07142857142857142
2661,80545,14,0.9369999999999999,0.9370679881556819,1,0.07142857142857142
2662,80559,14,0.9369999999999999,0.9370907088621219,1,0.07142857142857142
2663,80573,14,0.9369999999999999,0.9370463535503553,1,0.07142857142857142
2664,80587,14,0.9369999999999999,0.9370733365158995,1,0.07142857142857142
2665,80601,14,0.9369999999999999,0.9370590489898383,1,0.07142857142857142
2666,80615,14,0.9369999999999999,0.9371001650623141,1,0.07142857142857142
2667,80631,16,0.9279999999999999,0.9280560427281946,1,0.0625
2668,80645,14,0.9369999999999999,0.9370495001062061,1,0.07142857142857142
2669,80659,14,0.9369999999999999,0.9370655876191478,1,0.07142857142857142
2670,80675,16,0.9279999999999999,0.9280696088929286,1,0.0625
2671,80691,16,0.9279999999999999,0.9281893108141384,1,0.1875
2672,80705,14,0.9369999999999999,0.9370413903862647,1,0.07142857142857142
2673,80719,14,0.9369999999999999,0.9371077231794354,1,0.07142857142857142
2674,80735,16,0.9279999999999999,0.9280941877695641,1,0.0625
2675,80751,16,0.9279999999999999,0.9280609512866977,1,0.0625
2676,80765,14,0.9369999999999999,0.9370542377258272,1,0.07142857142857142
2677,80781,16,0.9279999999999999,0.9280671827384592,1,0.0625
2678,80795,14,0.9369999999999999,0.937050817223662,1,0.07142857142857142
2679,80809,14,0.9369999999999999,0.9370622500358324,1,0.07142857142857142
2680,80823,14,0.9369999999999999,0.9371327083787536,1,0.07142857142857142
2681,80839,16,0.9279999999999999,0.9281267927158913,1,0.0625
2682,80855,16,0.9279999999999999,0.9283146081604134,1,0.1875
2683,80869,14,0.9369999999999999,0.9371433183691823,1,0.07142857142857142
2684,80885,16,0.9279999999999999,0.9280619374968414,1,0.0625
2685,80901,16,0.9279999999999999,0.9280673997893921,1,0.0625
2686,80915,14,0.9369999999999999,0.9371126193074039,1,0.07142857142857142
2687,80929,14,0.9369999999999999,0.9370952481898867,1,0.07142857142857142
2688,80943,14,0.9369999999999999,0.9370515653480609,1,0.07142857142857142
2689,80957,14,0.9369999999999999,0.9370606641543676,1,0.07142857142857142
2690,80973,16,0.9279999999999999,0.928216921738868,1,0.1875
2691,80987,14,0.9369999999999999,0.9371100251067958,1,0.07142857142857142
2692,81003,16,0.9279999999999999,0.9282265029472068,1,0.1875
2693,81021,18,0.919,0.9190862958854074,1,0.05555555555555555
2694,81035,14,0.9369999999999999,0.9370458856275129,1,0.07142857142857142
2695,81049,14,0.9369999999999999,0.9370744565336886,1,0.07142857142857142
2696,81063,14,0.9369999999999999,0.9372685718005446,1,0.07142857142857142
2697,81077,14,0.9369999999999999,0.9370626205763556,1,0.07142857142857142
2698,81093,16,0.9279999999999999,0.9280605550832154,1,0.0625
2699,81107,14,0.9369999999999999,0.937042057398746,1,0.07142857142857142
2700,81125,18,0.919,0.9191037338761118,1,0.05555555555555555
2701,81143,18,0.919,0.9190690353098361,1,0.05555555555555555
2702,81157,14,0.9369999999999999,0.9370920167098268,1,0.07142857142857142
2703,81175,18,0.919,0.9190633111959046,1,0.05555555555555555
2704,81189,14,0.9369999999999999,0.9370416474440836,1,0.07142857142857142
2705,81205,16,0.9279999999999999,0.9280554686885568,1,0.0625
2706,81223,18,0.919,0.9190538581067329,1,0.05555555555555555
2707,81237,14,0.9369999999999999,0.9370533950102661,1,0.07142857142857142
2708,81251,14,0.9369999999999999,0.9370512008810992,1,0.07142857142857142
2709,81267,16,0.9279999999999999,0.9280569250634688,1,0.0625
2710,81281,14,0.9369999999999999,0.9370563347312442,1,0.07142857142857142
2711,81295,14,0.9369999999999999,0.9370629242417747,1,0.07142857142857142
2712,81311,16,0.9279999999999999,0.9282404303831645,1,0.1875
2713,81325,14,0.9369999999999999,0.9370352169275592,1,0.07142857142857142
2714,81341,16,0.9279999999999999,0.9280615179441626,1,0.0625
2715,81355,14,0.9369999999999999,0.9370360911129693,1,0.07142857142857142
2716,81369,14,0.9369999999999999,0.9370553561667287,1,0.07142857142857142
2717,81383,14,0.9369999999999999,0.937099211116181,1,0.07142857142857142
2718,81397,14,0.9369999999999999,0.9370700261411025,1,0.07142857142857142
2719,81413,16,0.9279999999999999,0.9280387851126677,1,0.0625
2720,81427,14,0.9369999999999999,0.9371177662264873,1,0.07142857142857142
2721,81445,18,0.919,0.9193072152304026,1,0.16666666666666666
2722,81459,14,0.9369999999999999,0.9371142731821765,1,0.07142857142857142
2723,81475,16,0.9279999999999999,0.9280564501882105,1,0.0625
2724,81491,16,0.9279999999999999,0.9280516168235781,1,0.0625
2725,81505,14,0.9369999999999999,0.9370754677701338,1,0.07142857142857142
2726,81519,14,0.9369999999999999,0.9370607768255717,1,0.07142857142857142
2727,81535,16,0.9279999999999999,0.928133076471578,1,0.0625
2728,81551,16,0.9279999999999999,0.928049705480441,1,0.0625
2729,81565,14,0.9369999999999999,0.937066110921566,1,0.07142857142857142
2730,81581,16,0.9279999999999999,0.9282385118057078,1,0.1875
2731,81597,16,0.9279999999999999,0.9280758808410414,1,0.0625
2732,81611,14,0.9369999999999999,0.9370661806004086,1,0.07142857142857142
2733,81625,14,0.9369999999999999,0.937059462199627,1,0.07142857142857142
2734,81639,14,0.9369999999999999,0.937040360951794,1,0.07142857142857142
2735,81659,20,0.91,0.9100592200827033,1,0.05
2736,81673,14,0.9369999999999999,0.9370347282364015,1,0.07142857142857142
2737,81687,14,0.9369999999999999,0.9370553623102984,1,0.07142857142857142
2738,81703,16,0.9279999999999999,0.928115857781259,1,0.0625
2739,81717,14,0.9369999999999999,0.9370618016627476,1,0.07142857142857142
2740,81731,14,0.9369999999999999,0.937061494950764,1,0.07142857142857142
2741,81745,14,0.9369999999999999,0.9370596316745576,1,0.07142857142857142
2742,81759,14,0.9369999999999999,0.9371082771787852,1,0.07142857142857142
2743,81773,14,0.9369999999999999,0.9370404981217447,1,0.07142857142857142
2744,81787,14,0.9369999999999999,0.9370798644794549,1,0.07142857142857142
2745,81803,16,0.9279999999999999,0.9280721332404771,1,0.0625
2746,81821,18,0.919,0.9194126404294066,1,0.16666666666666666
2747,81839,18,0.919,0.9190669062750967,1,0.05555555555555555
2748,81853,14,0.9369999999999999,0.9370487006071788,1,0.07142857142857142
2749,81867,14,0.9369999999999999,0.9370271726799829,1,0.07142857142857142
2750,81881,14,0.9369999999999999,0.9370609440434321,1,0.07142857142857142
2751,81895,14,0.9369999999999999,0.9370563748351795,1,0.07142857142857142
2752,81911,16,0.9279999999999999,0.9280652978119504,1,0.0625
2753,81925,14,0.9369999999999999,0.9370651727120192,1,0.07142857142857142
2754,81939,14,0.9369999999999999,0.9370447746002731,1,0.07142857142857142
2755,81953,14,0.9369999999999999,0.9370572059538479,1,0.07142857142857142
2756,81967,14,0.9369999999999999,0.9370541194360373,1,0.07142857142857142
2757,81983,16,0.9279999999999999,0.9281094609143717,1,0.0625
2758,81997,14,0.9369999999999999,0.9371081276679791,1,0.07142857142857142
2759,82013,16,0.9279999999999999,0.9280517004036579,1,0.0625
2760,82029,16,0.9279999999999999,0.9282320174133641,1,0.1875
2761,82043,14,0.9369999999999999,0.9370388729365879,1,0.07142857142857142
2762,82057,14,0.9369999999999999,0.937071345897115,1,0.07142857142857142
2763,82073,16,0.9279999999999999,0.9281122626627375,1,0.0625
2764,82093,20,0.91,0.9100547869974127,1,0.05
2765,82108,15,0.9325,0.9325949769748603,1,0.06666666666666667
2766,82129,21,0.9055,0.9055803318956053,1,0.047619047619047616
2767,82151,22,0.901,0.9010777294968897,1,0.045454545454545456
2768,82172,21,0.9055,0.9055653696571275,1,0.047619047619047616
2769,82189,17,0.9235,0.9235470140238237,1,0.058823529411764705
2770,82207,18,0.919,0.9190474813980101,1,0.05555555555555555
2771,82221,14,0.9369999999999999,0.9370579111958021,1,0.07142857142857142
2772,82236,15,0.9325,0.9326382957846361,1,0.06666666666666667
2773,82250,14,0.9369999999999999,0.9370684736762132,1,0.07142857142857142
2774,82264,14,0.9369999999999999,0.9370889870682987,1,0.07142857142857142
2775,82278,14,0.9369999999999999,0.9370859075875921,1,0.07142857142857142
2776,82292,14,0.9369999999999999,0.9370540590461042,1,0.07142857142857142
2777,82306,14,0.9369999999999999,0.9370787494813111,1,0.07142857142857142
2778,82320,14,0.9369999999999999,0.9370527130066216,1,0.07142857142857142
2779,82340,20,0.91,0.9103169115968183,1,0.15
2780,82355,15,0.9325,0.9325614992523309,1,0.06666666666666667
2781,82371,16,0.9279999999999999,0.9280440805443914,1,0.0625
2782,82396,25,0.8875,0.8875752322682632,1,0.04
2783,82410,14,0.9369999999999999,0.937045892292116,1,0.07142857142857142
2784,82436,26,0.883,0.8831063085495323,1,0.038461538461538464
2785,82464,28,0.874,0.8741410434247373,1,0.03571428571428571
2786,82497,33,0.8514999999999999,0.8515678341134101,1,0.030303030303030304
2787,82511,14,0.9369999999999999,0.9371448637550084,1,0.07142857142857142
2788,82531,20,0.91,0.9100575747924329,1,0.05
2789,82549,18,0.919,0.9190857794191257,1,0.05555555555555555
2790,82572,23,0.8965,0.8966026738306272,1,0.043478260869565216
2791,82588,16,0.9279999999999999,0.928085112048348,1,0.0625
2792,82604,16,0.9279999999999999,0.9280428318759864,1,0.0625
2793,82618,14,0.9369999999999999,0.9370695442560006,1,0.07142857142857142
2794,82646,28,0.874,0.8740804093815056,1,0.03571428571428571
2795,82663,17,0.9235,0.9235878587360173,1,0.058823529411764705
2796,82683,20,0.91,0.9100800069312462,1,0.05
2797,82701,18,0.919,0.9190892914149315,1,0.05555555555555555
2798,82717,16,0.9279999999999999,0.9280465623182659,1,0.0625
2799,82733,16,0.9279999999999999,0.9280815858605613,1,0.0625
2800,82751,18,0.919,0.9190577657968306,1,0.05555555555555555
2801,82772,21,0.9055,0.905801091048569,1,0.14285714285714285
2802,82786,14,0.9369999999999999,0.937047475115628,1,0.07142857142857142
2803,82803,17,0.9235,0.9235544392590748,1,0.058823529411764705
2804,82821,18,0.919,0.9190661512989601,1,0.05555555555555555
2805,82838,17,0.9235,0.9236090201552684,1,0.058823529411764705
2806,82861,23,0.8965,0.8965698747082466,1,0.043478260869565216
2807,82875,14,0.9369999999999999,0.937049103312963,1,0.07142857142857142
2808,82891,16,0.9279999999999999,0.9280632922716185,1,0.0625
2809,82917,26,0.883,0.8830786087121206,1,0.038461538461538464
2810,82931,14,0.9369999999999999,0.9370404917889174,1,0.07142857142857142
2811,82954,23,0.8965,0.896601924298416,1,0.043478260869565216
2812,82972,18,0.919,0.9190592107264234,1,0.05555555555555555
2813,82990,18,0.919,0.9191832927849415,1,0.16666666666666666
2814,83004,14,0.9369999999999999,0.9371053662848559,1,0.07142857142857142
2815,83018,14,0.9369999999999999,0.9370486727278055,1,0.07142857142857142
2816,83033,15,0.9325,0.9325395098735303,1,0.06666666666666667
2817,83047,14,0.9369999999999999,0.9370385466332067,1,0.07142857142857142
2818,83061,14,0.9369999999999999,0.9370375760103659,1,0.07142857142857142
2819,83077,16,0.9279999999999999,0.9280455935379741,1,0.0625
2820,83091,14,0.9369999999999999,0.9370565733251841,1,0.07142857142857142
2821,83109,18,0.919,0.9190592817262396,1,0.05555555555555555
2822,83123,14,0.9369999999999999,0.9370309697585992,1,0.07142857142857142
2823,83137,14,0.9369999999999999,0.9370484845265076,1,0.07142857142857142
2824,83153,16,0.9279999999999999,0.9280516692190475,1,0.0625
2825,83171,18,0.919,0.9191456687280729,1,0.05555555555555555
2826,83185,14,0.9369999999999999,0.9370577500191423,1,0.07142857142857142
2827,83201,16,0.9279999999999999,0.9280476550613055,1,0.0625
2828,83215,14,0.9369999999999999,0.9370836239735155,1,0.07142857142857142
2829,83229,14,0.9369999999999999,0.9370995118375535,1,0.07142857142857142
2830,83243,14,0.9369999999999999,0.9370327328553786,1,0.07142857142857142
2831,83259,16,0.9279999999999999,0.9280862191426046,1,0.0625
2832,83273,14,0.9369999999999999,0.9370459758070535,1,0.07142857142857142
2833,83289,16,0.9279999999999999,0.9281311525644524,1,0.0625
2834,83303,14,0.9369999999999999,0.9371109021931002,1,0.07142857142857142
2835,83317,14,0.9369999999999999,0.9370874607639222,1,0.07142857142857142
2836,83332,15,0.9325,0.9325566042246068,1,0.06666666666666667
2837,83346,14,0.9369999999999999,0.9371011470234051,1,0.07142857142857142
2838,83362,16,0.9279999999999999,0.9280345173871933,1,0.0625
2839,83376,14,0.9369999999999999,0.9370402174232105,1,0.07142857142857142
2840,83390,14,0.9369999999999999,0.9370796329950603,1,0.07142857142857142
2841,83406,16,0.9279999999999999,0.9281081185995388,1,0.0625
2842,83420,14,0.9369999999999999,0.9370572437847803,1,0.07142857142857142
2843,83436,16,0.9279999999999999,0.928059109108078,1,0.0625
2844,83452,16,0.9279999999999999,0.9280650794962846,1,0.0625
2845,83466,14,0.9369999999999999,0.9370567187792197,1,0.07142857142857142
2846,83480,14,0.9369999999999999,0.9370419849076577,1,0.07142857142857142
2847,83494,14,0.9369999999999999,0.9370844162415308,1,0.07142857142857142
2848,83508,14,0.9369999999999999,0.9370644847320094,1,0.07142857142857142
2849,83522,14,0.9369999999999999,0.93704545438575,1,0.07142857142857142
2850,83536,14,0.9369999999999999,0.9371065587430328,1,0.07142857142857142
2851,83550,14,0.9369999999999999,0.9370560737167744,1,0.07142857142857142
2852,83566,16,0.9279999999999999,0.9280563707734011,1,0.0625
2853,83587,21,0.9055,0.9055603925164148,1,0.047619047619047616
2854,83611,24,0.892,0.8924059391560978,1,0.125
2855,83625,14,0.9369999999999999,0.9370582148843295,1,0.07142857142857142
2856,83639,14,0.9369999999999999,0.9370650688538651,1,0.07142857142857142
2857,83655,16,0.9279999999999999,0.9280725716087231,1,0.0625
2858,83669,14,0.9369999999999999,0.937059414553778,1,0.07142857142857142
2859,83689,20,0.91,0.9100787177692792,1,0.05
2860,83703,14,0.9369999999999999,0.9370659699056654,1,0.07142857142857142
2861,83717,14,0.9369999999999999,0.9370763361875726,1,0.07142857142857142
2862,83731,14,0.9369999999999999,0.9370387961098231,1,0.07142857142857142
2863,83745,14,0.9369999999999999,0.9370840391784749,1,0.07142857142857142
2864,83759,14,0.9369999999999999,0.9370808871869147,1,0.07142857142857142
2865,83775,16,0.9279999999999999,0.9280443626666972,1,0.0625
2866,83789,14,0.9369999999999999,0.9370435363639783,1,0.07142857142857142
2867,83805,16,0.9279999999999999,0.9280667263113679,1,0.0625
2868,83819,14,0.9369999999999999,0.9370759178906714,1,0.07142857142857142
2869,83833,14,0.9369999999999999,0.9370753074058094,1,0.07142857142857142
2870,83847,14,0.9369999999999999,0.9370630786814805,1,0.07142857142857142
2871,83861,14,0.9369999999999999,0.9370541039154673,1,0.07142857142857142
2872,83875,14,0.9369999999999999,0.9370562288785279,1,0.07142857142857142
2873,83893,18,0.919,0.9190569205985222,1,0.05555555555555555
2874,83909,16,0.9279999999999999,0.9280520622719413,1,0.0625
2875,83923,14,0.9369999999999999,0.9370516827072751,1,0.07142857142857142
2876,83937,14,0.9369999999999999,0.9370653496677953,1,0.07142857142857142
2877,83951,14,0.9369999999999999,0.9370743976186956,1,0.07142857142857142
2878,83967,16,0.9279999999999999,0.9283684883758304,1,0.1875
2879,83983,16,0.9279999999999999,0.9280728682779577,1,0.0625
2880,83999,16,0.9279999999999999,0.9280948812139661,1,0.0625
2881,84017,18,0.919,0.9191051907359571,1,0.05555555555555555
2882,84031,14,0.9369999999999999,0.937105325868172,1,0.07142857142857142
2883,84045,14,0.9369999999999999,0.9370644900817142,1,0.07142857142857142
2884,84065,20,0.91,0.910057541765208,1,0.05
2885,84081,16,0.9279999999999999,0.9280943587864594,1,0.0625
2886,84097,16,0.9279999999999999,0.9280863732986836,1,0.0625
2887,84111,14,0.9369999999999999,0.9370336895791238,1,0.07142857142857142
2888,84125,14,0.9369999999999999,0.9370615684380645,1,0.07142857142857142
2889,84139,14,0.9369999999999999,0.9370544768925124,1,0.07142857142857142
2890,84155,16,0.9279999999999999,0.9280656383462849,1,0.0625
2891,84169,14,0.9369999999999999,0.9370411334408469,1,0.07142857142857142
2892,84185,16,0.9279999999999999,0.9280580971758995,1,0.0625
2893,84199,14,0.9369999999999999,0.937037062922532,1,0.07142857142857142
2894,84215,16,0.9279999999999999,0.9282210625333116,1,0.1875
2895,84229,14,0.9369999999999999,0.9370754052860628,1,0.07142857142857142
2896,84245,16,0.9279999999999999,0.928278916027364,1,0.1875
2897,84263,18,0.919,0.9190739952513621,1,0.05555555555555555
2898,84277,14,0.9369999999999999,0.937087999083199,1,0.07142857142857142
2899,84291,14,0.9369999999999999,0.9370523915719285,1,0.07142857142857142
2900,84305,14,0.9369999999999999,0.9371288587498898,1,0.07142857142857142
2901,84319,14,0.9369999999999999,0.9370671004103274,1,0.07142857142857142
2902,84333,14,0.9369999999999999,0.9370806680414224,1,0.07142857142857142
2903,84349,16,0.9279999999999999,0.9280604801731468,1,0.0625
2904,84363,14,0.9369999999999999,0.9370509883893655,1,0.07142857142857142
2905,84379,16,0.9279999999999999,0.9280597739637247,1,0.0625
2906,84393,14,0.9369999999999999,0.9370727222500117,1,0.07142857142857142
2907,84411,18,0.919,0.9192039385161411,1,0.16666666666666666
2908,84425,14,0.9369999999999999,0.9370471142117622,1,0.07142857142857142
2909,84439,14,0.9369999999999999,0.9370215608573513,1,0.07142857142857142
2910,84453,14,0.9369999999999999,0.9370375608217008,1,0.07142857142857142
2911,84467,14,0.9369999999999999,0.937051058921698,1,0.07142857142857142
2912,84485,18,0.919,0.919055578196751,1,0.05555555555555555
2913,84499,14,0.9369999999999999,0.9370354487077445,1,0.07142857142857142
2914,84515,16,0.9279999999999999,0.9280653324160142,1,0.0625
2915,84529,14,0.9369999999999999,0.9370350881313927,1,0.07142857142857142
2916,84543,14,0.9369999999999999,0.9370908716948608,1,0.07142857142857142
2917,84557,14,0.9369999999999999,0.9370960444015417,1,0.07142857142857142
2918,84571,14,0.9369999999999999,0.9370681696515797,1,0.07142857142857142
2919,84589,18,0.919,0.9190723238261359,1,0.05555555555555555
2920,84603,14,0.9369999999999999,0.9370896123051979,1,0.07142857142857142
2921,84617,14,0.9369999999999999,0.937075300467529,1,0.07142857142857142
2922,84631,14,0.9369999999999999,0.9370520846535757,1,0.07142857142857142
2923,84645,14,0.9369999999999999,0.9370559478388846,1,0.07142857142857142
2924,84686,41,0.8155,0.8156016072332035,1,0.024390243902439025
2925,84706,20,0.91,0.9100772180521474,1,0.05
2926,84720,14,0.9369999999999999,0.9370627048614513,1,0.07142857142857142
2927,84746,26,0.883,0.883053903585107,1,0.038461538461538464
2928,84762,16,0.9279999999999999,0.9280635572806839,1,0.0625
2929,84776,14,0.9369999999999999,0.9370610659110042,1,0.07142857142857142
2930,84792,16,0.9279999999999999,0.9280514387256157,1,0.0625
2931,84806,14,0.9369999999999999,0.9370566669161402,1,0.07142857142857142
2932,84820,14,0.9369999999999999,0.9370681246352021,1,0.07142857142857142
2933,84834,14,0.9369999999999999,0.9370901683264921,1,0.07142857142857142
2934,84848,14,0.9369999999999999,0.9370428819475959,1,0.07142857142857142
2935,84864,16,0.9279999999999999,0.9280351840171913,1,0.0625
2936,84878,14,0.9369999999999999,0.9370607765918697,1,0.07142857142857142
2937,84896,18,0.919,0.91907778367148,1,0.05555555555555555
2938,84910,14,0.9369999999999999,0.9371244890110879,1,0.07142857142857142
2939,84938,28,0.874,0.8740873266284445,1,0.03571428571428571
2940,84956,18,0.919,0.9190916997872685,1,0.05555555555555555
2941,84974,18,0.919,0.9190875075788222,1,0.05555555555555555
2942,84988,14,0.9369999999999999,0.937050979546728,1,0.07142857142857142
2943,85002,14,0.9369999999999999,0.9370679993276947,1,0.07142857142857142
2944,85020,18,0.919,0.9192441477503752,1,0.16666666666666666
2945,85036,16,0.9279999999999999,0.9281425603243675,1,0.0625
2946,85052,16,0.9279999999999999,0.9282501263809672,1,0.1875
2947,85066,14,0.9369999999999999,0.9371434272347423,1,0.07142857142857142
2948,85080,14,0.9369999999999999,0.9370677095982031,1,0.07142857142857142
2949,85094,14,0.9369999999999999,0.9370471205543716,1,0.07142857142857142
2950,85108,14,0.9369999999999999,0.9370604416977917,1,0.07142857142857142
2951,85134,26,0.883,0.883041406151654,1,0.038461538461538464
2952,85148,14,0.9369999999999999,0.9370516572653389,1,0.07142857142857142
2953,85166,18,0.919,0.9190603489145597,1,0.05555555555555555
2954,85185,19,0.9145,0.9145721103289028,1,0.05263157894736842
2955,85201,16,0.9279999999999999,0.9280815983171945,1,0.0625
2956,85219,18,0.919,0.919121381102421,1,0.05555555555555555
2957,85239,20,0.91,0.9100824787161708,1,0.05
2958,85253,14,0.9369999999999999,0.9370603432651541,1,0.07142857142857142
2959,85267,14,0.9369999999999999,0.9370534367045632,1,0.07142857142857142
2960,85281,14,0.9369999999999999,0.9371469299673715,1,0.07142857142857142
2961,85295,14,0.9369999999999999,0.9370490112737172,1,0.07142857142857142
2962,85311,16,0.9279999999999999,0.9282376653504171,1,0.1875
2963,85327,16,0.9279999999999999,0.9280832692055543,1,0.0625
2964,85341,14,0.9369999999999999,0.937069406560981,1,0.07142857142857142
2965,85355,14,0.9369999999999999,0.9370892019312301,1,0.07142857142857142
2966,85369,14,0.9369999999999999,0.9370739601287326,1,0.07142857142857142
2967,85383,14,0.9369999999999999,0.9370434250247326,1,0.07142857142857142
2968,85397,14,0.9369999999999999,0.9370756394457539,1,0.07142857142857142
2969,85411,14,0.9369999999999999,0.9370999188507415,1,0.07142857142857142
2970,85427,16,0.9279999999999999,0.928069686075181,1,0.0625
2971,85441,14,0.9369999999999999,0.9370847233199123,1,0.07142857142857142
2972,85455,14,0.9369999999999999,0.9370417354349024,1,0.07142857142857142
2973,85469,14,0.9369999999999999,0.9370571881805249,1,0.07142857142857142
2974,85489,20,0.91,0.9100694258599012,1,0.05
2975,85505,16,0.9279999999999999,0.9280681050474657,1,0.0625
2976,85519,14,0.9369999999999999,0.9370379637915754,1,0.07142857142857142
2977,85533,14,0.9369999999999999,0.9370527417480201,1,0.07142857142857142
2978,85548,15,0.9325,0.932593285820324,1,0.06666666666666667
2979,85562,14,0.9369999999999999,0.9370425920746484,1,0.07142857142857142
2980,85576,14,0.9369999999999999,0.9370571270064403,1,0.07142857142857142
2981,85590,14,0.9369999999999999,0.9370674981903919,1,0.07142857142857142
2982,85604,14,0.9369999999999999,0.9370549448612341,1,0.07142857142857142
2983,85618,14,0.9369999999999999,0.937050988580839,1,0.07142857142857142
2984,85634,16,0.9279999999999999,0.9280552216120755,1,0.0625
2985,85650,16,0.9279999999999999,0.9280447980770489,1,0.0625
2986,85666,16,0.9279999999999999,0.928103694688689,1,0.0625
2987,85680,14,0.9369999999999999,0.9370750211163019,1,0.07142857142857142
2988,85698,18,0.919,0.9196271149240676,1,0.2777777777777778
2989,85714,16,0.9279999999999999,0.9280493070017684,1,0.0625
2990,85730,16,0.9279999999999999,0.9281033800343407,1,0.0625
2991,85746,16,0.9279999999999999,0.928085155497195,1,0.0625
2992,85760,14,0.9369999999999999,0.9370918162672829,1,0.07142857142857142
2993,85774,14,0.9369999999999999,0.9370447869464307,1,0.07142857142857142
2994,85788,14,0.9369999999999999,0.9370776397503613,1,0.07142857142857142
2995,85804,16,0.9279999999999999,0.9283625469127641,1,0.1875
2996,85820,16,0.9279999999999999,0.9280689227830714,1,0.0625
2997,85834,14,0.9369999999999999,0.9370886289386064,1,0.07142857142857142
2998,85848,14,0.9369999999999999,0.9370580688088936,1,0.07142857142857142
2999,85864,16,0.9279999999999999,0.9280480879740158,1,0.0625
3000,85878,14,0.9369999999999999,0.9370532834255451,1,0.07142857142857142
3001,85892,14,0.9369999999999999,0.9370478931115611,1,0.07142857142857142
3002,85908,16,0.9279999999999999,0.9280536540296718,1,0.0625
3003,85922,14,0.9369999999999999,0.9370626920761359,1,0.07142857142857142
3004,85936,14,0.9369999999999999,0.9370593294780034,1,0.07142857142857142
3005,85952,16,0.9279999999999999,0.9280419953030955,1,0.0625
3006,85966,14,0.9369999999999999,0.9370568393645794,1,0.07142857142857142
3007,85980,14,0.9369999999999999,0.9370472734885185,1,0.07142857142857142
3008,85996,16,0.9279999999999999,0.9280954200312085,1,0.0625
3009,86014,18,0.919,0.9190594938815309,1,0.05555555555555555
3010,86028,14,0.9369999999999999,0.937052463102809,1,0.07142857142857142
3011,86042,14,0.9369999999999999,0.9370436578330752,1,0.07142857142857142
3012,86056,14,0.9369999999999999,0.9371155884244252,1,0.07142857142857142
3013,86072,16,0.9279999999999999,0.9280477014079144,1,0.0625
3014,86088,16,0.9279999999999999,0.9281056671787717,1,0.0625
3015,86106,18,0.919,0.9190730289050663,1,0.05555555555555555
3016,86122,16,0.9279999999999999,0.928079994864924,1,0.0625
3017,86136,14,0.9369999999999999,0.9370838441996161,1,0.07142857142857142
3018,86152,16,0.9279999999999999,0.9280756782885637,1,0.0625
3019,86173,21,0.9055,0.9055770341791529,1,0.047619047619047616
3020,86187,14,0.9369999999999999,0.9370852669398378,1,0.07142857142857142
3021,86201,14,0.9369999999999999,0.9370722830563113,1,0.07142857142857142
3022,86215,14,0.9369999999999999,0.9370549752130218,1,0.07142857142857142
3023,86231,16,0.9279999999999999,0.9280511749315441,1,0.0625
3024,86247,16,0.9279999999999999,0.9280671719401543,1,0.0625
3025,86264,17,0.9235,0.9235499237024574,1,0.058823529411764705
3026,86280,16,0.9279999999999999,0.9281436692938939,1,0.0625
3027,86294,14,0.9369999999999999,0.9370620849221402,1,0.07142857142857142
3028,86308,14,0.9369999999999999,0.9370345168835936,1,0.07142857142857142
3029,86322,14,0.9369999999999999,0.9370492965886934,1,0.07142857142857142
3030,86336,14,0.9369999999999999,0.9370687802425114,1,0.07142857142857142
3031,86350,14,0.9369999999999999,0.9370545727046086,1,0.07142857142857142
3032,86364,14,0.9369999999999999,0.9370415835554391,1,0.07142857142857142
3033,86378,14,0.9369999999999999,0.9370730203621498,1,0.07142857142857142
3034,86392,14,0.9369999999999999,0.9370726530868386,1,0.07142857142857142
3035,86406,14,0.9369999999999999,0.9370907220238527,1,0.07142857142857142
3036,86420,14,0.9369999999999999,0.9370429595712615,1,0.07142857142857142
3037,86434,14,0.9369999999999999,0.9370609887824137,1,0.07142857142857142
3038,86448,14,0.9369999999999999,0.937095036250765,1,0.07142857142857142
3039,86462,14,0.9369999999999999,0.9370697706467033,1,0.07142857142857142
3040,86476,14,0.9369999999999999,0.9370369594814257,1,0.07142857142857142
3041,86490,14,0.9369999999999999,0.9370364648586924,1,0.07142857142857142
3042,86504,14,0.9369999999999999,0.9370711960621294,1,0.07142857142857142
3043,86518,14,0.9369999999999999,0.9371447939478422,1,0.07142857142857142
3044,86534,16,0.9279999999999999,0.9280604227476448,1,0.0625
3045,86554,20,0.91,0.9100829637697813,1,0.05
3046,86568,14,0.9369999999999999,0.9370687840915121,1,0.07142857142857142
3047,86582,14,0.9369999999999999,0.9370605187190901,1,0.07142857142857142
3048,86598,16,0.9279999999999999,0.9282316771975101,1,0.1875
3049,86612,14,0.9369999999999999,0.9370422014789114,1,0.07142857142857142
3050,86628,16,0.9279999999999999,0.928259592121818,1,0.1875
3051,86644,16,0.9279999999999999,0.9281116144522906,1,0.0625
3052,86660,16,0.9279999999999999,0.9280373253539569,1,0.0625
3053,86674,14,0.9369999999999999,0.937082917167527,1,0.07142857142857142
3054,86688,14,0.9369999999999999,0.9370534212505608,1,0.07142857142857142
3055,86704,16,0.9279999999999999,0.9281172250150469,1,0.0625
3056,86720,16,0.9279999999999999,0.9280674294740473,1,0.0625
3057,86734,14,0.9369999999999999,0.9370602576410181,1,0.07142857142857142
3058,86750,16,0.9279999999999999,0.9280494306044843,1,0.0625
3059,86764,14,0.9369999999999999,0.9370528164343062,1,0.07142857142857142
3060,86783,19,0.9145,0.9145693070826993,1,0.05263157894736842
3061,86799,16,0.9279999999999999,0.92806569210944,1,0.0625
3062,86813,14,0.9369999999999999,0.9370910732560144,1,0.07142857142857142
3063,86827,14,0.9369999999999999,0.9370435653989563,1,0.07142857142857142
3064,86841,14,0.9369999999999999,0.9370877280689288,1,0.07142857142857142
3065,86855,14,0.9369999999999999,0.9370315834188037,1,0.07142857142857142
3066,86869,14,0.9369999999999999,0.937074820950819,1,0.07142857142857142
3067,86886,17,0.9235,0.9235643086658462,1,0.058823529411764705
3068,86902,16,0.9279999999999999,0.9280514018540815,1,0.0625
3069,86916,14,0.9369999999999999,0.9370471665074127,1,0.07142857142857142
3070,86930,14,0.9369999999999999,0.9370548105332311,1,0.07142857142857142
3071,86944,14,0.9369999999999999,0.9370592716278974,1,0.07142857142857142
3072,86958,14,0.9369999999999999,0.9370708473759387,1,0.07142857142857142
3073,86972,14,0.9369999999999999,0.93706108310741,1,0.07142857142857142
3074,86986,14,0.9369999999999999,0.9370734880037649,1,0.07142857142857142
3075,87000,14,0.9369999999999999,0.9370584819423139,1,0.07142857142857142
3076,87014,14,0.9369999999999999,0.9370465736121408,1,0.07142857142857142
3077,87030,16,0.9279999999999999,0.9283427321172835,1,0.1875
3078,87044,14,0.9369999999999999,0.9370669092228783,1,0.07142857142857142
3079,87058,14,0.9369999999999999,0.9370825105771434,1,0.07142857142857142
3080,87072,14,0.9369999999999999,0.9370547935155902,1,0.07142857142857142
3081,87086,14,0.9369999999999999,0.9370904755770411,1,0.07142857142857142
3082,87102,16,0.9279999999999999,0.9280618906544441,1,0.0625
3083,87116,14,0.9369999999999999,0.937063192326042,1,0.07142857142857142
3084,87133,17,0.9235,0.9235907647070775,1,0.058823529411764705
3085,87147,14,0.9369999999999999,0.9370739400568799,1,0.07142857142857142
3086,87161,14,0.9369999999999999,0.937079413855845,1,0.07142857142857142
3087,87177,16,0.9279999999999999,0.9280986489469412,1,0.0625
3088,87191,14,0.9369999999999999,0.9370782360933009,1,0.07142857142857142
3089,87205,14,0.9369999999999999,0.9370533637101652,1,0.07142857142857142
3090,87219,14,0.9369999999999999,0.9371102252085821,1,0.07142857142857142
3091,87233,14,0.9369999999999999,0.9370991944532799,1,0.07142857142857142
3092,87247,14,0.9369999999999999,0.9370863318472988,1,0.07142857142857142
3093,87261,14,0.9369999999999999,0.9370815630203561,1,0.07142857142857142
3094,87277,16,0.9279999999999999,0.9282159384994745,1,0.1875
3095,87291,14,0.9369999999999999,0.9370441430563952,1,0.07142857142857142
3096,87307,16,0.9279999999999999,0.9282405394800415,1,0.1875
3097,87323,16,0.9279999999999999,0.9280535081398352,1,0.0625
3098,87339,16,0.9279999999999999,0.9280645613403068,1,0.0625
3099,87353,14,0.9369999999999999,0.9370724292568794,1,0.07142857142857142
3100,87367,14,0.9369999999999999,0.9370540942713875,1,0.07142857142857142
3101,87395,28,0.874,0.8740819672211437,1,0.03571428571428571
3102,87411,16,0.9279999999999999,0.9280751468757401,1,0.0625
3103,87427,16,0.9279999999999999,0.9280688712106134,1,0.0625
3104,87443,16,0.9279999999999999,0.9282800953772973,1,0.1875
3105,87459,16,0.9279999999999999,0.9280373021278626,1,0.0625
3106,87475,16,0.9279999999999999,0.9280454521395852,1,0.0625
3107,87489,14,0.9369999999999999,0.9370561257170191,1,0.07142857142857142
3108,87503,14,0.9369999999999999,0.9370690543945907,1,0.07142857142857142
3109,87519,16,0.9279999999999999,0.9280678532722693,1,0.0625
3110,87533,14,0.9369999999999999,0.9370498735601336,1,0.07142857142857142
3111,87551,18,0.919,0.919095040109075,1,0.05555555555555555
3112,87571,20,0.91,0.910215282742997,1,0.15
3113,87585,14,0.9369999999999999,0.9370605469171367,1,0.07142857142857142
3114,87599,14,0.9369999999999999,0.9370417226648625,1,0.07142857142857142
3115,87613,14,0.9369999999999999,0.937045477628399,1,0.07142857142857142
3116,87627,14,0.9369999999999999,0.9370763654833352,1,0.07142857142857142
3117,87641,14,0.9369999999999999,0.9370735331421084,1,0.07142857142857142
3118,87657,16,0.9279999999999999,0.9280752598874168,1,0.0625
3119,87675,18,0.919,0.9190535689918108,1,0.05555555555555555
3120,87689,14,0.9369999999999999,0.9370374737151158,1,0.07142857142857142
3121,87705,16,0.9279999999999999,0.9280553770849531,1,0.0625
3122,87719,14,0.9369999999999999,0.9370758414388278,1,0.07142857142857142
3123,87733,14,0.9369999999999999,0.9370543049636906,1,0.07142857142857142
3124,87747,14,0.9369999999999999,0.9370453246573996,1,0.07142857142857142
3125,87763,16,0.9279999999999999,0.9283687159713379,1,0.1875
3126,87777,14,0.9369999999999999,0.9370491824073307,1,0.07142857142857142
3127,87793,16,0.9279999999999999,0.928046316034021,1,0.0625
3128,87809,16,0.9279999999999999,0.9280548052322447,1,0.0625
3129,87826,17,0.9235,0.9235957671020996,1,0.058823529411764705
3130,87840,14,0.9369999999999999,0.9370937233819636,1,0.07142857142857142
3131,87854,14,0.9369999999999999,0.9370386369134271,1,0.07142857142857142
3132,87868,14,0.9369999999999999,0.9370691004586756,1,0.07142857142857142
3133,87882,14,0.9369999999999999,0.937084292344084,1,0.07142857142857142
3134,87896,14,0.9369999999999999,0.9371204206466184,1,0.07142857142857142
3135,87910,14,0.9369999999999999,0.9370506430390401,1,0.07142857142857142
3136,87927,17,0.9235,0.923561142393081,1,0.058823529411764705
3137,87941,14,0.9369999999999999,0.9370526086456432,1,0.07142857142857142
3138,87955,14,0.9369999999999999,0.9370536297640217,1,0.07142857142857142
3139,87971,16,0.9279999999999999,0.9280383296445259,1,0.0625
3140,87985,14,0.9369999999999999,0.9370553547379569,1,0.07142857142857142
3141,88001,16,0.9279999999999999,0.9280548146188066,1,0.0625
3142,88015,14,0.9369999999999999,0.9370398637532324,1,0.07142857142857142
3143,88031,16,0.9279999999999999,0.9280679481185161,1,0.0625
3144,88047,16,0.9279999999999999,0.9280674382273054,1,0.0625
3145,88061,14,0.9369999999999999,0.937048363840864,1,0.07142857142857142
3146,88075,14,0.9369999999999999,0.937091234525928,1,0.07142857142857142
3147,88089,14,0.9369999999999999,0.9370572614992755,1,0.07142857142857142
3148,88103,14,0.9369999999999999,0.9370450888209432,1,0.07142857142857142
3149,88119,16,0.9279999999999999,0.9280725392120108,1,0.0625
3150,88133,14,0.9369999999999999,0.9370897421070647,1,0.07142857142857142
3151,88149,16,0.9279999999999999,0.9282317039086516,1,0.1875
3152,88165,16,0.9279999999999999,0.9280381367008466,1,0.0625
3153,88179,14,0.9369999999999999,0.937060744133447,1,0.07142857142857142
3154,88193,14,0.9369999999999999,0.9370325374185092,1,0.07142857142857142
3155,88207,14,0.9369999999999999,0.9370369690705188,1,0.07142857142857142
3156,88221,14,0.9369999999999999,0.9370442194259525,1,0.07142857142857142
3157,88235,14,0.9369999999999999,0.9370545077588452,1,0.07142857142857142
3158,88249,14,0.9369999999999999,0.9370598700634905,1,0.07142857142857142
3159,88267,18,0.919,0.9190786537609195,1,0.05555555555555555
3160,88281,14,0.9369999999999999,0.9370518551978039,1,0.07142857142857142
3161,88297,16,0.9279999999999999,0.9282308590491645,1,0.1875
3162,88313,16,0.9279999999999999,0.9280781655990579,1,0.0625
3163,88327,14,0.9369999999999999,0.9370522458404693,1,0.07142857142857142
3164,88341,14,0.9369999999999999,0.9370490021110013,1,0.07142857142857142
3165,88359,18,0.919,0.9194198351139173,1,0.2777777777777778
3166,88373,14,0.9369999999999999,0.9371136154465409,1,0.07142857142857142
3167,88387,14,0.9369999999999999,0.9370792230485472,1,0.07142857142857142
3168,88401,14,0.9369999999999999,0.9370441000614503,1,0.07142857142857142
3169,88415,14,0.9369999999999999,0.9370522155869051,1,0.07142857142857142
3170,88431,16,0.9279999999999999,0.9280839920937366,1,0.0625
3171,88445,14,0.9369999999999999,0.9370523510976482,1,0.07142857142857142
3172,88459,14,0.9369999999999999,0.9370528094543675,1,0.07142857142857142
3173,88473,14,0.9369999999999999,0.9370885525090624,1,0.07142857142857142
3174,88489,16,0.9279999999999999,0.9280834616414336,1,0.0625
3175,88503,14,0.9369999999999999,0.937054515660244,1,0.07142857142857142
3176,88517,14,0.9369999999999999,0.9370354322809736,1,0.07142857142857142
3177,88532,15,0.9325,0.9325446127896839,1,0.06666666666666667
3178,88548,16,0.9279999999999999,0.9280531644587754,1,0.0625
3179,88562,14,0.9369999999999999,0.9370509944582409,1,0.07142857142857142
3180,88576,14,0.9369999999999999,0.9370420653485431,1,0.07142857142857142
3181,88592,16,0.9279999999999999,0.9280679596797218,1,0.0625
3182,88608,16,0.9279999999999999,0.9280845381089518,1,0.0625
3183,88622,14,0.9369999999999999,0.9370587670758012,1,0.07142857142857142
3184,88636,14,0.9369999999999999,0.9370711799128839,1,0.07142857142857142
3185,88650,14,0.9369999999999999,0.9370333133389182,1,0.07142857142857142
3186,88664,14,0.9369999999999999,0.9370456032948999,1,0.07142857142857142
3187,88680,16,0.9279999999999999,0.9280490828355721,1,0.0625
3188,88696,16,0.9279999999999999,0.9280452256872502,1,0.0625
3189,88710,14,0.9369999999999999,0.9370630713395521,1,0.07142857142857142
3190,88724,14,0.9369999999999999,0.9370506812946038,1,0.07142857142857142
3191,88738,14,0.9369999999999999,0.9370954168136674,1,0.07142857142857142
3192,88752,14,0.9369999999999999,0.9370483436459893,1,0.07142857142857142
3193,88766,14,0.9369999999999999,0.9370415993077276,1,0.07142857142857142
3194,88780,14,0.9369999999999999,0.9370379129972939,1,0.07142857142857142
3195,88796,16,0.9279999999999999,0.9280483895839202,1,0.0625
3196,88810,14,0.9369999999999999,0.9370538576727564,1,0.07142857142857142
3197,88824,14,0.9369999999999999,0.937043973840359,1,0.07142857142857142
3198,88838,14,0.9369999999999999,0.937044335781009,1,0.07142857142857142
3199,88852,14,0.9369999999999999,0.9370872336446386,1,0.07142857142857142
3200,88866,14,0.9369999999999999,0.9370872084655961,1,0.07142857142857142
3201,88880,14,0.9369999999999999,0.9370509994850882,1,0.07142857142857142
3202,88894,14,0.9369999999999999,0.9370553681802641,1,0.07142857142857142
3203,88908,14,0.9369999999999999,0.9370578364817624,1,0.07142857142857142
3204,88922,14,0.9369999999999999,0.9370336372822747,1,0.07142857142857142
3205,88940,18,0.919,0.9190750286218492,1,0.05555555555555555
3206,88956,16,0.9279999999999999,0.9280936517008086,1,0.0625
3207,88970,14,0.9369999999999999,0.9370514614343332,1,0.07142857142857142
3208,88984,14,0.9369999999999999,0.937064280761385,1,0.07142857142857142
3209,88998,14,0.9369999999999999,0.9370492424321667,1,0.07142857142857142
3210,89014,16,0.9279999999999999,0.9280545496794984,1,0.0625
3211,89032,18,0.919,0.9190588345703697,1,0.05555555555555555
3212,89046,14,0.9369999999999999,0.9370575541695443,1,0.07142857142857142
3213,89060,14,0.9369999999999999,0.9370721326247475,1,0.07142857142857142
3214,89074,14,0.9369999999999999,0.93705726792885,1,0.07142857142857142
3215,89088,14,0.9369999999999999,0.937050591988515,1,0.07142857142857142
3216,89104,16,0.9279999999999999,0.9281096903149995,1,0.0625
3217,89118,14,0.9369999999999999,0.9370463948212211,1,0.07142857142857142
3218,89134,16,0.9279999999999999,0.9280481092166466,1,0.0625
3219,89150,16,0.9279999999999999,0.9280581602359792,1,0.0625
3220,89164,14,0.9369999999999999,0.9370431417898599,1,0.07142857142857142
3221,89180,16,0.9279999999999999,0.9281032237898763,1,0.0625
3222,89194,14,0.9369999999999999,0.9370932136406012,1,0.07142857142857142
3223,89208,14,0.9369999999999999,0.9370318894416394,1,0.07142857142857142
3224,89224,16,0.9279999999999999,0.9280461687317535,1,0.0625
3225,89238,14,0.9369999999999999,0.9370455973946091,1,0.07142857142857142
3226,89252,14,0.9369999999999999,0.9370353658181122,1,0.07142857142857142
3227,89268,16,0.9279999999999999,0.9280363743149708,1,0.0625
3228,89284,16,0.9279999999999999,0.9280576466994522,1,0.0625
3229,89298,14,0.9369999999999999,0.9370394639268188,1,0.07142857142857142
3230,89314,16,0.9279999999999999,0.9281155563948111,1,0.0625
3231,89328,14,0.9369999999999999,0.9370683305998964,1,0.07142857142857142
3232,89342,14,0.9369999999999999,0.937072658738057,1,0.07142857142857142
3233,89362,20,0.91,0.9104073435582832,1,0.15
3234,89376,14,0.9369999999999999,0.9370982449686068,1,0.07142857142857142
3235,89390,14,0.9369999999999999,0.9370528654308274,1,0.07142857142857142
3236,89404,14,0.9369999999999999,0.937062163653651,1,0.07142857142857142
3237,89420,16,0.9279999999999999,0.9280628052333636,1,0.0625
3238,89434,14,0.9369999999999999,0.9370621230338252,1,0.07142857142857142
3239,89448,14,0.9369999999999999,0.9370558555902532,1,0.07142857142857142
3240,89464,16,0.9279999999999999,0.9280684952204483,1,0.0625
3241,89480,16,0.9279999999999999,0.9280770528300627,1,0.0625
3242,89494,14,0.9369999999999999,0.9370517143972246,1,0.07142857142857142
3243,89510,16,0.9279999999999999,0.9280793631244542,1,0.0625
3244,89524,14,0.9369999999999999,0.9370565136634517,1,0.07142857142857142
3245,89538,14,0.9369999999999999,0.9370461202751992,1,0.07142857142857142
3246,89552,14,0.9369999999999999,0.9370780838995361,1,0.07142857142857142
3247,89566,14,0.9369999999999999,0.9371022222407929,1,0.07142857142857142
3248,89580,14,0.9369999999999999,0.9370374656779153,1,0.07142857142857142
3249,89594,14,0.9369999999999999,0.9370320186330036,1,0.07142857142857142
3250,89608,14,0.9369999999999999,0.9370433474325727,1,0.07142857142857142
3251,89622,14,0.9369999999999999,0.9370547765966398,1,0.07142857142857142
3252,89640,18,0.919,0.9190396263261097,1,0.05555555555555555
3253,89656,16,0.9279999999999999,0.9281733959334715,1,0.0625
3254,89672,16,0.9279999999999999,0.9280477086715826,1,0.0625
3255,89686,14,0.9369999999999999,0.9371166199196029,1,0.07142857142857142
3256,89702,16,0.9279999999999999,0.9280862025458237,1,0.0625
3257,89716,14,0.9369999999999999,0.9370861477908654,1,0.07142857142857142
3258,89732,16,0.9279999999999999,0.9282705326562269,1,0.1875
3259,89746,14,0.9369999999999999,0.9370578445508294,1,0.07142857142857142
3260,89762,16,0.9279999999999999,0.9280618386239423,1,0.0625
3261,89776,14,0.9369999999999999,0.9370453382963673,1,0.07142857142857142
3262,89790,14,0.9369999999999999,0.9370434308914122,1,0.07142857142857142
3263,89804,14,0.9369999999999999,0.9370538157584829,1,0.07142857142857142
3264,89820,16,0.9279999999999999,0.92807133477772,1,0.0625
3265,89836,16,0.9279999999999999,0.9280495970731002,1,0.0625
3266,89852,16,0.9279999999999999,0.9280677883743855,1,0.0625
3267,89866,14,0.9369999999999999,0.9370566188302503,1,0.07142857142857142
3268,89882,16,0.9279999999999999,0.9280349397223803,1,0.0625
3269,89896,14,0.9369999999999999,0.9370592607676335,1,0.07142857142857142
3270,89912,16,0.9279999999999999,0.928055321756513,1,0.0625
3271,89926,14,0.9369999999999999,0.937052252529635,1,0.07142857142857142
3272,89940,14,0.9369999999999999,0.9370568330799935,1,0.07142857142857142
3273,89954,14,0.9369999999999999,0.9370351812163532,1,0.07142857142857142
3274,89968,14,0.9369999999999999,0.9370773652164239,1,0.07142857142857142
3275,89984,16,0.9279999999999999,0.9280564755316669,1,0.0625
3276,89998,14,0.9369999999999999,0.9370637559564451,1,0.07142857142857142
3277,90014,16,0.9279999999999999,0.9280578200651841,1,0.0625
3278,90028,14,0.9369999999999999,0.9371284839567328,1,0.07142857142857142
3279,90050,22,0.901,0.901046964493052,1,0.045454545454545456
3280,90066,16,0.9279999999999999,0.9280358873162716,1,0.0625
3281,90080,14,0.9369999999999999,0.937047758458718,1,0.07142857142857142
3282,90096,16,0.9279999999999999,0.9281055603773498,1,0.0625
3283,90110,14,0.9369999999999999,0.9370520337881323,1,0.07142857142857142
3284,90124,14,0.9369999999999999,0.9370342220617106,1,0.07142857142857142
3285,90138,14,0.9369999999999999,0.9370578118885652,1,0.07142857142857142
3286,90152,14,0.9369999999999999,0.9370476634289129,1,0.07142857142857142
3287,90166,14,0.9369999999999999,0.9370592419249967,1,0.07142857142857142
3288,90180,14,0.9369999999999999,0.9370738987744477,1,0.07142857142857142
3289,90200,20,0.91,0.9102052231628848,1,0.15
3290,90214,14,0.9369999999999999,0.9370898799560393,1,0.07142857142857142
3291,90230,16,0.9279999999999999,0.928281182242487,1,0.1875
3292,90244,14,0.9369999999999999,0.9370580827722157,1,0.07142857142857142
3293,90260,16,0.9279999999999999,0.9283574449025376,1,0.1875
3294,90274,14,0.9369999999999999,0.9370790466473297,1,0.07142857142857142
3295,90298,24,0.892,0.8922868497264246,1,0.041666666666666664
3296,90312,14,0.9369999999999999,0.9370436024565154,1,0.07142857142857142
3297,90328,16,0.9279999999999999,0.9280732034246999,1,0.0625
3298,90346,18,0.919,0.9192850760909004,1,0.16666666666666666
3299,90360,14,0.9369999999999999,0.9370701533094655,1,0.07142857142857142
3300,90374,14,0.9369999999999999,0.9370996948603959,1,0.07142857142857142
3301,90390,16,0.9279999999999999,0.9280393543636701,1,0.0625
3302,90404,14,0.9369999999999999,0.9370452348904017,1,0.07142857142857142
3303,90421,17,0.9235,0.9237134530154978,1,0.17647058823529413
3304,90437,16,0.9279999999999999,0.9280767845419652,1,0.0625
3305,90451,14,0.9369999999999999,0.9370559647500664,1,0.07142857142857142
3306,90465,14,0.9369999999999999,0.9370847873679388,1,0.07142857142857142
3307,90481,16,0.9279999999999999,0.9281382368193605,1,0.0625
3308,90499,18,0.919,0.9191086782141282,1,0.05555555555555555
3309,90513,14,0.9369999999999999,0.9370976122655871,1,0.07142857142857142
3310,90527,14,0.9369999999999999,0.937082918640451,1,0.07142857142857142
3311,90543,16,0.9279999999999999,0.9280901290108294,1,0.0625
3312,90557,14,0.9369999999999999,0.9370396475959157,1,0.07142857142857142
3313,90571,14,0.9369999999999999,0.937084393332616,1,0.07142857142857142
3314,90585,14,0.9369999999999999,0.9371058736783442,1,0.07142857142857142
3315,90601,16,0.9279999999999999,0.928067257476144,1,0.0625
3316,90619,18,0.919,0.9190609293233967,1,0.05555555555555555
3317,90635,16,0.9279999999999999,0.9280919369278153,1,0.0625
3318,90649,14,0.9369999999999999,0.9370641096333603,1,0.07142857142857142
3319,90663,14,0.9369999999999999,0.9370453602042326,1,0.07142857142857142
3320,90677,14,0.9369999999999999,0.9371029819417692,1,0.07142857142857142
3321,90693,16,0.9279999999999999,0.9280852774210971,1,0.0625
3322,90711,18,0.919,0.9192748589307969,1,0.16666666666666666
3323,90725,14,0.9369999999999999,0.9370363114896726,1,0.07142857142857142
3324,90739,14,0.9369999999999999,0.937130446362069,1,0.07142857142857142
3325,90758,19,0.9145,0.9148511396596566,1,0.15789473684210525
3326,90772,14,0.9369999999999999,0.9370758762554157,1,0.07142857142857142
3327,90788,16,0.9279999999999999,0.9280624235505983,1,0.0625
3328,90804,16,0.9279999999999999,0.928051617059439,1,0.0625
3329,90820,16,0.9279999999999999,0.9283124211222327,1,0.1875
3330,90835,15,0.9325,0.9325457826898939,1,0.06666666666666667
3331,90852,17,0.9235,0.9235955224271114,1,0.058823529411764705
3332,90866,14,0.9369999999999999,0.9370612180777002,1,0.07142857142857142
3333,90880,14,0.9369999999999999,0.9370707355832173,1,0.07142857142857142
3334,90894,14,0.9369999999999999,0.9370426915323925,1,0.07142857142857142
3335,90908,14,0.9369999999999999,0.9370549323049887,1,0.07142857142857142
3336,90922,14,0.9369999999999999,0.9370367882653394,1,0.07142857142857142
3337,90940,18,0.919,0.9190697587495048,1,0.05555555555555555
3338,90954,14,0.9369999999999999,0.9370491419213678,1,0.07142857142857142
3339,90968,14,0.9369999999999999,0.9370606965059161,1,0.07142857142857142
3340,90982,14,0.9369999999999999,0.9370548431268134,1,0.07142857142857142
3341,90996,14,0.9369999999999999,0.9370730514575423,1,0.07142857142857142
3342,91010,14,0.9369999999999999,0.9370718122987284,1,0.07142857142857142
3343,91024,14,0.9369999999999999,0.9370733657844202,1,0.07142857142857142
3344,91038,14,0.9369999999999999,0.9370609680393917,1,0.07142857142857142
3345,91052,14,0.9369999999999999,0.9370429652052924,1,0.07142857142857142
3346,91066,14,0.9369999999999999,0.9370528164002117,1,0.07142857142857142
3347,91084,18,0.919,0.9190784276194088,1,0.05555555555555555
3348,91098,14,0.9369999999999999,0.9370465486260977,1,0.07142857142857142
3349,91114,16,0.9279999999999999,0.9281485799307712,1,0.0625
3350,91130,16,0.9279999999999999,0.9282486552563226,1,0.1875
3351,91148,18,0.919,0.9191207451215049,1,0.05555555555555555
3352,91162,14,0.9369999999999999,0.9370549698416465,1,0.07142857142857142
3353,91178,16,0.9279999999999999,0.9281243293581329,1,0.0625
3354,91192,14,0.9369999999999999,0.9370504683685192,1,0.07142857142857142
3355,91206,14,0.9369999999999999,0.9370548317335081,1,0.07142857142857142
3356,91222,16,0.9279999999999999,0.9280680880419713,1,0.0625
3357,91236,14,0.9369999999999999,0.9370656943208803,1,0.07142857142857142
3358,91252,16,0.9279999999999999,0.9280671571822354,1,0.0625
3359,91268,16,0.9279999999999999,0.928223206524977,1,0.1875
3360,91284,16,0.9279999999999999,0.9280763816101131,1,0.0625
3361,91298,14,0.9369999999999999,0.9370382790557072,1,0.07142857142857142
3362,91312,14,0.9369999999999999,0.9370758746564137,1,0.07142857142857142
3363,91326,14,0.9369999999999999,0.9370490538793729,1,0.07142857142857142
3364,91340,14,0.9369999999999999,0.9371011313124061,1,0.07142857142857142
3365,91356,16,0.9279999999999999,0.9280996685931321,1,0.0625
3366,91370,14,0.9369999999999999,0.9371192107781114,1,0.07142857142857142
3367,91384,14,0.9369999999999999,0.937066168973687,1,0.07142857142857142
3368,91402,18,0.919,0.9190626960958983,1,0.05555555555555555
3369,91420,18,0.919,0.9191037677808945,1,0.05555555555555555
3370,91434,14,0.9369999999999999,0.9370555752830159,1,0.07142857142857142
3371,91448,14,0.9369999999999999,0.9370639673077077,1,0.07142857142857142
3372,91465,17,0.9235,0.9235366648481576,1,0.058823529411764705
3373,91479,14,0.9369999999999999,0.9370578204696258,1,0.07142857142857142
3374,91493,14,0.9369999999999999,0.9371074472466586,1,0.07142857142857142
3375,91507,14,0.9369999999999999,0.9370573643406603,1,0.07142857142857142
3376,91521,14,0.9369999999999999,0.9370468705050249,1,0.07142857142857142
3377,91541,20,0.91,0.910163315741766,1,0.05
3378,91561,20,0.91,0.9100612699623916,1,0.05
3379,91581,20,0.91,0.9102278113859863,1,0.15
3380,91597,16,0.9279999999999999,0.9281075021838968,1,0.0625
3381,91611,14,0.9369999999999999,0.9370590349786734,1,0.07142857142857142
3382,91625,14,0.9369999999999999,0.9370541471476123,1,0.07142857142857142
3383,91639,14,0.9369999999999999,0.9370626199070708,1,0.07142857142857142
3384,91655,16,0.9279999999999999,0.9280500718152801,1,0.0625
3385,91669,14,0.9369999999999999,0.9370397582882128,1,0.07142857142857142
3386,91683,14,0.9369999999999999,0.9370649126514046,1,0.07142857142857142
3387,91697,14,0.9369999999999999,0.9370940237972331,1,0.07142857142857142
3388,91711,14,0.9369999999999999,0.9370327999370872,1,0.07142857142857142
3389,91727,16,0.9279999999999999,0.928217359913724,1,0.1875
3390,91741,14,0.9369999999999999,0.9371023983626148,1,0.07142857142857142
3391,91759,18,0.919,0.9190422195336501,1,0.05555555555555555
3392,91773,14,0.9369999999999999,0.9370401546186105,1,0.07142857142857142
3393,91812,39,0.8245,0.824604687552696,1,0.02564102564102564
3394,91830,18,0.919,0.91904410817121,1,0.05555555555555555
3395,91844,14,0.9369999999999999,0.937122506227687,1,0.07142857142857142
3396,91858,14,0.9369999999999999,0.937052635443396,1,0.07142857142857142
3397,91874,16,0.9279999999999999,0.928042555776227,1,0.0625
3398,91888,14,0.9369999999999999,0.9370855502911428,1,0.07142857142857142
3399,91906,18,0.919,0.9190437345274388,1,0.05555555555555555
3400,91924,18,0.919,0.9190817765182638,1,0.05555555555555555
3401,91938,14,0.9369999999999999,0.9370545335931841,1,0.07142857142857142
3402,91952,14,0.9369999999999999,0.9370417676563272,1,0.07142857142857142
3403,91966,14,0.9369999999999999,0.9371141948346955,1,0.07142857142857142
3404,91984,18,0.919,0.9190937739303896,1,0.05555555555555555
3405,91998,14,0.9369999999999999,0.9370701713174552,1,0.07142857142857142
3406,92012,14,0.9369999999999999,0.937071891231113,1,0.07142857142857142
3407,92028,16,0.9279999999999999,0.9282993270952434,1,0.1875
3408,92044,16,0.9279999999999999,0.9281166123672915,1,0.0625
3409,92058,14,0.9369999999999999,0.937064402899619,1,0.07142857142857142
3410,92072,14,0.9369999999999999,0.9370410893094987,1,0.07142857142857142
3411,92086,14,0.9369999999999999,0.937046421801295,1,0.07142857142857142
3412,92100,14,0.9369999999999999,0.937058475314107,1,0.07142857142857142
3413,92120,20,0.91,0.9105689168073363,1,0.35
3414,92138,18,0.919,0.9190537721862558,1,0.05555555555555555
3415,92158,20,0.91,0.9106247996899619,1,0.35
3416,92180,22,0.901,0.9016116048478832,1,0.3181818181818182
3417,92198,18,0.919,0.919209587745275,1,0.16666666666666666
3418,92214,16,0.9279999999999999,0.9282302476617995,1,0.1875
3419,92230,16,0.9279999999999999,0.9280489536353961,1,0.0625
3420,92246,16,0.9279999999999999,0.9282612379974147,1,0.1875
3421,92264,18,0.919,0.9192454409139248,1,0.16666666666666666
3422,92278,14,0.9369999999999999,0.9371199377750813,1,0.07142857142857142
3423,92296,18,0.919,0.9196419629603994,1,0.2777777777777778
3424,92318,22,0.901,0.9018608378552089,1,0.4090909090909091
3425,92340,22,0.901,0.901666546861332,1,0.3181818181818182
3426,92356,16,0.9279999999999999,0.9281065595604627,1,0.0625
3427,92370,14,0.9369999999999999,0.9370768670355306,1,0.07142857142857142
3428,92384,14,0.9369999999999999,0.9370574944789493,1,0.07142857142857142
3429,92398,14,0.9369999999999999,0.9370528106447583,1,0.07142857142857142
3430,92412,14,0.9369999999999999,0.9370644472473011,1,0.07142857142857142
3431,92426,14,0.9369999999999999,0.9370407034577215,1,0.07142857142857142
3432,92446,20,0.91,0.9104776331141411,1,0.25
3433,92460,14,0.9369999999999999,0.9370366130256071,1,0.07142857142857142
3434,92478,18,0.919,0.9194214835831603,1,0.2777777777777778
3435,92500,22,0.901,0.9018401372146528,1,0.3181818181818182
3436,92530,30,0.865,0.8663449870067066,1,0.5
3437,92550,20,0.91,0.9106808592377431,1,0.2
3438,92578,28,0.874,0.8751893580765973,1,0.4642857142857143
3439,92592,14,0.9369999999999999,0.9370387340768604,1,0.07142857142857142
3440,92610,18,0.919,0.9194437330930337,1,0.2777777777777778
3441,92636,26,0.883,0.8841442639511415,1,0.5
3442,92650,14,0.9369999999999999,0.9370568314790346,1,0.07142857142857142
3443,92708,58,0.739,0.7426758216724194,1,0.7758620689655172
3444,92722,14,0.9369999999999999,0.9370859175456832,1,0.07142857142857142
3445,92738,16,0.9279999999999999,0.9282084465301923,1,0.1875
3446,92756,18,0.919,0.9190369618530347,1,0.05555555555555555
3447,92773,17,0.9235,0.9237100638261075,1,0.17647058823529413
3448,92787,14,0.9369999999999999,0.9370302414522022,1,0.07142857142857142
3449,92801,14,0.9369999999999999,0.937069460266522,1,0.07142857142857142
3450,92817,16,0.9279999999999999,0.928058371697864,1,0.0625
3451,92835,18,0.919,0.9194498456646069,1,0.2777777777777778
3452,92861,26,0.883,0.8842547714944273,1,0.5
3453,92879,18,0.919,0.9192776079980263,1,0.16666666666666666
3454,92943,64,0.712,0.7140746692633775,1,0.359375
3455,92957,14,0.9369999999999999,0.9370487423454426,1,0.07142857142857142
3456,92975,18,0.919,0.9190354288796585,1,0.05555555555555555
3457,92989,14,0.9369999999999999,0.937059849209357,1,0.07142857142857142
3458,93003,14,0.9369999999999999,0.9370364152344156,1,0.07142857142857142
3459,93021,18,0.919,0.9193422464355856,1,0.2777777777777778
3460,93037,16,0.9279999999999999,0.9280786428216545,1,0.0625
3461,93051,14,0.9369999999999999,0.9370432648354354,1,0.07142857142857142
3462,93065,14,0.9369999999999999,0.937054937510987,1,0.07142857142857142
3463,93079,14,0.9369999999999999,0.9370516257543137,1,0.07142857142857142
3464,93093,14,0.9369999999999999,0.9370541127108267,1,0.07142857142857142
3465,93109,16,0.9279999999999999,0.9280597577320856,1,0.0625
3466,93123,14,0.9369999999999999,0.9370541560617345,1,0.07142857142857142
3467,93137,14,0.9369999999999999,0.9370399124462703,1,0.07142857142857142
3468,93155,18,0.919,0.9191961646855907,1,0.16666666666666666
3469,93169,14,0.9369999999999999,0.9370742251351621,1,0.07142857142857142
3470,93185,16,0.9279999999999999,0.9280711751939579,1,0.0625
3471,93199,14,0.9369999999999999,0.9371084117973386,1,0.07142857142857142
3472,93213,14,0.9369999999999999,0.9371174225390057,1,0.07142857142857142
3473,93227,14,0.9369999999999999,0.9370563258982312,1,0.07142857142857142
3474,93241,14,0.9369999999999999,0.9371672752717547,1,0.07142857142857142
3475,93255,14,0.9369999999999999,0.9370643638064395,1,0.07142857142857142
3476,93269,14,0.9369999999999999,0.9370606479883934,1,0.07142857142857142
3477,93289,20,0.91,0.9102444701825795,1,0.15
3478,93305,16,0.9279999999999999,0.9283991096964287,1,0.1875
3479,93321,16,0.9279999999999999,0.928060955676314,1,0.0625
3480,93335,14,0.9369999999999999,0.9370600355820233,1,0.07142857142857142
3481,93353,18,0.919,0.9195159681181353,1,0.2777777777777778
3482,93371,18,0.919,0.9193106404498294,1,0.16666666666666666
3483,93387,16,0.9279999999999999,0.9283139425277163,1,0.1875
3484,93401,14,0.9369999999999999,0.9370509481312724,1,0.07142857142857142
3485,93417,16,0.9279999999999999,0.9280359424432965,1,0.0625
3486,93435,18,0.919,0.9190549215298699,1,0.05555555555555555
3487,93451,16,0.9279999999999999,0.9280532464049642,1,0.0625
3488,93467,16,0.9279999999999999,0.9282328327877528,1,0.1875
3489,93487,20,0.91,0.9104897008024995,1,0.25
3490,93507,20,0.91,0.9106993040264993,1,0.35
3491,93525,18,0.919,0.919292339167039,1,0.16666666666666666
3492,93556,31,0.8605,0.86206856108179,1,0.41935483870967744
3493,93570,14,0.9369999999999999,0.9370637487606799,1,0.07142857142857142
3494,93584,14,0.9369999999999999,0.9370664020862033,1,0.07142857142857142
3495,93598,14,0.9369999999999999,0.9370322462208878,1,0.07142857142857142
3496,93638,40,0.82,0.822868769997691,1,0.675
3497,93652,14,0.9369999999999999,0.9370608795857831,1,0.07142857142857142
3498,93666,14,0.9369999999999999,0.9370679841249442,1,0.07142857142857142
3499,93680,14,0.9369999999999999,0.9370394580859921,1,0.07142857142857142
3500,93696,16,0.9279999999999999,0.9282974645651835,1,0.1875
3501,93710,14,0.9369999999999999,0.937063105810997,1,0.07142857142857142
3502,93727,17,0.9235,0.9236118004418764,1,0.058823529411764705
3503,93745,18,0.919,0.9192548813681184,1,0.16666666666666666
3504,93761,16,0.9279999999999999,0.9280411469045802,1,0.0625
3505,93775,14,0.9369999999999999,0.9370752291388295,1,0.07142857142857142
3506,93789,14,0.9369999999999999,0.9371275305049042,1,0.07142857142857142
3507,93807,18,0.919,0.9190414849502654,1,0.05555555555555555
3508,93825,18,0.919,0.919055160441468,1,0.05555555555555555
3509,93843,18,0.919,0.9194371019446337,1,0.2777777777777778
3510,93859,16,0.9279999999999999,0.9282304775016974,1,0.1875
3511,93877,18,0.919,0.9190604330380437,1,0.05555555555555555
3512,93899,22,0.901,0.9013926092111207,1,0.22727272727272727
3513,93915,16,0.9279999999999999,0.9280849743971747,1,0.0625
3514,93929,14,0.9369999999999999,0.9370684062305564,1,0.07142857142857142
3515,93947,18,0.919,0.9190569428274902,1,0.05555555555555555
3516,93973,26,0.883,0.884745301703465,1,0.5
3517,93991,18,0.919,0.9190784655997888,1,0.05555555555555555
3518,94005,14,0.9369999999999999,0.937023401436142,1,0.07142857142857142
3519,94019,14,0.9369999999999999,0.9370952627289277,1,0.07142857142857142
3520,94033,14,0.9369999999999999,0.9370775701116281,1,0.07142857142857142
3521,94047,14,0.9369999999999999,0.9370432743794849,1,0.07142857142857142
3522,94061,14,0.9369999999999999,0.9370555999308348,1,0.07142857142857142
3523,94079,18,0.919,0.9191417797186424,1,0.05555555555555555
3524,94093,14,0.9369999999999999,0.9371107681737324,1,0.07142857142857142
3525,94109,16,0.9279999999999999,0.928077350356113,1,0.0625
3526,94125,16,0.9279999999999999,0.9281639063579262,1,0.1875
3527,94139,14,0.9369999999999999,0.9370517826310314,1,0.07142857142857142
3528,94153,14,0.9369999999999999,0.9370248941431683,1,0.07142857142857142
3529,94169,16,0.9279999999999999,0.9280668417185262,1,0.0625
3530,94183,14,0.9369999999999999,0.9370423085046381,1,0.07142857142857142
3531,94203,20,0.91,0.9100764338028411,1,0.05
3532,94217,14,0.9369999999999999,0.9370524229312087,1,0.07142857142857142
3533,94231,14,0.9369999999999999,0.937063035538887,1,0.07142857142857142
3534,94245,14,0.9369999999999999,0.9370424965189974,1,0.07142857142857142
3535,94261,16,0.9279999999999999,0.928069496969852,1,0.0625
3536,94277,16,0.9279999999999999,0.9280478319550185,1,0.0625
3537,94293,16,0.9279999999999999,0.9280379826474927,1,0.0625
3538,94307,14,0.9369999999999999,0.9371165612098638,1,0.07142857142857142
3539,94321,14,0.9369999999999999,0.9371236978036661,1,0.07142857142857142
3540,94335,14,0.9369999999999999,0.9370995073548203,1,0.07142857142857142
3541,94351,16,0.9279999999999999,0.9280620766741785,1,0.0625
3542,94365,14,0.9369999999999999,0.9370439281134864,1,0.07142857142857142
3543,94379,14,0.9369999999999999,0.9370737192239532,1,0.07142857142857142
3544,94395,16,0.9279999999999999,0.9280673198096792,1,0.0625
3545,94409,14,0.9369999999999999,0.9370715601941556,1,0.07142857142857142
3546,94427,18,0.919,0.9192909778057176,1,0.16666666666666666
3547,94441,14,0.9369999999999999,0.9370685321629507,1,0.07142857142857142
3548,94455,14,0.9369999999999999,0.937092282100556,1,0.07142857142857142
3549,94469,14,0.9369999999999999,0.9370475067666101,1,0.07142857142857142
3550,94483,14,0.9369999999999999,0.9370778937215286,1,0.07142857142857142
3551,94497,14,0.9369999999999999,0.9370634121099686,1,0.07142857142857142
3552,94511,14,0.9369999999999999,0.9370382656652589,1,0.07142857142857142
3553,94525,14,0.9369999999999999,0.9370584160412583,1,0.07142857142857142
3554,94541,16,0.9279999999999999,0.9280836904445867,1,0.0625
3555,94555,14,0.9369999999999999,0.937083550144458,1,0.07142857142857142
3556,94569,14,0.9369999999999999,0.9370607525890134,1,0.07142857142857142
3557,94583,14,0.9369999999999999,0.9370814639762369,1,0.07142857142857142
3558,94597,14,0.9369999999999999,0.9370486674672596,1,0.07142857142857142
3559,94611,14,0.9369999999999999,0.9370476982820378,1,0.07142857142857142
3560,94627,16,0.9279999999999999,0.9280564768003042,1,0.0625
3561,94641,14,0.9369999999999999,0.9370646745615361,1,0.07142857142857142
3562,94655,14,0.9369999999999999,0.9370665747316451,1,0.07142857142857142
3563,94669,14,0.9369999999999999,0.9370412917311857,1,0.07142857142857142
3564,94685,16,0.9279999999999999,0.9280434174554493,1,0.0625
3565,94701,16,0.9279999999999999,0.928042204903594,1,0.0625
3566,94715,14,0.9369999999999999,0.9370379325463044,1,0.07142857142857142
3567,94729,14,0.9369999999999999,0.9370782161211937,1,0.07142857142857142
3568,94745,16,0.9279999999999999,0.9280316982114011,1,0.0625
3569,94759,14,0.9369999999999999,0.9370634617812384,1,0.07142857142857142
3570,94773,14,0.9369999999999999,0.9370444830276188,1,0.07142857142857142
3571,94787,14,0.9369999999999999,0.9370950078213837,1,0.07142857142857142
3572,94801,14,0.9369999999999999,0.937063275105088,1,0.07142857142857142
3573,94815,14,0.9369999999999999,0.9370967997026225,1,0.07142857142857142
3574,94831,16,0.9279999999999999,0.9280371948234584,1,0.0625
3575,94845,14,0.9369999999999999,0.9370706661349464,1,0.07142857142857142
3576,94859,14,0.9369999999999999,0.9370471777485876,1,0.07142857142857142
3577,94873,14,0.9369999999999999,0.9370344053716064,1,0.07142857142857142
3578,94887,14,0.9369999999999999,0.937063694240062,1,0.07142857142857142
3579,94901,14,0.9369999999999999,0.9370314342169515,1,0.07142857142857142
3580,94919,18,0.919,0.9190532532164083,1,0.05555555555555555
3581,94933,14,0.9369999999999999,0.9370356871988079,1,0.07142857142857142
3582,94949,16,0.9279999999999999,0.9281148108591124,1,0.0625
3583,94965,16,0.9279999999999999,0.9283081977767738,1,0.1875
3584,94981,16,0.9279999999999999,0.9280482802741894,1,0.0625
3585,94999,18,0.919,0.9190450408279125,1,0.05555555555555555
3586,95017,18,0.919,0.9193836942992597,1,0.16666666666666666
3587,95031,14,0.9369999999999999,0.9370324327207994,1,0.07142857142857142
3588,95047,16,0.9279999999999999,0.9281052440919001,1,0.0625
3589,95063,16,0.9279999999999999,0.9281095381258333,1,0.0625
3590,95079,16,0.9279999999999999,0.9282803257657035,1,0.1875
3591,95093,14,0.9369999999999999,0.9370733558312391,1,0.07142857142857142
3592,95108,15,0.9325,0.9325883808083871,1,0.06666666666666667
3593,95124,16,0.9279999999999999,0.9281849771521143,1,0.1875
3594,95138,14,0.9369999999999999,0.9370501956505197,1,0.07142857142857142
3595,95166,28,0.874,0.8740735897866846,1,0.03571428571428571
3596,95184,18,0.919,0.9190478632965088,1,0.05555555555555555
3597,95200,16,0.9279999999999999,0.9280466655443831,1,0.0625
3598,95216,16,0.9279999999999999,0.9280832104893487,1,0.0625
3599,95230,14,0.9369999999999999,0.9370788839041913,1,0.07142857142857142
3600,95244,14,0.9369999999999999,0.9370542813896086,1,0.07142857142857142
3601,95258,14,0.9369999999999999,0.9370894804815298,1,0.07142857142857142
3602,95272,14,0.9369999999999999,0.9370763105763855,1,0.07142857142857142
3603,95286,14,0.9369999999999999,0.9370691159282692,1,0.07142857142857142
3604,95304,18,0.919,0.9196202524624604,1,0.2777777777777778
3605,95318,14,0.9369999999999999,0.9370611416368295,1,0.07142857142857142
3606,95336,18,0.919,0.9190640319043902,1,0.05555555555555555
3607,95352,16,0.9279999999999999,0.928100764578344,1,0.0625
3608,95366,14,0.9369999999999999,0.9370556442934538,1,0.07142857142857142
3609,95383,17,0.9235,0.9235457698158696,1,0.058823529411764705
3610,95401,18,0.919,0.9190476406625897,1,0.05555555555555555
3611,95417,16,0.9279999999999999,0.9280925773392392,1,0.0625
3612,95433,16,0.9279999999999999,0.9280592945502378,1,0.0625
3613,95447,14,0.9369999999999999,0.9370617135786009,1,0.07142857142857142
3614,95462,15,0.9325,0.9325607422845426,1,0.06666666666666667
3615,95476,14,0.9369999999999999,0.9370711455401897,1,0.07142857142857142
3616,95494,18,0.919,0.9190974007034435,1,0.05555555555555555
3617,95520,26,0.883,0.8833335094219753,1,0.11538461538461539
3618,95534,14,0.9369999999999999,0.9370481440129732,1,0.07142857142857142
3619,95557,23,0.8965,0.8965629231211998,1,0.043478260869565216
3620,95571,14,0.9369999999999999,0.9370348074683466,1,0.07142857142857142
3621,95585,14,0.9369999999999999,0.9370586163641385,1,0.07142857142857142
3622,95599,14,0.9369999999999999,0.937040367320175,1,0.07142857142857142
3623,95613,14,0.9369999999999999,0.937042014808891,1,0.07142857142857142
3624,95633,20,0.91,0.9100403549549256,1,0.05
3625,95648,15,0.9325,0.9325453865061728,1,0.06666666666666667
3626,95664,16,0.9279999999999999,0.9280330779480742,1,0.0625
3627,95678,14,0.9369999999999999,0.9370715569125458,1,0.07142857142857142
3628,95693,15,0.9325,0.9325439908187234,1,0.06666666666666667
3629,95707,14,0.9369999999999999,0.9370890228875576,1,0.07142857142857142
3630,95729,22,0.901,0.9010715020845294,1,0.045454545454545456
3631,95745,16,0.9279999999999999,0.9280416222394615,1,0.0625
3632,95759,14,0.9369999999999999,0.9370511458948836,1,0.07142857142857142
3633,95773,14,0.9369999999999999,0.9371153762670895,1,0.07142857142857142
3634,95787,14,0.9369999999999999,0.9370659277582183,1,0.07142857142857142
3635,95801,14,0.9369999999999999,0.9370359866596487,1,0.07142857142857142
3636,95817,16,0.9279999999999999,0.9280459989998168,1,0.0625
3637,95831,14,0.9369999999999999,0.9370486283673918,1,0.07142857142857142
3638,95850,19,0.9145,0.9145400549574075,1,0.05263157894736842
3639,95866,16,0.9279999999999999,0.9280841904538017,1,0.0625
3640,95882,16,0.9279999999999999,0.9280431845862209,1,0.0625
3641,95896,14,0.9369999999999999,0.937068041462786,1,0.07142857142857142
3642,95914,18,0.919,0.9190828616880061,1,0.05555555555555555
3643,95933,19,0.9145,0.9146278659251834,1,0.05263157894736842
3644,95949,16,0.9279999999999999,0.9281028757338824,1,0.0625
3645,95963,14,0.9369999999999999,0.9370601924520856,1,0.07142857142857142
3646,95977,14,0.9369999999999999,0.9370762973298812,1,0.07142857142857142
3647,95992,15,0.9325,0.9325575427739464,1,0.06666666666666667
3648,96015,23,0.8965,0.8965770395306535,1,0.043478260869565216
3649,96029,14,0.9369999999999999,0.9370531202433161,1,0.07142857142857142
3650,96045,16,0.9279999999999999,0.9281018575580634,1,0.0625
3651,96059,14,0.9369999999999999,0.9370438674238187,1,0.07142857142857142
3652,96073,14,0.9369999999999999,0.9370586160610024,1,0.07142857142857142
3653,96089,16,0.9279999999999999,0.9280327106981342,1,0.0625
3654,96103,14,0.9369999999999999,0.9370504788185385,1,0.07142857142857142
3655,96119,16,0.9279999999999999,0.9280627643520826,1,0.0625
3656,96141,22,0.901,0.9013302538133438,1,0.13636363636363635
3657,96159,18,0.919,0.9190759223305435,1,0.05555555555555555
3658,96173,14,0.9369999999999999,0.9370663442870453,1,0.07142857142857142
3659,96191,18,0.919,0.9190553776736663,1,0.05555555555555555
3660,96207,16,0.9279999999999999,0.9282042077351405,1,0.1875
3661,96221,14,0.9369999999999999,0.9370788369583,1,0.07142857142857142
3662,96237,16,0.9279999999999999,0.9280508515942631,1,0.0625
3663,96251,14,0.9369999999999999,0.9370472212757247,1,0.07142857142857142
3664,96267,16,0.9279999999999999,0.9280557348220816,1,0.0625
3665,96281,14,0.9369999999999999,0.937093541063941,1,0.07142857142857142
3666,96299,18,0.919,0.9190788659930004,1,0.05555555555555555
3667,96313,14,0.9369999999999999,0.9370838311134222,1,0.07142857142857142
3668,96327,14,0.9369999999999999,0.9370786000701647,1,0.07142857142857142
3669,96341,14,0.9369999999999999,0.9370878808771095,1,0.07142857142857142
3670,96355,14,0.9369999999999999,0.9371015896444954,1,0.07142857142857142
3671,96371,16,0.9279999999999999,0.928050743905239,1,0.0625
3672,96385,14,0.9369999999999999,0.9370660755103449,1,0.07142857142857142
3673,96399,14,0.9369999999999999,0.9370678787618071,1,0.07142857142857142
3674,96417,18,0.919,0.9190500571199937,1,0.05555555555555555
3675,96431,14,0.9369999999999999,0.937087894856569,1,0.07142857142857142
3676,96447,16,0.9279999999999999,0.9283760646652031,1,0.1875
3677,96463,16,0.9279999999999999,0.9280648139073508,1,0.0625
3678,96477,14,0.9369999999999999,0.9370873415765325,1,0.07142857142857142
3679,96492,15,0.9325,0.9325806306092479,1,0.06666666666666667
3680,96508,16,0.9279999999999999,0.9280400249002563,1,0.0625
3681,96524,16,0.9279999999999999,0.9280611448025076,1,0.0625
3682,96540,16,0.9279999999999999,0.9280642967020735,1,0.0625
3683,96556,16,0.9279999999999999,0.9280992378328481,1,0.0625
3684,96570,14,0.9369999999999999,0.9370647662048001,1,0.07142857142857142
3685,96586,16,0.9279999999999999,0.9280710098095756,1,0.0625
3686,96602,16,0.9279999999999999,0.9280629467973016,1,0.0625
3687,96618,16,0.9279999999999999,0.9280949712254302,1,0.0625
3688,96632,14,0.9369999999999999,0.937064256510342,1,0.07142857142857142
3689,96646,14,0.9369999999999999,0.9370689073997059,1,0.07142857142857142
3690,96662,16,0.9279999999999999,0.928102546848414,1,0.0625
3691,96676,14,0.9369999999999999,0.9370907111147655,1,0.07142857142857142
3692,96690,14,0.9369999999999999,0.9370831787195741,1,0.07142857142857142
3693,96704,14,0.9369999999999999,0.9370545254346762,1,0.07142857142857142
3694,96718,14,0.9369999999999999,0.9370573590983281,1,0.07142857142857142
3695,96732,14,0.9369999999999999,0.937063513838015,1,0.07142857142857142
3696,96746,14,0.9369999999999999,0.9370466311575437,1,0.07142857142857142
3697,96760,14,0.9369999999999999,0.9370443305053832,1,0.07142857142857142
3698,96774,14,0.9369999999999999,0.9371151408318688,1,0.07142857142857142
3699,96788,14,0.9369999999999999,0.937038165110364,1,0.07142857142857142
3700,96804,16,0.9279999999999999,0.9280480700447152,1,0.0625
3701,96818,14,0.9369999999999999,0.9370482272700097,1,0.07142857142857142
3702,96834,16,0.9279999999999999,0.9280419853962568,1,0.0625
3703,96850,16,0.9279999999999999,0.9280609965590243,1,0.0625
3704,96866,16,0.9279999999999999,0.9282712722434807,1,0.1875
3705,96882,16,0.9279999999999999,0.9280351756135242,1,0.0625
3706,96896,14,0.9369999999999999,0.9370506547623908,1,0.07142857142857142
3707,96912,16,0.9279999999999999,0.9281083401430908,1,0.0625
3708,96930,18,0.919,0.9190322731966337,1,0.05555555555555555
3709,96946,16,0.9279999999999999,0.9280450662064146,1,0.0625
3710,96962,16,0.9279999999999999,0.9281089070909632,1,0.0625
3711,96976,14,0.9369999999999999,0.9370842693453432,1,0.07142857142857142
3712,96992,16,0.9279999999999999,0.9280471857227913,1,0.0625
3713,97006,14,0.9369999999999999,0.9370715146737424,1,0.07142857142857142
3714,97024,18,0.919,0.9190758514205,1,0.05555555555555555
3715,97038,14,0.9369999999999999,0.9370982901328153,1,0.07142857142857142
3716,97052,14,0.9369999999999999,0.9370785122394713,1,0.07142857142857142
3717,97066,14,0.9369999999999999,0.937082108952319,1,0.07142857142857142
3718,97080,14,0.9369999999999999,0.937101045007369,1,0.07142857142857142
3719,97098,18,0.919,0.9190660341199337,1,0.05555555555555555
3720,97112,14,0.9369999999999999,0.9370572197013459,1,0.07142857142857142
3721,97128,16,0.9279999999999999,0.92805829969378,1,0.0625
3722,97146,18,0.919,0.9190614634801707,1,0.05555555555555555
3723,97164,18,0.919,0.9190257389268047,1,0.05555555555555555
3724,97180,16,0.9279999999999999,0.9280864251815942,1,0.0625
3725,97200,20,0.91,0.9100646960587546,1,0.05
3726,97216,16,0.9279999999999999,0.9280503204104545,1,0.0625
3727,97230,14,0.9369999999999999,0.9370467309748112,1,0.07142857142857142
3728,97246,16,0.9279999999999999,0.9280631861365182,1,0.0625
3729,97260,14,0.9369999999999999,0.9370562947268236,1,0.07142857142857142
3730,97278,18,0.919,0.9190839141987586,1,0.05555555555555555
3731,97294,16,0.9279999999999999,0.9280458383982733,1,0.0625
3732,97308,14,0.9369999999999999,0.9370487532236105,1,0.07142857142857142
3733,97322,14,0.9369999999999999,0.9370447010975136,1,0.07142857142857142
3734,97338,16,0.9279999999999999,0.9280405862181479,1,0.0625
3735,97352,14,0.9369999999999999,0.9370395087312315,1,0.07142857142857142
3736,97366,14,0.9369999999999999,0.9370395756036513,1,0.07142857142857142
3737,97390,24,0.892,0.8920617702326762,1,0.041666666666666664
3738,97404,14,0.9369999999999999,0.9370745529047988,1,0.07142857142857142
3739,97418,14,0.9369999999999999,0.937087947505026,1,0.07142857142857142
3740,97432,14,0.9369999999999999,0.9370654112090133,1,0.07142857142857142
3741,97448,16,0.9279999999999999,0.928064467009019,1,0.0625
3742,97462,14,0.9369999999999999,0.9370393212319966,1,0.07142857142857142
3743,97478,16,0.9279999999999999,0.9280810906472909,1,0.0625
3744,97492,14,0.9369999999999999,0.9370356113037828,1,0.07142857142857142
3745,97506,14,0.9369999999999999,0.9370479253256323,1,0.07142857142857142
3746,97522,16,0.9279999999999999,0.9280551489515426,1,0.0625
3747,97536,14,0.9369999999999999,0.9370765795654078,1,0.07142857142857142
3748,97561,25,0.8875,0.8875404217350461,1,0.04
3749,97585,24,0.892,0.8921330260364173,1,0.041666666666666664
3750,97601,16,0.9279999999999999,0.9280846423519663,1,0.0625
3751,97617,16,0.9279999999999999,0.9280651631706105,1,0.0625
3752,97631,14,0.9369999999999999,0.937061064047131,1,0.07142857142857142
3753,97647,16,0.9279999999999999,0.9280711242850549,1,0.0625
3754,97661,14,0.9369999999999999,0.937063834527261,1,0.07142857142857142
3755,97679,18,0.919,0.9191180050244274,1,0.05555555555555555
3756,97695,16,0.9279999999999999,0.9280563721005021,1,0.0625
3757,97711,16,0.9279999999999999,0.9280403347544877,1,0.0625
3758,97725,14,0.9369999999999999,0.937058121625679,1,0.07142857142857142
3759,97742,17,0.9235,0.9235923528703015,1,0.058823529411764705
3760,97756,14,0.9369999999999999,0.9370656284743356,1,0.07142857142857142
3761,97772,16,0.9279999999999999,0.9281185128559208,1,0.0625
3762,97788,16,0.9279999999999999,0.9280583598971259,1,0.0625
3763,97806,18,0.919,0.9193410157393803,1,0.16666666666666666
3764,97820,14,0.9369999999999999,0.9370536353799748,1,0.07142857142857142
3765,97838,18,0.919,0.9190575898648141,1,0.05555555555555555
3766,97854,16,0.9279999999999999,0.9282658285565981,1,0.1875
3767,97868,14,0.9369999999999999,0.9371114830797569,1,0.07142857142857142
3768,97884,16,0.9279999999999999,0.9280823172006432,1,0.0625
3769,97898,14,0.9369999999999999,0.9371318265050889,1,0.07142857142857142
3770,97912,14,0.9369999999999999,0.9370693451876649,1,0.07142857142857142
3771,97926,14,0.9369999999999999,0.9370881134290164,1,0.07142857142857142
3772,97946,20,0.91,0.9100831369485478,1,0.05
3773,97960,14,0.9369999999999999,0.9370499733703856,1,0.07142857142857142
3774,97977,17,0.9235,0.9235915244614571,1,0.058823529411764705
3775,97991,14,0.9369999999999999,0.9370558204053522,1,0.07142857142857142
3776,98007,16,0.9279999999999999,0.9280656023861014,1,0.0625
3777,98021,14,0.9369999999999999,0.9371050822187655,1,0.07142857142857142
3778,98035,14,0.9369999999999999,0.937077190355518,1,0.07142857142857142
3779,98051,16,0.9279999999999999,0.9280545039364332,1,0.0625
3780,98065,14,0.9369999999999999,0.937070369914681,1,0.07142857142857142
3781,98079,14,0.9369999999999999,0.9370554068447392,1,0.07142857142857142
3782,98093,14,0.9369999999999999,0.9370638535551332,1,0.07142857142857142
3783,98107,14,0.9369999999999999,0.9371157749883652,1,0.07142857142857142
3784,98123,16,0.9279999999999999,0.9282180862275315,1,0.1875
3785,98137,14,0.9369999999999999,0.9371217731519649,1,0.07142857142857142
3786,98171,34,0.847,0.8471020086625822,1,0.029411764705882353
3787,98185,14,0.9369999999999999,0.9370531935345033,1,0.07142857142857142
3788,98199,14,0.9369999999999999,0.9370522974663081,1,0.07142857142857142
3789,98215,16,0.9279999999999999,0.9280556414725213,1,0.0625
3790,98255,40,0.82,0.8201176514087202,1,0.025
3791,98302,47,0.7885,0.7891578917103911,1,0.02127659574468085
3792,98394,92,0.586,0.5861120730479638,1,0.010869565217391304
3793,98591,197,0.11350000000000005,0.11381132893232705,1,0.005076142131979695
3794,98617,26,0.883,0.8833164848694416,1,0.11538461538461539
3795,98631,14,0.9369999999999999,0.9370853443107231,1,0.07142857142857142
3796,98645,14,0.9369999999999999,0.9370583590129123,1,0.07142857142857142
3797,98667,22,0.901,0.9011244399498276,1,0.045454545454545456
3798,98701,34,0.847,0.8474412242531617,1,0.08823529411764706
3799,98773,72,0.6759999999999999,0.6761049987204789,1,0.013888888888888888
3800,98934,161,0.27549999999999997,0.2757607274218006,1,0.006211180124223602
3801,99037,103,0.5365,0.5369018016919318,1,0.02912621359223301
3802,99051,14,0.9369999999999999,0.9370897098036176,1,0.07142857142857142
3803,99069,18,0.919,0.9190356080624179,1,0.05555555555555555
3804,99083,14,0.9369999999999999,0.937074779732762,1,0.07142857142857142
3805,99097,14,0.9369999999999999,0.9370364871072779,1,0.07142857142857142
3806,99113,16,0.9279999999999999,0.9280553054792661,1,0.0625
3807,99127,14,0.9369999999999999,0.9370711585422832,1,0.07142857142857142
3808,99145,18,0.919,0.9192530713613346,1,0.16666666666666666
3809,99159,14,0.9369999999999999,0.93705585045085,1,0.07142857142857142
3810,99183,24,0.892,0.8922585020184841,1,0.125
3811,99203,20,0.91,0.9108047187309344,1,0.35
3812,99225,22,0.901,0.9014296982354179,1,0.22727272727272727
3813,99241,16,0.9279999999999999,0.9280427795241181,1,0.0625
3814,99255,14,0.9369999999999999,0.9370797161068901,1,0.07142857142857142
3815,99269,14,0.9369999999999999,0.9370426196872349,1,0.07142857142857142
3816,99283,14,0.9369999999999999,0.9370754714870696,1,0.07142857142857142
3817,99299,16,0.9279999999999999,0.9284252223939973,1,0.1875
3818,99317,18,0.919,0.9190737698188777,1,0.05555555555555555
3819,99333,16,0.9279999999999999,0.928120841921087,1,0.0625
3820,99349,16,0.9279999999999999,0.9283050989074823,1,0.1875
3821,99374,25,0.8875,0.8875801039836382,1,0.04
3822,99396,22,0.901,0.9019703103014955,1,0.4090909090909091
3823,99412,16,0.9279999999999999,0.9280714310344795,1,0.0625
3824,99436,24,0.892,0.8926386581776189,1,0.16666666666666666
3825,99452,16,0.9279999999999999,0.9282452245966503,1,0.1875
3826,99470,18,0.919,0.9195380237251382,1,0.2777777777777778
3827,99492,22,0.901,0.9018461677586564,1,0.3181818181818182
3828,99506,14,0.9369999999999999,0.9370804142767917,1,0.07142857142857142
3829,99522,16,0.9279999999999999,0.9283169046189468,1,0.1875
3830,99538,16,0.9279999999999999,0.9283664712238422,1,0.1875
3831,99554,16,0.9279999999999999,0.9283097638736427,1,0.1875
3832,99572,18,0.919,0.91964772364616,1,0.2777777777777778
3833,99587,15,0.9325,0.9325395536282528,1,0.06666666666666667
3834,99603,16,0.9279999999999999,0.9280826347152485,1,0.0625
3835,99619,16,0.9279999999999999,0.9281346772845369,1,0.0625
3836,99639,20,0.91,0.9101956076356915,1,0.15
3837,99655,16,0.9279999999999999,0.9280511445405208,1,0.0625
3838,99671,16,0.9279999999999999,0.928088810872749,1,0.0625
3839,99685,14,0.9369999999999999,0.937070329122843,1,0.07142857142857142
3840,99707,22,0.901,0.9020790147867642,1,0.3181818181818182
3841,99755,48,0.784,0.7857589318952369,1,0.08333333333333333
3842,99775,20,0.91,0.9104996400756874,1,0.25
3843,99803,28,0.874,0.8752142826224474,1,0.32142857142857145
3844,99821,18,0.919,0.9196011497242684,1,0.2777777777777778
3845,99870,49,0.7795,0.7805615174203216,1,0.08163265306122448
3846,99886,16,0.9279999999999999,0.9282423700265886,1,0.1875
3847,99906,20,0.91,0.9107559516748246,1,0.35
3848,99920,14,0.9369999999999999,0.9370759508946929,1,0.07142857142857142
3849,99944,24,0.892,0.8931462600359398,1,0.4583333333333333
3850,99964,20,0.91,0.9109175077057948,1,0.35
3851,99994,30,0.865,0.8668898604387448,1,0.5666666666666667
