episode,end_step,length,extrinsic_return,shaped_return,success,tv_fraction
0,200,200,0.0,0.0,0,0.29
1,400,200,0.0,0.0,0,0.12
2,600,200,0.0,0.0,0,0.155
3,800,200,0.0,0.0,0,0.085
4,1000,200,0.0,0.0,0,0.285
5,1200,200,0.0,0.0,0,0.14
6,1400,200,0.0,0.0,0,0.155
7,1600,200,0.0,0.0,0,0.085
8,1800,200,0.0,0.0,0,0.225
9,2000,200,0.0,0.0,0,0.115
10,2200,200,0.0,0.0,0,0.035
11,2400,200,0.0,0.0,0,0.145
12,2600,200,0.0,0.0,0,0.005
13,2800,200,0.0,0.0,0,0.005
14,3000,200,0.0,0.0,0,0.13
15,3200,200,0.0,0.0,0,0.255
16,3400,200,0.0,0.0,0,0.055
17,3600,200,0.0,0.0,0,0.11
18,3800,200,0.0,0.0,0,0.06
19,4000,200,0.0,0.0,0,0.19
20,4200,200,0.0,0.0,0,0.005
21,4400,200,0.0,0.0,0,0.075
22,4600,200,0.0,0.0,0,0.065
23,4800,200,0.0,0.0,0,0.02
24,4920,120,0.45999999999999996,0.45999999999999996,1,0.16666666666666666
25,5120,200,0.0,0.0,0,0.035
26,5320,200,0.0,0.0,0,0.295
27,5520,200,0.0,0.0,0,0.21
28,5720,200,0.0,0.0,0,0.11
29,5920,200,0.0,0.0,0,0.165
30,6120,200,0.0,0.0,0,0.05
31,6320,200,0.0,0.0,0,0.095
32,6520,200,0.0,0.0,0,0.19
33,6720,200,0.0,0.0,0,0.01
34,6920,200,0.0,0.0,0,0.185
35,7120,200,0.0,0.0,0,0.11
36,7320,200,0.0,0.0,0,0.13
37,7520,200,0.0,0.0,0,0.155
38,7720,200,0.0,0.0,0,0.055
39,7920,200,0.0,0.0,0,0.255
40,8120,200,0.0,0.0,0,0.05
41,8320,200,0.0,0.0,0,0.155
42,8520,200,0.0,0.0,0,0.3
43,8720,200,0.0,0.0,0,0.215
44,8920,200,0.0,0.0,0,0.275
45,9120,200,0.0,0.0,0,0.24
46,9233,113,0.49150000000000005,0.49150000000000005,1,0.09734513274336283
47,9385,152,0.31599999999999995,0.31599999999999995,1,0.013157894736842105
48,9585,200,0.0,0.0,0,0.17
49,9725,140,0.37,0.37,1,0.11428571428571428
50,9925,200,0.0,0.0,0,0.325
51,10093,168,0.244,0.244,1,0.13690476190476192
52,10293,200,0.0,0.0,0,0.1
53,10493,200,0.0,0.0,0,0.48
54,10693,200,0.0,0.0,0,0.15
55,10785,92,0.586,0.586,1,0.15217391304347827
56,10959,174,0.21699999999999997,0.21699999999999997,1,0.028735632183908046
57,11159,200,0.0,0.0,0,0.21
58,11359,200,0.0,0.0,0,0.02
59,11559,200,0.0,0.0,0,0.17
60,11617,58,0.739,0.739,1,0.15517241379310345
61,11712,95,0.5725,0.5725,1,0.3368421052631579
62,11912,200,0.0,0.0,0,0.38
63,12112,200,0.0,0.0,0,0.185
64,12206,94,0.577,0.577,1,0.10638297872340426
65,12277,71,0.6805,0.6805,1,0.07042253521126761
66,12477,200,0.0,0.0,0,0.18
67,12632,155,0.3025,0.3025,1,0.27741935483870966
68,12832,200,0.0,0.0,0,0.155
69,13032,200,0.0,0.0,0,0.35
70,13232,200,0.0,0.0,0,0.245
71,13432,200,0.0,0.0,0,0.195
72,13517,85,0.6174999999999999,0.6174999999999999,1,0.16470588235294117
73,13679,162,0.2709999999999999,0.2709999999999999,1,0.11728395061728394
74,13796,117,0.47350000000000003,0.47350000000000003,1,0.18803418803418803
75,13874,78,0.649,0.649,1,0.11538461538461539
76,13912,38,0.829,0.829,1,0.05263157894736842
77,14046,134,0.3969999999999999,0.3969999999999999,1,0.2462686567164179
78,14246,200,0.0,0.0,0,0.335
79,14446,200,0.0,0.0,0,0.235
80,14546,100,0.55,0.55,1,0.08
81,14586,40,0.82,0.82,1,0.15
82,14715,129,0.4195,0.4195,1,0.11627906976744186
83,14865,150,0.32499999999999996,0.32499999999999996,1,0.03333333333333333
84,15044,179,0.1945,0.1945,1,0.1005586592178771
85,15196,152,0.31599999999999995,0.31599999999999995,1,0.20394736842105263
86,15263,67,0.6984999999999999,0.6984999999999999,1,0.029850746268656716
87,15385,122,0.45099999999999996,0.45099999999999996,1,0.13934426229508196
88,15506,121,0.4555,0.4555,1,0.17355371900826447
89,15627,121,0.4555,0.4555,1,0.05785123966942149
90,15827,200,0.0,0.0,0,0.165
91,16027,200,0.0,0.0,0,0.195
92,16227,200,0.0,0.0,0,0.335
93,16312,85,0.6174999999999999,0.6174999999999999,1,0.03529411764705882
94,16409,97,0.5635,0.5635,1,0.030927835051546393
95,16609,200,0.0,0.0,0,0.235
96,16787,178,0.19899999999999995,0.19899999999999995,1,0.05056179775280899
97,16876,89,0.5994999999999999,0.5994999999999999,1,0.1797752808988764
98,16993,117,0.47350000000000003,0.47350000000000003,1,0.08547008547008547
99,17133,140,0.37,0.37,1,0.02857142857142857
100,17295,162,0.2709999999999999,0.2709999999999999,1,0.030864197530864196
101,17453,158,0.2889999999999999,0.2889999999999999,1,0.31645569620253167
102,17513,60,0.73,0.73,1,0.15
103,17673,160,0.2799999999999999,0.2799999999999999,1,0.20625
104,17756,83,0.6265000000000001,0.6265000000000001,1,0.03614457831325301
105,17956,200,0.0,0.0,0,0.13
106,18062,106,0.5229999999999999,0.5229999999999999,1,0.11320754716981132
107,18262,200,0.0,0.0,0,0.03
108,18356,94,0.577,0.577,1,0.06382978723404255
109,18556,200,0.0,0.0,0,0.15
110,18632,76,0.6579999999999999,0.6579999999999999,1,0.013157894736842105
111,18832,200,0.0,0.0,0,0.125
112,18937,105,0.5275,0.5275,1,0.02857142857142857
113,19014,77,0.6535,0.6535,1,0.16883116883116883
114,19053,39,0.8245,0.8245,1,0.02564102564102564
115,19201,148,0.33399999999999996,0.33399999999999996,1,0.013513513513513514
116,19300,99,0.5545,0.5545,1,0.010101010101010102
117,19346,46,0.7929999999999999,0.7929999999999999,1,0.15217391304347827
118,19546,200,0.0,0.0,0,0.035
119,19746,200,0.0,0.0,0,0.045
120,19858,112,0.4959999999999999,0.4959999999999999,1,0.026785714285714284
121,19934,76,0.6579999999999999,0.6579999999999999,1,0.013157894736842105
122,20095,161,0.27549999999999997,0.27549999999999997,1,0.006211180124223602
123,20194,99,0.5545,0.5545,1,0.010101010101010102
124,20236,42,0.8109999999999999,0.8109999999999999,1,0.023809523809523808
125,20276,40,0.82,0.82,1,0.075
126,20342,66,0.703,0.703,1,0.015151515151515152
127,20386,44,0.802,0.802,1,0.022727272727272728
128,20476,90,0.595,0.595,1,0.03333333333333333
129,20535,59,0.7344999999999999,0.7344999999999999,1,0.11864406779661017
130,20699,164,0.262,0.262,1,0.018292682926829267
131,20793,94,0.577,0.577,1,0.05319148936170213
132,20928,135,0.39249999999999996,0.39249999999999996,1,0.007407407407407408
133,20948,20,0.91,0.91,1,0.15
134,21148,200,0.0,0.0,0,0.025
135,21200,52,0.766,0.766,1,0.057692307692307696
136,21293,93,0.5814999999999999,0.5814999999999999,1,0.03225806451612903
137,21325,32,0.856,0.856,1,0.09375
138,21367,42,0.8109999999999999,0.8109999999999999,1,0.11904761904761904
139,21421,54,0.757,0.757,1,0.05555555555555555
140,21451,30,0.865,0.865,1,0.13333333333333333
141,21500,49,0.7795,0.7795,1,0.1836734693877551
142,21557,57,0.7435,0.7435,1,0.15789473684210525
143,21686,129,0.4195,0.4195,1,0.05426356589147287
144,21723,37,0.8335,0.8335,1,0.02702702702702703
145,21863,140,0.37,0.37,1,0.007142857142857143
146,22063,200,0.0,0.0,0,0.015
147,22111,48,0.784,0.784,1,0.020833333333333332
148,22157,46,0.7929999999999999,0.7929999999999999,1,0.043478260869565216
149,22217,60,0.73,0.73,1,0.08333333333333333
150,22318,101,0.5455,0.5455,1,0.0297029702970297
151,22345,27,0.8785,0.8785,1,0.037037037037037035
152,22406,61,0.7255,0.7255,1,0.01639344262295082
153,22487,81,0.6355,0.6355,1,0.037037037037037035
154,22547,60,0.73,0.73,1,0.016666666666666666
155,22579,32,0.856,0.856,1,0.03125
156,22661,82,0.631,0.631,1,0.012195121951219513
157,22755,94,0.577,0.577,1,0.031914893617021274
158,22796,41,0.8155,0.8155,1,0.17073170731707318
159,22848,52,0.766,0.766,1,0.09615384615384616
160,22959,111,0.5005,0.5005,1,0.04504504504504504
161,23018,59,0.7344999999999999,0.7344999999999999,1,0.05084745762711865
162,23065,47,0.7885,0.7885,1,0.02127659574468085
163,23250,185,0.16749999999999998,0.16749999999999998,1,0.016216216216216217
164,23321,71,0.6805,0.6805,1,0.014084507042253521
165,23351,30,0.865,0.865,1,0.03333333333333333
166,23551,200,0.0,0.0,0,0.005
167,23609,58,0.739,0.739,1,0.017241379310344827
168,23687,78,0.649,0.649,1,0.1794871794871795
169,23723,36,0.838,0.838,1,0.1388888888888889
170,23772,49,0.7795,0.7795,1,0.04081632653061224
171,23821,49,0.7795,0.7795,1,0.02040816326530612
172,24005,184,0.17199999999999993,0.17199999999999993,1,0.08152173913043478
173,24092,87,0.6085,0.6085,1,0.034482758620689655
174,24195,103,0.5365,0.5365,1,0.08737864077669903
175,24231,36,0.838,0.838,1,0.19444444444444445
176,24308,77,0.6535,0.6535,1,0.14285714285714285
177,24501,193,0.13150000000000006,0.13150000000000006,1,0.09326424870466321
178,24539,38,0.829,0.829,1,0.18421052631578946
179,24602,63,0.7164999999999999,0.7164999999999999,1,0.06349206349206349
180,24632,30,0.865,0.865,1,0.03333333333333333
181,24799,167,0.24850000000000005,0.24850000000000005,1,0.029940119760479042
182,24857,58,0.739,0.739,1,0.08620689655172414
183,24925,68,0.694,0.694,1,0.014705882352941176
184,24963,38,0.829,0.829,1,0.2894736842105263
185,25070,107,0.5185,0.5185,1,0.14018691588785046
186,25122,52,0.766,0.766,1,0.057692307692307696
187,25189,67,0.6984999999999999,0.6984999999999999,1,0.1044776119402985
188,25237,48,0.784,0.784,1,0.0625
189,25293,56,0.748,0.748,1,0.16071428571428573
190,25317,24,0.892,0.892,1,0.041666666666666664
191,25343,26,0.883,0.883,1,0.11538461538461539
192,25439,96,0.5680000000000001,0.5680000000000001,1,0.03125
193,25639,200,0.0,0.0,0,0.01
194,25675,36,0.838,0.838,1,0.08333333333333333
195,25738,63,0.7164999999999999,0.7164999999999999,1,0.07936507936507936
196,25796,58,0.739,0.739,1,0.13793103448275862
197,25856,60,0.73,0.73,1,0.016666666666666666
198,25926,70,0.685,0.685,1,0.014285714285714285
199,25975,49,0.7795,0.7795,1,0.16326530612244897
200,26084,109,0.5095,0.5095,1,0.01834862385321101
201,26148,64,0.712,0.712,1,0.140625
202,26198,50,0.775,0.775,1,0.06
203,26240,42,0.8109999999999999,0.8109999999999999,1,0.38095238095238093
204,26317,77,0.6535,0.6535,1,0.012987012987012988
205,26393,76,0.6579999999999999,0.6579999999999999,1,0.25
206,26487,94,0.577,0.577,1,0.06382978723404255
207,26568,81,0.6355,0.6355,1,0.09876543209876543
208,26642,74,0.667,0.667,1,0.04054054054054054
209,26842,200,0.0,0.0,0,0.045
210,26966,124,0.44199999999999995,0.44199999999999995,1,0.024193548387096774
211,27042,76,0.6579999999999999,0.6579999999999999,1,0.09210526315789473
212,27101,59,0.7344999999999999,0.7344999999999999,1,0.22033898305084745
213,27178,77,0.6535,0.6535,1,0.11688311688311688
214,27235,57,0.7435,0.7435,1,0.15789473684210525
215,27293,58,0.739,0.739,1,0.08620689655172414
216,27428,135,0.39249999999999996,0.39249999999999996,1,0.007407407407407408
217,27448,20,0.91,0.91,1,0.05
218,27464,16,0.9279999999999999,0.9279999999999999,1,0.0625
219,27505,41,0.8155,0.8155,1,0.2682926829268293
220,27548,43,0.8065,0.8065,1,0.06976744186046512
221,27588,40,0.82,0.82,1,0.125
222,27626,38,0.829,0.829,1,0.02631578947368421
223,27702,76,0.6579999999999999,0.6579999999999999,1,0.07894736842105263
224,27748,46,0.7929999999999999,0.7929999999999999,1,0.021739130434782608
225,27785,37,0.8335,0.8335,1,0.32432432432432434
226,27825,40,0.82,0.82,1,0.025
227,27855,30,0.865,0.865,1,0.1
228,27908,53,0.7615,0.7615,1,0.05660377358490566
229,27953,45,0.7975,0.7975,1,0.1111111111111111
230,27993,40,0.82,0.82,1,0.15
231,28021,28,0.874,0.874,1,0.03571428571428571
232,28089,68,0.694,0.694,1,0.1323529411764706
233,28109,20,0.91,0.91,1,0.05
234,28139,30,0.865,0.865,1,0.03333333333333333
235,28206,67,0.6984999999999999,0.6984999999999999,1,0.014925373134328358
236,28226,20,0.91,0.91,1,0.05
237,28264,38,0.829,0.829,1,0.02631578947368421
238,28292,28,0.874,0.874,1,0.10714285714285714
239,28360,68,0.694,0.694,1,0.04411764705882353
240,28423,63,0.7164999999999999,0.7164999999999999,1,0.12698412698412698
241,28574,151,0.3205,0.3205,1,0.013245033112582781
242,28596,22,0.901,0.901,1,0.13636363636363635
243,28623,27,0.8785,0.8785,1,0.18518518518518517
244,28643,20,0.91,0.91,1,0.05
245,28676,33,0.8514999999999999,0.8514999999999999,1,0.15151515151515152
246,28755,79,0.6445,0.6445,1,0.05063291139240506
247,28805,50,0.775,0.775,1,0.1
248,28837,32,0.856,0.856,1,0.09375
249,28871,34,0.847,0.847,1,0.14705882352941177
250,28906,35,0.8425,0.8425,1,0.02857142857142857
251,28944,38,0.829,0.829,1,0.02631578947368421
252,28968,24,0.892,0.892,1,0.041666666666666664
253,28990,22,0.901,0.901,1,0.045454545454545456
254,29033,43,0.8065,0.8065,1,0.06976744186046512
255,29112,79,0.6445,0.6445,1,0.24050632911392406
256,29158,46,0.7929999999999999,0.7929999999999999,1,0.021739130434782608
257,29190,32,0.856,0.856,1,0.03125
258,29208,18,0.919,0.919,1,0.16666666666666666
259,29246,38,0.829,0.829,1,0.3157894736842105
260,29272,26,0.883,0.883,1,0.11538461538461539
261,29360,88,0.604,0.604,1,0.011363636363636364
262,29401,41,0.8155,0.8155,1,0.07317073170731707
263,29429,28,0.874,0.874,1,0.42857142857142855
264,29464,35,0.8425,0.8425,1,0.02857142857142857
265,29593,129,0.4195,0.4195,1,0.03875968992248062
266,29613,20,0.91,0.91,1,0.15
267,29660,47,0.7885,0.7885,1,0.1702127659574468
268,29699,39,0.8245,0.8245,1,0.02564102564102564
269,29715,16,0.9279999999999999,0.9279999999999999,1,0.0625
270,29798,83,0.6265000000000001,0.6265000000000001,1,0.060240963855421686
271,29826,28,0.874,0.874,1,0.10714285714285714
272,29846,20,0.91,0.91,1,0.05
273,29871,25,0.8875,0.8875,1,0.04
274,29912,41,0.8155,0.8155,1,0.12195121951219512
275,29947,35,0.8425,0.8425,1,0.2
276,29988,41,0.8155,0.8155,1,0.0975609756097561
277,30013,25,0.8875,0.8875,1,0.12
278,30049,36,0.838,0.838,1,0.027777777777777776
279,30249,200,0.0,0.0,0,0.01
280,30267,18,0.919,0.919,1,0.05555555555555555
281,30287,20,0.91,0.91,1,0.05
282,30301,14,0.9369999999999999,0.9369999999999999,1,0.07142857142857142
283,30317,16,0.9279999999999999,0.9279999999999999,1,0.0625
284,30351,34,0.847,0.847,1,0.14705882352941177
285,30373,22,0.901,0.901,1,0.045454545454545456
286,30403,30,0.865,0.865,1,0.03333333333333333
287,30443,40,0.82,0.82,1,0.025
288,30466,23,0.8965,0.8965,1,0.13043478260869565
289,30518,52,0.766,0.766,1,0.09615384615384616
290,30545,27,0.8785,0.8785,1,0.18518518518518517
291,30576,31,0.8605,0.8605,1,0.03225806451612903
292,30599,23,0.8965,0.8965,1,0.043478260869565216
293,30619,20,0.91,0.91,1,0.25
294,30655,36,0.838,0.838,1,0.19444444444444445
295,30697,42,0.8109999999999999,0.8109999999999999,1,0.023809523809523808
296,30740,43,0.8065,0.8065,1,0.023255813953488372
297,30772,32,0.856,0.856,1,0.09375
298,30807,35,0.8425,0.8425,1,0.08571428571428572
299,30835,28,0.874,0.874,1,0.03571428571428571
300,30868,33,0.8514999999999999,0.8514999999999999,1,0.030303030303030304
301,30888,20,0.91,0.91,1,0.05
302,30925,37,0.8335,0.8335,1,0.2702702702702703
303,30951,26,0.883,0.883,1,0.038461538461538464
304,30975,24,0.892,0.892,1,0.125
305,31004,29,0.8694999999999999,0.8694999999999999,1,0.034482758620689655
306,31043,39,0.8245,0.8245,1,0.02564102564102564
307,31084,41,0.8155,0.8155,1,0.024390243902439025
308,31104,20,0.91,0.91,1,0.15
309,31146,42,0.8109999999999999,0.8109999999999999,1,0.11904761904761904
310,31168,22,0.901,0.901,1,0.045454545454545456
311,31220,52,0.766,0.766,1,0.019230769230769232
312,31238,18,0.919,0.919,1,0.05555555555555555
313,31261,23,0.8965,0.8965,1,0.043478260869565216
314,31282,21,0.9055,0.9055,1,0.14285714285714285
315,31300,18,0.919,0.919,1,0.05555555555555555
316,31326,26,0.883,0.883,1,0.038461538461538464
317,31365,39,0.8245,0.8245,1,0.15384615384615385
318,31405,40,0.82,0.82,1,0.075
319,31436,31,0.8605,0.8605,1,0.0967741935483871
320,31563,127,0.4285,0.4285,1,0.007874015748031496
321,31625,62,0.721,0.721,1,0.11290322580645161
322,31643,18,0.919,0.919,1,0.05555555555555555
323,31682,39,0.8245,0.8245,1,0.02564102564102564
324,31724,42,0.8109999999999999,0.8109999999999999,1,0.023809523809523808
325,31791,67,0.6984999999999999,0.6984999999999999,1,0.1791044776119403
326,31825,34,0.847,0.847,1,0.20588235294117646
327,31895,70,0.685,0.685,1,0.04285714285714286
328,32095,200,0.0,0.0,0,0.02
329,32177,82,0.631,0.631,1,0.036585365853658534
330,32199,22,0.901,0.901,1,0.045454545454545456
331,32315,116,0.478,0.478,1,0.017241379310344827
332,32400,85,0.6174999999999999,0.6174999999999999,1,0.011764705882352941
333,32455,55,0.7525,0.7525,1,0.01818181818181818
334,32501,46,0.7929999999999999,0.7929999999999999,1,0.021739130434782608
335,32517,16,0.9279999999999999,0.9279999999999999,1,0.0625
336,32545,28,0.874,0.874,1,0.03571428571428571
337,32567,22,0.901,0.901,1,0.045454545454545456
338,32613,46,0.7929999999999999,0.7929999999999999,1,0.1956521739130435
339,32647,34,0.847,0.847,1,0.029411764705882353
340,32707,60,0.73,0.73,1,0.08333333333333333
341,32726,19,0.9145,0.9145,1,0.05263157894736842
342,32743,17,0.9235,0.9235,1,0.058823529411764705
343,32825,82,0.631,0.631,1,0.06097560975609756
344,32856,31,0.8605,0.8605,1,0.03225806451612903
345,32930,74,0.667,0.667,1,0.013513513513513514
346,32973,43,0.8065,0.8065,1,0.06976744186046512
347,33001,28,0.874,0.874,1,0.03571428571428571
348,33049,48,0.784,0.784,1,0.041666666666666664
349,33094,45,0.7975,0.7975,1,0.06666666666666667
350,33118,24,0.892,0.892,1,0.125
351,33212,94,0.577,0.577,1,0.19148936170212766
352,33234,22,0.901,0.901,1,0.045454545454545456
353,33277,43,0.8065,0.8065,1,0.16279069767441862
354,33320,43,0.8065,0.8065,1,0.023255813953488372
355,33362,42,0.8109999999999999,0.8109999999999999,1,0.023809523809523808
356,33391,29,0.8694999999999999,0.8694999999999999,1,0.2413793103448276
357,33405,14,0.9369999999999999,0.9369999999999999,1,0.07142857142857142
358,33465,60,0.73,0.73,1,0.016666666666666666
359,33492,27,0.8785,0.8785,1,0.1111111111111111
360,33540,48,0.784,0.784,1,0.020833333333333332
361,33578,38,0.829,0.829,1,0.07894736842105263
362,33636,58,0.739,0.739,1,0.017241379310344827
363,33670,34,0.847,0.847,1,0.029411764705882353
364,33733,63,0.7164999999999999,0.7164999999999999,1,0.031746031746031744
365,33797,64,0.712,0.712,1,0.046875
366,33814,17,0.9235,0.9235,1,0.058823529411764705
367,33859,45,0.7975,0.7975,1,0.06666666666666667
368,33904,45,0.7975,0.7975,1,0.022222222222222223
369,33954,50,0.775,0.775,1,0.06
370,34006,52,0.766,0.766,1,0.09615384615384616
371,34034,28,0.874,0.874,1,0.17857142857142858
372,34050,16,0.9279999999999999,0.9279999999999999,1,0.0625
373,34072,22,0.901,0.901,1,0.045454545454545456
374,34122,50,0.775,0.775,1,0.02
375,34159,37,0.8335,0.8335,1,0.02702702702702703
376,34181,22,0.901,0.901,1,0.045454545454545456
377,34212,31,0.8605,0.8605,1,0.03225806451612903
378,34239,27,0.8785,0.8785,1,0.037037037037037035
379,34292,53,0.7615,0.7615,1,0.018867924528301886
380,34422,130,0.4149999999999999,0.4149999999999999,1,0.007692307692307693
381,34523,101,0.5455,0.5455,1,0.0297029702970297
382,34563,40,0.82,0.82,1,0.275
383,34587,24,0.892,0.892,1,0.041666666666666664
384,34607,20,0.91,0.91,1,0.25
385,34661,54,0.757,0.757,1,0.037037037037037035
386,34729,68,0.694,0.694,1,0.07352941176470588
387,34923,194,0.127,0.127,1,0.005154639175257732
388,35019,96,0.5680000000000001,0.5680000000000001,1,0.03125
389,35039,20,0.91,0.91,1,0.05
390,35089,50,0.775,0.775,1,0.02
391,35127,38,0.829,0.829,1,0.05263157894736842
392,35156,29,0.8694999999999999,0.8694999999999999,1,0.034482758620689655
393,35222,66,0.703,0.703,1,0.045454545454545456
394,35256,34,0.847,0.847,1,0.14705882352941177
395,35289,33,0.8514999999999999,0.8514999999999999,1,0.030303030303030304
396,35344,55,0.7525,0.7525,1,0.01818181818181818
397,35406,62,0.721,0.721,1,0.20967741935483872
398,35442,36,0.838,0.838,1,0.027777777777777776
399,35467,25,0.8875,0.8875,1,0.04
400,35488,21,0.9055,0.9055,1,0.047619047619047616
401,35508,20,0.91,0.91,1,0.05
402,35547,39,0.8245,0.8245,1,0.02564102564102564
403,35747,200,0.0,0.0,0,0.03
404,35791,44,0.802,0.802,1,0.022727272727272728
405,35856,65,0.7075,0.7075,1,0.1076923076923077
406,35873,17,0.9235,0.9235,1,0.058823529411764705
407,35905,32,0.856,0.856,1,0.46875
408,35926,21,0.9055,0.9055,1,0.047619047619047616
409,35970,44,0.802,0.802,1,0.022727272727272728
410,36018,48,0.784,0.784,1,0.125
411,36048,30,0.865,0.865,1,0.1
412,36101,53,0.7615,0.7615,1,0.1320754716981132
413,36173,72,0.6759999999999999,0.6759999999999999,1,0.041666666666666664
414,36207,34,0.847,0.847,1,0.08823529411764706
415,36233,26,0.883,0.883,1,0.11538461538461539
416,36259,26,0.883,0.883,1,0.038461538461538464
417,36304,45,0.7975,0.7975,1,0.022222222222222223
418,36377,73,0.6715,0.6715,1,0.0410958904109589
419,36413,36,0.838,0.838,1,0.027777777777777776
420,36462,49,0.7795,0.7795,1,0.16326530612244897
421,36496,34,0.847,0.847,1,0.08823529411764706
422,36538,42,0.8109999999999999,0.8109999999999999,1,0.023809523809523808
423,36593,55,0.7525,0.7525,1,0.01818181818181818
424,36617,24,0.892,0.892,1,0.041666666666666664
425,36662,45,0.7975,0.7975,1,0.1111111111111111
426,36727,65,0.7075,0.7075,1,0.015384615384615385
427,36780,53,0.7615,0.7615,1,0.018867924528301886
428,36825,45,0.7975,0.7975,1,0.022222222222222223
429,36846,21,0.9055,0.9055,1,0.047619047619047616
430,36901,55,0.7525,0.7525,1,0.09090909090909091
431,36917,16,0.9279999999999999,0.9279999999999999,1,0.0625
432,36956,39,0.8245,0.8245,1,0.05128205128205128
433,36980,24,0.892,0.892,1,0.041666666666666664
434,37005,25,0.8875,0.8875,1,0.04
435,37072,67,0.6984999999999999,0.6984999999999999,1,0.014925373134328358
436,37104,32,0.856,0.856,1,0.03125
437,37166,62,0.721,0.721,1,0.016129032258064516
438,37236,70,0.685,0.685,1,0.014285714285714285
439,37272,36,0.838,0.838,1,0.027777777777777776
440,37325,53,0.7615,0.7615,1,0.018867924528301886
441,37503,178,0.19899999999999995,0.19899999999999995,1,0.25280898876404495
442,37523,20,0.91,0.91,1,0.05
443,37562,39,0.8245,0.8245,1,0.02564102564102564
444,37666,104,0.532,0.532,1,0.009615384615384616
445,37690,24,0.892,0.892,1,0.041666666666666664
446,37724,34,0.847,0.847,1,0.029411764705882353
447,37750,26,0.883,0.883,1,0.19230769230769232
448,37796,46,0.7929999999999999,0.7929999999999999,1,0.021739130434782608
449,37828,32,0.856,0.856,1,0.34375
450,37850,22,0.901,0.901,1,0.045454545454545456
451,38002,152,0.31599999999999995,0.31599999999999995,1,0.11842105263157894
452,38024,22,0.901,0.901,1,0.045454545454545456
453,38051,27,0.8785,0.8785,1,0.037037037037037035
454,38071,20,0.91,0.91,1,0.05
455,38167,96,0.5680000000000001,0.5680000000000001,1,0.010416666666666666
456,38206,39,0.8245,0.8245,1,0.07692307692307693
457,38275,69,0.6895,0.6895,1,0.014492753623188406
458,38315,40,0.82,0.82,1,0.075
459,38335,20,0.91,0.91,1,0.25
460,38419,84,0.622,0.622,1,0.44047619047619047
461,38474,55,0.7525,0.7525,1,0.14545454545454545
462,38492,18,0.919,0.919,1,0.16666666666666666
463,38516,24,0.892,0.892,1,0.041666666666666664
464,38536,20,0.91,0.91,1,0.15
465,38601,65,0.7075,0.7075,1,0.03076923076923077
466,38682,81,0.6355,0.6355,1,0.07407407407407407
467,38708,26,0.883,0.883,1,0.5
468,38838,130,0.4149999999999999,0.4149999999999999,1,0.07692307692307693
469,38875,37,0.8335,0.8335,1,0.02702702702702703
470,38908,33,0.8514999999999999,0.8514999999999999,1,0.21212121212121213
471,38930,22,0.901,0.901,1,0.045454545454545456
472,38974,44,0.802,0.802,1,0.06818181818181818
473,38994,20,0.91,0.91,1,0.05
474,39033,39,0.8245,0.8245,1,0.5641025641025641
475,39060,27,0.8785,0.8785,1,0.1111111111111111
476,39082,22,0.901,0.901,1,0.045454545454545456
477,39102,20,0.91,0.91,1,0.05
478,39116,14,0.9369999999999999,0.9369999999999999,1,0.07142857142857142
479,39174,58,0.739,0.739,1,0.017241379310344827
480,39198,24,0.892,0.892,1,0.2916666666666667
481,39216,18,0.919,0.919,1,0.05555555555555555
482,39236,20,0.91,0.91,1,0.05
483,39292,56,0.748,0.748,1,0.017857142857142856
484,39324,32,0.856,0.856,1,0.15625
485,39344,20,0.91,0.91,1,0.05
486,39364,20,0.91,0.91,1,0.05
487,39383,19,0.9145,0.9145,1,0.05263157894736842
488,39420,37,0.8335,0.8335,1,0.02702702702702703
489,39440,20,0.91,0.91,1,0.05
490,39462,22,0.901,0.901,1,0.045454545454545456
491,39515,53,0.7615,0.7615,1,0.018867924528301886
492,39539,24,0.892,0.892,1,0.041666666666666664
493,39665,126,0.43299999999999994,0.43299999999999994,1,0.015873015873015872
494,39691,26,0.883,0.883,1,0.11538461538461539
495,39705,14,0.9369999999999999,0.9369999999999999,1,0.07142857142857142
496,39731,26,0.883,0.883,1,0.11538461538461539
497,39754,23,0.8965,0.8965,1,0.043478260869565216
498,39814,60,0.73,0.73,1,0.016666666666666666
499,39838,24,0.892,0.892,1,0.20833333333333334
500,39858,20,0.91,0.91,1,0.05
501,39872,14,0.9369999999999999,0.9369999999999999,1,0.07142857142857142
502,39894,22,0.901,0.901,1,0.045454545454545456
503,39914,20,0.91,0.91,1,0.15
504,39930,16,0.9279999999999999,0.9279999999999999,1,0.1875
505,39952,22,0.901,0.901,1,0.045454545454545456
506,39995,43,0.8065,0.8065,1,0.023255813953488372
507,40034,39,0.8245,0.8245,1,0.07692307692307693
508,40058,24,0.892,0.892,1,0.041666666666666664
509,40079,21,0.9055,0.9055,1,0.047619047619047616
510,40101,22,0.901,0.901,1,0.3181818181818182
511,40124,23,0.8965,0.8965,1,0.043478260869565216
512,40140,16,0.9279999999999999,0.9279999999999999,1,0.0625
513,40160,20,0.91,0.91,1,0.05
514,40178,18,0.919,0.919,1,0.05555555555555555
515,40196,18,0.919,0.919,1,0.05555555555555555
516,40216,20,0.91,0.91,1,0.15
517,40230,14,0.9369999999999999,0.9369999999999999,1,0.07142857142857142
518,40246,16,0.9279999999999999,0.9279999999999999,1,0.0625
519,40266,20,0.91,0.91,1,0.05
520,40280,14,0.9369999999999999,0.9369999999999999,1,0.07142857142857142
521,40296,16,0.9279999999999999,0.9279999999999999,1,0.1875
522,40318,22,0.901,0.901,1,0.13636363636363635
523,40336,18,0.919,0.919,1,0.16666666666666666
524,40352,16,0.9279999999999999,0.9279999999999999,1,0.0625
525,40378,26,0.883,0.883,1,0.038461538461538464
526,40396,18,0.919,0.919,1,0.05555555555555555
527,40414,18,0.919,0.919,1,0.05555555555555555
528,40429,15,0.9325,0.9325,1,0.06666666666666667
529,40445,16,0.9279999999999999,0.9279999999999999,1,0.0625
530,40469,24,0.892,0.892,1,0.041666666666666664
531,40487,18,0.919,0.919,1,0.05555555555555555
532,40504,17,0.9235,0.9235,1,0.058823529411764705
533,40523,19,0.9145,0.9145,1,0.05263157894736842
534,40541,18,0.919,0.919,1,0.05555555555555555
535,40557,16,0.9279999999999999,0.9279999999999999,1,0.0625
536,40580,23,0.8965,0.8965,1,0.043478260869565216
537,40596,16,0.9279999999999999,0.9279999999999999,1,0.0625
538,40616,20,0.91,0.91,1,0.05
539,40636,20,0.91,0.91,1,0.05
540,40669,33,0.8514999999999999,0.8514999999999999,1,0.030303030303030304
541,40683,14,0.9369999999999999,0.9369999999999999,1,0.07142857142857142
542,40699,16,0.9279999999999999,0.9279999999999999,1,0.0625
543,40725,26,0.883,0.883,1,0.038461538461538464
544,40751,26,0.883,0.883,1,0.11538461538461539
545,40769,18,0.919,0.919,1,0.05555555555555555
546,40799,30,0.865,0.865,1,0.03333333333333333
547,40821,22,0.901,0.901,1,0.22727272727272727
548,40841,20,0.91,0.91,1,0.25
549,40858,17,0.9235,0.9235,1,0.17647058823529413
550,40878,20,0.91,0.91,1,0.15
551,40901,23,0.8965,0.8965,1,0.043478260869565216
552,40925,24,0.892,0.892,1,0.2916666666666667
553,40977,52,0.766,0.766,1,0.019230769230769232
554,41008,31,0.8605,0.8605,1,0.0967741935483871
555,41022,14,0.9369999999999999,0.9369999999999999,1,0.07142857142857142
556,41041,19,0.9145,0.9145,1,0.05263157894736842
557,41089,48,0.784,0.784,1,0.020833333333333332
558,41108,19,0.9145,0.9145,1,0.05263157894736842
559,41124,16,0.9279999999999999,0.9279999999999999,1,0.0625
560,41140,16,0.9279999999999999,0.9279999999999999,1,0.0625
561,41162,22,0.901,0.901,1,0.13636363636363635
562,41182,20,0.91,0.91,1,0.05
563,41212,30,0.865,0.865,1,0.03333333333333333
564,41226,14,0.9369999999999999,0.9369999999999999,1,0.07142857142857142
565,41279,53,0.7615,0.7615,1,0.018867924528301886
566,41293,14,0.9369999999999999,0.9369999999999999,1,0.07142857142857142
567,41313,20,0.91,0.91,1,0.05
568,41331,18,0.919,0.919,1,0.16666666666666666
569,41355,24,0.892,0.892,1,0.041666666666666664
570,41380,25,0.8875,0.8875,1,0.04
571,41400,20,0.91,0.91,1,0.05
572,41418,18,0.919,0.919,1,0.16666666666666666
573,41436,18,0.919,0.919,1,0.05555555555555555
574,41460,24,0.892,0.892,1,0.041666666666666664
575,41478,18,0.919,0.919,1,0.16666666666666666
576,41496,18,0.919,0.919,1,0.05555555555555555
577,41514,18,0.919,0.919,1,0.05555555555555555
578,41532,18,0.919,0.919,1,0.05555555555555555
579,41550,18,0.919,0.919,1,0.05555555555555555
580,41576,26,0.883,0.883,1,0.038461538461538464
581,41590,14,0.9369999999999999,0.9369999999999999,1,0.07142857142857142
582,41606,16,0.9279999999999999,0.9279999999999999,1,0.0625
583,41638,32,0.856,0.856,1,0.125
584,41656,18,0.919,0.919,1,0.05555555555555555
585,41722,66,0.703,0.703,1,0.045454545454545456
586,41738,16,0.9279999999999999,0.9279999999999999,1,0.0625
587,41756,18,0.919,0.919,1,0.16666666666666666
588,41790,34,0.847,0.847,1,0.029411764705882353
589,41806,16,0.9279999999999999,0.9279999999999999,1,0.1875
590,41828,22,0.901,0.901,1,0.045454545454545456
591,41848,20,0.91,0.91,1,0.05
592,41866,18,0.919,0.919,1,0.05555555555555555
593,41880,14,0.9369999999999999,0.9369999999999999,1,0.07142857142857142
594,41900,20,0.91,0.91,1,0.05
595,41918,18,0.919,0.919,1,0.05555555555555555
596,41932,14,0.9369999999999999,0.9369999999999999,1,0.07142857142857142
597,41960,28,0.874,0.874,1,0.03571428571428571
598,41982,22,0.901,0.901,1,0.045454545454545456
599,42001,19,0.9145,0.9145,1,0.05263157894736842
600,42017,16,0.9279999999999999,0.9279999999999999,1,0.0625
601,42031,14,0.9369999999999999,0.9369999999999999,1,0.07142857142857142
602,42056,25,0.8875,0.8875,1,0.12
603,42070,14,0.9369999999999999,0.9369999999999999,1,0.07142857142857142
604,42090,20,0.91,0.91,1,0.15
605,42117,27,0.8785,0.8785,1,0.1111111111111111
606,42139,22,0.901,0.901,1,0.09090909090909091
607,42166,27,0.8785,0.8785,1,0.18518518518518517
608,42201,35,0.8425,0.8425,1,0.08571428571428572
609,42215,14,0.9369999999999999,0.9369999999999999,1,0.07142857142857142
610,42236,21,0.9055,0.9055,1,0.047619047619047616
611,42256,20,0.91,0.91,1,0.05
612,42272,16,0.9279999999999999,0.9279999999999999,1,0.0625
613,42304,32,0.856,0.856,1,0.09375
614,42326,22,0.901,0.901,1,0.045454545454545456
615,42379,53,0.7615,0.7615,1,0.018867924528301886
616,42403,24,0.892,0.892,1,0.2916666666666667
617,42425,22,0.901,0.901,1,0.13636363636363635
618,42441,16,0.9279999999999999,0.9279999999999999,1,0.0625
619,42455,14,0.9369999999999999,0.9369999999999999,1,0.07142857142857142
620,42473,18,0.919,0.919,1,0.05555555555555555
621,42495,22,0.901,0.901,1,0.045454545454545456
622,42519,24,0.892,0.892,1,0.125
623,42546,27,0.8785,0.8785,1,0.037037037037037035
624,42562,16,0.9279999999999999,0.9279999999999999,1,0.0625
625,42576,14,0.9369999999999999,0.9369999999999999,1,0.07142857142857142
626,42590,14,0.9369999999999999,0.9369999999999999,1,0.07142857142857142
627,42612,22,0.901,0.901,1,0.045454545454545456
628,42628,16,0.9279999999999999,0.9279999999999999,1,0.0625
629,42644,16,0.9279999999999999,0.9279999999999999,1,0.0625
630,42662,18,0.919,0.919,1,0.05555555555555555
631,42684,22,0.901,0.901,1,0.13636363636363635
632,42702,18,0.919,0.919,1,0.05555555555555555
633,42726,24,0.892,0.892,1,0.041666666666666664
634,42766,40,0.82,0.82,1,0.625
635,42799,33,0.8514999999999999,0.8514999999999999,1,0.030303030303030304
636,42818,19,0.9145,0.9145,1,0.05263157894736842
637,42834,16,0.9279999999999999,0.9279999999999999,1,0.0625
638,42852,18,0.919,0.919,1,0.05555555555555555
639,42872,20,0.91,0.91,1,0.05
640,42888,16,0.9279999999999999,0.9279999999999999,1,0.0625
641,42908,20,0.91,0.91,1,0.15
642,42950,42,0.8109999999999999,0.8109999999999999,1,0.023809523809523808
643,42990,40,0.82,0.82,1,0.025
644,43018,28,0.874,0.874,1,0.03571428571428571
645,43038,20,0.91,0.91,1,0.05
646,43054,16,0.9279999999999999,0.9279999999999999,1,0.0625
647,43076,22,0.901,0.901,1,0.13636363636363635
648,43095,19,0.9145,0.9145,1,0.05263157894736842
649,43109,14,0.9369999999999999,0.9369999999999999,1,0.07142857142857142
650,43129,20,0.91,0.91,1,0.05
651,43147,18,0.919,0.919,1,0.05555555555555555
652,43165,18,0.919,0.919,1,0.05555555555555555
653,43185,20,0.91,0.91,1,0.05
654,43205,20,0.91,0.91,1,0.05
655,43221,16,0.9279999999999999,0.9279999999999999,1,0.0625
656,43239,18,0.919,0.919,1,0.05555555555555555
657,43255,16,0.9279999999999999,0.9279999999999999,1,0.0625
658,43273,18,0.919,0.919,1,0.05555555555555555
659,43289,16,0.9279999999999999,0.9279999999999999,1,0.0625
660,43307,18,0.919,0.919,1,0.16666666666666666
661,43337,30,0.865,0.865,1,0.03333333333333333
662,43353,16,0.9279999999999999,0.9279999999999999,1,0.0625
663,43369,16,0.9279999999999999,0.9279999999999999,1,0.1875
664,43385,16,0.9279999999999999,0.9279999999999999,1,0.0625
665,43399,14,0.9369999999999999,0.9369999999999999,1,0.07142857142857142
666,43413,14,0.9369999999999999,0.9369999999999999,1,0.07142857142857142
667,43431,18,0.919,0.919,1,0.05555555555555555
668,43453,22,0.901,0.901,1,0.045454545454545456
669,43467,14,0.9369999999999999,0.9369999999999999,1,0.07142857142857142
670,43481,14,0.9369999999999999,0.9369999999999999,1,0.07142857142857142
671,43501,20,0.91,0.91,1,0.15
672,43525,24,0.892,0.892,1,0.041666666666666664
673,43564,39,0.8245,0.8245,1,0.02564102564102564
674,43582,18,0.919,0.919,1,0.05555555555555555
675,43600,18,0.919,0.919,1,0.05555555555555555
676,43622,22,0.901,0.901,1,0.3181818181818182
677,43650,28,0.874,0.874,1,0.10714285714285714
678,43668,18,0.919,0.919,1,0.16666666666666666
679,43682,14,0.9369999999999999,0.9369999999999999,1,0.07142857142857142
680,43698,16,0.9279999999999999,0.9279999999999999,1,0.0625
681,43714,16,0.9279999999999999,0.9279999999999999,1,0.0625
682,43732,18,0.919,0.919,1,0.2777777777777778
683,43750,18,0.919,0.919,1,0.05555555555555555
684,43768,18,0.919,0.919,1,0.05555555555555555
685,43788,20,0.91,0.91,1,0.15
686,43802,14,0.9369999999999999,0.9369999999999999,1,0.07142857142857142
687,43821,19,0.9145,0.9145,1,0.05263157894736842
688,43835,14,0.9369999999999999,0.9369999999999999,1,0.07142857142857142
689,43857,22,0.901,0.901,1,0.045454545454545456
690,43879,22,0.901,0.901,1,0.045454545454545456
691,43903,24,0.892,0.892,1,0.041666666666666664
692,43923,20,0.91,0.91,1,0.15
693,43937,14,0.9369999999999999,0.9369999999999999,1,0.07142857142857142
694,43957,20,0.91,0.91,1,0.05
695,43979,22,0.901,0.901,1,0.3181818181818182
696,43999,20,0.91,0.91,1,0.35
697,44017,18,0.919,0.919,1,0.05555555555555555
698,44033,16,0.9279999999999999,0.9279999999999999,1,0.1875
699,44056,23,0.8965,0.8965,1,0.043478260869565216
700,44072,16,0.9279999999999999,0.9279999999999999,1,0.0625
701,44088,16,0.9279999999999999,0.9279999999999999,1,0.0625
702,44110,22,0.901,0.901,1,0.045454545454545456
703,44131,21,0.9055,0.9055,1,0.047619047619047616
704,44149,18,0.919,0.919,1,0.05555555555555555
705,44165,16,0.9279999999999999,0.9279999999999999,1,0.0625
706,44179,14,0.9369999999999999,0.9369999999999999,1,0.07142857142857142
707,44195,16,0.9279999999999999,0.9279999999999999,1,0.0625
708,44213,18,0.919,0.919,1,0.05555555555555555
709,44229,16,0.9279999999999999,0.9279999999999999,1,0.0625
710,44245,16,0.9279999999999999,0.9279999999999999,1,0.0625
711,44261,16,0.9279999999999999,0.9279999999999999,1,0.0625
712,44279,18,0.919,0.919,1,0.05555555555555555
713,44297,18,0.919,0.919,1,0.05555555555555555
714,44315,18,0.919,0.919,1,0.05555555555555555
715,44341,26,0.883,0.883,1,0.038461538461538464
716,44362,21,0.9055,0.9055,1,0.047619047619047616
717,44388,26,0.883,0.883,1,0.038461538461538464
718,44406,18,0.919,0.919,1,0.05555555555555555
719,44426,20,0.91,0.91,1,0.05
720,44440,14,0.9369999999999999,0.9369999999999999,1,0.07142857142857142
721,44456,16,0.9279999999999999,0.9279999999999999,1,0.1875
722,44472,16,0.9279999999999999,0.9279999999999999,1,0.0625
723,44488,16,0.9279999999999999,0.9279999999999999,1,0.0625
724,44502,14,0.9369999999999999,0.9369999999999999,1,0.07142857142857142
725,44516,14,0.9369999999999999,0.9369999999999999,1,0.07142857142857142
726,44534,18,0.919,0.919,1,0.05555555555555555
727,44552,18,0.919,0.919,1,0.05555555555555555
728,44570,18,0.919,0.919,1,0.05555555555555555
729,44590,20,0.91,0.91,1,0.05
730,44616,26,0.883,0.883,1,0.11538461538461539
731,44630,14,0.9369999999999999,0.9369999999999999,1,0.07142857142857142
732,44644,14,0.9369999999999999,0.9369999999999999,1,0.07142857142857142
733,44666,22,0.901,0.901,1,0.3181818181818182
734,44688,22,0.901,0.901,1,0.045454545454545456
735,44704,16,0.9279999999999999,0.9279999999999999,1,0.0625
736,44724,20,0.91,0.91,1,0.05
737,44742,18,0.919,0.919,1,0.05555555555555555
738,44762,20,0.91,0.91,1,0.05
739,44780,18,0.919,0.919,1,0.05555555555555555
740,44798,18,0.919,0.919,1,0.05555555555555555
741,44814,16,0.9279999999999999,0.9279999999999999,1,0.0625
742,44838,24,0.892,0.892,1,0.041666666666666664
743,44856,18,0.919,0.919,1,0.16666666666666666
744,44874,18,0.919,0.919,1,0.16666666666666666
745,44900,26,0.883,0.883,1,0.11538461538461539
746,44916,16,0.9279999999999999,0.9279999999999999,1,0.0625
747,44932,16,0.9279999999999999,0.9279999999999999,1,0.0625
748,44954,22,0.901,0.901,1,0.045454545454545456
749,44968,14,0.9369999999999999,0.9369999999999999,1,0.07142857142857142
750,44986,18,0.919,0.919,1,0.05555555555555555
751,45004,18,0.919,0.919,1,0.05555555555555555
752,45022,18,0.919,0.919,1,0.05555555555555555
753,45052,30,0.865,0.865,1,0.1
754,45066,14,0.9369999999999999,0.9369999999999999,1,0.07142857142857142
755,45088,22,0.901,0.901,1,0.045454545454545456
756,45108,20,0.91,0.91,1,0.05
757,45124,16,0.9279999999999999,0.9279999999999999,1,0.0625
758,45140,16,0.9279999999999999,0.9279999999999999,1,0.1875
759,45196,56,0.748,0.748,1,0.017857142857142856
760,45249,53,0.7615,0.7615,1,0.018867924528301886
761,45265,16,0.9279999999999999,0.9279999999999999,1,0.0625
762,45293,28,0.874,0.874,1,0.10714285714285714
763,45347,54,0.757,0.757,1,0.018518518518518517
764,45481,134,0.3969999999999999,0.3969999999999999,1,0.007462686567164179
765,45497,16,0.9279999999999999,0.9279999999999999,1,0.1875
766,45513,16,0.9279999999999999,0.9279999999999999,1,0.0625
767,45529,16,0.9279999999999999,0.9279999999999999,1,0.1875
768,45543,14,0.9369999999999999,0.9369999999999999,1,0.07142857142857142
769,45589,46,0.7929999999999999,0.7929999999999999,1,0.021739130434782608
770,45609,20,0.91,0.91,1,0.05
771,45625,16,0.9279999999999999,0.9279999999999999,1,0.0625
772,45651,26,0.883,0.883,1,0.038461538461538464
773,45673,22,0.901,0.901,1,0.13636363636363635
774,45715,42,0.8109999999999999,0.8109999999999999,1,0.023809523809523808
775,45751,36,0.838,0.838,1,0.027777777777777776
776,45781,30,0.865,0.865,1,0.03333333333333333
777,45797,16,0.9279999999999999,0.9279999999999999,1,0.1875
778,45813,16,0.9279999999999999,0.9279999999999999,1,0.0625
779,45892,79,0.6445,0.6445,1,0.012658227848101266
780,45914,22,0.901,0.901,1,0.045454545454545456
781,45944,30,0.865,0.865,1,0.03333333333333333
782,45991,47,0.7885,0.7885,1,0.02127659574468085
783,46009,18,0.919,0.919,1,0.05555555555555555
784,46025,16,0.9279999999999999,0.9279999999999999,1,0.0625
785,46039,14,0.9369999999999999,0.9369999999999999,1,0.07142857142857142
786,46057,18,0.919,0.919,1,0.05555555555555555
787,46073,16,0.9279999999999999,0.9279999999999999,1,0.1875
788,46091,18,0.919,0.919,1,0.05555555555555555
789,46105,14,0.9369999999999999,0.9369999999999999,1,0.07142857142857142
790,46125,20,0.91,0.91,1,0.15
791,46147,22,0.901,0.901,1,0.045454545454545456
792,46165,18,0.919,0.919,1,0.16666666666666666
793,46187,22,0.901,0.901,1,0.3181818181818182
794,46201,14,0.9369999999999999,0.9369999999999999,1,0.07142857142857142
795,46217,16,0.9279999999999999,0.9279999999999999,1,0.0625
796,46233,16,0.9279999999999999,0.9279999999999999,1,0.0625
797,46251,18,0.919,0.919,1,0.16666666666666666
798,46265,14,0.9369999999999999,0.9369999999999999,1,0.07142857142857142
799,46283,18,0.919,0.919,1,0.05555555555555555
800,46297,14,0.9369999999999999,0.9369999999999999,1,0.07142857142857142
801,46315,18,0.919,0.919,1,0.05555555555555555
802,46335,20,0.91,0.91,1,0.05
803,46351,16,0.9279999999999999,0.9279999999999999,1,0.0625
804,46382,31,0.8605,0.8605,1,0.03225806451612903
805,46410,28,0.874,0.874,1,0.03571428571428571
806,46428,18,0.919,0.919,1,0.05555555555555555
807,46442,14,0.9369999999999999,0.9369999999999999,1,0.07142857142857142
808,46460,18,0.919,0.919,1,0.05555555555555555
809,46476,16,0.9279999999999999,0.9279999999999999,1,0.0625
810,46492,16,0.9279999999999999,0.9279999999999999,1,0.0625
811,46506,14,0.9369999999999999,0.9369999999999999,1,0.07142857142857142
812,46524,18,0.919,0.919,1,0.16666666666666666
813,46540,16,0.9279999999999999,0.9279999999999999,1,0.0625
814,46554,14,0.9369999999999999,0.9369999999999999,1,0.07142857142857142
815,46568,14,0.9369999999999999,0.9369999999999999,1,0.07142857142857142
816,46582,14,0.9369999999999999,0.9369999999999999,1,0.07142857142857142
817,46610,28,0.874,0.874,1,0.03571428571428571
818,46624,14,0.9369999999999999,0.9369999999999999,1,0.07142857142857142
819,46638,14,0.9369999999999999,0.9369999999999999,1,0.07142857142857142
820,46654,16,0.9279999999999999,0.9279999999999999,1,0.0625
821,46674,20,0.91,0.91,1,0.05
822,46690,16,0.9279999999999999,0.9279999999999999,1,0.0625
823,46704,14,0.9369999999999999,0.9369999999999999,1,0.07142857142857142
824,46718,14,0.9369999999999999,0.9369999999999999,1,0.07142857142857142
825,46734,16,0.9279999999999999,0.9279999999999999,1,0.0625
826,46750,16,0.9279999999999999,0.9279999999999999,1,0.0625
827,46770,20,0.91,0.91,1,0.05
828,46784,14,0.9369999999999999,0.9369999999999999,1,0.07142857142857142
829,46798,14,0.9369999999999999,0.9369999999999999,1,0.07142857142857142
830,46830,32,0.856,0.856,1,0.09375
831,46853,23,0.8965,0.8965,1,0.13043478260869565
832,46869,16,0.9279999999999999,0.9279999999999999,1,0.1875
833,46883,14,0.9369999999999999,0.9369999999999999,1,0.07142857142857142
834,46904,21,0.9055,0.9055,1,0.047619047619047616
835,46920,16,0.9279999999999999,0.9279999999999999,1,0.0625
836,46940,20,0.91,0.91,1,0.15
837,46966,26,0.883,0.883,1,0.038461538461538464
838,46994,28,0.874,0.874,1,0.03571428571428571
839,47015,21,0.9055,0.9055,1,0.047619047619047616
840,47039,24,0.892,0.892,1,0.125
841,47055,16,0.9279999999999999,0.9279999999999999,1,0.1875
842,47071,16,0.9279999999999999,0.9279999999999999,1,0.0625
843,47087,16,0.9279999999999999,0.9279999999999999,1,0.0625
844,47101,14,0.9369999999999999,0.9369999999999999,1,0.07142857142857142
845,47115,14,0.9369999999999999,0.9369999999999999,1,0.07142857142857142
846,47135,20,0.91,0.91,1,0.05
847,47149,14,0.9369999999999999,0.9369999999999999,1,0.07142857142857142
848,47165,16,0.9279999999999999,0.9279999999999999,1,0.0625
849,47181,16,0.9279999999999999,0.9279999999999999,1,0.0625
850,47197,16,0.9279999999999999,0.9279999999999999,1,0.0625
851,47211,14,0.9369999999999999,0.9369999999999999,1,0.07142857142857142
852,47225,14,0.9369999999999999,0.9369999999999999,1,0.07142857142857142
853,47239,14,0.9369999999999999,0.9369999999999999,1,0.07142857142857142
854,47255,16,0.9279999999999999,0.9279999999999999,1,0.1875
855,47292,37,0.8335,0.8335,1,0.02702702702702703
856,47310,18,0.919,0.919,1,0.05555555555555555
857,47324,14,0.9369999999999999,0.9369999999999999,1,0.07142857142857142
858,47340,16,0.9279999999999999,0.9279999999999999,1,0.1875
859,47358,18,0.919,0.919,1,0.05555555555555555
860,47372,14,0.9369999999999999,0.9369999999999999,1,0.07142857142857142
861,47394,22,0.901,0.901,1,0.045454545454545456
862,47408,14,0.9369999999999999,0.9369999999999999,1,0.07142857142857142
863,47430,22,0.901,0.901,1,0.045454545454545456
864,47448,18,0.919,0.919,1,0.05555555555555555
865,47464,16,0.9279999999999999,0.9279999999999999,1,0.0625
866,47478,14,0.9369999999999999,0.9369999999999999,1,0.07142857142857142
867,47496,18,0.919,0.919,1,0.05555555555555555
868,47518,22,0.901,0.901,1,0.045454545454545456
869,47534,16,0.9279999999999999,0.9279999999999999,1,0.0625
870,47550,16,0.9279999999999999,0.9279999999999999,1,0.0625
871,47564,14,0.9369999999999999,0.9369999999999999,1,0.07142857142857142
872,47578,14,0.9369999999999999,0.9369999999999999,1,0.07142857142857142
873,47596,18,0.919,0.919,1,0.05555555555555555
874,47612,16,0.9279999999999999,0.9279999999999999,1,0.0625
875,47626,14,0.9369999999999999,0.9369999999999999,1,0.07142857142857142
876,47640,14,0.9369999999999999,0.9369999999999999,1,0.07142857142857142
877,47678,38,0.829,0.829,1,0.07894736842105263
878,47696,18,0.919,0.919,1,0.05555555555555555
879,47714,18,0.919,0.919,1,0.2777777777777778
880,47730,16,0.9279999999999999,0.9279999999999999,1,0.0625
881,47746,16,0.9279999999999999,0.9279999999999999,1,0.0625
882,47762,16,0.9279999999999999,0.9279999999999999,1,0.0625
883,47776,14,0.9369999999999999,0.9369999999999999,1,0.07142857142857142
884,47790,14,0.9369999999999999,0.9369999999999999,1,0.07142857142857142
885,47808,18,0.919,0.919,1,0.05555555555555555
886,47822,14,0.9369999999999999,0.9369999999999999,1,0.07142857142857142
887,47842,20,0.91,0.91,1,0.15
888,47858,16,0.9279999999999999,0.9279999999999999,1,0.1875
889,47876,18,0.919,0.919,1,0.16666666666666666
890,47890,14,0.9369999999999999,0.9369999999999999,1,0.07142857142857142
891,47906,16,0.9279999999999999,0.9279999999999999,1,0.0625
892,47923,17,0.9235,0.9235,1,0.058823529411764705
893,47937,14,0.9369999999999999,0.9369999999999999,1,0.07142857142857142
894,47953,16,0.9279999999999999,0.9279999999999999,1,0.0625
895,47969,16,0.9279999999999999,0.9279999999999999,1,0.0625
896,47983,14,0.9369999999999999,0.9369999999999999,1,0.07142857142857142
897,47997,14,0.9369999999999999,0.9369999999999999,1,0.07142857142857142
898,48011,14,0.9369999999999999,0.9369999999999999,1,0.07142857142857142
899,48025,14,0.9369999999999999,0.9369999999999999,1,0.07142857142857142
900,48043,18,0.919,0.919,1,0.05555555555555555
901,48061,18,0.919,0.919,1,0.05555555555555555
902,48075,14,0.9369999999999999,0.9369999999999999,1,0.07142857142857142
903,48089,14,0.9369999999999999,0.9369999999999999,1,0.07142857142857142
904,48105,16,0.9279999999999999,0.9279999999999999,1,0.0625
905,48119,14,0.9369999999999999,0.9369999999999999,1,0.07142857142857142
906,48135,16,0.9279999999999999,0.9279999999999999,1,0.0625
907,48151,16,0.9279999999999999,0.9279999999999999,1,0.0625
908,48171,20,0.91,0.91,1,0.15
909,48185,14,0.9369999999999999,0.9369999999999999,1,0.07142857142857142
910,48201,16,0.9279999999999999,0.9279999999999999,1,0.0625
911,48215,14,0.9369999999999999,0.9369999999999999,1,0.07142857142857142
912,48229,14,0.9369999999999999,0.9369999999999999,1,0.07142857142857142
913,48246,17,0.9235,0.9235,1,0.17647058823529413
914,48260,14,0.9369999999999999,0.9369999999999999,1,0.07142857142857142
915,48278,18,0.919,0.919,1,0.05555555555555555
916,48298,20,0.91,0.91,1,0.25
917,48312,14,0.9369999999999999,0.9369999999999999,1,0.07142857142857142
918,48329,17,0.9235,0.9235,1,0.17647058823529413
919,48347,18,0.919,0.919,1,0.05555555555555555
920,48363,16,0.9279999999999999,0.9279999999999999,1,0.0625
921,48379,16,0.9279999999999999,0.9279999999999999,1,0.0625
922,48393,14,0.9369999999999999,0.9369999999999999,1,0.07142857142857142
923,48411,18,0.919,0.919,1,0.05555555555555555
924,48427,16,0.9279999999999999,0.9279999999999999,1,0.0625
925,48441,14,0.9369999999999999,0.9369999999999999,1,0.07142857142857142
926,48459,18,0.919,0.919,1,0.05555555555555555
927,48475,16,0.9279999999999999,0.9279999999999999,1,0.0625
928,48491,16,0.9279999999999999,0.9279999999999999,1,0.0625
929,48505,14,0.9369999999999999,0.9369999999999999,1,0.07142857142857142
930,48523,18,0.919,0.919,1,0.05555555555555555
931,48539,16,0.9279999999999999,0.9279999999999999,1,0.0625
932,48556,17,0.9235,0.9235,1,0.058823529411764705
933,48570,14,0.9369999999999999,0.9369999999999999,1,0.07142857142857142
934,48586,16,0.9279999999999999,0.9279999999999999,1,0.0625
935,48600,14,0.9369999999999999,0.9369999999999999,1,0.07142857142857142
936,48616,16,0.9279999999999999,0.9279999999999999,1,0.0625
937,48630,14,0.9369999999999999,0.9369999999999999,1,0.07142857142857142
938,48644,14,0.9369999999999999,0.9369999999999999,1,0.07142857142857142
939,48658,14,0.9369999999999999,0.9369999999999999,1,0.07142857142857142
940,48672,14,0.9369999999999999,0.9369999999999999,1,0.07142857142857142
941,48686,14,0.9369999999999999,0.9369999999999999,1,0.07142857142857142
942,48700,14,0.9369999999999999,0.9369999999999999,1,0.07142857142857142
943,48714,14,0.9369999999999999,0.9369999999999999,1,0.07142857142857142
944,48732,18,0.919,0.919,1,0.05555555555555555
945,48746,14,0.9369999999999999,0.9369999999999999,1,0.07142857142857142
946,48760,14,0.9369999999999999,0.9369999999999999,1,0.07142857142857142
947,48774,14,0.9369999999999999,0.9369999999999999,1,0.07142857142857142
948,48788,14,0.9369999999999999,0.9369999999999999,1,0.07142857142857142
949,48803,15,0.9325,0.9325,1,0.06666666666666667
950,48817,14,0.9369999999999999,0.9369999999999999,1,0.07142857142857142
951,48831,14,0.9369999999999999,0.9369999999999999,1,0.07142857142857142
952,48845,14,0.9369999999999999,0.9369999999999999,1,0.07142857142857142
953,48860,15,0.9325,0.9325,1,0.06666666666666667
954,48878,18,0.919,0.919,1,0.05555555555555555
955,48892,14,0.9369999999999999,0.9369999999999999,1,0.07142857142857142
956,48906,14,0.9369999999999999,0.9369999999999999,1,0.07142857142857142
957,48922,16,0.9279999999999999,0.9279999999999999,1,0.0625
958,48936,14,0.9369999999999999,0.9369999999999999,1,0.07142857142857142
959,48950,14,0.9369999999999999,0.9369999999999999,1,0.07142857142857142
960,48964,14,0.9369999999999999,0.9369999999999999,1,0.07142857142857142
961,48978,14,0.9369999999999999,0.9369999999999999,1,0.07142857142857142
962,48994,16,0.9279999999999999,0.9279999999999999,1,0.0625
963,49008,14,0.9369999999999999,0.9369999999999999,1,0.07142857142857142
964,49024,16,0.9279999999999999,0.9279999999999999,1,0.0625
965,49038,14,0.9369999999999999,0.9369999999999999,1,0.07142857142857142
966,49054,16,0.9279999999999999,0.9279999999999999,1,0.1875
967,49070,16,0.9279999999999999,0.9279999999999999,1,0.0625
968,49084,14,0.9369999999999999,0.9369999999999999,1,0.07142857142857142
969,49098,14,0.9369999999999999,0.9369999999999999,1,0.07142857142857142
970,49114,16,0.9279999999999999,0.9279999999999999,1,0.0625
971,49130,16,0.9279999999999999,0.9279999999999999,1,0.0625
972,49146,16,0.9279999999999999,0.9279999999999999,1,0.0625
973,49160,14,0.9369999999999999,0.9369999999999999,1,0.07142857142857142
974,49174,14,0.9369999999999999,0.9369999999999999,1,0.07142857142857142
975,49188,14,0.9369999999999999,0.9369999999999999,1,0.07142857142857142
976,49202,14,0.9369999999999999,0.9369999999999999,1,0.07142857142857142
977,49216,14,0.9369999999999999,0.9369999999999999,1,0.07142857142857142
978,49230,14,0.9369999999999999,0.9369999999999999,1,0.07142857142857142
979,49246,16,0.9279999999999999,0.9279999999999999,1,0.0625
980,49260,14,0.9369999999999999,0.9369999999999999,1,0.07142857142857142
981,49276,16,0.9279999999999999,0.9279999999999999,1,0.0625
982,49292,16,0.9279999999999999,0.9279999999999999,1,0.0625
983,49306,14,0.9369999999999999,0.9369999999999999,1,0.07142857142857142
984,49322,16,0.9279999999999999,0.9279999999999999,1,0.0625
985,49338,16,0.9279999999999999,0.9279999999999999,1,0.0625
986,49352,14,0.9369999999999999,0.9369999999999999,1,0.07142857142857142
987,49368,16,0.9279999999999999,0.9279999999999999,1,0.0625
988,49386,18,0.919,0.919,1,0.16666666666666666
989,49404,18,0.919,0.919,1,0.05555555555555555
990,49418,14,0.9369999999999999,0.9369999999999999,1,0.07142857142857142
991,49432,14,0.9369999999999999,0.9369999999999999,1,0.07142857142857142
992,49446,14,0.9369999999999999,0.9369999999999999,1,0.07142857142857142
993,49462,16,0.9279999999999999,0.9279999999999999,1,0.0625
994,49478,16,0.9279999999999999,0.9279999999999999,1,0.0625
995,49492,14,0.9369999999999999,0.9369999999999999,1,0.07142857142857142
996,49506,14,0.9369999999999999,0.9369999999999999,1,0.07142857142857142
997,49520,14,0.9369999999999999,0.9369999999999999,1,0.07142857142857142
998,49534,14,0.9369999999999999,0.9369999999999999,1,0.07142857142857142
999,49548,14,0.9369999999999999,0.9369999999999999,1,0.07142857142857142
1000,49562,14,0.9369999999999999,0.9369999999999999,1,0.07142857142857142
1001,49578,16,0.9279999999999999,0.9279999999999999,1,0.0625
1002,49593,15,0.9325,0.9325,1,0.06666666666666667
1003,49613,20,0.91,0.91,1,0.05
1004,49627,14,0.9369999999999999,0.9369999999999999,1,0.07142857142857142
1005,49643,16,0.9279999999999999,0.9279999999999999,1,0.0625
1006,49657,14,0.9369999999999999,0.9369999999999999,1,0.07142857142857142
1007,49671,14,0.9369999999999999,0.9369999999999999,1,0.07142857142857142
1008,49687,16,0.9279999999999999,0.9279999999999999,1,0.1875
1009,49705,18,0.919,0.919,1,0.05555555555555555
1010,49721,16,0.9279999999999999,0.9279999999999999,1,0.0625
1011,49737,16,0.9279999999999999,0.9279999999999999,1,0.0625
1012,49751,14,0.9369999999999999,0.9369999999999999,1,0.07142857142857142
1013,49765,14,0.9369999999999999,0.9369999999999999,1,0.07142857142857142
1014,49779,14,0.9369999999999999,0.9369999999999999,1,0.07142857142857142
1015,49793,14,0.9369999999999999,0.9369999999999999,1,0.07142857142857142
1016,49808,15,0.9325,0.9325,1,0.06666666666666667
1017,49822,14,0.9369999999999999,0.9369999999999999,1,0.07142857142857142
1018,49836,14,0.9369999999999999,0.9369999999999999,1,0.07142857142857142
1019,49850,14,0.9369999999999999,0.9369999999999999,1,0.07142857142857142
1020,49864,14,0.9369999999999999,0.9369999999999999,1,0.07142857142857142
1021,49878,14,0.9369999999999999,0.9369999999999999,1,0.07142857142857142
1022,49892,14,0.9369999999999999,0.9369999999999999,1,0.07142857142857142
1023,49906,14,0.9369999999999999,0.9369999999999999,1,0.07142857142857142
1024,49920,14,0.9369999999999999,0.9369999999999999,1,0.07142857142857142
1025,49934,14,0.9369999999999999,0.9369999999999999,1,0.07142857142857142
1026,49952,18,0.919,0.919,1,0.05555555555555555
1027,49970,18,0.919,0.919,1,0.16666666666666666
1028,49986,16,0.9279999999999999,0.9279999999999999,1,0.1875
1029,50000,14,0.9369999999999999,0.9369999999999999,1,0.07142857142857142
1030,50014,14,0.9369999999999999,0.9369999999999999,1,0.07142857142857142
1031,50028,14,0.9369999999999999,0.9369999999999999,1,0.07142857142857142
1032,50044,16,0.9279999999999999,0.9279999999999999,1,0.0625
1033,50058,14,0.9369999999999999,0.9369999999999999,1,0.07142857142857142
1034,50074,16,0.9279999999999999,0.9279999999999999,1,0.0625
1035,50088,14,0.9369999999999999,0.9369999999999999,1,0.07142857142857142
1036,50106,18,0.919,0.919,1,0.05555555555555555
1037,50122,16,0.9279999999999999,0.9279999999999999,1,0.0625
1038,50136,14,0.9369999999999999,0.9369999999999999,1,0.07142857142857142
1039,50150,14,0.9369999999999999,0.9369999999999999,1,0.07142857142857142
1040,50166,16,0.9279999999999999,0.9279999999999999,1,0.0625
1041,50180,14,0.9369999999999999,0.9369999999999999,1,0.07142857142857142
1042,50196,16,0.9279999999999999,0.9279999999999999,1,0.0625
1043,50210,14,0.9369999999999999,0.9369999999999999,1,0.07142857142857142
1044,50224,14,0.9369999999999999,0.9369999999999999,1,0.07142857142857142
1045,50240,16,0.9279999999999999,0.9279999999999999,1,0.0625
1046,50254,14,0.9369999999999999,0.9369999999999999,1,0.07142857142857142
1047,50268,14,0.9369999999999999,0.9369999999999999,1,0.07142857142857142
1048,50282,14,0.9369999999999999,0.9369999999999999,1,0.07142857142857142
1049,50296,14,0.9369999999999999,0.9369999999999999,1,0.07142857142857142
1050,50310,14,0.9369999999999999,0.9369999999999999,1,0.07142857142857142
1051,50324,14,0.9369999999999999,0.9369999999999999,1,0.07142857142857142
1052,50338,14,0.9369999999999999,0.9369999999999999,1,0.07142857142857142
1053,50352,14,0.9369999999999999,0.9369999999999999,1,0.07142857142857142
1054,50368,16,0.9279999999999999,0.9279999999999999,1,0.0625
1055,50386,18,0.919,0.919,1,0.05555555555555555
1056,50400,14,0.9369999999999999,0.9369999999999999,1,0.07142857142857142
1057,50414,14,0.9369999999999999,0.9369999999999999,1,0.07142857142857142
1058,50428,14,0.9369999999999999,0.9369999999999999,1,0.07142857142857142
1059,50442,14,0.9369999999999999,0.9369999999999999,1,0.07142857142857142
1060,50456,14,0.9369999999999999,0.9369999999999999,1,0.07142857142857142
1061,50470,14,0.9369999999999999,0.9369999999999999,1,0.07142857142857142
1062,50484,14,0.9369999999999999,0.9369999999999999,1,0.07142857142857142
1063,50498,14,0.9369999999999999,0.9369999999999999,1,0.07142857142857142
1064,50515,17,0.9235,0.9235,1,0.058823529411764705
1065,50531,16,0.9279999999999999,0.9279999999999999,1,0.1875
1066,50545,14,0.9369999999999999,0.9369999999999999,1,0.07142857142857142
1067,50559,14,0.9369999999999999,0.9369999999999999,1,0.07142857142857142
1068,50583,24,0.892,0.892,1,0.041666666666666664
1069,50601,18,0.919,0.919,1,0.05555555555555555
1070,50617,16,0.9279999999999999,0.9279999999999999,1,0.1875
1071,50631,14,0.9369999999999999,0.9369999999999999,1,0.07142857142857142
1072,50645,14,0.9369999999999999,0.9369999999999999,1,0.07142857142857142
1073,50659,14,0.9369999999999999,0.9369999999999999,1,0.07142857142857142
1074,50673,14,0.9369999999999999,0.9369999999999999,1,0.07142857142857142
1075,50689,16,0.9279999999999999,0.9279999999999999,1,0.0625
1076,50703,14,0.9369999999999999,0.9369999999999999,1,0.07142857142857142
1077,50717,14,0.9369999999999999,0.9369999999999999,1,0.07142857142857142
1078,50731,14,0.9369999999999999,0.9369999999999999,1,0.07142857142857142
1079,50745,14,0.9369999999999999,0.9369999999999999,1,0.07142857142857142
1080,50759,14,0.9369999999999999,0.9369999999999999,1,0.07142857142857142
1081,50773,14,0.9369999999999999,0.9369999999999999,1,0.07142857142857142
1082,50789,16,0.9279999999999999,0.9279999999999999,1,0.0625
1083,50805,16,0.9279999999999999,0.9279999999999999,1,0.0625
1084,50823,18,0.919,0.919,1,0.16666666666666666
1085,50839,16,0.9279999999999999,0.9279999999999999,1,0.0625
1086,50855,16,0.9279999999999999,0.9279999999999999,1,0.0625
1087,50869,14,0.9369999999999999,0.9369999999999999,1,0.07142857142857142
1088,50885,16,0.9279999999999999,0.9279999999999999,1,0.1875
1089,50901,16,0.9279999999999999,0.9279999999999999,1,0.1875
1090,50915,14,0.9369999999999999,0.9369999999999999,1,0.07142857142857142
1091,50929,14,0.9369999999999999,0.9369999999999999,1,0.07142857142857142
1092,50945,16,0.9279999999999999,0.9279999999999999,1,0.0625
1093,50965,20,0.91,0.91,1,0.15
1094,50981,16,0.9279999999999999,0.9279999999999999,1,0.1875
1095,50997,16,0.9279999999999999,0.9279999999999999,1,0.0625
1096,51013,16,0.9279999999999999,0.9279999999999999,1,0.0625
1097,51027,14,0.9369999999999999,0.9369999999999999,1,0.07142857142857142
1098,51045,18,0.919,0.919,1,0.05555555555555555
1099,51061,16,0.9279999999999999,0.9279999999999999,1,0.0625
1100,51075,14,0.9369999999999999,0.9369999999999999,1,0.07142857142857142
1101,51089,14,0.9369999999999999,0.9369999999999999,1,0.07142857142857142
1102,51103,14,0.9369999999999999,0.9369999999999999,1,0.07142857142857142
1103,51117,14,0.9369999999999999,0.9369999999999999,1,0.07142857142857142
1104,51133,16,0.9279999999999999,0.9279999999999999,1,0.1875
1105,51151,18,0.919,0.919,1,0.05555555555555555
1106,51165,14,0.9369999999999999,0.9369999999999999,1,0.07142857142857142
1107,51179,14,0.9369999999999999,0.9369999999999999,1,0.07142857142857142
1108,51195,16,0.9279999999999999,0.9279999999999999,1,0.0625
1109,51209,14,0.9369999999999999,0.9369999999999999,1,0.07142857142857142
1110,51227,18,0.919,0.919,1,0.16666666666666666
1111,51245,18,0.919,0.919,1,0.16666666666666666
1112,51259,14,0.9369999999999999,0.9369999999999999,1,0.07142857142857142
1113,51273,14,0.9369999999999999,0.9369999999999999,1,0.07142857142857142
1114,51287,14,0.9369999999999999,0.9369999999999999,1,0.07142857142857142
1115,51301,14,0.9369999999999999,0.9369999999999999,1,0.07142857142857142
1116,51315,14,0.9369999999999999,0.9369999999999999,1,0.07142857142857142
1117,51329,14,0.9369999999999999,0.9369999999999999,1,0.07142857142857142
1118,51347,18,0.919,0.919,1,0.16666666666666666
1119,51361,14,0.9369999999999999,0.9369999999999999,1,0.07142857142857142
1120,51377,16,0.9279999999999999,0.9279999999999999,1,0.0625
1121,51391,14,0.9369999999999999,0.9369999999999999,1,0.07142857142857142
1122,51405,14,0.9369999999999999,0.9369999999999999,1,0.07142857142857142
1123,51419,14,0.9369999999999999,0.9369999999999999,1,0.07142857142857142
1124,51433,14,0.9369999999999999,0.9369999999999999,1,0.07142857142857142
1125,51447,14,0.9369999999999999,0.9369999999999999,1,0.07142857142857142
1126,51461,14,0.9369999999999999,0.9369999999999999,1,0.07142857142857142
1127,51475,14,0.9369999999999999,0.9369999999999999,1,0.07142857142857142
1128,51495,20,0.91,0.91,1,0.2
1129,51511,16,0.9279999999999999,0.9279999999999999,1,0.0625
1130,51527,16,0.9279999999999999,0.9279999999999999,1,0.0625
1131,51541,14,0.9369999999999999,0.9369999999999999,1,0.07142857142857142
1132,51555,14,0.9369999999999999,0.9369999999999999,1,0.07142857142857142
1133,51569,14,0.9369999999999999,0.9369999999999999,1,0.07142857142857142
1134,51583,14,0.9369999999999999,0.9369999999999999,1,0.07142857142857142
1135,51603,20,0.91,0.91,1,0.25
1136,51619,16,0.9279999999999999,0.9279999999999999,1,0.0625
1137,51633,14,0.9369999999999999,0.9369999999999999,1,0.07142857142857142
1138,51651,18,0.919,0.919,1,0.05555555555555555
1139,51705,54,0.757,0.757,1,0.05555555555555555
1140,51719,14,0.9369999999999999,0.9369999999999999,1,0.07142857142857142
1141,51733,14,0.9369999999999999,0.9369999999999999,1,0.07142857142857142
1142,51747,14,0.9369999999999999,0.9369999999999999,1,0.07142857142857142
1143,51765,18,0.919,0.919,1,0.05555555555555555
1144,51779,14,0.9369999999999999,0.9369999999999999,1,0.07142857142857142
1145,51793,14,0.9369999999999999,0.9369999999999999,1,0.07142857142857142
1146,51809,16,0.9279999999999999,0.9279999999999999,1,0.0625
1147,51823,14,0.9369999999999999,0.9369999999999999,1,0.07142857142857142
1148,51838,15,0.9325,0.9325,1,0.06666666666666667
1149,51856,18,0.919,0.919,1,0.05555555555555555
1150,51872,16,0.9279999999999999,0.9279999999999999,1,0.0625
1151,51888,16,0.9279999999999999,0.9279999999999999,1,0.0625
1152,51902,14,0.9369999999999999,0.9369999999999999,1,0.07142857142857142
1153,51916,14,0.9369999999999999,0.9369999999999999,1,0.07142857142857142
1154,51930,14,0.9369999999999999,0.9369999999999999,1,0.07142857142857142
1155,51944,14,0.9369999999999999,0.9369999999999999,1,0.07142857142857142
1156,51958,14,0.9369999999999999,0.9369999999999999,1,0.07142857142857142
1157,51972,14,0.9369999999999999,0.9369999999999999,1,0.07142857142857142
1158,51986,14,0.9369999999999999,0.9369999999999999,1,0.07142857142857142
1159,52014,28,0.874,0.874,1,0.03571428571428571
1160,52031,17,0.9235,0.9235,1,0.058823529411764705
1161,52045,14,0.9369999999999999,0.9369999999999999,1,0.07142857142857142
1162,52107,62,0.721,0.721,1,0.016129032258064516
1163,52123,16,0.9279999999999999,0.9279999999999999,1,0.0625
1164,52173,50,0.775,0.775,1,0.02
1165,52209,36,0.838,0.838,1,0.08333333333333333
1166,52223,14,0.9369999999999999,0.9369999999999999,1,0.07142857142857142
1167,52337,114,0.487,0.487,1,0.008771929824561403
1168,52353,16,0.9279999999999999,0.9279999999999999,1,0.0625
1169,52423,70,0.685,0.685,1,0.014285714285714285
1170,52481,58,0.739,0.739,1,0.017241379310344827
1171,52495,14,0.9369999999999999,0.9369999999999999,1,0.07142857142857142
1172,52509,14,0.9369999999999999,0.9369999999999999,1,0.07142857142857142
1173,52602,93,0.5814999999999999,0.5814999999999999,1,0.010752688172043012
1174,52617,15,0.9325,0.9325,1,0.06666666666666667
1175,52687,70,0.685,0.685,1,0.014285714285714285
1176,52701,14,0.9369999999999999,0.9369999999999999,1,0.07142857142857142
1177,52715,14,0.9369999999999999,0.9369999999999999,1,0.07142857142857142
1178,52748,33,0.8514999999999999,0.8514999999999999,1,0.030303030303030304
1179,52798,50,0.775,0.775,1,0.02
1180,52816,18,0.919,0.919,1,0.05555555555555555
1181,52857,41,0.8155,0.8155,1,0.024390243902439025
1182,52982,125,0.4375,0.4375,1,0.008
1183,53019,37,0.8335,0.8335,1,0.02702702702702703
1184,53039,20,0.91,0.91,1,0.05
1185,53059,20,0.91,0.91,1,0.05
1186,53073,14,0.9369999999999999,0.9369999999999999,1,0.07142857142857142
1187,53089,16,0.9279999999999999,0.9279999999999999,1,0.0625
1188,53105,16,0.9279999999999999,0.9279999999999999,1,0.0625
1189,53119,14,0.9369999999999999,0.9369999999999999,1,0.07142857142857142
1190,53135,16,0.9279999999999999,0.9279999999999999,1,0.0625
1191,53151,16,0.9279999999999999,0.9279999999999999,1,0.0625
1192,53195,44,0.802,0.802,1,0.022727272727272728
1193,53211,16,0.9279999999999999,0.9279999999999999,1,0.0625
1194,53225,14,0.9369999999999999,0.9369999999999999,1,0.07142857142857142
1195,53239,14,0.9369999999999999,0.9369999999999999,1,0.07142857142857142
1196,53255,16,0.9279999999999999,0.9279999999999999,1,0.0625
1197,53298,43,0.8065,0.8065,1,0.023255813953488372
1198,53312,14,0.9369999999999999,0.9369999999999999,1,0.07142857142857142
1199,53326,14,0.9369999999999999,0.9369999999999999,1,0.07142857142857142
1200,53342,16,0.9279999999999999,0.9279999999999999,1,0.0625
1201,53356,14,0.9369999999999999,0.9369999999999999,1,0.07142857142857142
1202,53370,14,0.9369999999999999,0.9369999999999999,1,0.07142857142857142
1203,53384,14,0.9369999999999999,0.9369999999999999,1,0.07142857142857142
1204,53402,18,0.919,0.919,1,0.05555555555555555
1205,53416,14,0.9369999999999999,0.9369999999999999,1,0.07142857142857142
1206,53432,16,0.9279999999999999,0.9279999999999999,1,0.0625
1207,53446,14,0.9369999999999999,0.9369999999999999,1,0.07142857142857142
1208,53460,14,0.9369999999999999,0.9369999999999999,1,0.07142857142857142
1209,53474,14,0.9369999999999999,0.9369999999999999,1,0.07142857142857142
1210,53490,16,0.9279999999999999,0.9279999999999999,1,0.0625
1211,53626,136,0.3879999999999999,0.3879999999999999,1,0.007352941176470588
1212,53660,34,0.847,0.847,1,0.029411764705882353
1213,53674,14,0.9369999999999999,0.9369999999999999,1,0.07142857142857142
1214,53688,14,0.9369999999999999,0.9369999999999999,1,0.07142857142857142
1215,53710,22,0.901,0.901,1,0.045454545454545456
1216,53724,14,0.9369999999999999,0.9369999999999999,1,0.07142857142857142
1217,53738,14,0.9369999999999999,0.9369999999999999,1,0.07142857142857142
1218,53754,16,0.9279999999999999,0.9279999999999999,1,0.0625
1219,53768,14,0.9369999999999999,0.9369999999999999,1,0.07142857142857142
1220,53784,16,0.9279999999999999,0.9279999999999999,1,0.0625
1221,53798,14,0.9369999999999999,0.9369999999999999,1,0.07142857142857142
1222,53882,84,0.622,0.622,1,0.011904761904761904
1223,53940,58,0.739,0.739,1,0.017241379310344827
1224,53954,14,0.9369999999999999,0.9369999999999999,1,0.07142857142857142
1225,53968,14,0.9369999999999999,0.9369999999999999,1,0.07142857142857142
1226,53982,14,0.9369999999999999,0.9369999999999999,1,0.07142857142857142
1227,53996,14,0.9369999999999999,0.9369999999999999,1,0.07142857142857142
1228,54012,16,0.9279999999999999,0.9279999999999999,1,0.0625
1229,54048,36,0.838,0.838,1,0.027777777777777776
1230,54064,16,0.9279999999999999,0.9279999999999999,1,0.0625
1231,54078,14,0.9369999999999999,0.9369999999999999,1,0.07142857142857142
1232,54094,16,0.9279999999999999,0.9279999999999999,1,0.0625
1233,54108,14,0.9369999999999999,0.9369999999999999,1,0.07142857142857142
1234,54124,16,0.9279999999999999,0.9279999999999999,1,0.0625
1235,54138,14,0.9369999999999999,0.9369999999999999,1,0.07142857142857142
1236,54152,14,0.9369999999999999,0.9369999999999999,1,0.07142857142857142
1237,54170,18,0.919,0.919,1,0.2777777777777778
1238,54186,16,0.9279999999999999,0.9279999999999999,1,0.0625
1239,54200,14,0.9369999999999999,0.9369999999999999,1,0.07142857142857142
1240,54214,14,0.9369999999999999,0.9369999999999999,1,0.07142857142857142
1241,54230,16,0.9279999999999999,0.9279999999999999,1,0.0625
1242,54246,16,0.9279999999999999,0.9279999999999999,1,0.0625
1243,54262,16,0.9279999999999999,0.9279999999999999,1,0.0625
1244,54314,52,0.766,0.766,1,0.019230769230769232
1245,54328,14,0.9369999999999999,0.9369999999999999,1,0.07142857142857142
1246,54346,18,0.919,0.919,1,0.16666666666666666
1247,54360,14,0.9369999999999999,0.9369999999999999,1,0.07142857142857142
1248,54374,14,0.9369999999999999,0.9369999999999999,1,0.07142857142857142
1249,54394,20,0.91,0.91,1,0.05
1250,54410,16,0.9279999999999999,0.9279999999999999,1,0.0625
1251,54424,14,0.9369999999999999,0.9369999999999999,1,0.07142857142857142
1252,54438,14,0.9369999999999999,0.9369999999999999,1,0.07142857142857142
1253,54454,16,0.9279999999999999,0.9279999999999999,1,0.0625
1254,54468,14,0.9369999999999999,0.9369999999999999,1,0.07142857142857142
1255,54484,16,0.9279999999999999,0.9279999999999999,1,0.0625
1256,54498,14,0.9369999999999999,0.9369999999999999,1,0.07142857142857142
1257,54512,14,0.9369999999999999,0.9369999999999999,1,0.07142857142857142
1258,54526,14,0.9369999999999999,0.9369999999999999,1,0.07142857142857142
1259,54542,16,0.9279999999999999,0.9279999999999999,1,0.0625
1260,54556,14,0.9369999999999999,0.9369999999999999,1,0.07142857142857142
1261,54576,20,0.91,0.91,1,0.05
1262,54592,16,0.9279999999999999,0.9279999999999999,1,0.0625
1263,54606,14,0.9369999999999999,0.9369999999999999,1,0.07142857142857142
1264,54622,16,0.9279999999999999,0.9279999999999999,1,0.0625
1265,54638,16,0.9279999999999999,0.9279999999999999,1,0.0625
1266,54658,20,0.91,0.91,1,0.05
1267,54674,16,0.9279999999999999,0.9279999999999999,1,0.0625
1268,54712,38,0.829,0.829,1,0.02631578947368421
1269,54731,19,0.9145,0.9145,1,0.05263157894736842
1270,54745,14,0.9369999999999999,0.9369999999999999,1,0.07142857142857142
1271,54761,16,0.9279999999999999,0.9279999999999999,1,0.0625
1272,54775,14,0.9369999999999999,0.9369999999999999,1,0.07142857142857142
1273,54789,14,0.9369999999999999,0.9369999999999999,1,0.07142857142857142
1274,54805,16,0.9279999999999999,0.9279999999999999,1,0.0625
1275,54819,14,0.9369999999999999,0.9369999999999999,1,0.07142857142857142
1276,54833,14,0.9369999999999999,0.9369999999999999,1,0.07142857142857142
1277,54847,14,0.9369999999999999,0.9369999999999999,1,0.07142857142857142
1278,54861,14,0.9369999999999999,0.9369999999999999,1,0.07142857142857142
1279,54877,16,0.9279999999999999,0.9279999999999999,1,0.1875
1280,54891,14,0.9369999999999999,0.9369999999999999,1,0.07142857142857142
1281,54907,16,0.9279999999999999,0.9279999999999999,1,0.0625
1282,54921,14,0.9369999999999999,0.9369999999999999,1,0.07142857142857142
1283,54937,16,0.9279999999999999,0.9279999999999999,1,0.0625
1284,54957,20,0.91,0.91,1,0.15
1285,54971,14,0.9369999999999999,0.9369999999999999,1,0.07142857142857142
1286,54985,14,0.9369999999999999,0.9369999999999999,1,0.07142857142857142
1287,55001,16,0.9279999999999999,0.9279999999999999,1,0.0625
1288,55015,14,0.9369999999999999,0.9369999999999999,1,0.07142857142857142
1289,55029,14,0.9369999999999999,0.9369999999999999,1,0.07142857142857142
1290,55043,14,0.9369999999999999,0.9369999999999999,1,0.07142857142857142
1291,55059,16,0.9279999999999999,0.9279999999999999,1,0.0625
1292,55075,16,0.9279999999999999,0.9279999999999999,1,0.0625
1293,55091,16,0.9279999999999999,0.9279999999999999,1,0.1875
1294,55105,14,0.9369999999999999,0.9369999999999999,1,0.07142857142857142
1295,55119,14,0.9369999999999999,0.9369999999999999,1,0.07142857142857142
1296,55133,14,0.9369999999999999,0.9369999999999999,1,0.07142857142857142
1297,55147,14,0.9369999999999999,0.9369999999999999,1,0.07142857142857142
1298,55163,16,0.9279999999999999,0.9279999999999999,1,0.0625
1299,55177,14,0.9369999999999999,0.9369999999999999,1,0.07142857142857142
1300,55193,16,0.9279999999999999,0.9279999999999999,1,0.0625
1301,55207,14,0.9369999999999999,0.9369999999999999,1,0.07142857142857142
1302,55221,14,0.9369999999999999,0.9369999999999999,1,0.07142857142857142
1303,55235,14,0.9369999999999999,0.9369999999999999,1,0.07142857142857142
1304,55253,18,0.919,0.919,1,0.05555555555555555
1305,55279,26,0.883,0.883,1,0.038461538461538464
1306,55293,14,0.9369999999999999,0.9369999999999999,1,0.07142857142857142
1307,55324,31,0.8605,0.8605,1,0.03225806451612903
1308,55338,14,0.9369999999999999,0.9369999999999999,1,0.07142857142857142
1309,55352,14,0.9369999999999999,0.9369999999999999,1,0.07142857142857142
1310,55368,16,0.9279999999999999,0.9279999999999999,1,0.0625
1311,55390,22,0.901,0.901,1,0.045454545454545456
1312,55406,16,0.9279999999999999,0.9279999999999999,1,0.0625
1313,55420,14,0.9369999999999999,0.9369999999999999,1,0.07142857142857142
1314,55434,14,0.9369999999999999,0.9369999999999999,1,0.07142857142857142
1315,55450,16,0.9279999999999999,0.9279999999999999,1,0.0625
1316,55464,14,0.9369999999999999,0.9369999999999999,1,0.07142857142857142
1317,55482,18,0.919,0.919,1,0.05555555555555555
1318,55499,17,0.9235,0.9235,1,0.058823529411764705
1319,55515,16,0.9279999999999999,0.9279999999999999,1,0.0625
1320,55531,16,0.9279999999999999,0.9279999999999999,1,0.0625
1321,55545,14,0.9369999999999999,0.9369999999999999,1,0.07142857142857142
1322,55559,14,0.9369999999999999,0.9369999999999999,1,0.07142857142857142
1323,55573,14,0.9369999999999999,0.9369999999999999,1,0.07142857142857142
1324,55589,16,0.9279999999999999,0.9279999999999999,1,0.0625
1325,55603,14,0.9369999999999999,0.9369999999999999,1,0.07142857142857142
1326,55617,14,0.9369999999999999,0.9369999999999999,1,0.07142857142857142
1327,55639,22,0.901,0.901,1,0.045454545454545456
1328,55653,14,0.9369999999999999,0.9369999999999999,1,0.07142857142857142
1329,55667,14,0.9369999999999999,0.9369999999999999,1,0.07142857142857142
1330,55699,32,0.856,0.856,1,0.03125
1331,55713,14,0.9369999999999999,0.9369999999999999,1,0.07142857142857142
1332,55727,14,0.9369999999999999,0.9369999999999999,1,0.07142857142857142
1333,55741,14,0.9369999999999999,0.9369999999999999,1,0.07142857142857142
1334,55763,22,0.901,0.901,1,0.045454545454545456
1335,55779,16,0.9279999999999999,0.9279999999999999,1,0.0625
1336,55793,14,0.9369999999999999,0.9369999999999999,1,0.07142857142857142
1337,55832,39,0.8245,0.8245,1,0.02564102564102564
1338,55850,18,0.919,0.919,1,0.05555555555555555
1339,55878,28,0.874,0.874,1,0.03571428571428571
1340,55894,16,0.9279999999999999,0.9279999999999999,1,0.0625
1341,55911,17,0.9235,0.9235,1,0.058823529411764705
1342,55927,16,0.9279999999999999,0.9279999999999999,1,0.0625
1343,55943,16,0.9279999999999999,0.9279999999999999,1,0.0625
1344,55957,14,0.9369999999999999,0.9369999999999999,1,0.07142857142857142
1345,55971,14,0.9369999999999999,0.9369999999999999,1,0.07142857142857142
1346,55995,24,0.892,0.892,1,0.125
1347,56060,65,0.7075,0.7075,1,0.015384615384615385
1348,56077,17,0.9235,0.9235,1,0.058823529411764705
1349,56091,14,0.9369999999999999,0.9369999999999999,1,0.07142857142857142
1350,56107,16,0.9279999999999999,0.9279999999999999,1,0.1875
1351,56123,16,0.9279999999999999,0.9279999999999999,1,0.0625
1352,56151,28,0.874,0.874,1,0.5357142857142857
1353,56168,17,0.9235,0.9235,1,0.058823529411764705
1354,56184,16,0.9279999999999999,0.9279999999999999,1,0.1875
1355,56222,38,0.829,0.829,1,0.6052631578947368
1356,56236,14,0.9369999999999999,0.9369999999999999,1,0.07142857142857142
1357,56252,16,0.9279999999999999,0.9279999999999999,1,0.0625
1358,56266,14,0.9369999999999999,0.9369999999999999,1,0.07142857142857142
1359,56280,14,0.9369999999999999,0.9369999999999999,1,0.07142857142857142
1360,56343,63,0.7164999999999999,0.7164999999999999,1,0.14285714285714285
1361,56370,27,0.8785,0.8785,1,0.18518518518518517
1362,56392,22,0.901,0.901,1,0.045454545454545456
1363,56418,26,0.883,0.883,1,0.4230769230769231
1364,56434,16,0.9279999999999999,0.9279999999999999,1,0.0625
1365,56460,26,0.883,0.883,1,0.5
1366,56474,14,0.9369999999999999,0.9369999999999999,1,0.07142857142857142
1367,56490,16,0.9279999999999999,0.9279999999999999,1,0.1875
1368,56504,14,0.9369999999999999,0.9369999999999999,1,0.07142857142857142
1369,56544,40,0.82,0.82,1,0.625
1370,56558,14,0.9369999999999999,0.9369999999999999,1,0.07142857142857142
1371,56578,20,0.91,0.91,1,0.35
1372,56592,14,0.9369999999999999,0.9369999999999999,1,0.07142857142857142
1373,56606,14,0.9369999999999999,0.9369999999999999,1,0.07142857142857142
1374,56677,71,0.6805,0.6805,1,0.49295774647887325
1375,56731,54,0.757,0.757,1,0.7222222222222222
1376,56745,14,0.9369999999999999,0.9369999999999999,1,0.07142857142857142
1377,56759,14,0.9369999999999999,0.9369999999999999,1,0.07142857142857142
1378,56773,14,0.9369999999999999,0.9369999999999999,1,0.07142857142857142
1379,56787,14,0.9369999999999999,0.9369999999999999,1,0.07142857142857142
1380,56847,60,0.73,0.73,1,0.75
1381,56861,14,0.9369999999999999,0.9369999999999999,1,0.07142857142857142
1382,56875,14,0.9369999999999999,0.9369999999999999,1,0.07142857142857142
1383,56889,14,0.9369999999999999,0.9369999999999999,1,0.07142857142857142
1384,56903,14,0.9369999999999999,0.9369999999999999,1,0.07142857142857142
1385,56923,20,0.91,0.91,1,0.35
1386,56941,18,0.919,0.919,1,0.2777777777777778
1387,56955,14,0.9369999999999999,0.9369999999999999,1,0.07142857142857142
1388,56971,16,0.9279999999999999,0.9279999999999999,1,0.0625
1389,56987,16,0.9279999999999999,0.9279999999999999,1,0.0625
1390,57005,18,0.919,0.919,1,0.05555555555555555
1391,57025,20,0.91,0.91,1,0.35
1392,57047,22,0.901,0.901,1,0.13636363636363635
1393,57063,16,0.9279999999999999,0.9279999999999999,1,0.0625
1394,57079,16,0.9279999999999999,0.9279999999999999,1,0.0625
1395,57093,14,0.9369999999999999,0.9369999999999999,1,0.07142857142857142
1396,57107,14,0.9369999999999999,0.9369999999999999,1,0.07142857142857142
1397,57121,14,0.9369999999999999,0.9369999999999999,1,0.07142857142857142
1398,57137,16,0.9279999999999999,0.9279999999999999,1,0.1875
1399,57153,16,0.9279999999999999,0.9279999999999999,1,0.0625
1400,57167,14,0.9369999999999999,0.9369999999999999,1,0.07142857142857142
1401,57183,16,0.9279999999999999,0.9279999999999999,1,0.0625
1402,57199,16,0.9279999999999999,0.9279999999999999,1,0.0625
1403,57233,34,0.847,0.847,1,0.029411764705882353
1404,57249,16,0.9279999999999999,0.9279999999999999,1,0.0625
1405,57281,32,0.856,0.856,1,0.03125
1406,57298,17,0.9235,0.9235,1,0.058823529411764705
1407,57312,14,0.9369999999999999,0.9369999999999999,1,0.07142857142857142
1408,57330,18,0.919,0.919,1,0.05555555555555555
1409,57344,14,0.9369999999999999,0.9369999999999999,1,0.07142857142857142
1410,57358,14,0.9369999999999999,0.9369999999999999,1,0.07142857142857142
1411,57376,18,0.919,0.919,1,0.16666666666666666
1412,57390,14,0.9369999999999999,0.9369999999999999,1,0.07142857142857142
1413,57414,24,0.892,0.892,1,0.25
1414,57428,14,0.9369999999999999,0.9369999999999999,1,0.07142857142857142
1415,57444,16,0.9279999999999999,0.9279999999999999,1,0.1875
1416,57458,14,0.9369999999999999,0.9369999999999999,1,0.07142857142857142
1417,57474,16,0.9279999999999999,0.9279999999999999,1,0.0625
1418,57488,14,0.9369999999999999,0.9369999999999999,1,0.07142857142857142
1419,57604,116,0.478,0.478,1,0.008620689655172414
1420,57618,14,0.9369999999999999,0.9369999999999999,1,0.07142857142857142
1421,57632,14,0.9369999999999999,0.9369999999999999,1,0.07142857142857142
1422,57650,18,0.919,0.919,1,0.05555555555555555
1423,57666,16,0.9279999999999999,0.9279999999999999,1,0.1875
1424,57680,14,0.9369999999999999,0.9369999999999999,1,0.07142857142857142
1425,57698,18,0.919,0.919,1,0.16666666666666666
1426,57714,16,0.9279999999999999,0.9279999999999999,1,0.0625
1427,57728,14,0.9369999999999999,0.9369999999999999,1,0.07142857142857142
1428,57742,14,0.9369999999999999,0.9369999999999999,1,0.07142857142857142
1429,57756,14,0.9369999999999999,0.9369999999999999,1,0.07142857142857142
1430,57770,14,0.9369999999999999,0.9369999999999999,1,0.07142857142857142
1431,57790,20,0.91,0.91,1,0.15
1432,57804,14,0.9369999999999999,0.9369999999999999,1,0.07142857142857142
1433,57828,24,0.892,0.892,1,0.4583333333333333
1434,57842,14,0.9369999999999999,0.9369999999999999,1,0.07142857142857142
1435,57858,16,0.9279999999999999,0.9279999999999999,1,0.1875
1436,57872,14,0.9369999999999999,0.9369999999999999,1,0.07142857142857142
1437,57886,14,0.9369999999999999,0.9369999999999999,1,0.07142857142857142
1438,57900,14,0.9369999999999999,0.9369999999999999,1,0.07142857142857142
1439,57914,14,0.9369999999999999,0.9369999999999999,1,0.07142857142857142
1440,57930,16,0.9279999999999999,0.9279999999999999,1,0.0625
1441,57946,16,0.9279999999999999,0.9279999999999999,1,0.0625
1442,57962,16,0.9279999999999999,0.9279999999999999,1,0.0625
1443,57976,14,0.9369999999999999,0.9369999999999999,1,0.07142857142857142
1444,58027,51,0.7705,0.7705,1,0.09803921568627451
1445,58227,200,0.0,0.0,0,0.005
1446,58269,42,0.8109999999999999,0.8109999999999999,1,0.023809523809523808
1447,58315,46,0.7929999999999999,0.7929999999999999,1,0.021739130434782608
1448,58515,200,0.0,0.0,0,0.005
1449,58587,72,0.6759999999999999,0.6759999999999999,1,0.013888888888888888
1450,58787,200,0.0,0.0,0,0.005
1451,58943,156,0.29799999999999993,0.29799999999999993,1,0.00641025641025641
1452,59017,74,0.667,0.667,1,0.013513513513513514
1453,59217,200,0.0,0.0,0,0.005
1454,59417,200,0.0,0.0,0,0.005
1455,59617,200,0.0,0.0,0,0.005
1456,59785,168,0.244,0.244,1,0.005952380952380952
1457,59985,200,0.0,0.0,0,0.005
1458,60013,28,0.874,0.874,1,0.03571428571428571
1459,60029,16,0.9279999999999999,0.9279999999999999,1,0.0625
1460,60211,182,0.18099999999999994,0.18099999999999994,1,0.005494505494505495
1461,60343,132,0.4059999999999999,0.4059999999999999,1,0.007575757575757576
1462,60535,192,0.136,0.136,1,0.005208333333333333
1463,60591,56,0.748,0.748,1,0.017857142857142856
1464,60791,200,0.0,0.0,0,0.005
1465,60913,122,0.45099999999999996,0.45099999999999996,1,0.00819672131147541
1466,61027,114,0.487,0.487,1,0.008771929824561403
1467,61067,40,0.82,0.82,1,0.075
1468,61115,48,0.784,0.784,1,0.020833333333333332
1469,61231,116,0.478,0.478,1,0.008620689655172414
1470,61431,200,0.0,0.0,0,0.005
1471,61626,195,0.12250000000000005,0.12250000000000005,1,0.005128205128205128
1472,61674,48,0.784,0.784,1,0.020833333333333332
1473,61730,56,0.748,0.748,1,0.05357142857142857
1474,61810,80,0.6399999999999999,0.6399999999999999,1,0.0125
1475,61882,72,0.6759999999999999,0.6759999999999999,1,0.013888888888888888
1476,62082,200,0.0,0.0,0,0.005
1477,62174,92,0.586,0.586,1,0.03260869565217391
1478,62361,187,0.15849999999999997,0.15849999999999997,1,0.13368983957219252
1479,62561,200,0.0,0.0,0,0.015
1480,62761,200,0.0,0.0,0,0.175
1481,62793,32,0.856,0.856,1,0.34375
1482,62947,154,0.30699999999999994,0.30699999999999994,1,0.006493506493506494
1483,63039,92,0.586,0.586,1,0.010869565217391304
1484,63053,14,0.9369999999999999,0.9369999999999999,1,0.07142857142857142
1485,63102,49,0.7795,0.7795,1,0.02040816326530612
1486,63120,18,0.919,0.919,1,0.05555555555555555
1487,63136,16,0.9279999999999999,0.9279999999999999,1,0.0625
1488,63152,16,0.9279999999999999,0.9279999999999999,1,0.0625
1489,63168,16,0.9279999999999999,0.9279999999999999,1,0.0625
1490,63185,17,0.9235,0.9235,1,0.058823529411764705
1491,63203,18,0.919,0.919,1,0.05555555555555555
1492,63220,17,0.9235,0.9235,1,0.058823529411764705
1493,63238,18,0.919,0.919,1,0.05555555555555555
1494,63254,16,0.9279999999999999,0.9279999999999999,1,0.0625
1495,63274,20,0.91,0.91,1,0.05
1496,63290,16,0.9279999999999999,0.9279999999999999,1,0.0625
1497,63310,20,0.91,0.91,1,0.15
1498,63373,63,0.7164999999999999,0.7164999999999999,1,0.015873015873015872
1499,63393,20,0.91,0.91,1,0.25
1500,63411,18,0.919,0.919,1,0.05555555555555555
1501,63427,16,0.9279999999999999,0.9279999999999999,1,0.0625
1502,63500,73,0.6715,0.6715,1,0.0136986301369863
1503,63516,16,0.9279999999999999,0.9279999999999999,1,0.0625
1504,63534,18,0.919,0.919,1,0.05555555555555555
1505,63550,16,0.9279999999999999,0.9279999999999999,1,0.0625
1506,63570,20,0.91,0.91,1,0.05
1507,63588,18,0.919,0.919,1,0.05555555555555555
1508,63604,16,0.9279999999999999,0.9279999999999999,1,0.0625
1509,63624,20,0.91,0.91,1,0.05
1510,63640,16,0.9279999999999999,0.9279999999999999,1,0.0625
1511,63658,18,0.919,0.919,1,0.05555555555555555
1512,63674,16,0.9279999999999999,0.9279999999999999,1,0.0625
1513,63690,16,0.9279999999999999,0.9279999999999999,1,0.0625
1514,63714,24,0.892,0.892,1,0.125
1515,63730,16,0.9279999999999999,0.9279999999999999,1,0.0625
1516,63746,16,0.9279999999999999,0.9279999999999999,1,0.0625
1517,63762,16,0.9279999999999999,0.9279999999999999,1,0.0625
1518,63778,16,0.9279999999999999,0.9279999999999999,1,0.0625
1519,63811,33,0.8514999999999999,0.8514999999999999,1,0.030303030303030304
1520,63827,16,0.9279999999999999,0.9279999999999999,1,0.0625
1521,63843,16,0.9279999999999999,0.9279999999999999,1,0.0625
1522,63861,18,0.919,0.919,1,0.05555555555555555
1523,63881,20,0.91,0.91,1,0.05
1524,63929,48,0.784,0.784,1,0.020833333333333332
1525,63945,16,0.9279999999999999,0.9279999999999999,1,0.0625
1526,63965,20,0.91,0.91,1,0.05
1527,63983,18,0.919,0.919,1,0.05555555555555555
1528,64001,18,0.919,0.919,1,0.05555555555555555
1529,64076,75,0.6625,0.6625,1,0.013333333333333334
1530,64217,141,0.36550000000000005,0.36550000000000005,1,0.0070921985815602835
1531,64233,16,0.9279999999999999,0.9279999999999999,1,0.0625
1532,64284,51,0.7705,0.7705,1,0.0196078431372549
1533,64302,18,0.919,0.919,1,0.05555555555555555
1534,64421,119,0.4645,0.4645,1,0.008403361344537815
1535,64495,74,0.667,0.667,1,0.013513513513513514
1536,64639,144,0.352,0.352,1,0.006944444444444444
1537,64705,66,0.703,0.703,1,0.015151515151515152
1538,64719,14,0.9369999999999999,0.9369999999999999,1,0.07142857142857142
1539,64735,16,0.9279999999999999,0.9279999999999999,1,0.0625
1540,64765,30,0.865,0.865,1,0.03333333333333333
1541,64799,34,0.847,0.847,1,0.029411764705882353
1542,64899,100,0.55,0.55,1,0.01
1543,64913,14,0.9369999999999999,0.9369999999999999,1,0.07142857142857142
1544,64927,14,0.9369999999999999,0.9369999999999999,1,0.07142857142857142
1545,65016,89,0.5994999999999999,0.5994999999999999,1,0.011235955056179775
1546,65032,16,0.9279999999999999,0.9279999999999999,1,0.0625
1547,65048,16,0.9279999999999999,0.9279999999999999,1,0.0625
1548,65094,46,0.7929999999999999,0.7929999999999999,1,0.08695652173913043
1549,65120,26,0.883,0.883,1,0.038461538461538464
1550,65164,44,0.802,0.802,1,0.06818181818181818
1551,65222,58,0.739,0.739,1,0.017241379310344827
1552,65238,16,0.9279999999999999,0.9279999999999999,1,0.0625
1553,65254,16,0.9279999999999999,0.9279999999999999,1,0.0625
1554,65272,18,0.919,0.919,1,0.05555555555555555
1555,65290,18,0.919,0.919,1,0.05555555555555555
1556,65306,16,0.9279999999999999,0.9279999999999999,1,0.0625
1557,65322,16,0.9279999999999999,0.9279999999999999,1,0.0625
1558,65338,16,0.9279999999999999,0.9279999999999999,1,0.0625
1559,65356,18,0.919,0.919,1,0.05555555555555555
1560,65396,40,0.82,0.82,1,0.525
1561,65418,22,0.901,0.901,1,0.3181818181818182
1562,65473,55,0.7525,0.7525,1,0.01818181818181818
1563,65501,28,0.874,0.874,1,0.03571428571428571
1564,65523,22,0.901,0.901,1,0.045454545454545456
1565,65541,18,0.919,0.919,1,0.05555555555555555
1566,65557,16,0.9279999999999999,0.9279999999999999,1,0.0625
1567,65577,20,0.91,0.91,1,0.05
1568,65595,18,0.919,0.919,1,0.05555555555555555
1569,65613,18,0.919,0.919,1,0.16666666666666666
1570,65629,16,0.9279999999999999,0.9279999999999999,1,0.0625
1571,65645,16,0.9279999999999999,0.9279999999999999,1,0.0625
1572,65685,40,0.82,0.82,1,0.025
1573,65703,18,0.919,0.919,1,0.16666666666666666
1574,65759,56,0.748,0.748,1,0.7321428571428571
1575,65777,18,0.919,0.919,1,0.05555555555555555
1576,65797,20,0.91,0.91,1,0.25
1577,65813,16,0.9279999999999999,0.9279999999999999,1,0.0625
1578,65831,18,0.919,0.919,1,0.05555555555555555
1579,65847,16,0.9279999999999999,0.9279999999999999,1,0.0625
1580,65879,32,0.856,0.856,1,0.03125
1581,65897,18,0.919,0.919,1,0.05555555555555555
1582,65913,16,0.9279999999999999,0.9279999999999999,1,0.0625
1583,65929,16,0.9279999999999999,0.9279999999999999,1,0.0625
1584,65945,16,0.9279999999999999,0.9279999999999999,1,0.0625
1585,65961,16,0.9279999999999999,0.9279999999999999,1,0.0625
1586,65979,18,0.919,0.919,1,0.05555555555555555
1587,65997,18,0.919,0.919,1,0.05555555555555555
1588,66021,24,0.892,0.892,1,0.041666666666666664
1589,66060,39,0.8245,0.8245,1,0.02564102564102564
1590,66093,33,0.8514999999999999,0.8514999999999999,1,0.5151515151515151
1591,66202,109,0.5095,0.5095,1,0.009174311926605505
1592,66220,18,0.919,0.919,1,0.16666666666666666
1593,66268,48,0.784,0.784,1,0.0625
1594,66439,171,0.23050000000000004,0.23050000000000004,1,0.005847953216374269
1595,66544,105,0.5275,0.5275,1,0.02857142857142857
1596,66575,31,0.8605,0.8605,1,0.03225806451612903
1597,66619,44,0.802,0.802,1,0.06818181818181818
1598,66643,24,0.892,0.892,1,0.041666666666666664
1599,66667,24,0.892,0.892,1,0.4583333333333333
1600,66711,44,0.802,0.802,1,0.022727272727272728
1601,66816,105,0.5275,0.5275,1,0.009523809523809525
1602,66832,16,0.9279999999999999,0.9279999999999999,1,0.0625
1603,66850,18,0.919,0.919,1,0.05555555555555555
1604,66910,60,0.73,0.73,1,0.21666666666666667
1605,67110,200,0.0,0.0,0,0.005
1606,67158,48,0.784,0.784,1,0.020833333333333332
1607,67174,16,0.9279999999999999,0.9279999999999999,1,0.0625
1608,67190,16,0.9279999999999999,0.9279999999999999,1,0.0625
1609,67206,16,0.9279999999999999,0.9279999999999999,1,0.0625
1610,67222,16,0.9279999999999999,0.9279999999999999,1,0.0625
1611,67238,16,0.9279999999999999,0.9279999999999999,1,0.0625
1612,67258,20,0.91,0.91,1,0.05
1613,67274,16,0.9279999999999999,0.9279999999999999,1,0.0625
1614,67290,16,0.9279999999999999,0.9279999999999999,1,0.0625
1615,67308,18,0.919,0.919,1,0.05555555555555555
1616,67325,17,0.9235,0.9235,1,0.058823529411764705
1617,67341,16,0.9279999999999999,0.9279999999999999,1,0.0625
1618,67359,18,0.919,0.919,1,0.05555555555555555
1619,67375,16,0.9279999999999999,0.9279999999999999,1,0.0625
1620,67408,33,0.8514999999999999,0.8514999999999999,1,0.030303030303030304
1621,67424,16,0.9279999999999999,0.9279999999999999,1,0.0625
1622,67440,16,0.9279999999999999,0.9279999999999999,1,0.0625
1623,67456,16,0.9279999999999999,0.9279999999999999,1,0.0625
1624,67474,18,0.919,0.919,1,0.05555555555555555
1625,67490,16,0.9279999999999999,0.9279999999999999,1,0.0625
1626,67506,16,0.9279999999999999,0.9279999999999999,1,0.0625
1627,67522,16,0.9279999999999999,0.9279999999999999,1,0.0625
1628,67538,16,0.9279999999999999,0.9279999999999999,1,0.0625
1629,67556,18,0.919,0.919,1,0.05555555555555555
1630,67574,18,0.919,0.919,1,0.05555555555555555
1631,67592,18,0.919,0.919,1,0.05555555555555555
1632,67608,16,0.9279999999999999,0.9279999999999999,1,0.0625
1633,67624,16,0.9279999999999999,0.9279999999999999,1,0.0625
1634,67640,16,0.9279999999999999,0.9279999999999999,1,0.0625
1635,67656,16,0.9279999999999999,0.9279999999999999,1,0.0625
1636,67672,16,0.9279999999999999,0.9279999999999999,1,0.0625
1637,67688,16,0.9279999999999999,0.9279999999999999,1,0.0625
1638,67704,16,0.9279999999999999,0.9279999999999999,1,0.0625
1639,67722,18,0.919,0.919,1,0.05555555555555555
1640,67740,18,0.919,0.919,1,0.16666666666666666
1641,67756,16,0.9279999999999999,0.9279999999999999,1,0.0625
1642,67772,16,0.9279999999999999,0.9279999999999999,1,0.0625
1643,67790,18,0.919,0.919,1,0.05555555555555555
1644,67808,18,0.919,0.919,1,0.05555555555555555
1645,67826,18,0.919,0.919,1,0.16666666666666666
1646,67844,18,0.919,0.919,1,0.05555555555555555
1647,67860,16,0.9279999999999999,0.9279999999999999,1,0.0625
1648,67876,16,0.9279999999999999,0.9279999999999999,1,0.0625
1649,67894,18,0.919,0.919,1,0.05555555555555555
1650,67910,16,0.9279999999999999,0.9279999999999999,1,0.0625
1651,67928,18,0.919,0.919,1,0.05555555555555555
1652,67944,16,0.9279999999999999,0.9279999999999999,1,0.0625
1653,67960,16,0.9279999999999999,0.9279999999999999,1,0.0625
1654,67978,18,0.919,0.919,1,0.05555555555555555
1655,68000,22,0.901,0.901,1,0.045454545454545456
1656,68016,16,0.9279999999999999,0.9279999999999999,1,0.0625
1657,68076,60,0.73,0.73,1,0.016666666666666666
1658,68092,16,0.9279999999999999,0.9279999999999999,1,0.0625
1659,68108,16,0.9279999999999999,0.9279999999999999,1,0.0625
1660,68130,22,0.901,0.901,1,0.045454545454545456
1661,68146,16,0.9279999999999999,0.9279999999999999,1,0.0625
1662,68173,27,0.8785,0.8785,1,0.037037037037037035
1663,68206,33,0.8514999999999999,0.8514999999999999,1,0.030303030303030304
1664,68224,18,0.919,0.919,1,0.05555555555555555
1665,68242,18,0.919,0.919,1,0.05555555555555555
1666,68258,16,0.9279999999999999,0.9279999999999999,1,0.0625
1667,68274,16,0.9279999999999999,0.9279999999999999,1,0.0625
1668,68295,21,0.9055,0.9055,1,0.047619047619047616
1669,68315,20,0.91,0.91,1,0.05
1670,68331,16,0.9279999999999999,0.9279999999999999,1,0.0625
1671,68531,200,0.0,0.0,0,0.005
1672,68551,20,0.91,0.91,1,0.05
1673,68567,16,0.9279999999999999,0.9279999999999999,1,0.0625
1674,68587,20,0.91,0.91,1,0.05
1675,68607,20,0.91,0.91,1,0.05
1676,68638,31,0.8605,0.8605,1,0.03225806451612903
1677,68664,26,0.883,0.883,1,0.038461538461538464
1678,68682,18,0.919,0.919,1,0.16666666666666666
1679,68709,27,0.8785,0.8785,1,0.037037037037037035
1680,68725,16,0.9279999999999999,0.9279999999999999,1,0.0625
1681,68751,26,0.883,0.883,1,0.038461538461538464
1682,68772,21,0.9055,0.9055,1,0.047619047619047616
1683,68792,20,0.91,0.91,1,0.05
1684,68817,25,0.8875,0.8875,1,0.04
1685,68833,16,0.9279999999999999,0.9279999999999999,1,0.0625
1686,68853,20,0.91,0.91,1,0.05
1687,68888,35,0.8425,0.8425,1,0.02857142857142857
1688,68918,30,0.865,0.865,1,0.03333333333333333
1689,68934,16,0.9279999999999999,0.9279999999999999,1,0.0625
1690,68950,16,0.9279999999999999,0.9279999999999999,1,0.0625
1691,69009,59,0.7344999999999999,0.7344999999999999,1,0.01694915254237288
1692,69025,16,0.9279999999999999,0.9279999999999999,1,0.0625
1693,69041,16,0.9279999999999999,0.9279999999999999,1,0.0625
1694,69057,16,0.9279999999999999,0.9279999999999999,1,0.0625
1695,69073,16,0.9279999999999999,0.9279999999999999,1,0.0625
1696,69093,20,0.91,0.91,1,0.05
1697,69118,25,0.8875,0.8875,1,0.04
1698,69136,18,0.919,0.919,1,0.05555555555555555
1699,69152,16,0.9279999999999999,0.9279999999999999,1,0.0625
1700,69236,84,0.622,0.622,1,0.011904761904761904
1701,69253,17,0.9235,0.9235,1,0.058823529411764705
1702,69269,16,0.9279999999999999,0.9279999999999999,1,0.0625
1703,69285,16,0.9279999999999999,0.9279999999999999,1,0.0625
1704,69301,16,0.9279999999999999,0.9279999999999999,1,0.0625
1705,69317,16,0.9279999999999999,0.9279999999999999,1,0.0625
1706,69333,16,0.9279999999999999,0.9279999999999999,1,0.0625
1707,69349,16,0.9279999999999999,0.9279999999999999,1,0.0625
1708,69365,16,0.9279999999999999,0.9279999999999999,1,0.0625
1709,69381,16,0.9279999999999999,0.9279999999999999,1,0.0625
1710,69399,18,0.919,0.919,1,0.05555555555555555
1711,69415,16,0.9279999999999999,0.9279999999999999,1,0.0625
1712,69437,22,0.901,0.901,1,0.13636363636363635
1713,69453,16,0.9279999999999999,0.9279999999999999,1,0.0625
1714,69473,20,0.91,0.91,1,0.05
1715,69491,18,0.919,0.919,1,0.05555555555555555
1716,69507,16,0.9279999999999999,0.9279999999999999,1,0.0625
1717,69657,150,0.32499999999999996,0.32499999999999996,1,0.006666666666666667
1718,69673,16,0.9279999999999999,0.9279999999999999,1,0.0625
1719,69689,16,0.9279999999999999,0.9279999999999999,1,0.0625
1720,69741,52,0.766,0.766,1,0.019230769230769232
1721,69761,20,0.91,0.91,1,0.05
1722,69777,16,0.9279999999999999,0.9279999999999999,1,0.0625
1723,69793,16,0.9279999999999999,0.9279999999999999,1,0.0625
1724,69809,16,0.9279999999999999,0.9279999999999999,1,0.0625
1725,69829,20,0.91,0.91,1,0.05
1726,69849,20,0.91,0.91,1,0.15
1727,69865,16,0.9279999999999999,0.9279999999999999,1,0.0625
1728,69887,22,0.901,0.901,1,0.045454545454545456
1729,69903,16,0.9279999999999999,0.9279999999999999,1,0.0625
1730,69923,20,0.91,0.91,1,0.15
1731,69939,16,0.9279999999999999,0.9279999999999999,1,0.0625
1732,69957,18,0.919,0.919,1,0.05555555555555555
1733,69973,16,0.9279999999999999,0.9279999999999999,1,0.0625
1734,69989,16,0.9279999999999999,0.9279999999999999,1,0.0625
1735,70005,16,0.9279999999999999,0.9279999999999999,1,0.0625
1736,70115,110,0.5049999999999999,0.5049999999999999,1,0.00909090909090909
1737,70195,80,0.6399999999999999,0.6399999999999999,1,0.0125
1738,70324,129,0.4195,0.4195,1,0.007751937984496124
1739,70384,60,0.73,0.73,1,0.016666666666666666
1740,70400,16,0.9279999999999999,0.9279999999999999,1,0.0625
1741,70447,47,0.7885,0.7885,1,0.02127659574468085
1742,70542,95,0.5725,0.5725,1,0.010526315789473684
1743,70742,200,0.0,0.0,0,0.005
1744,70823,81,0.6355,0.6355,1,0.012345679012345678
1745,70935,112,0.4959999999999999,0.4959999999999999,1,0.008928571428571428
1746,70963,28,0.874,0.874,1,0.03571428571428571
1747,71019,56,0.748,0.748,1,0.017857142857142856
1748,71045,26,0.883,0.883,1,0.038461538461538464
1749,71061,16,0.9279999999999999,0.9279999999999999,1,0.0625
1750,71079,18,0.919,0.919,1,0.05555555555555555
1751,71095,16,0.9279999999999999,0.9279999999999999,1,0.0625
1752,71119,24,0.892,0.892,1,0.041666666666666664
1753,71137,18,0.919,0.919,1,0.05555555555555555
1754,71155,18,0.919,0.919,1,0.05555555555555555
1755,71171,16,0.9279999999999999,0.9279999999999999,1,0.0625
1756,71187,16,0.9279999999999999,0.9279999999999999,1,0.0625
1757,71205,18,0.919,0.919,1,0.05555555555555555
1758,71221,16,0.9279999999999999,0.9279999999999999,1,0.0625
1759,71237,16,0.9279999999999999,0.9279999999999999,1,0.0625
1760,71255,18,0.919,0.919,1,0.05555555555555555
1761,71273,18,0.919,0.919,1,0.05555555555555555
1762,71373,100,0.55,0.55,1,0.01
1763,71389,16,0.9279999999999999,0.9279999999999999,1,0.0625
1764,71405,16,0.9279999999999999,0.9279999999999999,1,0.0625
1765,71423,18,0.919,0.919,1,0.05555555555555555
1766,71439,16,0.9279999999999999,0.9279999999999999,1,0.0625
1767,71457,18,0.919,0.919,1,0.16666666666666666
1768,71583,126,0.43299999999999994,0.43299999999999994,1,0.007936507936507936
1769,71601,18,0.919,0.919,1,0.05555555555555555
1770,71617,16,0.9279999999999999,0.9279999999999999,1,0.0625
1771,71633,16,0.9279999999999999,0.9279999999999999,1,0.0625
1772,71649,16,0.9279999999999999,0.9279999999999999,1,0.0625
1773,71665,16,0.9279999999999999,0.9279999999999999,1,0.0625
1774,71681,16,0.9279999999999999,0.9279999999999999,1,0.0625
1775,71697,16,0.9279999999999999,0.9279999999999999,1,0.0625
1776,71713,16,0.9279999999999999,0.9279999999999999,1,0.0625
1777,71731,18,0.919,0.919,1,0.05555555555555555
1778,71747,16,0.9279999999999999,0.9279999999999999,1,0.0625
1779,71765,18,0.919,0.919,1,0.16666666666666666
1780,71781,16,0.9279999999999999,0.9279999999999999,1,0.0625
1781,71803,22,0.901,0.901,1,0.045454545454545456
1782,71901,98,0.5589999999999999,0.5589999999999999,1,0.01020408163265306
1783,71919,18,0.919,0.919,1,0.05555555555555555
1784,71935,16,0.9279999999999999,0.9279999999999999,1,0.0625
1785,71988,53,0.7615,0.7615,1,0.018867924528301886
1786,72004,16,0.9279999999999999,0.9279999999999999,1,0.0625
1787,72105,101,0.5455,0.5455,1,0.009900990099009901
1788,72225,120,0.45999999999999996,0.45999999999999996,1,0.008333333333333333
1789,72425,200,0.0,0.0,0,0.005
1790,72557,132,0.4059999999999999,0.4059999999999999,1,0.007575757575757576
1791,72583,26,0.883,0.883,1,0.11538461538461539
1792,72783,200,0.0,0.0,0,0.005
1793,72983,200,0.0,0.0,0,0.005
1794,73011,28,0.874,0.874,1,0.03571428571428571
1795,73029,18,0.919,0.919,1,0.05555555555555555
1796,73043,14,0.9369999999999999,0.9369999999999999,1,0.07142857142857142
1797,73114,71,0.6805,0.6805,1,0.014084507042253521
1798,73130,16,0.9279999999999999,0.9279999999999999,1,0.0625
1799,73159,29,0.8694999999999999,0.8694999999999999,1,0.10344827586206896
1800,73190,31,0.8605,0.8605,1,0.03225806451612903
1801,73208,18,0.919,0.919,1,0.05555555555555555
1802,73224,16,0.9279999999999999,0.9279999999999999,1,0.0625
1803,73248,24,0.892,0.892,1,0.041666666666666664
1804,73264,16,0.9279999999999999,0.9279999999999999,1,0.0625
1805,73280,16,0.9279999999999999,0.9279999999999999,1,0.0625
1806,73356,76,0.6579999999999999,0.6579999999999999,1,0.013157894736842105
1807,73386,30,0.865,0.865,1,0.03333333333333333
1808,73416,30,0.865,0.865,1,0.03333333333333333
1809,73466,50,0.775,0.775,1,0.02
1810,73482,16,0.9279999999999999,0.9279999999999999,1,0.0625
1811,73512,30,0.865,0.865,1,0.03333333333333333
1812,73528,16,0.9279999999999999,0.9279999999999999,1,0.0625
1813,73544,16,0.9279999999999999,0.9279999999999999,1,0.0625
1814,73562,18,0.919,0.919,1,0.05555555555555555
1815,73585,23,0.8965,0.8965,1,0.043478260869565216
1816,73603,18,0.919,0.919,1,0.16666666666666666
1817,73621,18,0.919,0.919,1,0.16666666666666666
1818,73637,16,0.9279999999999999,0.9279999999999999,1,0.0625
1819,73655,18,0.919,0.919,1,0.05555555555555555
1820,73855,200,0.0,0.0,0,0.01
1821,73873,18,0.919,0.919,1,0.16666666666666666
1822,73889,16,0.9279999999999999,0.9279999999999999,1,0.0625
1823,73905,16,0.9279999999999999,0.9279999999999999,1,0.0625
1824,73929,24,0.892,0.892,1,0.041666666666666664
1825,73945,16,0.9279999999999999,0.9279999999999999,1,0.0625
1826,74055,110,0.5049999999999999,0.5049999999999999,1,0.00909090909090909
1827,74081,26,0.883,0.883,1,0.038461538461538464
1828,74173,92,0.586,0.586,1,0.03260869565217391
1829,74373,200,0.0,0.0,0,0.005
1830,74401,28,0.874,0.874,1,0.03571428571428571
1831,74465,64,0.712,0.712,1,0.015625
1832,74665,200,0.0,0.0,0,0.005
1833,74689,24,0.892,0.892,1,0.041666666666666664
1834,74735,46,0.7929999999999999,0.7929999999999999,1,0.06521739130434782
1835,74935,200,0.0,0.0,0,0.005
1836,74987,52,0.766,0.766,1,0.019230769230769232
1837,75009,22,0.901,0.901,1,0.045454545454545456
1838,75029,20,0.91,0.91,1,0.2
1839,75047,18,0.919,0.919,1,0.05555555555555555
1840,75063,16,0.9279999999999999,0.9279999999999999,1,0.0625
1841,75081,18,0.919,0.919,1,0.05555555555555555
1842,75149,68,0.694,0.694,1,0.014705882352941176
1843,75189,40,0.82,0.82,1,0.025
1844,75203,14,0.9369999999999999,0.9369999999999999,1,0.07142857142857142
1845,75323,120,0.45999999999999996,0.45999999999999996,1,0.008333333333333333
1846,75351,28,0.874,0.874,1,0.03571428571428571
1847,75416,65,0.7075,0.7075,1,0.015384615384615385
1848,75432,16,0.9279999999999999,0.9279999999999999,1,0.0625
1849,75488,56,0.748,0.748,1,0.017857142857142856
1850,75521,33,0.8514999999999999,0.8514999999999999,1,0.030303030303030304
1851,75535,14,0.9369999999999999,0.9369999999999999,1,0.07142857142857142
1852,75549,14,0.9369999999999999,0.9369999999999999,1,0.07142857142857142
1853,75563,14,0.9369999999999999,0.9369999999999999,1,0.07142857142857142
1854,75579,16,0.9279999999999999,0.9279999999999999,1,0.0625
1855,75600,21,0.9055,0.9055,1,0.047619047619047616
1856,75800,200,0.0,0.0,0,0.005
1857,75886,86,0.613,0.613,1,0.011627906976744186
1858,75947,61,0.7255,0.7255,1,0.01639344262295082
1859,75961,14,0.9369999999999999,0.9369999999999999,1,0.07142857142857142
1860,76013,52,0.766,0.766,1,0.019230769230769232
1861,76027,14,0.9369999999999999,0.9369999999999999,1,0.07142857142857142
1862,76043,16,0.9279999999999999,0.9279999999999999,1,0.0625
1863,76073,30,0.865,0.865,1,0.03333333333333333
1864,76101,28,0.874,0.874,1,0.03571428571428571
1865,76123,22,0.901,0.901,1,0.045454545454545456
1866,76137,14,0.9369999999999999,0.9369999999999999,1,0.07142857142857142
1867,76151,14,0.9369999999999999,0.9369999999999999,1,0.07142857142857142
1868,76165,14,0.9369999999999999,0.9369999999999999,1,0.07142857142857142
1869,76249,84,0.622,0.622,1,0.011904761904761904
1870,76356,107,0.5185,0.5185,1,0.009345794392523364
1871,76385,29,0.8694999999999999,0.8694999999999999,1,0.034482758620689655
1872,76401,16,0.9279999999999999,0.9279999999999999,1,0.0625
1873,76421,20,0.91,0.91,1,0.05
1874,76505,84,0.622,0.622,1,0.011904761904761904
1875,76526,21,0.9055,0.9055,1,0.047619047619047616
1876,76576,50,0.775,0.775,1,0.02
1877,76596,20,0.91,0.91,1,0.05
1878,76614,18,0.919,0.919,1,0.05555555555555555
1879,76629,15,0.9325,0.9325,1,0.06666666666666667
1880,76644,15,0.9325,0.9325,1,0.06666666666666667
1881,76667,23,0.8965,0.8965,1,0.043478260869565216
1882,76689,22,0.901,0.901,1,0.045454545454545456
1883,76787,98,0.5589999999999999,0.5589999999999999,1,0.01020408163265306
1884,76817,30,0.865,0.865,1,0.03333333333333333
1885,76835,18,0.919,0.919,1,0.05555555555555555
1886,76875,40,0.82,0.82,1,0.025
1887,76898,23,0.8965,0.8965,1,0.13043478260869565
1888,76930,32,0.856,0.856,1,0.03125
1889,76971,41,0.8155,0.8155,1,0.024390243902439025
1890,76995,24,0.892,0.892,1,0.041666666666666664
1891,77063,68,0.694,0.694,1,0.014705882352941176
1892,77099,36,0.838,0.838,1,0.027777777777777776
1893,77129,30,0.865,0.865,1,0.03333333333333333
1894,77179,50,0.775,0.775,1,0.02
1895,77197,18,0.919,0.919,1,0.16666666666666666
1896,77215,18,0.919,0.919,1,0.05555555555555555
1897,77231,16,0.9279999999999999,0.9279999999999999,1,0.0625
1898,77247,16,0.9279999999999999,0.9279999999999999,1,0.0625
1899,77263,16,0.9279999999999999,0.9279999999999999,1,0.0625
1900,77279,16,0.9279999999999999,0.9279999999999999,1,0.0625
1901,77317,38,0.829,0.829,1,0.02631578947368421
1902,77333,16,0.9279999999999999,0.9279999999999999,1,0.0625
1903,77349,16,0.9279999999999999,0.9279999999999999,1,0.0625
1904,77367,18,0.919,0.919,1,0.05555555555555555
1905,77417,50,0.775,0.775,1,0.02
1906,77493,76,0.6579999999999999,0.6579999999999999,1,0.013157894736842105
1907,77522,29,0.8694999999999999,0.8694999999999999,1,0.034482758620689655
1908,77538,16,0.9279999999999999,0.9279999999999999,1,0.0625
1909,77558,20,0.91,0.91,1,0.25
1910,77574,16,0.9279999999999999,0.9279999999999999,1,0.0625
1911,77590,16,0.9279999999999999,0.9279999999999999,1,0.0625
1912,77610,20,0.91,0.91,1,0.05
1913,77642,32,0.856,0.856,1,0.03125
1914,77658,16,0.9279999999999999,0.9279999999999999,1,0.0625
1915,77679,21,0.9055,0.9055,1,0.047619047619047616
1916,77695,16,0.9279999999999999,0.9279999999999999,1,0.0625
1917,77711,16,0.9279999999999999,0.9279999999999999,1,0.0625
1918,77731,20,0.91,0.91,1,0.15
1919,77759,28,0.874,0.874,1,0.03571428571428571
1920,77785,26,0.883,0.883,1,0.038461538461538464
1921,77801,16,0.9279999999999999,0.9279999999999999,1,0.0625
1922,77815,14,0.9369999999999999,0.9369999999999999,1,0.07142857142857142
1923,77833,18,0.919,0.919,1,0.05555555555555555
1924,77849,16,0.9279999999999999,0.9279999999999999,1,0.0625
1925,77867,18,0.919,0.919,1,0.05555555555555555
1926,77883,16,0.9279999999999999,0.9279999999999999,1,0.0625
1927,77899,16,0.9279999999999999,0.9279999999999999,1,0.0625
1928,77945,46,0.7929999999999999,0.7929999999999999,1,0.021739130434782608
1929,77961,16,0.9279999999999999,0.9279999999999999,1,0.0625
1930,77987,26,0.883,0.883,1,0.038461538461538464
1931,78033,46,0.7929999999999999,0.7929999999999999,1,0.021739130434782608
1932,78233,200,0.0,0.0,0,0.005
1933,78433,200,0.0,0.0,0,0.005
1934,78531,98,0.5589999999999999,0.5589999999999999,1,0.01020408163265306
1935,78731,200,0.0,0.0,0,0.005
1936,78931,200,0.0,0.0,0,0.005
1937,78959,28,0.874,0.874,1,0.03571428571428571
1938,79025,66,0.703,0.703,1,0.015151515151515152
1939,79041,16,0.9279999999999999,0.9279999999999999,1,0.1875
1940,79061,20,0.91,0.91,1,0.25
1941,79081,20,0.91,0.91,1,0.05
1942,79113,32,0.856,0.856,1,0.53125
1943,79129,16,0.9279999999999999,0.9279999999999999,1,0.0625
1944,79329,200,0.0,0.0,0,0.01
1945,79347,18,0.919,0.919,1,0.05555555555555555
1946,79363,16,0.9279999999999999,0.9279999999999999,1,0.0625
1947,79383,20,0.91,0.91,1,0.15
1948,79401,18,0.919,0.919,1,0.16666666666666666
1949,79423,22,0.901,0.901,1,0.3181818181818182
1950,79441,18,0.919,0.919,1,0.16666666666666666
1951,79461,20,0.91,0.91,1,0.05
1952,79479,18,0.919,0.919,1,0.05555555555555555
1953,79495,16,0.9279999999999999,0.9279999999999999,1,0.0625
1954,79515,20,0.91,0.91,1,0.05
1955,79533,18,0.919,0.919,1,0.05555555555555555
1956,79551,18,0.919,0.919,1,0.05555555555555555
1957,79571,20,0.91,0.91,1,0.05
1958,79587,16,0.9279999999999999,0.9279999999999999,1,0.0625
1959,79603,16,0.9279999999999999,0.9279999999999999,1,0.0625
1960,79624,21,0.9055,0.9055,1,0.047619047619047616
1961,79642,18,0.919,0.919,1,0.05555555555555555
1962,79658,16,0.9279999999999999,0.9279999999999999,1,0.0625
1963,79674,16,0.9279999999999999,0.9279999999999999,1,0.0625
1964,79690,16,0.9279999999999999,0.9279999999999999,1,0.0625
1965,79706,16,0.9279999999999999,0.9279999999999999,1,0.0625
1966,79722,16,0.9279999999999999,0.9279999999999999,1,0.0625
1967,79738,16,0.9279999999999999,0.9279999999999999,1,0.0625
1968,79756,18,0.919,0.919,1,0.05555555555555555
1969,79772,16,0.9279999999999999,0.9279999999999999,1,0.0625
1970,79790,18,0.919,0.919,1,0.05555555555555555
1971,79808,18,0.919,0.919,1,0.05555555555555555
1972,79824,16,0.9279999999999999,0.9279999999999999,1,0.0625
1973,79842,18,0.919,0.919,1,0.05555555555555555
1974,79860,18,0.919,0.919,1,0.05555555555555555
1975,79880,20,0.91,0.91,1,0.05
1976,79898,18,0.919,0.919,1,0.16666666666666666
1977,79914,16,0.9279999999999999,0.9279999999999999,1,0.0625
1978,79930,16,0.9279999999999999,0.9279999999999999,1,0.0625
1979,79948,18,0.919,0.919,1,0.05555555555555555
1980,79964,16,0.9279999999999999,0.9279999999999999,1,0.0625
1981,79980,16,0.9279999999999999,0.9279999999999999,1,0.0625
1982,79996,16,0.9279999999999999,0.9279999999999999,1,0.0625
1983,80012,16,0.9279999999999999,0.9279999999999999,1,0.0625
1984,80038,26,0.883,0.883,1,0.34615384615384615
1985,80056,18,0.919,0.919,1,0.05555555555555555
1986,80070,14,0.9369999999999999,0.9369999999999999,1,0.07142857142857142
1987,80084,14,0.9369999999999999,0.9369999999999999,1,0.07142857142857142
1988,80098,14,0.9369999999999999,0.9369999999999999,1,0.07142857142857142
1989,80112,14,0.9369999999999999,0.9369999999999999,1,0.07142857142857142
1990,80128,16,0.9279999999999999,0.9279999999999999,1,0.0625
1991,80144,16,0.9279999999999999,0.9279999999999999,1,0.0625
1992,80158,14,0.9369999999999999,0.9369999999999999,1,0.07142857142857142
1993,80172,14,0.9369999999999999,0.9369999999999999,1,0.07142857142857142
1994,80186,14,0.9369999999999999,0.9369999999999999,1,0.07142857142857142
1995,80200,14,0.9369999999999999,0.9369999999999999,1,0.07142857142857142
1996,80214,14,0.9369999999999999,0.9369999999999999,1,0.07142857142857142
1997,80229,15,0.9325,0.9325,1,0.06666666666666667
1998,80243,14,0.9369999999999999,0.9369999999999999,1,0.07142857142857142
1999,80257,14,0.9369999999999999,0.9369999999999999,1,0.07142857142857142
2000,80271,14,0.9369999999999999,0.9369999999999999,1,0.07142857142857142
2001,80287,16,0.9279999999999999,0.9279999999999999,1,0.0625
2002,80301,14,0.9369999999999999,0.9369999999999999,1,0.07142857142857142
2003,80315,14,0.9369999999999999,0.9369999999999999,1,0.07142857142857142
2004,80329,14,0.9369999999999999,0.9369999999999999,1,0.07142857142857142
2005,80343,14,0.9369999999999999,0.9369999999999999,1,0.07142857142857142
2006,80357,14,0.9369999999999999,0.9369999999999999,1,0.07142857142857142
2007,80371,14,0.9369999999999999,0.9369999999999999,1,0.07142857142857142
2008,80387,16,0.9279999999999999,0.9279999999999999,1,0.1875
2009,80403,16,0.9279999999999999,0.9279999999999999,1,0.0625
2010,80419,16,0.9279999999999999,0.9279999999999999,1,0.0625
2011,80434,15,0.9325,0.9325,1,0.06666666666666667
2012,80448,14,0.9369999999999999,0.9369999999999999,1,0.07142857142857142
2013,80462,14,0.9369999999999999,0.9369999999999999,1,0.07142857142857142
2014,80476,14,0.9369999999999999,0.9369999999999999,1,0.07142857142857142
2015,80492,16,0.9279999999999999,0.9279999999999999,1,0.0625
2016,80506,14,0.9369999999999999,0.9369999999999999,1,0.07142857142857142
2017,80522,16,0.9279999999999999,0.9279999999999999,1,0.1875
2018,80536,14,0.9369999999999999,0.9369999999999999,1,0.07142857142857142
2019,80550,14,0.9369999999999999,0.9369999999999999,1,0.07142857142857142
2020,80564,14,0.9369999999999999,0.9369999999999999,1,0.07142857142857142
2021,80580,16,0.9279999999999999,0.9279999999999999,1,0.0625
2022,80594,14,0.9369999999999999,0.9369999999999999,1,0.07142857142857142
2023,80608,14,0.9369999999999999,0.9369999999999999,1,0.07142857142857142
2024,80624,16,0.9279999999999999,0.9279999999999999,1,0.0625
2025,80638,14,0.9369999999999999,0.9369999999999999,1,0.07142857142857142
2026,80652,14,0.9369999999999999,0.9369999999999999,1,0.07142857142857142
2027,80666,14,0.9369999999999999,0.9369999999999999,1,0.07142857142857142
2028,80684,18,0.919,0.919,1,0.05555555555555555
2029,80698,14,0.9369999999999999,0.9369999999999999,1,0.07142857142857142
2030,80712,14,0.9369999999999999,0.9369999999999999,1,0.07142857142857142
2031,80728,16,0.9279999999999999,0.9279999999999999,1,0.0625
2032,80744,16,0.9279999999999999,0.9279999999999999,1,0.0625
2033,80758,14,0.9369999999999999,0.9369999999999999,1,0.07142857142857142
2034,80774,16,0.9279999999999999,0.9279999999999999,1,0.0625
2035,80788,14,0.9369999999999999,0.9369999999999999,1,0.07142857142857142
2036,80802,14,0.9369999999999999,0.9369999999999999,1,0.07142857142857142
2037,80816,14,0.9369999999999999,0.9369999999999999,1,0.07142857142857142
2038,80830,14,0.9369999999999999,0.9369999999999999,1,0.07142857142857142
2039,80848,18,0.919,0.919,1,0.16666666666666666
2040,80862,14,0.9369999999999999,0.9369999999999999,1,0.07142857142857142
2041,80878,16,0.9279999999999999,0.9279999999999999,1,0.0625
2042,80894,16,0.9279999999999999,0.9279999999999999,1,0.0625
2043,80908,14,0.9369999999999999,0.9369999999999999,1,0.07142857142857142
2044,80922,14,0.9369999999999999,0.9369999999999999,1,0.07142857142857142
2045,80936,14,0.9369999999999999,0.9369999999999999,1,0.07142857142857142
2046,80950,14,0.9369999999999999,0.9369999999999999,1,0.07142857142857142
2047,80966,16,0.9279999999999999,0.9279999999999999,1,0.0625
2048,80980,14,0.9369999999999999,0.9369999999999999,1,0.07142857142857142
2049,80996,16,0.9279999999999999,0.9279999999999999,1,0.0625
2050,81010,14,0.9369999999999999,0.9369999999999999,1,0.07142857142857142
2051,81026,16,0.9279999999999999,0.9279999999999999,1,0.0625
2052,81040,14,0.9369999999999999,0.9369999999999999,1,0.07142857142857142
2053,81054,14,0.9369999999999999,0.9369999999999999,1,0.07142857142857142
2054,81068,14,0.9369999999999999,0.9369999999999999,1,0.07142857142857142
2055,81082,14,0.9369999999999999,0.9369999999999999,1,0.07142857142857142
2056,81098,16,0.9279999999999999,0.9279999999999999,1,0.1875
2057,81114,16,0.9279999999999999,0.9279999999999999,1,0.0625
2058,81130,16,0.9279999999999999,0.9279999999999999,1,0.0625
2059,81148,18,0.919,0.919,1,0.2777777777777778
2060,81164,16,0.9279999999999999,0.9279999999999999,1,0.0625
2061,81180,16,0.9279999999999999,0.9279999999999999,1,0.0625
2062,81194,14,0.9369999999999999,0.9369999999999999,1,0.07142857142857142
2063,81214,20,0.91,0.91,1,0.05
2064,81228,14,0.9369999999999999,0.9369999999999999,1,0.07142857142857142
2065,81242,14,0.9369999999999999,0.9369999999999999,1,0.07142857142857142
2066,81256,14,0.9369999999999999,0.9369999999999999,1,0.07142857142857142
2067,81272,16,0.9279999999999999,0.9279999999999999,1,0.1875
2068,81286,14,0.9369999999999999,0.9369999999999999,1,0.07142857142857142
2069,81302,16,0.9279999999999999,0.9279999999999999,1,0.0625
2070,81316,14,0.9369999999999999,0.9369999999999999,1,0.07142857142857142
2071,81332,16,0.9279999999999999,0.9279999999999999,1,0.0625
2072,81346,14,0.9369999999999999,0.9369999999999999,1,0.07142857142857142
2073,81360,14,0.9369999999999999,0.9369999999999999,1,0.07142857142857142
2074,81374,14,0.9369999999999999,0.9369999999999999,1,0.07142857142857142
2075,81388,14,0.9369999999999999,0.9369999999999999,1,0.07142857142857142
2076,81404,16,0.9279999999999999,0.9279999999999999,1,0.0625
2077,81418,14,0.9369999999999999,0.9369999999999999,1,0.07142857142857142
2078,81436,18,0.919,0.919,1,0.05555555555555555
2079,81450,14,0.9369999999999999,0.9369999999999999,1,0.07142857142857142
2080,81464,14,0.9369999999999999,0.9369999999999999,1,0.07142857142857142
2081,81480,16,0.9279999999999999,0.9279999999999999,1,0.0625
2082,81496,16,0.9279999999999999,0.9279999999999999,1,0.0625
2083,81510,14,0.9369999999999999,0.9369999999999999,1,0.07142857142857142
2084,81524,14,0.9369999999999999,0.9369999999999999,1,0.07142857142857142
2085,81538,14,0.9369999999999999,0.9369999999999999,1,0.07142857142857142
2086,81554,16,0.9279999999999999,0.9279999999999999,1,0.0625
2087,81570,16,0.9279999999999999,0.9279999999999999,1,0.0625
2088,81584,14,0.9369999999999999,0.9369999999999999,1,0.07142857142857142
2089,81600,16,0.9279999999999999,0.9279999999999999,1,0.0625
2090,81614,14,0.9369999999999999,0.9369999999999999,1,0.07142857142857142
2091,81628,14,0.9369999999999999,0.9369999999999999,1,0.07142857142857142
2092,81643,15,0.9325,0.9325,1,0.06666666666666667
2093,81663,20,0.91,0.91,1,0.05
2094,81677,14,0.9369999999999999,0.9369999999999999,1,0.07142857142857142
2095,81691,14,0.9369999999999999,0.9369999999999999,1,0.07142857142857142
2096,81708,17,0.9235,0.9235,1,0.17647058823529413
2097,81722,14,0.9369999999999999,0.9369999999999999,1,0.07142857142857142
2098,81736,14,0.9369999999999999,0.9369999999999999,1,0.07142857142857142
2099,81750,14,0.9369999999999999,0.9369999999999999,1,0.07142857142857142
2100,81764,14,0.9369999999999999,0.9369999999999999,1,0.07142857142857142
2101,81778,14,0.9369999999999999,0.9369999999999999,1,0.07142857142857142
2102,81793,15,0.9325,0.9325,1,0.06666666666666667
2103,81811,18,0.919,0.919,1,0.05555555555555555
2104,81831,20,0.91,0.91,1,0.1
2105,81854,23,0.8965,0.8965,1,0.13043478260869565
2106,81868,14,0.9369999999999999,0.9369999999999999,1,0.07142857142857142
2107,81882,14,0.9369999999999999,0.9369999999999999,1,0.07142857142857142
2108,81896,14,0.9369999999999999,0.9369999999999999,1,0.07142857142857142
2109,81910,14,0.9369999999999999,0.9369999999999999,1,0.07142857142857142
2110,81924,14,0.9369999999999999,0.9369999999999999,1,0.07142857142857142
2111,81938,14,0.9369999999999999,0.9369999999999999,1,0.07142857142857142
2112,81952,14,0.9369999999999999,0.9369999999999999,1,0.07142857142857142
2113,81966,14,0.9369999999999999,0.9369999999999999,1,0.07142857142857142
2114,81982,16,0.9279999999999999,0.9279999999999999,1,0.0625
2115,81996,14,0.9369999999999999,0.9369999999999999,1,0.07142857142857142
2116,82012,16,0.9279999999999999,0.9279999999999999,1,0.0625
2117,82028,16,0.9279999999999999,0.9279999999999999,1,0.0625
2118,82042,14,0.9369999999999999,0.9369999999999999,1,0.07142857142857142
2119,82056,14,0.9369999999999999,0.9369999999999999,1,0.07142857142857142
2120,82070,14,0.9369999999999999,0.9369999999999999,1,0.07142857142857142
2121,82084,14,0.9369999999999999,0.9369999999999999,1,0.07142857142857142
2122,82098,14,0.9369999999999999,0.9369999999999999,1,0.07142857142857142
2123,82112,14,0.9369999999999999,0.9369999999999999,1,0.07142857142857142
2124,82129,17,0.9235,0.9235,1,0.058823529411764705
2125,82143,14,0.9369999999999999,0.9369999999999999,1,0.07142857142857142
2126,82161,18,0.919,0.919,1,0.05555555555555555
2127,82177,16,0.9279999999999999,0.9279999999999999,1,0.0625
2128,82191,14,0.9369999999999999,0.9369999999999999,1,0.07142857142857142
2129,82207,16,0.9279999999999999,0.9279999999999999,1,0.0625
2130,82221,14,0.9369999999999999,0.9369999999999999,1,0.07142857142857142
2131,82235,14,0.9369999999999999,0.9369999999999999,1,0.07142857142857142
2132,82249,14,0.9369999999999999,0.9369999999999999,1,0.07142857142857142
2133,82263,14,0.9369999999999999,0.9369999999999999,1,0.07142857142857142
2134,82277,14,0.9369999999999999,0.9369999999999999,1,0.07142857142857142
2135,82291,14,0.9369999999999999,0.9369999999999999,1,0.07142857142857142
2136,82305,14,0.9369999999999999,0.9369999999999999,1,0.07142857142857142
2137,82319,14,0.9369999999999999,0.9369999999999999,1,0.07142857142857142
2138,82337,18,0.919,0.919,1,0.16666666666666666
2139,82351,14,0.9369999999999999,0.9369999999999999,1,0.07142857142857142
2140,82368,17,0.9235,0.9235,1,0.058823529411764705
2141,82384,16,0.9279999999999999,0.9279999999999999,1,0.0625
2142,82398,14,0.9369999999999999,0.9369999999999999,1,0.07142857142857142
2143,82412,14,0.9369999999999999,0.9369999999999999,1,0.07142857142857142
2144,82426,14,0.9369999999999999,0.9369999999999999,1,0.07142857142857142
2145,82440,14,0.9369999999999999,0.9369999999999999,1,0.07142857142857142
2146,82460,20,0.91,0.91,1,0.05
2147,82474,14,0.9369999999999999,0.9369999999999999,1,0.07142857142857142
2148,82488,14,0.9369999999999999,0.9369999999999999,1,0.07142857142857142
2149,82504,16,0.9279999999999999,0.9279999999999999,1,0.0625
2150,82518,14,0.9369999999999999,0.9369999999999999,1,0.07142857142857142
2151,82532,14,0.9369999999999999,0.9369999999999999,1,0.07142857142857142
2152,82546,14,0.9369999999999999,0.9369999999999999,1,0.07142857142857142
2153,82564,18,0.919,0.919,1,0.05555555555555555
2154,82584,20,0.91,0.91,1,0.15
2155,82598,14,0.9369999999999999,0.9369999999999999,1,0.07142857142857142
2156,82612,14,0.9369999999999999,0.9369999999999999,1,0.07142857142857142
2157,82626,14,0.9369999999999999,0.9369999999999999,1,0.07142857142857142
2158,82640,14,0.9369999999999999,0.9369999999999999,1,0.07142857142857142
2159,82654,14,0.9369999999999999,0.9369999999999999,1,0.07142857142857142
2160,82668,14,0.9369999999999999,0.9369999999999999,1,0.07142857142857142
2161,82682,14,0.9369999999999999,0.9369999999999999,1,0.07142857142857142
2162,82696,14,0.9369999999999999,0.9369999999999999,1,0.07142857142857142
2163,82710,14,0.9369999999999999,0.9369999999999999,1,0.07142857142857142
2164,82724,14,0.9369999999999999,0.9369999999999999,1,0.07142857142857142
2165,82740,16,0.9279999999999999,0.9279999999999999,1,0.0625
2166,82758,18,0.919,0.919,1,0.05555555555555555
2167,82772,14,0.9369999999999999,0.9369999999999999,1,0.07142857142857142
2168,82786,14,0.9369999999999999,0.9369999999999999,1,0.07142857142857142
2169,82800,14,0.9369999999999999,0.9369999999999999,1,0.07142857142857142
2170,82814,14,0.9369999999999999,0.9369999999999999,1,0.07142857142857142
2171,82831,17,0.9235,0.9235,1,0.058823529411764705
2172,82845,14,0.9369999999999999,0.9369999999999999,1,0.07142857142857142
2173,82859,14,0.9369999999999999,0.9369999999999999,1,0.07142857142857142
2174,82874,15,0.9325,0.9325,1,0.06666666666666667
2175,82890,16,0.9279999999999999,0.9279999999999999,1,0.0625
2176,82904,14,0.9369999999999999,0.9369999999999999,1,0.07142857142857142
2177,82924,20,0.91,0.91,1,0.05
2178,82938,14,0.9369999999999999,0.9369999999999999,1,0.07142857142857142
2179,82952,14,0.9369999999999999,0.9369999999999999,1,0.07142857142857142
2180,82968,16,0.9279999999999999,0.9279999999999999,1,0.0625
2181,82988,20,0.91,0.91,1,0.15
2182,83002,14,0.9369999999999999,0.9369999999999999,1,0.07142857142857142
2183,83016,14,0.9369999999999999,0.9369999999999999,1,0.07142857142857142
2184,83030,14,0.9369999999999999,0.9369999999999999,1,0.07142857142857142
2185,83044,14,0.9369999999999999,0.9369999999999999,1,0.07142857142857142
2186,83058,14,0.9369999999999999,0.9369999999999999,1,0.07142857142857142
2187,83072,14,0.9369999999999999,0.9369999999999999,1,0.07142857142857142
2188,83088,16,0.9279999999999999,0.9279999999999999,1,0.1875
2189,83102,14,0.9369999999999999,0.9369999999999999,1,0.07142857142857142
2190,83120,18,0.919,0.919,1,0.05555555555555555
2191,83139,19,0.9145,0.9145,1,0.05263157894736842
2192,83162,23,0.8965,0.8965,1,0.043478260869565216
2193,83176,14,0.9369999999999999,0.9369999999999999,1,0.07142857142857142
2194,83190,14,0.9369999999999999,0.9369999999999999,1,0.07142857142857142
2195,83206,16,0.9279999999999999,0.9279999999999999,1,0.0625
2196,83220,14,0.9369999999999999,0.9369999999999999,1,0.07142857142857142
2197,83234,14,0.9369999999999999,0.9369999999999999,1,0.07142857142857142
2198,83248,14,0.9369999999999999,0.9369999999999999,1,0.07142857142857142
2199,83264,16,0.9279999999999999,0.9279999999999999,1,0.0625
2200,83278,14,0.9369999999999999,0.9369999999999999,1,0.07142857142857142
2201,83294,16,0.9279999999999999,0.9279999999999999,1,0.0625
2202,83310,16,0.9279999999999999,0.9279999999999999,1,0.0625
2203,83327,17,0.9235,0.9235,1,0.058823529411764705
2204,83342,15,0.9325,0.9325,1,0.06666666666666667
2205,83360,18,0.919,0.919,1,0.05555555555555555
2206,83374,14,0.9369999999999999,0.9369999999999999,1,0.07142857142857142
2207,83388,14,0.9369999999999999,0.9369999999999999,1,0.07142857142857142
2208,83407,19,0.9145,0.9145,1,0.05263157894736842
2209,83421,14,0.9369999999999999,0.9369999999999999,1,0.07142857142857142
2210,83437,16,0.9279999999999999,0.9279999999999999,1,0.0625
2211,83453,16,0.9279999999999999,0.9279999999999999,1,0.0625
2212,83469,16,0.9279999999999999,0.9279999999999999,1,0.0625
2213,83483,14,0.9369999999999999,0.9369999999999999,1,0.07142857142857142
2214,83497,14,0.9369999999999999,0.9369999999999999,1,0.07142857142857142
2215,83512,15,0.9325,0.9325,1,0.06666666666666667
2216,83526,14,0.9369999999999999,0.9369999999999999,1,0.07142857142857142
2217,83540,14,0.9369999999999999,0.9369999999999999,1,0.07142857142857142
2218,83560,20,0.91,0.91,1,0.05
2219,83574,14,0.9369999999999999,0.9369999999999999,1,0.07142857142857142
2220,83591,17,0.9235,0.9235,1,0.058823529411764705
2221,83607,16,0.9279999999999999,0.9279999999999999,1,0.0625
2222,83621,14,0.9369999999999999,0.9369999999999999,1,0.07142857142857142
2223,83636,15,0.9325,0.9325,1,0.06666666666666667
2224,83652,16,0.9279999999999999,0.9279999999999999,1,0.0625
2225,83669,17,0.9235,0.9235,1,0.058823529411764705
2226,83689,20,0.91,0.91,1,0.05
2227,83703,14,0.9369999999999999,0.9369999999999999,1,0.07142857142857142
2228,83720,17,0.9235,0.9235,1,0.058823529411764705
2229,83737,17,0.9235,0.9235,1,0.058823529411764705
2230,83763,26,0.883,0.883,1,0.038461538461538464
2231,83782,19,0.9145,0.9145,1,0.05263157894736842
2232,83801,19,0.9145,0.9145,1,0.05263157894736842
2233,83821,20,0.91,0.91,1,0.05
2234,83835,14,0.9369999999999999,0.9369999999999999,1,0.07142857142857142
2235,83849,14,0.9369999999999999,0.9369999999999999,1,0.07142857142857142
2236,83863,14,0.9369999999999999,0.9369999999999999,1,0.07142857142857142
2237,83891,28,0.874,0.874,1,0.03571428571428571
2238,83907,16,0.9279999999999999,0.9279999999999999,1,0.0625
2239,83925,18,0.919,0.919,1,0.05555555555555555
2240,83939,14,0.9369999999999999,0.9369999999999999,1,0.07142857142857142
2241,83955,16,0.9279999999999999,0.9279999999999999,1,0.0625
2242,83969,14,0.9369999999999999,0.9369999999999999,1,0.07142857142857142
2243,83985,16,0.9279999999999999,0.9279999999999999,1,0.0625
2244,84000,15,0.9325,0.9325,1,0.06666666666666667
2245,84018,18,0.919,0.919,1,0.05555555555555555
2246,84032,14,0.9369999999999999,0.9369999999999999,1,0.07142857142857142
2247,84046,14,0.9369999999999999,0.9369999999999999,1,0.07142857142857142
2248,84060,14,0.9369999999999999,0.9369999999999999,1,0.07142857142857142
2249,84074,14,0.9369999999999999,0.9369999999999999,1,0.07142857142857142
2250,84092,18,0.919,0.919,1,0.05555555555555555
2251,84106,14,0.9369999999999999,0.9369999999999999,1,0.07142857142857142
2252,84120,14,0.9369999999999999,0.9369999999999999,1,0.07142857142857142
2253,84134,14,0.9369999999999999,0.9369999999999999,1,0.07142857142857142
2254,84150,16,0.9279999999999999,0.9279999999999999,1,0.0625
2255,84166,16,0.9279999999999999,0.9279999999999999,1,0.0625
2256,84182,16,0.9279999999999999,0.9279999999999999,1,0.0625
2257,84196,14,0.9369999999999999,0.9369999999999999,1,0.07142857142857142
2258,84212,16,0.9279999999999999,0.9279999999999999,1,0.0625
2259,84226,14,0.9369999999999999,0.9369999999999999,1,0.07142857142857142
2260,84242,16,0.9279999999999999,0.9279999999999999,1,0.0625
2261,84260,18,0.919,0.919,1,0.05555555555555555
2262,84274,14,0.9369999999999999,0.9369999999999999,1,0.07142857142857142
2263,84288,14,0.9369999999999999,0.9369999999999999,1,0.07142857142857142
2264,84302,14,0.9369999999999999,0.9369999999999999,1,0.07142857142857142
2265,84316,14,0.9369999999999999,0.9369999999999999,1,0.07142857142857142
2266,84330,14,0.9369999999999999,0.9369999999999999,1,0.07142857142857142
2267,84346,16,0.9279999999999999,0.9279999999999999,1,0.0625
2268,84360,14,0.9369999999999999,0.9369999999999999,1,0.07142857142857142
2269,84374,14,0.9369999999999999,0.9369999999999999,1,0.07142857142857142
2270,84392,18,0.919,0.919,1,0.16666666666666666
2271,84412,20,0.91,0.91,1,0.05
2272,84426,14,0.9369999999999999,0.9369999999999999,1,0.07142857142857142
2273,84440,14,0.9369999999999999,0.9369999999999999,1,0.07142857142857142
2274,84454,14,0.9369999999999999,0.9369999999999999,1,0.07142857142857142
2275,84468,14,0.9369999999999999,0.9369999999999999,1,0.07142857142857142
2276,84482,14,0.9369999999999999,0.9369999999999999,1,0.07142857142857142
2277,84496,14,0.9369999999999999,0.9369999999999999,1,0.07142857142857142
2278,84510,14,0.9369999999999999,0.9369999999999999,1,0.07142857142857142
2279,84526,16,0.9279999999999999,0.9279999999999999,1,0.1875
2280,84540,14,0.9369999999999999,0.9369999999999999,1,0.07142857142857142
2281,84554,14,0.9369999999999999,0.9369999999999999,1,0.07142857142857142
2282,84568,14,0.9369999999999999,0.9369999999999999,1,0.07142857142857142
2283,84584,16,0.9279999999999999,0.9279999999999999,1,0.0625
2284,84600,16,0.9279999999999999,0.9279999999999999,1,0.1875
2285,84614,14,0.9369999999999999,0.9369999999999999,1,0.07142857142857142
2286,84628,14,0.9369999999999999,0.9369999999999999,1,0.07142857142857142
2287,84642,14,0.9369999999999999,0.9369999999999999,1,0.07142857142857142
2288,84661,19,0.9145,0.9145,1,0.05263157894736842
2289,84677,16,0.9279999999999999,0.9279999999999999,1,0.1875
2290,84691,14,0.9369999999999999,0.9369999999999999,1,0.07142857142857142
2291,84709,18,0.919,0.919,1,0.05555555555555555
2292,84723,14,0.9369999999999999,0.9369999999999999,1,0.07142857142857142
2293,84741,18,0.919,0.919,1,0.16666666666666666
2294,84757,16,0.9279999999999999,0.9279999999999999,1,0.0625
2295,84771,14,0.9369999999999999,0.9369999999999999,1,0.07142857142857142
2296,84785,14,0.9369999999999999,0.9369999999999999,1,0.07142857142857142
2297,84799,14,0.9369999999999999,0.9369999999999999,1,0.07142857142857142
2298,84813,14,0.9369999999999999,0.9369999999999999,1,0.07142857142857142
2299,84827,14,0.9369999999999999,0.9369999999999999,1,0.07142857142857142
2300,84841,14,0.9369999999999999,0.9369999999999999,1,0.07142857142857142
2301,84857,16,0.9279999999999999,0.9279999999999999,1,0.0625
2302,84871,14,0.9369999999999999,0.9369999999999999,1,0.07142857142857142
2303,84889,18,0.919,0.919,1,0.05555555555555555
2304,84903,14,0.9369999999999999,0.9369999999999999,1,0.07142857142857142
2305,84917,14,0.9369999999999999,0.9369999999999999,1,0.07142857142857142
2306,84933,16,0.9279999999999999,0.9279999999999999,1,0.0625
2307,84951,18,0.919,0.919,1,0.05555555555555555
2308,84967,16,0.9279999999999999,0.9279999999999999,1,0.0625
2309,84983,16,0.9279999999999999,0.9279999999999999,1,0.0625
2310,84997,14,0.9369999999999999,0.9369999999999999,1,0.07142857142857142
2311,85013,16,0.9279999999999999,0.9279999999999999,1,0.0625
2312,85031,18,0.919,0.919,1,0.05555555555555555
2313,85047,16,0.9279999999999999,0.9279999999999999,1,0.0625
2314,85061,14,0.9369999999999999,0.9369999999999999,1,0.07142857142857142
2315,85075,14,0.9369999999999999,0.9369999999999999,1,0.07142857142857142
2316,85089,14,0.9369999999999999,0.9369999999999999,1,0.07142857142857142
2317,85103,14,0.9369999999999999,0.9369999999999999,1,0.07142857142857142
2318,85117,14,0.9369999999999999,0.9369999999999999,1,0.07142857142857142
2319,85131,14,0.9369999999999999,0.9369999999999999,1,0.07142857142857142
2320,85145,14,0.9369999999999999,0.9369999999999999,1,0.07142857142857142
2321,85161,16,0.9279999999999999,0.9279999999999999,1,0.0625
2322,85179,18,0.919,0.919,1,0.16666666666666666
2323,85197,18,0.919,0.919,1,0.16666666666666666
2324,85215,18,0.919,0.919,1,0.05555555555555555
2325,85233,18,0.919,0.919,1,0.05555555555555555
2326,85247,14,0.9369999999999999,0.9369999999999999,1,0.07142857142857142
2327,85261,14,0.9369999999999999,0.9369999999999999,1,0.07142857142857142
2328,85275,14,0.9369999999999999,0.9369999999999999,1,0.07142857142857142
2329,85289,14,0.9369999999999999,0.9369999999999999,1,0.07142857142857142
2330,85303,14,0.9369999999999999,0.9369999999999999,1,0.07142857142857142
2331,85317,14,0.9369999999999999,0.9369999999999999,1,0.07142857142857142
2332,85333,16,0.9279999999999999,0.9279999999999999,1,0.0625
2333,85347,14,0.9369999999999999,0.9369999999999999,1,0.07142857142857142
2334,85361,14,0.9369999999999999,0.9369999999999999,1,0.07142857142857142
2335,85375,14,0.9369999999999999,0.9369999999999999,1,0.07142857142857142
2336,85389,14,0.9369999999999999,0.9369999999999999,1,0.07142857142857142
2337,85403,14,0.9369999999999999,0.9369999999999999,1,0.07142857142857142
2338,85419,16,0.9279999999999999,0.9279999999999999,1,0.0625
2339,85433,14,0.9369999999999999,0.9369999999999999,1,0.07142857142857142
2340,85447,14,0.9369999999999999,0.9369999999999999,1,0.07142857142857142
2341,85461,14,0.9369999999999999,0.9369999999999999,1,0.07142857142857142
2342,85475,14,0.9369999999999999,0.9369999999999999,1,0.07142857142857142
2343,85493,18,0.919,0.919,1,0.05555555555555555
2344,85509,16,0.9279999999999999,0.9279999999999999,1,0.0625
2345,85523,14,0.9369999999999999,0.9369999999999999,1,0.07142857142857142
2346,85538,15,0.9325,0.9325,1,0.06666666666666667
2347,85552,14,0.9369999999999999,0.9369999999999999,1,0.07142857142857142
2348,85566,14,0.9369999999999999,0.9369999999999999,1,0.07142857142857142
2349,85580,14,0.9369999999999999,0.9369999999999999,1,0.07142857142857142
2350,85594,14,0.9369999999999999,0.9369999999999999,1,0.07142857142857142
2351,85608,14,0.9369999999999999,0.9369999999999999,1,0.07142857142857142
2352,85622,14,0.9369999999999999,0.9369999999999999,1,0.07142857142857142
2353,85638,16,0.9279999999999999,0.9279999999999999,1,0.0625
2354,85654,16,0.9279999999999999,0.9279999999999999,1,0.0625
2355,85670,16,0.9279999999999999,0.9279999999999999,1,0.0625
2356,85688,18,0.919,0.919,1,0.05555555555555555
2357,85702,14,0.9369999999999999,0.9369999999999999,1,0.07142857142857142
2358,85716,14,0.9369999999999999,0.9369999999999999,1,0.07142857142857142
2359,85732,16,0.9279999999999999,0.9279999999999999,1,0.0625
2360,85748,16,0.9279999999999999,0.9279999999999999,1,0.0625
2361,85762,14,0.9369999999999999,0.9369999999999999,1,0.07142857142857142
2362,85776,14,0.9369999999999999,0.9369999999999999,1,0.07142857142857142
2363,85792,16,0.9279999999999999,0.9279999999999999,1,0.0625
2364,85806,14,0.9369999999999999,0.9369999999999999,1,0.07142857142857142
2365,85822,16,0.9279999999999999,0.9279999999999999,1,0.0625
2366,85836,14,0.9369999999999999,0.9369999999999999,1,0.07142857142857142
2367,85850,14,0.9369999999999999,0.9369999999999999,1,0.07142857142857142
2368,85866,16,0.9279999999999999,0.9279999999999999,1,0.0625
2369,85880,14,0.9369999999999999,0.9369999999999999,1,0.07142857142857142
2370,85894,14,0.9369999999999999,0.9369999999999999,1,0.07142857142857142
2371,85910,16,0.9279999999999999,0.9279999999999999,1,0.1875
2372,85924,14,0.9369999999999999,0.9369999999999999,1,0.07142857142857142
2373,85938,14,0.9369999999999999,0.9369999999999999,1,0.07142857142857142
2374,85954,16,0.9279999999999999,0.9279999999999999,1,0.0625
2375,85968,14,0.9369999999999999,0.9369999999999999,1,0.07142857142857142
2376,85982,14,0.9369999999999999,0.9369999999999999,1,0.07142857142857142
2377,85998,16,0.9279999999999999,0.9279999999999999,1,0.0625
2378,86016,18,0.919,0.919,1,0.16666666666666666
2379,86174,158,0.2889999999999999,0.2889999999999999,1,0.006329113924050633
2380,86200,26,0.883,0.883,1,0.038461538461538464
2381,86310,110,0.5049999999999999,0.5049999999999999,1,0.00909090909090909
2382,86324,14,0.9369999999999999,0.9369999999999999,1,0.07142857142857142
2383,86456,132,0.4059999999999999,0.4059999999999999,1,0.007575757575757576
2384,86533,77,0.6535,0.6535,1,0.012987012987012988
2385,86570,37,0.8335,0.8335,1,0.02702702702702703
2386,86598,28,0.874,0.874,1,0.03571428571428571
2387,86676,78,0.649,0.649,1,0.01282051282051282
2388,86748,72,0.6759999999999999,0.6759999999999999,1,0.013888888888888888
2389,86762,14,0.9369999999999999,0.9369999999999999,1,0.07142857142857142
2390,86832,70,0.685,0.685,1,0.014285714285714285
2391,86878,46,0.7929999999999999,0.7929999999999999,1,0.021739130434782608
2392,86922,44,0.802,0.802,1,0.022727272727272728
2393,87011,89,0.5994999999999999,0.5994999999999999,1,0.011235955056179775
2394,87027,16,0.9279999999999999,0.9279999999999999,1,0.0625
2395,87043,16,0.9279999999999999,0.9279999999999999,1,0.0625
2396,87061,18,0.919,0.919,1,0.05555555555555555
2397,87195,134,0.3969999999999999,0.3969999999999999,1,0.007462686567164179
2398,87215,20,0.91,0.91,1,0.05
2399,87229,14,0.9369999999999999,0.9369999999999999,1,0.07142857142857142
2400,87243,14,0.9369999999999999,0.9369999999999999,1,0.07142857142857142
2401,87257,14,0.9369999999999999,0.9369999999999999,1,0.07142857142857142
2402,87274,17,0.9235,0.9235,1,0.058823529411764705
2403,87288,14,0.9369999999999999,0.9369999999999999,1,0.07142857142857142
2404,87315,27,0.8785,0.8785,1,0.037037037037037035
2405,87329,14,0.9369999999999999,0.9369999999999999,1,0.07142857142857142
2406,87352,23,0.8965,0.8965,1,0.043478260869565216
2407,87366,14,0.9369999999999999,0.9369999999999999,1,0.07142857142857142
2408,87380,14,0.9369999999999999,0.9369999999999999,1,0.07142857142857142
2409,87396,16,0.9279999999999999,0.9279999999999999,1,0.0625
2410,87414,18,0.919,0.919,1,0.05555555555555555
2411,87432,18,0.919,0.919,1,0.05555555555555555
2412,87446,14,0.9369999999999999,0.9369999999999999,1,0.07142857142857142
2413,87462,16,0.9279999999999999,0.9279999999999999,1,0.0625
2414,87478,16,0.9279999999999999,0.9279999999999999,1,0.0625
2415,87498,20,0.91,0.91,1,0.05
2416,87551,53,0.7615,0.7615,1,0.018867924528301886
2417,87567,16,0.9279999999999999,0.9279999999999999,1,0.1875
2418,87581,14,0.9369999999999999,0.9369999999999999,1,0.07142857142857142
2419,87595,14,0.9369999999999999,0.9369999999999999,1,0.07142857142857142
2420,87623,28,0.874,0.874,1,0.03571428571428571
2421,87641,18,0.919,0.919,1,0.05555555555555555
2422,87657,16,0.9279999999999999,0.9279999999999999,1,0.0625
2423,87675,18,0.919,0.919,1,0.05555555555555555
2424,87689,14,0.9369999999999999,0.9369999999999999,1,0.07142857142857142
2425,87707,18,0.919,0.919,1,0.05555555555555555
2426,87773,66,0.703,0.703,1,0.015151515151515152
2427,87797,24,0.892,0.892,1,0.041666666666666664
2428,87825,28,0.874,0.874,1,0.03571428571428571
2429,87839,14,0.9369999999999999,0.9369999999999999,1,0.07142857142857142
2430,87853,14,0.9369999999999999,0.9369999999999999,1,0.07142857142857142
2431,87889,36,0.838,0.838,1,0.027777777777777776
2432,87903,14,0.9369999999999999,0.9369999999999999,1,0.07142857142857142
2433,87917,14,0.9369999999999999,0.9369999999999999,1,0.07142857142857142
2434,87933,16,0.9279999999999999,0.9279999999999999,1,0.0625
2435,87947,14,0.9369999999999999,0.9369999999999999,1,0.07142857142857142
2436,87979,32,0.856,0.856,1,0.03125
2437,88003,24,0.892,0.892,1,0.041666666666666664
2438,88017,14,0.9369999999999999,0.9369999999999999,1,0.07142857142857142
2439,88033,16,0.9279999999999999,0.9279999999999999,1,0.0625
2440,88049,16,0.9279999999999999,0.9279999999999999,1,0.0625
2441,88063,14,0.9369999999999999,0.9369999999999999,1,0.07142857142857142
2442,88077,14,0.9369999999999999,0.9369999999999999,1,0.07142857142857142
2443,88091,14,0.9369999999999999,0.9369999999999999,1,0.07142857142857142
2444,88112,21,0.9055,0.9055,1,0.047619047619047616
2445,88141,29,0.8694999999999999,0.8694999999999999,1,0.034482758620689655
2446,88155,14,0.9369999999999999,0.9369999999999999,1,0.07142857142857142
2447,88221,66,0.703,0.703,1,0.015151515151515152
2448,88276,55,0.7525,0.7525,1,0.01818181818181818
2449,88292,16,0.9279999999999999,0.9279999999999999,1,0.0625
2450,88387,95,0.5725,0.5725,1,0.010526315789473684
2451,88401,14,0.9369999999999999,0.9369999999999999,1,0.07142857142857142
2452,88417,16,0.9279999999999999,0.9279999999999999,1,0.0625
2453,88484,67,0.6984999999999999,0.6984999999999999,1,0.014925373134328358
2454,88594,110,0.5049999999999999,0.5049999999999999,1,0.00909090909090909
2455,88637,43,0.8065,0.8065,1,0.023255813953488372
2456,88667,30,0.865,0.865,1,0.03333333333333333
2457,88724,57,0.7435,0.7435,1,0.017543859649122806
2458,88763,39,0.8245,0.8245,1,0.02564102564102564
2459,88777,14,0.9369999999999999,0.9369999999999999,1,0.07142857142857142
2460,88821,44,0.802,0.802,1,0.022727272727272728
2461,88835,14,0.9369999999999999,0.9369999999999999,1,0.07142857142857142
2462,88872,37,0.8335,0.8335,1,0.02702702702702703
2463,88908,36,0.838,0.838,1,0.027777777777777776
2464,88990,82,0.631,0.631,1,0.012195121951219513
2465,89025,35,0.8425,0.8425,1,0.02857142857142857
2466,89041,16,0.9279999999999999,0.9279999999999999,1,0.0625
2467,89080,39,0.8245,0.8245,1,0.02564102564102564
2468,89114,34,0.847,0.847,1,0.029411764705882353
2469,89132,18,0.919,0.919,1,0.05555555555555555
2470,89148,16,0.9279999999999999,0.9279999999999999,1,0.0625
2471,89162,14,0.9369999999999999,0.9369999999999999,1,0.07142857142857142
2472,89178,16,0.9279999999999999,0.9279999999999999,1,0.0625
2473,89192,14,0.9369999999999999,0.9369999999999999,1,0.07142857142857142
2474,89207,15,0.9325,0.9325,1,0.06666666666666667
2475,89225,18,0.919,0.919,1,0.05555555555555555
2476,89241,16,0.9279999999999999,0.9279999999999999,1,0.0625
2477,89257,16,0.9279999999999999,0.9279999999999999,1,0.0625
2478,89275,18,0.919,0.919,1,0.05555555555555555
2479,89295,20,0.91,0.91,1,0.15
2480,89353,58,0.739,0.739,1,0.017241379310344827
2481,89373,20,0.91,0.91,1,0.25
2482,89387,14,0.9369999999999999,0.9369999999999999,1,0.07142857142857142
2483,89401,14,0.9369999999999999,0.9369999999999999,1,0.07142857142857142
2484,89419,18,0.919,0.919,1,0.05555555555555555
2485,89435,16,0.9279999999999999,0.9279999999999999,1,0.0625
2486,89451,16,0.9279999999999999,0.9279999999999999,1,0.0625
2487,89469,18,0.919,0.919,1,0.05555555555555555
2488,89487,18,0.919,0.919,1,0.05555555555555555
2489,89503,16,0.9279999999999999,0.9279999999999999,1,0.0625
2490,89521,18,0.919,0.919,1,0.05555555555555555
2491,89535,14,0.9369999999999999,0.9369999999999999,1,0.07142857142857142
2492,89551,16,0.9279999999999999,0.9279999999999999,1,0.0625
2493,89567,16,0.9279999999999999,0.9279999999999999,1,0.0625
2494,89583,16,0.9279999999999999,0.9279999999999999,1,0.0625
2495,89599,16,0.9279999999999999,0.9279999999999999,1,0.0625
2496,89615,16,0.9279999999999999,0.9279999999999999,1,0.0625
2497,89629,14,0.9369999999999999,0.9369999999999999,1,0.07142857142857142
2498,89651,22,0.901,0.901,1,0.22727272727272727
2499,89667,16,0.9279999999999999,0.9279999999999999,1,0.0625
2500,89683,16,0.9279999999999999,0.9279999999999999,1,0.0625
2501,89699,16,0.9279999999999999,0.9279999999999999,1,0.0625
2502,89715,16,0.9279999999999999,0.9279999999999999,1,0.0625
2503,89733,18,0.919,0.919,1,0.16666666666666666
2504,89749,16,0.9279999999999999,0.9279999999999999,1,0.0625
2505,89767,18,0.919,0.919,1,0.05555555555555555
2506,89781,14,0.9369999999999999,0.9369999999999999,1,0.07142857142857142
2507,89797,16,0.9279999999999999,0.9279999999999999,1,0.0625
2508,89815,18,0.919,0.919,1,0.05555555555555555
2509,89836,21,0.9055,0.9055,1,0.047619047619047616
2510,89852,16,0.9279999999999999,0.9279999999999999,1,0.0625
2511,89868,16,0.9279999999999999,0.9279999999999999,1,0.0625
2512,89886,18,0.919,0.919,1,0.05555555555555555
2513,89902,16,0.9279999999999999,0.9279999999999999,1,0.0625
2514,89920,18,0.919,0.919,1,0.05555555555555555
2515,89936,16,0.9279999999999999,0.9279999999999999,1,0.0625
2516,89952,16,0.9279999999999999,0.9279999999999999,1,0.0625
2517,89966,14,0.9369999999999999,0.9369999999999999,1,0.07142857142857142
2518,89984,18,0.919,0.919,1,0.05555555555555555
2519,90000,16,0.9279999999999999,0.9279999999999999,1,0.0625
2520,90017,17,0.9235,0.9235,1,0.058823529411764705
2521,90031,14,0.9369999999999999,0.9369999999999999,1,0.07142857142857142
2522,90049,18,0.919,0.919,1,0.05555555555555555
2523,90090,41,0.8155,0.8155,1,0.024390243902439025
2524,90112,22,0.901,0.901,1,0.045454545454545456
2525,90133,21,0.9055,0.9055,1,0.047619047619047616
2526,90160,27,0.8785,0.8785,1,0.037037037037037035
2527,90174,14,0.9369999999999999,0.9369999999999999,1,0.07142857142857142
2528,90196,22,0.901,0.901,1,0.045454545454545456
2529,90210,14,0.9369999999999999,0.9369999999999999,1,0.07142857142857142
2530,90242,32,0.856,0.856,1,0.03125
2531,90258,16,0.9279999999999999,0.9279999999999999,1,0.0625
2532,90272,14,0.9369999999999999,0.9369999999999999,1,0.07142857142857142
2533,90286,14,0.9369999999999999,0.9369999999999999,1,0.07142857142857142
2534,90405,119,0.4645,0.4645,1,0.04201680672268908
2535,90421,16,0.9279999999999999,0.9279999999999999,1,0.1875
2536,90437,16,0.9279999999999999,0.9279999999999999,1,0.0625
2537,90451,14,0.9369999999999999,0.9369999999999999,1,0.07142857142857142
2538,90465,14,0.9369999999999999,0.9369999999999999,1,0.07142857142857142
2539,90493,28,0.874,0.874,1,0.03571428571428571
2540,90518,25,0.8875,0.8875,1,0.04
2541,90536,18,0.919,0.919,1,0.05555555555555555
2542,90552,16,0.9279999999999999,0.9279999999999999,1,0.0625
2543,90654,102,0.5409999999999999,0.5409999999999999,1,0.00980392156862745
2544,90668,14,0.9369999999999999,0.9369999999999999,1,0.07142857142857142
2545,90692,24,0.892,0.892,1,0.041666666666666664
2546,90710,18,0.919,0.919,1,0.16666666666666666
2547,90724,14,0.9369999999999999,0.9369999999999999,1,0.07142857142857142
2548,90738,14,0.9369999999999999,0.9369999999999999,1,0.07142857142857142
2549,90752,14,0.9369999999999999,0.9369999999999999,1,0.07142857142857142
2550,90772,20,0.91,0.91,1,0.15
2551,90788,16,0.9279999999999999,0.9279999999999999,1,0.0625
2552,90808,20,0.91,0.91,1,0.05
2553,90822,14,0.9369999999999999,0.9369999999999999,1,0.07142857142857142
2554,90836,14,0.9369999999999999,0.9369999999999999,1,0.07142857142857142
2555,90850,14,0.9369999999999999,0.9369999999999999,1,0.07142857142857142
2556,90866,16,0.9279999999999999,0.9279999999999999,1,0.0625
2557,90880,14,0.9369999999999999,0.9369999999999999,1,0.07142857142857142
2558,90904,24,0.892,0.892,1,0.041666666666666664
2559,90918,14,0.9369999999999999,0.9369999999999999,1,0.07142857142857142
2560,90934,16,0.9279999999999999,0.9279999999999999,1,0.0625
2561,90950,16,0.9279999999999999,0.9279999999999999,1,0.0625
2562,90964,14,0.9369999999999999,0.9369999999999999,1,0.07142857142857142
2563,90978,14,0.9369999999999999,0.9369999999999999,1,0.07142857142857142
2564,90992,14,0.9369999999999999,0.9369999999999999,1,0.07142857142857142
2565,91006,14,0.9369999999999999,0.9369999999999999,1,0.07142857142857142
2566,91022,16,0.9279999999999999,0.9279999999999999,1,0.0625
2567,91038,16,0.9279999999999999,0.9279999999999999,1,0.0625
2568,91054,16,0.9279999999999999,0.9279999999999999,1,0.0625
2569,91068,14,0.9369999999999999,0.9369999999999999,1,0.07142857142857142
2570,91088,20,0.91,0.91,1,0.25
2571,91104,16,0.9279999999999999,0.9279999999999999,1,0.0625
2572,91126,22,0.901,0.901,1,0.045454545454545456
2573,91146,20,0.91,0.91,1,0.05
2574,91162,16,0.9279999999999999,0.9279999999999999,1,0.0625
2575,91181,19,0.9145,0.9145,1,0.05263157894736842
2576,91197,16,0.9279999999999999,0.9279999999999999,1,0.0625
2577,91213,16,0.9279999999999999,0.9279999999999999,1,0.0625
2578,91231,18,0.919,0.919,1,0.05555555555555555
2579,91249,18,0.919,0.919,1,0.05555555555555555
2580,91267,18,0.919,0.919,1,0.05555555555555555
2581,91285,18,0.919,0.919,1,0.05555555555555555
2582,91301,16,0.9279999999999999,0.9279999999999999,1,0.0625
2583,91317,16,0.9279999999999999,0.9279999999999999,1,0.0625
2584,91333,16,0.9279999999999999,0.9279999999999999,1,0.0625
2585,91349,16,0.9279999999999999,0.9279999999999999,1,0.0625
2586,91365,16,0.9279999999999999,0.9279999999999999,1,0.0625
2587,91381,16,0.9279999999999999,0.9279999999999999,1,0.0625
2588,91395,14,0.9369999999999999,0.9369999999999999,1,0.07142857142857142
2589,91411,16,0.9279999999999999,0.9279999999999999,1,0.0625
2590,91429,18,0.919,0.919,1,0.16666666666666666
2591,91445,16,0.9279999999999999,0.9279999999999999,1,0.0625
2592,91465,20,0.91,0.91,1,0.05
2593,91481,16,0.9279999999999999,0.9279999999999999,1,0.0625
2594,91501,20,0.91,0.91,1,0.05
2595,91517,16,0.9279999999999999,0.9279999999999999,1,0.0625
2596,91539,22,0.901,0.901,1,0.045454545454545456
2597,91555,16,0.9279999999999999,0.9279999999999999,1,0.0625
2598,91573,18,0.919,0.919,1,0.05555555555555555
2599,91595,22,0.901,0.901,1,0.13636363636363635
2600,91611,16,0.9279999999999999,0.9279999999999999,1,0.0625
2601,91627,16,0.9279999999999999,0.9279999999999999,1,0.0625
2602,91643,16,0.9279999999999999,0.9279999999999999,1,0.0625
2603,91661,18,0.919,0.919,1,0.16666666666666666
2604,91677,16,0.9279999999999999,0.9279999999999999,1,0.0625
2605,91693,16,0.9279999999999999,0.9279999999999999,1,0.0625
2606,91709,16,0.9279999999999999,0.9279999999999999,1,0.0625
2607,91727,18,0.919,0.919,1,0.05555555555555555
2608,91743,16,0.9279999999999999,0.9279999999999999,1,0.0625
2609,91763,20,0.91,0.91,1,0.05
2610,91783,20,0.91,0.91,1,0.05
2611,91799,16,0.9279999999999999,0.9279999999999999,1,0.0625
2612,91815,16,0.9279999999999999,0.9279999999999999,1,0.0625
2613,91835,20,0.91,0.91,1,0.05
2614,91851,16,0.9279999999999999,0.9279999999999999,1,0.0625
2615,91869,18,0.919,0.919,1,0.05555555555555555
2616,91885,16,0.9279999999999999,0.9279999999999999,1,0.0625
2617,91903,18,0.919,0.919,1,0.05555555555555555
2618,91923,20,0.91,0.91,1,0.15
2619,91939,16,0.9279999999999999,0.9279999999999999,1,0.0625
2620,91955,16,0.9279999999999999,0.9279999999999999,1,0.0625
2621,91971,16,0.9279999999999999,0.9279999999999999,1,0.0625
2622,91989,18,0.919,0.919,1,0.05555555555555555
2623,92005,16,0.9279999999999999,0.9279999999999999,1,0.0625
2624,92021,16,0.9279999999999999,0.9279999999999999,1,0.0625
2625,92035,14,0.9369999999999999,0.9369999999999999,1,0.07142857142857142
2626,92051,16,0.9279999999999999,0.9279999999999999,1,0.0625
2627,92065,14,0.9369999999999999,0.9369999999999999,1,0.07142857142857142
2628,92079,14,0.9369999999999999,0.9369999999999999,1,0.07142857142857142
2629,92093,14,0.9369999999999999,0.9369999999999999,1,0.07142857142857142
2630,92111,18,0.919,0.919,1,0.05555555555555555
2631,92125,14,0.9369999999999999,0.9369999999999999,1,0.07142857142857142
2632,92145,20,0.91,0.91,1,0.05
2633,92159,14,0.9369999999999999,0.9369999999999999,1,0.07142857142857142
2634,92173,14,0.9369999999999999,0.9369999999999999,1,0.07142857142857142
2635,92191,18,0.919,0.919,1,0.16666666666666666
2636,92205,14,0.9369999999999999,0.9369999999999999,1,0.07142857142857142
2637,92219,14,0.9369999999999999,0.9369999999999999,1,0.07142857142857142
2638,92235,16,0.9279999999999999,0.9279999999999999,1,0.1875
2639,92249,14,0.9369999999999999,0.9369999999999999,1,0.07142857142857142
2640,92265,16,0.9279999999999999,0.9279999999999999,1,0.0625
2641,92279,14,0.9369999999999999,0.9369999999999999,1,0.07142857142857142
2642,92293,14,0.9369999999999999,0.9369999999999999,1,0.07142857142857142
2643,92307,14,0.9369999999999999,0.9369999999999999,1,0.07142857142857142
2644,92323,16,0.9279999999999999,0.9279999999999999,1,0.0625
2645,92337,14,0.9369999999999999,0.9369999999999999,1,0.07142857142857142
2646,92353,16,0.9279999999999999,0.9279999999999999,1,0.0625
2647,92367,14,0.9369999999999999,0.9369999999999999,1,0.07142857142857142
2648,92381,14,0.9369999999999999,0.9369999999999999,1,0.07142857142857142
2649,92395,14,0.9369999999999999,0.9369999999999999,1,0.07142857142857142
2650,92409,14,0.9369999999999999,0.9369999999999999,1,0.07142857142857142
2651,92423,14,0.9369999999999999,0.9369999999999999,1,0.07142857142857142
2652,92441,18,0.919,0.919,1,0.05555555555555555
2653,92455,14,0.9369999999999999,0.9369999999999999,1,0.07142857142857142
2654,92469,14,0.9369999999999999,0.9369999999999999,1,0.07142857142857142
2655,92483,14,0.9369999999999999,0.9369999999999999,1,0.07142857142857142
2656,92499,16,0.9279999999999999,0.9279999999999999,1,0.0625
2657,92513,14,0.9369999999999999,0.9369999999999999,1,0.07142857142857142
2658,92529,16,0.9279999999999999,0.9279999999999999,1,0.0625
2659,92543,14,0.9369999999999999,0.9369999999999999,1,0.07142857142857142
2660,92557,14,0.9369999999999999,0.9369999999999999,1,0.07142857142857142
2661,92573,16,0.9279999999999999,0.9279999999999999,1,0.0625
2662,92587,14,0.9369999999999999,0.9369999999999999,1,0.07142857142857142
2663,92601,14,0.9369999999999999,0.9369999999999999,1,0.07142857142857142
2664,92615,14,0.9369999999999999,0.9369999999999999,1,0.07142857142857142
2665,92629,14,0.9369999999999999,0.9369999999999999,1,0.07142857142857142
2666,92643,14,0.9369999999999999,0.9369999999999999,1,0.07142857142857142
2667,92659,16,0.9279999999999999,0.9279999999999999,1,0.0625
2668,92675,16,0.9279999999999999,0.9279999999999999,1,0.0625
2669,92689,14,0.9369999999999999,0.9369999999999999,1,0.07142857142857142
2670,92705,16,0.9279999999999999,0.9279999999999999,1,0.0625
2671,92719,14,0.9369999999999999,0.9369999999999999,1,0.07142857142857142
2672,92735,16,0.9279999999999999,0.9279999999999999,1,0.0625
2673,92753,18,0.919,0.919,1,0.05555555555555555
2674,92769,16,0.9279999999999999,0.9279999999999999,1,0.0625
2675,92783,14,0.9369999999999999,0.9369999999999999,1,0.07142857142857142
2676,92797,14,0.9369999999999999,0.9369999999999999,1,0.07142857142857142
2677,92815,18,0.919,0.919,1,0.05555555555555555
2678,92829,14,0.9369999999999999,0.9369999999999999,1,0.07142857142857142
2679,92843,14,0.9369999999999999,0.9369999999999999,1,0.07142857142857142
2680,92859,16,0.9279999999999999,0.9279999999999999,1,0.0625
2681,92873,14,0.9369999999999999,0.9369999999999999,1,0.07142857142857142
2682,92889,16,0.9279999999999999,0.9279999999999999,1,0.1875
2683,92905,16,0.9279999999999999,0.9279999999999999,1,0.0625
2684,92919,14,0.9369999999999999,0.9369999999999999,1,0.07142857142857142
2685,92935,16,0.9279999999999999,0.9279999999999999,1,0.0625
2686,92949,14,0.9369999999999999,0.9369999999999999,1,0.07142857142857142
2687,92965,16,0.9279999999999999,0.9279999999999999,1,0.0625
2688,92981,16,0.9279999999999999,0.9279999999999999,1,0.0625
2689,92995,14,0.9369999999999999,0.9369999999999999,1,0.07142857142857142
2690,93009,14,0.9369999999999999,0.9369999999999999,1,0.07142857142857142
2691,93023,14,0.9369999999999999,0.9369999999999999,1,0.07142857142857142
2692,93103,80,0.6399999999999999,0.6399999999999999,1,0.0125
2693,93186,83,0.6265000000000001,0.6265000000000001,1,0.03614457831325301
2694,93247,61,0.7255,0.7255,1,0.01639344262295082
2695,93261,14,0.9369999999999999,0.9369999999999999,1,0.07142857142857142
2696,93275,14,0.9369999999999999,0.9369999999999999,1,0.07142857142857142
2697,93337,62,0.721,0.721,1,0.016129032258064516
2698,93400,63,0.7164999999999999,0.7164999999999999,1,0.015873015873015872
2699,93428,28,0.874,0.874,1,0.03571428571428571
2700,93503,75,0.6625,0.6625,1,0.013333333333333334
2701,93519,16,0.9279999999999999,0.9279999999999999,1,0.0625
2702,93539,20,0.91,0.91,1,0.05
2703,93590,51,0.7705,0.7705,1,0.0196078431372549
2704,93654,64,0.712,0.712,1,0.015625
2705,93733,79,0.6445,0.6445,1,0.012658227848101266
2706,93749,16,0.9279999999999999,0.9279999999999999,1,0.0625
2707,93775,26,0.883,0.883,1,0.11538461538461539
2708,93809,34,0.847,0.847,1,0.029411764705882353
2709,93907,98,0.5589999999999999,0.5589999999999999,1,0.030612244897959183
2710,93963,56,0.748,0.748,1,0.05357142857142857
2711,93977,14,0.9369999999999999,0.9369999999999999,1,0.07142857142857142
2712,94012,35,0.8425,0.8425,1,0.08571428571428572
2713,94026,14,0.9369999999999999,0.9369999999999999,1,0.07142857142857142
2714,94040,14,0.9369999999999999,0.9369999999999999,1,0.07142857142857142
2715,94056,16,0.9279999999999999,0.9279999999999999,1,0.1875
2716,94072,16,0.9279999999999999,0.9279999999999999,1,0.0625
2717,94088,16,0.9279999999999999,0.9279999999999999,1,0.0625
2718,94104,16,0.9279999999999999,0.9279999999999999,1,0.0625
2719,94120,16,0.9279999999999999,0.9279999999999999,1,0.0625
2720,94134,14,0.9369999999999999,0.9369999999999999,1,0.07142857142857142
2721,94148,14,0.9369999999999999,0.9369999999999999,1,0.07142857142857142
2722,94162,14,0.9369999999999999,0.9369999999999999,1,0.07142857142857142
2723,94178,16,0.9279999999999999,0.9279999999999999,1,0.0625
2724,94196,18,0.919,0.919,1,0.05555555555555555
2725,94212,16,0.9279999999999999,0.9279999999999999,1,0.1875
2726,94226,14,0.9369999999999999,0.9369999999999999,1,0.07142857142857142
2727,94240,14,0.9369999999999999,0.9369999999999999,1,0.07142857142857142
2728,94257,17,0.9235,0.9235,1,0.058823529411764705
2729,94273,16,0.9279999999999999,0.9279999999999999,1,0.0625
2730,94287,14,0.9369999999999999,0.9369999999999999,1,0.07142857142857142
2731,94303,16,0.9279999999999999,0.9279999999999999,1,0.0625
2732,94317,14,0.9369999999999999,0.9369999999999999,1,0.07142857142857142
2733,94331,14,0.9369999999999999,0.9369999999999999,1,0.07142857142857142
2734,94347,16,0.9279999999999999,0.9279999999999999,1,0.0625
2735,94361,14,0.9369999999999999,0.9369999999999999,1,0.07142857142857142
2736,94375,14,0.9369999999999999,0.9369999999999999,1,0.07142857142857142
2737,94391,16,0.9279999999999999,0.9279999999999999,1,0.0625
2738,94405,14,0.9369999999999999,0.9369999999999999,1,0.07142857142857142
2739,94423,18,0.919,0.919,1,0.05555555555555555
2740,94437,14,0.9369999999999999,0.9369999999999999,1,0.07142857142857142
2741,94451,14,0.9369999999999999,0.9369999999999999,1,0.07142857142857142
2742,94465,14,0.9369999999999999,0.9369999999999999,1,0.07142857142857142
2743,94479,14,0.9369999999999999,0.9369999999999999,1,0.07142857142857142
2744,94493,14,0.9369999999999999,0.9369999999999999,1,0.07142857142857142
2745,94507,14,0.9369999999999999,0.9369999999999999,1,0.07142857142857142
2746,94521,14,0.9369999999999999,0.9369999999999999,1,0.07142857142857142
2747,94537,16,0.9279999999999999,0.9279999999999999,1,0.0625
2748,94551,14,0.9369999999999999,0.9369999999999999,1,0.07142857142857142
2749,94565,14,0.9369999999999999,0.9369999999999999,1,0.07142857142857142
2750,94579,14,0.9369999999999999,0.9369999999999999,1,0.07142857142857142
2751,94593,14,0.9369999999999999,0.9369999999999999,1,0.07142857142857142
2752,94607,14,0.9369999999999999,0.9369999999999999,1,0.07142857142857142
2753,94623,16,0.9279999999999999,0.9279999999999999,1,0.0625
2754,94637,14,0.9369999999999999,0.9369999999999999,1,0.07142857142857142
2755,94651,14,0.9369999999999999,0.9369999999999999,1,0.07142857142857142
2756,94665,14,0.9369999999999999,0.9369999999999999,1,0.07142857142857142
2757,94679,14,0.9369999999999999,0.9369999999999999,1,0.07142857142857142
2758,94695,16,0.9279999999999999,0.9279999999999999,1,0.0625
2759,94711,16,0.9279999999999999,0.9279999999999999,1,0.0625
2760,94725,14,0.9369999999999999,0.9369999999999999,1,0.07142857142857142
2761,94741,16,0.9279999999999999,0.9279999999999999,1,0.0625
2762,94755,14,0.9369999999999999,0.9369999999999999,1,0.07142857142857142
2763,94769,14,0.9369999999999999,0.9369999999999999,1,0.07142857142857142
2764,94783,14,0.9369999999999999,0.9369999999999999,1,0.07142857142857142
2765,94797,14,0.9369999999999999,0.9369999999999999,1,0.07142857142857142
2766,94811,14,0.9369999999999999,0.9369999999999999,1,0.07142857142857142
2767,94827,16,0.9279999999999999,0.9279999999999999,1,0.0625
2768,94843,16,0.9279999999999999,0.9279999999999999,1,0.0625
2769,94857,14,0.9369999999999999,0.9369999999999999,1,0.07142857142857142
2770,94871,14,0.9369999999999999,0.9369999999999999,1,0.07142857142857142
2771,94885,14,0.9369999999999999,0.9369999999999999,1,0.07142857142857142
2772,94899,14,0.9369999999999999,0.9369999999999999,1,0.07142857142857142
2773,94917,18,0.919,0.919,1,0.05555555555555555
2774,94931,14,0.9369999999999999,0.9369999999999999,1,0.07142857142857142
2775,94947,16,0.9279999999999999,0.9279999999999999,1,0.0625
2776,94963,16,0.9279999999999999,0.9279999999999999,1,0.0625
2777,94979,16,0.9279999999999999,0.9279999999999999,1,0.0625
2778,94995,16,0.9279999999999999,0.9279999999999999,1,0.0625
2779,95011,16,0.9279999999999999,0.9279999999999999,1,0.0625
2780,95025,14,0.9369999999999999,0.9369999999999999,1,0.07142857142857142
2781,95041,16,0.9279999999999999,0.9279999999999999,1,0.0625
2782,95057,16,0.9279999999999999,0.9279999999999999,1,0.0625
2783,95073,16,0.9279999999999999,0.9279999999999999,1,0.0625
2784,95087,14,0.9369999999999999,0.9369999999999999,1,0.07142857142857142
2785,95101,14,0.9369999999999999,0.9369999999999999,1,0.07142857142857142
2786,95117,16,0.9279999999999999,0.9279999999999999,1,0.0625
2787,95131,14,0.9369999999999999,0.9369999999999999,1,0.07142857142857142
2788,95155,24,0.892,0.892,1,0.041666666666666664
2789,95169,14,0.9369999999999999,0.9369999999999999,1,0.07142857142857142
2790,95183,14,0.9369999999999999,0.9369999999999999,1,0.07142857142857142
2791,95203,20,0.91,0.91,1,0.05
2792,95221,18,0.919,0.919,1,0.16666666666666666
2793,95235,14,0.9369999999999999,0.9369999999999999,1,0.07142857142857142
2794,95251,16,0.9279999999999999,0.9279999999999999,1,0.0625
2795,95265,14,0.9369999999999999,0.9369999999999999,1,0.07142857142857142
2796,95279,14,0.9369999999999999,0.9369999999999999,1,0.07142857142857142
2797,95303,24,0.892,0.892,1,0.041666666666666664
2798,95317,14,0.9369999999999999,0.9369999999999999,1,0.07142857142857142
2799,95333,16,0.9279999999999999,0.9279999999999999,1,0.0625
2800,95351,18,0.919,0.919,1,0.16666666666666666
2801,95365,14,0.9369999999999999,0.9369999999999999,1,0.07142857142857142
2802,95379,14,0.9369999999999999,0.9369999999999999,1,0.07142857142857142
2803,95395,16,0.9279999999999999,0.9279999999999999,1,0.0625
2804,95409,14,0.9369999999999999,0.9369999999999999,1,0.07142857142857142
2805,95423,14,0.9369999999999999,0.9369999999999999,1,0.07142857142857142
2806,95441,18,0.919,0.919,1,0.05555555555555555
2807,95456,15,0.9325,0.9325,1,0.06666666666666667
2808,95472,16,0.9279999999999999,0.9279999999999999,1,0.0625
2809,95486,14,0.9369999999999999,0.9369999999999999,1,0.07142857142857142
2810,95510,24,0.892,0.892,1,0.20833333333333334
2811,95528,18,0.919,0.919,1,0.16666666666666666
2812,95544,16,0.9279999999999999,0.9279999999999999,1,0.0625
2813,95564,20,0.91,0.91,1,0.05
2814,95580,16,0.9279999999999999,0.9279999999999999,1,0.0625
2815,95594,14,0.9369999999999999,0.9369999999999999,1,0.07142857142857142
2816,95610,16,0.9279999999999999,0.9279999999999999,1,0.0625
2817,95624,14,0.9369999999999999,0.9369999999999999,1,0.07142857142857142
2818,95642,18,0.919,0.919,1,0.16666666666666666
2819,95658,16,0.9279999999999999,0.9279999999999999,1,0.0625
2820,95676,18,0.919,0.919,1,0.05555555555555555
2821,95692,16,0.9279999999999999,0.9279999999999999,1,0.0625
2822,95708,16,0.9279999999999999,0.9279999999999999,1,0.0625
2823,95724,16,0.9279999999999999,0.9279999999999999,1,0.0625
2824,95740,16,0.9279999999999999,0.9279999999999999,1,0.0625
2825,95756,16,0.9279999999999999,0.9279999999999999,1,0.0625
2826,95772,16,0.9279999999999999,0.9279999999999999,1,0.0625
2827,95786,14,0.9369999999999999,0.9369999999999999,1,0.07142857142857142
2828,95802,16,0.9279999999999999,0.9279999999999999,1,0.0625
2829,95820,18,0.919,0.919,1,0.05555555555555555
2830,95838,18,0.919,0.919,1,0.05555555555555555
2831,95852,14,0.9369999999999999,0.9369999999999999,1,0.07142857142857142
2832,95870,18,0.919,0.919,1,0.05555555555555555
2833,95888,18,0.919,0.919,1,0.05555555555555555
2834,95902,14,0.9369999999999999,0.9369999999999999,1,0.07142857142857142
2835,95922,20,0.91,0.91,1,0.25
2836,95938,16,0.9279999999999999,0.9279999999999999,1,0.0625
2837,95954,16,0.9279999999999999,0.9279999999999999,1,0.0625
2838,95970,16,0.9279999999999999,0.9279999999999999,1,0.0625
2839,95986,16,0.9279999999999999,0.9279999999999999,1,0.0625
2840,96002,16,0.9279999999999999,0.9279999999999999,1,0.0625
2841,96020,18,0.919,0.919,1,0.16666666666666666
2842,96036,16,0.9279999999999999,0.9279999999999999,1,0.0625
2843,96143,107,0.5185,0.5185,1,0.028037383177570093
2844,96163,20,0.91,0.91,1,0.05
2845,96181,18,0.919,0.919,1,0.05555555555555555
2846,96201,20,0.91,0.91,1,0.15
2847,96217,16,0.9279999999999999,0.9279999999999999,1,0.0625
2848,96336,119,0.4645,0.4645,1,0.008403361344537815
2849,96360,24,0.892,0.892,1,0.041666666666666664
2850,96420,60,0.73,0.73,1,0.016666666666666666
2851,96449,29,0.8694999999999999,0.8694999999999999,1,0.034482758620689655
2852,96467,18,0.919,0.919,1,0.16666666666666666
2853,96483,16,0.9279999999999999,0.9279999999999999,1,0.0625
2854,96501,18,0.919,0.919,1,0.05555555555555555
2855,96701,200,0.0,0.0,0,0.005
2856,96717,16,0.9279999999999999,0.9279999999999999,1,0.0625
2857,96747,30,0.865,0.865,1,0.03333333333333333
2858,96947,200,0.0,0.0,0,0.005
2859,97005,58,0.739,0.739,1,0.017241379310344827
2860,97025,20,0.91,0.91,1,0.05
2861,97039,14,0.9369999999999999,0.9369999999999999,1,0.07142857142857142
2862,97053,14,0.9369999999999999,0.9369999999999999,1,0.07142857142857142
2863,97067,14,0.9369999999999999,0.9369999999999999,1,0.07142857142857142
2864,97081,14,0.9369999999999999,0.9369999999999999,1,0.07142857142857142
2865,97111,30,0.865,0.865,1,0.03333333333333333
2866,97131,20,0.91,0.91,1,0.05
2867,97149,18,0.919,0.919,1,0.05555555555555555
2868,97169,20,0.91,0.91,1,0.05
2869,97183,14,0.9369999999999999,0.9369999999999999,1,0.07142857142857142
2870,97201,18,0.919,0.919,1,0.05555555555555555
2871,97215,14,0.9369999999999999,0.9369999999999999,1,0.07142857142857142
2872,97229,14,0.9369999999999999,0.9369999999999999,1,0.07142857142857142
2873,97244,15,0.9325,0.9325,1,0.06666666666666667
2874,97258,14,0.9369999999999999,0.9369999999999999,1,0.07142857142857142
2875,97274,16,0.9279999999999999,0.9279999999999999,1,0.0625
2876,97290,16,0.9279999999999999,0.9279999999999999,1,0.0625
2877,97306,16,0.9279999999999999,0.9279999999999999,1,0.0625
2878,97320,14,0.9369999999999999,0.9369999999999999,1,0.07142857142857142
2879,97334,14,0.9369999999999999,0.9369999999999999,1,0.07142857142857142
2880,97348,14,0.9369999999999999,0.9369999999999999,1,0.07142857142857142
2881,97362,14,0.9369999999999999,0.9369999999999999,1,0.07142857142857142
2882,97378,16,0.9279999999999999,0.9279999999999999,1,0.0625
2883,97392,14,0.9369999999999999,0.9369999999999999,1,0.07142857142857142
2884,97421,29,0.8694999999999999,0.8694999999999999,1,0.034482758620689655
2885,97435,14,0.9369999999999999,0.9369999999999999,1,0.07142857142857142
2886,97451,16,0.9279999999999999,0.9279999999999999,1,0.0625
2887,97465,14,0.9369999999999999,0.9369999999999999,1,0.07142857142857142
2888,97481,16,0.9279999999999999,0.9279999999999999,1,0.0625
2889,97495,14,0.9369999999999999,0.9369999999999999,1,0.07142857142857142
2890,97509,14,0.9369999999999999,0.9369999999999999,1,0.07142857142857142
2891,97525,16,0.9279999999999999,0.9279999999999999,1,0.0625
2892,97539,14,0.9369999999999999,0.9369999999999999,1,0.07142857142857142
2893,97555,16,0.9279999999999999,0.9279999999999999,1,0.0625
2894,97573,18,0.919,0.919,1,0.05555555555555555
2895,97587,14,0.9369999999999999,0.9369999999999999,1,0.07142857142857142
2896,97603,16,0.9279999999999999,0.9279999999999999,1,0.0625
2897,97617,14,0.9369999999999999,0.9369999999999999,1,0.07142857142857142
2898,97631,14,0.9369999999999999,0.9369999999999999,1,0.07142857142857142
2899,97646,15,0.9325,0.9325,1,0.06666666666666667
2900,97662,16,0.9279999999999999,0.9279999999999999,1,0.0625
2901,97678,16,0.9279999999999999,0.9279999999999999,1,0.0625
2902,97696,18,0.919,0.919,1,0.05555555555555555
2903,97710,14,0.9369999999999999,0.9369999999999999,1,0.07142857142857142
2904,97724,14,0.9369999999999999,0.9369999999999999,1,0.07142857142857142
2905,97738,14,0.9369999999999999,0.9369999999999999,1,0.07142857142857142
2906,97752,14,0.9369999999999999,0.9369999999999999,1,0.07142857142857142
2907,97766,14,0.9369999999999999,0.9369999999999999,1,0.07142857142857142
2908,97780,14,0.9369999999999999,0.9369999999999999,1,0.07142857142857142
2909,97796,16,0.9279999999999999,0.9279999999999999,1,0.0625
2910,97810,14,0.9369999999999999,0.9369999999999999,1,0.07142857142857142
2911,97824,14,0.9369999999999999,0.9369999999999999,1,0.07142857142857142
2912,97844,20,0.91,0.91,1,0.05
2913,97858,14,0.9369999999999999,0.9369999999999999,1,0.07142857142857142
2914,97872,14,0.9369999999999999,0.9369999999999999,1,0.07142857142857142
2915,97886,14,0.9369999999999999,0.9369999999999999,1,0.07142857142857142
2916,97900,14,0.9369999999999999,0.9369999999999999,1,0.07142857142857142
2917,97914,14,0.9369999999999999,0.9369999999999999,1,0.07142857142857142
2918,97928,14,0.9369999999999999,0.9369999999999999,1,0.07142857142857142
2919,97942,14,0.9369999999999999,0.9369999999999999,1,0.07142857142857142
2920,97956,14,0.9369999999999999,0.9369999999999999,1,0.07142857142857142
2921,97970,14,0.9369999999999999,0.9369999999999999,1,0.07142857142857142
2922,97984,14,0.9369999999999999,0.9369999999999999,1,0.07142857142857142
2923,97998,14,0.9369999999999999,0.9369999999999999,1,0.07142857142857142
2924,98012,14,0.9369999999999999,0.9369999999999999,1,0.07142857142857142
2925,98026,14,0.9369999999999999,0.9369999999999999,1,0.07142857142857142
2926,98148,122,0.45099999999999996,0.45099999999999996,1,0.00819672131147541
2927,98348,200,0.0,0.0,0,0.205
2928,98467,119,0.4645,0.4645,1,0.025210084033613446
2929,98493,26,0.883,0.883,1,0.5
2930,98599,106,0.5229999999999999,0.5229999999999999,1,0.12264150943396226
2931,98699,100,0.55,0.55,1,0.01
2932,98833,134,0.3969999999999999,0.3969999999999999,1,0.03731343283582089
2933,98847,14,0.9369999999999999,0.9369999999999999,1,0.07142857142857142
2934,98875,28,0.874,0.874,1,0.4642857142857143
2935,98983,108,0.514,0.514,1,0.42592592592592593
2936,99021,38,0.829,0.829,1,0.6578947368421053
2937,99044,23,0.8965,0.8965,1,0.391304347826087
2938,99062,18,0.919,0.919,1,0.05555555555555555
2939,99076,14,0.9369999999999999,0.9369999999999999,1,0.07142857142857142
2940,99090,14,0.9369999999999999,0.9369999999999999,1,0.07142857142857142
2941,99104,14,0.9369999999999999,0.9369999999999999,1,0.07142857142857142
2942,99120,16,0.9279999999999999,0.9279999999999999,1,0.1875
2943,99136,16,0.9279999999999999,0.9279999999999999,1,0.0625
2944,99155,19,0.9145,0.9145,1,0.05263157894736842
2945,99183,28,0.874,0.874,1,0.03571428571428571
2946,99201,18,0.919,0.919,1,0.05555555555555555
2947,99219,18,0.919,0.919,1,0.05555555555555555
2948,99235,16,0.9279999999999999,0.9279999999999999,1,0.1875
2949,99261,26,0.883,0.883,1,0.11538461538461539
2950,99275,14,0.9369999999999999,0.9369999999999999,1,0.07142857142857142
2951,99289,14,0.9369999999999999,0.9369999999999999,1,0.07142857142857142
2952,99315,26,0.883,0.883,1,0.038461538461538464
2953,99339,24,0.892,0.892,1,0.041666666666666664
2954,99353,14,0.9369999999999999,0.9369999999999999,1,0.07142857142857142
2955,99371,18,0.919,0.919,1,0.05555555555555555
2956,99392,21,0.9055,0.9055,1,0.047619047619047616
2957,99408,16,0.9279999999999999,0.9279999999999999,1,0.0625
2958,99443,35,0.8425,0.8425,1,0.02857142857142857
2959,99457,14,0.9369999999999999,0.9369999999999999,1,0.07142857142857142
2960,99476,19,0.9145,0.9145,1,0.05263157894736842
2961,99497,21,0.9055,0.9055,1,0.047619047619047616
2962,99513,16,0.9279999999999999,0.9279999999999999,1,0.0625
2963,99541,28,0.874,0.874,1,0.03571428571428571
2964,99569,28,0.874,0.874,1,0.03571428571428571
2965,99591,22,0.901,0.901,1,0.045454545454545456
2966,99610,19,0.9145,0.9145,1,0.15789473684210525
2967,99644,34,0.847,0.847,1,0.029411764705882353
2968,99663,19,0.9145,0.9145,1,0.05263157894736842
2969,99679,16,0.9279999999999999,0.9279999999999999,1,0.0625
2970,99698,19,0.9145,0.9145,1,0.05263157894736842
2971,99800,102,0.5409999999999999,0.5409999999999999,1,0.00980392156862745
2972,99821,21,0.9055,0.9055,1,0.047619047619047616
2973,99839,18,0.919,0.919,1,0.05555555555555555
2974,99866,27,0.8785,0.8785,1,0.037037037037037035
2975,99887,21,0.9055,0.9055,1,0.047619047619047616
2976,99919,32,0.856,0.856,1,0.03125
2977,99933,14,0.9369999999999999,0.9369999999999999,1,0.07142857142857142
2978,99950,17,0.9235,0.9235,1,0.058823529411764705
2979,99965,15,0.9325,0.9325,1,0.06666666666666667
2980,99989,24,0.892,0.892,1,0.125
