episode,end_step,length,extrinsic_return,shaped_return,success,tv_fraction
0,200,200,0.0,0.0,0,0.205
1,400,200,0.0,0.0,0,0.145
2,600,200,0.0,0.0,0,0.26
3,800,200,0.0,0.0,0,0.04
4,1000,200,0.0,0.0,0,0.025
5,1200,200,0.0,8.279581181041644,0,0.085
6,1400,200,0.0,5.2144546746937745,0,0.12
7,1600,200,0.0,4.439005143186521,0,0.075
8,1800,200,0.0,4.207211584211817,0,0.105
9,2000,200,0.0,4.115011319302188,0,0.21
10,2189,189,0.14950000000000008,0.15311436298023054,1,0.0582010582010582
11,2389,200,0.0,0.008158929155346772,0,0.195
12,2589,200,0.0,0.017384688263241948,0,0.185
13,2789,200,0.0,0.013228805955630444,0,0.095
14,2989,200,0.0,0.014335329026772781,0,0.135
15,3189,200,0.0,0.0018228791853854862,0,0.065
16,3389,200,0.0,0.001855861167399415,0,0.14
17,3589,200,0.0,0.004546673057929279,0,0.135
18,3789,200,0.0,0.003754555896539197,0,0.155
19,3989,200,0.0,0.006602230094222476,0,0.15
20,4189,200,0.0,0.0008452376855105305,0,0.115
21,4389,200,0.0,0.0006734341680907308,0,0.15
22,4589,200,0.0,0.0030545790622997196,0,0.005
23,4789,200,0.0,0.002920171354772144,0,0.1
24,4989,200,0.0,0.005256899335600782,0,0.03
25,5189,200,0.0,0.0008287003601111317,0,0.26
26,5389,200,0.0,0.0007257125553483986,0,0.01
27,5589,200,0.0,0.0007087701094704777,0,0.085
28,5789,200,0.0,0.0029432805102828927,0,0.015
29,5989,200,0.0,0.0008303756525604918,0,0.175
30,6189,200,0.0,0.0009128161175482621,0,0.02
31,6389,200,0.0,0.00017030384339717327,0,0.1
32,6589,200,0.0,0.0005120732576157638,0,0.13
33,6789,200,0.0,0.00026978387956647933,0,0.1
34,6989,200,0.0,0.0031931836689864687,0,0.01
35,7189,200,0.0,0.0010048060994389053,0,0.04
36,7389,200,0.0,0.00010097824413066597,0,0.25
37,7438,49,0.7795,0.7796838360883793,1,0.02040816326530612
38,7638,200,0.0,0.0013391647036755626,0,0.045
39,7838,200,0.0,0.00014222829353519454,0,0.155
40,8038,200,0.0,0.0002582591731946414,0,0.125
41,8238,200,0.0,9.55644529094229e-05,0,0.285
42,8438,200,0.0,0.0006895537154113421,0,0.055
43,8638,200,0.0,0.0005216731053622972,0,0.11
44,8838,200,0.0,0.001778977233307237,0,0.1
45,9013,175,0.21250000000000002,0.2139256590644308,1,0.06857142857142857
46,9213,200,0.0,7.591007412851804e-05,0,0.335
47,9413,200,0.0,0.000306454823953848,0,0.17
48,9613,200,0.0,0.0007799633153825102,0,0.005
49,9813,200,0.0,0.001548701194404924,0,0.045
50,10013,200,0.0,0.00011452672763282061,0,0.105
51,10213,200,0.0,4.993003461645748e-05,0,0.14
52,10413,200,0.0,0.0017633593273226203,0,0.08
53,10613,200,0.0,7.96358593265458e-05,0,0.2
54,10813,200,0.0,0.00029681353524658793,0,0.015
55,11013,200,0.0,0.0034898814556477264,0,0.045
56,11213,200,0.0,0.00013697556887674463,0,0.105
57,11413,200,0.0,9.66383122883739e-05,0,0.18
58,11613,200,0.0,9.684875515467946e-05,0,0.035
59,11813,200,0.0,0.00011344551082325896,0,0.225
60,11913,100,0.55,0.5501882658289339,1,0.04
61,12093,180,0.18999999999999995,0.19035834606025853,1,0.005555555555555556
62,12182,89,0.5994999999999999,0.5995622521089241,1,0.25842696629213485
63,12382,200,0.0,3.337130892725121e-05,0,0.175
64,12549,167,0.24850000000000005,0.24946422756240763,1,0.0718562874251497
65,12749,200,0.0,5.3665307639309333e-05,0,0.16
66,12949,200,0.0,4.075450314793627e-05,0,0.21
67,13057,108,0.514,0.5142324412449275,1,0.10185185185185185
68,13180,123,0.4465,0.4468450792513622,1,0.12195121951219512
69,13380,200,0.0,4.427313308618124e-05,0,0.155
70,13544,164,0.262,0.2622910895186459,1,0.03048780487804878
71,13744,200,0.0,0.00157512494954653,0,0.055
72,13944,200,0.0,0.00013442633080999888,0,0.205
73,14144,200,0.0,4.6721620336089776e-05,0,0.205
74,14225,81,0.6355,0.6355207260743536,1,0.32098765432098764
75,14296,71,0.6805,0.6805816476421368,1,0.07042253521126761
76,14496,200,0.0,0.00015123105722772255,0,0.205
77,14696,200,0.0,5.4467454307161185e-05,0,0.305
78,14896,200,0.0,0.0001494685850577256,0,0.155
79,15086,190,0.14500000000000002,0.14507049284783624,1,0.13157894736842105
80,15215,129,0.4195,0.41985686235314573,1,0.023255813953488372
81,15295,80,0.6399999999999999,0.6400306168977059,1,0.2125
82,15487,192,0.136,0.13608456498328517,1,0.09895833333333333
83,15687,200,0.0,3.879426031593483e-05,0,0.27
84,15883,196,0.118,0.118635948323575,1,0.09693877551020408
85,16083,200,0.0,2.640330536127232e-05,0,0.07
86,16215,132,0.4059999999999999,0.40609514840601363,1,0.2196969696969697
87,16415,200,0.0,3.841753006583769e-05,0,0.075
88,16615,200,0.0,0.00035540094030929285,0,0.02
89,16815,200,0.0,4.545758033818406e-05,0,0.28
90,16889,74,0.667,0.6672962653811039,1,0.06756756756756757
91,17089,200,0.0,3.2908131106869065e-05,0,0.145
92,17257,168,0.244,0.244142375493048,1,0.11904761904761904
93,17417,160,0.2799999999999999,0.2801918472509046,1,0.00625
94,17514,97,0.5635,0.5636288864740335,1,0.05154639175257732
95,17597,83,0.6265000000000001,0.626538099234784,1,0.3253012048192771
96,17693,96,0.5680000000000001,0.5681608387070824,1,0.07291666666666667
97,17770,77,0.6535,0.6537552103752091,1,0.14285714285714285
98,17809,39,0.8245,0.8246654716703586,1,0.1282051282051282
99,17957,148,0.33399999999999996,0.33417274957667675,1,0.04054054054054054
100,17985,28,0.874,0.8740268354673254,1,0.03571428571428571
101,18015,30,0.865,0.8650121283690303,1,0.1
102,18060,45,0.7975,0.7975599432727075,1,0.15555555555555556
103,18260,200,0.0,4.180093213000232e-05,0,0.055
104,18323,63,0.7164999999999999,0.7165391845938125,1,0.3333333333333333
105,18410,87,0.6085,0.6085540415089796,1,0.08045977011494253
106,18604,194,0.127,0.12707218783540503,1,0.04639175257731959
107,18699,95,0.5725,0.5725843753881524,1,0.1368421052631579
108,18786,87,0.6085,0.6086152731791709,1,0.011494252873563218
109,18986,200,0.0,5.223138557920283e-05,0,0.09
110,19044,58,0.739,0.7390220258850478,1,0.08620689655172414
111,19188,144,0.352,0.3520858713582438,1,0.020833333333333332
112,19337,149,0.3295,0.3295195262888317,1,0.020134228187919462
113,19537,200,0.0,2.5110623246869907e-05,0,0.14
114,19672,135,0.39249999999999996,0.3925351600275538,1,0.2074074074074074
115,19763,91,0.5905,0.5905261802393801,1,0.2087912087912088
116,19839,76,0.6579999999999999,0.6580504277795106,1,0.02631578947368421
117,19989,150,0.32499999999999996,0.3250447757473754,1,0.07333333333333333
118,20151,162,0.2709999999999999,0.27104930932811117,1,0.12345679012345678
119,20188,37,0.8335,0.8335119459421838,1,0.13513513513513514
120,20242,54,0.757,0.757013658604409,1,0.09259259259259259
121,20369,127,0.4285,0.4285304120912277,1,0.12598425196850394
122,20516,147,0.3385,0.3385567105561817,1,0.06802721088435375
123,20603,87,0.6085,0.6085547769123779,1,0.034482758620689655
124,20737,134,0.3969999999999999,0.39705466726529975,1,0.03731343283582089
125,20823,86,0.613,0.6130506447147201,1,0.18604651162790697
126,20936,113,0.49150000000000005,0.4915893817484025,1,0.07964601769911504
127,21059,123,0.4465,0.4465610869885795,1,0.008130081300813009
128,21179,120,0.45999999999999996,0.46003134512836485,1,0.008333333333333333
129,21248,69,0.6895,0.6895809577142227,1,0.014492753623188406
130,21290,42,0.8109999999999999,0.8110044594209681,1,0.07142857142857142
131,21343,53,0.7615,0.7615022596409748,1,0.11320754716981132
132,21404,61,0.7255,0.7255151237724575,1,0.04918032786885246
133,21451,47,0.7885,0.7885112210662214,1,0.06382978723404255
134,21492,41,0.8155,0.8155252341692029,1,0.07317073170731707
135,21642,150,0.32499999999999996,0.3250742973729398,1,0.02
136,21695,53,0.7615,0.7615260708318303,1,0.05660377358490566
137,21721,26,0.883,0.8830074476480645,1,0.11538461538461539
138,21760,39,0.8245,0.8245124990136923,1,0.1794871794871795
139,21789,29,0.8694999999999999,0.8695096240696727,1,0.10344827586206896
140,21823,34,0.847,0.8470076499183015,1,0.20588235294117646
141,21952,129,0.4195,0.41964925930923963,1,0.007751937984496124
142,22006,54,0.757,0.7570373178023563,1,0.09259259259259259
143,22168,162,0.2709999999999999,0.2710262416325537,1,0.16666666666666666
144,22259,91,0.5905,0.5905312741574578,1,0.03296703296703297
145,22287,28,0.874,0.8740039718465681,1,0.32142857142857145
146,22376,89,0.5994999999999999,0.5995230660869253,1,0.056179775280898875
147,22443,67,0.6984999999999999,0.6985304960143677,1,0.014925373134328358
148,22526,83,0.6265000000000001,0.6265217639378586,1,0.012048192771084338
149,22705,179,0.1945,0.19461695553149208,1,0.0782122905027933
150,22771,66,0.703,0.70304053595027,1,0.045454545454545456
151,22834,63,0.7164999999999999,0.7165280653607226,1,0.015873015873015872
152,23034,200,0.0,7.051970747109094e-05,0,0.205
153,23078,44,0.802,0.8020123305460434,1,0.022727272727272728
154,23133,55,0.7525,0.7525073752175244,1,0.01818181818181818
155,23182,49,0.7795,0.7795049371642939,1,0.02040816326530612
156,23224,42,0.8109999999999999,0.8110088018816973,1,0.11904761904761904
157,23268,44,0.802,0.8020062309232863,1,0.18181818181818182
158,23288,20,0.91,0.9100033129635726,1,0.15
159,23329,41,0.8155,0.8155053349478755,1,0.3170731707317073
160,23369,40,0.82,0.8200052734876248,1,0.025
161,23431,62,0.721,0.7210260223234164,1,0.08064516129032258
162,23460,29,0.8694999999999999,0.8695059977064599,1,0.034482758620689655
163,23493,33,0.8514999999999999,0.8515050825725666,1,0.030303030303030304
164,23522,29,0.8694999999999999,0.8695073931364032,1,0.034482758620689655
165,23556,34,0.847,0.8470102798329824,1,0.08823529411764706
166,23603,47,0.7885,0.7885212002901202,1,0.02127659574468085
167,23629,26,0.883,0.8830059922964593,1,0.11538461538461539
168,23661,32,0.856,0.8560038295489547,1,0.09375
169,23717,56,0.748,0.7480192907294367,1,0.05357142857142857
170,23762,45,0.7975,0.7975077185415498,1,0.13333333333333333
171,23827,65,0.7075,0.7075101833195545,1,0.046153846153846156
172,23868,41,0.8155,0.815516791600773,1,0.024390243902439025
173,23896,28,0.874,0.8740148394173427,1,0.03571428571428571
174,23926,30,0.865,0.8650061432203721,1,0.03333333333333333
175,23968,42,0.8109999999999999,0.8110221827154029,1,0.07142857142857142
176,23996,28,0.874,0.8740076270169185,1,0.17857142857142858
177,24035,39,0.8245,0.8245030902307379,1,0.02564102564102564
178,24081,46,0.7929999999999999,0.7930083912498256,1,0.021739130434782608
179,24105,24,0.892,0.8920032055993706,1,0.125
180,24217,112,0.4959999999999999,0.4960130442489513,1,0.008928571428571428
181,24255,38,0.829,0.829007889226074,1,0.02631578947368421
182,24287,32,0.856,0.856003793143688,1,0.03125
183,24348,61,0.7255,0.7255062150062013,1,0.13114754098360656
184,24394,46,0.7929999999999999,0.7930049862790487,1,0.32608695652173914
185,24432,38,0.829,0.8290089366011046,1,0.02631578947368421
186,24482,50,0.775,0.7750123936306846,1,0.14
187,24513,31,0.8605,0.8605033887529626,1,0.03225806451612903
188,24547,34,0.847,0.847006717953727,1,0.029411764705882353
189,24620,73,0.6715,0.6715083763456134,1,0.0547945205479452
190,24650,30,0.865,0.8650050777609676,1,0.03333333333333333
191,24680,30,0.865,0.8650048589262911,1,0.03333333333333333
192,24709,29,0.8694999999999999,0.8695057419265295,1,0.3103448275862069
193,24750,41,0.8155,0.8155115698175989,1,0.17073170731707318
194,24785,35,0.8425,0.8425090586449703,1,0.08571428571428572
195,24832,47,0.7885,0.7885147739245489,1,0.1702127659574468
196,24880,48,0.784,0.7840105034514986,1,0.020833333333333332
197,24910,30,0.865,0.8650144754900498,1,0.03333333333333333
198,24955,45,0.7975,0.7975042871013037,1,0.08888888888888889
199,25046,91,0.5905,0.5905114426099674,1,0.17582417582417584
200,25107,61,0.7255,0.7255108073798568,1,0.01639344262295082
201,25163,56,0.748,0.7480099977705492,1,0.10714285714285714
202,25222,59,0.7344999999999999,0.7345069851367285,1,0.13559322033898305
203,25247,25,0.8875,0.8875030055634175,1,0.04
204,25331,84,0.622,0.6220110330400179,1,0.03571428571428571
205,25366,35,0.8425,0.8425054905163207,1,0.08571428571428572
206,25396,30,0.865,0.8650030176099947,1,0.03333333333333333
207,25421,25,0.8875,0.8875024040289834,1,0.04
208,25452,31,0.8605,0.8605036063270634,1,0.03225806451612903
209,25501,49,0.7795,0.7795107060568316,1,0.02040816326530612
210,25556,55,0.7525,0.7525081416153098,1,0.03636363636363636
211,25606,50,0.775,0.7750097117198247,1,0.18
212,25722,116,0.478,0.4780469195402714,1,0.09482758620689655
213,25748,26,0.883,0.8830055121614758,1,0.19230769230769232
214,25792,44,0.802,0.802008720573215,1,0.06818181818181818
215,25851,59,0.7344999999999999,0.7345289655908365,1,0.01694915254237288
216,25898,47,0.7885,0.7885080312600299,1,0.44680851063829785
217,25925,27,0.8785,0.8785036892586802,1,0.037037037037037035
218,25967,42,0.8109999999999999,0.8110133165350232,1,0.21428571428571427
219,26012,45,0.7975,0.7975058638322099,1,0.2222222222222222
220,26054,42,0.8109999999999999,0.8110040787858712,1,0.11904761904761904
221,26112,58,0.739,0.7390019684659782,1,0.05172413793103448
222,26150,38,0.829,0.829003821231165,1,0.07894736842105263
223,26187,37,0.8335,0.8335020243355818,1,0.16216216216216217
224,26239,52,0.766,0.7660024630524157,1,0.057692307692307696
225,26275,36,0.838,0.8380020759566902,1,0.19444444444444445
226,26295,20,0.91,0.9100017517043862,1,0.15
227,26357,62,0.721,0.7210046406933452,1,0.04838709677419355
228,26410,53,0.7615,0.761504031001029,1,0.11320754716981132
229,26450,40,0.82,0.8200025358084959,1,0.225
230,26534,84,0.622,0.6220144763030289,1,0.05952380952380952
231,26592,58,0.739,0.7390110354476171,1,0.05172413793103448
232,26629,37,0.8335,0.8335040547876321,1,0.4594594594594595
233,26688,59,0.7344999999999999,0.7345066162934983,1,0.11864406779661017
234,26710,22,0.901,0.9010013849933345,1,0.22727272727272727
235,26751,41,0.8155,0.8155043316690357,1,0.024390243902439025
236,26813,62,0.721,0.7210048170720833,1,0.14516129032258066
237,26854,41,0.8155,0.815503143112163,1,0.0975609756097561
238,26905,51,0.7705,0.7705134239901719,1,0.13725490196078433
239,26982,77,0.6535,0.6535110394072455,1,0.012987012987012988
240,27015,33,0.8514999999999999,0.8515017541459251,1,0.21212121212121213
241,27050,35,0.8425,0.8425027178644373,1,0.2571428571428571
242,27084,34,0.847,0.8470047706571269,1,0.14705882352941177
243,27106,22,0.901,0.9010042203458529,1,0.045454545454545456
244,27142,36,0.838,0.8380066877264092,1,0.08333333333333333
245,27202,60,0.73,0.7300106359297339,1,0.08333333333333333
246,27231,29,0.8694999999999999,0.8695063657033156,1,0.034482758620689655
247,27318,87,0.6085,0.6085261577479422,1,0.011494252873563218
248,27376,58,0.739,0.7390133910932435,1,0.05172413793103448
249,27396,20,0.91,0.9100031323586185,1,0.05
250,27452,56,0.748,0.7480207905968407,1,0.05357142857142857
251,27485,33,0.8514999999999999,0.8515089103810626,1,0.030303030303030304
252,27548,63,0.7164999999999999,0.7165160151189574,1,0.015873015873015872
253,27601,53,0.7615,0.7615111134507744,1,0.22641509433962265
254,27649,48,0.784,0.7840111635279116,1,0.0625
255,27750,101,0.5455,0.545542956533199,1,0.009900990099009901
256,27829,79,0.6445,0.6445261000789395,1,0.0759493670886076
257,27907,78,0.649,0.6490407448265961,1,0.01282051282051282
258,27985,78,0.649,0.6490204513769392,1,0.08974358974358974
259,28032,47,0.7885,0.7885056730720256,1,0.02127659574468085
260,28068,36,0.838,0.8380040719502097,1,0.08333333333333333
261,28124,56,0.748,0.7480043094459395,1,0.017857142857142856
262,28158,34,0.847,0.8470025668570911,1,0.029411764705882353
263,28192,34,0.847,0.8470006775295874,1,0.029411764705882353
264,28281,89,0.5994999999999999,0.5995040606443955,1,0.011235955056179775
265,28316,35,0.8425,0.8425020480768847,1,0.02857142857142857
266,28344,28,0.874,0.8740033082678147,1,0.03571428571428571
267,28376,32,0.856,0.8560020583430549,1,0.09375
268,28429,53,0.7615,0.7615041278260221,1,0.018867924528301886
269,28525,96,0.5680000000000001,0.5680098007413421,1,0.09375
270,28578,53,0.7615,0.7615055242006141,1,0.2830188679245283
271,28614,36,0.838,0.8380079845071315,1,0.027777777777777776
272,28653,39,0.8245,0.8245029930476152,1,0.15384615384615385
273,28683,30,0.865,0.8650052778666146,1,0.03333333333333333
274,28794,111,0.5005,0.5005142638110044,1,0.009009009009009009
275,28859,65,0.7075,0.7075089418772321,1,0.07692307692307693
276,28908,49,0.7795,0.7795131438561156,1,0.14285714285714285
277,29002,94,0.577,0.5770085258775179,1,0.26595744680851063
278,29024,22,0.901,0.9010011680227327,1,0.045454545454545456
279,29065,41,0.8155,0.8155043904551091,1,0.024390243902439025
280,29089,24,0.892,0.8920040789937349,1,0.125
281,29138,49,0.7795,0.7795039763224847,1,0.061224489795918366
282,29191,53,0.7615,0.7615066678964795,1,0.39622641509433965
283,29298,107,0.5185,0.5185072368898495,1,0.07476635514018691
284,29348,50,0.775,0.775004059887056,1,0.08
285,29391,43,0.8065,0.8065037681469633,1,0.11627906976744186
286,29451,60,0.73,0.73001415919553,1,0.3
287,29479,28,0.874,0.8740059993583954,1,0.10714285714285714
288,29531,52,0.766,0.7660226134877507,1,0.17307692307692307
289,29589,58,0.739,0.7390253165887959,1,0.10344827586206896
290,29676,87,0.6085,0.6085237227125592,1,0.20689655172413793
291,29727,51,0.7705,0.7705097583662911,1,0.058823529411764705
292,29819,92,0.586,0.5860086313039217,1,0.09782608695652174
293,29938,119,0.4645,0.46459746496628174,1,0.058823529411764705
294,30047,109,0.5095,0.5095133979324515,1,0.09174311926605505
295,30083,36,0.838,0.8380022666154044,1,0.027777777777777776
296,30164,81,0.6355,0.6355011678135012,1,0.07407407407407407
297,30246,82,0.631,0.631015411212363,1,0.36585365853658536
298,30277,31,0.8605,0.8605005527333426,1,0.2903225806451613
299,30389,112,0.4959999999999999,0.49600581984152586,1,0.625
300,30424,35,0.8425,0.8425005266284107,1,0.17142857142857143
301,30458,34,0.847,0.847004988412988,1,0.08823529411764706
302,30482,24,0.892,0.892000694122766,1,0.20833333333333334
303,30514,32,0.856,0.8560017589240235,1,0.1875
304,30573,59,0.7344999999999999,0.7345032741838021,1,0.423728813559322
305,30773,200,0.0,1.1720974912164211e-05,0,0.275
306,30891,118,0.469,0.4690084993621918,1,0.05084745762711865
307,30915,24,0.892,0.8920015440522004,1,0.2916666666666667
308,31107,192,0.136,0.13601620637812536,1,0.3020833333333333
309,31297,190,0.14500000000000002,0.14500435762536376,1,0.015789473684210527
310,31443,146,0.34299999999999997,0.34301154868380723,1,0.00684931506849315
311,31473,30,0.865,0.86500163151248,1,0.2
312,31492,19,0.9145,0.9145003205030245,1,0.05263157894736842
313,31672,180,0.18999999999999995,0.19004562422990093,1,0.005555555555555556
314,31692,20,0.91,0.9100017785853991,1,0.05
315,31722,30,0.865,0.865001871735903,1,0.03333333333333333
316,31748,26,0.883,0.8830016920445662,1,0.038461538461538464
317,31835,87,0.6085,0.6085047416527105,1,0.04597701149425287
318,31901,66,0.703,0.7030016452256503,1,0.18181818181818182
319,31929,28,0.874,0.8740004001259903,1,0.03571428571428571
320,31957,28,0.874,0.8740011441309209,1,0.03571428571428571
321,31987,30,0.865,0.8650013989672761,1,0.03333333333333333
322,32044,57,0.7435,0.7435020610349435,1,0.017543859649122806
323,32058,14,0.9369999999999999,0.9370005180312898,1,0.07142857142857142
324,32258,200,0.0,6.739330908200932e-06,0,0.1
325,32354,96,0.5680000000000001,0.5680032740780259,1,0.020833333333333332
326,32374,20,0.91,0.910000171086675,1,0.05
327,32439,65,0.7075,0.7075032247382376,1,0.015384615384615385
328,32453,14,0.9369999999999999,0.9370003502421786,1,0.07142857142857142
329,32477,24,0.892,0.8920013320978649,1,0.041666666666666664
330,32505,28,0.874,0.8740004353994539,1,0.03571428571428571
331,32521,16,0.9279999999999999,0.9280000906607422,1,0.0625
332,32543,22,0.901,0.9010014570369876,1,0.045454545454545456
333,32570,27,0.8785,0.8785015967984882,1,0.037037037037037035
334,32626,56,0.748,0.7480023372096222,1,0.07142857142857142
335,32694,68,0.694,0.6940036212461435,1,0.10294117647058823
336,32724,30,0.865,0.8650019740494853,1,0.1
337,32740,16,0.9279999999999999,0.9280006988833596,1,0.0625
338,32777,37,0.8335,0.8335015343373117,1,0.16216216216216217
339,32956,179,0.1945,0.19450484246588742,1,0.027932960893854747
340,33094,138,0.379,0.3790055400077606,1,0.007246376811594203
341,33112,18,0.919,0.919001369079658,1,0.05555555555555555
342,33172,60,0.73,0.7300031063643657,1,0.06666666666666667
343,33199,27,0.8785,0.8785013182020232,1,0.037037037037037035
344,33251,52,0.766,0.7660166990404481,1,0.038461538461538464
345,33265,14,0.9369999999999999,0.9370007420427703,1,0.07142857142857142
346,33288,23,0.8965,0.8965017909612433,1,0.043478260869565216
347,33326,38,0.829,0.8290030865375078,1,0.02631578947368421
348,33438,112,0.4959999999999999,0.4960072532655343,1,0.03571428571428571
349,33462,24,0.892,0.892001314537474,1,0.041666666666666664
350,33662,200,0.0,1.2238347538839626e-05,0,0.025
351,33821,159,0.2845,0.28450877539777014,1,0.012578616352201259
352,33988,167,0.24850000000000005,0.24851131901129148,1,0.041916167664670656
353,34006,18,0.919,0.9190007238420216,1,0.05555555555555555
354,34148,142,0.361,0.36100337684381395,1,0.007042253521126761
355,34176,28,0.874,0.8740011530798926,1,0.03571428571428571
356,34202,26,0.883,0.8830010985907211,1,0.038461538461538464
357,34228,26,0.883,0.8830016260579044,1,0.038461538461538464
358,34248,20,0.91,0.9100010280602958,1,0.05
359,34310,62,0.721,0.7210035946797793,1,0.016129032258064516
360,34345,35,0.8425,0.842502416222219,1,0.14285714285714285
361,34380,35,0.8425,0.8425055742947897,1,0.05714285714285714
362,34410,30,0.865,0.8650004200233754,1,0.03333333333333333
363,34610,200,0.0,2.531063975558664e-06,0,0.005
364,34670,60,0.73,0.7300042965631189,1,0.05
365,34689,19,0.9145,0.9145011083442285,1,0.05263157894736842
366,34736,47,0.7885,0.7885030004878514,1,0.02127659574468085
367,34764,28,0.874,0.874000339080851,1,0.03571428571428571
368,34792,28,0.874,0.8740012170438045,1,0.03571428571428571
369,34828,36,0.838,0.8380018451775657,1,0.08333333333333333
370,34857,29,0.8694999999999999,0.8695015146663065,1,0.10344827586206896
371,34915,58,0.739,0.7390025458943915,1,0.06896551724137931
372,34944,29,0.8694999999999999,0.8695170031452448,1,0.06896551724137931
373,34962,18,0.919,0.9190009376948829,1,0.05555555555555555
374,35019,57,0.7435,0.7435027043632317,1,0.017543859649122806
375,35045,26,0.883,0.8830015396395876,1,0.038461538461538464
376,35074,29,0.8694999999999999,0.8695042562681341,1,0.034482758620689655
377,35128,54,0.757,0.7570111909212913,1,0.07407407407407407
378,35150,22,0.901,0.9010009848005565,1,0.045454545454545456
379,35186,36,0.838,0.8380016136436266,1,0.08333333333333333
380,35209,23,0.8965,0.8965008752997464,1,0.043478260869565216
381,35229,20,0.91,0.910000650624785,1,0.05
382,35257,28,0.874,0.8740011504985974,1,0.03571428571428571
383,35277,20,0.91,0.9100006265073136,1,0.05
384,35309,32,0.856,0.856001349586672,1,0.03125
385,35337,28,0.874,0.874001505584914,1,0.17857142857142858
386,35377,40,0.82,0.820003194842818,1,0.075
387,35399,22,0.901,0.9010012190256681,1,0.18181818181818182
388,35421,22,0.901,0.9010014315785991,1,0.13636363636363635
389,35467,46,0.7929999999999999,0.793000831776495,1,0.043478260869565216
390,35488,21,0.9055,0.9055002190730557,1,0.14285714285714285
391,35507,19,0.9145,0.9145005717730716,1,0.05263157894736842
392,35540,33,0.8514999999999999,0.8515016664976941,1,0.030303030303030304
393,35562,22,0.901,0.901001449781017,1,0.045454545454545456
394,35588,26,0.883,0.883002427146512,1,0.2692307692307692
395,35605,17,0.9235,0.9235008816744212,1,0.17647058823529413
396,35623,18,0.919,0.9190009940863035,1,0.16666666666666666
397,35639,16,0.9279999999999999,0.9280011424172973,1,0.0625
398,35675,36,0.838,0.8380039267541662,1,0.05555555555555555
399,35735,60,0.73,0.7300011671065967,1,0.08333333333333333
400,35753,18,0.919,0.9190005196532325,1,0.05555555555555555
401,35789,36,0.838,0.8380027197815669,1,0.027777777777777776
402,35812,23,0.8965,0.8965026401168689,1,0.043478260869565216
403,35828,16,0.9279999999999999,0.9280010625367529,1,0.0625
404,35848,20,0.91,0.9100020748372321,1,0.15
405,35872,24,0.892,0.8920024398730199,1,0.20833333333333334
406,35898,26,0.883,0.8830021507758412,1,0.038461538461538464
407,35923,25,0.8875,0.8875014114471874,1,0.12
408,35941,18,0.919,0.9190010843937698,1,0.05555555555555555
409,35976,35,0.8425,0.8425012148873082,1,0.02857142857142857
410,35997,21,0.9055,0.9055007819982701,1,0.047619047619047616
411,36015,18,0.919,0.919001578566042,1,0.2777777777777778
412,36042,27,0.8785,0.8785038502518381,1,0.25925925925925924
413,36058,16,0.9279999999999999,0.9280033708958481,1,0.0625
414,36091,33,0.8514999999999999,0.8515044275109623,1,0.030303030303030304
415,36213,122,0.45099999999999996,0.4510184350339557,1,0.00819672131147541
416,36254,41,0.8155,0.8155091956965905,1,0.024390243902439025
417,36279,25,0.8875,0.8875043605017088,1,0.2
418,36306,27,0.8785,0.878505043452178,1,0.1111111111111111
419,36334,28,0.874,0.874005466550973,1,0.03571428571428571
420,36370,36,0.838,0.8380072354635602,1,0.08333333333333333
421,36456,86,0.613,0.6130142939113503,1,0.05813953488372093
422,36484,28,0.874,0.8740057535358623,1,0.03571428571428571
423,36509,25,0.8875,0.8875051300973675,1,0.28
424,36529,20,0.91,0.9100047070547919,1,0.05
425,36557,28,0.874,0.8740060021361004,1,0.21428571428571427
426,36585,28,0.874,0.8740064357033508,1,0.17857142857142858
427,36609,24,0.892,0.8920127667956798,1,0.08333333333333333
428,36632,23,0.8965,0.8965040821883377,1,0.043478260869565216
429,36663,31,0.8605,0.86050533641156,1,0.16129032258064516
430,36683,20,0.91,0.9100036419786632,1,0.05
431,36699,16,0.9279999999999999,0.9280022391687016,1,0.1875
432,36717,18,0.919,0.9190034924790298,1,0.05555555555555555
433,36753,36,0.838,0.8380119725586784,1,0.3055555555555556
434,36789,36,0.838,0.8380184486139755,1,0.08333333333333333
435,36815,26,0.883,0.8830032782548877,1,0.038461538461538464
436,36846,31,0.8605,0.8605042673734149,1,0.03225806451612903
437,36864,18,0.919,0.9190027731518002,1,0.05555555555555555
438,36882,18,0.919,0.9190039872759095,1,0.05555555555555555
439,36941,59,0.7344999999999999,0.73452283780466,1,0.05084745762711865
440,36977,36,0.838,0.8380063154610187,1,0.027777777777777776
441,37047,70,0.685,0.6850168476539753,1,0.05714285714285714
442,37110,63,0.7164999999999999,0.7165007942074444,1,0.07936507936507936
443,37271,161,0.27549999999999997,0.2755031409152034,1,0.018633540372670808
444,37392,121,0.4555,0.4555027485348746,1,0.008264462809917356
445,37517,125,0.4375,0.43750685716948384,1,0.048
446,37601,84,0.622,0.6220058782768589,1,0.011904761904761904
447,37629,28,0.874,0.8740005390838973,1,0.10714285714285714
448,37665,36,0.838,0.8380138617101947,1,0.05555555555555555
449,37865,200,0.0,1.002271753327458e-05,0,0.005
450,38014,149,0.3295,0.32953207775475096,1,0.013422818791946308
451,38092,78,0.649,0.6490022072548572,1,0.038461538461538464
452,38145,53,0.7615,0.7615003140590038,1,0.018867924528301886
453,38175,30,0.865,0.865000063651052,1,0.03333333333333333
454,38257,82,0.631,0.6310026419394477,1,0.012195121951219513
455,38291,34,0.847,0.8470001389180806,1,0.029411764705882353
456,38403,112,0.4959999999999999,0.4960011359063217,1,0.008928571428571428
457,38603,200,0.0,3.9825808503987835e-06,0,0.015
458,38681,78,0.649,0.6490019327247191,1,0.11538461538461539
459,38821,140,0.37,0.37000132106210387,1,0.007142857142857143
460,38997,176,0.20799999999999996,0.20800265390295108,1,0.005681818181818182
461,39021,24,0.892,0.8920007424712878,1,0.041666666666666664
462,39047,26,0.883,0.8830008620291255,1,0.11538461538461539
463,39128,81,0.6355,0.6355011763497113,1,0.012345679012345678
464,39146,18,0.919,0.919000321874727,1,0.05555555555555555
465,39251,105,0.5275,0.5275016238590563,1,0.009523809523809525
466,39303,52,0.766,0.7660013569782916,1,0.019230769230769232
467,39346,43,0.8065,0.8065008182972583,1,0.023255813953488372
468,39393,47,0.7885,0.788500698892528,1,0.02127659574468085
469,39451,58,0.739,0.7390007846308231,1,0.017241379310344827
470,39542,91,0.5905,0.5905012472182675,1,0.01098901098901099
471,39742,200,0.0,1.2462931132452956e-05,0,0.005
472,39822,80,0.6399999999999999,0.640001475802674,1,0.0125
473,39848,26,0.883,0.883000132518088,1,0.038461538461538464
474,39914,66,0.703,0.7030000192343382,1,0.045454545454545456
475,39991,77,0.6535,0.6535001204477109,1,0.012987012987012988
476,40047,56,0.748,0.748001110064044,1,0.017857142857142856
477,40155,108,0.514,0.5140026917591801,1,0.027777777777777776
478,40184,29,0.8694999999999999,0.8695010040673152,1,0.034482758620689655
479,40224,40,0.82,0.8200019694933309,1,0.025
480,40252,28,0.874,0.8740010320492608,1,0.10714285714285714
481,40363,111,0.5005,0.5005040125168657,1,0.009009009009009009
482,40453,90,0.595,0.5950202662364686,1,0.011111111111111112
483,40532,79,0.6445,0.6445036007179047,1,0.012658227848101266
484,40589,57,0.7435,0.7435011953423891,1,0.017543859649122806
485,40643,54,0.757,0.757002737261215,1,0.018518518518518517
486,40661,18,0.919,0.9190002084248906,1,0.05555555555555555
487,40848,187,0.15849999999999997,0.15851255191953065,1,0.0053475935828877
488,41048,200,0.0,1.6700243581954353e-05,0,0.025
489,41248,200,0.0,1.3439715533590787e-05,0,0.005
490,41418,170,0.235,0.23500644841984067,1,0.029411764705882353
491,41618,200,0.0,9.830488282776477e-06,0,0.005
492,41714,96,0.5680000000000001,0.5680038480651003,1,0.010416666666666666
493,41914,200,0.0,1.1763342068949452e-05,0,0.005
494,42013,99,0.5545,0.5545053178525622,1,0.010101010101010102
495,42092,79,0.6445,0.6445021389454035,1,0.012658227848101266
496,42292,200,0.0,6.074873124805654e-06,0,0.005
497,42492,200,0.0,1.2297496093967846e-05,0,0.005
498,42692,200,0.0,6.501425086149071e-06,0,0.005
499,42892,200,0.0,1.0037707851590438e-05,0,0.275
500,43092,200,0.0,9.815978685079233e-06,0,0.005
501,43150,58,0.739,0.7390011655697373,1,0.017241379310344827
502,43236,86,0.613,0.6130002247317614,1,0.011627906976744186
503,43298,62,0.721,0.7210006904470433,1,0.08064516129032258
504,43347,49,0.7795,0.779500098947459,1,0.061224489795918366
505,43377,30,0.865,0.8650003684383285,1,0.1
506,43423,46,0.7929999999999999,0.7930004807926095,1,0.10869565217391304
507,43479,56,0.748,0.7480003523209353,1,0.017857142857142856
508,43527,48,0.784,0.7840003820287791,1,0.020833333333333332
509,43562,35,0.8425,0.8425000459729529,1,0.02857142857142857
510,43593,31,0.8605,0.8605000783683087,1,0.03225806451612903
511,43631,38,0.829,0.8290001212008347,1,0.02631578947368421
512,43717,86,0.613,0.6130157280887134,1,0.03488372093023256
513,43780,63,0.7164999999999999,0.716500109166589,1,0.015873015873015872
514,43834,54,0.757,0.7570009473008705,1,0.018518518518518517
515,44000,166,0.253,0.25300457738078475,1,0.006024096385542169
516,44040,40,0.82,0.8200004864732434,1,0.075
517,44090,50,0.775,0.7750011458532537,1,0.1
518,44104,14,0.9369999999999999,0.9370000326286704,1,0.07142857142857142
519,44122,18,0.919,0.9190000756749175,1,0.05555555555555555
520,44201,79,0.6445,0.6445001463256155,1,0.012658227848101266
521,44278,77,0.6535,0.6535002111072424,1,0.012987012987012988
522,44362,84,0.622,0.6220008994317312,1,0.011904761904761904
523,44412,50,0.775,0.7750012948909258,1,0.02
524,44433,21,0.9055,0.9055002419480762,1,0.047619047619047616
525,44483,50,0.775,0.7750001441035425,1,0.02
526,44515,32,0.856,0.8560000842486245,1,0.03125
527,44578,63,0.7164999999999999,0.7165024591526676,1,0.015873015873015872
528,44665,87,0.6085,0.6085017622632274,1,0.11494252873563218
529,44719,54,0.757,0.7570002494392524,1,0.018518518518518517
530,44761,42,0.8109999999999999,0.8110014611107007,1,0.07142857142857142
531,44851,90,0.595,0.5950004009795948,1,0.011111111111111112
532,44974,123,0.4465,0.44650096187678284,1,0.008130081300813009
533,45008,34,0.847,0.8470019886381958,1,0.029411764705882353
534,45074,66,0.703,0.7030038032766484,1,0.015151515151515152
535,45122,48,0.784,0.7840015208881268,1,0.0625
536,45156,34,0.847,0.8470009362834152,1,0.08823529411764706
537,45233,77,0.6535,0.6535041022534321,1,0.012987012987012988
538,45286,53,0.7615,0.7615029794084894,1,0.05660377358490566
539,45309,23,0.8965,0.8965012480163769,1,0.043478260869565216
540,45391,82,0.631,0.6310026503578692,1,0.012195121951219513
541,45519,128,0.42399999999999993,0.4240098851093258,1,0.0078125
542,45567,48,0.784,0.7840031973871556,1,0.020833333333333332
543,45625,58,0.739,0.7390064727274107,1,0.017241379310344827
544,45747,122,0.45099999999999996,0.45100762013723156,1,0.00819672131147541
545,45839,92,0.586,0.5860010683825835,1,0.010869565217391304
546,45873,34,0.847,0.8470008209410883,1,0.029411764705882353
547,46073,200,0.0,2.5802663951842983e-05,0,0.005
548,46266,193,0.13150000000000006,0.1315141367851069,1,0.0051813471502590676
549,46284,18,0.919,0.9190001460302373,1,0.05555555555555555
550,46300,16,0.9279999999999999,0.9280000415135299,1,0.0625
551,46374,74,0.667,0.667001345676405,1,0.013513513513513514
552,46476,102,0.5409999999999999,0.5410013277886946,1,0.00980392156862745
553,46526,50,0.775,0.7750003094466272,1,0.02
554,46585,59,0.7344999999999999,0.734500038438639,1,0.01694915254237288
555,46710,125,0.4375,0.4375014138906706,1,0.008
556,46777,67,0.6984999999999999,0.698500529819138,1,0.014925373134328358
557,46805,28,0.874,0.8740003486873881,1,0.03571428571428571
558,46829,24,0.892,0.892000566526868,1,0.125
559,46893,64,0.712,0.7120019079159927,1,0.015625
560,47023,130,0.4149999999999999,0.415002026831644,1,0.007692307692307693
561,47125,102,0.5409999999999999,0.5410017810702215,1,0.00980392156862745
562,47325,200,0.0,1.8101304789928286e-07,0,0.005
563,47343,18,0.919,0.919,1,0.05555555555555555
564,47361,18,0.919,0.919000105136922,1,0.05555555555555555
565,47429,68,0.694,0.6940005235601479,1,0.014705882352941176
566,47629,200,0.0,4.363267410879619e-07,0,0.015
567,47752,123,0.4465,0.4465047289445157,1,0.008130081300813009
568,47836,84,0.622,0.6220007422180847,1,0.011904761904761904
569,47860,24,0.892,0.8920005073993783,1,0.041666666666666664
570,47903,43,0.8065,0.8065001261000334,1,0.06976744186046512
571,48003,100,0.55,0.5500008980019687,1,0.01
572,48059,56,0.748,0.7480035032913328,1,0.017857142857142856
573,48134,75,0.6625,0.6625049548629123,1,0.14666666666666667
574,48154,20,0.91,0.9100018729088839,1,0.05
575,48168,14,0.9369999999999999,0.9370016347827453,1,0.07142857142857142
576,48237,69,0.6895,0.6895096669264511,1,0.014492753623188406
577,48261,24,0.892,0.8920023674548822,1,0.20833333333333334
578,48283,22,0.901,0.9010024597720818,1,0.045454545454545456
579,48343,60,0.73,0.7300107705248137,1,0.016666666666666666
580,48440,97,0.5635,0.563516490798906,1,0.010309278350515464
581,48454,14,0.9369999999999999,0.9370006835030867,1,0.07142857142857142
582,48553,99,0.5545,0.5545146105212568,1,0.010101010101010102
583,48591,38,0.829,0.8290028940831042,1,0.4473684210526316
584,48639,48,0.784,0.7840062768245267,1,0.020833333333333332
585,48691,52,0.766,0.7660006724621786,1,0.019230769230769232
586,48729,38,0.829,0.8290012202270218,1,0.02631578947368421
587,48743,14,0.9369999999999999,0.9370007900065885,1,0.07142857142857142
588,48769,26,0.883,0.8830030037209792,1,0.038461538461538464
589,48856,87,0.6085,0.6085062200738749,1,0.011494252873563218
590,48888,32,0.856,0.8560025107137479,1,0.46875
591,48924,36,0.838,0.8380046609254099,1,0.027777777777777776
592,49043,119,0.4645,0.46450800202678955,1,0.6974789915966386
593,49150,107,0.5185,0.5186710146546795,1,0.09345794392523364
594,49164,14,0.9369999999999999,0.9370001117185641,1,0.07142857142857142
595,49326,162,0.2709999999999999,0.2710042529903557,1,0.6419753086419753
596,49394,68,0.694,0.6940028586465785,1,0.014705882352941176
597,49594,200,0.0,2.2543576497234513e-05,0,0.92
598,49670,76,0.6579999999999999,0.6580079675592395,1,0.7763157894736842
599,49736,66,0.703,0.7030018035599442,1,0.22727272727272727
600,49875,139,0.37450000000000006,0.37450361833435536,1,0.4676258992805755
601,49921,46,0.7929999999999999,0.7930011636790949,1,0.2391304347826087
602,49949,28,0.874,0.8740019359173702,1,0.5357142857142857
603,50115,166,0.253,0.25300834281455686,1,0.6445783132530121
604,50182,67,0.6984999999999999,0.6985001106133578,1,0.16417910447761194
605,50382,200,0.0,7.608537523007197e-08,0,1.0
606,50465,83,0.6265000000000001,0.6265003297017452,1,0.012048192771084338
607,50521,56,0.748,0.7480003449796607,1,0.30357142857142855
608,50691,170,0.235,0.23500149183197147,1,0.2529411764705882
609,50707,16,0.9279999999999999,0.9280000669876087,1,0.0625
610,50838,131,0.4105,0.41050053358154476,1,0.007633587786259542
611,50992,154,0.30699999999999994,0.30700306568019353,1,0.032467532467532464
612,51008,16,0.9279999999999999,0.92800020792606,1,0.0625
613,51208,200,0.0,7.507136821064596e-05,0,0.01
614,51246,38,0.829,0.8290001027281177,1,0.02631578947368421
615,51266,20,0.91,0.9100000331065997,1,0.05
616,51280,14,0.9369999999999999,0.9369999999999999,1,0.07142857142857142
617,51315,35,0.8425,0.8425000919101343,1,0.02857142857142857
618,51333,18,0.919,0.9190001888746484,1,0.05555555555555555
619,51381,48,0.784,0.784000308579424,1,0.020833333333333332
620,51395,14,0.9369999999999999,0.9370000544364374,1,0.07142857142857142
621,51411,16,0.9279999999999999,0.9280000363589749,1,0.0625
622,51438,27,0.8785,0.8785001449163277,1,0.037037037037037035
623,51471,33,0.8514999999999999,0.8515003836340557,1,0.030303030303030304
624,51485,14,0.9369999999999999,0.9370000581348111,1,0.07142857142857142
625,51499,14,0.9369999999999999,0.9369999999999999,1,0.07142857142857142
626,51519,20,0.91,0.91,1,0.05
627,51595,76,0.6579999999999999,0.658000217933666,1,0.013157894736842105
628,51702,107,0.5185,0.5185002277467362,1,0.009345794392523364
629,51718,16,0.9279999999999999,0.9279999999999999,1,0.1875
630,51732,14,0.9369999999999999,0.9369999999999999,1,0.07142857142857142
631,51777,45,0.7975,0.7975000015141734,1,0.022222222222222223
632,51793,16,0.9279999999999999,0.9279999999999999,1,0.0625
633,51813,20,0.91,0.91,1,0.05
634,51827,14,0.9369999999999999,0.9369999999999999,1,0.07142857142857142
635,51841,14,0.9369999999999999,0.9370000429455186,1,0.07142857142857142
636,51857,16,0.9279999999999999,0.9280000605152973,1,0.0625
637,51872,15,0.9325,0.9325000777243183,1,0.06666666666666667
638,51886,14,0.9369999999999999,0.9369999999999999,1,0.07142857142857142
639,51928,42,0.8109999999999999,0.8110000797366617,1,0.023809523809523808
640,51948,20,0.91,0.9100000256480505,1,0.05
641,51998,50,0.775,0.7750003852011843,1,0.02
642,52012,14,0.9369999999999999,0.9370003921160154,1,0.07142857142857142
643,52026,14,0.9369999999999999,0.9370005106356908,1,0.07142857142857142
644,52040,14,0.9369999999999999,0.937000175019014,1,0.07142857142857142
645,52062,22,0.901,0.9010001686264575,1,0.045454545454545456
646,52078,16,0.9279999999999999,0.9280009576064301,1,0.0625
647,52094,16,0.9279999999999999,0.9280006075332317,1,0.0625
648,52108,14,0.9369999999999999,0.9370003484055648,1,0.07142857142857142
649,52124,16,0.9279999999999999,0.9280006545300278,1,0.0625
650,52138,14,0.9369999999999999,0.9370006693876489,1,0.07142857142857142
651,52152,14,0.9369999999999999,0.9370006084431961,1,0.07142857142857142
652,52170,18,0.919,0.9190013345813376,1,0.05555555555555555
653,52192,22,0.901,0.9010007432632567,1,0.045454545454545456
654,52208,16,0.9279999999999999,0.9280003765993156,1,0.0625
655,52222,14,0.9369999999999999,0.937000243302245,1,0.07142857142857142
656,52320,98,0.5589999999999999,0.5590018971630645,1,0.01020408163265306
657,52358,38,0.829,0.8290003987349108,1,0.02631578947368421
658,52374,16,0.9279999999999999,0.9280003360364192,1,0.0625
659,52392,18,0.919,0.9190005313028272,1,0.05555555555555555
660,52408,16,0.9279999999999999,0.9280004633165666,1,0.0625
661,52422,14,0.9369999999999999,0.9370002931318394,1,0.07142857142857142
662,52438,16,0.9279999999999999,0.9280002643773805,1,0.0625
663,52477,39,0.8245,0.824500941746171,1,0.02564102564102564
664,52491,14,0.9369999999999999,0.9370005648274202,1,0.07142857142857142
665,52505,14,0.9369999999999999,0.9370007728046561,1,0.07142857142857142
666,52579,74,0.667,0.6670234788606663,1,0.04054054054054054
667,52599,20,0.91,0.9100002690105992,1,0.05
668,52700,101,0.5455,0.5455077259742955,1,0.009900990099009901
669,52774,74,0.667,0.667003298049397,1,0.013513513513513514
670,52790,16,0.9279999999999999,0.9280002499109601,1,0.0625
671,52804,14,0.9369999999999999,0.9370002721325091,1,0.07142857142857142
672,52818,14,0.9369999999999999,0.9370003395565918,1,0.07142857142857142
673,52832,14,0.9369999999999999,0.9370004089086182,1,0.07142857142857142
674,52898,66,0.703,0.7030010349536165,1,0.015151515151515152
675,52918,20,0.91,0.9100003431279737,1,0.05
676,52932,14,0.9369999999999999,0.9370000494778349,1,0.07142857142857142
677,52948,16,0.9279999999999999,0.9279999999999999,1,0.0625
678,52963,15,0.9325,0.9325,1,0.06666666666666667
679,52977,14,0.9369999999999999,0.9370000913154659,1,0.07142857142857142
680,53039,62,0.721,0.7210025709735802,1,0.016129032258064516
681,53159,120,0.45999999999999996,0.46001194716988913,1,0.008333333333333333
682,53243,84,0.622,0.6220088642809756,1,0.011904761904761904
683,53293,50,0.775,0.7750040343405129,1,0.02
684,53311,18,0.919,0.919000833624658,1,0.05555555555555555
685,53392,81,0.6355,0.6355054225048333,1,0.012345679012345678
686,53456,64,0.712,0.7120055546768874,1,0.015625
687,53480,24,0.892,0.8920039496906763,1,0.041666666666666664
688,53549,69,0.6895,0.68950719003313,1,0.014492753623188406
689,53649,100,0.55,0.5500055537392253,1,0.01
690,53703,54,0.757,0.7570046947339414,1,0.018518518518518517
691,53835,132,0.4059999999999999,0.4060128095231453,1,0.007575757575757576
692,54025,190,0.14500000000000002,0.14501785290374536,1,0.005263157894736842
693,54039,14,0.9369999999999999,0.9370030869545474,1,0.07142857142857142
694,54093,54,0.757,0.7570105858844213,1,0.018518518518518517
695,54117,24,0.892,0.8920060829270989,1,0.041666666666666664
696,54149,32,0.856,0.8560071796803722,1,0.03125
697,54171,22,0.901,0.9010058596582265,1,0.045454545454545456
698,54195,24,0.892,0.8920079541593491,1,0.041666666666666664
699,54213,18,0.919,0.9190046789484998,1,0.05555555555555555
700,54231,18,0.919,0.9190047833499554,1,0.05555555555555555
701,54249,18,0.919,0.9190051547943897,1,0.05555555555555555
702,54265,16,0.9279999999999999,0.9280038333730137,1,0.0625
703,54281,16,0.9279999999999999,0.9280041360460903,1,0.0625
704,54297,16,0.9279999999999999,0.9280037813908522,1,0.0625
705,54325,28,0.874,0.8740092325073684,1,0.03571428571428571
706,54343,18,0.919,0.9190043301634268,1,0.05555555555555555
707,54361,18,0.919,0.9190049677778449,1,0.05555555555555555
708,54377,16,0.9279999999999999,0.9280042454834003,1,0.0625
709,54395,18,0.919,0.9190045308716145,1,0.05555555555555555
710,54413,18,0.919,0.9190046981147844,1,0.05555555555555555
711,54447,34,0.847,0.8470062128884809,1,0.029411764705882353
712,54465,18,0.919,0.919003274224138,1,0.05555555555555555
713,54485,20,0.91,0.9100049413002214,1,0.05
714,54508,23,0.8965,0.8965061949328176,1,0.043478260869565216
715,54536,28,0.874,0.8740057383021008,1,0.03571428571428571
716,54550,14,0.9369999999999999,0.9370042760187394,1,0.07142857142857142
717,54564,14,0.9369999999999999,0.9370041369796966,1,0.07142857142857142
718,54582,18,0.919,0.9190032907462129,1,0.16666666666666666
719,54600,18,0.919,0.9190043765427655,1,0.05555555555555555
720,54616,16,0.9279999999999999,0.9280036091761402,1,0.0625
721,54632,16,0.9279999999999999,0.9280038499911084,1,0.0625
722,54652,20,0.91,0.9100046255825331,1,0.05
723,54678,26,0.883,0.8830055819877545,1,0.038461538461538464
724,54698,20,0.91,0.9100058599434049,1,0.05
725,54716,18,0.919,0.9190043615443315,1,0.05555555555555555
726,54736,20,0.91,0.9100048877927777,1,0.25
727,54754,18,0.919,0.9190042365453708,1,0.05555555555555555
728,54770,16,0.9279999999999999,0.9280043705359771,1,0.0625
729,54786,16,0.9279999999999999,0.9280044034694644,1,0.0625
730,54802,16,0.9279999999999999,0.9280038617521281,1,0.0625
731,54818,16,0.9279999999999999,0.9280039872461466,1,0.0625
732,54834,16,0.9279999999999999,0.9280038698031177,1,0.0625
733,54850,16,0.9279999999999999,0.9280037453166544,1,0.0625
734,54866,16,0.9279999999999999,0.9280034987032346,1,0.0625
735,54884,18,0.919,0.919003790889633,1,0.05555555555555555
736,54898,14,0.9369999999999999,0.9370043298146733,1,0.07142857142857142
737,54918,20,0.91,0.9100044255603746,1,0.05
738,54936,18,0.919,0.9190049949248409,1,0.05555555555555555
739,54952,16,0.9279999999999999,0.9280041847176661,1,0.0625
740,54976,24,0.892,0.892006248122068,1,0.041666666666666664
741,54992,16,0.9279999999999999,0.9280031612046139,1,0.0625
742,55010,18,0.919,0.9190017874693156,1,0.05555555555555555
743,55034,24,0.892,0.8920009536013299,1,0.041666666666666664
744,55062,28,0.874,0.8740024332251516,1,0.03571428571428571
745,55087,25,0.8875,0.8875010237994553,1,0.04
746,55241,154,0.30699999999999994,0.3070064319190174,1,0.006493506493506494
747,55319,78,0.649,0.649002700814867,1,0.01282051282051282
748,55339,20,0.91,0.910002376526465,1,0.05
749,55531,192,0.136,0.13600682524042768,1,0.005208333333333333
750,55625,94,0.577,0.5770109387938793,1,0.010638297872340425
751,55669,44,0.802,0.8020066931795503,1,0.06818181818181818
752,55705,36,0.838,0.8380064686422787,1,0.027777777777777776
753,55786,81,0.6355,0.635513825049716,1,0.012345679012345678
754,55814,28,0.874,0.8740040938470446,1,0.03571428571428571
755,55870,56,0.748,0.7480052745001626,1,0.017857142857142856
756,55961,91,0.5905,0.5905054578312311,1,0.01098901098901099
757,55983,22,0.901,0.9010004878218367,1,0.045454545454545456
758,55997,14,0.9369999999999999,0.9370004849518205,1,0.07142857142857142
759,56077,80,0.6399999999999999,0.6400055016670108,1,0.0125
760,56127,50,0.775,0.7750044118281672,1,0.38
761,56327,200,0.0,2.805151076139499e-05,0,0.005
762,56464,137,0.38349999999999995,0.3835279881562386,1,0.08029197080291971
763,56584,120,0.45999999999999996,0.4600164596936368,1,0.008333333333333333
764,56784,200,0.0,4.053717065742451e-05,0,0.005
765,56984,200,0.0,3.275385243696147e-05,0,0.005
766,57037,53,0.7615,0.7615018584853358,1,0.018867924528301886
767,57053,16,0.9279999999999999,0.9280000048775137,1,0.0625
768,57225,172,0.22599999999999998,0.2260045870568799,1,0.5523255813953488
769,57307,82,0.631,0.631010001395921,1,0.25609756097560976
770,57321,14,0.9369999999999999,0.9370019651034328,1,0.07142857142857142
771,57403,82,0.631,0.6310116139500594,1,0.6219512195121951
772,57454,51,0.7705,0.7705054691407127,1,0.0196078431372549
773,57515,61,0.7255,0.7255072531284797,1,0.19672131147540983
774,57603,88,0.604,0.6040102766219968,1,0.17045454545454544
775,57803,200,0.0,2.0766031007627625e-05,0,0.065
776,57898,95,0.5725,0.5725068452000145,1,0.042105263157894736
777,57957,59,0.7344999999999999,0.7345017109059767,1,0.01694915254237288
778,57999,42,0.8109999999999999,0.8110027566628507,1,0.40476190476190477
779,58199,200,0.0,3.983012775931267e-06,0,0.89
780,58399,200,0.0,4.670277044908808e-06,0,1.0
781,58599,200,0.0,3.300878968534329e-06,0,0.335
782,58799,200,0.0,5.284374841824793e-06,0,0.11
783,58999,200,0.0,5.337711735983287e-06,0,0.91
784,59199,200,0.0,6.3926083313288e-05,0,0.215
785,59269,70,0.685,0.68503012900848,1,0.35714285714285715
786,59391,122,0.45099999999999996,0.4510626404261574,1,0.5
787,59457,66,0.703,0.7030232042720399,1,0.5909090909090909
788,59523,66,0.703,0.7030151356323592,1,0.7575757575757576
789,59571,48,0.784,0.7840085365306295,1,0.7291666666666666
790,59603,32,0.856,0.8560043868153586,1,0.59375
791,59729,126,0.43299999999999994,0.4330754879510165,1,0.007936507936507936
792,59747,18,0.919,0.9190052987018763,1,0.16666666666666666
793,59773,26,0.883,0.8830078041601606,1,0.5
794,59899,126,0.43299999999999994,0.4330326395299779,1,0.46825396825396826
795,59915,16,0.9279999999999999,0.9280053956005939,1,0.0625
796,59987,72,0.6759999999999999,0.6760229766474306,1,0.7638888888888888
797,60187,200,0.0,6.686454347541318e-06,0,0.005
798,60387,200,0.0,8.493781016257889e-07,0,0.005
799,60587,200,0.0,4.625806573737171e-06,0,0.005
800,60787,200,0.0,4.620188397096539e-06,0,0.005
801,60927,140,0.37,0.37000125741290396,1,0.007142857142857143
802,61004,77,0.6535,0.653500204934431,1,0.012987012987012988
803,61149,145,0.34750000000000003,0.34750231212364446,1,0.006896551724137931
804,61251,102,0.5409999999999999,0.5410047890346081,1,0.00980392156862745
805,61411,160,0.2799999999999999,0.2800037918662396,1,0.00625
806,61425,14,0.9369999999999999,0.9370002715285461,1,0.07142857142857142
807,61441,16,0.9279999999999999,0.9280002648430967,1,0.1875
808,61455,14,0.9369999999999999,0.9370003154678753,1,0.07142857142857142
809,61655,200,0.0,3.1092640651105514e-06,0,0.005
810,61680,25,0.8875,0.8875011782258805,1,0.04
811,61694,14,0.9369999999999999,0.9370008181065009,1,0.07142857142857142
812,61789,95,0.5725,0.5725064577263692,1,0.010526315789473684
813,61805,16,0.9279999999999999,0.9280016642443146,1,0.0625
814,61819,14,0.9369999999999999,0.9370010023008458,1,0.07142857142857142
815,61833,14,0.9369999999999999,0.937001002011941,1,0.07142857142857142
816,61851,18,0.919,0.919001290655516,1,0.05555555555555555
817,61865,14,0.9369999999999999,0.9370009098077725,1,0.07142857142857142
818,61976,111,0.5005,0.5005021034661443,1,0.009009009009009009
819,62176,200,0.0,7.134346245352762e-06,0,0.005
820,62238,62,0.721,0.7210009207742685,1,0.016129032258064516
821,62438,200,0.0,6.3629376029017465e-06,0,0.005
822,62638,200,0.0,4.023066494451758e-06,0,0.015
823,62838,200,0.0,5.153920868987607e-06,0,0.005
824,63038,200,0.0,2.7583679617332343e-06,0,0.005
825,63098,60,0.73,0.7300003078309029,1,0.016666666666666666
826,63167,69,0.6895,0.6895004155516548,1,0.014492753623188406
827,63201,34,0.847,0.8470002433756529,1,0.029411764705882353
828,63223,22,0.901,0.9010000268049949,1,0.045454545454545456
829,63257,34,0.847,0.8470000101612134,1,0.029411764705882353
830,63297,40,0.82,0.8200000150775728,1,0.025
831,63315,18,0.919,0.9190001221482968,1,0.05555555555555555
832,63331,16,0.9279999999999999,0.9280001710703888,1,0.0625
833,63385,54,0.757,0.7570008192224266,1,0.018518518518518517
834,63467,82,0.631,0.631002218195813,1,0.012195121951219513
835,63487,20,0.91,0.9100009314788652,1,0.05
836,63591,104,0.532,0.5320049850883802,1,0.009615384615384616
837,63679,88,0.604,0.6040011851410637,1,0.011363636363636364
838,63733,54,0.757,0.7570008265082507,1,0.018518518518518517
839,63797,64,0.712,0.7120011150459626,1,0.015625
840,63817,20,0.91,0.9100004146592321,1,0.05
841,63845,28,0.874,0.8740005138135345,1,0.10714285714285714
842,63901,56,0.748,0.7480010465384613,1,0.017857142857142856
843,63965,64,0.712,0.71200060843674,1,0.015625
844,63981,16,0.9279999999999999,0.9280000744395096,1,0.0625
845,64007,26,0.883,0.8830001849272529,1,0.2692307692307692
846,64023,16,0.9279999999999999,0.9280003220266472,1,0.0625
847,64039,16,0.9279999999999999,0.9280000556205015,1,0.0625
848,64053,14,0.9369999999999999,0.937000076128905,1,0.07142857142857142
849,64067,14,0.9369999999999999,0.9370003985840931,1,0.07142857142857142
850,64095,28,0.874,0.8740003487812497,1,0.03571428571428571
851,64109,14,0.9369999999999999,0.9370007967121889,1,0.07142857142857142
852,64123,14,0.9369999999999999,0.9370011218024393,1,0.07142857142857142
853,64141,18,0.919,0.91900115295461,1,0.05555555555555555
854,64155,14,0.9369999999999999,0.9370011108270293,1,0.07142857142857142
855,64173,18,0.919,0.9190014062015607,1,0.05555555555555555
856,64187,14,0.9369999999999999,0.9370010924639952,1,0.07142857142857142
857,64201,14,0.9369999999999999,0.9370007968043043,1,0.07142857142857142
858,64217,16,0.9279999999999999,0.928000902056423,1,0.0625
859,64271,54,0.757,0.7570031763089454,1,0.018518518518518517
860,64297,26,0.883,0.8830016116178876,1,0.038461538461538464
861,64313,16,0.9279999999999999,0.9280008585104649,1,0.0625
862,64335,22,0.901,0.901000380033383,1,0.045454545454545456
863,64351,16,0.9279999999999999,0.9279999999999999,1,0.0625
864,64369,18,0.919,0.919,1,0.05555555555555555
865,64383,14,0.9369999999999999,0.9369999999999999,1,0.07142857142857142
866,64397,14,0.9369999999999999,0.9370002812434128,1,0.07142857142857142
867,64413,16,0.9279999999999999,0.9280004241426159,1,0.0625
868,64453,40,0.82,0.8200016103297711,1,0.075
869,64477,24,0.892,0.8920028836531788,1,0.041666666666666664
870,64491,14,0.9369999999999999,0.9370017777724302,1,0.07142857142857142
871,64505,14,0.9369999999999999,0.9370017384309213,1,0.07142857142857142
872,64523,18,0.919,0.9190023604570932,1,0.05555555555555555
873,64537,14,0.9369999999999999,0.9370018541321358,1,0.07142857142857142
874,64555,18,0.919,0.9190021130725899,1,0.05555555555555555
875,64587,32,0.856,0.8560032115174248,1,0.03125
876,64613,26,0.883,0.883002568620683,1,0.038461538461538464
877,64635,22,0.901,0.9010025279311055,1,0.045454545454545456
878,64708,73,0.6715,0.6715062503708457,1,0.0136986301369863
879,64730,22,0.901,0.9010033023878824,1,0.045454545454545456
880,64748,18,0.919,0.9190021670590823,1,0.05555555555555555
881,64780,32,0.856,0.8560029055866627,1,0.03125
882,64796,16,0.9279999999999999,0.9280019083066298,1,0.0625
883,64810,14,0.9369999999999999,0.9370017489302827,1,0.07142857142857142
884,64828,18,0.919,0.9190022798156576,1,0.16666666666666666
885,64842,14,0.9369999999999999,0.9370016053585877,1,0.07142857142857142
886,64876,34,0.847,0.847003547615858,1,0.029411764705882353
887,64892,16,0.9279999999999999,0.9280020978313342,1,0.0625
888,64908,16,0.9279999999999999,0.9280022239826744,1,0.0625
889,64924,16,0.9279999999999999,0.9280018885165077,1,0.0625
890,64959,35,0.8425,0.8425024137534972,1,0.02857142857142857
891,64977,18,0.919,0.9190016013928348,1,0.05555555555555555
892,64991,14,0.9369999999999999,0.9370012648561189,1,0.07142857142857142
893,65007,16,0.9279999999999999,0.928001169052344,1,0.0625
894,65023,16,0.9279999999999999,0.9280023032504343,1,0.0625
895,65042,19,0.9145,0.9145022985701569,1,0.05263157894736842
896,65183,141,0.36550000000000005,0.3655344260516026,1,0.0070921985815602835
897,65318,135,0.39249999999999996,0.3925335016510639,1,0.007407407407407408
898,65418,100,0.55,0.550011547908283,1,0.01
899,65578,160,0.2799999999999999,0.28006433655238155,1,0.01875
900,65778,200,0.0,4.855146047650379e-05,0,0.005
901,65954,176,0.20799999999999996,0.20803854825317447,1,0.005681818181818182
902,65985,31,0.8605,0.8605084548736928,1,0.03225806451612903
903,66027,42,0.8109999999999999,0.8110030046991709,1,0.023809523809523808
904,66047,20,0.91,0.9100002000248384,1,0.05
905,66063,16,0.9279999999999999,0.9280002032287118,1,0.0625
906,66263,200,0.0,7.080888639386796e-07,0,0.005
907,66373,110,0.5049999999999999,0.5050000263945524,1,0.35454545454545455
908,66391,18,0.919,0.919,1,0.16666666666666666
909,66407,16,0.9279999999999999,0.9279999999999999,1,0.0625
910,66425,18,0.919,0.919,1,0.05555555555555555
911,66445,20,0.91,0.91,1,0.05
912,66645,200,0.0,0.0,0,0.005
913,66661,16,0.9279999999999999,0.9279999999999999,1,0.0625
914,66709,48,0.784,0.784,1,0.0625
915,66807,98,0.5589999999999999,0.5589999999999999,1,0.01020408163265306
916,66829,22,0.901,0.901,1,0.045454545454545456
917,66907,78,0.649,0.6490003646770809,1,0.01282051282051282
918,67107,200,0.0,6.798523385464851e-07,0,0.015
919,67211,104,0.532,0.5320000213743308,1,0.009615384615384616
920,67236,25,0.8875,0.8875001462980238,1,0.04
921,67301,65,0.7075,0.7075006596129741,1,0.015384615384615385
922,67463,162,0.2709999999999999,0.2710050298025745,1,0.006172839506172839
923,67479,16,0.9279999999999999,0.9280000191986695,1,0.0625
924,67513,34,0.847,0.8470001446920096,1,0.029411764705882353
925,67537,24,0.892,0.8920001468996663,1,0.041666666666666664
926,67607,70,0.685,0.6850000441201235,1,0.014285714285714285
927,67648,41,0.8155,0.815500394331661,1,0.024390243902439025
928,67669,21,0.9055,0.9055000879142809,1,0.047619047619047616
929,67717,48,0.784,0.7840005775161696,1,0.020833333333333332
930,67748,31,0.8605,0.8605,1,0.03225806451612903
931,67764,16,0.9279999999999999,0.9279999999999999,1,0.0625
932,67867,103,0.5365,0.5365000841006877,1,0.009708737864077669
933,67883,16,0.9279999999999999,0.9279999999999999,1,0.0625
934,67943,60,0.73,0.73,1,0.016666666666666666
935,67991,48,0.784,0.7840006845963664,1,0.020833333333333332
936,68007,16,0.9279999999999999,0.9280002864028751,1,0.0625
937,68021,14,0.9369999999999999,0.9370004041183544,1,0.07142857142857142
938,68035,14,0.9369999999999999,0.9370003204479455,1,0.07142857142857142
939,68051,16,0.9279999999999999,0.9280005668319892,1,0.0625
940,68065,14,0.9369999999999999,0.9370004750051946,1,0.07142857142857142
941,68087,22,0.901,0.9010007947360061,1,0.13636363636363635
942,68101,14,0.9369999999999999,0.937000613903413,1,0.07142857142857142
943,68118,17,0.9235,0.9235005178358832,1,0.058823529411764705
944,68132,14,0.9369999999999999,0.9370001070551611,1,0.07142857142857142
945,68150,18,0.919,0.919000203291113,1,0.05555555555555555
946,68168,18,0.919,0.9190002363550162,1,0.05555555555555555
947,68184,16,0.9279999999999999,0.9280003238591353,1,0.0625
948,68202,18,0.919,0.9190006801053265,1,0.05555555555555555
949,68218,16,0.9279999999999999,0.9280004316175557,1,0.0625
950,68234,16,0.9279999999999999,0.928000513635497,1,0.0625
951,68250,16,0.9279999999999999,0.9280004978279491,1,0.0625
952,68266,16,0.9279999999999999,0.9280005245851823,1,0.0625
953,68312,46,0.7929999999999999,0.7930009953218528,1,0.021739130434782608
954,68332,20,0.91,0.9100000489725186,1,0.05
955,68356,24,0.892,0.8920000827693837,1,0.041666666666666664
956,68372,16,0.9279999999999999,0.9280000717735629,1,0.0625
957,68390,18,0.919,0.9190001225913246,1,0.05555555555555555
958,68470,80,0.6399999999999999,0.6400009402157065,1,0.0125
959,68490,20,0.91,0.9100000933252448,1,0.05
960,68528,38,0.829,0.8290006395944955,1,0.02631578947368421
961,68542,14,0.9369999999999999,0.9370001575314728,1,0.07142857142857142
962,68560,18,0.919,0.9190002966165115,1,0.05555555555555555
963,68576,16,0.9279999999999999,0.9280002209636237,1,0.0625
964,68616,40,0.82,0.8200008493104224,1,0.025
965,68718,102,0.5409999999999999,0.5410000287706547,1,0.00980392156862745
966,68736,18,0.919,0.919,1,0.16666666666666666
967,68770,34,0.847,0.8470002018148851,1,0.058823529411764705
968,68784,14,0.9369999999999999,0.937000006152791,1,0.07142857142857142
969,68802,18,0.919,0.9190000484890504,1,0.05555555555555555
970,68818,16,0.9279999999999999,0.9280000115285911,1,0.0625
971,68836,18,0.919,0.9190001596224731,1,0.05555555555555555
972,68852,16,0.9279999999999999,0.9280002537219204,1,0.0625
973,68868,16,0.9279999999999999,0.9280003461334327,1,0.0625
974,68884,16,0.9279999999999999,0.9280005205240477,1,0.0625
975,68900,16,0.9279999999999999,0.9280003209167746,1,0.0625
976,68998,98,0.5589999999999999,0.5590084817457931,1,0.01020408163265306
977,69018,20,0.91,0.9100001647829187,1,0.05
978,69036,18,0.919,0.9190001536417118,1,0.05555555555555555
979,69053,17,0.9235,0.9235000202379205,1,0.058823529411764705
980,69069,16,0.9279999999999999,0.9279999999999999,1,0.0625
981,69229,160,0.2799999999999999,0.28000007060854903,1,0.01875
982,69251,22,0.901,0.9010000457083528,1,0.045454545454545456
983,69276,25,0.8875,0.8875000648736279,1,0.2
984,69292,16,0.9279999999999999,0.9280000161132691,1,0.0625
985,69308,16,0.9279999999999999,0.9280000113107963,1,0.0625
986,69328,20,0.91,0.91,1,0.15
987,69344,16,0.9279999999999999,0.9280000206404033,1,0.0625
988,69360,16,0.9279999999999999,0.9280000147916161,1,0.0625
989,69438,78,0.649,0.649000047462894,1,0.01282051282051282
990,69454,16,0.9279999999999999,0.9280000092828349,1,0.0625
991,69472,18,0.919,0.9190000002244689,1,0.16666666666666666
992,69489,17,0.9235,0.9235,1,0.058823529411764705
993,69505,16,0.9279999999999999,0.9279999999999999,1,0.0625
994,69525,20,0.91,0.91,1,0.05
995,69543,18,0.919,0.919,1,0.05555555555555555
996,69559,16,0.9279999999999999,0.9279999999999999,1,0.0625
997,69577,18,0.919,0.919,1,0.05555555555555555
998,69593,16,0.9279999999999999,0.928000011880091,1,0.0625
999,69611,18,0.919,0.919,1,0.05555555555555555
1000,69629,18,0.919,0.919,1,0.05555555555555555
1001,69645,16,0.9279999999999999,0.9280000010956102,1,0.0625
1002,69661,16,0.9279999999999999,0.9279999999999999,1,0.0625
1003,69685,24,0.892,0.8920000365973296,1,0.125
1004,69703,18,0.919,0.9190000616137338,1,0.05555555555555555
1005,69720,17,0.9235,0.923500005294328,1,0.058823529411764705
1006,69736,16,0.9279999999999999,0.9280000735189589,1,0.0625
1007,69758,22,0.901,0.9010001011864819,1,0.22727272727272727
1008,69776,18,0.919,0.9190000549273576,1,0.05555555555555555
1009,69794,18,0.919,0.9190000173712374,1,0.05555555555555555
1010,69810,16,0.9279999999999999,0.9279999999999999,1,0.0625
1011,69828,18,0.919,0.919,1,0.05555555555555555
1012,69849,21,0.9055,0.9055,1,0.14285714285714285
1013,69867,18,0.919,0.919,1,0.05555555555555555
1014,69883,16,0.9279999999999999,0.9279999999999999,1,0.0625
1015,69899,16,0.9279999999999999,0.9279999999999999,1,0.0625
1016,69917,18,0.919,0.919,1,0.05555555555555555
1017,69933,16,0.9279999999999999,0.9279999999999999,1,0.0625
1018,69953,20,0.91,0.91,1,0.05
1019,69969,16,0.9279999999999999,0.9280000140521947,1,0.0625
1020,69985,16,0.9279999999999999,0.9280000709602773,1,0.0625
1021,70001,16,0.9279999999999999,0.9280000632450379,1,0.0625
1022,70041,40,0.82,0.8200013747406562,1,0.025
1023,70059,18,0.919,0.9190010356549786,1,0.05555555555555555
1024,70075,16,0.9279999999999999,0.9280011525961228,1,0.0625
1025,70089,14,0.9369999999999999,0.9370009373896041,1,0.07142857142857142
1026,70121,32,0.856,0.8560024953290766,1,0.03125
1027,70179,58,0.739,0.7390046623616154,1,0.017241379310344827
1028,70379,200,0.0,9.61312505348412e-06,0,0.005
1029,70414,35,0.8425,0.8425025273639802,1,0.02857142857142857
1030,70546,132,0.4059999999999999,0.4060015671614667,1,0.007575757575757576
1031,70560,14,0.9369999999999999,0.9370000802573658,1,0.07142857142857142
1032,70760,200,0.0,1.2739260722330373e-07,0,0.025
1033,70806,46,0.7929999999999999,0.7930006787632801,1,0.021739130434782608
1034,70820,14,0.9369999999999999,0.93700044753057,1,0.07142857142857142
1035,70834,14,0.9369999999999999,0.9370004079344055,1,0.07142857142857142
1036,70863,29,0.8694999999999999,0.8695006016842095,1,0.034482758620689655
1037,70888,25,0.8875,0.8875008199718658,1,0.04
1038,70948,60,0.73,0.7300011497995882,1,0.016666666666666666
1039,70983,35,0.8425,0.842500392427227,1,0.02857142857142857
1040,71017,34,0.847,0.8470005753278483,1,0.029411764705882353
1041,71083,66,0.703,0.7030019004468363,1,0.015151515151515152
1042,71097,14,0.9369999999999999,0.93700030338763,1,0.07142857142857142
1043,71115,18,0.919,0.9190009540834545,1,0.05555555555555555
1044,71131,16,0.9279999999999999,0.9280013306188745,1,0.0625
1045,71150,19,0.9145,0.9145017098090791,1,0.05263157894736842
1046,71164,14,0.9369999999999999,0.9370010080659035,1,0.07142857142857142
1047,71272,108,0.514,0.5140130792604558,1,0.009259259259259259
1048,71290,18,0.919,0.9190009580505097,1,0.05555555555555555
1049,71312,22,0.901,0.9010004375583799,1,0.4090909090909091
1050,71328,16,0.9279999999999999,0.9280002054363424,1,0.0625
1051,71350,22,0.901,0.9010002803871532,1,0.045454545454545456
1052,71384,34,0.847,0.847002908100644,1,0.14705882352941177
1053,71408,24,0.892,0.892001728376937,1,0.041666666666666664
1054,71442,34,0.847,0.8470039312094241,1,0.029411764705882353
1055,71458,16,0.9279999999999999,0.9280009761852359,1,0.0625
1056,71474,16,0.9279999999999999,0.9280009813365735,1,0.0625
1057,71502,28,0.874,0.874001879104259,1,0.5357142857142857
1058,71518,16,0.9279999999999999,0.9280010026562115,1,0.0625
1059,71676,158,0.2889999999999999,0.28901838742046393,1,0.006329113924050633
1060,71708,32,0.856,0.8560030938679737,1,0.03125
1061,71844,136,0.3879999999999999,0.3880246257384485,1,0.007352941176470588
1062,71952,108,0.514,0.514019949366384,1,0.027777777777777776
1063,72012,60,0.73,0.7300069453991072,1,0.016666666666666666
1064,72026,14,0.9369999999999999,0.937000223450709,1,0.07142857142857142
1065,72040,14,0.9369999999999999,0.9370001784526526,1,0.07142857142857142
1066,72240,200,0.0,2.2048993559575627e-07,0,0.005
1067,72254,14,0.9369999999999999,0.9370000195325603,1,0.07142857142857142
1068,72270,16,0.9279999999999999,0.9280001989824904,1,0.0625
1069,72284,14,0.9369999999999999,0.9370001171392649,1,0.07142857142857142
1070,72302,18,0.919,0.9190001955640682,1,0.05555555555555555
1071,72320,18,0.919,0.9190002991982946,1,0.05555555555555555
1072,72520,200,0.0,1.2432797032320081e-05,0,0.005
1073,72608,88,0.604,0.6040042743626611,1,0.011363636363636364
1074,72706,98,0.5589999999999999,0.5590028471755993,1,0.01020408163265306
1075,72744,38,0.829,0.8290015720056223,1,0.02631578947368421
1076,72758,14,0.9369999999999999,0.9370002187088622,1,0.07142857142857142
1077,72774,16,0.9279999999999999,0.9280001732552168,1,0.0625
1078,72794,20,0.91,0.9100000534778003,1,0.05
1079,72808,14,0.9369999999999999,0.9369999999999999,1,0.07142857142857142
1080,72822,14,0.9369999999999999,0.9369999999999999,1,0.07142857142857142
1081,72836,14,0.9369999999999999,0.9369999999999999,1,0.07142857142857142
1082,72852,16,0.9279999999999999,0.9279999999999999,1,0.1875
1083,72866,14,0.9369999999999999,0.9369999999999999,1,0.07142857142857142
1084,72880,14,0.9369999999999999,0.9369999999999999,1,0.07142857142857142
1085,72894,14,0.9369999999999999,0.9369999999999999,1,0.07142857142857142
1086,72908,14,0.9369999999999999,0.937000080812034,1,0.07142857142857142
1087,72922,14,0.9369999999999999,0.9370000439505881,1,0.07142857142857142
1088,72936,14,0.9369999999999999,0.9370002174126414,1,0.07142857142857142
1089,72950,14,0.9369999999999999,0.9370004412309708,1,0.07142857142857142
1090,72966,16,0.9279999999999999,0.9280005005498674,1,0.0625
1091,72982,16,0.9279999999999999,0.9280007846534802,1,0.0625
1092,73000,18,0.919,0.9190012329793914,1,0.16666666666666666
1093,73052,52,0.766,0.7660001176799249,1,0.019230769230769232
1094,73160,108,0.514,0.5140004313157447,1,0.009259259259259259
1095,73174,14,0.9369999999999999,0.9370000094703145,1,0.07142857142857142
1096,73188,14,0.9369999999999999,0.9369999999999999,1,0.07142857142857142
1097,73202,14,0.9369999999999999,0.9369999999999999,1,0.07142857142857142
1098,73218,16,0.9279999999999999,0.9279999999999999,1,0.0625
1099,73232,14,0.9369999999999999,0.9369999999999999,1,0.07142857142857142
1100,73349,117,0.47350000000000003,0.47350000000000003,1,0.008547008547008548
1101,73363,14,0.9369999999999999,0.9369999999999999,1,0.07142857142857142
1102,73377,14,0.9369999999999999,0.9369999999999999,1,0.07142857142857142
1103,73391,14,0.9369999999999999,0.9369999999999999,1,0.07142857142857142
1104,73477,86,0.613,0.6130001033924586,1,0.05813953488372093
1105,73491,14,0.9369999999999999,0.9369999999999999,1,0.07142857142857142
1106,73583,92,0.586,0.5860000451018521,1,0.010869565217391304
1107,73597,14,0.9369999999999999,0.9370000009132191,1,0.07142857142857142
1108,73611,14,0.9369999999999999,0.9370000021290438,1,0.07142857142857142
1109,73652,41,0.8155,0.8155000760159028,1,0.024390243902439025
1110,73728,76,0.6579999999999999,0.6580000180312792,1,0.039473684210526314
1111,73742,14,0.9369999999999999,0.9369999999999999,1,0.07142857142857142
1112,73756,14,0.9369999999999999,0.9369999999999999,1,0.07142857142857142
1113,73770,14,0.9369999999999999,0.9369999999999999,1,0.07142857142857142
1114,73852,82,0.631,0.631,1,0.012195121951219513
1115,73928,76,0.6579999999999999,0.6579999999999999,1,0.013157894736842105
1116,73942,14,0.9369999999999999,0.9369999999999999,1,0.07142857142857142
1117,73960,18,0.919,0.919,1,0.16666666666666666
1118,74010,50,0.775,0.7750002584838273,1,0.02
1119,74134,124,0.44199999999999995,0.44200712191353697,1,0.008064516129032258
1120,74162,28,0.874,0.8740015343539304,1,0.03571428571428571
1121,74182,20,0.91,0.9100013294689789,1,0.05
1122,74254,72,0.6759999999999999,0.6760080511241889,1,0.013888888888888888
1123,74270,16,0.9279999999999999,0.9280018712873087,1,0.0625
1124,74284,14,0.9369999999999999,0.9370014924543072,1,0.07142857142857142
1125,74298,14,0.9369999999999999,0.9370015379534443,1,0.07142857142857142
1126,74320,22,0.901,0.9010023113996386,1,0.045454545454545456
1127,74381,61,0.7255,0.7255058935688952,1,0.04918032786885246
1128,74445,64,0.712,0.7120042967703127,1,0.015625
1129,74494,49,0.7795,0.7795010645026706,1,0.02040816326530612
1130,74593,99,0.5545,0.5545002498050452,1,0.010101010101010102
1131,74640,47,0.7885,0.7885000736480405,1,0.02127659574468085
1132,74668,28,0.874,0.874,1,0.03571428571428571
1133,74706,38,0.829,0.8290001249273352,1,0.02631578947368421
1134,74800,94,0.577,0.5770066274575377,1,0.010638297872340425
1135,74888,88,0.604,0.6040121596775692,1,0.011363636363636364
1136,74902,14,0.9369999999999999,0.9370015140847667,1,0.07142857142857142
1137,74932,30,0.865,0.8650033362358479,1,0.03333333333333333
1138,74971,39,0.8245,0.8245044419067199,1,0.02564102564102564
1139,74991,20,0.91,0.9100023092068691,1,0.05
1140,75013,22,0.901,0.9010009826894101,1,0.13636363636363635
1141,75040,27,0.8785,0.8785005089683864,1,0.037037037037037035
1142,75054,14,0.9369999999999999,0.937000235515382,1,0.07142857142857142
1143,75070,16,0.9279999999999999,0.928000228325835,1,0.1875
1144,75084,14,0.9369999999999999,0.9370001748637922,1,0.07142857142857142
1145,75098,14,0.9369999999999999,0.9370001081926862,1,0.07142857142857142
1146,75112,14,0.9369999999999999,0.9370000456987738,1,0.07142857142857142
1147,75126,14,0.9369999999999999,0.937000061871082,1,0.07142857142857142
1148,75146,20,0.91,0.9100001322488794,1,0.05
1149,75160,14,0.9369999999999999,0.9370001787428347,1,0.07142857142857142
1150,75176,16,0.9279999999999999,0.9280002893333569,1,0.0625
1151,75237,61,0.7255,0.7255004227619801,1,0.01639344262295082
1152,75251,14,0.9369999999999999,0.9370000092062032,1,0.07142857142857142
1153,75275,24,0.892,0.892,1,0.041666666666666664
1154,75289,14,0.9369999999999999,0.9369999999999999,1,0.07142857142857142
1155,75303,14,0.9369999999999999,0.9369999999999999,1,0.07142857142857142
1156,75451,148,0.33399999999999996,0.33400005818754885,1,0.006756756756756757
1157,75465,14,0.9369999999999999,0.9370000536749977,1,0.07142857142857142
1158,75575,110,0.5049999999999999,0.5050018491867818,1,0.3
1159,75589,14,0.9369999999999999,0.93700010119235,1,0.07142857142857142
1160,75605,16,0.9279999999999999,0.9280002152000111,1,0.0625
1161,75627,22,0.901,0.9010002653924168,1,0.045454545454545456
1162,75645,18,0.919,0.919000361474537,1,0.05555555555555555
1163,75701,56,0.748,0.748000910770349,1,0.017857142857142856
1164,75723,22,0.901,0.9010001654380709,1,0.045454545454545456
1165,75737,14,0.9369999999999999,0.9370000816580419,1,0.07142857142857142
1166,75858,121,0.4555,0.45550004794642496,1,0.008264462809917356
1167,75872,14,0.9369999999999999,0.9369999999999999,1,0.07142857142857142
1168,75886,14,0.9369999999999999,0.9369999999999999,1,0.07142857142857142
1169,75900,14,0.9369999999999999,0.9369999999999999,1,0.07142857142857142
1170,75926,26,0.883,0.883,1,0.038461538461538464
1171,75942,16,0.9279999999999999,0.9279999999999999,1,0.0625
1172,75998,56,0.748,0.748,1,0.017857142857142856
1173,76026,28,0.874,0.8740007717248399,1,0.03571428571428571
1174,76060,34,0.847,0.8470022519452347,1,0.029411764705882353
1175,76152,92,0.586,0.5860036617606331,1,0.6521739130434783
1176,76352,200,0.0,7.944063265563174e-06,0,0.09
1177,76552,200,0.0,8.335908786717708e-06,0,0.005
1178,76614,62,0.721,0.7210034688378126,1,0.016129032258064516
1179,76754,140,0.37,0.37000357790945676,1,0.30714285714285716
1180,76789,35,0.8425,0.8425003967877897,1,0.2571428571428571
1181,76989,200,0.0,8.117085758784149e-07,0,0.075
1182,77184,195,0.12250000000000005,0.12251704998430757,1,0.05641025641025641
1183,77220,36,0.838,0.8380071964988968,1,0.08333333333333333
1184,77234,14,0.9369999999999999,0.9370032304128354,1,0.07142857142857142
1185,77250,16,0.9279999999999999,0.9280030237270985,1,0.0625
1186,77264,14,0.9369999999999999,0.9370025233691796,1,0.07142857142857142
1187,77294,30,0.865,0.8650041889432242,1,0.03333333333333333
1188,77308,14,0.9369999999999999,0.9370029061365371,1,0.07142857142857142
1189,77326,18,0.919,0.9190037708771255,1,0.16666666666666666
1190,77340,14,0.9369999999999999,0.9370016591621906,1,0.07142857142857142
1191,77392,52,0.766,0.7660063236530038,1,0.019230769230769232
1192,77406,14,0.9369999999999999,0.9370014780846139,1,0.07142857142857142
1193,77476,70,0.685,0.6850041921901425,1,0.014285714285714285
1194,77492,16,0.9279999999999999,0.9280030499082951,1,0.0625
1195,77508,16,0.9279999999999999,0.9280032725915968,1,0.0625
1196,77528,20,0.91,0.9100045826265711,1,0.05
1197,77544,16,0.9279999999999999,0.9280033117840465,1,0.0625
1198,77558,14,0.9369999999999999,0.9370029755996602,1,0.07142857142857142
1199,77574,16,0.9279999999999999,0.9280034017215988,1,0.0625
1200,77615,41,0.8155,0.8155072547642069,1,0.14634146341463414
1201,77629,14,0.9369999999999999,0.9370031745404473,1,0.07142857142857142
1202,77647,18,0.919,0.9190036643383206,1,0.16666666666666666
1203,77661,14,0.9369999999999999,0.9370029495098482,1,0.07142857142857142
1204,77675,14,0.9369999999999999,0.9370020123291344,1,0.07142857142857142
1205,77689,14,0.9369999999999999,0.9370025343353752,1,0.07142857142857142
1206,77705,16,0.9279999999999999,0.9280028942092052,1,0.0625
1207,77721,16,0.9279999999999999,0.9280030166898818,1,0.0625
1208,77735,14,0.9369999999999999,0.9370029113653793,1,0.07142857142857142
1209,77751,16,0.9279999999999999,0.928002221261548,1,0.0625
1210,77765,14,0.9369999999999999,0.9370024594341189,1,0.07142857142857142
1211,77779,14,0.9369999999999999,0.93700243248115,1,0.07142857142857142
1212,77797,18,0.919,0.9190033583885278,1,0.05555555555555555
1213,77811,14,0.9369999999999999,0.9370020133484195,1,0.07142857142857142
1214,77847,36,0.838,0.8380019850009943,1,0.027777777777777776
1215,77903,56,0.748,0.7480067827213843,1,0.14285714285714285
1216,77917,14,0.9369999999999999,0.9370022005008937,1,0.07142857142857142
1217,77931,14,0.9369999999999999,0.9370028517939971,1,0.07142857142857142
1218,77945,14,0.9369999999999999,0.9370029333205194,1,0.07142857142857142
1219,77959,14,0.9369999999999999,0.9370026981478851,1,0.07142857142857142
1220,77975,16,0.9279999999999999,0.9280028800705039,1,0.0625
1221,78053,78,0.649,0.649008888874998,1,0.08974358974358974
1222,78089,36,0.838,0.8380013298368278,1,0.027777777777777776
1223,78103,14,0.9369999999999999,0.9370002728239654,1,0.07142857142857142
1224,78119,16,0.9279999999999999,0.9280012100316489,1,0.0625
1225,78143,24,0.892,0.8920004682522505,1,0.041666666666666664
1226,78157,14,0.9369999999999999,0.9370005905925052,1,0.07142857142857142
1227,78173,16,0.9279999999999999,0.9280009886225641,1,0.0625
1228,78189,16,0.9279999999999999,0.9280006061252557,1,0.0625
1229,78211,22,0.901,0.9010001054590019,1,0.045454545454545456
1230,78227,16,0.9279999999999999,0.9280001337051403,1,0.1875
1231,78245,18,0.919,0.9190002938767073,1,0.05555555555555555
1232,78261,16,0.9279999999999999,0.928000319369325,1,0.0625
1233,78277,16,0.9279999999999999,0.9280001155251714,1,0.0625
1234,78316,39,0.8245,0.8245004002671565,1,0.02564102564102564
1235,78332,16,0.9279999999999999,0.928000477890404,1,0.0625
1236,78348,16,0.9279999999999999,0.9280011391921897,1,0.0625
1237,78362,14,0.9369999999999999,0.9370004144455354,1,0.07142857142857142
1238,78410,48,0.784,0.7840014769761616,1,0.020833333333333332
1239,78427,17,0.9235,0.9235019507341844,1,0.058823529411764705
1240,78441,14,0.9369999999999999,0.9370008891164893,1,0.07142857142857142
1241,78459,18,0.919,0.9190017485930966,1,0.05555555555555555
1242,78475,16,0.9279999999999999,0.9280020262204475,1,0.0625
1243,78489,14,0.9369999999999999,0.9370011262965284,1,0.07142857142857142
1244,78505,16,0.9279999999999999,0.9280018431811407,1,0.0625
1245,78523,18,0.919,0.9190021147276292,1,0.05555555555555555
1246,78537,14,0.9369999999999999,0.9370011110803309,1,0.07142857142857142
1247,78563,26,0.883,0.8830036820950797,1,0.038461538461538464
1248,78587,24,0.892,0.8920016851169519,1,0.041666666666666664
1249,78605,18,0.919,0.9190018423762634,1,0.05555555555555555
1250,78621,16,0.9279999999999999,0.9280017665404998,1,0.0625
1251,78641,20,0.91,0.9100016664723666,1,0.05
1252,78709,68,0.694,0.6940007858313342,1,0.014705882352941176
1253,78725,16,0.9279999999999999,0.9280001236111088,1,0.0625
1254,78741,16,0.9279999999999999,0.9280000237100386,1,0.0625
1255,78757,16,0.9279999999999999,0.9280003459615811,1,0.0625
1256,78775,18,0.919,0.9190003434418571,1,0.05555555555555555
1257,78791,16,0.9279999999999999,0.9280002879553282,1,0.0625
1258,78822,31,0.8605,0.8605001658756241,1,0.03225806451612903
1259,78883,61,0.7255,0.7255047563397146,1,0.01639344262295082
1260,78899,16,0.9279999999999999,0.9280017928110383,1,0.0625
1261,78915,16,0.9279999999999999,0.9280018727681538,1,0.0625
1262,78933,18,0.919,0.9190022446203665,1,0.05555555555555555
1263,78949,16,0.9279999999999999,0.9280021817335409,1,0.0625
1264,78967,18,0.919,0.9190026135203418,1,0.05555555555555555
1265,78995,28,0.874,0.874002243779457,1,0.03571428571428571
1266,79015,20,0.91,0.9100007228464289,1,0.05
1267,79029,14,0.9369999999999999,0.9370001124202185,1,0.07142857142857142
1268,79043,14,0.9369999999999999,0.9370000616694522,1,0.07142857142857142
1269,79057,14,0.9369999999999999,0.9370000426061843,1,0.07142857142857142
1270,79071,14,0.9369999999999999,0.9370000858142987,1,0.07142857142857142
1271,79087,16,0.9279999999999999,0.9280001218364365,1,0.0625
1272,79105,18,0.919,0.9190002802393462,1,0.05555555555555555
1273,79121,16,0.9279999999999999,0.928000163348069,1,0.0625
1274,79135,14,0.9369999999999999,0.9370000887148198,1,0.07142857142857142
1275,79149,14,0.9369999999999999,0.9370000191341621,1,0.07142857142857142
1276,79165,16,0.9279999999999999,0.9279999999999999,1,0.1875
1277,79182,17,0.9235,0.9235000544508873,1,0.058823529411764705
1278,79198,16,0.9279999999999999,0.9279999999999999,1,0.0625
1279,79214,16,0.9279999999999999,0.9279999999999999,1,0.0625
1280,79228,14,0.9369999999999999,0.9369999999999999,1,0.07142857142857142
1281,79242,14,0.9369999999999999,0.9369999999999999,1,0.07142857142857142
1282,79258,16,0.9279999999999999,0.9279999999999999,1,0.0625
1283,79272,14,0.9369999999999999,0.9369999999999999,1,0.07142857142857142
1284,79298,26,0.883,0.883,1,0.038461538461538464
1285,79317,19,0.9145,0.9145,1,0.05263157894736842
1286,79331,14,0.9369999999999999,0.9370000154464966,1,0.07142857142857142
1287,79345,14,0.9369999999999999,0.9370000342999637,1,0.07142857142857142
1288,79363,18,0.919,0.9190001560650743,1,0.05555555555555555
1289,79381,18,0.919,0.9190002247053268,1,0.05555555555555555
1290,79398,17,0.9235,0.9235002609728709,1,0.058823529411764705
1291,79414,16,0.9279999999999999,0.9280003292970588,1,0.0625
1292,79430,16,0.9279999999999999,0.9280003701121731,1,0.0625
1293,79444,14,0.9369999999999999,0.937000256833234,1,0.07142857142857142
1294,79458,14,0.9369999999999999,0.9370001813890667,1,0.07142857142857142
1295,79476,18,0.919,0.9190003861393181,1,0.16666666666666666
1296,79495,19,0.9145,0.9145004592150818,1,0.05263157894736842
1297,79511,16,0.9279999999999999,0.9280003105904407,1,0.1875
1298,79531,20,0.91,0.9100003849798168,1,0.05
1299,79548,17,0.9235,0.9235002817066991,1,0.17647058823529413
1300,79614,66,0.703,0.7030003038233062,1,0.13636363636363635
1301,79630,16,0.9279999999999999,0.9280000046369323,1,0.0625
1302,79647,17,0.9235,0.9235000817543239,1,0.058823529411764705
1303,79661,14,0.9369999999999999,0.9370000152404797,1,0.07142857142857142
1304,79675,14,0.9369999999999999,0.9370000067496198,1,0.07142857142857142
1305,79689,14,0.9369999999999999,0.9370000306040189,1,0.07142857142857142
1306,79703,14,0.9369999999999999,0.9369999999999999,1,0.07142857142857142
1307,79755,52,0.766,0.766,1,0.019230769230769232
1308,79772,17,0.9235,0.9235,1,0.058823529411764705
1309,79786,14,0.9369999999999999,0.9369999999999999,1,0.07142857142857142
1310,79800,14,0.9369999999999999,0.9369999999999999,1,0.07142857142857142
1311,79814,14,0.9369999999999999,0.9370000082365566,1,0.07142857142857142
1312,79834,20,0.91,0.9100000681084144,1,0.05
1313,79848,14,0.9369999999999999,0.9370000349220523,1,0.07142857142857142
1314,79864,16,0.9279999999999999,0.9280000014366638,1,0.0625
1315,79878,14,0.9369999999999999,0.9370000377085328,1,0.07142857142857142
1316,79892,14,0.9369999999999999,0.9370000982526265,1,0.07142857142857142
1317,79907,15,0.9325,0.9325000855893967,1,0.06666666666666667
1318,79942,35,0.8425,0.8425001178609902,1,0.02857142857142857
1319,79956,14,0.9369999999999999,0.9370000719361895,1,0.07142857142857142
1320,79972,16,0.9279999999999999,0.9280000690126387,1,0.0625
1321,79992,20,0.91,0.9100000658170057,1,0.05
1322,80008,16,0.9279999999999999,0.9280001314887312,1,0.0625
1323,80043,35,0.8425,0.8425002288191122,1,0.02857142857142857
1324,80059,16,0.9279999999999999,0.9279999999999999,1,0.0625
1325,80103,44,0.802,0.802,1,0.06818181818181818
1326,80119,16,0.9279999999999999,0.9279999999999999,1,0.0625
1327,80145,26,0.883,0.883,1,0.038461538461538464
1328,80161,16,0.9279999999999999,0.9279999999999999,1,0.0625
1329,80175,14,0.9369999999999999,0.9369999999999999,1,0.07142857142857142
1330,80191,16,0.9279999999999999,0.9279999999999999,1,0.0625
1331,80207,16,0.9279999999999999,0.9280000722475229,1,0.0625
1332,80235,28,0.874,0.8740003056926239,1,0.03571428571428571
1333,80249,14,0.9369999999999999,0.937000198560305,1,0.07142857142857142
1334,80263,14,0.9369999999999999,0.9370002258764503,1,0.07142857142857142
1335,80277,14,0.9369999999999999,0.9370001586248504,1,0.07142857142857142
1336,80293,16,0.9279999999999999,0.9280000663801501,1,0.1875
1337,80325,32,0.856,0.856000510191179,1,0.03125
1338,80339,14,0.9369999999999999,0.9370001676125733,1,0.07142857142857142
1339,80353,14,0.9369999999999999,0.9370001481056375,1,0.07142857142857142
1340,80369,16,0.9279999999999999,0.9280003124235808,1,0.1875
1341,80403,34,0.847,0.8470006133574078,1,0.08823529411764706
1342,80419,16,0.9279999999999999,0.9280001632441668,1,0.0625
1343,80435,16,0.9279999999999999,0.92800019471448,1,0.1875
1344,80451,16,0.9279999999999999,0.9280001902690732,1,0.0625
1345,80465,14,0.9369999999999999,0.9370002001613689,1,0.07142857142857142
1346,80508,43,0.8065,0.8065008684247058,1,0.023255813953488372
1347,80526,18,0.919,0.9190002592800747,1,0.05555555555555555
1348,80540,14,0.9369999999999999,0.9370001389223077,1,0.07142857142857142
1349,80554,14,0.9369999999999999,0.9369999999999999,1,0.07142857142857142
1350,80589,35,0.8425,0.8425000058507075,1,0.02857142857142857
1351,80603,14,0.9369999999999999,0.9369999999999999,1,0.07142857142857142
1352,80619,16,0.9279999999999999,0.9279999999999999,1,0.0625
1353,80635,16,0.9279999999999999,0.9280000140398221,1,0.0625
1354,80649,14,0.9369999999999999,0.9369999999999999,1,0.07142857142857142
1355,80663,14,0.9369999999999999,0.9369999999999999,1,0.07142857142857142
1356,80679,16,0.9279999999999999,0.9279999999999999,1,0.0625
1357,80697,18,0.919,0.919,1,0.05555555555555555
1358,80713,16,0.9279999999999999,0.9280000296380111,1,0.0625
1359,80727,14,0.9369999999999999,0.9370000406757063,1,0.07142857142857142
1360,80745,18,0.919,0.919000218786159,1,0.05555555555555555
1361,80761,16,0.9279999999999999,0.9280000221560412,1,0.1875
1362,80775,14,0.9369999999999999,0.9370000151385132,1,0.07142857142857142
1363,80789,14,0.9369999999999999,0.9370001267808481,1,0.07142857142857142
1364,80805,16,0.9279999999999999,0.928000018829197,1,0.0625
1365,80819,14,0.9369999999999999,0.9370000022481721,1,0.07142857142857142
1366,80833,14,0.9369999999999999,0.9370000851724456,1,0.07142857142857142
1367,80847,14,0.9369999999999999,0.9370000630283543,1,0.07142857142857142
1368,80861,14,0.9369999999999999,0.9370001494246896,1,0.07142857142857142
1369,80875,14,0.9369999999999999,0.937000159119466,1,0.07142857142857142
1370,80920,45,0.7975,0.7975000898429839,1,0.022222222222222223
1371,80936,16,0.9279999999999999,0.928000028508152,1,0.0625
1372,80956,20,0.91,0.9100000253618873,1,0.05
1373,80970,14,0.9369999999999999,0.9370001203260733,1,0.07142857142857142
1374,80984,14,0.9369999999999999,0.9370001553534825,1,0.07142857142857142
1375,80998,14,0.9369999999999999,0.9370002267021516,1,0.07142857142857142
1376,81024,26,0.883,0.8830001528135095,1,0.038461538461538464
1377,81044,20,0.91,0.9100000392914016,1,0.05
1378,81244,200,0.0,1.9477961366755236e-07,0,0.005
1379,81291,47,0.7885,0.7885000015350206,1,0.02127659574468085
1380,81425,134,0.3969999999999999,0.3970013303973032,1,0.08208955223880597
1381,81451,26,0.883,0.8830004104403131,1,0.038461538461538464
1382,81599,148,0.33399999999999996,0.33400301844028524,1,0.02702702702702703
1383,81693,94,0.577,0.5770020464131373,1,0.010638297872340425
1384,81707,14,0.9369999999999999,0.9370001641061299,1,0.07142857142857142
1385,81733,26,0.883,0.8830002118968778,1,0.038461538461538464
1386,81793,60,0.73,0.7300000319933901,1,0.016666666666666666
1387,81807,14,0.9369999999999999,0.9369999999999999,1,0.07142857142857142
1388,81835,28,0.874,0.874,1,0.03571428571428571
1389,81899,64,0.712,0.712,1,0.515625
1390,81913,14,0.9369999999999999,0.9369999999999999,1,0.07142857142857142
1391,81991,78,0.649,0.649000037580186,1,0.01282051282051282
1392,82007,16,0.9279999999999999,0.9280000549738904,1,0.0625
1393,82025,18,0.919,0.9190001528787628,1,0.05555555555555555
1394,82043,18,0.919,0.9190000211823869,1,0.05555555555555555
1395,82057,14,0.9369999999999999,0.9370000799427344,1,0.07142857142857142
1396,82071,14,0.9369999999999999,0.9370001147479169,1,0.07142857142857142
1397,82085,14,0.9369999999999999,0.9370000780203452,1,0.07142857142857142
1398,82101,16,0.9279999999999999,0.9280000660906553,1,0.0625
1399,82119,18,0.919,0.9190001732045809,1,0.05555555555555555
1400,82133,14,0.9369999999999999,0.9370000880634529,1,0.07142857142857142
1401,82149,16,0.9279999999999999,0.9280001152406332,1,0.0625
1402,82163,14,0.9369999999999999,0.9370000677260424,1,0.07142857142857142
1403,82180,17,0.9235,0.9235000489319454,1,0.058823529411764705
1404,82200,20,0.91,0.9100000875294454,1,0.05
1405,82216,16,0.9279999999999999,0.9280000403248663,1,0.0625
1406,82230,14,0.9369999999999999,0.9369999999999999,1,0.07142857142857142
1407,82244,14,0.9369999999999999,0.9369999999999999,1,0.07142857142857142
1408,82258,14,0.9369999999999999,0.9369999999999999,1,0.07142857142857142
1409,82272,14,0.9369999999999999,0.9369999999999999,1,0.07142857142857142
1410,82342,70,0.685,0.685,1,0.014285714285714285
1411,82358,16,0.9279999999999999,0.9279999999999999,1,0.0625
1412,82372,14,0.9369999999999999,0.9369999999999999,1,0.07142857142857142
1413,82386,14,0.9369999999999999,0.9369999999999999,1,0.07142857142857142
1414,82430,44,0.802,0.8020005096180751,1,0.022727272727272728
1415,82446,16,0.9279999999999999,0.9280000451433651,1,0.0625
1416,82460,14,0.9369999999999999,0.9370000733039923,1,0.07142857142857142
1417,82474,14,0.9369999999999999,0.9370001329212577,1,0.07142857142857142
1418,82492,18,0.919,0.919000203656902,1,0.05555555555555555
1419,82511,19,0.9145,0.9145002009445471,1,0.05263157894736842
1420,82525,14,0.9369999999999999,0.9370001383296622,1,0.07142857142857142
1421,82539,14,0.9369999999999999,0.9370001394586305,1,0.07142857142857142
1422,82555,16,0.9279999999999999,0.9280001198686965,1,0.0625
1423,82569,14,0.9369999999999999,0.9370001663648073,1,0.07142857142857142
1424,82583,14,0.9369999999999999,0.9370001422410463,1,0.07142857142857142
1425,82599,16,0.9279999999999999,0.9280000488476681,1,0.0625
1426,82617,18,0.919,0.9190000462908878,1,0.05555555555555555
1427,82631,14,0.9369999999999999,0.9369999999999999,1,0.07142857142857142
1428,82647,16,0.9279999999999999,0.9279999999999999,1,0.0625
1429,82661,14,0.9369999999999999,0.9369999999999999,1,0.07142857142857142
1430,82675,14,0.9369999999999999,0.9369999999999999,1,0.07142857142857142
1431,82689,14,0.9369999999999999,0.9369999999999999,1,0.07142857142857142
1432,82709,20,0.91,0.9100000503311017,1,0.2
1433,82723,14,0.9369999999999999,0.9369999999999999,1,0.07142857142857142
1434,82737,14,0.9369999999999999,0.9369999999999999,1,0.07142857142857142
1435,82751,14,0.9369999999999999,0.9370000007391305,1,0.07142857142857142
1436,82769,18,0.919,0.9190000322889453,1,0.05555555555555555
1437,82826,57,0.7435,0.7435001740766614,1,0.017543859649122806
1438,82840,14,0.9369999999999999,0.9369999999999999,1,0.07142857142857142
1439,82856,16,0.9279999999999999,0.9279999999999999,1,0.0625
1440,82870,14,0.9369999999999999,0.9369999999999999,1,0.07142857142857142
1441,82884,14,0.9369999999999999,0.9369999999999999,1,0.07142857142857142
1442,82898,14,0.9369999999999999,0.9369999999999999,1,0.07142857142857142
1443,82912,14,0.9369999999999999,0.9369999999999999,1,0.07142857142857142
1444,82926,14,0.9369999999999999,0.9369999999999999,1,0.07142857142857142
1445,82942,16,0.9279999999999999,0.9279999999999999,1,0.0625
1446,82956,14,0.9369999999999999,0.9369999999999999,1,0.07142857142857142
1447,82970,14,0.9369999999999999,0.9369999999999999,1,0.07142857142857142
1448,82986,16,0.9279999999999999,0.9279999999999999,1,0.0625
1449,83000,14,0.9369999999999999,0.9369999999999999,1,0.07142857142857142
1450,83014,14,0.9369999999999999,0.937000146789825,1,0.07142857142857142
1451,83030,16,0.9279999999999999,0.9280015164051817,1,0.0625
1452,83044,14,0.9369999999999999,0.937001729679281,1,0.07142857142857142
1453,83058,14,0.9369999999999999,0.9370020497742926,1,0.07142857142857142
1454,83081,23,0.8965,0.8965035338466977,1,0.043478260869565216
1455,83108,27,0.8785,0.8785042846162565,1,0.037037037037037035
1456,83141,33,0.8514999999999999,0.8515052512845556,1,0.030303030303030304
1457,83155,14,0.9369999999999999,0.9370028718090725,1,0.07142857142857142
1458,83169,14,0.9369999999999999,0.9370030794799239,1,0.07142857142857142
1459,83187,18,0.919,0.9190041597600143,1,0.05555555555555555
1460,83201,14,0.9369999999999999,0.937003306298208,1,0.07142857142857142
1461,83215,14,0.9369999999999999,0.9370032391149151,1,0.07142857142857142
1462,83236,21,0.9055,0.9055047558324129,1,0.14285714285714285
1463,83250,14,0.9369999999999999,0.9370034635771887,1,0.07142857142857142
1464,83269,19,0.9145,0.9145045325280725,1,0.05263157894736842
1465,83306,37,0.8335,0.8335081716726818,1,0.02702702702702703
1466,83320,14,0.9369999999999999,0.9370035914458898,1,0.07142857142857142
1467,83336,16,0.9279999999999999,0.9280040162760471,1,0.0625
1468,83359,23,0.8965,0.896505380551475,1,0.043478260869565216
1469,83392,33,0.8514999999999999,0.8515074899256724,1,0.030303030303030304
1470,83410,18,0.919,0.9190043124103514,1,0.05555555555555555
1471,83424,14,0.9369999999999999,0.9370032551875006,1,0.07142857142857142
1472,83444,20,0.91,0.9100019826499423,1,0.05
1473,83459,15,0.9325,0.9325001904292782,1,0.06666666666666667
1474,83479,20,0.91,0.9100001275403999,1,0.05
1475,83502,23,0.8965,0.8965001670400459,1,0.043478260869565216
1476,83516,14,0.9369999999999999,0.9370003972743305,1,0.07142857142857142
1477,83530,14,0.9369999999999999,0.9370004813884677,1,0.07142857142857142
1478,83546,16,0.9279999999999999,0.9280011938248031,1,0.0625
1479,83562,16,0.9279999999999999,0.9280016267470177,1,0.0625
1480,83578,16,0.9279999999999999,0.9280019019307625,1,0.0625
1481,83592,14,0.9369999999999999,0.9370020363579113,1,0.07142857142857142
1482,83611,19,0.9145,0.914503347704544,1,0.05263157894736842
1483,83630,19,0.9145,0.9145040038182286,1,0.15789473684210525
1484,83644,14,0.9369999999999999,0.9370031421656995,1,0.07142857142857142
1485,83659,15,0.9325,0.9325034362911534,1,0.06666666666666667
1486,83673,14,0.9369999999999999,0.9370033107907058,1,0.07142857142857142
1487,83692,19,0.9145,0.9145045989925731,1,0.05263157894736842
1488,83708,16,0.9279999999999999,0.9280038416865775,1,0.0625
1489,83722,14,0.9369999999999999,0.9370034458031388,1,0.07142857142857142
1490,83736,14,0.9369999999999999,0.9370034053638776,1,0.07142857142857142
1491,83754,18,0.919,0.9190047428327706,1,0.2777777777777778
1492,83776,22,0.901,0.9010052874759861,1,0.045454545454545456
1493,83798,22,0.901,0.9010043563661215,1,0.045454545454545456
1494,83819,21,0.9055,0.9055051018616612,1,0.047619047619047616
1495,83837,18,0.919,0.9190042878817334,1,0.05555555555555555
1496,83853,16,0.9279999999999999,0.928003957922227,1,0.0625
1497,83868,15,0.9325,0.9325030896995185,1,0.06666666666666667
1498,83888,20,0.91,0.9100031309063603,1,0.05
1499,83904,16,0.9279999999999999,0.9280024699588871,1,0.1875
1500,83923,19,0.9145,0.9145024611974656,1,0.05263157894736842
1501,83937,14,0.9369999999999999,0.937002330455956,1,0.07142857142857142
1502,83955,18,0.919,0.9190024407299829,1,0.05555555555555555
1503,83969,14,0.9369999999999999,0.9370005187065111,1,0.07142857142857142
1504,83983,14,0.9369999999999999,0.9370011719105509,1,0.07142857142857142
1505,83999,16,0.9279999999999999,0.9280005988826862,1,0.1875
1506,84015,16,0.9279999999999999,0.9280037128165474,1,0.0625
1507,84029,14,0.9369999999999999,0.9370050667310015,1,0.07142857142857142
1508,84047,18,0.919,0.9190089851225094,1,0.05555555555555555
1509,84061,14,0.9369999999999999,0.9370078860471885,1,0.07142857142857142
1510,84079,18,0.919,0.9190106136164865,1,0.05555555555555555
1511,84093,14,0.9369999999999999,0.9370087541772165,1,0.07142857142857142
1512,84107,14,0.9369999999999999,0.9370089622622908,1,0.07142857142857142
1513,84125,18,0.919,0.9190124197115384,1,0.05555555555555555
1514,84139,14,0.9369999999999999,0.9370094844286453,1,0.07142857142857142
1515,84153,14,0.9369999999999999,0.9370095801140516,1,0.07142857142857142
1516,84167,14,0.9369999999999999,0.9370095548497508,1,0.07142857142857142
1517,84183,16,0.9279999999999999,0.9280109563982539,1,0.0625
1518,84243,60,0.73,0.7300433186802545,1,0.016666666666666666
1519,84316,73,0.6715,0.6715385059050879,1,0.0136986301369863
1520,84388,72,0.6759999999999999,0.6760532616885745,1,0.013888888888888888
1521,84415,27,0.8785,0.8785199034344487,1,0.037037037037037035
1522,84429,14,0.9369999999999999,0.9370094334426874,1,0.07142857142857142
1523,84443,14,0.9369999999999999,0.9370091330681891,1,0.07142857142857142
1524,84485,42,0.8109999999999999,0.8110290837077224,1,0.023809523809523808
1525,84499,14,0.9369999999999999,0.9370077189780381,1,0.07142857142857142
1526,84515,16,0.9279999999999999,0.9280091751709754,1,0.0625
1527,84537,22,0.901,0.9010106849484298,1,0.045454545454545456
1528,84551,14,0.9369999999999999,0.9370063214734765,1,0.07142857142857142
1529,84567,16,0.9279999999999999,0.92800698863864,1,0.0625
1530,84581,14,0.9369999999999999,0.9370066196359051,1,0.07142857142857142
1531,84597,16,0.9279999999999999,0.9280078420352638,1,0.0625
1532,84611,14,0.9369999999999999,0.9370075470708736,1,0.07142857142857142
1533,84625,14,0.9369999999999999,0.9370071812075279,1,0.07142857142857142
1534,84643,18,0.919,0.9190114857355498,1,0.05555555555555555
1535,84659,16,0.9279999999999999,0.9280093600943977,1,0.0625
1536,84673,14,0.9369999999999999,0.9370082252650572,1,0.07142857142857142
1537,84698,25,0.8875,0.8875146051990127,1,0.04
1538,84714,16,0.9279999999999999,0.9280101425278825,1,0.0625
1539,84728,14,0.9369999999999999,0.937009153910037,1,0.07142857142857142
1540,84748,20,0.91,0.9100121305184186,1,0.05
1541,84764,16,0.9279999999999999,0.9280100024231145,1,0.1875
1542,84778,14,0.9369999999999999,0.9370089429201991,1,0.07142857142857142
1543,84792,14,0.9369999999999999,0.9370085585276977,1,0.07142857142857142
1544,84806,14,0.9369999999999999,0.9370078140690773,1,0.07142857142857142
1545,84825,19,0.9145,0.9145097249860674,1,0.05263157894736842
1546,84843,18,0.919,0.9190098761742732,1,0.05555555555555555
1547,84857,14,0.9369999999999999,0.9370083293030069,1,0.07142857142857142
1548,84871,14,0.9369999999999999,0.9370085233194667,1,0.07142857142857142
1549,84887,16,0.9279999999999999,0.9280105027157934,1,0.0625
1550,84901,14,0.9369999999999999,0.9370085751751452,1,0.07142857142857142
1551,84917,16,0.9279999999999999,0.9280111816312381,1,0.0625
1552,84935,18,0.919,0.919010827276154,1,0.05555555555555555
1553,84949,14,0.9369999999999999,0.9370080881215997,1,0.07142857142857142
1554,84965,16,0.9279999999999999,0.9280094459505409,1,0.0625
1555,85013,48,0.784,0.7840207522023711,1,0.020833333333333332
1556,85213,200,0.0,1.653438606715976e-06,0,0.005
1557,85363,150,0.32499999999999996,0.32502359686876287,1,0.006666666666666667
1558,85563,200,0.0,2.1094753063499375e-05,0,0.005
1559,85748,185,0.16749999999999998,0.16750409335002767,1,0.005405405405405406
1560,85948,200,0.0,6.035551179528843e-07,0,0.005
1561,86022,74,0.667,0.6670051230093471,1,0.04054054054054054
1562,86064,42,0.8109999999999999,0.8110029563221169,1,0.023809523809523808
1563,86080,16,0.9279999999999999,0.9280003901104422,1,0.1875
1564,86094,14,0.9369999999999999,0.9370003261610279,1,0.07142857142857142
1565,86108,14,0.9369999999999999,0.9370003636780655,1,0.07142857142857142
1566,86124,16,0.9279999999999999,0.9280004807645439,1,0.0625
1567,86140,16,0.9279999999999999,0.9280004294090882,1,0.0625
1568,86158,18,0.919,0.9190005868586334,1,0.16666666666666666
1569,86176,18,0.919,0.9190005038297269,1,0.05555555555555555
1570,86190,14,0.9369999999999999,0.9370003818571883,1,0.07142857142857142
1571,86204,14,0.9369999999999999,0.9370004042947656,1,0.07142857142857142
1572,86218,14,0.9369999999999999,0.9370004034244156,1,0.07142857142857142
1573,86232,14,0.9369999999999999,0.9370004150212403,1,0.07142857142857142
1574,86256,24,0.892,0.8920007113678854,1,0.041666666666666664
1575,86294,38,0.829,0.8290010790379143,1,0.02631578947368421
1576,86314,20,0.91,0.9100005850938597,1,0.05
1577,86330,16,0.9279999999999999,0.928000531240414,1,0.0625
1578,86348,18,0.919,0.9190004964878005,1,0.05555555555555555
1579,86364,16,0.9279999999999999,0.9280004481515166,1,0.1875
1580,86378,14,0.9369999999999999,0.9370003425928559,1,0.07142857142857142
1581,86396,18,0.919,0.9190004758034578,1,0.05555555555555555
1582,86410,14,0.9369999999999999,0.9370003484004985,1,0.07142857142857142
1583,86428,18,0.919,0.9190004860717371,1,0.05555555555555555
1584,86444,16,0.9279999999999999,0.9280004035078195,1,0.0625
1585,86460,16,0.9279999999999999,0.9280003438501842,1,0.0625
1586,86476,16,0.9279999999999999,0.9280002945011715,1,0.0625
1587,86498,22,0.901,0.9010003559127445,1,0.045454545454545456
1588,86514,16,0.9279999999999999,0.9280001433311827,1,0.0625
1589,86530,16,0.9279999999999999,0.9280000215440356,1,0.1875
1590,86556,26,0.883,0.8830000010698459,1,0.11538461538461539
1591,86570,14,0.9369999999999999,0.9369999999999999,1,0.07142857142857142
1592,86584,14,0.9369999999999999,0.9369999999999999,1,0.07142857142857142
1593,86600,16,0.9279999999999999,0.9279999999999999,1,0.0625
1594,86622,22,0.901,0.901,1,0.045454545454545456
1595,86640,18,0.919,0.919,1,0.05555555555555555
1596,86654,14,0.9369999999999999,0.9369999999999999,1,0.07142857142857142
1597,86670,16,0.9279999999999999,0.9279999999999999,1,0.1875
1598,86684,14,0.9369999999999999,0.9369999999999999,1,0.07142857142857142
1599,86698,14,0.9369999999999999,0.9369999999999999,1,0.07142857142857142
1600,86725,27,0.8785,0.8785,1,0.037037037037037035
1601,86772,47,0.7885,0.7885000421418956,1,0.10638297872340426
1602,86786,14,0.9369999999999999,0.9369999999999999,1,0.07142857142857142
1603,86800,14,0.9369999999999999,0.9370000047614397,1,0.07142857142857142
1604,86818,18,0.919,0.919,1,0.05555555555555555
1605,86832,14,0.9369999999999999,0.9370000172042373,1,0.07142857142857142
1606,86846,14,0.9369999999999999,0.9370000117154945,1,0.07142857142857142
1607,86860,14,0.9369999999999999,0.9370000329342374,1,0.07142857142857142
1608,86878,18,0.919,0.9190000078221665,1,0.05555555555555555
1609,86919,41,0.8155,0.8155000630770374,1,0.024390243902439025
1610,86937,18,0.919,0.9190001572658232,1,0.05555555555555555
1611,86953,16,0.9279999999999999,0.9280001524530986,1,0.0625
1612,86967,14,0.9369999999999999,0.9370001269305409,1,0.07142857142857142
1613,86983,16,0.9279999999999999,0.928000127433862,1,0.1875
1614,86997,14,0.9369999999999999,0.9370001232919416,1,0.07142857142857142
1615,87011,14,0.9369999999999999,0.937000062918633,1,0.07142857142857142
1616,87025,14,0.9369999999999999,0.9370001163310807,1,0.07142857142857142
1617,87041,16,0.9279999999999999,0.928000157678994,1,0.0625
1618,87055,14,0.9369999999999999,0.9370000619722392,1,0.07142857142857142
1619,87075,20,0.91,0.9100001335526117,1,0.35
1620,87089,14,0.9369999999999999,0.937000095990887,1,0.07142857142857142
1621,87109,20,0.91,0.9100000655630573,1,0.05
1622,87128,19,0.9145,0.9145001035631342,1,0.15789473684210525
1623,87154,26,0.883,0.8830000223659501,1,0.038461538461538464
1624,87169,15,0.9325,0.9325,1,0.06666666666666667
1625,87192,23,0.8965,0.8965,1,0.043478260869565216
1626,87254,62,0.721,0.721,1,0.016129032258064516
1627,87280,26,0.883,0.883,1,0.038461538461538464
1628,87362,82,0.631,0.6310000040554675,1,0.012195121951219513
1629,87378,16,0.9279999999999999,0.9279999999999999,1,0.0625
1630,87400,22,0.901,0.901,1,0.22727272727272727
1631,87423,23,0.8965,0.8965,1,0.043478260869565216
1632,87447,24,0.892,0.892,1,0.041666666666666664
1633,87490,43,0.8065,0.8065001361587975,1,0.023255813953488372
1634,87569,79,0.6445,0.6445004306202904,1,0.012658227848101266
1635,87585,16,0.9279999999999999,0.928000108699087,1,0.0625
1636,87601,16,0.9279999999999999,0.928000126340425,1,0.0625
1637,87637,36,0.838,0.8380006638932486,1,0.027777777777777776
1638,87653,16,0.9279999999999999,0.9280001975384415,1,0.0625
1639,87722,69,0.6895,0.6895006113342451,1,0.014492753623188406
1640,87738,16,0.9279999999999999,0.9280000457465939,1,0.0625
1641,87772,34,0.847,0.847000388724701,1,0.029411764705882353
1642,87876,104,0.532,0.5320030840542121,1,0.009615384615384616
1643,87935,59,0.7344999999999999,0.73450024912419,1,0.01694915254237288
1644,87953,18,0.919,0.919,1,0.05555555555555555
1645,88025,72,0.6759999999999999,0.6760049644759583,1,0.013888888888888888
1646,88041,16,0.9279999999999999,0.9280043585308879,1,0.0625
1647,88057,16,0.9279999999999999,0.9280044115396877,1,0.0625
1648,88073,16,0.9279999999999999,0.9280050763702474,1,0.0625
1649,88089,16,0.9279999999999999,0.9280055706739846,1,0.0625
1650,88105,16,0.9279999999999999,0.9280050685896594,1,0.0625
1651,88121,16,0.9279999999999999,0.9280046608953049,1,0.0625
1652,88143,22,0.901,0.9010055332426965,1,0.045454545454545456
1653,88159,16,0.9279999999999999,0.928005460968343,1,0.0625
1654,88175,16,0.9279999999999999,0.9280066060546159,1,0.0625
1655,88195,20,0.91,0.9100086817980276,1,0.05
1656,88213,18,0.919,0.9190079955633794,1,0.05555555555555555
1657,88229,16,0.9279999999999999,0.9280076120896595,1,0.0625
1658,88248,19,0.9145,0.9145092218727423,1,0.05263157894736842
1659,88262,14,0.9369999999999999,0.9370067340611667,1,0.07142857142857142
1660,88278,16,0.9279999999999999,0.9280080581551284,1,0.0625
1661,88292,14,0.9369999999999999,0.9370069126588055,1,0.07142857142857142
1662,88306,14,0.9369999999999999,0.9370068926972278,1,0.07142857142857142
1663,88338,32,0.856,0.8560173762514186,1,0.03125
1664,88352,14,0.9369999999999999,0.9370068951398383,1,0.07142857142857142
1665,88368,16,0.9279999999999999,0.9280077989162147,1,0.0625
1666,88382,14,0.9369999999999999,0.9370068697250302,1,0.07142857142857142
1667,88398,16,0.9279999999999999,0.9280080213566351,1,0.0625
1668,88420,22,0.901,0.9010104047697433,1,0.045454545454545456
1669,88434,14,0.9369999999999999,0.9370069844243962,1,0.07142857142857142
1670,88456,22,0.901,0.9010111082352148,1,0.045454545454545456
1671,88470,14,0.9369999999999999,0.9370070122792866,1,0.07142857142857142
1672,88505,35,0.8425,0.8425154403737154,1,0.02857142857142857
1673,88519,14,0.9369999999999999,0.937006871897939,1,0.07142857142857142
1674,88535,16,0.9279999999999999,0.9280075605591813,1,0.0625
1675,88551,16,0.9279999999999999,0.9280075805447077,1,0.0625
1676,88567,16,0.9279999999999999,0.9280075377467039,1,0.0625
1677,88581,14,0.9369999999999999,0.9370055003998342,1,0.07142857142857142
1678,88595,14,0.9369999999999999,0.9370057488287823,1,0.07142857142857142
1679,88609,14,0.9369999999999999,0.9370055706915444,1,0.07142857142857142
1680,88639,30,0.865,0.8650057895266711,1,0.1
1681,88653,14,0.9369999999999999,0.9370027845206278,1,0.07142857142857142
1682,88669,16,0.9279999999999999,0.9280039569828172,1,0.0625
1683,88683,14,0.9369999999999999,0.9370031047214484,1,0.07142857142857142
1684,88697,14,0.9369999999999999,0.9370034773125544,1,0.07142857142857142
1685,88711,14,0.9369999999999999,0.9370027995260307,1,0.07142857142857142
1686,88727,16,0.9279999999999999,0.9280020076541488,1,0.0625
1687,88741,14,0.9369999999999999,0.9370029991417164,1,0.07142857142857142
1688,88757,16,0.9279999999999999,0.928004417597991,1,0.0625
1689,88771,14,0.9369999999999999,0.937004457269152,1,0.07142857142857142
1690,88785,14,0.9369999999999999,0.9370051760328393,1,0.07142857142857142
1691,88799,14,0.9369999999999999,0.93700565697895,1,0.07142857142857142
1692,88827,28,0.874,0.8740118989098997,1,0.03571428571428571
1693,88843,16,0.9279999999999999,0.9280038606916665,1,0.1875
1694,88857,14,0.9369999999999999,0.9370008444398881,1,0.07142857142857142
1695,88873,16,0.9279999999999999,0.9280023938262013,1,0.0625
1696,88895,22,0.901,0.9010041633314599,1,0.045454545454545456
1697,88913,18,0.919,0.9190054584789409,1,0.05555555555555555
1698,88927,14,0.9369999999999999,0.9370052237471073,1,0.07142857142857142
1699,88941,14,0.9369999999999999,0.9370053136032627,1,0.07142857142857142
1700,88955,14,0.9369999999999999,0.9370059918680224,1,0.07142857142857142
1701,88969,14,0.9369999999999999,0.937006395681806,1,0.07142857142857142
1702,88989,20,0.91,0.9100088397282893,1,0.05
1703,89003,14,0.9369999999999999,0.9370049546092906,1,0.07142857142857142
1704,89017,14,0.9369999999999999,0.9370000275756614,1,0.07142857142857142
1705,89033,16,0.9279999999999999,0.9280000695769467,1,0.0625
1706,89058,25,0.8875,0.8875001495203723,1,0.04
1707,89074,16,0.9279999999999999,0.9280002268829569,1,0.0625
1708,89092,18,0.919,0.9190002924378375,1,0.16666666666666666
1709,89110,18,0.919,0.9190002806612454,1,0.05555555555555555
1710,89128,18,0.919,0.9190001526297106,1,0.05555555555555555
1711,89144,16,0.9279999999999999,0.9280001071755123,1,0.0625
1712,89175,31,0.8605,0.860500092523022,1,0.03225806451612903
1713,89191,16,0.9279999999999999,0.9280000994347865,1,0.0625
1714,89209,18,0.919,0.9190001139041376,1,0.05555555555555555
1715,89225,16,0.9279999999999999,0.9280000740293212,1,0.0625
1716,89245,20,0.91,0.910000025205779,1,0.05
1717,89267,22,0.901,0.9010000025655027,1,0.045454545454545456
1718,89285,18,0.919,0.919,1,0.05555555555555555
1719,89301,16,0.9279999999999999,0.9280000022906318,1,0.0625
1720,89323,22,0.901,0.901,1,0.045454545454545456
1721,89343,20,0.91,0.91,1,0.15
1722,89359,16,0.9279999999999999,0.9279999999999999,1,0.0625
1723,89377,18,0.919,0.919,1,0.05555555555555555
1724,89393,16,0.9279999999999999,0.9279999999999999,1,0.0625
1725,89413,20,0.91,0.91,1,0.05
1726,89429,16,0.9279999999999999,0.9279999999999999,1,0.0625
1727,89445,16,0.9279999999999999,0.9279999999999999,1,0.0625
1728,89461,16,0.9279999999999999,0.9279999999999999,1,0.0625
1729,89480,19,0.9145,0.9145,1,0.05263157894736842
1730,89498,18,0.919,0.919,1,0.05555555555555555
1731,89514,16,0.9279999999999999,0.9280000059489053,1,0.0625
1732,89534,20,0.91,0.9100000498369203,1,0.05
1733,89550,16,0.9279999999999999,0.9280000079910876,1,0.0625
1734,89566,16,0.9279999999999999,0.9280000710700059,1,0.0625
1735,89582,16,0.9279999999999999,0.9280000348798164,1,0.0625
1736,89598,16,0.9279999999999999,0.9280000041019469,1,0.0625
1737,89614,16,0.9279999999999999,0.9280000389547957,1,0.0625
1738,89630,16,0.9279999999999999,0.9280000649299683,1,0.0625
1739,89646,16,0.9279999999999999,0.9280000506560658,1,0.0625
1740,89662,16,0.9279999999999999,0.9280001204594353,1,0.0625
1741,89678,16,0.9279999999999999,0.9280001319271691,1,0.0625
1742,89696,18,0.919,0.9190001380551501,1,0.05555555555555555
1743,89712,16,0.9279999999999999,0.9280000706701076,1,0.0625
1744,89728,16,0.9279999999999999,0.9279999999999999,1,0.0625
1745,89744,16,0.9279999999999999,0.9279999999999999,1,0.0625
1746,89762,18,0.919,0.919,1,0.05555555555555555
1747,89782,20,0.91,0.91,1,0.05
1748,89798,16,0.9279999999999999,0.9279999999999999,1,0.0625
1749,89814,16,0.9279999999999999,0.9279999999999999,1,0.0625
1750,89830,16,0.9279999999999999,0.9279999999999999,1,0.0625
1751,89846,16,0.9279999999999999,0.9279999999999999,1,0.0625
1752,89862,16,0.9279999999999999,0.9280000046387369,1,0.0625
1753,89884,22,0.901,0.901000044361559,1,0.045454545454545456
1754,89900,16,0.9279999999999999,0.9280000579347278,1,0.0625
1755,89916,16,0.9279999999999999,0.9279999999999999,1,0.0625
1756,89932,16,0.9279999999999999,0.9279999999999999,1,0.0625
1757,89950,18,0.919,0.919,1,0.05555555555555555
1758,89967,17,0.9235,0.9235,1,0.058823529411764705
1759,89989,22,0.901,0.901,1,0.045454545454545456
1760,90005,16,0.9279999999999999,0.9280002179080482,1,0.0625
1761,90021,16,0.9279999999999999,0.9280011894418511,1,0.0625
1762,90043,22,0.901,0.9010025775232152,1,0.045454545454545456
1763,90059,16,0.9279999999999999,0.9280017667587755,1,0.0625
1764,90083,24,0.892,0.8920013629524918,1,0.125
1765,90122,39,0.8245,0.8245060856548255,1,0.02564102564102564
1766,90140,18,0.919,0.9190037996414283,1,0.05555555555555555
1767,90158,18,0.919,0.9190037508091844,1,0.05555555555555555
1768,90175,17,0.9235,0.9235035288555322,1,0.058823529411764705
1769,90195,20,0.91,0.9100039023020878,1,0.05
1770,90223,28,0.874,0.8740051451137207,1,0.03571428571428571
1771,90239,16,0.9279999999999999,0.9280036496017362,1,0.0625
1772,90255,16,0.9279999999999999,0.9280034906012272,1,0.0625
1773,90303,48,0.784,0.7840052361320167,1,0.020833333333333332
1774,90319,16,0.9279999999999999,0.9280038307807045,1,0.0625
1775,90337,18,0.919,0.9190039103933717,1,0.05555555555555555
1776,90399,62,0.721,0.7210098426318785,1,0.016129032258064516
1777,90415,16,0.9279999999999999,0.9280019416707218,1,0.0625
1778,90433,18,0.919,0.919000530179129,1,0.05555555555555555
1779,90454,21,0.9055,0.9055003954171392,1,0.047619047619047616
1780,90470,16,0.9279999999999999,0.9280003273704266,1,0.0625
1781,90488,18,0.919,0.9190007012449144,1,0.05555555555555555
1782,90504,16,0.9279999999999999,0.9280007301553421,1,0.0625
1783,90522,18,0.919,0.9190015730795474,1,0.05555555555555555
1784,90538,16,0.9279999999999999,0.9280015800424363,1,0.0625
1785,90556,18,0.919,0.9190022572414116,1,0.05555555555555555
1786,90576,20,0.91,0.9100039066257236,1,0.15
1787,90592,16,0.9279999999999999,0.928003596252318,1,0.0625
1788,90608,16,0.9279999999999999,0.9280038213965932,1,0.0625
1789,90626,18,0.919,0.91900396946583,1,0.05555555555555555
1790,90642,16,0.9279999999999999,0.9280035959524076,1,0.0625
1791,90658,16,0.9279999999999999,0.9280025598296159,1,0.0625
1792,90676,18,0.919,0.9190029808656531,1,0.16666666666666666
1793,90692,16,0.9279999999999999,0.92800254962726,1,0.0625
1794,90708,16,0.9279999999999999,0.9280029708792162,1,0.0625
1795,90724,16,0.9279999999999999,0.9280030561506607,1,0.0625
1796,90740,16,0.9279999999999999,0.9280034776182943,1,0.0625
1797,90758,18,0.919,0.9190033029754228,1,0.05555555555555555
1798,90776,18,0.919,0.9190030746485797,1,0.05555555555555555
1799,90794,18,0.919,0.9190035682130684,1,0.05555555555555555
1800,90812,18,0.919,0.9190034037128456,1,0.05555555555555555
1801,90840,28,0.874,0.8740041943341902,1,0.03571428571428571
1802,90858,18,0.919,0.919002576363414,1,0.05555555555555555
1803,90874,16,0.9279999999999999,0.9280018588185407,1,0.0625
1804,90892,18,0.919,0.9190031600981445,1,0.05555555555555555
1805,90908,16,0.9279999999999999,0.9280033597599086,1,0.0625
1806,90924,16,0.9279999999999999,0.9280033692836858,1,0.0625
1807,90942,18,0.919,0.9190042667163844,1,0.05555555555555555
1808,90958,16,0.9279999999999999,0.9280040519106163,1,0.0625
1809,90974,16,0.9279999999999999,0.9280042143367226,1,0.0625
1810,90996,22,0.901,0.9010050689250596,1,0.045454545454545456
1811,91016,20,0.91,0.9100009494048455,1,0.05
1812,91032,16,0.9279999999999999,0.9280001046185745,1,0.0625
1813,91096,64,0.712,0.7120003709476148,1,0.015625
1814,91226,130,0.4149999999999999,0.4150000121579389,1,0.007692307692307693
1815,91266,40,0.82,0.82,1,0.025
1816,91282,16,0.9279999999999999,0.9279999999999999,1,0.0625
1817,91400,118,0.469,0.469,1,0.00847457627118644
1818,91414,14,0.9369999999999999,0.9369999999999999,1,0.07142857142857142
1819,91442,28,0.874,0.874,1,0.03571428571428571
1820,91474,32,0.856,0.856,1,0.03125
1821,91490,16,0.9279999999999999,0.9279999999999999,1,0.0625
1822,91536,46,0.7929999999999999,0.7930000073168606,1,0.021739130434782608
1823,91554,18,0.919,0.919,1,0.2777777777777778
1824,91568,14,0.9369999999999999,0.9369999999999999,1,0.07142857142857142
1825,91582,14,0.9369999999999999,0.9369999999999999,1,0.07142857142857142
1826,91596,14,0.9369999999999999,0.9370000009535746,1,0.07142857142857142
1827,91642,46,0.7929999999999999,0.7929999999999999,1,0.021739130434782608
1828,91662,20,0.91,0.91,1,0.05
1829,91714,52,0.766,0.7660000191513002,1,0.019230769230769232
1830,91730,16,0.9279999999999999,0.9279999999999999,1,0.0625
1831,91758,28,0.874,0.8740000009334671,1,0.03571428571428571
1832,91836,78,0.649,0.649,1,0.038461538461538464
1833,91856,20,0.91,0.91,1,0.05
1834,91872,16,0.9279999999999999,0.9279999999999999,1,0.1875
1835,91886,14,0.9369999999999999,0.9369999999999999,1,0.07142857142857142
1836,91900,14,0.9369999999999999,0.9369999999999999,1,0.07142857142857142
1837,91916,16,0.9279999999999999,0.9279999999999999,1,0.0625
1838,91978,62,0.721,0.721,1,0.016129032258064516
1839,92028,50,0.775,0.7750002459239635,1,0.02
1840,92044,16,0.9279999999999999,0.9280002279927122,1,0.0625
1841,92058,14,0.9369999999999999,0.9370001453575291,1,0.07142857142857142
1842,92072,14,0.9369999999999999,0.9370001132691953,1,0.07142857142857142
1843,92094,22,0.901,0.9010001860124157,1,0.22727272727272727
1844,92122,28,0.874,0.8740006659366935,1,0.5357142857142857
1845,92150,28,0.874,0.8740005082642827,1,0.4642857142857143
1846,92180,30,0.865,0.8650007030449421,1,0.23333333333333334
1847,92194,14,0.9369999999999999,0.937000082496633,1,0.07142857142857142
1848,92215,21,0.9055,0.9055001217367062,1,0.23809523809523808
1849,92241,26,0.883,0.8830000312099779,1,0.34615384615384615
1850,92279,38,0.829,0.8290000655812677,1,0.5526315789473685
1851,92307,28,0.874,0.8740000745012353,1,0.25
1852,92321,14,0.9369999999999999,0.9370000860608554,1,0.07142857142857142
1853,92343,22,0.901,0.901000428062427,1,0.22727272727272727
1854,92364,21,0.9055,0.9055000159637209,1,0.047619047619047616
1855,92383,19,0.9145,0.9145,1,0.2631578947368421
1856,92430,47,0.7885,0.7885,1,0.6595744680851063
1857,92470,40,0.82,0.8200000705919211,1,0.575
1858,92486,16,0.9279999999999999,0.9280001610550935,1,0.1875
1859,92503,17,0.9235,0.9235004780634436,1,0.058823529411764705
1860,92530,27,0.8785,0.8785013128269269,1,0.037037037037037035
1861,92572,42,0.8109999999999999,0.811003661084624,1,0.6904761904761905
1862,92588,16,0.9279999999999999,0.9280011520278463,1,0.0625
1863,92620,32,0.856,0.8560019950515267,1,0.03125
1864,92638,18,0.919,0.9190015168355894,1,0.2777777777777778
1865,92666,28,0.874,0.8740026954033877,1,0.5357142857142857
1866,92750,84,0.622,0.6220088629247374,1,0.6547619047619048
1867,92782,32,0.856,0.8560029468171386,1,0.4375
1868,92805,23,0.8965,0.8965015024072494,1,0.043478260869565216
1869,92821,16,0.9279999999999999,0.9280014688902682,1,0.0625
1870,92841,20,0.91,0.9100016039205835,1,0.25
1871,92863,22,0.901,0.9010018684759366,1,0.4090909090909091
1872,92895,32,0.856,0.8560029969437912,1,0.53125
1873,92934,39,0.8245,0.824503601305481,1,0.5128205128205128
1874,92954,20,0.91,0.9100015186381036,1,0.35
1875,93022,68,0.694,0.6940053622002237,1,0.7647058823529411
1876,93040,18,0.919,0.9190000996165437,1,0.05555555555555555
1877,93054,14,0.9369999999999999,0.9370001111363045,1,0.07142857142857142
1878,93072,18,0.919,0.9190002615634513,1,0.05555555555555555
1879,93086,14,0.9369999999999999,0.9370000410435099,1,0.07142857142857142
1880,93100,14,0.9369999999999999,0.9370001835214653,1,0.07142857142857142
1881,93114,14,0.9369999999999999,0.9370000008736824,1,0.07142857142857142
1882,93130,16,0.9279999999999999,0.9280001070322387,1,0.0625
1883,93144,14,0.9369999999999999,0.9370005296501913,1,0.07142857142857142
1884,93158,14,0.9369999999999999,0.9370003316361695,1,0.07142857142857142
1885,93174,16,0.9279999999999999,0.928000308404821,1,0.1875
1886,93194,20,0.91,0.910000765971149,1,0.05
1887,93208,14,0.9369999999999999,0.9370008683424427,1,0.07142857142857142
1888,93408,200,0.0,3.026922235014158e-05,0,0.01
1889,93422,14,0.9369999999999999,0.9370015621366032,1,0.07142857142857142
1890,93436,14,0.9369999999999999,0.937001580518495,1,0.07142857142857142
1891,93450,14,0.9369999999999999,0.9370016375136957,1,0.07142857142857142
1892,93470,20,0.91,0.9100031902105061,1,0.05
1893,93484,14,0.9369999999999999,0.9370014987422831,1,0.07142857142857142
1894,93498,14,0.9369999999999999,0.9370015555802058,1,0.07142857142857142
1895,93512,14,0.9369999999999999,0.9370012561325731,1,0.07142857142857142
1896,93526,14,0.9369999999999999,0.9370008757624477,1,0.07142857142857142
1897,93540,14,0.9369999999999999,0.9370003899844543,1,0.07142857142857142
1898,93557,17,0.9235,0.9235005107330266,1,0.058823529411764705
1899,93575,18,0.919,0.919000699315405,1,0.05555555555555555
1900,93591,16,0.9279999999999999,0.928000381709866,1,0.0625
1901,93605,14,0.9369999999999999,0.9370002297694501,1,0.07142857142857142
1902,93619,14,0.9369999999999999,0.9370003871955833,1,0.07142857142857142
1903,93670,51,0.7705,0.7705004465782067,1,0.0392156862745098
1904,93684,14,0.9369999999999999,0.9370002685970539,1,0.07142857142857142
1905,93698,14,0.9369999999999999,0.9370001276135985,1,0.07142857142857142
1906,93712,14,0.9369999999999999,0.9369999999999999,1,0.07142857142857142
1907,93726,14,0.9369999999999999,0.9370000033908019,1,0.07142857142857142
1908,93740,14,0.9369999999999999,0.9370002286149629,1,0.07142857142857142
1909,93768,28,0.874,0.8740004718246744,1,0.5357142857142857
1910,93784,16,0.9279999999999999,0.9280008097692537,1,0.0625
1911,93802,18,0.919,0.9190017137741916,1,0.2777777777777778
1912,93816,14,0.9369999999999999,0.9370012815570523,1,0.07142857142857142
1913,93830,14,0.9369999999999999,0.9370012774929483,1,0.07142857142857142
1914,93854,24,0.892,0.8920024285719089,1,0.375
1915,93868,14,0.9369999999999999,0.9370016400941061,1,0.07142857142857142
1916,93884,16,0.9279999999999999,0.928001908347693,1,0.1875
1917,93900,16,0.9279999999999999,0.9280022912392353,1,0.0625
1918,93918,18,0.919,0.9190022630481777,1,0.05555555555555555
1919,93932,14,0.9369999999999999,0.9370018510326887,1,0.07142857142857142
1920,93946,14,0.9369999999999999,0.9370018612170905,1,0.07142857142857142
1921,93960,14,0.9369999999999999,0.9370018268078557,1,0.07142857142857142
1922,93976,16,0.9279999999999999,0.9280021589858983,1,0.0625
1923,93996,20,0.91,0.9100025989765789,1,0.35
1924,94010,14,0.9369999999999999,0.9370006031342196,1,0.07142857142857142
1925,94028,18,0.919,0.9190000656995998,1,0.05555555555555555
1926,94043,15,0.9325,0.9325001415491171,1,0.06666666666666667
1927,94059,16,0.9279999999999999,0.9280002355665172,1,0.0625
1928,94073,14,0.9369999999999999,0.9370001933561792,1,0.07142857142857142
1929,94087,14,0.9369999999999999,0.9370002046288322,1,0.07142857142857142
1930,94101,14,0.9369999999999999,0.9370001850777196,1,0.07142857142857142
1931,94117,16,0.9279999999999999,0.9280001322789996,1,0.1875
1932,94131,14,0.9369999999999999,0.9370001228491263,1,0.07142857142857142
1933,94145,14,0.9369999999999999,0.9370000786272867,1,0.07142857142857142
1934,94160,15,0.9325,0.9325000711344729,1,0.06666666666666667
1935,94174,14,0.9369999999999999,0.9370000793206569,1,0.07142857142857142
1936,94188,14,0.9369999999999999,0.93700005845086,1,0.07142857142857142
1937,94202,14,0.9369999999999999,0.9370000921167416,1,0.07142857142857142
1938,94216,14,0.9369999999999999,0.9370000776674231,1,0.07142857142857142
1939,94230,14,0.9369999999999999,0.9370000207574934,1,0.07142857142857142
1940,94244,14,0.9369999999999999,0.9369999999999999,1,0.07142857142857142
1941,94258,14,0.9369999999999999,0.937000002527437,1,0.07142857142857142
1942,94272,14,0.9369999999999999,0.9369999999999999,1,0.07142857142857142
1943,94286,14,0.9369999999999999,0.9369999999999999,1,0.07142857142857142
1944,94304,18,0.919,0.919,1,0.05555555555555555
1945,94318,14,0.9369999999999999,0.9369999999999999,1,0.07142857142857142
1946,94334,16,0.9279999999999999,0.9279999999999999,1,0.1875
1947,94350,16,0.9279999999999999,0.9279999999999999,1,0.1875
1948,94364,14,0.9369999999999999,0.9369999999999999,1,0.07142857142857142
1949,94380,16,0.9279999999999999,0.9279999999999999,1,0.0625
1950,94394,14,0.9369999999999999,0.9369999999999999,1,0.07142857142857142
1951,94412,18,0.919,0.919,1,0.05555555555555555
1952,94428,16,0.9279999999999999,0.9279999999999999,1,0.0625
1953,94446,18,0.919,0.919,1,0.05555555555555555
1954,94460,14,0.9369999999999999,0.9369999999999999,1,0.07142857142857142
1955,94474,14,0.9369999999999999,0.9369999999999999,1,0.07142857142857142
1956,94488,14,0.9369999999999999,0.9369999999999999,1,0.07142857142857142
1957,94502,14,0.9369999999999999,0.9370000012144784,1,0.07142857142857142
1958,94520,18,0.919,0.9190000070324575,1,0.05555555555555555
1959,94534,14,0.9369999999999999,0.9369999999999999,1,0.07142857142857142
1960,94548,14,0.9369999999999999,0.9370000081753235,1,0.07142857142857142
1961,94566,18,0.919,0.919000029133896,1,0.16666666666666666
1962,94582,16,0.9279999999999999,0.9280000090259103,1,0.0625
1963,94596,14,0.9369999999999999,0.9370000354278312,1,0.07142857142857142
1964,94610,14,0.9369999999999999,0.9370000384120702,1,0.07142857142857142
1965,94624,14,0.9369999999999999,0.9370000602627082,1,0.07142857142857142
1966,94640,16,0.9279999999999999,0.9280000267030258,1,0.0625
1967,94654,14,0.9369999999999999,0.9369999999999999,1,0.07142857142857142
1968,94668,14,0.9369999999999999,0.937000000050434,1,0.07142857142857142
1969,94682,14,0.9369999999999999,0.9369999999999999,1,0.07142857142857142
1970,94698,16,0.9279999999999999,0.9279999999999999,1,0.0625
1971,94712,14,0.9369999999999999,0.9369999999999999,1,0.07142857142857142
1972,94726,14,0.9369999999999999,0.9369999999999999,1,0.07142857142857142
1973,94742,16,0.9279999999999999,0.9279999999999999,1,0.0625
1974,94758,16,0.9279999999999999,0.9279999999999999,1,0.0625
1975,94774,16,0.9279999999999999,0.9279999999999999,1,0.0625
1976,94788,14,0.9369999999999999,0.9369999999999999,1,0.07142857142857142
1977,94802,14,0.9369999999999999,0.9369999999999999,1,0.07142857142857142
1978,94816,14,0.9369999999999999,0.9369999999999999,1,0.07142857142857142
1979,94832,16,0.9279999999999999,0.9279999999999999,1,0.0625
1980,94846,14,0.9369999999999999,0.9369999999999999,1,0.07142857142857142
1981,94860,14,0.9369999999999999,0.9369999999999999,1,0.07142857142857142
1982,94874,14,0.9369999999999999,0.9369999999999999,1,0.07142857142857142
1983,94888,14,0.9369999999999999,0.9369999999999999,1,0.07142857142857142
1984,94902,14,0.9369999999999999,0.9369999999999999,1,0.07142857142857142
1985,94916,14,0.9369999999999999,0.9369999999999999,1,0.07142857142857142
1986,94932,16,0.9279999999999999,0.9279999999999999,1,0.0625
1987,94946,14,0.9369999999999999,0.9369999999999999,1,0.07142857142857142
1988,94960,14,0.9369999999999999,0.9369999999999999,1,0.07142857142857142
1989,94974,14,0.9369999999999999,0.9369999999999999,1,0.07142857142857142
1990,94988,14,0.9369999999999999,0.9369999999999999,1,0.07142857142857142
1991,95006,18,0.919,0.9190001219532266,1,0.05555555555555555
1992,95020,14,0.9369999999999999,0.9370003555886668,1,0.07142857142857142
1993,95036,16,0.9279999999999999,0.9280003032097502,1,0.0625
1994,95050,14,0.9369999999999999,0.9370002550738014,1,0.07142857142857142
1995,95065,15,0.9325,0.9325004553536489,1,0.06666666666666667
1996,95083,18,0.919,0.9190001544992128,1,0.05555555555555555
1997,95097,14,0.9369999999999999,0.9370001208982659,1,0.07142857142857142
1998,95115,18,0.919,0.919000241713291,1,0.05555555555555555
1999,95129,14,0.9369999999999999,0.9370000505067569,1,0.07142857142857142
2000,95143,14,0.9369999999999999,0.9370000058380502,1,0.07142857142857142
2001,95157,14,0.9369999999999999,0.9370000254148547,1,0.07142857142857142
2002,95173,16,0.9279999999999999,0.9280001316283527,1,0.0625
2003,95189,16,0.9279999999999999,0.9280001589575098,1,0.0625
2004,95203,14,0.9369999999999999,0.9370002207552213,1,0.07142857142857142
2005,95217,14,0.9369999999999999,0.9370002017145348,1,0.07142857142857142
2006,95231,14,0.9369999999999999,0.9370005667301612,1,0.07142857142857142
2007,95245,14,0.9369999999999999,0.9370008134790854,1,0.07142857142857142
2008,95259,14,0.9369999999999999,0.9370008907666928,1,0.07142857142857142
2009,95275,16,0.9279999999999999,0.9280012001859486,1,0.0625
2010,95293,18,0.919,0.9190014091538927,1,0.16666666666666666
2011,95307,14,0.9369999999999999,0.9370010887538628,1,0.07142857142857142
2012,95325,18,0.919,0.9190009862956069,1,0.05555555555555555
2013,95339,14,0.9369999999999999,0.9370005705743879,1,0.07142857142857142
2014,95353,14,0.9369999999999999,0.9370008615046941,1,0.07142857142857142
2015,95367,14,0.9369999999999999,0.9370009390172224,1,0.07142857142857142
2016,95383,16,0.9279999999999999,0.9280013386710286,1,0.0625
2017,95397,14,0.9369999999999999,0.9370011087354172,1,0.07142857142857142
2018,95411,14,0.9369999999999999,0.9370011711410728,1,0.07142857142857142
2019,95429,18,0.919,0.9190012703763992,1,0.05555555555555555
2020,95443,14,0.9369999999999999,0.9370007489758652,1,0.07142857142857142
2021,95459,16,0.9279999999999999,0.9280005125647535,1,0.0625
2022,95473,14,0.9369999999999999,0.937000434005804,1,0.07142857142857142
2023,95487,14,0.9369999999999999,0.9370004528030894,1,0.07142857142857142
2024,95501,14,0.9369999999999999,0.9370003431374215,1,0.07142857142857142
2025,95517,16,0.9279999999999999,0.9280000669130887,1,0.0625
2026,95531,14,0.9369999999999999,0.937000169160422,1,0.07142857142857142
2027,95545,14,0.9369999999999999,0.9370001870604296,1,0.07142857142857142
2028,95559,14,0.9369999999999999,0.9370000291955362,1,0.07142857142857142
2029,95573,14,0.9369999999999999,0.9369999999999999,1,0.07142857142857142
2030,95589,16,0.9279999999999999,0.9280000230608988,1,0.0625
2031,95603,14,0.9369999999999999,0.9370001438387582,1,0.07142857142857142
2032,95619,16,0.9279999999999999,0.9280000814140358,1,0.0625
2033,95633,14,0.9369999999999999,0.9370002657239522,1,0.07142857142857142
2034,95649,16,0.9279999999999999,0.9280002501584861,1,0.0625
2035,95663,14,0.9369999999999999,0.9370000226179372,1,0.07142857142857142
2036,95677,14,0.9369999999999999,0.9369999999999999,1,0.07142857142857142
2037,95691,14,0.9369999999999999,0.9369999999999999,1,0.07142857142857142
2038,95705,14,0.9369999999999999,0.9369999999999999,1,0.07142857142857142
2039,95721,16,0.9279999999999999,0.9280000241197514,1,0.0625
2040,95739,18,0.919,0.919,1,0.05555555555555555
2041,95754,15,0.9325,0.9325000783629026,1,0.06666666666666667
2042,95770,16,0.9279999999999999,0.9280002490550192,1,0.1875
2043,95784,14,0.9369999999999999,0.9370000015147737,1,0.07142857142857142
2044,95800,16,0.9279999999999999,0.9280001785768602,1,0.0625
2045,95814,14,0.9369999999999999,0.9369999999999999,1,0.07142857142857142
2046,95828,14,0.9369999999999999,0.9369999999999999,1,0.07142857142857142
2047,95844,16,0.9279999999999999,0.9280001278611101,1,0.0625
2048,95860,16,0.9279999999999999,0.9280001449912983,1,0.0625
2049,95874,14,0.9369999999999999,0.9370001516491158,1,0.07142857142857142
2050,95888,14,0.9369999999999999,0.9370003955061127,1,0.07142857142857142
2051,95902,14,0.9369999999999999,0.9370005243849981,1,0.07142857142857142
2052,95916,14,0.9369999999999999,0.937000433610377,1,0.07142857142857142
2053,95932,16,0.9279999999999999,0.9280010704592462,1,0.0625
2054,95948,16,0.9279999999999999,0.9280011933434789,1,0.1875
2055,95962,14,0.9369999999999999,0.9370005064986977,1,0.07142857142857142
2056,95976,14,0.9369999999999999,0.9370004940714923,1,0.07142857142857142
2057,95990,14,0.9369999999999999,0.9370004796980784,1,0.07142857142857142
2058,96004,14,0.9369999999999999,0.9370004128596241,1,0.07142857142857142
2059,96018,14,0.9369999999999999,0.9370005333912057,1,0.07142857142857142
2060,96032,14,0.9369999999999999,0.9370008410428734,1,0.07142857142857142
2061,96046,14,0.9369999999999999,0.9370003851915271,1,0.07142857142857142
2062,96060,14,0.9369999999999999,0.9370005660854455,1,0.07142857142857142
2063,96074,14,0.9369999999999999,0.9370003748461541,1,0.07142857142857142
2064,96088,14,0.9369999999999999,0.9370003691187481,1,0.07142857142857142
2065,96102,14,0.9369999999999999,0.937000182857861,1,0.07142857142857142
2066,96116,14,0.9369999999999999,0.937000449760052,1,0.07142857142857142
2067,96134,18,0.919,0.919000800212023,1,0.05555555555555555
2068,96148,14,0.9369999999999999,0.9370005697578601,1,0.07142857142857142
2069,96162,14,0.9369999999999999,0.9370003162952633,1,0.07142857142857142
2070,96176,14,0.9369999999999999,0.9370005664087263,1,0.07142857142857142
2071,96192,16,0.9279999999999999,0.9280013598696873,1,0.0625
2072,96206,14,0.9369999999999999,0.9370009130824135,1,0.07142857142857142
2073,96220,14,0.9369999999999999,0.9370007780126172,1,0.07142857142857142
2074,96234,14,0.9369999999999999,0.9370008272870803,1,0.07142857142857142
2075,96250,16,0.9279999999999999,0.928001354386124,1,0.0625
2076,96264,14,0.9369999999999999,0.9370015262830702,1,0.07142857142857142
2077,96278,14,0.9369999999999999,0.9370014847682039,1,0.07142857142857142
2078,96294,16,0.9279999999999999,0.928001786478114,1,0.0625
2079,96308,14,0.9369999999999999,0.9370012253326403,1,0.07142857142857142
2080,96322,14,0.9369999999999999,0.9370014005412305,1,0.07142857142857142
2081,96336,14,0.9369999999999999,0.9370014899521518,1,0.07142857142857142
2082,96350,14,0.9369999999999999,0.937001607164962,1,0.07142857142857142
2083,96364,14,0.9369999999999999,0.9370013732002979,1,0.07142857142857142
2084,96378,14,0.9369999999999999,0.9370015683383632,1,0.07142857142857142
2085,96394,16,0.9279999999999999,0.928002125096706,1,0.0625
2086,96408,14,0.9369999999999999,0.9370019875984745,1,0.07142857142857142
2087,96424,16,0.9279999999999999,0.9280022128772744,1,0.0625
2088,96440,16,0.9279999999999999,0.928001684697241,1,0.0625
2089,96454,14,0.9369999999999999,0.9370017082917472,1,0.07142857142857142
2090,96468,14,0.9369999999999999,0.9370018086058735,1,0.07142857142857142
2091,96482,14,0.9369999999999999,0.9370019974421196,1,0.07142857142857142
2092,96496,14,0.9369999999999999,0.9370020700259947,1,0.07142857142857142
2093,96512,16,0.9279999999999999,0.9280023698470261,1,0.0625
2094,96528,16,0.9279999999999999,0.9280022412779587,1,0.0625
2095,96542,14,0.9369999999999999,0.9370019293127977,1,0.07142857142857142
2096,96556,14,0.9369999999999999,0.9370016105505203,1,0.07142857142857142
2097,96570,14,0.9369999999999999,0.9370016515443816,1,0.07142857142857142
2098,96584,14,0.9369999999999999,0.9370015878118154,1,0.07142857142857142
2099,96598,14,0.9369999999999999,0.9370017975100707,1,0.07142857142857142
2100,96612,14,0.9369999999999999,0.9370017212364471,1,0.07142857142857142
2101,96626,14,0.9369999999999999,0.9370015418450146,1,0.07142857142857142
2102,96642,16,0.9279999999999999,0.9280019198833599,1,0.0625
2103,96656,14,0.9369999999999999,0.9370015147144266,1,0.07142857142857142
2104,96672,16,0.9279999999999999,0.9280016096793524,1,0.0625
2105,96686,14,0.9369999999999999,0.9370012798741673,1,0.07142857142857142
2106,96702,16,0.9279999999999999,0.9280003650903875,1,0.0625
2107,96718,16,0.9279999999999999,0.9280002770778353,1,0.1875
2108,96734,16,0.9279999999999999,0.9280003025905741,1,0.0625
2109,96748,14,0.9369999999999999,0.937000320774042,1,0.07142857142857142
2110,96762,14,0.9369999999999999,0.9370003887646401,1,0.07142857142857142
2111,96776,14,0.9369999999999999,0.9370002440881858,1,0.07142857142857142
2112,96790,14,0.9369999999999999,0.9369999999999999,1,0.07142857142857142
2113,96806,16,0.9279999999999999,0.9280001301352306,1,0.0625
2114,96820,14,0.9369999999999999,0.9370000839926445,1,0.07142857142857142
2115,96834,14,0.9369999999999999,0.9370000234266626,1,0.07142857142857142
2116,96848,14,0.9369999999999999,0.9369999999999999,1,0.07142857142857142
2117,96866,18,0.919,0.9190004668206719,1,0.05555555555555555
2118,96880,14,0.9369999999999999,0.9370008217266392,1,0.07142857142857142
2119,96894,14,0.9369999999999999,0.937001239064851,1,0.07142857142857142
2120,96908,14,0.9369999999999999,0.9370014773127399,1,0.07142857142857142
2121,96928,20,0.91,0.910002086730591,1,0.05
2122,96946,18,0.919,0.9190018638319861,1,0.16666666666666666
2123,96960,14,0.9369999999999999,0.937001907491424,1,0.07142857142857142
2124,96974,14,0.9369999999999999,0.9370019146282765,1,0.07142857142857142
2125,96988,14,0.9369999999999999,0.9370017404265701,1,0.07142857142857142
2126,97006,18,0.919,0.9190019068203024,1,0.16666666666666666
2127,97022,16,0.9279999999999999,0.928000184367048,1,0.0625
2128,97038,16,0.9279999999999999,0.9280001244677867,1,0.0625
2129,97052,14,0.9369999999999999,0.9370000840467956,1,0.07142857142857142
2130,97066,14,0.9369999999999999,0.9370000239913164,1,0.07142857142857142
2131,97080,14,0.9369999999999999,0.937000081885473,1,0.07142857142857142
2132,97096,16,0.9279999999999999,0.9280000619205446,1,0.0625
2133,97110,14,0.9369999999999999,0.9370001275990699,1,0.07142857142857142
2134,97126,16,0.9279999999999999,0.9280000167349968,1,0.0625
2135,97140,14,0.9369999999999999,0.9370001246858354,1,0.07142857142857142
2136,97154,14,0.9369999999999999,0.9370001185499838,1,0.07142857142857142
2137,97168,14,0.9369999999999999,0.9370001380818319,1,0.07142857142857142
2138,97182,14,0.9369999999999999,0.9370002479031709,1,0.07142857142857142
2139,97196,14,0.9369999999999999,0.9370002336940433,1,0.07142857142857142
2140,97210,14,0.9369999999999999,0.9370002386215198,1,0.07142857142857142
2141,97224,14,0.9369999999999999,0.9370001099790655,1,0.07142857142857142
2142,97240,16,0.9279999999999999,0.9280002287421494,1,0.0625
2143,97256,16,0.9279999999999999,0.9280001949831813,1,0.0625
2144,97270,14,0.9369999999999999,0.9370002234175798,1,0.07142857142857142
2145,97290,20,0.91,0.9100002647633436,1,0.25
2146,97304,14,0.9369999999999999,0.9370001678129171,1,0.07142857142857142
2147,97318,14,0.9369999999999999,0.9370001387245903,1,0.07142857142857142
2148,97334,16,0.9279999999999999,0.9280000408871992,1,0.0625
2149,97348,14,0.9369999999999999,0.9370000167826616,1,0.07142857142857142
2150,97362,14,0.9369999999999999,0.9370000070793298,1,0.07142857142857142
2151,97376,14,0.9369999999999999,0.9370000013086704,1,0.07142857142857142
2152,97390,14,0.9369999999999999,0.9369999999999999,1,0.07142857142857142
2153,97404,14,0.9369999999999999,0.9369999999999999,1,0.07142857142857142
2154,97418,14,0.9369999999999999,0.9369999999999999,1,0.07142857142857142
2155,97434,16,0.9279999999999999,0.9279999999999999,1,0.0625
2156,97448,14,0.9369999999999999,0.9369999999999999,1,0.07142857142857142
2157,97462,14,0.9369999999999999,0.9369999999999999,1,0.07142857142857142
2158,97480,18,0.919,0.919,1,0.05555555555555555
2159,97494,14,0.9369999999999999,0.9369999999999999,1,0.07142857142857142
2160,97508,14,0.9369999999999999,0.9369999999999999,1,0.07142857142857142
2161,97524,16,0.9279999999999999,0.9279999999999999,1,0.0625
2162,97538,14,0.9369999999999999,0.9369999999999999,1,0.07142857142857142
2163,97552,14,0.9369999999999999,0.9369999999999999,1,0.07142857142857142
2164,97566,14,0.9369999999999999,0.9369999999999999,1,0.07142857142857142
2165,97580,14,0.9369999999999999,0.9369999999999999,1,0.07142857142857142
2166,97596,16,0.9279999999999999,0.9279999999999999,1,0.0625
2167,97614,18,0.919,0.919,1,0.16666666666666666
2168,97630,16,0.9279999999999999,0.9279999999999999,1,0.0625
2169,97644,14,0.9369999999999999,0.9369999999999999,1,0.07142857142857142
2170,97660,16,0.9279999999999999,0.9280000047235409,1,0.0625
2171,97678,18,0.919,0.919000022933975,1,0.05555555555555555
2172,97692,14,0.9369999999999999,0.9370000574586209,1,0.07142857142857142
2173,97708,16,0.9279999999999999,0.928000103983733,1,0.1875
2174,97722,14,0.9369999999999999,0.9370000888978962,1,0.07142857142857142
2175,97736,14,0.9369999999999999,0.9370001351438272,1,0.07142857142857142
2176,97754,18,0.919,0.919000176835327,1,0.05555555555555555
2177,97770,16,0.9279999999999999,0.9280002246799111,1,0.0625
2178,97784,14,0.9369999999999999,0.9370001112829301,1,0.07142857142857142
2179,97800,16,0.9279999999999999,0.9280002350711646,1,0.1875
2180,97816,16,0.9279999999999999,0.9280001839809843,1,0.0625
2181,97830,14,0.9369999999999999,0.9370000296637646,1,0.07142857142857142
2182,97846,16,0.9279999999999999,0.9280000441924124,1,0.0625
2183,97860,14,0.9369999999999999,0.9370000412817459,1,0.07142857142857142
2184,97874,14,0.9369999999999999,0.937000047589485,1,0.07142857142857142
2185,97890,16,0.9279999999999999,0.9280000525305189,1,0.0625
2186,97904,14,0.9369999999999999,0.937000115778506,1,0.07142857142857142
2187,97918,14,0.9369999999999999,0.9370001293216245,1,0.07142857142857142
2188,97932,14,0.9369999999999999,0.9370000939063003,1,0.07142857142857142
2189,97946,14,0.9369999999999999,0.9370000750110264,1,0.07142857142857142
2190,97962,16,0.9279999999999999,0.9280001004943845,1,0.0625
2191,97980,18,0.919,0.9190000768845049,1,0.05555555555555555
2192,97994,14,0.9369999999999999,0.9370000942775328,1,0.07142857142857142
2193,98008,14,0.9369999999999999,0.9370000677110186,1,0.07142857142857142
2194,98024,16,0.9279999999999999,0.9280001135490445,1,0.0625
2195,98038,14,0.9369999999999999,0.9370000847719788,1,0.07142857142857142
2196,98052,14,0.9369999999999999,0.93700003689924,1,0.07142857142857142
2197,98070,18,0.919,0.919,1,0.05555555555555555
2198,98084,14,0.9369999999999999,0.9370000081100089,1,0.07142857142857142
2199,98140,56,0.748,0.748,1,0.017857142857142856
2200,98154,14,0.9369999999999999,0.9369999999999999,1,0.07142857142857142
2201,98168,14,0.9369999999999999,0.9369999999999999,1,0.07142857142857142
2202,98186,18,0.919,0.919,1,0.05555555555555555
2203,98204,18,0.919,0.919,1,0.05555555555555555
2204,98226,22,0.901,0.901,1,0.045454545454545456
2205,98248,22,0.901,0.901,1,0.045454545454545456
2206,98264,16,0.9279999999999999,0.9279999999999999,1,0.0625
2207,98278,14,0.9369999999999999,0.9369999999999999,1,0.07142857142857142
2208,98294,16,0.9279999999999999,0.9280000052386765,1,0.0625
2209,98310,16,0.9279999999999999,0.9280000371317544,1,0.0625
2210,98326,16,0.9279999999999999,0.9280001507293477,1,0.0625
2211,98340,14,0.9369999999999999,0.9370001002933204,1,0.07142857142857142
2212,98354,14,0.9369999999999999,0.937000098120048,1,0.07142857142857142
2213,98370,16,0.9279999999999999,0.9280000983345219,1,0.0625
2214,98384,14,0.9369999999999999,0.9370000314942876,1,0.07142857142857142
2215,98400,16,0.9279999999999999,0.9280000463571849,1,0.0625
2216,98414,14,0.9369999999999999,0.9370000592727936,1,0.07142857142857142
2217,98432,18,0.919,0.9190001982252081,1,0.05555555555555555
2218,98448,16,0.9279999999999999,0.9280001475096761,1,0.0625
2219,98463,15,0.9325,0.9325001234658582,1,0.06666666666666667
2220,98484,21,0.9055,0.9055002189848054,1,0.14285714285714285
2221,98498,14,0.9369999999999999,0.9370001551087748,1,0.07142857142857142
2222,98512,14,0.9369999999999999,0.9370001772254828,1,0.07142857142857142
2223,98526,14,0.9369999999999999,0.9370002184739238,1,0.07142857142857142
2224,98542,16,0.9279999999999999,0.9280002668266945,1,0.0625
2225,98558,16,0.9279999999999999,0.9280002132973236,1,0.0625
2226,98574,16,0.9279999999999999,0.9280001334988833,1,0.1875
2227,98588,14,0.9369999999999999,0.937000130383994,1,0.07142857142857142
2228,98608,20,0.91,0.910000231599098,1,0.05
2229,98622,14,0.9369999999999999,0.9370001906263495,1,0.07142857142857142
2230,98636,14,0.9369999999999999,0.9370001921308982,1,0.07142857142857142
2231,98650,14,0.9369999999999999,0.9370002009795594,1,0.07142857142857142
2232,98664,14,0.9369999999999999,0.9370001810621144,1,0.07142857142857142
2233,98678,14,0.9369999999999999,0.9370000782992397,1,0.07142857142857142
2234,98692,14,0.9369999999999999,0.9370000854563019,1,0.07142857142857142
2235,98706,14,0.9369999999999999,0.9370000693802778,1,0.07142857142857142
2236,98722,16,0.9279999999999999,0.9280000168584245,1,0.0625
2237,98736,14,0.9369999999999999,0.9370000042274095,1,0.07142857142857142
2238,98750,14,0.9369999999999999,0.9369999999999999,1,0.07142857142857142
2239,98764,14,0.9369999999999999,0.9369999999999999,1,0.07142857142857142
2240,98782,18,0.919,0.919,1,0.05555555555555555
2241,98798,16,0.9279999999999999,0.9279999999999999,1,0.0625
2242,98812,14,0.9369999999999999,0.9369999999999999,1,0.07142857142857142
2243,98826,14,0.9369999999999999,0.9369999999999999,1,0.07142857142857142
2244,98840,14,0.9369999999999999,0.9369999999999999,1,0.07142857142857142
2245,98854,14,0.9369999999999999,0.9369999999999999,1,0.07142857142857142
2246,98868,14,0.9369999999999999,0.9369999999999999,1,0.07142857142857142
2247,98882,14,0.9369999999999999,0.9369999999999999,1,0.07142857142857142
2248,98896,14,0.9369999999999999,0.9369999999999999,1,0.07142857142857142
2249,98910,14,0.9369999999999999,0.9369999999999999,1,0.07142857142857142
2250,98924,14,0.9369999999999999,0.9369999999999999,1,0.07142857142857142
2251,98938,14,0.9369999999999999,0.9369999999999999,1,0.07142857142857142
2252,98958,20,0.91,0.91,1,0.05
2253,99014,56,0.748,0.7480000661569756,1,0.017857142857142856
2254,99028,14,0.9369999999999999,0.9370004128837328,1,0.07142857142857142
2255,99046,18,0.919,0.9190005030420657,1,0.05555555555555555
2256,99060,14,0.9369999999999999,0.937000573604722,1,0.07142857142857142
2257,99078,18,0.919,0.9190012014820198,1,0.05555555555555555
2258,99092,14,0.9369999999999999,0.9370009412852914,1,0.07142857142857142
2259,99106,14,0.9369999999999999,0.9370010368437973,1,0.07142857142857142
2260,99124,18,0.919,0.9190014127656896,1,0.05555555555555555
2261,99138,14,0.9369999999999999,0.9370011174448566,1,0.07142857142857142
2262,99154,16,0.9279999999999999,0.9280013865857761,1,0.0625
2263,99168,14,0.9369999999999999,0.9370011419999146,1,0.07142857142857142
2264,99182,14,0.9369999999999999,0.9370011217532139,1,0.07142857142857142
2265,99196,14,0.9369999999999999,0.9370011479514011,1,0.07142857142857142
2266,99210,14,0.9369999999999999,0.9370011602576017,1,0.07142857142857142
2267,99224,14,0.9369999999999999,0.9370011661887899,1,0.07142857142857142
2268,99238,14,0.9369999999999999,0.9370011755977266,1,0.07142857142857142
2269,99254,16,0.9279999999999999,0.9280015182882575,1,0.0625
2270,99268,14,0.9369999999999999,0.9370011630848142,1,0.07142857142857142
2271,99282,14,0.9369999999999999,0.9370011532677065,1,0.07142857142857142
2272,99296,14,0.9369999999999999,0.937001164467559,1,0.07142857142857142
2273,99312,16,0.9279999999999999,0.9280013254065764,1,0.0625
2274,99328,16,0.9279999999999999,0.9280012611932882,1,0.0625
2275,99342,14,0.9369999999999999,0.9370011618351688,1,0.07142857142857142
2276,99356,14,0.9369999999999999,0.9370011526025436,1,0.07142857142857142
2277,99370,14,0.9369999999999999,0.9370011619959783,1,0.07142857142857142
2278,99384,14,0.9369999999999999,0.9370011345963405,1,0.07142857142857142
2279,99398,14,0.9369999999999999,0.9370011301231358,1,0.07142857142857142
2280,99412,14,0.9369999999999999,0.9370011340826548,1,0.07142857142857142
2281,99426,14,0.9369999999999999,0.937001088342721,1,0.07142857142857142
2282,99444,18,0.919,0.9190017792977064,1,0.16666666666666666
2283,99458,14,0.9369999999999999,0.9370011265674215,1,0.07142857142857142
2284,99472,14,0.9369999999999999,0.93700105278094,1,0.07142857142857142
2285,99486,14,0.9369999999999999,0.9370011012922959,1,0.07142857142857142
2286,99500,14,0.9369999999999999,0.9370010633799879,1,0.07142857142857142
2287,99516,16,0.9279999999999999,0.9280012297127579,1,0.0625
2288,99530,14,0.9369999999999999,0.9370008752707277,1,0.07142857142857142
2289,99548,18,0.919,0.9190010535922433,1,0.05555555555555555
2290,99562,14,0.9369999999999999,0.9370003744132669,1,0.07142857142857142
2291,99576,14,0.9369999999999999,0.9370001076035309,1,0.07142857142857142
2292,99590,14,0.9369999999999999,0.9370001365111288,1,0.07142857142857142
2293,99604,14,0.9369999999999999,0.9370002383991872,1,0.07142857142857142
2294,99620,16,0.9279999999999999,0.9280000899039913,1,0.0625
2295,99634,14,0.9369999999999999,0.9370000349923353,1,0.07142857142857142
2296,99648,14,0.9369999999999999,0.9370000389296989,1,0.07142857142857142
2297,99662,14,0.9369999999999999,0.9370000389779517,1,0.07142857142857142
2298,99676,14,0.9369999999999999,0.9370000330339522,1,0.07142857142857142
2299,99690,14,0.9369999999999999,0.9369999999999999,1,0.07142857142857142
2300,99710,20,0.91,0.91,1,0.15
2301,99726,16,0.9279999999999999,0.9279999999999999,1,0.0625
2302,99742,16,0.9279999999999999,0.9280000242239193,1,0.0625
2303,99756,14,0.9369999999999999,0.9370000972945174,1,0.07142857142857142
2304,99774,18,0.919,0.9190002763793175,1,0.05555555555555555
2305,99788,14,0.9369999999999999,0.9370002585057253,1,0.07142857142857142
2306,99806,18,0.919,0.9190006797831421,1,0.05555555555555555
2307,99820,14,0.9369999999999999,0.9370005008553569,1,0.07142857142857142
2308,99838,18,0.919,0.9190009667731902,1,0.2777777777777778
2309,99852,14,0.9369999999999999,0.9370007826329716,1,0.07142857142857142
2310,99866,14,0.9369999999999999,0.9370008923995935,1,0.07142857142857142
2311,99880,14,0.9369999999999999,0.9370009214690417,1,0.07142857142857142
2312,99894,14,0.9369999999999999,0.9370008315870535,1,0.07142857142857142
2313,99908,14,0.9369999999999999,0.9370007889437556,1,0.07142857142857142
2314,99922,14,0.9369999999999999,0.9370006452347261,1,0.07142857142857142
2315,99936,14,0.9369999999999999,0.9370008637418198,1,0.07142857142857142
2316,99952,16,0.9279999999999999,0.9280006419820207,1,0.0625
2317,99966,14,0.9369999999999999,0.9370006677956255,1,0.07142857142857142
2318,99982,16,0.9279999999999999,0.9280001359322207,1,0.0625
2319,99996,14,0.9369999999999999,0.9370002021966407,1,0.07142857142857142
