episode,end_step,length,extrinsic_return,shaped_return,success,tv_fraction
0,200,200,0.0,9.199258498590028,0,0.29
1,400,200,0.0,10.000000000000007,0,0.12
2,600,200,0.0,10.000000000000007,0,0.155
3,800,200,0.0,10.000000000000007,0,0.085
4,1000,200,0.0,10.000000000000007,0,0.285
5,1200,200,0.0,2.6557902422988384,0,0.14
6,1400,200,0.0,0.16550604879852415,0,0.1
7,1600,200,0.0,0.06820969586443093,0,0.03
8,1800,200,0.0,0.04520735525580244,0,0.14
9,2000,200,0.0,0.030022121936775045,0,0.09
10,2200,200,0.0,0.027473256849035458,0,0.055
11,2400,200,0.0,0.042486367063007915,0,0.05
12,2600,200,0.0,0.024656972371071534,0,0.005
13,2800,200,0.0,0.025368705792976086,0,0.005
14,3000,200,0.0,0.013005401245068151,0,0.12
15,3132,132,0.4059999999999999,0.4207143165598047,1,0.007575757575757576
16,3332,200,0.0,0.006841114186954019,0,0.165
17,3532,200,0.0,0.006347362075252306,0,0.075
18,3732,200,0.0,0.016263727415477238,0,0.025
19,3932,200,0.0,0.010436984374362898,0,0.1
20,4132,200,0.0,0.005646217764591081,0,0.265
21,4332,200,0.0,0.0030927130965580636,0,0.13
22,4532,200,0.0,0.005148295930648559,0,0.205
23,4732,200,0.0,0.012545229608930446,0,0.275
24,4932,200,0.0,0.0019368607532880134,0,0.16
25,5132,200,0.0,0.019589491335351254,0,0.03
26,5332,200,0.0,0.013015077044985189,0,0.08
27,5532,200,0.0,0.0019197657613502406,0,0.145
28,5732,200,0.0,0.0016947866518696357,0,0.415
29,5932,200,0.0,0.01954387076479959,0,0.005
30,6132,200,0.0,0.0013903907772824773,0,0.24
31,6332,200,0.0,0.0012665086750886841,0,0.2
32,6532,200,0.0,0.001557641483337831,0,0.065
33,6732,200,0.0,0.006976091804592664,0,0.07
34,6932,200,0.0,0.000875160208205112,0,0.37
35,7132,200,0.0,0.0007687708277794764,0,0.295
36,7332,200,0.0,0.0006283561928123997,0,0.28
37,7532,200,0.0,0.0006661196361793618,0,0.225
38,7732,200,0.0,0.0007738835443275607,0,0.365
39,7932,200,0.0,0.0005826517522876392,0,0.14
40,8132,200,0.0,0.0003620889344574831,0,0.25
41,8332,200,0.0,0.0003693125385189483,0,0.23
42,8532,200,0.0,0.002074714240529267,0,0.14
43,8732,200,0.0,0.00034881296351504585,0,0.4
44,8932,200,0.0,0.0007918489095523154,0,0.39
45,9132,200,0.0,0.0060837883231037665,0,0.11
46,9332,200,0.0,0.00029262336899864234,0,0.22
47,9532,200,0.0,0.002269623276434495,0,0.22
48,9732,200,0.0,0.0002955078814699794,0,0.205
49,9932,200,0.0,0.00020908064131162416,0,0.095
50,10132,200,0.0,0.0013873421568741512,0,0.205
51,10332,200,0.0,0.00022656166945946737,0,0.44
52,10532,200,0.0,0.00017690495390564146,0,0.175
53,10732,200,0.0,0.0028978465776746264,0,0.08
54,10932,200,0.0,0.004878127762826042,0,0.04
55,11132,200,0.0,0.00019186586157604176,0,0.175
56,11332,200,0.0,0.001694180058408296,0,0.155
57,11532,200,0.0,0.003723931598225365,0,0.02
58,11732,200,0.0,0.002612970818884487,0,0.06
59,11932,200,0.0,0.002452417184917151,0,0.025
60,12099,167,0.24850000000000005,0.25693818868998775,1,0.16167664670658682
61,12299,200,0.0,0.0031123506700786105,0,0.005
62,12499,200,0.0,0.0025101241926009884,0,0.065
63,12699,200,0.0,0.012296741478110843,0,0.08
64,12899,200,0.0,0.0020258094395776698,0,0.09
65,13099,200,0.0,0.0007543867060971314,0,0.185
66,13299,200,0.0,0.00022239462394898257,0,0.215
67,13499,200,0.0,0.0001980837919615382,0,0.255
68,13699,200,0.0,0.00222596295251309,0,0.005
69,13899,200,0.0,0.00019284448239072433,0,0.415
70,13995,96,0.5680000000000001,0.5875657187703142,1,0.03125
71,14195,200,0.0,0.0010096001784696796,0,0.09
72,14395,200,0.0,0.00020564111506331465,0,0.13
73,14595,200,0.0,0.0011124020273568774,0,0.045
74,14795,200,0.0,0.0005598539054117105,0,0.035
75,14995,200,0.0,0.002063852855822416,0,0.135
76,15195,200,0.0,0.0008924147602103568,0,0.11
77,15395,200,0.0,0.0007443202353644084,0,0.065
78,15595,200,0.0,0.0006257584709445758,0,0.05
79,15795,200,0.0,0.0018956751014347943,0,0.115
80,15995,200,0.0,0.000904652700095189,0,0.005
81,16187,192,0.136,0.13879771771684415,1,0.005208333333333333
82,16218,31,0.8605,0.860885329421444,1,0.16129032258064516
83,16269,51,0.7705,0.7709887348495107,1,0.0196078431372549
84,16469,200,0.0,0.00017409622061580259,0,0.135
85,16669,200,0.0,0.0007819577192160018,0,0.005
86,16820,151,0.3205,0.3209922829168414,1,0.13245033112582782
87,17020,200,0.0,0.0008413032889068178,0,0.015
88,17220,200,0.0,0.0004261374233683312,0,0.055
89,17420,200,0.0,0.0021070372627702613,0,0.01
90,17620,200,0.0,0.0005731009081203255,0,0.005
91,17820,200,0.0,0.0005706375071917465,0,0.03
92,17920,100,0.55,0.5543167914598227,1,0.01
93,18120,200,0.0,0.0005631436859695898,0,0.025
94,18216,96,0.5680000000000001,0.5684696046070911,1,0.010416666666666666
95,18416,200,0.0,0.00032540366659560016,0,0.02
96,18586,170,0.235,0.23555155051673587,1,0.07647058823529412
97,18692,106,0.5229999999999999,0.5236172618006276,1,0.10377358490566038
98,18825,133,0.40149999999999997,0.4017909600233574,1,0.06015037593984962
99,18891,66,0.703,0.7035215499831634,1,0.015151515151515152
100,19091,200,0.0,0.000722542144662334,0,0.1
101,19245,154,0.30699999999999994,0.30745029748860214,1,0.006493506493506494
102,19338,93,0.5814999999999999,0.5822391468002452,1,0.15053763440860216
103,19502,164,0.262,0.26268077970063936,1,0.006097560975609756
104,19702,200,0.0,0.032771484747177115,0,0.045
105,19768,66,0.703,0.7039819092167472,1,0.015151515151515152
106,19858,90,0.595,0.5953719725269708,1,0.011111111111111112
107,20026,168,0.244,0.252383588692856,1,0.005952380952380952
108,20126,100,0.55,0.550562767942741,1,0.06
109,20196,70,0.685,0.6853101898807343,1,0.38571428571428573
110,20297,101,0.5455,0.5457547398582847,1,0.0594059405940594
111,20394,97,0.5635,0.5637603653564917,1,0.010309278350515464
112,20594,200,0.0,0.00018794792473221736,0,0.255
113,20794,200,0.0,0.00018471225555783248,0,0.17
114,20863,69,0.6895,0.6906213778811005,1,0.2028985507246377
115,20946,83,0.6265000000000001,0.6267005830441206,1,0.060240963855421686
116,21146,200,0.0,0.0001538304419478379,0,0.175
117,21168,22,0.901,0.901103686163168,1,0.22727272727272727
118,21276,108,0.514,0.5141766281254361,1,0.18518518518518517
119,21321,45,0.7975,0.7977949538128757,1,0.022222222222222223
120,21367,46,0.7929999999999999,0.793178013507775,1,0.021739130434782608
121,21462,95,0.5725,0.5766899575199763,1,0.2631578947368421
122,21596,134,0.3969999999999999,0.3973093952784585,1,0.2835820895522388
123,21796,200,0.0,0.00015622288926975337,0,0.18
124,21901,105,0.5275,0.5278299885082972,1,0.09523809523809523
125,22010,109,0.5095,0.5096658675750436,1,0.11926605504587157
126,22084,74,0.667,0.6675148639759144,1,0.04054054054054054
127,22175,91,0.5905,0.590618639148225,1,0.4065934065934066
128,22238,63,0.7164999999999999,0.7166204308093774,1,0.07936507936507936
129,22338,100,0.55,0.5789940352654961,1,0.07
130,22538,200,0.0,0.00019258428969542738,0,0.12
131,22738,200,0.0,0.000130661590538054,0,0.11
132,22841,103,0.5365,0.5388253254436418,1,0.05825242718446602
133,22914,73,0.6715,0.6716626068013973,1,0.0684931506849315
134,23001,87,0.6085,0.6089368369373048,1,0.09195402298850575
135,23108,107,0.5185,0.5186423016860452,1,0.09345794392523364
136,23308,200,0.0,0.00013971415840052998,0,0.19
137,23508,200,0.0,0.00011480943135045402,0,0.235
138,23617,109,0.5095,0.5099339410191608,1,0.2018348623853211
139,23817,200,0.0,0.00014185073918069444,0,0.21
140,23894,77,0.6535,0.6536978536770854,1,0.09090909090909091
141,24094,200,0.0,0.00013841116466666178,0,0.44
142,24217,123,0.4465,0.446969524476513,1,0.15447154471544716
143,24273,56,0.748,0.7489312372400947,1,0.23214285714285715
144,24473,200,0.0,0.00012314289032744338,0,0.21
145,24673,200,0.0,9.206224570884953e-05,0,0.175
146,24873,200,0.0,9.386304653259283e-05,0,0.265
147,24932,59,0.7344999999999999,0.7345836813787614,1,0.3389830508474576
148,25132,200,0.0,0.00010578212965114366,0,0.19
149,25224,92,0.586,0.5861423837738678,1,0.22826086956521738
150,25361,137,0.38349999999999995,0.3838362405726633,1,0.1678832116788321
151,25538,177,0.20350000000000001,0.20363523214797272,1,0.1016949152542373
152,25579,41,0.8155,0.8168689775262995,1,0.14634146341463414
153,25779,200,0.0,0.00010263556515377626,0,0.265
154,25850,71,0.6805,0.68054779789109,1,0.18309859154929578
155,25900,50,0.775,0.7798923531664661,1,0.1
156,26046,146,0.34299999999999997,0.34493930402268247,1,0.08904109589041095
157,26199,153,0.3115,0.31165492767239783,1,0.0457516339869281
158,26308,109,0.5095,0.509610964640916,1,0.03669724770642202
159,26326,18,0.919,0.9190662112110048,1,0.16666666666666666
160,26366,40,0.82,0.8200978211907749,1,0.025
161,26419,53,0.7615,0.76171615477956,1,0.018867924528301886
162,26449,30,0.865,0.8650554317560536,1,0.03333333333333333
163,26484,35,0.8425,0.8425897379382817,1,0.08571428571428572
164,26545,61,0.7255,0.7277539614453482,1,0.06557377049180328
165,26745,200,0.0,9.404107358454417e-05,0,0.06
166,26780,35,0.8425,0.8426772968750671,1,0.02857142857142857
167,26826,46,0.7929999999999999,0.7942475532324806,1,0.021739130434782608
168,26865,39,0.8245,0.8246657633173353,1,0.02564102564102564
169,27057,192,0.136,0.13627572723308726,1,0.08333333333333333
170,27087,30,0.865,0.8650814826941837,1,0.03333333333333333
171,27138,51,0.7705,0.7705821578183595,1,0.0784313725490196
172,27267,129,0.4195,0.4197023721664316,1,0.06976744186046512
173,27371,104,0.532,0.5400831152034944,1,0.0673076923076923
174,27571,200,0.0,0.0001003859198363991,0,0.145
175,27771,200,0.0,9.812721651601978e-05,0,0.115
176,27821,50,0.775,0.7780310734048548,1,0.02
177,27869,48,0.784,0.7840720796655389,1,0.0625
178,27897,28,0.874,0.8740830837012825,1,0.17857142857142858
179,27953,56,0.748,0.7493604867776922,1,0.10714285714285714
180,28082,129,0.4195,0.4196989459401669,1,0.26356589147286824
181,28108,26,0.883,0.883039930222712,1,0.11538461538461539
182,28147,39,0.8245,0.8253475214920106,1,0.02564102564102564
183,28192,45,0.7975,0.7984880747902474,1,0.022222222222222223
184,28268,76,0.6579999999999999,0.6581041056635839,1,0.06578947368421052
185,28296,28,0.874,0.8740434910211571,1,0.03571428571428571
186,28342,46,0.7929999999999999,0.7937895782923365,1,0.021739130434782608
187,28378,36,0.838,0.8380859127682909,1,0.3611111111111111
188,28537,159,0.2845,0.2846012649213944,1,0.05660377358490566
189,28571,34,0.847,0.8470381109332727,1,0.029411764705882353
190,28595,24,0.892,0.8920288453470367,1,0.125
191,28619,24,0.892,0.8920762338999838,1,0.20833333333333334
192,28638,19,0.9145,0.9145252339121701,1,0.05263157894736842
193,28671,33,0.8514999999999999,0.8516036428193648,1,0.030303030303030304
194,28693,22,0.901,0.9010209949389798,1,0.045454545454545456
195,28725,32,0.856,0.8560415598942521,1,0.03125
196,28770,45,0.7975,0.7990276127337301,1,0.022222222222222223
197,28803,33,0.8514999999999999,0.8529216654806334,1,0.030303030303030304
198,28827,24,0.892,0.8920288253068215,1,0.041666666666666664
199,28859,32,0.856,0.8560563486180545,1,0.09375
200,28882,23,0.8965,0.8965209129569742,1,0.21739130434782608
201,28917,35,0.8425,0.8425601894008787,1,0.02857142857142857
202,28943,26,0.883,0.8830632457271672,1,0.038461538461538464
203,28968,25,0.8875,0.8876291556391283,1,0.04
204,28990,22,0.901,0.9010237643395335,1,0.045454545454545456
205,29025,35,0.8425,0.8439866110064661,1,0.08571428571428572
206,29070,45,0.7975,0.7976395713753487,1,0.06666666666666667
207,29168,98,0.5589999999999999,0.5590773499045386,1,0.3163265306122449
208,29279,111,0.5005,0.5021260865279817,1,0.02702702702702703
209,29317,38,0.829,0.8290382193745636,1,0.34210526315789475
210,29349,32,0.856,0.8560566710304932,1,0.21875
211,29424,75,0.6625,0.6625443260539763,1,0.08
212,29438,14,0.9369999999999999,0.9370136712341502,1,0.07142857142857142
213,29490,52,0.766,0.7660504076361696,1,0.17307692307692307
214,29531,41,0.8155,0.8169168847597079,1,0.024390243902439025
215,29555,24,0.892,0.8920303715608846,1,0.041666666666666664
216,29581,26,0.883,0.8830215907852165,1,0.11538461538461539
217,29609,28,0.874,0.8740274236260124,1,0.39285714285714285
218,29650,41,0.8155,0.8155288397414241,1,0.07317073170731707
219,29711,61,0.7255,0.7255338517948988,1,0.01639344262295082
220,29737,26,0.883,0.8830223273014639,1,0.038461538461538464
221,29771,34,0.847,0.8470256803261308,1,0.029411764705882353
222,29794,23,0.8965,0.896532702866419,1,0.13043478260869565
223,29975,181,0.1855,0.18559645908010225,1,0.027624309392265192
224,30066,91,0.5905,0.5905418051863308,1,0.01098901098901099
225,30089,23,0.8965,0.8965209154973299,1,0.21739130434782608
226,30114,25,0.8875,0.8875326663549943,1,0.04
227,30157,43,0.8065,0.8065288142517885,1,0.06976744186046512
228,30198,41,0.8155,0.8155748267518483,1,0.024390243902439025
229,30234,36,0.838,0.8380387671291107,1,0.027777777777777776
230,30268,34,0.847,0.8470222122210187,1,0.20588235294117646
231,30287,19,0.9145,0.914521718275041,1,0.05263157894736842
232,30301,14,0.9369999999999999,0.9370107479418219,1,0.07142857142857142
233,30317,16,0.9279999999999999,0.9280130062125194,1,0.0625
234,30353,36,0.838,0.8380572537968911,1,0.19444444444444445
235,30381,28,0.874,0.8740262109228029,1,0.03571428571428571
236,30407,26,0.883,0.8830164715577956,1,0.2692307692307692
237,30447,40,0.82,0.8200346620307526,1,0.475
238,30476,29,0.8694999999999999,0.8695429086133711,1,0.034482758620689655
239,30525,49,0.7795,0.7795245244971255,1,0.02040816326530612
240,30548,23,0.8965,0.8965164535160814,1,0.30434782608695654
241,30607,59,0.7344999999999999,0.7345375409489772,1,0.15254237288135594
242,30633,26,0.883,0.8830837758516803,1,0.038461538461538464
243,30666,33,0.8514999999999999,0.8515760300045527,1,0.15151515151515152
244,30700,34,0.847,0.8470330857034896,1,0.20588235294117646
245,30743,43,0.8065,0.8065320589848348,1,0.23255813953488372
246,30790,47,0.7885,0.7893864830000437,1,0.06382978723404255
247,30816,26,0.883,0.8830274737423343,1,0.11538461538461539
248,30858,42,0.8109999999999999,0.8110498286997518,1,0.35714285714285715
249,30882,24,0.892,0.8920182364678245,1,0.20833333333333334
250,30912,30,0.865,0.8650750242832332,1,0.03333333333333333
251,30929,17,0.9235,0.9235137166896981,1,0.058823529411764705
252,30980,51,0.7705,0.7708790010412827,1,0.13725490196078433
253,31004,24,0.892,0.8920136246456131,1,0.375
254,31042,38,0.829,0.8290690756387946,1,0.02631578947368421
255,31087,45,0.7975,0.7975450128449976,1,0.022222222222222223
256,31104,17,0.9235,0.9235085996736428,1,0.058823529411764705
257,31147,43,0.8065,0.8065979863641805,1,0.11627906976744186
258,31169,22,0.901,0.9010205250447473,1,0.045454545454545456
259,31208,39,0.8245,0.8245497549930229,1,0.07692307692307693
260,31239,31,0.8605,0.8605201545241266,1,0.25806451612903225
261,31261,22,0.901,0.9010119842261044,1,0.045454545454545456
262,31282,21,0.9055,0.9055144834487749,1,0.14285714285714285
263,31300,18,0.919,0.9190100072302703,1,0.05555555555555555
264,31326,26,0.883,0.8836442166453329,1,0.038461538461538464
265,31365,39,0.8245,0.8245201373896075,1,0.15384615384615385
266,31397,32,0.856,0.8560192953400804,1,0.09375
267,31433,36,0.838,0.8380297398841086,1,0.08333333333333333
268,31456,23,0.8965,0.8965231134264666,1,0.043478260869565216
269,31484,28,0.874,0.8740353702497704,1,0.03571428571428571
270,31518,34,0.847,0.8473326826115397,1,0.20588235294117646
271,31537,19,0.9145,0.9145111621425324,1,0.05263157894736842
272,31572,35,0.8425,0.8425411624296577,1,0.02857142857142857
273,31596,24,0.892,0.8920147862464719,1,0.041666666666666664
274,31614,18,0.919,0.919021575990589,1,0.05555555555555555
275,31641,27,0.8785,0.8785165805656335,1,0.18518518518518517
276,31663,22,0.901,0.901013146893189,1,0.045454545454545456
277,31719,56,0.748,0.7480992316395106,1,0.25
278,31788,69,0.6895,0.6895592641835475,1,0.014492753623188406
279,31825,37,0.8335,0.8335296729533589,1,0.08108108108108109
280,31853,28,0.874,0.8740312687836683,1,0.10714285714285714
281,31871,18,0.919,0.9190097011478272,1,0.05555555555555555
282,31929,58,0.739,0.7391491781412424,1,0.05172413793103448
283,31949,20,0.91,0.9100134689223136,1,0.05
284,32001,52,0.766,0.7660378388174298,1,0.019230769230769232
285,32036,35,0.8425,0.8425468208606923,1,0.08571428571428572
286,32058,22,0.901,0.9010162370257657,1,0.22727272727272727
287,32083,25,0.8875,0.8875217842254602,1,0.2
288,32117,34,0.847,0.8470236422011894,1,0.11764705882352941
289,32143,26,0.883,0.8830484224914329,1,0.038461538461538464
290,32167,24,0.892,0.8920195558926632,1,0.041666666666666664
291,32191,24,0.892,0.8920111271755271,1,0.375
292,32217,26,0.883,0.8830158752688566,1,0.038461538461538464
293,32241,24,0.892,0.8920196886927184,1,0.041666666666666664
294,32281,40,0.82,0.8200480496734822,1,0.075
295,32318,37,0.8335,0.8335234776041232,1,0.24324324324324326
296,32336,18,0.919,0.9190106427538234,1,0.05555555555555555
297,32361,25,0.8875,0.887521563983844,1,0.04
298,32385,24,0.892,0.8920149875601056,1,0.125
299,32409,24,0.892,0.8920118137558612,1,0.041666666666666664
300,32432,23,0.8965,0.8965147973475098,1,0.13043478260869565
301,32457,25,0.8875,0.8875120526749785,1,0.28
302,32493,36,0.838,0.838938132062354,1,0.08333333333333333
303,32513,20,0.91,0.9100080828775449,1,0.35
304,32542,29,0.8694999999999999,0.869518912093445,1,0.10344827586206896
305,32556,14,0.9369999999999999,0.9370046811811183,1,0.07142857142857142
306,32599,43,0.8065,0.8065309701306361,1,0.06976744186046512
307,32617,18,0.919,0.9190069730804533,1,0.05555555555555555
308,32635,18,0.919,0.9190069617874095,1,0.16666666666666666
309,32660,25,0.8875,0.8875193454631709,1,0.04
310,32691,31,0.8605,0.86051401178074,1,0.0967741935483871
311,32710,19,0.9145,0.9145066444516023,1,0.05263157894736842
312,32736,26,0.883,0.8830205867489961,1,0.038461538461538464
313,32752,16,0.9279999999999999,0.9280132543192752,1,0.0625
314,32801,49,0.7795,0.7795326221142949,1,0.02040816326530612
315,32826,25,0.8875,0.8875132404727893,1,0.12
316,32842,16,0.9279999999999999,0.9280060445830137,1,0.0625
317,32880,38,0.829,0.8290273864541025,1,0.02631578947368421
318,32906,26,0.883,0.8830130772078771,1,0.038461538461538464
319,32930,24,0.892,0.8920108983829819,1,0.2916666666666667
320,32972,42,0.8109999999999999,0.8110352410069545,1,0.07142857142857142
321,33001,29,0.8694999999999999,0.869516078709834,1,0.034482758620689655
322,33098,97,0.5635,0.563548376615253,1,0.020618556701030927
323,33139,41,0.8155,0.8155232409634948,1,0.07317073170731707
324,33159,20,0.91,0.9100158897258588,1,0.05
325,33183,24,0.892,0.8920152840749769,1,0.041666666666666664
326,33207,24,0.892,0.8920280202362363,1,0.041666666666666664
327,33225,18,0.919,0.9190182564189096,1,0.05555555555555555
328,33250,25,0.8875,0.8875194549878564,1,0.04
329,33270,20,0.91,0.9100105349093831,1,0.15
330,33292,22,0.901,0.9010103157039483,1,0.045454545454545456
331,33323,31,0.8605,0.8605225105318995,1,0.03225806451612903
332,33345,22,0.901,0.9010162151234562,1,0.13636363636363635
333,33379,34,0.847,0.8470220620358033,1,0.029411764705882353
334,33395,16,0.9279999999999999,0.9280051266391767,1,0.0625
335,33423,28,0.874,0.8740413811662157,1,0.03571428571428571
336,33449,26,0.883,0.8830094633295213,1,0.23076923076923078
337,33477,28,0.874,0.8740210010247136,1,0.17857142857142858
338,33493,16,0.9279999999999999,0.9280055048836798,1,0.0625
339,33524,31,0.8605,0.8605213214196016,1,0.16129032258064516
340,33542,18,0.919,0.9190066429785908,1,0.05555555555555555
341,33576,34,0.847,0.8470376248563467,1,0.20588235294117646
342,33592,16,0.9279999999999999,0.9280069502556786,1,0.0625
343,33618,26,0.883,0.8830294958883493,1,0.038461538461538464
344,33643,25,0.8875,0.887511172752847,1,0.12
345,33670,27,0.8785,0.8785268229288545,1,0.037037037037037035
346,33685,15,0.9325,0.9326911379193294,1,0.13333333333333333
347,33717,32,0.856,0.8560117230934017,1,0.15625
348,33745,28,0.874,0.8740172988523204,1,0.17857142857142858
349,33763,18,0.919,0.9190053845298555,1,0.05555555555555555
350,33787,24,0.892,0.8920079612863652,1,0.041666666666666664
351,33815,28,0.874,0.8740239780626381,1,0.17857142857142858
352,33833,18,0.919,0.9190079973216756,1,0.16666666666666666
353,33847,14,0.9369999999999999,0.9370056402081922,1,0.07142857142857142
354,33867,20,0.91,0.9100071005101844,1,0.05
355,33894,27,0.8785,0.8785117174838909,1,0.037037037037037035
356,33920,26,0.883,0.883045999052871,1,0.038461538461538464
357,33942,22,0.901,0.901011313462103,1,0.045454545454545456
358,33968,26,0.883,0.8830101526254452,1,0.038461538461538464
359,33988,20,0.91,0.9100068063860538,1,0.15
360,34019,31,0.8605,0.8605377484451423,1,0.03225806451612903
361,34049,30,0.865,0.8650120924388832,1,0.13333333333333333
362,34063,14,0.9369999999999999,0.9370047761738438,1,0.07142857142857142
363,34083,20,0.91,0.910007126288092,1,0.15
364,34109,26,0.883,0.8830081937835607,1,0.23076923076923078
365,34140,31,0.8605,0.8605171514629101,1,0.0967741935483871
366,34164,24,0.892,0.8920159917485949,1,0.041666666666666664
367,34180,16,0.9279999999999999,0.9280065863996326,1,0.0625
368,34204,24,0.892,0.8920095916578157,1,0.041666666666666664
369,34228,24,0.892,0.8920203992124586,1,0.041666666666666664
370,34253,25,0.8875,0.8875074104224201,1,0.2
371,34269,16,0.9279999999999999,0.9280060316280245,1,0.0625
372,34287,18,0.919,0.9190067148818031,1,0.16666666666666666
373,34305,18,0.919,0.9190063185384023,1,0.05555555555555555
374,34327,22,0.901,0.9010082506044473,1,0.045454545454545456
375,34363,36,0.838,0.8380790518225422,1,0.08333333333333333
376,34387,24,0.892,0.8920132261147786,1,0.041666666666666664
377,34425,38,0.829,0.8290933156390187,1,0.18421052631578946
378,34452,27,0.8785,0.8785116273847989,1,0.1111111111111111
379,34473,21,0.9055,0.9055104071445813,1,0.14285714285714285
380,34493,20,0.91,0.91000699750204,1,0.05
381,34536,43,0.8065,0.8065558083114405,1,0.06976744186046512
382,34552,16,0.9279999999999999,0.9280069141279359,1,0.1875
383,34574,22,0.901,0.9012065493468565,1,0.045454545454545456
384,34596,22,0.901,0.9010153365294945,1,0.045454545454545456
385,34620,24,0.892,0.8920109191280811,1,0.125
386,34647,27,0.8785,0.8785099666244981,1,0.037037037037037035
387,34674,27,0.8785,0.8785222877521677,1,0.1111111111111111
388,34698,24,0.892,0.8920108560053758,1,0.125
389,34720,22,0.901,0.9010098962250676,1,0.045454545454545456
390,34745,25,0.8875,0.887512023540558,1,0.04
391,34765,20,0.91,0.9100072942734528,1,0.05
392,34779,14,0.9369999999999999,0.9370048887411592,1,0.07142857142857142
393,34813,34,0.847,0.8470213621097072,1,0.08823529411764706
394,34835,22,0.901,0.9010082691660446,1,0.22727272727272727
395,34857,22,0.901,0.9010143314016765,1,0.3181818181818182
396,34882,25,0.8875,0.8875451156146353,1,0.04
397,34903,21,0.9055,0.9055068598313303,1,0.047619047619047616
398,34923,20,0.91,0.9100069573969526,1,0.05
399,34960,37,0.8335,0.8335330988734869,1,0.08108108108108109
400,34987,27,0.8785,0.878510357579519,1,0.1111111111111111
401,35020,33,0.8514999999999999,0.8515145489965967,1,0.030303030303030304
402,35034,14,0.9369999999999999,0.9370037755234135,1,0.07142857142857142
403,35057,23,0.8965,0.8965102355663698,1,0.043478260869565216
404,35084,27,0.8785,0.8785133013629445,1,0.037037037037037035
405,35106,22,0.901,0.9010117064292564,1,0.045454545454545456
406,35127,21,0.9055,0.9055131114326906,1,0.047619047619047616
407,35160,33,0.8514999999999999,0.8515117008868925,1,0.030303030303030304
408,35192,32,0.856,0.8560203502357838,1,0.15625
409,35222,30,0.865,0.8650208689838098,1,0.16666666666666666
410,35242,20,0.91,0.9100082256561776,1,0.25
411,35260,18,0.919,0.9190047345537332,1,0.05555555555555555
412,35282,22,0.901,0.9010225431672486,1,0.13636363636363635
413,35335,53,0.7615,0.7617657298098214,1,0.018867924528301886
414,35375,40,0.82,0.8200162018757408,1,0.125
415,35402,27,0.8785,0.8785151331905923,1,0.1111111111111111
416,35422,20,0.91,0.9100121237400414,1,0.05
417,35450,28,0.874,0.8740135248179461,1,0.03571428571428571
418,35476,26,0.883,0.8830091756914584,1,0.038461538461538464
419,35498,22,0.901,0.9010069138952133,1,0.3181818181818182
420,35525,27,0.8785,0.8785186749770362,1,0.18518518518518517
421,35586,61,0.7255,0.7255527953158062,1,0.01639344262295082
422,35617,31,0.8605,0.8623167416653409,1,0.06451612903225806
423,35641,24,0.892,0.8920061681437301,1,0.2916666666666667
424,35655,14,0.9369999999999999,0.9370032440758503,1,0.07142857142857142
425,35675,20,0.91,0.9100056301558144,1,0.05
426,35708,33,0.8514999999999999,0.8515102521804567,1,0.030303030303030304
427,35722,14,0.9369999999999999,0.937005177109341,1,0.07142857142857142
428,35836,114,0.487,0.4874474861353207,1,0.008771929824561403
429,35858,22,0.901,0.901016329068861,1,0.045454545454545456
430,35889,31,0.8605,0.8605438051309677,1,0.03225806451612903
431,35905,16,0.9279999999999999,0.928005201791018,1,0.1875
432,35927,22,0.901,0.9010066391168177,1,0.045454545454545456
433,35961,34,0.847,0.8470150608978331,1,0.08823529411764706
434,36017,56,0.748,0.7480315299010948,1,0.10714285714285714
435,36043,26,0.883,0.8833470901569301,1,0.11538461538461539
436,36087,44,0.802,0.8020128107499183,1,0.11363636363636363
437,36113,26,0.883,0.8830087341185807,1,0.19230769230769232
438,36137,24,0.892,0.8920063333776669,1,0.125
439,36183,46,0.7929999999999999,0.7930240812946172,1,0.021739130434782608
440,36199,16,0.9279999999999999,0.9280042233256932,1,0.1875
441,36220,21,0.9055,0.9055209519537433,1,0.047619047619047616
442,36244,24,0.892,0.8920072712647185,1,0.041666666666666664
443,36267,23,0.8965,0.8965062868480099,1,0.17391304347826086
444,36301,34,0.847,0.8470143042765313,1,0.2647058823529412
445,36321,20,0.91,0.9100082704642971,1,0.05
446,36341,20,0.91,0.9100061462835645,1,0.15
447,36357,16,0.9279999999999999,0.9280040099064492,1,0.0625
448,36393,36,0.838,0.838028406696759,1,0.027777777777777776
449,36477,84,0.622,0.6226201660357044,1,0.011904761904761904
450,36497,20,0.91,0.9100046705637795,1,0.05
451,36521,24,0.892,0.8920075636303679,1,0.041666666666666664
452,36549,28,0.874,0.8740080242307188,1,0.21428571428571427
453,36576,27,0.8785,0.8785129478992431,1,0.037037037037037035
454,36594,18,0.919,0.9190058490733598,1,0.05555555555555555
455,36616,22,0.901,0.9010089475069316,1,0.22727272727272727
456,36636,20,0.91,0.9100060455676862,1,0.05
457,36660,24,0.892,0.8920142227880752,1,0.041666666666666664
458,36698,38,0.829,0.8290299486691033,1,0.02631578947368421
459,36718,20,0.91,0.9100080103029828,1,0.25
460,36752,34,0.847,0.8470492000625978,1,0.029411764705882353
461,36780,28,0.874,0.8740202389497337,1,0.10714285714285714
462,36802,22,0.901,0.9010219629735406,1,0.045454545454545456
463,36825,23,0.8965,0.896507760779722,1,0.13043478260869565
464,36841,16,0.9279999999999999,0.9280038712515173,1,0.0625
465,36869,28,0.874,0.874026519567555,1,0.10714285714285714
466,36906,37,0.8335,0.8335256787268117,1,0.02702702702702703
467,36922,16,0.9279999999999999,0.9280047433108056,1,0.0625
468,36958,36,0.838,0.8380147123109838,1,0.027777777777777776
469,36978,20,0.91,0.9100076583513593,1,0.25
470,37006,28,0.874,0.8740116999102607,1,0.03571428571428571
471,37022,16,0.9279999999999999,0.9280083321618059,1,0.0625
472,37036,14,0.9369999999999999,0.9370033187722585,1,0.07142857142857142
473,37089,53,0.7615,0.7615152542726225,1,0.018867924528301886
474,37109,20,0.91,0.9100055269014241,1,0.05
475,37131,22,0.901,0.9010061334163122,1,0.22727272727272727
476,37157,26,0.883,0.8830079828048657,1,0.038461538461538464
477,37178,21,0.9055,0.9055057624699095,1,0.14285714285714285
478,37198,20,0.91,0.9100052055537966,1,0.15
479,37219,21,0.9055,0.9055053688487882,1,0.14285714285714285
480,37246,27,0.8785,0.8785083814746987,1,0.037037037037037035
481,37269,23,0.8965,0.8965044171517935,1,0.30434782608695654
482,37289,20,0.91,0.9100074279111142,1,0.05
483,37305,16,0.9279999999999999,0.9280069535741999,1,0.0625
484,37325,20,0.91,0.9100054496460507,1,0.15
485,37356,31,0.8605,0.8607161075988837,1,0.03225806451612903
486,37389,33,0.8514999999999999,0.8515183810110183,1,0.030303030303030304
487,37418,29,0.8694999999999999,0.8695164438925167,1,0.034482758620689655
488,37480,62,0.721,0.7235649521425067,1,0.12903225806451613
489,37505,25,0.8875,0.8875129338096223,1,0.04
490,37604,99,0.5545,0.5545281171422505,1,0.010101010101010102
491,37715,111,0.5005,0.5005343243249951,1,0.02702702702702703
492,37801,86,0.613,0.613027723121677,1,0.03488372093023256
493,37819,18,0.919,0.9190052319981216,1,0.05555555555555555
494,37918,99,0.5545,0.5545531333024174,1,0.030303030303030304
495,37943,25,0.8875,0.8875190238423015,1,0.12
496,38016,73,0.6715,0.6715347295339156,1,0.0136986301369863
497,38035,19,0.9145,0.9145110339633427,1,0.05263157894736842
498,38061,26,0.883,0.8830079109663266,1,0.038461538461538464
499,38123,62,0.721,0.7210227927850662,1,0.11290322580645161
500,38274,151,0.3205,0.3205478225711776,1,0.059602649006622516
501,38328,54,0.757,0.7570118640593126,1,0.018518518518518517
502,38362,34,0.847,0.8470102769488604,1,0.029411764705882353
503,38453,91,0.5905,0.5905469655927631,1,0.01098901098901099
504,38485,32,0.856,0.8560066660806402,1,0.09375
505,38597,112,0.4959999999999999,0.49603772669642804,1,0.008928571428571428
506,38708,111,0.5005,0.5005356282983869,1,0.04504504504504504
507,38740,32,0.856,0.8560118829142261,1,0.03125
508,38804,64,0.712,0.7121182775459967,1,0.015625
509,38979,175,0.21250000000000002,0.21255828919541175,1,0.06857142857142857
510,39021,42,0.8109999999999999,0.8110120909185511,1,0.16666666666666666
511,39063,42,0.8109999999999999,0.8110368368959252,1,0.023809523809523808
512,39121,58,0.739,0.7390149538729909,1,0.6379310344827587
513,39171,50,0.775,0.7750200046336028,1,0.2
514,39274,103,0.5365,0.5367304617548108,1,0.24271844660194175
515,39337,63,0.7164999999999999,0.716527799846281,1,0.1746031746031746
516,39372,35,0.8425,0.8428013588075459,1,0.42857142857142855
517,39446,74,0.667,0.6670256378562556,1,0.25675675675675674
518,39476,30,0.865,0.8650167279983096,1,0.1
519,39510,34,0.847,0.847012984636857,1,0.029411764705882353
520,39558,48,0.784,0.7840118005130399,1,0.020833333333333332
521,39594,36,0.838,0.8380083120266895,1,0.25
522,39636,42,0.8109999999999999,0.8111080805675142,1,0.16666666666666666
523,39727,91,0.5905,0.5905321184536075,1,0.10989010989010989
524,39764,37,0.8335,0.8335232549231851,1,0.13513513513513514
525,39786,22,0.901,0.9010068829573225,1,0.22727272727272727
526,39830,44,0.802,0.802145137984876,1,0.022727272727272728
527,39881,51,0.7705,0.7708472623998291,1,0.0196078431372549
528,39954,73,0.6715,0.6717689404278069,1,0.0136986301369863
529,40001,47,0.7885,0.7885156327591792,1,0.48936170212765956
530,40034,33,0.8514999999999999,0.8515127144008581,1,0.21212121212121213
531,40058,24,0.892,0.892012520356782,1,0.041666666666666664
532,40106,48,0.784,0.784011530194082,1,0.5625
533,40126,20,0.91,0.9100092329513627,1,0.15
534,40154,28,0.874,0.8740054193925869,1,0.32142857142857145
535,40278,124,0.44199999999999995,0.44203728941422393,1,0.41935483870967744
536,40383,105,0.5275,0.5275300452335533,1,0.009523809523809525
537,40401,18,0.919,0.9190034834108897,1,0.05555555555555555
538,40601,200,0.0,6.099135931467876e-05,0,0.005
539,40619,18,0.919,0.9190042247819452,1,0.05555555555555555
540,40672,53,0.7615,0.7615128588797769,1,0.07547169811320754
541,40686,14,0.9369999999999999,0.9370024091830578,1,0.07142857142857142
542,40716,30,0.865,0.8650241527778616,1,0.03333333333333333
543,40736,20,0.91,0.9100039429952338,1,0.25
544,40757,21,0.9055,0.9056494568719018,1,0.09523809523809523
545,40781,24,0.892,0.8920058206632488,1,0.125
546,40981,200,0.0,4.441690088740789e-05,0,0.005
547,41009,28,0.874,0.874299847602112,1,0.07142857142857142
548,41055,46,0.7929999999999999,0.7930206938711332,1,0.021739130434782608
549,41077,22,0.901,0.9010079115806766,1,0.045454545454545456
550,41111,34,0.847,0.847012674786024,1,0.08823529411764706
551,41147,36,0.838,0.8380129714035016,1,0.027777777777777776
552,41317,170,0.235,0.2350497544020527,1,0.011764705882352941
553,41333,16,0.9279999999999999,0.9280037291607297,1,0.0625
554,41387,54,0.757,0.75701878195144,1,0.05555555555555555
555,41425,38,0.829,0.8290145149072147,1,0.02631578947368421
556,41461,36,0.838,0.8380095127946731,1,0.027777777777777776
557,41540,79,0.6445,0.6449206864123274,1,0.0379746835443038
558,41569,29,0.8694999999999999,0.8695065134709714,1,0.1724137931034483
559,41591,22,0.901,0.901007961454512,1,0.3181818181818182
560,41620,29,0.8694999999999999,0.8695098228732278,1,0.034482758620689655
561,41677,57,0.7435,0.7435233304549443,1,0.017543859649122806
562,41691,14,0.9369999999999999,0.9370027206655622,1,0.07142857142857142
563,41713,22,0.901,0.901004564372506,1,0.045454545454545456
564,41781,68,0.694,0.6940192983948276,1,0.014705882352941176
565,41797,16,0.9279999999999999,0.9280036121590223,1,0.0625
566,41812,15,0.9325,0.9325020440112933,1,0.06666666666666667
567,41908,96,0.5680000000000001,0.56803074515167,1,0.010416666666666666
568,41975,67,0.6984999999999999,0.6985261721228707,1,0.04477611940298507
569,42018,43,0.8065,0.8065119297246528,1,0.11627906976744186
570,42058,40,0.82,0.8200152129221637,1,0.025
571,42077,19,0.9145,0.9145085193084785,1,0.05263157894736842
572,42105,28,0.874,0.8740085200165105,1,0.03571428571428571
573,42128,23,0.8965,0.896512101067405,1,0.13043478260869565
574,42164,36,0.838,0.8380173067038137,1,0.027777777777777776
575,42186,22,0.901,0.901005363010944,1,0.045454545454545456
576,42237,51,0.7705,0.7705120040006114,1,0.058823529411764705
577,42286,49,0.7795,0.7795125108299058,1,0.061224489795918366
578,42321,35,0.8425,0.842657378141337,1,0.02857142857142857
579,42372,51,0.7705,0.7705091757938738,1,0.0196078431372549
580,42390,18,0.919,0.9190043729126675,1,0.05555555555555555
581,42412,22,0.901,0.9010068684241614,1,0.045454545454545456
582,42437,25,0.8875,0.8875093070217109,1,0.12
583,42465,28,0.874,0.874004358175535,1,0.03571428571428571
584,42490,25,0.8875,0.8875080092396369,1,0.04
585,42519,29,0.8694999999999999,0.8695088576093354,1,0.034482758620689655
586,42540,21,0.9055,0.9055058190459625,1,0.047619047619047616
587,42683,143,0.35650000000000004,0.35669292026507743,1,0.013986013986013986
588,42707,24,0.892,0.8920061489909588,1,0.041666666666666664
589,42801,94,0.577,0.5770450347589986,1,0.031914893617021274
590,42832,31,0.8605,0.8608638492835207,1,0.06451612903225806
591,42911,79,0.6445,0.6445289628263099,1,0.012658227848101266
592,42943,32,0.856,0.8560096363684191,1,0.03125
593,43039,96,0.5680000000000001,0.5698533537943833,1,0.020833333333333332
594,43098,59,0.7344999999999999,0.7345304691016128,1,0.01694915254237288
595,43112,14,0.9369999999999999,0.9370022454775596,1,0.07142857142857142
596,43132,20,0.91,0.910007386160967,1,0.05
597,43159,27,0.8785,0.8785100655925878,1,0.037037037037037035
598,43175,16,0.9279999999999999,0.9280049606260782,1,0.0625
599,43197,22,0.901,0.9010072356284181,1,0.045454545454545456
600,43214,17,0.9235,0.9235042187040553,1,0.058823529411764705
601,43300,86,0.613,0.6151400039327716,1,0.023255813953488372
602,43326,26,0.883,0.8830064407385513,1,0.038461538461538464
603,43364,38,0.829,0.8291118949892123,1,0.07894736842105263
604,43422,58,0.739,0.7392126284720356,1,0.017241379310344827
605,43453,31,0.8605,0.8605137400615526,1,0.03225806451612903
606,43467,14,0.9369999999999999,0.9370036483068744,1,0.07142857142857142
607,43481,14,0.9369999999999999,0.9370033678088793,1,0.07142857142857142
608,43500,19,0.9145,0.9146069336659209,1,0.10526315789473684
609,43599,99,0.5545,0.5547767051743041,1,0.010101010101010102
610,43703,104,0.532,0.532090708985065,1,0.009615384615384616
611,43744,41,0.8155,0.8155199046000368,1,0.024390243902439025
612,43812,68,0.694,0.6940400952211822,1,0.014705882352941176
613,43828,16,0.9279999999999999,0.9280032112641136,1,0.0625
614,43844,16,0.9279999999999999,0.9280036153245,1,0.0625
615,43878,34,0.847,0.8470153605171877,1,0.029411764705882353
616,43898,20,0.91,0.9100073140802912,1,0.05
617,43920,22,0.901,0.9010055392387114,1,0.045454545454545456
618,43934,14,0.9369999999999999,0.9370026178918569,1,0.07142857142857142
619,43958,24,0.892,0.8920071412364255,1,0.041666666666666664
620,44039,81,0.6355,0.6371745165089012,1,0.024691358024691357
621,44071,32,0.856,0.856022649801474,1,0.03125
622,44102,31,0.8605,0.8605142943819631,1,0.03225806451612903
623,44153,51,0.7705,0.7736559058159472,1,0.0392156862745098
624,44169,16,0.9279999999999999,0.9280176324328072,1,0.0625
625,44183,14,0.9369999999999999,0.9370147996704407,1,0.07142857142857142
626,44207,24,0.892,0.892012104201621,1,0.125
627,44229,22,0.901,0.9010113484180453,1,0.045454545454545456
628,44276,47,0.7885,0.7885173932691822,1,0.02127659574468085
629,44292,16,0.9279999999999999,0.9280033665675417,1,0.0625
630,44312,20,0.91,0.9100049862658719,1,0.05
631,44336,24,0.892,0.8920109772261409,1,0.041666666666666664
632,44354,18,0.919,0.9190078954439799,1,0.16666666666666666
633,44372,18,0.919,0.9190045785038106,1,0.05555555555555555
634,44392,20,0.91,0.9100042723407044,1,0.25
635,44417,25,0.8875,0.8875046005085926,1,0.04
636,44433,16,0.9279999999999999,0.9280028059345604,1,0.0625
637,44453,20,0.91,0.9100032542177835,1,0.05
638,44469,16,0.9279999999999999,0.928002121070513,1,0.0625
639,44485,16,0.9279999999999999,0.9280024438984129,1,0.0625
640,44503,18,0.919,0.9190032772421725,1,0.16666666666666666
641,44521,18,0.919,0.9190031900958534,1,0.05555555555555555
642,44541,20,0.91,0.9100055841993211,1,0.15
643,44563,22,0.901,0.9010069639412596,1,0.13636363636363635
644,44585,22,0.901,0.9010047735172118,1,0.045454545454545456
645,44613,28,0.874,0.8740081819836416,1,0.03571428571428571
646,44637,24,0.892,0.8920066094555694,1,0.125
647,44657,20,0.91,0.9100047882643799,1,0.05
648,44692,35,0.8425,0.8425123732831121,1,0.02857142857142857
649,44708,16,0.9279999999999999,0.928003895722959,1,0.0625
650,44728,20,0.91,0.9100039719461002,1,0.05
651,44765,37,0.8335,0.8335086123215156,1,0.08108108108108109
652,44785,20,0.91,0.9100040060388943,1,0.25
653,44803,18,0.919,0.9190031365797638,1,0.05555555555555555
654,44821,18,0.919,0.9190030392920695,1,0.05555555555555555
655,44844,23,0.8965,0.8965044295772142,1,0.043478260869565216
656,44863,19,0.9145,0.9145035687341163,1,0.05263157894736842
657,44890,27,0.8785,0.8785082951683624,1,0.037037037037037035
658,44906,16,0.9279999999999999,0.9280042063155032,1,0.0625
659,44926,20,0.91,0.9100052231510031,1,0.05
660,44942,16,0.9279999999999999,0.92800346869968,1,0.0625
661,44966,24,0.892,0.8920041222030287,1,0.041666666666666664
662,44980,14,0.9369999999999999,0.9370022011413328,1,0.07142857142857142
663,45000,20,0.91,0.9100079841489496,1,0.25
664,45042,42,0.8109999999999999,0.8110146931529203,1,0.023809523809523808
665,45062,20,0.91,0.9100057904423298,1,0.05
666,45082,20,0.91,0.910006958153812,1,0.05
667,45102,20,0.91,0.9100073681916092,1,0.05
668,45118,16,0.9279999999999999,0.9280048846673413,1,0.0625
669,45183,65,0.7075,0.7075234888994306,1,0.015384615384615385
670,45222,39,0.8245,0.8245132474610152,1,0.02564102564102564
671,45246,24,0.892,0.8920050262927539,1,0.041666666666666664
672,45266,20,0.91,0.9100059266626467,1,0.05
673,45354,88,0.604,0.6040711795419651,1,0.03409090909090909
674,45394,40,0.82,0.8200193209658324,1,0.025
675,45542,148,0.33399999999999996,0.3340577848572524,1,0.006756756756756757
676,45567,25,0.8875,0.8875041918648295,1,0.04
677,45625,58,0.739,0.7390204200692424,1,0.017241379310344827
678,45770,145,0.34750000000000003,0.35069242077933915,1,0.006896551724137931
679,45906,136,0.3879999999999999,0.3881313324526115,1,0.007352941176470588
680,45967,61,0.7255,0.7255137380153357,1,0.01639344262295082
681,46003,36,0.838,0.8380073457191208,1,0.1388888888888889
682,46106,103,0.5365,0.5365359887686297,1,0.02912621359223301
683,46213,107,0.5185,0.5187391613073269,1,0.04672897196261682
684,46249,36,0.838,0.8380095690527799,1,0.027777777777777776
685,46265,16,0.9279999999999999,0.9280042312874527,1,0.0625
686,46319,54,0.757,0.757011157595343,1,0.018518518518518517
687,46477,158,0.2889999999999999,0.289063700075149,1,0.006329113924050633
688,46495,18,0.919,0.919005248302761,1,0.05555555555555555
689,46511,16,0.9279999999999999,0.9280033793096489,1,0.0625
690,46529,18,0.919,0.9190044957741751,1,0.05555555555555555
691,46543,14,0.9369999999999999,0.9370047062376032,1,0.07142857142857142
692,46700,157,0.2935,0.29645751138204,1,0.006369426751592357
693,46716,16,0.9279999999999999,0.9280032405611354,1,0.0625
694,46790,74,0.667,0.6670213000267937,1,0.013513513513513514
695,46839,49,0.7795,0.7795109972123768,1,0.02040816326530612
696,46935,96,0.5680000000000001,0.5694435795883417,1,0.010416666666666666
697,46967,32,0.856,0.8560188830212166,1,0.09375
698,47011,44,0.802,0.8020224081301205,1,0.022727272727272728
699,47048,37,0.8335,0.8335109903862874,1,0.02702702702702703
700,47174,126,0.43299999999999994,0.43303293342391663,1,0.007936507936507936
701,47222,48,0.784,0.7840476262202273,1,0.020833333333333332
702,47312,90,0.595,0.5950252119021908,1,0.03333333333333333
703,47370,58,0.739,0.7390146341712469,1,0.43103448275862066
704,47460,90,0.595,0.5950225237564843,1,0.011111111111111112
705,47584,124,0.44199999999999995,0.44202840528366716,1,0.18548387096774194
706,47703,119,0.4645,0.46452273226045826,1,0.008403361344537815
707,47873,170,0.235,0.23506978532774234,1,0.29411764705882354
708,47969,96,0.5680000000000001,0.5680195488908696,1,0.23958333333333334
709,48092,123,0.4465,0.4465219529091186,1,0.008130081300813009
710,48228,136,0.3879999999999999,0.3880367103560174,1,0.007352941176470588
711,48244,16,0.9279999999999999,0.9280073966235104,1,0.0625
712,48323,79,0.6445,0.6445242192222254,1,0.012658227848101266
713,48339,16,0.9279999999999999,0.9280041724488702,1,0.0625
714,48403,64,0.712,0.7120130486738041,1,0.015625
715,48419,16,0.9279999999999999,0.9280033732960807,1,0.1875
716,48499,80,0.6399999999999999,0.6400268165680182,1,0.2375
717,48513,14,0.9369999999999999,0.9370024418965054,1,0.07142857142857142
718,48533,20,0.91,0.9100036440091703,1,0.15
719,48615,82,0.631,0.6310194443110645,1,0.012195121951219513
720,48629,14,0.9369999999999999,0.9370032967615797,1,0.07142857142857142
721,48643,14,0.9369999999999999,0.9370028456255396,1,0.07142857142857142
722,48657,14,0.9369999999999999,0.9370028320203666,1,0.07142857142857142
723,48701,44,0.802,0.8020082958185465,1,0.022727272727272728
724,48793,92,0.586,0.5860288016696291,1,0.8586956521739131
725,48930,137,0.38349999999999995,0.3835547255125884,1,0.021897810218978103
726,49130,200,0.0,3.857201333374389e-05,0,0.11
727,49160,30,0.865,0.865004078537287,1,0.03333333333333333
728,49283,123,0.4465,0.446517791670061,1,0.008130081300813009
729,49483,200,0.0,3.640256073569231e-05,0,0.005
730,49497,14,0.9369999999999999,0.937002531642053,1,0.07142857142857142
731,49635,138,0.379,0.3790361816918881,1,0.007246376811594203
732,49651,16,0.9279999999999999,0.9280030842284671,1,0.0625
733,49665,14,0.9369999999999999,0.9370031953100282,1,0.07142857142857142
734,49733,68,0.694,0.6940201248520362,1,0.014705882352941176
735,49751,18,0.919,0.9190041994017236,1,0.16666666666666666
736,49765,14,0.9369999999999999,0.9370025557713028,1,0.07142857142857142
737,49779,14,0.9369999999999999,0.9370022612874294,1,0.07142857142857142
738,49793,14,0.9369999999999999,0.9370019684332964,1,0.07142857142857142
739,49814,21,0.9055,0.9055033338578532,1,0.047619047619047616
740,49904,90,0.595,0.5950176868704026,1,0.011111111111111112
741,49918,14,0.9369999999999999,0.9370023872240086,1,0.07142857142857142
742,49932,14,0.9369999999999999,0.9370024137042148,1,0.07142857142857142
743,49978,46,0.7929999999999999,0.7930082816744629,1,0.021739130434782608
744,49992,14,0.9369999999999999,0.9370034532883885,1,0.07142857142857142
745,50192,200,0.0,9.862187233009256e-05,0,0.005
746,50335,143,0.35650000000000004,0.3565303004024657,1,0.006993006993006993
747,50531,196,0.118,0.11806429613440163,1,0.00510204081632653
748,50704,173,0.22150000000000003,0.22153585198883904,1,0.005780346820809248
749,50768,64,0.712,0.7120119006447426,1,0.015625
750,50875,107,0.5185,0.5185211650108232,1,0.009345794392523364
751,51011,136,0.3879999999999999,0.3880538030556819,1,0.007352941176470588
752,51039,28,0.874,0.8740070818172229,1,0.03571428571428571
753,51071,32,0.856,0.8560096184155093,1,0.03125
754,51271,200,0.0,5.464673318340579e-05,0,0.005
755,51471,200,0.0,5.5775151296297024e-05,0,0.005
756,51671,200,0.0,4.8769861570661216e-05,0,0.005
757,51871,200,0.0,3.617659545754593e-05,0,0.405
758,52071,200,0.0,4.9889157656378644e-05,0,0.355
759,52262,191,0.14050000000000007,0.14059257615683798,1,0.1099476439790576
760,52462,200,0.0,0.003702594681727771,0,0.005
761,52662,200,0.0,0.006433141856947021,0,0.12
762,52862,200,0.0,0.0005467148923774997,0,0.005
763,53010,148,0.33399999999999996,0.33406667276053503,1,0.02702702702702703
764,53044,34,0.847,0.8470104061511836,1,0.029411764705882353
765,53167,123,0.4465,0.44655446924133585,1,0.008130081300813009
766,53191,24,0.892,0.8920065074733975,1,0.041666666666666664
767,53255,64,0.712,0.712028547036493,1,0.015625
768,53276,21,0.9055,0.9055042101557587,1,0.047619047619047616
769,53306,30,0.865,0.8650072188163238,1,0.03333333333333333
770,53421,115,0.48250000000000004,0.48254191190221585,1,0.008695652173913044
771,53527,106,0.5229999999999999,0.5230367545196857,1,0.009433962264150943
772,53595,68,0.694,0.6940268202195217,1,0.014705882352941176
773,53679,84,0.622,0.6220284322545847,1,0.011904761904761904
774,53879,200,0.0,6.299451209381272e-05,0,0.005
775,54079,200,0.0,6.67942979322959e-05,0,0.005
776,54122,43,0.8065,0.8065169800387931,1,0.023255813953488372
777,54158,36,0.838,0.8380064758458962,1,0.027777777777777776
778,54241,83,0.6265000000000001,0.6265259385749877,1,0.012048192771084338
779,54266,25,0.8875,0.887516818660952,1,0.04
780,54284,18,0.919,0.919006930637176,1,0.05555555555555555
781,54305,21,0.9055,0.9055051186555148,1,0.047619047619047616
782,54394,89,0.5994999999999999,0.5995198939478804,1,0.011235955056179775
783,54436,42,0.8109999999999999,0.8110166083864923,1,0.023809523809523808
784,54456,20,0.91,0.9100039652298058,1,0.05
785,54482,26,0.883,0.8830046886936487,1,0.038461538461538464
786,54502,20,0.91,0.9100033020050257,1,0.05
787,54571,69,0.6895,0.689523150820714,1,0.014492753623188406
788,54646,75,0.6625,0.6625180570861952,1,0.013333333333333334
789,54685,39,0.8245,0.8245076847588335,1,0.02564102564102564
790,54730,45,0.7975,0.7975131961617591,1,0.022222222222222223
791,54764,34,0.847,0.8470098523766687,1,0.029411764705882353
792,54820,56,0.748,0.7480144792384902,1,0.017857142857142856
793,54869,49,0.7795,0.7795091175281144,1,0.02040816326530612
794,54887,18,0.919,0.9190035522711281,1,0.05555555555555555
795,54930,43,0.8065,0.8065215450442688,1,0.023255813953488372
796,55023,93,0.5814999999999999,0.5815293980790699,1,0.010752688172043012
797,55059,36,0.838,0.8380148093207523,1,0.027777777777777776
798,55123,64,0.712,0.7120122334332982,1,0.015625
799,55139,16,0.9279999999999999,0.9280024060268119,1,0.0625
800,55155,16,0.9279999999999999,0.9280019211370026,1,0.0625
801,55173,18,0.919,0.9190077816389166,1,0.05555555555555555
802,55195,22,0.901,0.9010046442595339,1,0.045454545454545456
803,55257,62,0.721,0.7210629800596211,1,0.016129032258064516
804,55279,22,0.901,0.901002871346779,1,0.045454545454545456
805,55325,46,0.7929999999999999,0.7930086303111119,1,0.021739130434782608
806,55341,16,0.9279999999999999,0.9280031972472872,1,0.0625
807,55357,16,0.9279999999999999,0.92800367781116,1,0.0625
808,55373,16,0.9279999999999999,0.9280028303717339,1,0.0625
809,55411,38,0.829,0.8290058835540685,1,0.02631578947368421
810,55429,18,0.919,0.9190028476035186,1,0.05555555555555555
811,55449,20,0.91,0.9100031674591612,1,0.05
812,55510,61,0.7255,0.7255988227780837,1,0.01639344262295082
813,55528,18,0.919,0.9190030980478612,1,0.05555555555555555
814,55603,75,0.6625,0.6625109398338183,1,0.013333333333333334
815,55619,16,0.9279999999999999,0.9280024735861032,1,0.0625
816,55635,16,0.9279999999999999,0.928003256830079,1,0.0625
817,55651,16,0.9279999999999999,0.928003475118772,1,0.0625
818,55695,44,0.802,0.8020090440319224,1,0.022727272727272728
819,55711,16,0.9279999999999999,0.9280023566817044,1,0.0625
820,55727,16,0.9279999999999999,0.9280019726607016,1,0.0625
821,55753,26,0.883,0.8830029069300619,1,0.038461538461538464
822,55794,41,0.8155,0.8155044293128212,1,0.024390243902439025
823,55810,16,0.9279999999999999,0.9280063461075785,1,0.0625
824,55836,26,0.883,0.8830078222540326,1,0.038461538461538464
825,55862,26,0.883,0.8830050792260453,1,0.11538461538461539
826,55885,23,0.8965,0.8965043572645346,1,0.043478260869565216
827,55901,16,0.9279999999999999,0.9280026128856189,1,0.0625
828,55917,16,0.9279999999999999,0.9280025973386291,1,0.0625
829,55938,21,0.9055,0.9055030112300386,1,0.047619047619047616
830,55962,24,0.892,0.8920034293329444,1,0.041666666666666664
831,55982,20,0.91,0.9100035462866315,1,0.05
832,56037,55,0.7525,0.752518346459642,1,0.01818181818181818
833,56057,20,0.91,0.9100036576852396,1,0.05
834,56083,26,0.883,0.8830067197335078,1,0.038461538461538464
835,56113,30,0.865,0.8650090813868527,1,0.03333333333333333
836,56145,32,0.856,0.8560103979476668,1,0.15625
837,56168,23,0.8965,0.8965037906014922,1,0.043478260869565216
838,56184,16,0.9279999999999999,0.9280024901131544,1,0.0625
839,56208,24,0.892,0.8920043761023156,1,0.125
840,56227,19,0.9145,0.9145035258740336,1,0.05263157894736842
841,56243,16,0.9279999999999999,0.9280028348390412,1,0.0625
842,56261,18,0.919,0.9190031196092441,1,0.16666666666666666
843,56279,18,0.919,0.9190030457598821,1,0.05555555555555555
844,56308,29,0.8694999999999999,0.8695062689059381,1,0.034482758620689655
845,56332,24,0.892,0.8920055012480861,1,0.041666666666666664
846,56350,18,0.919,0.9190022826919229,1,0.05555555555555555
847,56372,22,0.901,0.9010059950206434,1,0.045454545454545456
848,56398,26,0.883,0.883005038426305,1,0.038461538461538464
849,56414,16,0.9279999999999999,0.9280023372939279,1,0.0625
850,56432,18,0.919,0.9190085541073852,1,0.05555555555555555
851,56446,14,0.9369999999999999,0.937004603622981,1,0.07142857142857142
852,56462,16,0.9279999999999999,0.9280052190617437,1,0.0625
853,56483,21,0.9055,0.9055052630246899,1,0.047619047619047616
854,56500,17,0.9235,0.9235030972224493,1,0.058823529411764705
855,56514,14,0.9369999999999999,0.9370021337666071,1,0.07142857142857142
856,56536,22,0.901,0.9010032432989767,1,0.045454545454545456
857,56552,16,0.9279999999999999,0.9280020703501334,1,0.0625
858,56572,20,0.91,0.9100028803830154,1,0.05
859,56586,14,0.9369999999999999,0.9370018681927647,1,0.07142857142857142
860,56605,19,0.9145,0.9145021207321109,1,0.05263157894736842
861,56654,49,0.7795,0.7795060229917806,1,0.02040816326530612
862,56692,38,0.829,0.8290071397159123,1,0.02631578947368421
863,56748,56,0.748,0.7480276639364554,1,0.017857142857142856
864,56776,28,0.874,0.8740060551488592,1,0.03571428571428571
865,56790,14,0.9369999999999999,0.9370026411839281,1,0.07142857142857142
866,56821,31,0.8605,0.8605057235070473,1,0.03225806451612903
867,56841,20,0.91,0.9100028640708809,1,0.05
868,56881,40,0.82,0.8200072601504681,1,0.025
869,56897,16,0.9279999999999999,0.9280056931646208,1,0.0625
870,56926,29,0.8694999999999999,0.8695053905390233,1,0.034482758620689655
871,56969,43,0.8065,0.8065101244006923,1,0.023255813953488372
872,57029,60,0.73,0.7300316485786024,1,0.016666666666666666
873,57055,26,0.883,0.8830088674669824,1,0.038461538461538464
874,57076,21,0.9055,0.9055072850640211,1,0.047619047619047616
875,57105,29,0.8694999999999999,0.869515787607078,1,0.034482758620689655
876,57137,32,0.856,0.8560112713169395,1,0.03125
877,57166,29,0.8694999999999999,0.869507284559665,1,0.034482758620689655
878,57242,76,0.6579999999999999,0.6580171292643595,1,0.013157894736842105
879,57308,66,0.703,0.7030087538339673,1,0.015151515151515152
880,57334,26,0.883,0.8830041562047385,1,0.038461538461538464
881,57388,54,0.757,0.7570112348526982,1,0.018518518518518517
882,57446,58,0.739,0.7390100569821606,1,0.017241379310344827
883,57551,105,0.5275,0.5275199422792672,1,0.009523809523809525
884,57653,102,0.5409999999999999,0.5410238490274496,1,0.00980392156862745
885,57737,84,0.622,0.622012203940215,1,0.011904761904761904
886,57856,119,0.4645,0.46452123738453366,1,0.008403361344537815
887,57997,141,0.36550000000000005,0.3655371680781864,1,0.0070921985815602835
888,58028,31,0.8605,0.860507086555272,1,0.03225806451612903
889,58058,30,0.865,0.8650065268634747,1,0.03333333333333333
890,58076,18,0.919,0.9190029429322285,1,0.05555555555555555
891,58108,32,0.856,0.8560078841963388,1,0.03125
892,58124,16,0.9279999999999999,0.9280023298484806,1,0.0625
893,58140,16,0.9279999999999999,0.928002146942842,1,0.0625
894,58156,16,0.9279999999999999,0.9280024695480503,1,0.0625
895,58176,20,0.91,0.910005735634898,1,0.05
896,58226,50,0.775,0.7750150962072294,1,0.02
897,58255,29,0.8694999999999999,0.8695059671239652,1,0.034482758620689655
898,58298,43,0.8065,0.8065094076731956,1,0.023255813953488372
899,58336,38,0.829,0.8290063182235196,1,0.02631578947368421
900,58366,30,0.865,0.8650030385971164,1,0.03333333333333333
901,58400,34,0.847,0.8470043692487893,1,0.029411764705882353
902,58432,32,0.856,0.8560119633289569,1,0.03125
903,58456,24,0.892,0.8920054116409447,1,0.041666666666666664
904,58502,46,0.7929999999999999,0.7930089665813658,1,0.021739130434782608
905,58544,42,0.8109999999999999,0.8110086070773053,1,0.023809523809523808
906,58565,21,0.9055,0.9055086537698565,1,0.047619047619047616
907,58595,30,0.865,0.8650105909155025,1,0.03333333333333333
908,58639,44,0.802,0.8020120315362059,1,0.022727272727272728
909,58665,26,0.883,0.8830034157563824,1,0.038461538461538464
910,58692,27,0.8785,0.8785055279934268,1,0.037037037037037035
911,58871,179,0.1945,0.19454655552903094,1,0.00558659217877095
912,58951,80,0.6399999999999999,0.6400226115733562,1,0.0125
913,58986,35,0.8425,0.8425137690474389,1,0.02857142857142857
914,59009,23,0.8965,0.8965046838013288,1,0.043478260869565216
915,59032,23,0.8965,0.8965066111774069,1,0.043478260869565216
916,59048,16,0.9279999999999999,0.9280028164370668,1,0.0625
917,59064,16,0.9279999999999999,0.928001989717091,1,0.0625
918,59078,14,0.9369999999999999,0.9370014322020355,1,0.07142857142857142
919,59094,16,0.9279999999999999,0.928002022941878,1,0.1875
920,59125,31,0.8605,0.8605029682735064,1,0.2903225806451613
921,59141,16,0.9279999999999999,0.9280015936971312,1,0.0625
922,59155,14,0.9369999999999999,0.9370012695505056,1,0.07142857142857142
923,59169,14,0.9369999999999999,0.9370013469990176,1,0.07142857142857142
924,59185,16,0.9279999999999999,0.9280029089800457,1,0.0625
925,59205,20,0.91,0.9100034127710016,1,0.25
926,59229,24,0.892,0.8920031067694467,1,0.4583333333333333
927,59243,14,0.9369999999999999,0.9370011639148562,1,0.07142857142857142
928,59259,16,0.9279999999999999,0.9280011725409508,1,0.0625
929,59299,40,0.82,0.8200065695039876,1,0.025
930,59315,16,0.9279999999999999,0.9280025635842228,1,0.1875
931,59344,29,0.8694999999999999,0.8695087048765265,1,0.10344827586206896
932,59370,26,0.883,0.8830053090800531,1,0.34615384615384615
933,59384,14,0.9369999999999999,0.9370018797445439,1,0.07142857142857142
934,59416,32,0.856,0.8560070343316598,1,0.4375
935,59434,18,0.919,0.919004314818883,1,0.2777777777777778
936,59458,24,0.892,0.8920056627548826,1,0.4583333333333333
937,59482,24,0.892,0.8920058385175724,1,0.4583333333333333
938,59510,28,0.874,0.8740052757320474,1,0.5357142857142857
939,59524,14,0.9369999999999999,0.9370022410062232,1,0.07142857142857142
940,59548,24,0.892,0.8920041951922063,1,0.3333333333333333
941,59588,40,0.82,0.8200102385776772,1,0.6
942,59616,28,0.874,0.87400449472999,1,0.5357142857142857
943,59638,22,0.901,0.9010029401958519,1,0.3181818181818182
944,59654,16,0.9279999999999999,0.9280014425123123,1,0.0625
945,59686,32,0.856,0.8560062964112779,1,0.03125
946,59700,14,0.9369999999999999,0.9370015320730781,1,0.07142857142857142
947,59732,32,0.856,0.8560084910649586,1,0.03125
948,59746,14,0.9369999999999999,0.9370014913281409,1,0.07142857142857142
949,59762,16,0.9279999999999999,0.9280018139549113,1,0.0625
950,59782,20,0.91,0.910003251201211,1,0.05
951,59806,24,0.892,0.8920054518456482,1,0.041666666666666664
952,59830,24,0.892,0.8920041386881247,1,0.4583333333333333
953,59860,30,0.865,0.8650040354572294,1,0.5666666666666667
954,59878,18,0.919,0.9190019963343194,1,0.05555555555555555
955,59894,16,0.9279999999999999,0.9280020198694652,1,0.0625
956,59910,16,0.9279999999999999,0.9280022077311527,1,0.0625
957,59938,28,0.874,0.8740037134446416,1,0.5357142857142857
958,59962,24,0.892,0.892002612028056,1,0.4583333333333333
959,59996,34,0.847,0.8470072238846401,1,0.08823529411764706
960,60012,16,0.9279999999999999,0.928001927294958,1,0.0625
961,60026,14,0.9369999999999999,0.9370012038045176,1,0.07142857142857142
962,60040,14,0.9369999999999999,0.9370013547351115,1,0.07142857142857142
963,60058,18,0.919,0.9190026526308969,1,0.05555555555555555
964,60072,14,0.9369999999999999,0.9370019906865825,1,0.07142857142857142
965,60086,14,0.9369999999999999,0.9370035136711505,1,0.07142857142857142
966,60104,18,0.919,0.9190085854915185,1,0.16666666666666666
967,60138,34,0.847,0.8470140230174692,1,0.029411764705882353
968,60160,22,0.901,0.9010050159821102,1,0.045454545454545456
969,60192,32,0.856,0.8560061610412806,1,0.53125
970,60206,14,0.9369999999999999,0.9370036077800549,1,0.07142857142857142
971,60222,16,0.9279999999999999,0.9280039231516592,1,0.0625
972,60238,16,0.9279999999999999,0.9280028105753667,1,0.0625
973,60256,18,0.919,0.9190025916397804,1,0.05555555555555555
974,60272,16,0.9279999999999999,0.9280026261332607,1,0.0625
975,60292,20,0.91,0.9100031450018643,1,0.35
976,60314,22,0.901,0.9010024284326903,1,0.045454545454545456
977,60350,36,0.838,0.8380057032408339,1,0.25
978,60374,24,0.892,0.8920029378572195,1,0.041666666666666664
979,60388,14,0.9369999999999999,0.9370015640746819,1,0.07142857142857142
980,60402,14,0.9369999999999999,0.9370015947977964,1,0.07142857142857142
981,60430,28,0.874,0.8740046904188495,1,0.03571428571428571
982,60458,28,0.874,0.8740058812396808,1,0.03571428571428571
983,60492,34,0.847,0.8470045619490351,1,0.029411764705882353
984,60584,92,0.586,0.5860111707886237,1,0.010869565217391304
985,60598,14,0.9369999999999999,0.9370022092830717,1,0.07142857142857142
986,60632,34,0.847,0.8470063526096757,1,0.029411764705882353
987,60682,50,0.775,0.7750089293986101,1,0.02
988,60730,48,0.784,0.784008534468616,1,0.1875
989,60756,26,0.883,0.8830051525247743,1,0.038461538461538464
990,60790,34,0.847,0.8470771468513703,1,0.11764705882352941
991,60804,14,0.9369999999999999,0.9370022462847015,1,0.07142857142857142
992,60826,22,0.901,0.9010039085081571,1,0.045454545454545456
993,60844,18,0.919,0.9190025895460426,1,0.05555555555555555
994,60886,42,0.8109999999999999,0.8110050631537523,1,0.07142857142857142
995,60902,16,0.9279999999999999,0.928002671773207,1,0.0625
996,60917,15,0.9325,0.9325036167497689,1,0.06666666666666667
997,60955,38,0.829,0.8290084190480701,1,0.02631578947368421
998,60969,14,0.9369999999999999,0.9370015734570272,1,0.07142857142857142
999,61017,48,0.784,0.7840063540730718,1,0.1875
1000,61037,20,0.91,0.9100028172455756,1,0.05
1001,61067,30,0.865,0.8650056360578279,1,0.03333333333333333
1002,61095,28,0.874,0.8740087792215646,1,0.03571428571428571
1003,61295,200,0.0,3.620127348149793e-05,0,0.005
1004,61495,200,0.0,0.0002175151960509952,0,0.015
1005,61627,132,0.4059999999999999,0.406032345340206,1,0.007575757575757576
1006,61671,44,0.802,0.8020055426181688,1,0.022727272727272728
1007,61731,60,0.73,0.730236581111826,1,0.016666666666666666
1008,61802,71,0.6805,0.6805133337596136,1,0.014084507042253521
1009,62002,200,0.0,4.02100109556277e-05,0,0.005
1010,62029,27,0.8785,0.8785042529940872,1,0.037037037037037035
1011,62057,28,0.874,0.8740066251855273,1,0.03571428571428571
1012,62162,105,0.5275,0.527520421185907,1,0.009523809523809525
1013,62362,200,0.0,3.060536283942043e-05,0,0.005
1014,62562,200,0.0,3.7607534107875814e-05,0,0.005
1015,62762,200,0.0,3.4431649451151836e-05,0,0.005
1016,62955,193,0.13150000000000006,0.1315220079249298,1,0.0051813471502590676
1017,63027,72,0.6759999999999999,0.6760102303065785,1,0.013888888888888888
1018,63058,31,0.8605,0.8605041178251646,1,0.03225806451612903
1019,63118,60,0.73,0.7300104628892246,1,0.08333333333333333
1020,63136,18,0.919,0.9190025768990356,1,0.05555555555555555
1021,63204,68,0.694,0.6940135481273452,1,0.014705882352941176
1022,63228,24,0.892,0.8920049409475199,1,0.041666666666666664
1023,63306,78,0.649,0.6490350756375494,1,0.038461538461538464
1024,63325,19,0.9145,0.9145054725540211,1,0.05263157894736842
1025,63453,128,0.42399999999999993,0.42438889931913826,1,0.03125
1026,63467,14,0.9369999999999999,0.9370010783321104,1,0.07142857142857142
1027,63494,27,0.8785,0.8785024106345252,1,0.037037037037037035
1028,63530,36,0.838,0.8380039548882162,1,0.027777777777777776
1029,63679,149,0.3295,0.3295268473112901,1,0.006711409395973154
1030,63699,20,0.91,0.9100032996321457,1,0.05
1031,63735,36,0.838,0.8380054661637338,1,0.027777777777777776
1032,63756,21,0.9055,0.9055026168539732,1,0.047619047619047616
1033,63786,30,0.865,0.8650073785757827,1,0.03333333333333333
1034,63907,121,0.4555,0.4556951408471048,1,0.01652892561983471
1035,64001,94,0.577,0.5770098947647353,1,0.010638297872340425
1036,64139,138,0.379,0.37902775162104796,1,0.007246376811594203
1037,64160,21,0.9055,0.9055023894105161,1,0.047619047619047616
1038,64360,200,0.0,0.0009648292571030031,0,0.01
1039,64560,200,0.0,0.00022051592730403785,0,0.01
1040,64760,200,0.0,0.0009459603029211235,0,0.01
1041,64960,200,0.0,0.00012999222962356148,0,0.04
1042,64978,18,0.919,0.919003154745265,1,0.05555555555555555
1043,64997,19,0.9145,0.9145026291063144,1,0.05263157894736842
1044,65013,16,0.9279999999999999,0.928001675726592,1,0.0625
1045,65048,35,0.8425,0.842506146006863,1,0.02857142857142857
1046,65066,18,0.919,0.919002591061054,1,0.16666666666666666
1047,65086,20,0.91,0.9100034133028172,1,0.05
1048,65106,20,0.91,0.910006675284981,1,0.05
1049,65128,22,0.901,0.9010054436532492,1,0.13636363636363635
1050,65144,16,0.9279999999999999,0.9280038537401585,1,0.0625
1051,65170,26,0.883,0.8830035598395061,1,0.038461538461538464
1052,65210,40,0.82,0.820009886456077,1,0.025
1053,65226,16,0.9279999999999999,0.9280024446692361,1,0.0625
1054,65266,40,0.82,0.8200049237762449,1,0.025
1055,65300,34,0.847,0.8470039146426854,1,0.029411764705882353
1056,65350,50,0.775,0.7750055110687593,1,0.02
1057,65364,14,0.9369999999999999,0.9370015913580184,1,0.07142857142857142
1058,65380,16,0.9279999999999999,0.9280016714758442,1,0.0625
1059,65410,30,0.865,0.865003976026664,1,0.03333333333333333
1060,65424,14,0.9369999999999999,0.9370017374664186,1,0.07142857142857142
1061,65454,30,0.865,0.8650065243299565,1,0.03333333333333333
1062,65470,16,0.9279999999999999,0.9280030169351864,1,0.0625
1063,65484,14,0.9369999999999999,0.937002453920124,1,0.07142857142857142
1064,65508,24,0.892,0.8920044355218482,1,0.375
1065,65526,18,0.919,0.9190037346203047,1,0.05555555555555555
1066,65544,18,0.919,0.9190033662365029,1,0.05555555555555555
1067,65560,16,0.9279999999999999,0.9280030329346343,1,0.0625
1068,65578,18,0.919,0.9190024633561336,1,0.05555555555555555
1069,65592,14,0.9369999999999999,0.9370021141897731,1,0.07142857142857142
1070,65610,18,0.919,0.9190041767646184,1,0.05555555555555555
1071,65624,14,0.9369999999999999,0.9370026643034745,1,0.07142857142857142
1072,65640,16,0.9279999999999999,0.9280022562141576,1,0.0625
1073,65656,16,0.9279999999999999,0.9280016660862705,1,0.0625
1074,65670,14,0.9369999999999999,0.9370016519313095,1,0.07142857142857142
1075,65690,20,0.91,0.9100029091366917,1,0.05
1076,65712,22,0.901,0.9010030827813397,1,0.3181818181818182
1077,65736,24,0.892,0.892004425955596,1,0.041666666666666664
1078,65750,14,0.9369999999999999,0.9370023989098439,1,0.07142857142857142
1079,65764,14,0.9369999999999999,0.9370021881925306,1,0.07142857142857142
1080,65780,16,0.9279999999999999,0.9280032260234492,1,0.0625
1081,65798,18,0.919,0.9190036046538709,1,0.16666666666666666
1082,65814,16,0.9279999999999999,0.9280027233209837,1,0.0625
1083,65832,18,0.919,0.9190052048030276,1,0.05555555555555555
1084,65889,57,0.7435,0.7435196649183639,1,0.08771929824561403
1085,65903,14,0.9369999999999999,0.9370026126000669,1,0.07142857142857142
1086,65919,16,0.9279999999999999,0.9280041023189196,1,0.0625
1087,65945,26,0.883,0.8830059187693385,1,0.5
1088,66001,56,0.748,0.7480066167783666,1,0.5535714285714286
1089,66061,60,0.73,0.7300111193597689,1,0.016666666666666666
1090,66108,47,0.7885,0.7885060715237658,1,0.02127659574468085
1091,66252,144,0.352,0.35202191424400886,1,0.006944444444444444
1092,66452,200,0.0,3.0008657300918346e-05,0,0.005
1093,66652,200,0.0,2.5493238768161287e-05,0,0.005
1094,66852,200,0.0,3.3775803295518795e-05,0,0.005
1095,66986,134,0.3969999999999999,0.397014506100301,1,0.007462686567164179
1096,67048,62,0.721,0.7210077233506169,1,0.04838709677419355
1097,67062,14,0.9369999999999999,0.9370015676373576,1,0.07142857142857142
1098,67076,14,0.9369999999999999,0.9370014872576339,1,0.07142857142857142
1099,67090,14,0.9369999999999999,0.9370011926132988,1,0.07142857142857142
1100,67232,142,0.361,0.3610270154755625,1,0.02112676056338028
1101,67318,86,0.613,0.6130136875546313,1,0.011627906976744186
1102,67334,16,0.9279999999999999,0.928003599627367,1,0.0625
1103,67360,26,0.883,0.8830059233363254,1,0.038461538461538464
1104,67374,14,0.9369999999999999,0.9370030302102735,1,0.07142857142857142
1105,67390,16,0.9279999999999999,0.9280029244041462,1,0.0625
1106,67404,14,0.9369999999999999,0.9370023302566421,1,0.07142857142857142
1107,67501,97,0.5635,0.5635172394347854,1,0.010309278350515464
1108,67515,14,0.9369999999999999,0.9370046710824078,1,0.07142857142857142
1109,67529,14,0.9369999999999999,0.9370062857128877,1,0.07142857142857142
1110,67543,14,0.9369999999999999,0.9370033415330995,1,0.07142857142857142
1111,67559,16,0.9279999999999999,0.9280032421860206,1,0.0625
1112,67575,16,0.9279999999999999,0.9280025125534268,1,0.0625
1113,67591,16,0.9279999999999999,0.9280018097673023,1,0.1875
1114,67605,14,0.9369999999999999,0.9370013354600836,1,0.07142857142857142
1115,67619,14,0.9369999999999999,0.9370015006994185,1,0.07142857142857142
1116,67633,14,0.9369999999999999,0.9370011261570295,1,0.07142857142857142
1117,67647,14,0.9369999999999999,0.9370009300325118,1,0.07142857142857142
1118,67661,14,0.9369999999999999,0.9370007217517564,1,0.07142857142857142
1119,67675,14,0.9369999999999999,0.9370012413490155,1,0.07142857142857142
1120,67712,37,0.8335,0.8335048463071233,1,0.02702702702702703
1121,67730,18,0.919,0.9190020225473065,1,0.05555555555555555
1122,67746,16,0.9279999999999999,0.9280024982987942,1,0.1875
1123,67839,93,0.5814999999999999,0.581508084718955,1,0.010752688172043012
1124,67970,131,0.4105,0.41051756860889227,1,0.007633587786259542
1125,67984,14,0.9369999999999999,0.9370018476526233,1,0.07142857142857142
1126,68034,50,0.775,0.7750052878836896,1,0.06
1127,68050,16,0.9279999999999999,0.9280026197512692,1,0.0625
1128,68067,17,0.9235,0.9235019412344447,1,0.058823529411764705
1129,68081,14,0.9369999999999999,0.9370015138312785,1,0.07142857142857142
1130,68099,18,0.919,0.9190031356347311,1,0.05555555555555555
1131,68113,14,0.9369999999999999,0.9370026275857313,1,0.07142857142857142
1132,68127,14,0.9369999999999999,0.9370025396565538,1,0.07142857142857142
1133,68141,14,0.9369999999999999,0.9370034773111497,1,0.07142857142857142
1134,68155,14,0.9369999999999999,0.9370058918356372,1,0.07142857142857142
1135,68169,14,0.9369999999999999,0.9370042260912391,1,0.07142857142857142
1136,68183,14,0.9369999999999999,0.9370040349772418,1,0.07142857142857142
1137,68197,14,0.9369999999999999,0.9370029536399546,1,0.07142857142857142
1138,68211,14,0.9369999999999999,0.9370036478084559,1,0.07142857142857142
1139,68227,16,0.9279999999999999,0.9280024743913049,1,0.0625
1140,68243,16,0.9279999999999999,0.9280015792159492,1,0.1875
1141,68257,14,0.9369999999999999,0.9370012083817563,1,0.07142857142857142
1142,68271,14,0.9369999999999999,0.9370010808010812,1,0.07142857142857142
1143,68287,16,0.9279999999999999,0.9280011765353828,1,0.0625
1144,68305,18,0.919,0.9190012706052889,1,0.05555555555555555
1145,68321,16,0.9279999999999999,0.9280015333408463,1,0.0625
1146,68337,16,0.9279999999999999,0.9280016291207568,1,0.0625
1147,68351,14,0.9369999999999999,0.9370014943604599,1,0.07142857142857142
1148,68365,14,0.9369999999999999,0.9370012627026727,1,0.07142857142857142
1149,68383,18,0.919,0.9190012364511924,1,0.05555555555555555
1150,68399,16,0.9279999999999999,0.9280011498213141,1,0.0625
1151,68413,14,0.9369999999999999,0.9370013649284689,1,0.07142857142857142
1152,68427,14,0.9369999999999999,0.937000956585177,1,0.07142857142857142
1153,68441,14,0.9369999999999999,0.9370010675430285,1,0.07142857142857142
1154,68455,14,0.9369999999999999,0.9370013802564363,1,0.07142857142857142
1155,68469,14,0.9369999999999999,0.937001449741224,1,0.07142857142857142
1156,68483,14,0.9369999999999999,0.9370013684870738,1,0.07142857142857142
1157,68499,16,0.9279999999999999,0.9280019614401188,1,0.0625
1158,68515,16,0.9279999999999999,0.9280015686716366,1,0.0625
1159,68529,14,0.9369999999999999,0.9370017548706915,1,0.07142857142857142
1160,68543,14,0.9369999999999999,0.9370027309012289,1,0.07142857142857142
1161,68561,18,0.919,0.919002450448038,1,0.05555555555555555
1162,68577,16,0.9279999999999999,0.9280014988812877,1,0.0625
1163,68593,16,0.9279999999999999,0.9280014333711871,1,0.0625
1164,68611,18,0.919,0.9190015075688074,1,0.05555555555555555
1165,68625,14,0.9369999999999999,0.9370013515785979,1,0.07142857142857142
1166,68639,14,0.9369999999999999,0.9370010403648167,1,0.07142857142857142
1167,68653,14,0.9369999999999999,0.9370014193939364,1,0.07142857142857142
1168,68669,16,0.9279999999999999,0.9280022068628196,1,0.0625
1169,68683,14,0.9369999999999999,0.9370018538122376,1,0.07142857142857142
1170,68699,16,0.9279999999999999,0.9280017346324777,1,0.0625
1171,68715,16,0.9279999999999999,0.9280025848778525,1,0.0625
1172,68729,14,0.9369999999999999,0.9370030089014166,1,0.07142857142857142
1173,68743,14,0.9369999999999999,0.9370028381349755,1,0.07142857142857142
1174,68759,16,0.9279999999999999,0.9280024989890275,1,0.0625
1175,68777,18,0.919,0.9190027693903796,1,0.16666666666666666
1176,68791,14,0.9369999999999999,0.937002317073676,1,0.07142857142857142
1177,68805,14,0.9369999999999999,0.9370022864693763,1,0.07142857142857142
1178,68821,16,0.9279999999999999,0.9280029500691271,1,0.0625
1179,68835,14,0.9369999999999999,0.9370020548571507,1,0.07142857142857142
1180,68849,14,0.9369999999999999,0.9370017755172826,1,0.07142857142857142
1181,68863,14,0.9369999999999999,0.9370015624361215,1,0.07142857142857142
1182,68877,14,0.9369999999999999,0.9370010464140532,1,0.07142857142857142
1183,68891,14,0.9369999999999999,0.9370010929704049,1,0.07142857142857142
1184,68905,14,0.9369999999999999,0.9370011165507507,1,0.07142857142857142
1185,68923,18,0.919,0.9190020444575713,1,0.05555555555555555
1186,68937,14,0.9369999999999999,0.9370012982232675,1,0.07142857142857142
1187,68951,14,0.9369999999999999,0.937001672559599,1,0.07142857142857142
1188,68965,14,0.9369999999999999,0.9370012900392418,1,0.07142857142857142
1189,68979,14,0.9369999999999999,0.9370013087055652,1,0.07142857142857142
1190,68993,14,0.9369999999999999,0.937001342830263,1,0.07142857142857142
1191,69007,14,0.9369999999999999,0.9370009924844339,1,0.07142857142857142
1192,69021,14,0.9369999999999999,0.9370013501244764,1,0.07142857142857142
1193,69035,14,0.9369999999999999,0.9370015440088975,1,0.07142857142857142
1194,69049,14,0.9369999999999999,0.9370014289044762,1,0.07142857142857142
1195,69063,14,0.9369999999999999,0.9370014405648874,1,0.07142857142857142
1196,69077,14,0.9369999999999999,0.9370015925820885,1,0.07142857142857142
1197,69095,18,0.919,0.919001450528065,1,0.16666666666666666
1198,69113,18,0.919,0.9190021518135862,1,0.05555555555555555
1199,69157,44,0.802,0.8020054488875357,1,0.022727272727272728
1200,69174,17,0.9235,0.9235019776636476,1,0.058823529411764705
1201,69188,14,0.9369999999999999,0.9370018889229201,1,0.07142857142857142
1202,69202,14,0.9369999999999999,0.9370022621980799,1,0.07142857142857142
1203,69216,14,0.9369999999999999,0.9370030546636106,1,0.07142857142857142
1204,69230,14,0.9369999999999999,0.9370024805701547,1,0.07142857142857142
1205,69267,37,0.8335,0.8335085745679878,1,0.02702702702702703
1206,69355,88,0.604,0.6040156466378076,1,0.011363636363636364
1207,69369,14,0.9369999999999999,0.937003974502032,1,0.07142857142857142
1208,69383,14,0.9369999999999999,0.9370034496870846,1,0.07142857142857142
1209,69399,16,0.9279999999999999,0.9280043128020564,1,0.0625
1210,69413,14,0.9369999999999999,0.9370027625487741,1,0.07142857142857142
1211,69431,18,0.919,0.9190034269413343,1,0.05555555555555555
1212,69445,14,0.9369999999999999,0.9370018568670829,1,0.07142857142857142
1213,69460,15,0.9325,0.9325017183767782,1,0.06666666666666667
1214,69478,18,0.919,0.9190019422225044,1,0.05555555555555555
1215,69494,16,0.9279999999999999,0.9280014662285858,1,0.0625
1216,69508,14,0.9369999999999999,0.9370011807854743,1,0.07142857142857142
1217,69522,14,0.9369999999999999,0.9370009614524204,1,0.07142857142857142
1218,69538,16,0.9279999999999999,0.9280012146186628,1,0.1875
1219,69552,14,0.9369999999999999,0.9370011621908133,1,0.07142857142857142
1220,69566,14,0.9369999999999999,0.9370010539208403,1,0.07142857142857142
1221,69582,16,0.9279999999999999,0.9280012910123389,1,0.1875
1222,69596,14,0.9369999999999999,0.9370013291417627,1,0.07142857142857142
1223,69610,14,0.9369999999999999,0.9370014467524468,1,0.07142857142857142
1224,69624,14,0.9369999999999999,0.9370010668590505,1,0.07142857142857142
1225,69638,14,0.9369999999999999,0.9370009242895663,1,0.07142857142857142
1226,69656,18,0.919,0.9190010350134658,1,0.16666666666666666
1227,69670,14,0.9369999999999999,0.9370007182629667,1,0.07142857142857142
1228,69684,14,0.9369999999999999,0.9370006835392781,1,0.07142857142857142
1229,69698,14,0.9369999999999999,0.9370025524406831,1,0.07142857142857142
1230,69714,16,0.9279999999999999,0.9280035597762475,1,0.0625
1231,69736,22,0.901,0.9010030429174337,1,0.045454545454545456
1232,69750,14,0.9369999999999999,0.9370016682699608,1,0.07142857142857142
1233,69768,18,0.919,0.9190020024186717,1,0.16666666666666666
1234,69853,85,0.6174999999999999,0.6175203369940224,1,0.011764705882352941
1235,69878,25,0.8875,0.8875062684850283,1,0.04
1236,69894,16,0.9279999999999999,0.9280037924445136,1,0.0625
1237,69912,18,0.919,0.9190040302978034,1,0.05555555555555555
1238,69926,14,0.9369999999999999,0.9370032152659432,1,0.07142857142857142
1239,69945,19,0.9145,0.9145028158615162,1,0.05263157894736842
1240,69961,16,0.9279999999999999,0.928002037943616,1,0.0625
1241,69975,14,0.9369999999999999,0.9370018401393826,1,0.07142857142857142
1242,69989,14,0.9369999999999999,0.9370015689409492,1,0.07142857142857142
1243,70003,14,0.9369999999999999,0.9370011200435865,1,0.07142857142857142
1244,70021,18,0.919,0.9190013113435415,1,0.05555555555555555
1245,70040,19,0.9145,0.914501558707613,1,0.05263157894736842
1246,70062,22,0.901,0.9010021968896617,1,0.045454545454545456
1247,70076,14,0.9369999999999999,0.9370015392306185,1,0.07142857142857142
1248,70090,14,0.9369999999999999,0.9370047090904521,1,0.07142857142857142
1249,70106,16,0.9279999999999999,0.9280043635301957,1,0.0625
1250,70122,16,0.9279999999999999,0.9280042719129424,1,0.0625
1251,70136,14,0.9369999999999999,0.9370037777325051,1,0.07142857142857142
1252,70152,16,0.9279999999999999,0.9280025838853033,1,0.0625
1253,70166,14,0.9369999999999999,0.9370017136979716,1,0.07142857142857142
1254,70182,16,0.9279999999999999,0.9280015064934355,1,0.0625
1255,70196,14,0.9369999999999999,0.9370017095486298,1,0.07142857142857142
1256,70210,14,0.9369999999999999,0.9370012346963293,1,0.07142857142857142
1257,70228,18,0.919,0.9190013393183165,1,0.05555555555555555
1258,70244,16,0.9279999999999999,0.9280011457817023,1,0.0625
1259,70260,16,0.9279999999999999,0.9280007839249262,1,0.0625
1260,70274,14,0.9369999999999999,0.9370006439224835,1,0.07142857142857142
1261,70294,20,0.91,0.9100010173748019,1,0.15
1262,70308,14,0.9369999999999999,0.9370012552856819,1,0.07142857142857142
1263,70322,14,0.9369999999999999,0.9370013953329561,1,0.07142857142857142
1264,70338,16,0.9279999999999999,0.928002994755821,1,0.0625
1265,70352,14,0.9369999999999999,0.9370020673825538,1,0.07142857142857142
1266,70368,16,0.9279999999999999,0.9280021299752931,1,0.0625
1267,70382,14,0.9369999999999999,0.9370018855112698,1,0.07142857142857142
1268,70396,14,0.9369999999999999,0.9370022279805245,1,0.07142857142857142
1269,70410,14,0.9369999999999999,0.9370029865639149,1,0.07142857142857142
1270,70426,16,0.9279999999999999,0.9280034616673841,1,0.1875
1271,70440,14,0.9369999999999999,0.9370024444089294,1,0.07142857142857142
1272,70454,14,0.9369999999999999,0.9370017304723658,1,0.07142857142857142
1273,70468,14,0.9369999999999999,0.9370013424441894,1,0.07142857142857142
1274,70482,14,0.9369999999999999,0.9370016485424285,1,0.07142857142857142
1275,70500,18,0.919,0.919001929336163,1,0.05555555555555555
1276,70514,14,0.9369999999999999,0.9370012506593479,1,0.07142857142857142
1277,70528,14,0.9369999999999999,0.9370009605994055,1,0.07142857142857142
1278,70544,16,0.9279999999999999,0.9280010425664078,1,0.0625
1279,70562,18,0.919,0.9190014409960061,1,0.05555555555555555
1280,70576,14,0.9369999999999999,0.9370010565862964,1,0.07142857142857142
1281,70590,14,0.9369999999999999,0.9370015367511472,1,0.07142857142857142
1282,70606,16,0.9279999999999999,0.9280016174868213,1,0.0625
1283,70622,16,0.9279999999999999,0.928001449035203,1,0.0625
1284,70636,14,0.9369999999999999,0.9370009480302438,1,0.07142857142857142
1285,70652,16,0.9279999999999999,0.9280030026677818,1,0.0625
1286,70666,14,0.9369999999999999,0.9370020061104607,1,0.07142857142857142
1287,70680,14,0.9369999999999999,0.9370024609066694,1,0.07142857142857142
1288,70694,14,0.9369999999999999,0.9370027158428431,1,0.07142857142857142
1289,70712,18,0.919,0.9190024592903057,1,0.05555555555555555
1290,70728,16,0.9279999999999999,0.9280017731724324,1,0.0625
1291,70744,16,0.9279999999999999,0.9280018103873332,1,0.0625
1292,70758,14,0.9369999999999999,0.9370017075871824,1,0.07142857142857142
1293,70772,14,0.9369999999999999,0.9370026958466005,1,0.07142857142857142
1294,70786,14,0.9369999999999999,0.9370027204440803,1,0.07142857142857142
1295,70804,18,0.919,0.9190031668158162,1,0.16666666666666666
1296,70820,16,0.9279999999999999,0.928003668154409,1,0.1875
1297,70836,16,0.9279999999999999,0.9280029951700742,1,0.0625
1298,70850,14,0.9369999999999999,0.9370015500025747,1,0.07142857142857142
1299,70865,15,0.9325,0.9325014107181099,1,0.06666666666666667
1300,70881,16,0.9279999999999999,0.9280014994459195,1,0.0625
1301,70897,16,0.9279999999999999,0.9280015685393336,1,0.0625
1302,70915,18,0.919,0.9190013677450841,1,0.05555555555555555
1303,70933,18,0.919,0.9190022048116919,1,0.05555555555555555
1304,70947,14,0.9369999999999999,0.9370016003015441,1,0.07142857142857142
1305,70962,15,0.9325,0.9325021899746091,1,0.06666666666666667
1306,70976,14,0.9369999999999999,0.9370026521987643,1,0.07142857142857142
1307,70994,18,0.919,0.9190023653688831,1,0.05555555555555555
1308,71010,16,0.9279999999999999,0.928002064370885,1,0.0625
1309,71024,14,0.9369999999999999,0.9370016999908367,1,0.07142857142857142
1310,71040,16,0.9279999999999999,0.9280033439388682,1,0.0625
1311,71054,14,0.9369999999999999,0.9370026307991373,1,0.07142857142857142
1312,71070,16,0.9279999999999999,0.9280031023660736,1,0.0625
1313,71086,16,0.9279999999999999,0.9280018622666142,1,0.1875
1314,71100,14,0.9369999999999999,0.9370014781745558,1,0.07142857142857142
1315,71120,20,0.91,0.910004429704034,1,0.15
1316,71138,18,0.919,0.919002851257368,1,0.05555555555555555
1317,71154,16,0.9279999999999999,0.9280023130574175,1,0.0625
1318,71168,14,0.9369999999999999,0.9370021471973925,1,0.07142857142857142
1319,71182,14,0.9369999999999999,0.9370025964667372,1,0.07142857142857142
1320,71196,14,0.9369999999999999,0.9370022763692172,1,0.07142857142857142
1321,71212,16,0.9279999999999999,0.9280028288054769,1,0.0625
1322,71228,16,0.9279999999999999,0.928001722944427,1,0.0625
1323,71242,14,0.9369999999999999,0.9370011560185413,1,0.07142857142857142
1324,71260,18,0.919,0.9190015855353326,1,0.05555555555555555
1325,71276,16,0.9279999999999999,0.9280010481582384,1,0.0625
1326,71290,14,0.9369999999999999,0.9370007711405264,1,0.07142857142857142
1327,71304,14,0.9369999999999999,0.9370007289640393,1,0.07142857142857142
1328,71318,14,0.9369999999999999,0.937000763765353,1,0.07142857142857142
1329,71335,17,0.9235,0.9235007620693233,1,0.058823529411764705
1330,71349,14,0.9369999999999999,0.9370007037665558,1,0.07142857142857142
1331,71365,16,0.9279999999999999,0.9280012433101241,1,0.0625
1332,71381,16,0.9279999999999999,0.9280015958672115,1,0.0625
1333,71397,16,0.9279999999999999,0.9280018536931307,1,0.0625
1334,71413,16,0.9279999999999999,0.9280017346493628,1,0.0625
1335,71429,16,0.9279999999999999,0.9280020760245554,1,0.0625
1336,71447,18,0.919,0.9190035728467415,1,0.05555555555555555
1337,71463,16,0.9279999999999999,0.92800392551342,1,0.0625
1338,71479,16,0.9279999999999999,0.9280038240155504,1,0.0625
1339,71497,18,0.919,0.9190045111016625,1,0.05555555555555555
1340,71513,16,0.9279999999999999,0.9280046569464012,1,0.0625
1341,71531,18,0.919,0.9190040901380521,1,0.05555555555555555
1342,71549,18,0.919,0.9190041641330864,1,0.05555555555555555
1343,71565,16,0.9279999999999999,0.9280039350347182,1,0.0625
1344,71581,16,0.9279999999999999,0.9280040654548198,1,0.0625
1345,71597,16,0.9279999999999999,0.9280038714991157,1,0.0625
1346,71613,16,0.9279999999999999,0.9280026176958971,1,0.0625
1347,71627,14,0.9369999999999999,0.9370023810783028,1,0.07142857142857142
1348,71641,14,0.9369999999999999,0.9370019065388965,1,0.07142857142857142
1349,71657,16,0.9279999999999999,0.9280020816257823,1,0.0625
1350,71671,14,0.9369999999999999,0.9370020825008791,1,0.07142857142857142
1351,71687,16,0.9279999999999999,0.9280038947323946,1,0.0625
1352,71703,16,0.9279999999999999,0.9280028767185602,1,0.0625
1353,71734,31,0.8605,0.8605034568158005,1,0.03225806451612903
1354,71752,18,0.919,0.9190016564032043,1,0.05555555555555555
1355,71768,16,0.9279999999999999,0.9280017478914243,1,0.0625
1356,71782,14,0.9369999999999999,0.9370012450441156,1,0.07142857142857142
1357,71800,18,0.919,0.9190014105737746,1,0.05555555555555555
1358,71816,16,0.9279999999999999,0.9280012497560528,1,0.1875
1359,71834,18,0.919,0.9190014960207091,1,0.05555555555555555
1360,71848,14,0.9369999999999999,0.9370006106954437,1,0.07142857142857142
1361,71864,16,0.9279999999999999,0.9280007300323909,1,0.0625
1362,71880,16,0.9279999999999999,0.9280012570428838,1,0.0625
1363,71896,16,0.9279999999999999,0.9280015248909943,1,0.0625
1364,71912,16,0.9279999999999999,0.9280013149921723,1,0.0625
1365,71926,14,0.9369999999999999,0.9370012518684085,1,0.07142857142857142
1366,71942,16,0.9279999999999999,0.928001695129445,1,0.0625
1367,71958,16,0.9279999999999999,0.9280014332336041,1,0.0625
1368,71975,17,0.9235,0.9235013063257794,1,0.058823529411764705
1369,71991,16,0.9279999999999999,0.9280009998491089,1,0.0625
1370,72007,16,0.9279999999999999,0.9280010116375729,1,0.0625
1371,72024,17,0.9235,0.9235012292764366,1,0.058823529411764705
1372,72056,32,0.856,0.8560019786378144,1,0.03125
1373,72073,17,0.9235,0.9235026957145264,1,0.058823529411764705
1374,72087,14,0.9369999999999999,0.9370017257713692,1,0.07142857142857142
1375,72101,14,0.9369999999999999,0.9370012031349229,1,0.07142857142857142
1376,72115,14,0.9369999999999999,0.937002580457684,1,0.07142857142857142
1377,72129,14,0.9369999999999999,0.9370027199754402,1,0.07142857142857142
1378,72143,14,0.9369999999999999,0.9370022116885837,1,0.07142857142857142
1379,72159,16,0.9279999999999999,0.9280023762604181,1,0.0625
1380,72175,16,0.9279999999999999,0.9280066250455629,1,0.0625
1381,72189,14,0.9369999999999999,0.937006167060835,1,0.07142857142857142
1382,72205,16,0.9279999999999999,0.9280103335613878,1,0.0625
1383,72219,14,0.9369999999999999,0.9370048435275309,1,0.07142857142857142
1384,72233,14,0.9369999999999999,0.9370047250342711,1,0.07142857142857142
1385,72249,16,0.9279999999999999,0.9280039830994183,1,0.0625
1386,72265,16,0.9279999999999999,0.9280041324116349,1,0.1875
1387,72283,18,0.919,0.9190041200971005,1,0.05555555555555555
1388,72297,14,0.9369999999999999,0.9370017502942152,1,0.07142857142857142
1389,72311,14,0.9369999999999999,0.9370013504205903,1,0.07142857142857142
1390,72325,14,0.9369999999999999,0.9370013357524037,1,0.07142857142857142
1391,72339,14,0.9369999999999999,0.9370014951454304,1,0.07142857142857142
1392,72353,14,0.9369999999999999,0.9370009920851542,1,0.07142857142857142
1393,72369,16,0.9279999999999999,0.9280012725935058,1,0.0625
1394,72383,14,0.9369999999999999,0.9370006824170874,1,0.07142857142857142
1395,72397,14,0.9369999999999999,0.9370006900146958,1,0.07142857142857142
1396,72411,14,0.9369999999999999,0.9370005431044552,1,0.07142857142857142
1397,72427,16,0.9279999999999999,0.9280006018817296,1,0.1875
1398,72441,14,0.9369999999999999,0.9370007963784012,1,0.07142857142857142
1399,72455,14,0.9369999999999999,0.9370008221180288,1,0.07142857142857142
1400,72469,14,0.9369999999999999,0.9370007315496398,1,0.07142857142857142
1401,72485,16,0.9279999999999999,0.9280017170427755,1,0.0625
1402,72499,14,0.9369999999999999,0.9370012741064799,1,0.07142857142857142
1403,72513,14,0.9369999999999999,0.9370011718472093,1,0.07142857142857142
1404,72527,14,0.9369999999999999,0.9370012581091347,1,0.07142857142857142
1405,72543,16,0.9279999999999999,0.9280011668997844,1,0.0625
1406,72557,14,0.9369999999999999,0.9370009406000332,1,0.07142857142857142
1407,72573,16,0.9279999999999999,0.9280006873157776,1,0.1875
1408,72587,14,0.9369999999999999,0.9370005654294835,1,0.07142857142857142
1409,72601,14,0.9369999999999999,0.9370014631555424,1,0.07142857142857142
1410,72619,18,0.919,0.9190021832058078,1,0.05555555555555555
1411,72635,16,0.9279999999999999,0.9280023483279565,1,0.0625
1412,72649,14,0.9369999999999999,0.9370023271401666,1,0.07142857142857142
1413,72667,18,0.919,0.9190021376304482,1,0.05555555555555555
1414,72681,14,0.9369999999999999,0.9370013903670446,1,0.07142857142857142
1415,72695,14,0.9369999999999999,0.9370014222364237,1,0.07142857142857142
1416,72709,14,0.9369999999999999,0.9370013699597114,1,0.07142857142857142
1417,72727,18,0.919,0.9190027719113256,1,0.05555555555555555
1418,72741,14,0.9369999999999999,0.9370029766069835,1,0.07142857142857142
1419,72757,16,0.9279999999999999,0.928004980609621,1,0.1875
1420,72771,14,0.9369999999999999,0.9370023662036662,1,0.07142857142857142
1421,72787,16,0.9279999999999999,0.9280048649668483,1,0.0625
1422,72801,14,0.9369999999999999,0.9370033597369889,1,0.07142857142857142
1423,72815,14,0.9369999999999999,0.9370035971544981,1,0.07142857142857142
1424,72831,16,0.9279999999999999,0.9280030081117872,1,0.0625
1425,72845,14,0.9369999999999999,0.937002016550562,1,0.07142857142857142
1426,72861,16,0.9279999999999999,0.9280022393547503,1,0.0625
1427,72877,16,0.9279999999999999,0.9280017969439093,1,0.1875
1428,72891,14,0.9369999999999999,0.9370009297595775,1,0.07142857142857142
1429,72905,14,0.9369999999999999,0.9370010460777337,1,0.07142857142857142
1430,72919,14,0.9369999999999999,0.9370006282745881,1,0.07142857142857142
1431,72935,16,0.9279999999999999,0.9280010088394829,1,0.0625
1432,72949,14,0.9369999999999999,0.9370015054022234,1,0.07142857142857142
1433,72963,14,0.9369999999999999,0.9370009762328377,1,0.07142857142857142
1434,72977,14,0.9369999999999999,0.9370006676364181,1,0.07142857142857142
1435,72991,14,0.9369999999999999,0.9370007463179061,1,0.07142857142857142
1436,73005,14,0.9369999999999999,0.9370009112610515,1,0.07142857142857142
1437,73025,20,0.91,0.9100011139956949,1,0.05
1438,73041,16,0.9279999999999999,0.9280010947680958,1,0.1875
1439,73055,14,0.9369999999999999,0.9370011606557614,1,0.07142857142857142
1440,73069,14,0.9369999999999999,0.9370011773727381,1,0.07142857142857142
1441,73085,16,0.9279999999999999,0.9280012792399389,1,0.0625
1442,73103,18,0.919,0.9190015685984582,1,0.05555555555555555
1443,73119,16,0.9279999999999999,0.9280025575189039,1,0.0625
1444,73134,15,0.9325,0.9325018549785996,1,0.06666666666666667
1445,73150,16,0.9279999999999999,0.9280021796449321,1,0.0625
1446,73164,14,0.9369999999999999,0.9370010566399448,1,0.07142857142857142
1447,73180,16,0.9279999999999999,0.9280010403425812,1,0.0625
1448,73196,16,0.9279999999999999,0.928000793179927,1,0.0625
1449,73210,14,0.9369999999999999,0.9370009702301937,1,0.07142857142857142
1450,73224,14,0.9369999999999999,0.9370015845192858,1,0.07142857142857142
1451,73238,14,0.9369999999999999,0.937001364014966,1,0.07142857142857142
1452,73252,14,0.9369999999999999,0.9370015144661855,1,0.07142857142857142
1453,73266,14,0.9369999999999999,0.9370012988366228,1,0.07142857142857142
1454,73280,14,0.9369999999999999,0.9370011349620487,1,0.07142857142857142
1455,73294,14,0.9369999999999999,0.9370016195904993,1,0.07142857142857142
1456,73308,14,0.9369999999999999,0.9370029317078002,1,0.07142857142857142
1457,73370,62,0.721,0.7210096997675456,1,0.7903225806451613
1458,73388,18,0.919,0.9190023269136721,1,0.05555555555555555
1459,73404,16,0.9279999999999999,0.9280017665935085,1,0.0625
1460,73418,14,0.9369999999999999,0.937001904775457,1,0.07142857142857142
1461,73434,16,0.9279999999999999,0.9280024613007615,1,0.0625
1462,73448,14,0.9369999999999999,0.9370028181875184,1,0.07142857142857142
1463,73506,58,0.739,0.7390144209261066,1,0.7758620689655172
1464,73524,18,0.919,0.9190034874689462,1,0.2777777777777778
1465,73538,14,0.9369999999999999,0.9370026316732999,1,0.07142857142857142
1466,73552,14,0.9369999999999999,0.9370050649293215,1,0.07142857142857142
1467,73574,22,0.901,0.9010079178151511,1,0.3181818181818182
1468,73596,22,0.901,0.901013290160971,1,0.3181818181818182
1469,73612,16,0.9279999999999999,0.9280086677247437,1,0.1875
1470,73626,14,0.9369999999999999,0.9370044493190478,1,0.07142857142857142
1471,73640,14,0.9369999999999999,0.9370027467838947,1,0.07142857142857142
1472,73664,24,0.892,0.8920051964090941,1,0.2916666666666667
1473,73680,16,0.9279999999999999,0.9280023940559643,1,0.0625
1474,73694,14,0.9369999999999999,0.9370012352010709,1,0.07142857142857142
1475,73714,20,0.91,0.9100029244997146,1,0.35
1476,73728,14,0.9369999999999999,0.9370009697823388,1,0.07142857142857142
1477,73802,74,0.667,0.6670065116523318,1,0.7702702702702703
1478,73818,16,0.9279999999999999,0.9280010911497454,1,0.0625
1479,73836,18,0.919,0.9190008194137417,1,0.2777777777777778
1480,73850,14,0.9369999999999999,0.9370005292122798,1,0.07142857142857142
1481,73866,16,0.9279999999999999,0.9280009583336237,1,0.0625
1482,73880,14,0.9369999999999999,0.937000807920388,1,0.07142857142857142
1483,73960,80,0.6399999999999999,0.6400080136147507,1,0.8125
1484,73974,14,0.9369999999999999,0.9370008735447822,1,0.07142857142857142
1485,73988,14,0.9369999999999999,0.937001270555735,1,0.07142857142857142
1486,74002,14,0.9369999999999999,0.937001628659203,1,0.07142857142857142
1487,74016,14,0.9369999999999999,0.9370013637625488,1,0.07142857142857142
1488,74030,14,0.9369999999999999,0.9370009044022819,1,0.07142857142857142
1489,74046,16,0.9279999999999999,0.9280024683281756,1,0.0625
1490,74060,14,0.9369999999999999,0.9370011658313003,1,0.07142857142857142
1491,74074,14,0.9369999999999999,0.9370011905673209,1,0.07142857142857142
1492,74088,14,0.9369999999999999,0.9370010002300599,1,0.07142857142857142
1493,74102,14,0.9369999999999999,0.9370017914288103,1,0.07142857142857142
1494,74120,18,0.919,0.9190028861999996,1,0.05555555555555555
1495,74134,14,0.9369999999999999,0.9370034372991762,1,0.07142857142857142
1496,74162,28,0.874,0.8740056246199388,1,0.03571428571428571
1497,74178,16,0.9279999999999999,0.9280032198775384,1,0.0625
1498,74192,14,0.9369999999999999,0.9370023250842326,1,0.07142857142857142
1499,74206,14,0.9369999999999999,0.9370030132003321,1,0.07142857142857142
1500,74228,22,0.901,0.9010032750741374,1,0.045454545454545456
1501,74254,26,0.883,0.8830034087256812,1,0.038461538461538464
1502,74268,14,0.9369999999999999,0.9370012244294319,1,0.07142857142857142
1503,74282,14,0.9369999999999999,0.937000828904499,1,0.07142857142857142
1504,74296,14,0.9369999999999999,0.9370007337127721,1,0.07142857142857142
1505,74314,18,0.919,0.9190009995726877,1,0.05555555555555555
1506,74331,17,0.9235,0.9235009802554338,1,0.058823529411764705
1507,74345,14,0.9369999999999999,0.9370013379120666,1,0.07142857142857142
1508,74361,16,0.9279999999999999,0.928001714783854,1,0.1875
1509,74377,16,0.9279999999999999,0.9280023817354054,1,0.0625
1510,74391,14,0.9369999999999999,0.9370015920056239,1,0.07142857142857142
1511,74407,16,0.9279999999999999,0.9280012666993457,1,0.0625
1512,74424,17,0.9235,0.9235012035480347,1,0.058823529411764705
1513,74440,16,0.9279999999999999,0.9280013277097235,1,0.0625
1514,74454,14,0.9369999999999999,0.9370009512823284,1,0.07142857142857142
1515,74472,18,0.919,0.9190012870811977,1,0.05555555555555555
1516,74486,14,0.9369999999999999,0.93700113532549,1,0.07142857142857142
1517,74514,28,0.874,0.8740018735755968,1,0.03571428571428571
1518,74530,16,0.9279999999999999,0.9280022334334633,1,0.0625
1519,74544,14,0.9369999999999999,0.9370012760287231,1,0.07142857142857142
1520,74562,18,0.919,0.919001805683834,1,0.05555555555555555
1521,74589,27,0.8785,0.8785023754140645,1,0.037037037037037035
1522,74603,14,0.9369999999999999,0.9370015761496164,1,0.07142857142857142
1523,74619,16,0.9279999999999999,0.9280016502822002,1,0.0625
1524,74649,30,0.865,0.8650062015464561,1,0.16666666666666666
1525,74663,14,0.9369999999999999,0.9370041722094932,1,0.07142857142857142
1526,74685,22,0.901,0.9010031852348143,1,0.045454545454545456
1527,74705,20,0.91,0.9100028678463365,1,0.05
1528,74719,14,0.9369999999999999,0.9370021845962883,1,0.07142857142857142
1529,74733,14,0.9369999999999999,0.9370019725268437,1,0.07142857142857142
1530,74755,22,0.901,0.9010028431181554,1,0.045454545454545456
1531,74774,19,0.9145,0.9145031508050502,1,0.05263157894736842
1532,74788,14,0.9369999999999999,0.9370018893083425,1,0.07142857142857142
1533,74806,18,0.919,0.9190033586766087,1,0.2777777777777778
1534,74822,16,0.9279999999999999,0.9280017995341412,1,0.0625
1535,74838,16,0.9279999999999999,0.9280017917755762,1,0.0625
1536,74856,18,0.919,0.9190027320858858,1,0.05555555555555555
1537,74872,16,0.9279999999999999,0.9280028644281829,1,0.1875
1538,74886,14,0.9369999999999999,0.9370022845949079,1,0.07142857142857142
1539,74902,16,0.9279999999999999,0.92800222441208,1,0.1875
1540,74923,21,0.9055,0.9055034389430674,1,0.047619047619047616
1541,74937,14,0.9369999999999999,0.9370025109966514,1,0.07142857142857142
1542,74965,28,0.874,0.874004914746826,1,0.03571428571428571
1543,74985,20,0.91,0.9100027722398105,1,0.05
1544,75008,23,0.8965,0.8965026992172229,1,0.043478260869565216
1545,75022,14,0.9369999999999999,0.9370012316869776,1,0.07142857142857142
1546,75052,30,0.865,0.8650034549936165,1,0.5
1547,75066,14,0.9369999999999999,0.9370010186717539,1,0.07142857142857142
1548,75082,16,0.9279999999999999,0.928001998061705,1,0.0625
1549,75100,18,0.919,0.9190015873138014,1,0.16666666666666666
1550,75114,14,0.9369999999999999,0.9370012173755673,1,0.07142857142857142
1551,75130,16,0.9279999999999999,0.9280016393317939,1,0.0625
1552,75144,14,0.9369999999999999,0.9370025657329261,1,0.07142857142857142
1553,75162,18,0.919,0.9190023884090778,1,0.05555555555555555
1554,75176,14,0.9369999999999999,0.9370015768651803,1,0.07142857142857142
1555,75190,14,0.9369999999999999,0.9370014990913969,1,0.07142857142857142
1556,75204,14,0.9369999999999999,0.9370015066335436,1,0.07142857142857142
1557,75218,14,0.9369999999999999,0.937002400379414,1,0.07142857142857142
1558,75232,14,0.9369999999999999,0.9370015080765458,1,0.07142857142857142
1559,75250,18,0.919,0.9190022318048614,1,0.05555555555555555
1560,75264,14,0.9369999999999999,0.9370015052067998,1,0.07142857142857142
1561,75278,14,0.9369999999999999,0.9370016292310395,1,0.07142857142857142
1562,75294,16,0.9279999999999999,0.9280028114120421,1,0.0625
1563,75308,14,0.9369999999999999,0.9370018806565638,1,0.07142857142857142
1564,75328,20,0.91,0.9100025889617015,1,0.05
1565,75342,14,0.9369999999999999,0.9370013532845385,1,0.07142857142857142
1566,75358,16,0.9279999999999999,0.9280010742024353,1,0.0625
1567,75375,17,0.9235,0.9235010212150434,1,0.058823529411764705
1568,75389,14,0.9369999999999999,0.9370009044019377,1,0.07142857142857142
1569,75403,14,0.9369999999999999,0.937000943041917,1,0.07142857142857142
1570,75417,14,0.9369999999999999,0.9370006914048398,1,0.07142857142857142
1571,75433,16,0.9279999999999999,0.9280008685415276,1,0.0625
1572,75451,18,0.919,0.9190016507798184,1,0.05555555555555555
1573,75465,14,0.9369999999999999,0.9370015965229324,1,0.07142857142857142
1574,75481,16,0.9279999999999999,0.9280010974027006,1,0.0625
1575,75495,14,0.9369999999999999,0.9370013974242825,1,0.07142857142857142
1576,75511,16,0.9279999999999999,0.9280027244722936,1,0.0625
1577,75531,20,0.91,0.910002384144868,1,0.25
1578,75545,14,0.9369999999999999,0.9370015202432042,1,0.07142857142857142
1579,75559,14,0.9369999999999999,0.9370017783060782,1,0.07142857142857142
1580,75573,14,0.9369999999999999,0.9370021124643034,1,0.07142857142857142
1581,75587,14,0.9369999999999999,0.9370016712772998,1,0.07142857142857142
1582,75603,16,0.9279999999999999,0.9280031771500022,1,0.1875
1583,75617,14,0.9369999999999999,0.9370025586832955,1,0.07142857142857142
1584,75635,18,0.919,0.9190027029107889,1,0.05555555555555555
1585,75649,14,0.9369999999999999,0.9370015503547946,1,0.07142857142857142
1586,75663,14,0.9369999999999999,0.9370011600499513,1,0.07142857142857142
1587,75679,16,0.9279999999999999,0.9280017029407903,1,0.0625
1588,75693,14,0.9369999999999999,0.9370017803678534,1,0.07142857142857142
1589,75707,14,0.9369999999999999,0.9370015984508495,1,0.07142857142857142
1590,75721,14,0.9369999999999999,0.9370017809841683,1,0.07142857142857142
1591,75735,14,0.9369999999999999,0.9370022363923407,1,0.07142857142857142
1592,75751,16,0.9279999999999999,0.9280021669994509,1,0.0625
1593,75765,14,0.9369999999999999,0.9370027748185388,1,0.07142857142857142
1594,75782,17,0.9235,0.9235037849263756,1,0.058823529411764705
1595,75796,14,0.9369999999999999,0.9370024434109879,1,0.07142857142857142
1596,75812,16,0.9279999999999999,0.9280018631510969,1,0.0625
1597,75826,14,0.9369999999999999,0.9370014492802662,1,0.07142857142857142
1598,75840,14,0.9369999999999999,0.9370011907959587,1,0.07142857142857142
1599,75856,16,0.9279999999999999,0.9280015939157358,1,0.1875
1600,75871,15,0.9325,0.9325012958414212,1,0.06666666666666667
1601,75887,16,0.9279999999999999,0.9280018411743619,1,0.0625
1602,75903,16,0.9279999999999999,0.9280022376521322,1,0.0625
1603,75917,14,0.9369999999999999,0.9370021971093142,1,0.07142857142857142
1604,75931,14,0.9369999999999999,0.9370021615964821,1,0.07142857142857142
1605,75947,16,0.9279999999999999,0.9280028187254591,1,0.0625
1606,75961,14,0.9369999999999999,0.9370037253113731,1,0.07142857142857142
1607,75977,16,0.9279999999999999,0.9280031066523574,1,0.0625
1608,75993,16,0.9279999999999999,0.9280024975400234,1,0.0625
1609,76007,14,0.9369999999999999,0.937001154186155,1,0.07142857142857142
1610,76023,16,0.9279999999999999,0.9280010441521166,1,0.1875
1611,76086,63,0.7164999999999999,0.716503626853919,1,0.015873015873015872
1612,76136,50,0.775,0.7750050838484489,1,0.02
1613,76152,16,0.9279999999999999,0.9280015581032082,1,0.0625
1614,76166,14,0.9369999999999999,0.9370011472096783,1,0.07142857142857142
1615,76195,29,0.8694999999999999,0.8695033462248963,1,0.034482758620689655
1616,76244,49,0.7795,0.7795041985178498,1,0.02040816326530612
1617,76262,18,0.919,0.9190018520871216,1,0.05555555555555555
1618,76284,22,0.901,0.9010026347355511,1,0.045454545454545456
1619,76312,28,0.874,0.874002823897624,1,0.03571428571428571
1620,76328,16,0.9279999999999999,0.928001197134111,1,0.0625
1621,76342,14,0.9369999999999999,0.937001009092877,1,0.07142857142857142
1622,76432,90,0.595,0.5950096496751163,1,0.011111111111111112
1623,76512,80,0.6399999999999999,0.6400116490486374,1,0.0125
1624,76526,14,0.9369999999999999,0.9370030851212381,1,0.07142857142857142
1625,76592,66,0.703,0.7030134225330186,1,0.015151515151515152
1626,76610,18,0.919,0.9190028900735971,1,0.05555555555555555
1627,76638,28,0.874,0.8740034062775255,1,0.03571428571428571
1628,76732,94,0.577,0.5770109540245364,1,0.010638297872340425
1629,76746,14,0.9369999999999999,0.937001174917236,1,0.07142857142857142
1630,76792,46,0.7929999999999999,0.793004357116687,1,0.021739130434782608
1631,76812,20,0.91,0.9100019505522239,1,0.05
1632,76886,74,0.667,0.6670054058515144,1,0.013513513513513514
1633,76902,16,0.9279999999999999,0.9280017433729613,1,0.0625
1634,76986,84,0.622,0.6220357116363735,1,0.011904761904761904
1635,77012,26,0.883,0.8830048986048573,1,0.11538461538461539
1636,77028,16,0.9279999999999999,0.9280021512144305,1,0.0625
1637,77042,14,0.9369999999999999,0.9370016695033814,1,0.07142857142857142
1638,77056,14,0.9369999999999999,0.9370013396447086,1,0.07142857142857142
1639,77070,14,0.9369999999999999,0.9370010669173912,1,0.07142857142857142
1640,77084,14,0.9369999999999999,0.9370009232376607,1,0.07142857142857142
1641,77098,14,0.9369999999999999,0.9370007979229307,1,0.07142857142857142
1642,77112,14,0.9369999999999999,0.9370010236393759,1,0.07142857142857142
1643,77126,14,0.9369999999999999,0.9370006447708272,1,0.07142857142857142
1644,77140,14,0.9369999999999999,0.9370007788339474,1,0.07142857142857142
1645,77154,14,0.9369999999999999,0.9370006678518686,1,0.07142857142857142
1646,77170,16,0.9279999999999999,0.928000757035733,1,0.1875
1647,77186,16,0.9279999999999999,0.9280005670442358,1,0.0625
1648,77206,20,0.91,0.9100009426601011,1,0.05
1649,77222,16,0.9279999999999999,0.9280008372202184,1,0.0625
1650,77236,14,0.9369999999999999,0.9370004484464196,1,0.07142857142857142
1651,77250,14,0.9369999999999999,0.9370004327731077,1,0.07142857142857142
1652,77264,14,0.9369999999999999,0.9370005293477137,1,0.07142857142857142
1653,77280,16,0.9279999999999999,0.9280005239728594,1,0.0625
1654,77296,16,0.9279999999999999,0.928000559634654,1,0.0625
1655,77326,30,0.865,0.8650015710153948,1,0.03333333333333333
1656,77340,14,0.9369999999999999,0.9370006398595676,1,0.07142857142857142
1657,77362,22,0.901,0.9010008727855505,1,0.045454545454545456
1658,77378,16,0.9279999999999999,0.9280011881850788,1,0.1875
1659,77400,22,0.901,0.9010014470487346,1,0.045454545454545456
1660,77421,21,0.9055,0.9055016143586905,1,0.047619047619047616
1661,77435,14,0.9369999999999999,0.9370020591135895,1,0.07142857142857142
1662,77449,14,0.9369999999999999,0.9370023763013183,1,0.07142857142857142
1663,77463,14,0.9369999999999999,0.9370018037190269,1,0.07142857142857142
1664,77487,24,0.892,0.8920041479899882,1,0.125
1665,77599,112,0.4959999999999999,0.49601270717936696,1,0.008928571428571428
1666,77615,16,0.9279999999999999,0.9280024650011531,1,0.0625
1667,77629,14,0.9369999999999999,0.9370018668593653,1,0.07142857142857142
1668,77643,14,0.9369999999999999,0.9370016395659619,1,0.07142857142857142
1669,77657,14,0.9369999999999999,0.9370014133890023,1,0.07142857142857142
1670,77673,16,0.9279999999999999,0.9280016154804823,1,0.0625
1671,77725,52,0.766,0.7660041374882501,1,0.019230769230769232
1672,77739,14,0.9369999999999999,0.9370008572128468,1,0.07142857142857142
1673,77755,16,0.9279999999999999,0.928000853447458,1,0.0625
1674,77777,22,0.901,0.901001420056905,1,0.13636363636363635
1675,77818,41,0.8155,0.8155021255929737,1,0.024390243902439025
1676,77836,18,0.919,0.9190009427827551,1,0.05555555555555555
1677,77850,14,0.9369999999999999,0.9370015347936186,1,0.07142857142857142
1678,77866,16,0.9279999999999999,0.9280021834236932,1,0.0625
1679,77882,16,0.9279999999999999,0.9280016972544689,1,0.0625
1680,77904,22,0.901,0.9010026562399304,1,0.045454545454545456
1681,77918,14,0.9369999999999999,0.9370024184037773,1,0.07142857142857142
1682,77950,32,0.856,0.8560071096484466,1,0.03125
1683,77968,18,0.919,0.9190048629509937,1,0.05555555555555555
1684,77984,16,0.9279999999999999,0.9280053930000612,1,0.0625
1685,77998,14,0.9369999999999999,0.9370049057615031,1,0.07142857142857142
1686,78012,14,0.9369999999999999,0.9370042900602721,1,0.07142857142857142
1687,78026,14,0.9369999999999999,0.937003937359508,1,0.07142857142857142
1688,78048,22,0.901,0.9010029840904549,1,0.045454545454545456
1689,78066,18,0.919,0.9190017335568541,1,0.05555555555555555
1690,78080,14,0.9369999999999999,0.9370011734033674,1,0.07142857142857142
1691,78096,16,0.9279999999999999,0.9280010888000758,1,0.0625
1692,78110,14,0.9369999999999999,0.937000992313878,1,0.07142857142857142
1693,78124,14,0.9369999999999999,0.9370015423184885,1,0.07142857142857142
1694,78138,14,0.9369999999999999,0.9370017805521147,1,0.07142857142857142
1695,78152,14,0.9369999999999999,0.937001385810949,1,0.07142857142857142
1696,78166,14,0.9369999999999999,0.937002367762237,1,0.07142857142857142
1697,78180,14,0.9369999999999999,0.9370026813183614,1,0.07142857142857142
1698,78194,14,0.9369999999999999,0.9370022622343672,1,0.07142857142857142
1699,78208,14,0.9369999999999999,0.9370027158838108,1,0.07142857142857142
1700,78224,16,0.9279999999999999,0.9280035264229765,1,0.0625
1701,78238,14,0.9369999999999999,0.9370017203334621,1,0.07142857142857142
1702,78252,14,0.9369999999999999,0.9370014343921351,1,0.07142857142857142
1703,78272,20,0.91,0.9100029953919971,1,0.25
1704,78286,14,0.9369999999999999,0.9370014459584703,1,0.07142857142857142
1705,78300,14,0.9369999999999999,0.9370017614128211,1,0.07142857142857142
1706,78314,14,0.9369999999999999,0.937001567649642,1,0.07142857142857142
1707,78328,14,0.9369999999999999,0.937002855332723,1,0.07142857142857142
1708,78386,58,0.739,0.7390107784687172,1,0.017241379310344827
1709,78400,14,0.9369999999999999,0.9370012966639506,1,0.07142857142857142
1710,78414,14,0.9369999999999999,0.9370013531935591,1,0.07142857142857142
1711,78428,14,0.9369999999999999,0.937001445507553,1,0.07142857142857142
1712,78460,32,0.856,0.8560031259805183,1,0.03125
1713,78474,14,0.9369999999999999,0.9370016912588509,1,0.07142857142857142
1714,78488,14,0.9369999999999999,0.9370017143760634,1,0.07142857142857142
1715,78506,18,0.919,0.9190024776485807,1,0.05555555555555555
1716,78520,14,0.9369999999999999,0.9370011262895434,1,0.07142857142857142
1717,78536,16,0.9279999999999999,0.9280011830243182,1,0.0625
1718,78550,14,0.9369999999999999,0.9370011172954373,1,0.07142857142857142
1719,78564,14,0.9369999999999999,0.937001023389345,1,0.07142857142857142
1720,78580,16,0.9279999999999999,0.9280020864003298,1,0.0625
1721,78594,14,0.9369999999999999,0.9370017592818835,1,0.07142857142857142
1722,78608,14,0.9369999999999999,0.9370017320556595,1,0.07142857142857142
1723,78642,34,0.847,0.8470054641036465,1,0.029411764705882353
1724,78656,14,0.9369999999999999,0.9370017377493977,1,0.07142857142857142
1725,78674,18,0.919,0.919001833388111,1,0.05555555555555555
1726,78688,14,0.9369999999999999,0.9370009872670461,1,0.07142857142857142
1727,78702,14,0.9369999999999999,0.937001554403576,1,0.07142857142857142
1728,78716,14,0.9369999999999999,0.9370016978038227,1,0.07142857142857142
1729,78734,18,0.919,0.9190019008272329,1,0.05555555555555555
1730,78754,20,0.91,0.9100015338066003,1,0.05
1731,78804,50,0.775,0.7750030465635813,1,0.02
1732,78818,14,0.9369999999999999,0.9370007491739827,1,0.07142857142857142
1733,78832,14,0.9369999999999999,0.9370007528503449,1,0.07142857142857142
1734,78846,14,0.9369999999999999,0.9370011776680196,1,0.07142857142857142
1735,78862,16,0.9279999999999999,0.9280021344278139,1,0.1875
1736,78876,14,0.9369999999999999,0.937001879090764,1,0.07142857142857142
1737,78892,16,0.9279999999999999,0.9280012586327755,1,0.0625
1738,78906,14,0.9369999999999999,0.9370015334582066,1,0.07142857142857142
1739,78920,14,0.9369999999999999,0.9370011951604699,1,0.07142857142857142
1740,78934,14,0.9369999999999999,0.9370011475021565,1,0.07142857142857142
1741,78948,14,0.9369999999999999,0.9370010742241344,1,0.07142857142857142
1742,78964,16,0.9279999999999999,0.9280011201514193,1,0.0625
1743,78982,18,0.919,0.9190018394408809,1,0.05555555555555555
1744,78996,14,0.9369999999999999,0.9370009147932852,1,0.07142857142857142
1745,79012,16,0.9279999999999999,0.928001311058532,1,0.0625
1746,79026,14,0.9369999999999999,0.9370010147125684,1,0.07142857142857142
1747,79078,52,0.766,0.7660055409021466,1,0.057692307692307696
1748,79111,33,0.8514999999999999,0.8515069668609282,1,0.09090909090909091
1749,79125,14,0.9369999999999999,0.937001782031393,1,0.07142857142857142
1750,79230,105,0.5275,0.5275123159992658,1,0.009523809523809525
1751,79283,53,0.7615,0.7615064076091104,1,0.018867924528301886
1752,79297,14,0.9369999999999999,0.9370018955908617,1,0.07142857142857142
1753,79311,14,0.9369999999999999,0.9370051930848788,1,0.07142857142857142
1754,79343,32,0.856,0.8560130845978683,1,0.03125
1755,79359,16,0.9279999999999999,0.9280049498390577,1,0.0625
1756,79375,16,0.9279999999999999,0.9280062147022093,1,0.0625
1757,79391,16,0.9279999999999999,0.9280029479514791,1,0.0625
1758,79455,64,0.712,0.7120066500377686,1,0.015625
1759,79471,16,0.9279999999999999,0.928000863888842,1,0.0625
1760,79485,14,0.9369999999999999,0.9370006356784347,1,0.07142857142857142
1761,79538,53,0.7615,0.761503587656701,1,0.018867924528301886
1762,79590,52,0.766,0.7660045159847859,1,0.019230769230769232
1763,79604,14,0.9369999999999999,0.9370007412361425,1,0.07142857142857142
1764,79622,18,0.919,0.919000654691953,1,0.16666666666666666
1765,79636,14,0.9369999999999999,0.9370007792140519,1,0.07142857142857142
1766,79652,16,0.9279999999999999,0.9280011385473717,1,0.1875
1767,79726,74,0.667,0.6670089732460501,1,0.013513513513513514
1768,79740,14,0.9369999999999999,0.9370009902780035,1,0.07142857142857142
1769,79756,16,0.9279999999999999,0.9280015002361383,1,0.0625
1770,79772,16,0.9279999999999999,0.928001310892789,1,0.0625
1771,79802,30,0.865,0.8650034493810862,1,0.03333333333333333
1772,79874,72,0.6759999999999999,0.676017862261239,1,0.013888888888888888
1773,79890,16,0.9279999999999999,0.9280017236784348,1,0.0625
1774,79904,14,0.9369999999999999,0.937001200893208,1,0.07142857142857142
1775,79918,14,0.9369999999999999,0.9370009670585627,1,0.07142857142857142
1776,79932,14,0.9369999999999999,0.9370009278152573,1,0.07142857142857142
1777,79948,16,0.9279999999999999,0.928001020935883,1,0.0625
1778,79976,28,0.874,0.8740014893035234,1,0.03571428571428571
1779,79992,16,0.9279999999999999,0.9280008613539763,1,0.0625
1780,80006,14,0.9369999999999999,0.9370007473799119,1,0.07142857142857142
1781,80020,14,0.9369999999999999,0.937000547690155,1,0.07142857142857142
1782,80038,18,0.919,0.9190007286407741,1,0.05555555555555555
1783,80056,18,0.919,0.9190015133216691,1,0.05555555555555555
1784,80070,14,0.9369999999999999,0.9370031625065197,1,0.07142857142857142
1785,80084,14,0.9369999999999999,0.9370024075532731,1,0.07142857142857142
1786,80098,14,0.9369999999999999,0.9370028254733488,1,0.07142857142857142
1787,80112,14,0.9369999999999999,0.9370040697909094,1,0.07142857142857142
1788,80128,16,0.9279999999999999,0.928003601532733,1,0.0625
1789,80144,16,0.9279999999999999,0.9280035098798504,1,0.0625
1790,80158,14,0.9369999999999999,0.9370034887660429,1,0.07142857142857142
1791,80172,14,0.9369999999999999,0.9370035691035985,1,0.07142857142857142
1792,80186,14,0.9369999999999999,0.937002622684269,1,0.07142857142857142
1793,80200,14,0.9369999999999999,0.9370016175705342,1,0.07142857142857142
1794,80214,14,0.9369999999999999,0.9370015719912126,1,0.07142857142857142
1795,80231,17,0.9235,0.9235012918418619,1,0.058823529411764705
1796,80245,14,0.9369999999999999,0.9370008655288256,1,0.07142857142857142
1797,80259,14,0.9369999999999999,0.9370008057738562,1,0.07142857142857142
1798,80273,14,0.9369999999999999,0.9370005916838607,1,0.07142857142857142
1799,80289,16,0.9279999999999999,0.9280006268946791,1,0.0625
1800,80303,14,0.9369999999999999,0.9370013725701367,1,0.07142857142857142
1801,80317,14,0.9369999999999999,0.9370017426894223,1,0.07142857142857142
1802,80331,14,0.9369999999999999,0.9370016984863707,1,0.07142857142857142
1803,80353,22,0.901,0.9010029938130817,1,0.045454545454545456
1804,80379,26,0.883,0.8830038620674081,1,0.038461538461538464
1805,80395,16,0.9279999999999999,0.9280016533371608,1,0.0625
1806,80409,14,0.9369999999999999,0.9370009573465947,1,0.07142857142857142
1807,80425,16,0.9279999999999999,0.9280010219083448,1,0.0625
1808,80439,14,0.9369999999999999,0.9370016104838172,1,0.07142857142857142
1809,80455,16,0.9279999999999999,0.928003905423932,1,0.0625
1810,80469,14,0.9369999999999999,0.9370037143877687,1,0.07142857142857142
1811,80483,14,0.9369999999999999,0.9370036666837636,1,0.07142857142857142
1812,80499,16,0.9279999999999999,0.9280051605872117,1,0.0625
1813,80515,16,0.9279999999999999,0.928003193976571,1,0.0625
1814,80529,14,0.9369999999999999,0.9370037257215891,1,0.07142857142857142
1815,80544,15,0.9325,0.9325034628680178,1,0.06666666666666667
1816,80558,14,0.9369999999999999,0.9370020577695015,1,0.07142857142857142
1817,80574,16,0.9279999999999999,0.9280020544882299,1,0.0625
1818,80588,14,0.9369999999999999,0.937001309078116,1,0.07142857142857142
1819,80612,24,0.892,0.892002709977473,1,0.041666666666666664
1820,80628,16,0.9279999999999999,0.9280015643702954,1,0.0625
1821,80642,14,0.9369999999999999,0.9370012712426316,1,0.07142857142857142
1822,80656,14,0.9369999999999999,0.9370012811422035,1,0.07142857142857142
1823,80670,14,0.9369999999999999,0.9370018533530562,1,0.07142857142857142
1824,80688,18,0.919,0.9190021594549245,1,0.16666666666666666
1825,80702,14,0.9369999999999999,0.9370010296614043,1,0.07142857142857142
1826,80716,14,0.9369999999999999,0.9370007880307543,1,0.07142857142857142
1827,80732,16,0.9279999999999999,0.9280008055332299,1,0.0625
1828,80784,52,0.766,0.7660023941030193,1,0.019230769230769232
1829,80798,14,0.9369999999999999,0.9370005135941698,1,0.07142857142857142
1830,80812,14,0.9369999999999999,0.937000452946419,1,0.07142857142857142
1831,80826,14,0.9369999999999999,0.937000537728139,1,0.07142857142857142
1832,80852,26,0.883,0.8830009684994621,1,0.038461538461538464
1833,80866,14,0.9369999999999999,0.9370005415318151,1,0.07142857142857142
1834,80882,16,0.9279999999999999,0.9280009703430965,1,0.0625
1835,80898,16,0.9279999999999999,0.9280011014425683,1,0.0625
1836,80950,52,0.766,0.7660033093827505,1,0.019230769230769232
1837,80966,16,0.9279999999999999,0.9280008580388248,1,0.0625
1838,80980,14,0.9369999999999999,0.9370009827364172,1,0.07142857142857142
1839,80996,16,0.9279999999999999,0.9280014662208138,1,0.0625
1840,81010,14,0.9369999999999999,0.9370015060604631,1,0.07142857142857142
1841,81026,16,0.9279999999999999,0.9280024935467791,1,0.0625
1842,81040,14,0.9369999999999999,0.937004720690557,1,0.07142857142857142
1843,81054,14,0.9369999999999999,0.9370047726789501,1,0.07142857142857142
1844,81068,14,0.9369999999999999,0.9370088289238508,1,0.07142857142857142
1845,81082,14,0.9369999999999999,0.9370050250606291,1,0.07142857142857142
1846,81098,16,0.9279999999999999,0.9280049450483594,1,0.1875
1847,81114,16,0.9279999999999999,0.9280048544177624,1,0.0625
1848,81130,16,0.9279999999999999,0.9280036526569064,1,0.0625
1849,81148,18,0.919,0.9190033433212029,1,0.2777777777777778
1850,81164,16,0.9279999999999999,0.9280025975120961,1,0.0625
1851,81180,16,0.9279999999999999,0.9280026010467941,1,0.0625
1852,81194,14,0.9369999999999999,0.9370027888555068,1,0.07142857142857142
1853,81214,20,0.91,0.9100030918327402,1,0.05
1854,81228,14,0.9369999999999999,0.9370014401697161,1,0.07142857142857142
1855,81242,14,0.9369999999999999,0.9370018206248838,1,0.07142857142857142
1856,81256,14,0.9369999999999999,0.9370010564312357,1,0.07142857142857142
1857,81272,16,0.9279999999999999,0.9280018683512319,1,0.1875
1858,81286,14,0.9369999999999999,0.9370013512562818,1,0.07142857142857142
1859,81302,16,0.9279999999999999,0.9280012748166137,1,0.0625
1860,81316,14,0.9369999999999999,0.9370007305115037,1,0.07142857142857142
1861,81332,16,0.9279999999999999,0.9280008813930124,1,0.0625
1862,81346,14,0.9369999999999999,0.9370008811352433,1,0.07142857142857142
1863,81360,14,0.9369999999999999,0.9370012576449233,1,0.07142857142857142
1864,81374,14,0.9369999999999999,0.9370010374971225,1,0.07142857142857142
1865,81388,14,0.9369999999999999,0.9370010917520653,1,0.07142857142857142
1866,81404,16,0.9279999999999999,0.9280012095620019,1,0.0625
1867,81418,14,0.9369999999999999,0.9370012804965617,1,0.07142857142857142
1868,81436,18,0.919,0.9190015923409854,1,0.05555555555555555
1869,81450,14,0.9369999999999999,0.9370013925093087,1,0.07142857142857142
1870,81464,14,0.9369999999999999,0.9370014011660764,1,0.07142857142857142
1871,81480,16,0.9279999999999999,0.9280015255497452,1,0.0625
1872,81496,16,0.9279999999999999,0.9280026630069342,1,0.0625
1873,81510,14,0.9369999999999999,0.9370011807951899,1,0.07142857142857142
1874,81524,14,0.9369999999999999,0.9370014024832073,1,0.07142857142857142
1875,81538,14,0.9369999999999999,0.9370017307571561,1,0.07142857142857142
1876,81554,16,0.9279999999999999,0.928002527562798,1,0.0625
1877,81570,16,0.9279999999999999,0.9280022142107696,1,0.0625
1878,81584,14,0.9369999999999999,0.9370020621359525,1,0.07142857142857142
1879,81600,16,0.9279999999999999,0.928002323575049,1,0.0625
1880,81614,14,0.9369999999999999,0.9370018870259424,1,0.07142857142857142
1881,81628,14,0.9369999999999999,0.9370010341365803,1,0.07142857142857142
1882,81642,14,0.9369999999999999,0.9370012736281235,1,0.07142857142857142
1883,81662,20,0.91,0.9100011279256511,1,0.05
1884,81676,14,0.9369999999999999,0.937001331212105,1,0.07142857142857142
1885,81690,14,0.9369999999999999,0.9370010340432733,1,0.07142857142857142
1886,81706,16,0.9279999999999999,0.928001443050186,1,0.1875
1887,81720,14,0.9369999999999999,0.9370012549956823,1,0.07142857142857142
1888,81734,14,0.9369999999999999,0.9370012922907895,1,0.07142857142857142
1889,81748,14,0.9369999999999999,0.9370015330415127,1,0.07142857142857142
1890,81762,14,0.9369999999999999,0.9370016414393015,1,0.07142857142857142
1891,81776,14,0.9369999999999999,0.9370011143593698,1,0.07142857142857142
1892,81790,14,0.9369999999999999,0.9370010322692793,1,0.07142857142857142
1893,81808,18,0.919,0.9190010844429711,1,0.05555555555555555
1894,81828,20,0.91,0.9100011778937702,1,0.05
1895,81846,18,0.919,0.9190017935989355,1,0.05555555555555555
1896,81860,14,0.9369999999999999,0.937001879830609,1,0.07142857142857142
1897,81874,14,0.9369999999999999,0.9370012396882389,1,0.07142857142857142
1898,81888,14,0.9369999999999999,0.9370013382081278,1,0.07142857142857142
1899,81906,18,0.919,0.9190021367226465,1,0.05555555555555555
1900,81920,14,0.9369999999999999,0.9370018693778678,1,0.07142857142857142
1901,81934,14,0.9369999999999999,0.9370017235842258,1,0.07142857142857142
1902,81948,14,0.9369999999999999,0.9370038242169908,1,0.07142857142857142
1903,81962,14,0.9369999999999999,0.9370090980245538,1,0.07142857142857142
1904,81978,16,0.9279999999999999,0.9280083223282629,1,0.0625
1905,81992,14,0.9369999999999999,0.9370050470702876,1,0.07142857142857142
1906,82008,16,0.9279999999999999,0.9280049836366318,1,0.0625
1907,82025,17,0.9235,0.9235045750550545,1,0.058823529411764705
1908,82039,14,0.9369999999999999,0.9370020474792894,1,0.07142857142857142
1909,82053,14,0.9369999999999999,0.937001471836798,1,0.07142857142857142
1910,82067,14,0.9369999999999999,0.937001203105141,1,0.07142857142857142
1911,82081,14,0.9369999999999999,0.9370007064059682,1,0.07142857142857142
1912,82095,14,0.9369999999999999,0.9370004916814577,1,0.07142857142857142
1913,82112,17,0.9235,0.9235005752550763,1,0.058823529411764705
1914,82188,76,0.6579999999999999,0.6580026312555541,1,0.013157894736842105
1915,82278,90,0.595,0.5950058086866328,1,0.011111111111111112
1916,82306,28,0.874,0.8740012408389027,1,0.03571428571428571
1917,82320,14,0.9369999999999999,0.9370006772100757,1,0.07142857142857142
1918,82338,18,0.919,0.9190011818071151,1,0.16666666666666666
1919,82352,14,0.9369999999999999,0.9370011110932366,1,0.07142857142857142
1920,82368,16,0.9279999999999999,0.9280028958949991,1,0.0625
1921,82384,16,0.9279999999999999,0.9280018450065591,1,0.0625
1922,82398,14,0.9369999999999999,0.9370014204050051,1,0.07142857142857142
1923,82454,56,0.748,0.7480068933908297,1,0.017857142857142856
1924,82471,17,0.9235,0.9235030033491058,1,0.058823529411764705
1925,82485,14,0.9369999999999999,0.9370028284964034,1,0.07142857142857142
1926,82501,16,0.9279999999999999,0.928003574957664,1,0.0625
1927,82517,16,0.9279999999999999,0.928002828894365,1,0.0625
1928,82533,16,0.9279999999999999,0.928002287317911,1,0.0625
1929,82547,14,0.9369999999999999,0.9370018125722054,1,0.07142857142857142
1930,82638,91,0.5905,0.5905110420384391,1,0.01098901098901099
1931,82658,20,0.91,0.9100021121065565,1,0.05
1932,82672,14,0.9369999999999999,0.937002045327963,1,0.07142857142857142
1933,82688,16,0.9279999999999999,0.9280018990769966,1,0.0625
1934,82708,20,0.91,0.9100021028108911,1,0.05
1935,82722,14,0.9369999999999999,0.9370014965227276,1,0.07142857142857142
1936,82738,16,0.9279999999999999,0.928001295120555,1,0.0625
1937,82756,18,0.919,0.9190013255185051,1,0.05555555555555555
1938,82770,14,0.9369999999999999,0.9370010480269789,1,0.07142857142857142
1939,82784,14,0.9369999999999999,0.9370011143073231,1,0.07142857142857142
1940,82800,16,0.9279999999999999,0.928001694234271,1,0.0625
1941,82822,22,0.901,0.9010018757161692,1,0.045454545454545456
1942,82838,16,0.9279999999999999,0.9280009144430578,1,0.1875
1943,82852,14,0.9369999999999999,0.9370015784961411,1,0.07142857142857142
1944,82866,14,0.9369999999999999,0.9370020751533682,1,0.07142857142857142
1945,82886,20,0.91,0.910003100845763,1,0.05
1946,82900,14,0.9369999999999999,0.9370016084571458,1,0.07142857142857142
1947,82920,20,0.91,0.9100021744895991,1,0.05
1948,83007,87,0.6085,0.6085105273951203,1,0.011494252873563218
1949,83029,22,0.901,0.9010018714019036,1,0.045454545454545456
1950,83076,47,0.7885,0.7885027488090044,1,0.02127659574468085
1951,83106,30,0.865,0.8650019899027288,1,0.03333333333333333
1952,83204,98,0.5589999999999999,0.5590174647233603,1,0.01020408163265306
1953,83251,47,0.7885,0.7885160985290068,1,0.02127659574468085
1954,83267,16,0.9279999999999999,0.9280053873085831,1,0.1875
1955,83281,14,0.9369999999999999,0.9370033179249729,1,0.07142857142857142
1956,83303,22,0.901,0.9010101027684487,1,0.045454545454545456
1957,83339,36,0.838,0.8380039675107227,1,0.027777777777777776
1958,83441,102,0.5409999999999999,0.5410141971381038,1,0.12745098039215685
1959,83471,30,0.865,0.8650093444253659,1,0.1
1960,83643,172,0.22599999999999998,0.2260161707653407,1,0.3081395348837209
1961,83659,16,0.9279999999999999,0.9280005091004248,1,0.1875
1962,83786,127,0.4285,0.42851187464379736,1,0.007874015748031496
1963,83926,140,0.37,0.37003898111522004,1,0.007142857142857143
1964,84126,200,0.0,3.241305034513618e-05,0,0.145
1965,84251,125,0.4375,0.4375143717277226,1,0.008
1966,84365,114,0.487,0.48701188387433214,1,0.008771929824561403
1967,84433,68,0.694,0.694010940426871,1,0.014705882352941176
1968,84461,28,0.874,0.8740061015587678,1,0.03571428571428571
1969,84539,78,0.649,0.6490165168466678,1,0.01282051282051282
1970,84656,117,0.47350000000000003,0.4735142771978605,1,0.008547008547008548
1971,84806,150,0.32499999999999996,0.32501477749578883,1,0.02666666666666667
1972,84826,20,0.91,0.9100026109541999,1,0.05
1973,84862,36,0.838,0.8380036406943665,1,0.027777777777777776
1974,84972,110,0.5049999999999999,0.5050111672735647,1,0.00909090909090909
1975,85010,38,0.829,0.8290029863312092,1,0.02631578947368421
1976,85028,18,0.919,0.9190016838934327,1,0.05555555555555555
1977,85046,18,0.919,0.9190018530644063,1,0.16666666666666666
1978,85060,14,0.9369999999999999,0.9370017527733703,1,0.07142857142857142
1979,85074,14,0.9369999999999999,0.9370029872561935,1,0.07142857142857142
1980,85088,14,0.9369999999999999,0.9370059782294989,1,0.07142857142857142
1981,85102,14,0.9369999999999999,0.9370048851778477,1,0.07142857142857142
1982,85124,22,0.901,0.9010115699047769,1,0.045454545454545456
1983,85174,50,0.775,0.7750223410060966,1,0.02
1984,85193,19,0.9145,0.9145037679372373,1,0.05263157894736842
1985,85241,48,0.784,0.7840036799399973,1,0.020833333333333332
1986,85257,16,0.9279999999999999,0.9280006384926082,1,0.0625
1987,85338,81,0.6355,0.635503828831402,1,0.012345679012345678
1988,85352,14,0.9369999999999999,0.937000453179377,1,0.07142857142857142
1989,85376,24,0.892,0.8920011088182678,1,0.041666666666666664
1990,85400,24,0.892,0.8920009588793495,1,0.041666666666666664
1991,85416,16,0.9279999999999999,0.9280006511824807,1,0.0625
1992,85430,14,0.9369999999999999,0.9370006753914085,1,0.07142857142857142
1993,85444,14,0.9369999999999999,0.9370006024631522,1,0.07142857142857142
1994,85458,14,0.9369999999999999,0.9370005186961995,1,0.07142857142857142
1995,85511,53,0.7615,0.7615016979486728,1,0.018867924528301886
1996,85533,22,0.901,0.9010008986408191,1,0.045454545454545456
1997,85548,15,0.9325,0.9325005674184419,1,0.06666666666666667
1998,85562,14,0.9369999999999999,0.9370005816099143,1,0.07142857142857142
1999,85576,14,0.9369999999999999,0.9370006248840008,1,0.07142857142857142
2000,85590,14,0.9369999999999999,0.9370006323104204,1,0.07142857142857142
2001,85617,27,0.8785,0.8785023044076353,1,0.037037037037037035
2002,85657,40,0.82,0.8200022925900693,1,0.025
2003,85681,24,0.892,0.8920020003461293,1,0.041666666666666664
2004,85705,24,0.892,0.8920016664648945,1,0.20833333333333334
2005,85735,30,0.865,0.8650022929336904,1,0.03333333333333333
2006,85751,16,0.9279999999999999,0.9280012454769057,1,0.0625
2007,85765,14,0.9369999999999999,0.9370012925163986,1,0.07142857142857142
2008,85832,67,0.6984999999999999,0.6985073084369801,1,0.014925373134328358
2009,85846,14,0.9369999999999999,0.9370014186415565,1,0.07142857142857142
2010,85862,16,0.9279999999999999,0.9280018568828589,1,0.0625
2011,85876,14,0.9369999999999999,0.9370016124334316,1,0.07142857142857142
2012,85890,14,0.9369999999999999,0.9370015159464611,1,0.07142857142857142
2013,85910,20,0.91,0.910002666801739,1,0.05
2014,85924,14,0.9369999999999999,0.93700248175691,1,0.07142857142857142
2015,85938,14,0.9369999999999999,0.9370044510223647,1,0.07142857142857142
2016,85954,16,0.9279999999999999,0.9280055949034435,1,0.0625
2017,85968,14,0.9369999999999999,0.9370029943020267,1,0.07142857142857142
2018,85997,29,0.8694999999999999,0.8695052904496737,1,0.034482758620689655
2019,86019,22,0.901,0.9010043701519687,1,0.045454545454545456
2020,86131,112,0.4959999999999999,0.4960119877889611,1,0.008928571428571428
2021,86202,71,0.6805,0.6805040393899927,1,0.014084507042253521
2022,86268,66,0.703,0.7030057943703826,1,0.015151515151515152
2023,86348,80,0.6399999999999999,0.6400293190481188,1,0.0125
2024,86364,16,0.9279999999999999,0.9280038984727074,1,0.0625
2025,86450,86,0.613,0.6130127662966482,1,0.011627906976744186
2026,86520,70,0.685,0.6850059216790869,1,0.014285714285714285
2027,86617,97,0.5635,0.5635065587762914,1,0.010309278350515464
2028,86721,104,0.532,0.5320077180743712,1,0.009615384615384616
2029,86783,62,0.721,0.7210039323485945,1,0.016129032258064516
2030,86843,60,0.73,0.7300048296609009,1,0.016666666666666666
2031,86863,20,0.91,0.9100033368658623,1,0.05
2032,86887,24,0.892,0.8920027812301711,1,0.041666666666666664
2033,86943,56,0.748,0.7480055156091008,1,0.017857142857142856
2034,87008,65,0.7075,0.7075242307314921,1,0.015384615384615385
2035,87024,16,0.9279999999999999,0.9280054646268842,1,0.0625
2036,87068,44,0.802,0.8020086553253776,1,0.022727272727272728
2037,87125,57,0.7435,0.7435069704194177,1,0.2631578947368421
2038,87162,37,0.8335,0.8335031984218538,1,0.02702702702702703
2039,87208,46,0.7929999999999999,0.7930036611589262,1,0.2391304347826087
2040,87368,160,0.2799999999999999,0.28001230402255994,1,0.775
2041,87520,152,0.31599999999999995,0.3160169775396335,1,0.1513157894736842
2042,87606,86,0.613,0.6130095720702742,1,0.011627906976744186
2043,87726,120,0.45999999999999996,0.4600323316767891,1,0.11666666666666667
2044,87846,120,0.45999999999999996,0.46000956198619686,1,0.725
2045,87925,79,0.6445,0.6445049127419022,1,0.02531645569620253
2046,88007,82,0.631,0.6310060101618441,1,0.012195121951219513
2047,88162,155,0.3025,0.3025460572387443,1,0.03225806451612903
2048,88228,66,0.703,0.7030084631928857,1,0.07575757575757576
2049,88265,37,0.8335,0.8335052569341173,1,0.02702702702702703
2050,88337,72,0.6759999999999999,0.6760161094285807,1,0.7916666666666666
2051,88353,16,0.9279999999999999,0.92800072484503,1,0.0625
2052,88375,22,0.901,0.9010072445343407,1,0.3181818181818182
2053,88451,76,0.6579999999999999,0.6580065195861402,1,0.8026315789473685
2054,88651,200,0.0,6.235393542464142e-05,0,0.38
2055,88699,48,0.784,0.7840160125045313,1,0.3541666666666667
2056,88853,154,0.30699999999999994,0.30702497845231036,1,0.6428571428571429
2057,88869,16,0.9279999999999999,0.928000922666617,1,0.0625
2058,88991,122,0.45099999999999996,0.451028471754689,1,0.6147540983606558
2059,89023,32,0.856,0.8560053294957659,1,0.40625
2060,89039,16,0.9279999999999999,0.9280029479843009,1,0.0625
2061,89055,16,0.9279999999999999,0.9280027147745831,1,0.0625
2062,89071,16,0.9279999999999999,0.92800214022587,1,0.0625
2063,89085,14,0.9369999999999999,0.9370014947637573,1,0.07142857142857142
2064,89119,34,0.847,0.8470035130971967,1,0.029411764705882353
2065,89163,44,0.802,0.8020046270418784,1,0.022727272727272728
2066,89179,16,0.9279999999999999,0.9280026955859608,1,0.0625
2067,89195,16,0.9279999999999999,0.9280026964979907,1,0.0625
2068,89211,16,0.9279999999999999,0.928002474061688,1,0.0625
2069,89227,16,0.9279999999999999,0.9280028986312614,1,0.0625
2070,89243,16,0.9279999999999999,0.9280025138382058,1,0.0625
2071,89273,30,0.865,0.8650116688474115,1,0.03333333333333333
2072,89306,33,0.8514999999999999,0.851518666772009,1,0.030303030303030304
2073,89366,60,0.73,0.7300291708537736,1,0.016666666666666666
2074,89404,38,0.829,0.8290150967191069,1,0.02631578947368421
2075,89422,18,0.919,0.9190060941948496,1,0.05555555555555555
2076,89438,16,0.9279999999999999,0.9280042350776424,1,0.0625
2077,89456,18,0.919,0.9190048663037693,1,0.05555555555555555
2078,89472,16,0.9279999999999999,0.9280039106292253,1,0.0625
2079,89488,16,0.9279999999999999,0.9280016966552643,1,0.0625
2080,89504,16,0.9279999999999999,0.9280016635111554,1,0.0625
2081,89529,25,0.8875,0.8875042382317775,1,0.04
2082,89545,16,0.9279999999999999,0.9280017080686861,1,0.0625
2083,89561,16,0.9279999999999999,0.9280011694155045,1,0.0625
2084,89621,60,0.73,0.7300042538738761,1,0.016666666666666666
2085,89641,20,0.91,0.9100006540155738,1,0.05
2086,89659,18,0.919,0.9190005288089127,1,0.05555555555555555
2087,89677,18,0.919,0.9190005145641753,1,0.05555555555555555
2088,89693,16,0.9279999999999999,0.9280007177683178,1,0.0625
2089,89730,37,0.8335,0.8335022313792425,1,0.02702702702702703
2090,89747,17,0.9235,0.9235006796479566,1,0.058823529411764705
2091,89763,16,0.9279999999999999,0.9280005839240207,1,0.0625
2092,89779,16,0.9279999999999999,0.9280005065030108,1,0.0625
2093,89799,20,0.91,0.9100009619556348,1,0.05
2094,89818,19,0.9145,0.9145008884781465,1,0.05263157894736842
2095,89836,18,0.919,0.9190007477857095,1,0.05555555555555555
2096,89852,16,0.9279999999999999,0.9280005875898957,1,0.0625
2097,89868,16,0.9279999999999999,0.928000581603682,1,0.0625
2098,89886,18,0.919,0.9190007787702904,1,0.05555555555555555
2099,89910,24,0.892,0.8920011622545104,1,0.041666666666666664
2100,89930,20,0.91,0.9100012067593245,1,0.05
2101,89946,16,0.9279999999999999,0.9280009832152687,1,0.0625
2102,89963,17,0.9235,0.9235012536145074,1,0.058823529411764705
2103,89983,20,0.91,0.9100016458969089,1,0.05
2104,90011,28,0.874,0.8740023700404842,1,0.03571428571428571
2105,90029,18,0.919,0.9190011199923845,1,0.16666666666666666
2106,90043,14,0.9369999999999999,0.9370008651418834,1,0.07142857142857142
2107,90059,16,0.9279999999999999,0.9280012920672673,1,0.0625
2108,90075,16,0.9279999999999999,0.9280017448848408,1,0.0625
2109,90089,14,0.9369999999999999,0.9370010796214339,1,0.07142857142857142
2110,90105,16,0.9279999999999999,0.9280011326211943,1,0.0625
2111,90119,14,0.9369999999999999,0.9370006311778015,1,0.07142857142857142
2112,90135,16,0.9279999999999999,0.9280009480757875,1,0.0625
2113,90151,16,0.9279999999999999,0.9280012820049622,1,0.0625
2114,90165,14,0.9369999999999999,0.9370007978855617,1,0.07142857142857142
2115,90179,14,0.9369999999999999,0.9370009785068946,1,0.07142857142857142
2116,90197,18,0.919,0.9190016868258024,1,0.05555555555555555
2117,90213,16,0.9279999999999999,0.9280013484413859,1,0.0625
2118,90229,16,0.9279999999999999,0.9280016777103492,1,0.0625
2119,90243,14,0.9369999999999999,0.9370015830507713,1,0.07142857142857142
2120,90261,18,0.919,0.9190038157496264,1,0.16666666666666666
2121,90275,14,0.9369999999999999,0.9370022597026407,1,0.07142857142857142
2122,90292,17,0.9235,0.9235018858555379,1,0.058823529411764705
2123,90306,14,0.9369999999999999,0.9370027277135008,1,0.07142857142857142
2124,90320,14,0.9369999999999999,0.9370019341589328,1,0.07142857142857142
2125,90340,20,0.91,0.9100028332019509,1,0.05
2126,90354,14,0.9369999999999999,0.9370021807369675,1,0.07142857142857142
2127,90368,14,0.9369999999999999,0.9370019062187401,1,0.07142857142857142
2128,90388,20,0.91,0.910003969354573,1,0.05
2129,90403,15,0.9325,0.9325036843910566,1,0.06666666666666667
2130,90419,16,0.9279999999999999,0.9280055729761744,1,0.0625
2131,90435,16,0.9279999999999999,0.9280034092104562,1,0.0625
2132,90449,14,0.9369999999999999,0.9370035150994152,1,0.07142857142857142
2133,90465,16,0.9279999999999999,0.9280054749437779,1,0.0625
2134,90479,14,0.9369999999999999,0.9370042736606794,1,0.07142857142857142
2135,90506,27,0.8785,0.8785111089030104,1,0.037037037037037035
2136,90520,14,0.9369999999999999,0.9370058002516668,1,0.07142857142857142
2137,90534,14,0.9369999999999999,0.9370052729068606,1,0.07142857142857142
2138,90552,18,0.919,0.9190140727591294,1,0.05555555555555555
2139,90566,14,0.9369999999999999,0.9370053019402204,1,0.07142857142857142
2140,90580,14,0.9369999999999999,0.9370040950997307,1,0.07142857142857142
2141,90604,24,0.892,0.8920043517000709,1,0.041666666666666664
2142,90618,14,0.9369999999999999,0.9370016085240378,1,0.07142857142857142
2143,90634,16,0.9279999999999999,0.9280015166521014,1,0.0625
2144,90648,14,0.9369999999999999,0.9370007938302689,1,0.07142857142857142
2145,90664,16,0.9279999999999999,0.9280006684970497,1,0.0625
2146,90678,14,0.9369999999999999,0.937000720258555,1,0.07142857142857142
2147,90700,22,0.901,0.9010014578230919,1,0.045454545454545456
2148,90717,17,0.9235,0.9235004990982408,1,0.058823529411764705
2149,90731,14,0.9369999999999999,0.9370004672467712,1,0.07142857142857142
2150,90747,16,0.9279999999999999,0.9280007294008559,1,0.0625
2151,90763,16,0.9279999999999999,0.9280008105077705,1,0.0625
2152,90777,14,0.9369999999999999,0.9370003692553271,1,0.07142857142857142
2153,90793,16,0.9279999999999999,0.9280009894164851,1,0.1875
2154,90811,18,0.919,0.9190009124228062,1,0.16666666666666666
2155,90825,14,0.9369999999999999,0.9370004246075332,1,0.07142857142857142
2156,90839,14,0.9369999999999999,0.937000364442828,1,0.07142857142857142
2157,90853,14,0.9369999999999999,0.9370003845710597,1,0.07142857142857142
2158,90869,16,0.9279999999999999,0.9280006491854085,1,0.0625
2159,90883,14,0.9369999999999999,0.9370006100573206,1,0.07142857142857142
2160,90897,14,0.9369999999999999,0.9370007628258534,1,0.07142857142857142
2161,90913,16,0.9279999999999999,0.9280008638389685,1,0.0625
2162,90927,14,0.9369999999999999,0.9370007269795797,1,0.07142857142857142
2163,90943,16,0.9279999999999999,0.9280009704565877,1,0.1875
2164,90961,18,0.919,0.9190011409447933,1,0.05555555555555555
2165,90975,14,0.9369999999999999,0.9370008827764842,1,0.07142857142857142
2166,90991,16,0.9279999999999999,0.9280014415734921,1,0.0625
2167,91005,14,0.9369999999999999,0.9370008646621432,1,0.07142857142857142
2168,91021,16,0.9279999999999999,0.928000902182834,1,0.0625
2169,91035,14,0.9369999999999999,0.9370014576198121,1,0.07142857142857142
2170,91049,14,0.9369999999999999,0.937001071894606,1,0.07142857142857142
2171,91063,14,0.9369999999999999,0.9370009604098578,1,0.07142857142857142
2172,91101,38,0.829,0.8290260001705602,1,0.02631578947368421
2173,91147,46,0.7929999999999999,0.7930104997509032,1,0.021739130434782608
2174,91179,32,0.856,0.8560053365373154,1,0.03125
2175,91263,84,0.622,0.6220151086414623,1,0.011904761904761904
2176,91277,14,0.9369999999999999,0.9370021347179793,1,0.07142857142857142
2177,91293,16,0.9279999999999999,0.9280025013938528,1,0.0625
2178,91307,14,0.9369999999999999,0.9370013496828385,1,0.07142857142857142
2179,91389,82,0.631,0.6310051921245236,1,0.012195121951219513
2180,91405,16,0.9279999999999999,0.9280006725883909,1,0.0625
2181,91423,18,0.919,0.9190006188722839,1,0.05555555555555555
2182,91437,14,0.9369999999999999,0.9370003975878721,1,0.07142857142857142
2183,91451,14,0.9369999999999999,0.93700043890176,1,0.07142857142857142
2184,91489,38,0.829,0.8290032806872351,1,0.02631578947368421
2185,91507,18,0.919,0.9190005982061498,1,0.05555555555555555
2186,91521,14,0.9369999999999999,0.9370005388801269,1,0.07142857142857142
2187,91649,128,0.42399999999999993,0.42400582023672306,1,0.0078125
2188,91663,14,0.9369999999999999,0.937001563751109,1,0.07142857142857142
2189,91677,14,0.9369999999999999,0.9370012931906763,1,0.07142857142857142
2190,91691,14,0.9369999999999999,0.9370037487089665,1,0.07142857142857142
2191,91705,14,0.9369999999999999,0.9370035780720073,1,0.07142857142857142
2192,91721,16,0.9279999999999999,0.9280045064839463,1,0.0625
2193,91735,14,0.9369999999999999,0.9370032829654081,1,0.07142857142857142
2194,91765,30,0.865,0.8650066050658878,1,0.03333333333333333
2195,91797,32,0.856,0.856006495667135,1,0.03125
2196,91849,52,0.766,0.7660090443538489,1,0.019230769230769232
2197,91897,48,0.784,0.7840094390577611,1,0.020833333333333332
2198,91917,20,0.91,0.9100025525717963,1,0.05
2199,92007,90,0.595,0.5950063439408013,1,0.011111111111111112
2200,92023,16,0.9279999999999999,0.9280009839821034,1,0.0625
2201,92047,24,0.892,0.8920012702802954,1,0.041666666666666664
2202,92065,18,0.919,0.9190007636234144,1,0.05555555555555555
2203,92112,47,0.7885,0.7885019068083576,1,0.02127659574468085
2204,92128,16,0.9279999999999999,0.9280012686689549,1,0.0625
2205,92169,41,0.8155,0.8155066836094245,1,0.07317073170731707
2206,92223,54,0.757,0.7570059405456484,1,0.018518518518518517
2207,92237,14,0.9369999999999999,0.9370019316987217,1,0.07142857142857142
2208,92266,29,0.8694999999999999,0.8695034277752991,1,0.034482758620689655
2209,92280,14,0.9369999999999999,0.9370016048637138,1,0.07142857142857142
2210,92325,45,0.7975,0.7975061190622852,1,0.022222222222222223
2211,92341,16,0.9279999999999999,0.9280045806625475,1,0.0625
2212,92473,132,0.4059999999999999,0.4060191435376148,1,0.007575757575757576
2213,92493,20,0.91,0.910001432817035,1,0.05
2214,92587,94,0.577,0.5770032134400614,1,0.010638297872340425
2215,92615,28,0.874,0.8740007379557614,1,0.03571428571428571
2216,92648,33,0.8514999999999999,0.8515009281864686,1,0.030303030303030304
2217,92706,58,0.739,0.7390032847396506,1,0.017241379310344827
2218,92720,14,0.9369999999999999,0.9370008227344239,1,0.07142857142857142
2219,92740,20,0.91,0.9100011848588268,1,0.05
2220,92758,18,0.919,0.9190014572647086,1,0.16666666666666666
2221,92773,15,0.9325,0.9325010522975836,1,0.06666666666666667
2222,92801,28,0.874,0.874001961911746,1,0.03571428571428571
2223,92826,25,0.8875,0.887502433858846,1,0.04
2224,92852,26,0.883,0.883003175874739,1,0.038461538461538464
2225,92870,18,0.919,0.9190026136675615,1,0.05555555555555555
2226,92886,16,0.9279999999999999,0.9280021329757092,1,0.0625
2227,92935,49,0.7795,0.7795084257728484,1,0.02040816326530612
2228,92959,24,0.892,0.8920107310873298,1,0.041666666666666664
2229,92998,39,0.8245,0.8245181301475213,1,0.07692307692307693
2230,93023,25,0.8875,0.8875053371393375,1,0.04
2231,93067,44,0.802,0.8020078243875441,1,0.022727272727272728
2232,93082,15,0.9325,0.9325013240772577,1,0.06666666666666667
2233,93096,14,0.9369999999999999,0.9370011138137123,1,0.07142857142857142
2234,93154,58,0.739,0.7390034277771251,1,0.05172413793103448
2235,93207,53,0.7615,0.7615019403433627,1,0.018867924528301886
2236,93243,36,0.838,0.8380009065565369,1,0.027777777777777776
2237,93292,49,0.7795,0.779501325071957,1,0.02040816326530612
2238,93323,31,0.8605,0.86050828966128,1,0.03225806451612903
2239,93373,50,0.775,0.7750017440164382,1,0.02
2240,93387,14,0.9369999999999999,0.9370006436762971,1,0.07142857142857142
2241,93417,30,0.865,0.8650017426917087,1,0.03333333333333333
2242,93435,18,0.919,0.9190008527395437,1,0.05555555555555555
2243,93458,23,0.8965,0.896500844643304,1,0.043478260869565216
2244,93522,64,0.712,0.7120033327569762,1,0.015625
2245,93600,78,0.649,0.6490148287886973,1,0.01282051282051282
2246,93620,20,0.91,0.9100027622726528,1,0.05
2247,93662,42,0.8109999999999999,0.8110126758954157,1,0.07142857142857142
2248,93728,66,0.703,0.703021700768362,1,0.015151515151515152
2249,93748,20,0.91,0.9100046168359583,1,0.05
2250,93774,26,0.883,0.8830049985531405,1,0.038461538461538464
2251,93900,126,0.43299999999999994,0.4330098763385769,1,0.007936507936507936
2252,93946,46,0.7929999999999999,0.7930018052660256,1,0.021739130434782608
2253,94014,68,0.694,0.6940023559272628,1,0.014705882352941176
2254,94028,14,0.9369999999999999,0.9370007694096067,1,0.07142857142857142
2255,94044,16,0.9279999999999999,0.9280008424816348,1,0.0625
2256,94060,16,0.9279999999999999,0.9280008527457814,1,0.0625
2257,94080,20,0.91,0.9100012661523911,1,0.05
2258,94098,18,0.919,0.9190011456930502,1,0.05555555555555555
2259,94118,20,0.91,0.9100013973064365,1,0.05
2260,94138,20,0.91,0.9100032319008824,1,0.05
2261,94154,16,0.9279999999999999,0.9280017981202212,1,0.0625
2262,94170,16,0.9279999999999999,0.9280021035120419,1,0.0625
2263,94224,54,0.757,0.7570065323273221,1,0.018518518518518517
2264,94244,20,0.91,0.9100038261146474,1,0.05
2265,94264,20,0.91,0.9100022541220893,1,0.05
2266,94318,54,0.757,0.7570048839393592,1,0.018518518518518517
2267,94334,16,0.9279999999999999,0.9280028564050267,1,0.0625
2268,94360,26,0.883,0.8830036422044896,1,0.038461538461538464
2269,94376,16,0.9279999999999999,0.9280018349158842,1,0.0625
2270,94392,16,0.9279999999999999,0.9280028048485959,1,0.0625
2271,94422,30,0.865,0.865004869912865,1,0.03333333333333333
2272,94456,34,0.847,0.8470055614125804,1,0.029411764705882353
2273,94482,26,0.883,0.883001657215817,1,0.038461538461538464
2274,94526,44,0.802,0.802002358452875,1,0.022727272727272728
2275,94615,89,0.5994999999999999,0.5995278912246856,1,0.0449438202247191
2276,94637,22,0.901,0.9010013457387462,1,0.13636363636363635
2277,94653,16,0.9279999999999999,0.9280011726061027,1,0.0625
2278,94687,34,0.847,0.8470019902982278,1,0.029411764705882353
2279,94703,16,0.9279999999999999,0.9280014223534326,1,0.0625
2280,94735,32,0.856,0.8560015027373318,1,0.03125
2281,94751,16,0.9279999999999999,0.9280004989028576,1,0.0625
2282,94765,14,0.9369999999999999,0.9370007973230683,1,0.07142857142857142
2283,94799,34,0.847,0.8470086806029935,1,0.029411764705882353
2284,94813,14,0.9369999999999999,0.9370040948592319,1,0.07142857142857142
2285,94829,16,0.9279999999999999,0.9280038016314468,1,0.0625
2286,94849,20,0.91,0.910003826955661,1,0.05
2287,94865,16,0.9279999999999999,0.9280024674649511,1,0.0625
2288,94879,14,0.9369999999999999,0.9370015460209762,1,0.07142857142857142
2289,94909,30,0.865,0.865002423853038,1,0.03333333333333333
2290,94933,24,0.892,0.89200134166285,1,0.041666666666666664
2291,94963,30,0.865,0.8650011607795972,1,0.03333333333333333
2292,94979,16,0.9279999999999999,0.9280006243529516,1,0.0625
2293,94995,16,0.9279999999999999,0.9280008120995069,1,0.0625
2294,95017,22,0.901,0.9010013277203788,1,0.045454545454545456
2295,95031,14,0.9369999999999999,0.9370021039829635,1,0.07142857142857142
2296,95051,20,0.91,0.9100038982605885,1,0.05
2297,95069,18,0.919,0.9190017413022691,1,0.16666666666666666
2298,95091,22,0.901,0.9010033180470276,1,0.045454545454545456
2299,95105,14,0.9369999999999999,0.9370031907119757,1,0.07142857142857142
2300,95133,28,0.874,0.8740044868205941,1,0.03571428571428571
2301,95201,68,0.694,0.6940125698488239,1,0.014705882352941176
2302,95223,22,0.901,0.9010039854951464,1,0.045454545454545456
2303,95239,16,0.9279999999999999,0.9280035796328169,1,0.0625
2304,95365,126,0.43299999999999994,0.43314306830012267,1,0.007936507936507936
2305,95429,64,0.712,0.7120026002786235,1,0.015625
2306,95499,70,0.685,0.6852884646522565,1,0.04285714285714286
2307,95527,28,0.874,0.8740014026308665,1,0.03571428571428571
2308,95623,96,0.5680000000000001,0.5680210121665974,1,0.010416666666666666
2309,95693,70,0.685,0.6850246862064516,1,0.04285714285714286
2310,95732,39,0.8245,0.8245090161945764,1,0.02564102564102564
2311,95768,36,0.838,0.8380090523282056,1,0.027777777777777776
2312,95812,44,0.802,0.8020067708652893,1,0.022727272727272728
2313,95896,84,0.622,0.6220064432725612,1,0.011904761904761904
2314,95942,46,0.7929999999999999,0.7930029109486889,1,0.021739130434782608
2315,96020,78,0.649,0.6491710611647856,1,0.01282051282051282
2316,96049,29,0.8694999999999999,0.8695012139524742,1,0.034482758620689655
2317,96063,14,0.9369999999999999,0.9370004606096118,1,0.07142857142857142
2318,96081,18,0.919,0.9190005094774036,1,0.05555555555555555
2319,96247,166,0.253,0.2530109635926545,1,0.018072289156626505
2320,96263,16,0.9279999999999999,0.9280017605748591,1,0.0625
2321,96291,28,0.874,0.8740088097891617,1,0.03571428571428571
2322,96491,200,0.0,2.839132752936999e-05,0,0.005
2323,96596,105,0.5275,0.5275036506968761,1,0.009523809523809525
2324,96648,52,0.766,0.7660029419406207,1,0.057692307692307696
2325,96674,26,0.883,0.8830016710992735,1,0.038461538461538464
2326,96688,14,0.9369999999999999,0.9370019391793357,1,0.07142857142857142
2327,96704,16,0.9279999999999999,0.9280057823175367,1,0.0625
2328,96904,200,0.0,0.00010713043144078613,0,0.015
2329,96938,34,0.847,0.8470012747820049,1,0.029411764705882353
2330,96962,24,0.892,0.8920004520235904,1,0.041666666666666664
2331,96976,14,0.9369999999999999,0.9370001580104335,1,0.07142857142857142
2332,97022,46,0.7929999999999999,0.7930006315014759,1,0.021739130434782608
2333,97046,24,0.892,0.8920002722002391,1,0.041666666666666664
2334,97130,84,0.622,0.622005618639169,1,0.011904761904761904
2335,97210,80,0.6399999999999999,0.6400009750973793,1,0.8125
2336,97236,26,0.883,0.88300027541129,1,0.5
2337,97264,28,0.874,0.8740034311952479,1,0.5357142857142857
2338,97280,16,0.9279999999999999,0.9280001781224575,1,0.0625
2339,97296,16,0.9279999999999999,0.9280002813685463,1,0.0625
2340,97316,20,0.91,0.9100004058082627,1,0.35
2341,97330,14,0.9369999999999999,0.9370002347554158,1,0.07142857142857142
2342,97366,36,0.838,0.8380009046565825,1,0.6388888888888888
2343,97396,30,0.865,0.8650014299445355,1,0.5666666666666667
2344,97412,16,0.9279999999999999,0.928000841411685,1,0.1875
2345,97426,14,0.9369999999999999,0.9370006822315179,1,0.07142857142857142
2346,97442,16,0.9279999999999999,0.9280005510023759,1,0.0625
2347,97456,14,0.9369999999999999,0.9370005093228456,1,0.07142857142857142
2348,97470,14,0.9369999999999999,0.937000460190321,1,0.07142857142857142
2349,97492,22,0.901,0.9010010944710493,1,0.4090909090909091
2350,97518,26,0.883,0.8830020495858765,1,0.4230769230769231
2351,97538,20,0.91,0.9100012822566381,1,0.35
2352,97562,24,0.892,0.8920019881853349,1,0.4583333333333333
2353,97580,18,0.919,0.9190009005101389,1,0.05555555555555555
2354,97608,28,0.874,0.8740011282184924,1,0.5357142857142857
2355,97622,14,0.9369999999999999,0.937000582058538,1,0.07142857142857142
2356,97638,16,0.9279999999999999,0.9280006107437723,1,0.1875
2357,97652,14,0.9369999999999999,0.9370017572510435,1,0.07142857142857142
2358,97670,18,0.919,0.9190040625866287,1,0.05555555555555555
2359,97684,14,0.9369999999999999,0.9370023329517376,1,0.07142857142857142
2360,97702,18,0.919,0.9190085111787822,1,0.05555555555555555
2361,97716,14,0.9369999999999999,0.9370038644843781,1,0.07142857142857142
2362,97730,14,0.9369999999999999,0.9370046782185563,1,0.07142857142857142
2363,97744,14,0.9369999999999999,0.9370041157180127,1,0.07142857142857142
2364,97758,14,0.9369999999999999,0.9370033393624511,1,0.07142857142857142
2365,97784,26,0.883,0.8830078129990871,1,0.5
2366,97806,22,0.901,0.9010116450541201,1,0.4090909090909091
2367,97826,20,0.91,0.9100022296974352,1,0.35
2368,97846,20,0.91,0.9100028734201143,1,0.05
2369,97860,14,0.9369999999999999,0.9370007657244762,1,0.07142857142857142
2370,97874,14,0.9369999999999999,0.9370007466497465,1,0.07142857142857142
2371,97890,16,0.9279999999999999,0.928000836920559,1,0.0625
2372,97906,16,0.9279999999999999,0.9280006086541548,1,0.1875
2373,97920,14,0.9369999999999999,0.9370005061084894,1,0.07142857142857142
2374,97934,14,0.9369999999999999,0.9370003807138173,1,0.07142857142857142
2375,97956,22,0.901,0.9010005837568985,1,0.4090909090909091
2376,97970,14,0.9369999999999999,0.9370002903608865,1,0.07142857142857142
2377,97984,14,0.9369999999999999,0.937000399035142,1,0.07142857142857142
2378,97998,14,0.9369999999999999,0.9370004175123603,1,0.07142857142857142
2379,98012,14,0.9369999999999999,0.9370005482629845,1,0.07142857142857142
2380,98026,14,0.9369999999999999,0.9370004557497935,1,0.07142857142857142
2381,98040,14,0.9369999999999999,0.9370003301299327,1,0.07142857142857142
2382,98056,16,0.9279999999999999,0.9280005062143044,1,0.0625
2383,98070,14,0.9369999999999999,0.9370006493389554,1,0.07142857142857142
2384,98084,14,0.9369999999999999,0.9370009630128947,1,0.07142857142857142
2385,98100,16,0.9279999999999999,0.9280014355176761,1,0.0625
2386,98116,16,0.9279999999999999,0.9280016336821989,1,0.0625
2387,98130,14,0.9369999999999999,0.9370011485374727,1,0.07142857142857142
2388,98146,16,0.9279999999999999,0.9280013191605481,1,0.0625
2389,98160,14,0.9369999999999999,0.9370008701642415,1,0.07142857142857142
2390,98178,18,0.919,0.9190011319519596,1,0.16666666666666666
2391,98192,14,0.9369999999999999,0.9370011332854585,1,0.07142857142857142
2392,98206,14,0.9369999999999999,0.9370015461949524,1,0.07142857142857142
2393,98222,16,0.9279999999999999,0.9280021275528425,1,0.0625
2394,98238,16,0.9279999999999999,0.928002643324105,1,0.0625
2395,98253,15,0.9325,0.9325031265526222,1,0.06666666666666667
2396,98279,26,0.883,0.883005083524129,1,0.038461538461538464
2397,98299,20,0.91,0.9100034627745485,1,0.05
2398,98313,14,0.9369999999999999,0.9370023184647075,1,0.07142857142857142
2399,98327,14,0.9369999999999999,0.9370020999306082,1,0.07142857142857142
2400,98341,14,0.9369999999999999,0.9370012997596837,1,0.07142857142857142
2401,98355,14,0.9369999999999999,0.9370010994703702,1,0.07142857142857142
2402,98371,16,0.9279999999999999,0.9280013376434104,1,0.0625
2403,98387,16,0.9279999999999999,0.928001512945153,1,0.0625
2404,98421,34,0.847,0.8470078464896247,1,0.029411764705882353
2405,98459,38,0.829,0.8290115774907596,1,0.02631578947368421
2406,98486,27,0.8785,0.8785052197438563,1,0.3333333333333333
2407,98500,14,0.9369999999999999,0.9370018802681838,1,0.07142857142857142
2408,98514,14,0.9369999999999999,0.9370017752857261,1,0.07142857142857142
2409,98530,16,0.9279999999999999,0.9280011873088025,1,0.0625
2410,98546,16,0.9279999999999999,0.9280010273674516,1,0.0625
2411,98560,14,0.9369999999999999,0.9370006890852317,1,0.07142857142857142
2412,98574,14,0.9369999999999999,0.9370007920540867,1,0.07142857142857142
2413,98588,14,0.9369999999999999,0.9370006311284937,1,0.07142857142857142
2414,98604,16,0.9279999999999999,0.928000625816158,1,0.0625
2415,98618,14,0.9369999999999999,0.9370005019221652,1,0.07142857142857142
2416,98632,14,0.9369999999999999,0.9370006119083362,1,0.07142857142857142
2417,98646,14,0.9369999999999999,0.9370011114788833,1,0.07142857142857142
2418,98680,34,0.847,0.8470020430049752,1,0.029411764705882353
2419,98704,24,0.892,0.892001889754134,1,0.20833333333333334
2420,98772,68,0.694,0.6940065299095373,1,0.07352941176470588
2421,98788,16,0.9279999999999999,0.9280012597865438,1,0.0625
2422,98802,14,0.9369999999999999,0.9370009901482579,1,0.07142857142857142
2423,98822,20,0.91,0.9100013768269059,1,0.05
2424,98838,16,0.9279999999999999,0.928000951018211,1,0.0625
2425,98854,16,0.9279999999999999,0.9280008226400177,1,0.0625
2426,98882,28,0.874,0.8740016490573962,1,0.03571428571428571
2427,98928,46,0.7929999999999999,0.7930039016722156,1,0.021739130434782608
2428,98972,44,0.802,0.8020117024118304,1,0.06818181818181818
2429,99000,28,0.874,0.8740193512723485,1,0.35714285714285715
2430,99026,26,0.883,0.8830062852718296,1,0.34615384615384615
2431,99042,16,0.9279999999999999,0.928002928630883,1,0.0625
2432,99058,16,0.9279999999999999,0.9280024825209209,1,0.0625
2433,99076,18,0.919,0.9190023803261856,1,0.16666666666666666
2434,99090,14,0.9369999999999999,0.937001736706795,1,0.07142857142857142
2435,99104,14,0.9369999999999999,0.9370023854214079,1,0.07142857142857142
2436,99120,16,0.9279999999999999,0.9280032742038574,1,0.1875
2437,99136,16,0.9279999999999999,0.9280018015799744,1,0.0625
2438,99150,14,0.9369999999999999,0.9370013293406331,1,0.07142857142857142
2439,99169,19,0.9145,0.9145012819644941,1,0.05263157894736842
2440,99185,16,0.9279999999999999,0.928001060603585,1,0.0625
2441,99199,14,0.9369999999999999,0.937000895586409,1,0.07142857142857142
2442,99217,18,0.919,0.9190010448706255,1,0.05555555555555555
2443,99233,16,0.9279999999999999,0.92800101362255,1,0.0625
2444,99249,16,0.9279999999999999,0.9280008462789965,1,0.0625
2445,99263,14,0.9369999999999999,0.93700063268307,1,0.07142857142857142
2446,99277,14,0.9369999999999999,0.9370008363020825,1,0.07142857142857142
2447,99291,14,0.9369999999999999,0.9370008350858889,1,0.07142857142857142
2448,99307,16,0.9279999999999999,0.9280014819870466,1,0.0625
2449,99323,16,0.9279999999999999,0.9280014912671894,1,0.1875
2450,99339,16,0.9279999999999999,0.9280011640981848,1,0.0625
2451,99353,14,0.9369999999999999,0.9370008425027273,1,0.07142857142857142
2452,99371,18,0.919,0.9190013155981576,1,0.05555555555555555
2453,99385,14,0.9369999999999999,0.9370007748581821,1,0.07142857142857142
2454,99401,16,0.9279999999999999,0.9280010526031869,1,0.0625
2455,99448,47,0.7885,0.788505652643005,1,0.02127659574468085
2456,99464,16,0.9279999999999999,0.9280023402743363,1,0.0625
2457,99488,24,0.892,0.8920038321600129,1,0.041666666666666664
2458,99502,14,0.9369999999999999,0.9370020343123686,1,0.07142857142857142
2459,99640,138,0.379,0.3790535469145167,1,0.007246376811594203
2460,99682,42,0.8109999999999999,0.8110034265265043,1,0.11904761904761904
2461,99698,16,0.9279999999999999,0.9280006123686897,1,0.0625
2462,99714,16,0.9279999999999999,0.9280003872990091,1,0.0625
2463,99728,14,0.9369999999999999,0.9370002735541794,1,0.07142857142857142
2464,99744,16,0.9279999999999999,0.928000269980099,1,0.0625
2465,99758,14,0.9369999999999999,0.9370003048221839,1,0.07142857142857142
2466,99774,16,0.9279999999999999,0.9280005543340761,1,0.0625
2467,99790,16,0.9279999999999999,0.9280006763301494,1,0.0625
2468,99810,20,0.91,0.9100004768506073,1,0.15
2469,99824,14,0.9369999999999999,0.9370003028269944,1,0.07142857142857142
2470,99838,14,0.9369999999999999,0.9370002920619258,1,0.07142857142857142
2471,99852,14,0.9369999999999999,0.9370003398326259,1,0.07142857142857142
2472,99866,14,0.9369999999999999,0.937000308963586,1,0.07142857142857142
2473,99880,14,0.9369999999999999,0.9370003251272037,1,0.07142857142857142
2474,99894,14,0.9369999999999999,0.937000359494631,1,0.07142857142857142
2475,99908,14,0.9369999999999999,0.9370005188133803,1,0.07142857142857142
