episode,end_step,length,extrinsic_return,shaped_return,success,tv_fraction
0,200,200,0.0,9.250037196288886,0,0.205
1,400,200,0.0,10.000000000000007,0,0.145
2,600,200,0.0,10.000000000000007,0,0.26
3,800,200,0.0,10.000000000000007,0,0.04
4,1000,200,0.0,10.000000000000007,0,0.025
5,1200,200,0.0,2.8787408151402136,0,0.105
6,1400,200,0.0,0.12884892935514317,0,0.14
7,1600,200,0.0,0.08817635157145044,0,0.075
8,1800,200,0.0,0.028528505336523756,0,0.105
9,2000,200,0.0,0.033128319107160624,0,0.205
10,2200,200,0.0,0.02284714773497688,0,0.23
11,2400,200,0.0,0.016897231130111386,0,0.225
12,2600,200,0.0,0.037349584300306424,0,0.09
13,2800,200,0.0,0.020923545821412537,0,0.295
14,3000,200,0.0,0.024954286397902082,0,0.025
15,3200,200,0.0,0.01584333061131719,0,0.22
16,3400,200,0.0,0.006007920796390969,0,0.19
17,3600,200,0.0,0.00824722043871076,0,0.33
18,3800,200,0.0,0.02120168462565261,0,0.1
19,4000,200,0.0,0.0033082977890869993,0,0.19
20,4200,200,0.0,0.009843891682681592,0,0.05
21,4400,200,0.0,0.019956574431168026,0,0.055
22,4600,200,0.0,0.0028342120592662833,0,0.225
23,4800,200,0.0,0.0021456278923303617,0,0.37
24,5000,200,0.0,0.004824185971491045,0,0.085
25,5200,200,0.0,0.013774932650776069,0,0.08
26,5400,200,0.0,0.0013622001184178574,0,0.195
27,5600,200,0.0,0.010222818745646223,0,0.045
28,5800,200,0.0,0.021359678933010547,0,0.015
29,6000,200,0.0,0.0011824161865806762,0,0.095
30,6200,200,0.0,0.0009007176620212266,0,0.17
31,6400,200,0.0,0.0031317251391469567,0,0.06
32,6557,157,0.2935,0.29763812496294473,1,0.10828025477707007
33,6757,200,0.0,0.0009630373572486194,0,0.24
34,6957,200,0.0,0.0009204253821054815,0,0.07
35,7157,200,0.0,0.0034819281960792644,0,0.09
36,7357,200,0.0,0.0011384040063332128,0,0.18
37,7557,200,0.0,0.007206560606613905,0,0.08
38,7757,200,0.0,0.004510247884989956,0,0.055
39,7957,200,0.0,0.0005519079118426427,0,0.225
40,8157,200,0.0,0.021056263231604297,0,0.105
41,8357,200,0.0,0.0009913082391965096,0,0.24
42,8557,200,0.0,0.00228303829052124,0,0.13
43,8688,131,0.4105,0.4132190226124979,1,0.030534351145038167
44,8888,200,0.0,0.004684560525077721,0,0.025
45,9088,200,0.0,0.013900076666201808,0,0.015
46,9288,200,0.0,0.0025090705525852132,0,0.09
47,9488,200,0.0,0.02277886487707456,0,0.005
48,9555,67,0.6984999999999999,0.7011504583010522,1,0.07462686567164178
49,9755,200,0.0,0.022878647845358493,0,0.065
50,9910,155,0.3025,0.30563617847032054,1,0.0064516129032258064
51,10110,200,0.0,0.0020003882024145713,0,0.155
52,10195,85,0.6174999999999999,0.6189587548095438,1,0.047058823529411764
53,10349,154,0.30699999999999994,0.30813392124398115,1,0.06493506493506493
54,10519,170,0.235,0.2379023755258007,1,0.029411764705882353
55,10719,200,0.0,0.00036846721316739604,0,0.06
56,10919,200,0.0,0.001922974789741539,0,0.065
57,11103,184,0.17199999999999993,0.17458411741558436,1,0.016304347826086956
58,11303,200,0.0,0.0006329554382980692,0,0.025
59,11503,200,0.0,0.0018062414866647843,0,0.035
60,11589,86,0.613,0.6165683055022739,1,0.011627906976744186
61,11789,200,0.0,0.0017571954398353587,0,0.05
62,11989,200,0.0,0.0013734321943147854,0,0.015
63,12189,200,0.0,0.0023590880583964887,0,0.09
64,12304,115,0.48250000000000004,0.48347463876474656,1,0.06956521739130435
65,12452,148,0.33399999999999996,0.3350117331883925,1,0.006756756756756757
66,12590,138,0.379,0.38147743604158096,1,0.08695652173913043
67,12699,109,0.5095,0.5104210880077833,1,0.06422018348623854
68,12899,200,0.0,0.0024396961266535777,0,0.01
69,13029,130,0.4149999999999999,0.41539116865032105,1,0.06153846153846154
70,13137,108,0.514,0.5162768977936302,1,0.05555555555555555
71,13179,42,0.8109999999999999,0.8113426043901317,1,0.11904761904761904
72,13379,200,0.0,0.0002217908515638603,0,0.05
73,13531,152,0.31599999999999995,0.317078400107044,1,0.046052631578947366
74,13642,111,0.5005,0.501060009326674,1,0.07207207207207207
75,13758,116,0.478,0.4808137407147487,1,0.08620689655172414
76,13871,113,0.49150000000000005,0.49279779227503395,1,0.11504424778761062
77,13982,111,0.5005,0.5010420109145538,1,0.05405405405405406
78,14044,62,0.721,0.721490799621654,1,0.12903225806451613
79,14086,42,0.8109999999999999,0.811204320403184,1,0.023809523809523808
80,14194,108,0.514,0.5143416791120831,1,0.06481481481481481
81,14394,200,0.0,0.0008790618193282928,0,0.055
82,14594,200,0.0,0.0008827525424446761,0,0.065
83,14794,200,0.0,0.0003993695487521728,0,0.015
84,14994,200,0.0,0.00027695382949591415,0,0.195
85,15194,200,0.0,0.00038017257780926156,0,0.07
86,15255,61,0.7255,0.7257196541643709,1,0.04918032786885246
87,15455,200,0.0,0.0004109524664018679,0,0.065
88,15597,142,0.361,0.36246453850046406,1,0.14788732394366197
89,15680,83,0.6265000000000001,0.626887530114257,1,0.012048192771084338
90,15776,96,0.5680000000000001,0.5684552643487514,1,0.09375
91,15852,76,0.6579999999999999,0.6581671824191626,1,0.013157894736842105
92,15897,45,0.7975,0.7992283070893206,1,0.044444444444444446
93,16005,108,0.514,0.5165623801321747,1,0.1111111111111111
94,16205,200,0.0,0.00020142782731706697,0,0.155
95,16405,200,0.0,0.0005911227805055229,0,0.365
96,16514,109,0.5095,0.5119024003652742,1,0.03669724770642202
97,16680,166,0.253,0.2534225885258525,1,0.09036144578313253
98,16753,73,0.6715,0.671945467268836,1,0.0136986301369863
99,16953,200,0.0,0.00034448832104363243,0,0.255
100,17099,146,0.34299999999999997,0.3441576474121859,1,0.02054794520547945
101,17123,24,0.892,0.8920538738107302,1,0.041666666666666664
102,17323,200,0.0,0.0003619268702620974,0,0.145
103,17353,30,0.865,0.8651066964537822,1,0.03333333333333333
104,17458,105,0.5275,0.5278290562278941,1,0.14285714285714285
105,17514,56,0.748,0.748191273488293,1,0.017857142857142856
106,17589,75,0.6625,0.6626805691039194,1,0.2
107,17637,48,0.784,0.7841042574358689,1,0.0625
108,17716,79,0.6445,0.6448944331262861,1,0.13924050632911392
109,17837,121,0.4555,0.45593897066766137,1,0.10743801652892562
110,17985,148,0.33399999999999996,0.33427212141151186,1,0.10810810810810811
111,18009,24,0.892,0.8920381107927604,1,0.125
112,18201,192,0.136,0.13932182850860558,1,0.0625
113,18274,73,0.6715,0.6719344231368741,1,0.0547945205479452
114,18408,134,0.3969999999999999,0.3987769776382812,1,0.07462686567164178
115,18454,46,0.7929999999999999,0.7931257094877513,1,0.021739130434782608
116,18574,120,0.45999999999999996,0.46019546997431654,1,0.175
117,18652,78,0.649,0.649129733825314,1,0.16666666666666666
118,18785,133,0.40149999999999997,0.4018667927059013,1,0.10526315789473684
119,18856,71,0.6805,0.6812241062317477,1,0.09859154929577464
120,18889,33,0.8514999999999999,0.8515701584463998,1,0.09090909090909091
121,19001,112,0.4959999999999999,0.496221288097072,1,0.008928571428571428
122,19125,124,0.44199999999999995,0.4434259587499516,1,0.0967741935483871
123,19183,58,0.739,0.7391552792549039,1,0.1896551724137931
124,19226,43,0.8065,0.8065500201673496,1,0.06976744186046512
125,19269,43,0.8065,0.8065539578513446,1,0.11627906976744186
126,19303,34,0.847,0.8470413593771385,1,0.029411764705882353
127,19337,34,0.847,0.8470534894965573,1,0.08823529411764706
128,19455,118,0.469,0.4696604397165904,1,0.2542372881355932
129,19528,73,0.6715,0.6716165121852975,1,0.1095890410958904
130,19609,81,0.6355,0.6355964124090726,1,0.25925925925925924
131,19671,62,0.721,0.7212330930202505,1,0.06451612903225806
132,19750,79,0.6445,0.6451369578905991,1,0.05063291139240506
133,19830,80,0.6399999999999999,0.6401513013404095,1,0.0125
134,19883,53,0.7615,0.7616747752316467,1,0.018867924528301886
135,20033,150,0.32499999999999996,0.32628116199023144,1,0.12666666666666668
136,20161,128,0.42399999999999993,0.4243285396133756,1,0.125
137,20352,191,0.14050000000000007,0.14068941709968036,1,0.19895287958115182
138,20378,26,0.883,0.8830245909753707,1,0.11538461538461539
139,20510,132,0.4059999999999999,0.4061667738098506,1,0.19696969696969696
140,20580,70,0.685,0.6850888594540915,1,0.04285714285714286
141,20673,93,0.5814999999999999,0.5816328907913523,1,0.010752688172043012
142,20772,99,0.5545,0.5546222736077618,1,0.0707070707070707
143,20972,200,0.0,0.0001462165921589924,0,0.33
144,21024,52,0.766,0.7664811339562342,1,0.17307692307692307
145,21187,163,0.26650000000000007,0.2674882004198106,1,0.22085889570552147
146,21264,77,0.6535,0.6535786301434937,1,0.44155844155844154
147,21464,200,0.0,0.00013050588145600261,0,0.08
148,21532,68,0.694,0.6947924994997898,1,0.20588235294117646
149,21620,88,0.604,0.6040901779194017,1,0.4431818181818182
150,21783,163,0.26650000000000007,0.2670733960764677,1,0.147239263803681
151,21855,72,0.6759999999999999,0.6760596272820197,1,0.013888888888888888
152,21960,105,0.5275,0.527606498245066,1,0.26666666666666666
153,22052,92,0.586,0.5860906435727857,1,0.20652173913043478
154,22127,75,0.6625,0.6625528287155794,1,0.13333333333333333
155,22157,30,0.865,0.8650177441833132,1,0.1
156,22181,24,0.892,0.8920845721288441,1,0.041666666666666664
157,22297,116,0.478,0.4780590258812581,1,0.04310344827586207
158,22376,79,0.6445,0.644544492534961,1,0.11392405063291139
159,22414,38,0.829,0.8290242163034345,1,0.02631578947368421
160,22452,38,0.829,0.8290356323128526,1,0.07894736842105263
161,22509,57,0.7435,0.7435844952416205,1,0.24561403508771928
162,22579,70,0.685,0.6850602873439786,1,0.18571428571428572
163,22627,48,0.784,0.7840735040237928,1,0.020833333333333332
164,22653,26,0.883,0.8830381346750759,1,0.038461538461538464
165,22708,55,0.7525,0.7525431633290937,1,0.3090909090909091
166,22728,20,0.91,0.9100160849757829,1,0.05
167,22770,42,0.8109999999999999,0.8110410325616179,1,0.14285714285714285
168,22820,50,0.775,0.7751103656274134,1,0.02
169,22900,80,0.6399999999999999,0.6400627889390911,1,0.1375
170,22946,46,0.7929999999999999,0.7930433437311523,1,0.06521739130434782
171,22978,32,0.856,0.8560193308828918,1,0.03125
172,23020,42,0.8109999999999999,0.8110261092512396,1,0.16666666666666666
173,23061,41,0.8155,0.8155265761791776,1,0.024390243902439025
174,23140,79,0.6445,0.6446227506452636,1,0.10126582278481013
175,23196,56,0.748,0.7485412909655538,1,0.017857142857142856
176,23225,29,0.8694999999999999,0.8695207260058512,1,0.10344827586206896
177,23272,47,0.7885,0.7885508546709963,1,0.3829787234042553
178,23321,49,0.7795,0.7796725326508884,1,0.02040816326530612
179,23357,36,0.838,0.838054721711735,1,0.027777777777777776
180,23397,40,0.82,0.8203679850680484,1,0.2
181,23433,36,0.838,0.8380341554472898,1,0.08333333333333333
182,23459,26,0.883,0.8830127811647667,1,0.038461538461538464
183,23504,45,0.7975,0.7975376320738258,1,0.022222222222222223
184,23521,17,0.9235,0.9235095781427066,1,0.058823529411764705
185,23581,60,0.73,0.7300395435324727,1,0.05
186,23744,163,0.26650000000000007,0.26670703597442114,1,0.049079754601226995
187,23944,200,0.0,6.757655375933787e-05,0,0.04
188,23978,34,0.847,0.8470462984433056,1,0.08823529411764706
189,23998,20,0.91,0.9100119267104688,1,0.05
190,24043,45,0.7975,0.7975349174963042,1,0.2
191,24127,84,0.622,0.6226076332734509,1,0.11904761904761904
192,24165,38,0.829,0.8290313047482591,1,0.13157894736842105
193,24285,120,0.45999999999999996,0.46079770276547877,1,0.10833333333333334
194,24320,35,0.8425,0.842526006311996,1,0.02857142857142857
195,24371,51,0.7705,0.7705307388617836,1,0.17647058823529413
196,24406,35,0.8425,0.842524587242257,1,0.02857142857142857
197,24445,39,0.8245,0.8245247783957225,1,0.02564102564102564
198,24645,200,0.0,9.602070554044605e-05,0,0.015
199,24843,198,0.10899999999999999,0.10908200479305792,1,0.020202020202020204
200,24888,45,0.7975,0.7978527414001644,1,0.13333333333333333
201,24920,32,0.856,0.856018363189114,1,0.03125
202,25120,200,0.0,0.00015920682438879698,0,0.025
203,25318,198,0.10899999999999999,0.10916575037021368,1,0.005050505050505051
204,25379,61,0.7255,0.7255310654809967,1,0.11475409836065574
205,25413,34,0.847,0.8470315634333239,1,0.029411764705882353
206,25436,23,0.8965,0.8965111993555285,1,0.043478260869565216
207,25466,30,0.865,0.865020177191408,1,0.03333333333333333
208,25516,50,0.775,0.7750262142147785,1,0.06
209,25716,200,0.0,6.60668563033776e-05,0,0.09
210,25738,22,0.901,0.9010102485250618,1,0.045454545454545456
211,25773,35,0.8425,0.8425166548761147,1,0.08571428571428572
212,25796,23,0.8965,0.8965161139486733,1,0.043478260869565216
213,25884,88,0.604,0.604203554768413,1,0.03409090909090909
214,25900,16,0.9279999999999999,0.9280073759967434,1,0.0625
215,25938,38,0.829,0.8290154966257797,1,0.07894736842105263
216,25968,30,0.865,0.8650169421434731,1,0.1
217,26005,37,0.8335,0.8337325132749241,1,0.08108108108108109
218,26115,110,0.5049999999999999,0.5050338882032972,1,0.00909090909090909
219,26234,119,0.4645,0.4645569377085906,1,0.05042016806722689
220,26275,41,0.8155,0.815520195430134,1,0.024390243902439025
221,26295,20,0.91,0.9100081974439695,1,0.15
222,26369,74,0.667,0.6670559304873608,1,0.04054054054054054
223,26409,40,0.82,0.8200223026491877,1,0.225
224,26470,61,0.7255,0.7255430012223418,1,0.08196721311475409
225,26492,22,0.901,0.9010104572090855,1,0.045454545454545456
226,26538,46,0.7929999999999999,0.793033141375932,1,0.06521739130434782
227,26580,42,0.8109999999999999,0.8110576360429758,1,0.023809523809523808
228,26636,56,0.748,0.7480425356908245,1,0.05357142857142857
229,26695,59,0.7344999999999999,0.734552226872364,1,0.01694915254237288
230,26854,159,0.2845,0.28455953573150944,1,0.1761006289308176
231,26901,47,0.7885,0.7885345115826408,1,0.14893617021276595
232,26937,36,0.838,0.8380113149633086,1,0.027777777777777776
233,27005,68,0.694,0.6940665893188962,1,0.029411764705882353
234,27056,51,0.7705,0.77070914882557,1,0.0196078431372549
235,27090,34,0.847,0.8470457660479234,1,0.14705882352941177
236,27133,43,0.8065,0.8065196646918955,1,0.023255813953488372
237,27171,38,0.829,0.829017658313345,1,0.02631578947368421
238,27205,34,0.847,0.8470162099069083,1,0.23529411764705882
239,27383,178,0.19899999999999995,0.19909212284015368,1,0.07303370786516854
240,27403,20,0.91,0.9100063160484925,1,0.15
241,27449,46,0.7929999999999999,0.7931502280209504,1,0.021739130434782608
242,27473,24,0.892,0.8920097283311457,1,0.041666666666666664
243,27514,41,0.8155,0.8155248515684839,1,0.024390243902439025
244,27536,22,0.901,0.9010086959155011,1,0.045454545454545456
245,27569,33,0.8514999999999999,0.8515105350825523,1,0.09090909090909091
246,27636,67,0.6984999999999999,0.6985573220758015,1,0.014925373134328358
247,27661,25,0.8875,0.887508017447748,1,0.08
248,27799,138,0.379,0.3790619062715264,1,0.014492753623188406
249,27846,47,0.7885,0.7885209451314197,1,0.2127659574468085
250,27890,44,0.802,0.8022437770042602,1,0.09090909090909091
251,27933,43,0.8065,0.8065156944160831,1,0.023255813953488372
252,28000,67,0.6984999999999999,0.6985382007556826,1,0.29850746268656714
253,28031,31,0.8605,0.8605116084626806,1,0.03225806451612903
254,28055,24,0.892,0.8920110232766292,1,0.041666666666666664
255,28081,26,0.883,0.8830127552286131,1,0.038461538461538464
256,28126,45,0.7975,0.7975308132464698,1,0.06666666666666667
257,28207,81,0.6355,0.6355394149359237,1,0.09876543209876543
258,28288,81,0.6355,0.6355328863347005,1,0.09876543209876543
259,28319,31,0.8605,0.8605202876931032,1,0.03225806451612903
260,28352,33,0.8514999999999999,0.8515137125877124,1,0.030303030303030304
261,28369,17,0.9235,0.9235052191625849,1,0.058823529411764705
262,28385,16,0.9279999999999999,0.9280046243053203,1,0.1875
263,28446,61,0.7255,0.7255244864842599,1,0.08196721311475409
264,28470,24,0.892,0.8920076678607911,1,0.125
265,28550,80,0.6399999999999999,0.6400649161937098,1,0.0375
266,28577,27,0.8785,0.8785085087226214,1,0.037037037037037035
267,28619,42,0.8109999999999999,0.8110339064175496,1,0.023809523809523808
268,28649,30,0.865,0.8650161137911141,1,0.16666666666666666
269,28683,34,0.847,0.8470085663869878,1,0.029411764705882353
270,28715,32,0.856,0.8560154666683797,1,0.03125
271,28738,23,0.8965,0.8965089630417564,1,0.043478260869565216
272,28764,26,0.883,0.8830129359638451,1,0.038461538461538464
273,28829,65,0.7075,0.7075203272040634,1,0.03076923076923077
274,28859,30,0.865,0.8650120212649344,1,0.03333333333333333
275,28905,46,0.7929999999999999,0.7930183821003012,1,0.021739130434782608
276,28934,29,0.8694999999999999,0.8695181952613027,1,0.034482758620689655
277,28974,40,0.82,0.8200121677982153,1,0.025
278,29005,31,0.8605,0.8605139804413072,1,0.03225806451612903
279,29136,131,0.4105,0.41053844379151083,1,0.08396946564885496
280,29180,44,0.802,0.8020242572166263,1,0.022727272727272728
281,29210,30,0.865,0.8650300803571193,1,0.03333333333333333
282,29252,42,0.8109999999999999,0.8110244886771139,1,0.023809523809523808
283,29324,72,0.6759999999999999,0.67606866753685,1,0.041666666666666664
284,29348,24,0.892,0.8920091934536811,1,0.041666666666666664
285,29386,38,0.829,0.8290164428300678,1,0.13157894736842105
286,29445,59,0.7344999999999999,0.7346382861016857,1,0.01694915254237288
287,29482,37,0.8335,0.833542646959216,1,0.08108108108108109
288,29518,36,0.838,0.8380152986555542,1,0.3055555555555556
289,29540,22,0.901,0.9010122295870164,1,0.045454545454545456
290,29578,38,0.829,0.829014885324544,1,0.2894736842105263
291,29602,24,0.892,0.8920114455477236,1,0.041666666666666664
292,29687,85,0.6174999999999999,0.6179591635918324,1,0.011764705882352941
293,29727,40,0.82,0.8200230134959612,1,0.025
294,29871,144,0.352,0.35263238130232455,1,0.013888888888888888
295,29903,32,0.856,0.8560122147629852,1,0.03125
296,30009,106,0.5229999999999999,0.5237683768905967,1,0.018867924528301886
297,30041,32,0.856,0.8560143288690164,1,0.15625
298,30082,41,0.8155,0.8155113309031787,1,0.024390243902439025
299,30121,39,0.8245,0.82454538313825,1,0.02564102564102564
300,30152,31,0.8605,0.8605115014019055,1,0.0967741935483871
301,30217,65,0.7075,0.7078255710267009,1,0.03076923076923077
302,30322,105,0.5275,0.5275977970628258,1,0.02857142857142857
303,30344,22,0.901,0.9010066782790394,1,0.045454545454545456
304,30381,37,0.8335,0.833527972888021,1,0.02702702702702703
305,30408,27,0.8785,0.8785063556434624,1,0.037037037037037035
306,30428,20,0.91,0.910010891218696,1,0.05
307,30483,55,0.7525,0.7525487307693133,1,0.01818181818181818
308,30531,48,0.784,0.7840167940938928,1,0.020833333333333332
309,30565,34,0.847,0.84701085766164,1,0.14705882352941177
310,30599,34,0.847,0.8470165699452884,1,0.029411764705882353
311,30630,31,0.8605,0.8605078886631965,1,0.22580645161290322
312,30687,57,0.7435,0.7435169129138266,1,0.08771929824561403
313,30750,63,0.7164999999999999,0.7165806804496383,1,0.015873015873015872
314,30789,39,0.8245,0.8245182332784033,1,0.02564102564102564
315,30869,80,0.6399999999999999,0.6400676349282863,1,0.0125
316,30891,22,0.901,0.9010059155682884,1,0.045454545454545456
317,30917,26,0.883,0.8830074428492346,1,0.2692307692307692
318,30940,23,0.8965,0.8965062710387418,1,0.043478260869565216
319,30966,26,0.883,0.8830080660037879,1,0.4230769230769231
320,31006,40,0.82,0.8200871130479903,1,0.35
321,31034,28,0.874,0.8740098415960538,1,0.03571428571428571
322,31077,43,0.8065,0.8065209785623647,1,0.20930232558139536
323,31116,39,0.8245,0.824521261702072,1,0.02564102564102564
324,31150,34,0.847,0.8470105530130945,1,0.20588235294117646
325,31172,22,0.901,0.9010053044979216,1,0.045454545454545456
326,31206,34,0.847,0.8470103403077224,1,0.029411764705882353
327,31243,37,0.8335,0.8335193978658706,1,0.13513513513513514
328,31279,36,0.838,0.8380191936648501,1,0.027777777777777776
329,31293,14,0.9369999999999999,0.9370034232713782,1,0.07142857142857142
330,31330,37,0.8335,0.833510466335812,1,0.13513513513513514
331,31357,27,0.8785,0.8785081513201118,1,0.1111111111111111
332,31389,32,0.856,0.8560122176513102,1,0.09375
333,31418,29,0.8694999999999999,0.8695077479677054,1,0.034482758620689655
334,31440,22,0.901,0.9010066791277648,1,0.13636363636363635
335,31469,29,0.8694999999999999,0.8695067497695755,1,0.034482758620689655
336,31487,18,0.919,0.919007264665829,1,0.16666666666666666
337,31504,17,0.9235,0.923503882129907,1,0.17647058823529413
338,31533,29,0.8694999999999999,0.8695088802520612,1,0.2413793103448276
339,31565,32,0.856,0.8560213359952819,1,0.03125
340,31584,19,0.9145,0.9145040136052563,1,0.05263157894736842
341,31602,18,0.919,0.9190039316645809,1,0.05555555555555555
342,31618,16,0.9279999999999999,0.9280042689856127,1,0.0625
343,31646,28,0.874,0.874017596231323,1,0.10714285714285714
344,31671,25,0.8875,0.8875071127191467,1,0.04
345,31687,16,0.9279999999999999,0.928003448691696,1,0.0625
346,31702,15,0.9325,0.9325033445054149,1,0.06666666666666667
347,31744,42,0.8109999999999999,0.8111101629264041,1,0.19047619047619047
348,31781,37,0.8335,0.833513835002795,1,0.08108108108108109
349,31819,38,0.829,0.8290122662409449,1,0.13157894736842105
350,31863,44,0.802,0.8020165965550717,1,0.11363636363636363
351,31883,20,0.91,0.9100051051535277,1,0.05
352,31903,20,0.91,0.9100051902086141,1,0.15
353,31943,40,0.82,0.8200174196427924,1,0.3
354,31970,27,0.8785,0.8785077301717704,1,0.037037037037037035
355,31996,26,0.883,0.8830100848566165,1,0.038461538461538464
356,32032,36,0.838,0.8380104046108511,1,0.027777777777777776
357,32048,16,0.9279999999999999,0.9280033171723125,1,0.0625
358,32141,93,0.5814999999999999,0.5815704656142305,1,0.010752688172043012
359,32241,100,0.55,0.5500402022615204,1,0.01
360,32280,39,0.8245,0.8245094000699837,1,0.02564102564102564
361,32320,40,0.82,0.820010623650369,1,0.025
362,32387,67,0.6984999999999999,0.6985167284139323,1,0.014925373134328358
363,32411,24,0.892,0.8920065695407362,1,0.20833333333333334
364,32509,98,0.5589999999999999,0.5590373490895665,1,0.09183673469387756
365,32589,80,0.6399999999999999,0.640063078867595,1,0.0125
366,32603,14,0.9369999999999999,0.9370042869475835,1,0.07142857142857142
367,32648,45,0.7975,0.79769236831299,1,0.044444444444444446
368,32667,19,0.9145,0.9145066082757234,1,0.05263157894736842
369,32691,24,0.892,0.8920053533608324,1,0.125
370,32762,71,0.6805,0.680529416513675,1,0.014084507042253521
371,32784,22,0.901,0.9010061796816639,1,0.045454545454545456
372,32857,73,0.6715,0.6715546158129203,1,0.0410958904109589
373,32924,67,0.6984999999999999,0.6985214546382166,1,0.014925373134328358
374,32956,32,0.856,0.8560142244591267,1,0.03125
375,33028,72,0.6759999999999999,0.6760178488127524,1,0.041666666666666664
376,33091,63,0.7164999999999999,0.7166760670732717,1,0.07936507936507936
377,33119,28,0.874,0.8740151844056196,1,0.03571428571428571
378,33188,69,0.6895,0.6898756770695761,1,0.043478260869565216
379,33220,32,0.856,0.8560121770105161,1,0.46875
380,33269,49,0.7795,0.7795110884675381,1,0.02040816326530612
381,33349,80,0.6399999999999999,0.6401646570862324,1,0.025
382,33395,46,0.7929999999999999,0.7930130218621518,1,0.021739130434782608
383,33431,36,0.838,0.8380098319914087,1,0.25
384,33449,18,0.919,0.9190037472346574,1,0.05555555555555555
385,33525,76,0.6579999999999999,0.6582409475710668,1,0.05263157894736842
386,33688,163,0.26650000000000007,0.26692695928417093,1,0.012269938650306749
387,33781,93,0.5814999999999999,0.581815955018602,1,0.06451612903225806
388,33813,32,0.856,0.856019027586525,1,0.03125
389,33838,25,0.8875,0.8875058254923931,1,0.12
390,33893,55,0.7525,0.7525241287771132,1,0.09090909090909091
391,33907,14,0.9369999999999999,0.9370026603388607,1,0.07142857142857142
392,33941,34,0.847,0.8470065908853481,1,0.20588235294117646
393,33955,14,0.9369999999999999,0.9370025541018093,1,0.07142857142857142
394,34011,56,0.748,0.748014426906126,1,0.017857142857142856
395,34042,31,0.8605,0.8605127214928475,1,0.03225806451612903
396,34061,19,0.9145,0.9145049843083982,1,0.05263157894736842
397,34090,29,0.8694999999999999,0.8695091811250372,1,0.034482758620689655
398,34246,156,0.29799999999999993,0.29914398592140873,1,0.01282051282051282
399,34268,22,0.901,0.9010096871043258,1,0.045454545454545456
400,34295,27,0.8785,0.8785084259867793,1,0.037037037037037035
401,34320,25,0.8875,0.8875075650845997,1,0.04
402,34345,25,0.8875,0.8875064014963308,1,0.04
403,34406,61,0.7255,0.7257172116172981,1,0.03278688524590164
404,34570,164,0.262,0.2623383838920077,1,0.012195121951219513
405,34615,45,0.7975,0.7975694665435802,1,0.044444444444444446
406,34646,31,0.8605,0.8605372731623246,1,0.03225806451612903
407,34671,25,0.8875,0.8875103787047035,1,0.04
408,34691,20,0.91,0.9100057142441959,1,0.05
409,34718,27,0.8785,0.8785199504819111,1,0.037037037037037035
410,34764,46,0.7929999999999999,0.7930188595699169,1,0.13043478260869565
411,34797,33,0.8514999999999999,0.8515191907068241,1,0.030303030303030304
412,34884,87,0.6085,0.6088805066917982,1,0.022988505747126436
413,34923,39,0.8245,0.8246609509555729,1,0.10256410256410256
414,34996,73,0.6715,0.6716352541463071,1,0.0273972602739726
415,35099,103,0.5365,0.5367351889223849,1,0.019417475728155338
416,35120,21,0.9055,0.9055035460527759,1,0.14285714285714285
417,35136,16,0.9279999999999999,0.9280049454346015,1,0.0625
418,35181,45,0.7975,0.7975244715883141,1,0.022222222222222223
419,35225,44,0.802,0.802017292483424,1,0.09090909090909091
420,35255,30,0.865,0.8650223025360675,1,0.1
421,35288,33,0.8514999999999999,0.8515072666991278,1,0.030303030303030304
422,35387,99,0.5545,0.5545472081055708,1,0.08080808080808081
423,35415,28,0.874,0.8740058518244849,1,0.10714285714285714
424,35505,90,0.595,0.595228463912611,1,0.044444444444444446
425,35537,32,0.856,0.8560155659277559,1,0.03125
426,35585,48,0.784,0.7840200496183766,1,0.08333333333333333
427,35615,30,0.865,0.8650150887933891,1,0.03333333333333333
428,35682,67,0.6984999999999999,0.6985203531753797,1,0.014925373134328358
429,35782,100,0.55,0.5502518180744462,1,0.04
430,35857,75,0.6625,0.662669422779022,1,0.02666666666666667
431,36038,181,0.1855,0.1855439314958324,1,0.055248618784530384
432,36092,54,0.757,0.7570099168828976,1,0.018518518518518517
433,36147,55,0.7525,0.7526514791446897,1,0.03636363636363636
434,36177,30,0.865,0.8650064516355794,1,0.1
435,36217,40,0.82,0.8200092560535417,1,0.025
436,36417,200,0.0,0.00043974439924718137,0,0.015
437,36574,157,0.2935,0.2938810736035059,1,0.012738853503184714
438,36774,200,0.0,0.0003300426390436138,0,0.01
439,36974,200,0.0,0.0004919640211299343,0,0.02
440,37123,149,0.3295,0.3298521593562727,1,0.013422818791946308
441,37145,22,0.901,0.9010055133553138,1,0.045454545454545456
442,37171,26,0.883,0.8830058119189875,1,0.038461538461538464
443,37193,22,0.901,0.901004033346481,1,0.13636363636363635
444,37285,92,0.586,0.5862118564199972,1,0.021739130434782608
445,37301,16,0.9279999999999999,0.928003774143417,1,0.0625
446,37345,44,0.802,0.8020690002245366,1,0.045454545454545456
447,37382,37,0.8335,0.8335097011592781,1,0.02702702702702703
448,37442,60,0.73,0.730014151269449,1,0.016666666666666666
449,37476,34,0.847,0.847006946768873,1,0.029411764705882353
450,37502,26,0.883,0.8830050124180453,1,0.038461538461538464
451,37561,59,0.7344999999999999,0.7347778939421259,1,0.13559322033898305
452,37586,25,0.8875,0.8875083795319012,1,0.04
453,37610,24,0.892,0.8920052330816534,1,0.125
454,37628,18,0.919,0.9190060677314473,1,0.05555555555555555
455,37662,34,0.847,0.847009037518632,1,0.08823529411764706
456,37707,45,0.7975,0.7975107589066198,1,0.06666666666666667
457,37744,37,0.8335,0.8335139953417645,1,0.02702702702702703
458,37764,20,0.91,0.9100051719927426,1,0.05
459,37799,35,0.8425,0.8425092530726301,1,0.02857142857142857
460,37849,50,0.775,0.775010777590607,1,0.02
461,37885,36,0.838,0.8380074916918184,1,0.027777777777777776
462,37963,78,0.649,0.6491327331429133,1,0.02564102564102564
463,37983,20,0.91,0.9100030629019836,1,0.05
464,38008,25,0.8875,0.8875062729097376,1,0.04
465,38034,26,0.883,0.8830049979106892,1,0.11538461538461539
466,38062,28,0.874,0.8740058989977468,1,0.03571428571428571
467,38090,28,0.874,0.8740058287390964,1,0.03571428571428571
468,38108,18,0.919,0.9190038088765842,1,0.05555555555555555
469,38126,18,0.919,0.9190032645200226,1,0.05555555555555555
470,38146,20,0.91,0.910003378482893,1,0.05
471,38175,29,0.8694999999999999,0.8695465324742142,1,0.06896551724137931
472,38195,20,0.91,0.9100042928701869,1,0.05
473,38221,26,0.883,0.8830060373324564,1,0.11538461538461539
474,38247,26,0.883,0.8830047559600659,1,0.038461538461538464
475,38266,19,0.9145,0.9145038768709832,1,0.15789473684210525
476,38286,20,0.91,0.9100061633577531,1,0.05
477,38302,16,0.9279999999999999,0.9280031204631988,1,0.0625
478,38323,21,0.9055,0.9055047030069097,1,0.14285714285714285
479,38355,32,0.856,0.8560088154571206,1,0.21875
480,38377,22,0.901,0.901005364562909,1,0.13636363636363635
481,38400,23,0.8965,0.8965064922193011,1,0.043478260869565216
482,38419,19,0.9145,0.9145073422837166,1,0.05263157894736842
483,38443,24,0.892,0.8920068379335346,1,0.041666666666666664
484,38477,34,0.847,0.8470102095089558,1,0.029411764705882353
485,38492,15,0.9325,0.9325044084224178,1,0.06666666666666667
486,38525,33,0.8514999999999999,0.8515163960935456,1,0.030303030303030304
487,38559,34,0.847,0.8470176711245041,1,0.20588235294117646
488,38612,53,0.7615,0.7615119754201799,1,0.018867924528301886
489,38626,14,0.9369999999999999,0.9370025987618545,1,0.07142857142857142
490,38650,24,0.892,0.8920040403818954,1,0.041666666666666664
491,38679,29,0.8694999999999999,0.8695055761058385,1,0.034482758620689655
492,38698,19,0.9145,0.9145038022566411,1,0.05263157894736842
493,38720,22,0.901,0.9010042345090443,1,0.045454545454545456
494,38798,78,0.649,0.6490148854469521,1,0.01282051282051282
495,38825,27,0.8785,0.8785051764886623,1,0.1111111111111111
496,38854,29,0.8694999999999999,0.8695056874913876,1,0.034482758620689655
497,38872,18,0.919,0.9190027663424754,1,0.05555555555555555
498,38904,32,0.856,0.8560069074280436,1,0.03125
499,38928,24,0.892,0.8920219149839305,1,0.16666666666666666
500,38946,18,0.919,0.91900382880767,1,0.05555555555555555
501,38970,24,0.892,0.8920058487744895,1,0.125
502,38990,20,0.91,0.9100044308492529,1,0.05
503,39011,21,0.9055,0.9055041441455741,1,0.047619047619047616
504,39062,51,0.7705,0.770576999265885,1,0.0784313725490196
505,39090,28,0.874,0.874009240858378,1,0.10714285714285714
506,39104,14,0.9369999999999999,0.9370035734954043,1,0.07142857142857142
507,39128,24,0.892,0.892007691660904,1,0.041666666666666664
508,39148,20,0.91,0.9100053558798543,1,0.05
509,39172,24,0.892,0.8920060987672469,1,0.041666666666666664
510,39279,107,0.5185,0.5187688443455669,1,0.018691588785046728
511,39461,182,0.18099999999999994,0.18141454642436475,1,0.25274725274725274
512,39538,77,0.6535,0.6535808171656377,1,0.35064935064935066
513,39560,22,0.901,0.9010054249250885,1,0.045454545454545456
514,39760,200,0.0,0.0003338697104916457,0,0.07
515,39779,19,0.9145,0.9145039017405069,1,0.05263157894736842
516,39795,16,0.9279999999999999,0.9280035482483172,1,0.1875
517,39877,82,0.631,0.6312019683512493,1,0.17073170731707318
518,39895,18,0.919,0.9190044989158451,1,0.05555555555555555
519,40010,115,0.48250000000000004,0.4826757145464711,1,0.06956521739130435
520,40024,14,0.9369999999999999,0.9370029575765583,1,0.07142857142857142
521,40042,18,0.919,0.9190035189188056,1,0.05555555555555555
522,40060,18,0.919,0.9190038702364661,1,0.16666666666666666
523,40088,28,0.874,0.87401518506992,1,0.03571428571428571
524,40110,22,0.901,0.9010037862803704,1,0.13636363636363635
525,40128,18,0.919,0.9190034859808015,1,0.05555555555555555
526,40150,22,0.901,0.9010046481102499,1,0.045454545454545456
527,40172,22,0.901,0.9010177734967194,1,0.09090909090909091
528,40212,40,0.82,0.8200066005279428,1,0.025
529,40279,67,0.6984999999999999,0.6986376122899419,1,0.11940298507462686
530,40295,16,0.9279999999999999,0.9280041605738321,1,0.0625
531,40312,17,0.9235,0.9235040379010206,1,0.058823529411764705
532,40333,21,0.9055,0.9055049193267025,1,0.047619047619047616
533,40350,17,0.9235,0.9235028818162482,1,0.058823529411764705
534,40478,128,0.42399999999999993,0.4240437156960021,1,0.015625
535,40494,16,0.9279999999999999,0.9280028619508857,1,0.0625
536,40515,21,0.9055,0.9055050484462097,1,0.047619047619047616
537,40544,29,0.8694999999999999,0.8695175552052335,1,0.13793103448275862
538,40568,24,0.892,0.8920056478842708,1,0.041666666666666664
539,40600,32,0.856,0.8560129835227829,1,0.03125
540,40627,27,0.8785,0.8785146056773545,1,0.037037037037037035
541,40641,14,0.9369999999999999,0.937001910142019,1,0.07142857142857142
542,40779,138,0.379,0.37903262481414807,1,0.007246376811594203
543,40812,33,0.8514999999999999,0.8515047060417705,1,0.030303030303030304
544,40843,31,0.8605,0.860505019254886,1,0.16129032258064516
545,40861,18,0.919,0.9190040007878179,1,0.05555555555555555
546,40877,16,0.9279999999999999,0.9280028240275733,1,0.0625
547,40891,14,0.9369999999999999,0.9370022930736452,1,0.07142857142857142
548,40915,24,0.892,0.89200612152479,1,0.041666666666666664
549,40967,52,0.766,0.7660135303476325,1,0.019230769230769232
550,40985,18,0.919,0.9190028536880327,1,0.05555555555555555
551,41026,41,0.8155,0.8155454940504854,1,0.24390243902439024
552,41042,16,0.9279999999999999,0.9280025092113295,1,0.0625
553,41056,14,0.9369999999999999,0.9370024942995807,1,0.07142857142857142
554,41084,28,0.874,0.8740079076008653,1,0.03571428571428571
555,41102,18,0.919,0.9190050752853376,1,0.05555555555555555
556,41118,16,0.9279999999999999,0.9280030572990106,1,0.1875
557,41144,26,0.883,0.883004745121669,1,0.11538461538461539
558,41160,16,0.9279999999999999,0.9280026240020324,1,0.0625
559,41176,16,0.9279999999999999,0.9280022974089263,1,0.1875
560,41192,16,0.9279999999999999,0.9280032678310948,1,0.0625
561,41212,20,0.91,0.9100035744943105,1,0.05
562,41232,20,0.91,0.9100035879352886,1,0.05
563,41254,22,0.901,0.9010133169687408,1,0.13636363636363635
564,41276,22,0.901,0.9010049492469901,1,0.3181818181818182
565,41299,23,0.8965,0.8965047090905037,1,0.043478260869565216
566,41315,16,0.9279999999999999,0.9280032277379769,1,0.0625
567,41331,16,0.9279999999999999,0.9280041748075877,1,0.0625
568,41355,24,0.892,0.8920070098936462,1,0.041666666666666664
569,41381,26,0.883,0.8830065664039042,1,0.19230769230769232
570,41420,39,0.8245,0.8245701417889855,1,0.10256410256410256
571,41440,20,0.91,0.9100033493488515,1,0.15
572,41466,26,0.883,0.8830108373942638,1,0.038461538461538464
573,41480,14,0.9369999999999999,0.937002264397972,1,0.07142857142857142
574,41500,20,0.91,0.9100033046201312,1,0.05
575,41518,18,0.919,0.9190038073991732,1,0.05555555555555555
576,41544,26,0.883,0.8830046550126947,1,0.07692307692307693
577,41562,18,0.919,0.91900327878366,1,0.05555555555555555
578,41592,30,0.865,0.8650058571542198,1,0.16666666666666666
579,41618,26,0.883,0.8830128177074654,1,0.11538461538461539
580,41634,16,0.9279999999999999,0.9280022136919432,1,0.0625
581,41652,18,0.919,0.9190043133128976,1,0.05555555555555555
582,41670,18,0.919,0.9190048120581992,1,0.05555555555555555
583,41706,36,0.838,0.8380504257231812,1,0.1111111111111111
584,41722,16,0.9279999999999999,0.928004903096895,1,0.0625
585,41740,18,0.919,0.9190039462525276,1,0.16666666666666666
586,41773,33,0.8514999999999999,0.8515139586332093,1,0.030303030303030304
587,41793,20,0.91,0.9100032927374976,1,0.05
588,41817,24,0.892,0.892007191085188,1,0.041666666666666664
589,41837,20,0.91,0.9100031145794074,1,0.05
590,41851,14,0.9369999999999999,0.9370016853001976,1,0.07142857142857142
591,41867,16,0.9279999999999999,0.9280027657632928,1,0.0625
592,41889,22,0.901,0.9010033918982212,1,0.13636363636363635
593,41907,18,0.919,0.9190099736879261,1,0.05555555555555555
594,41927,20,0.91,0.9100030501549035,1,0.15
595,41945,18,0.919,0.919004322797121,1,0.05555555555555555
596,41965,20,0.91,0.9100045790118435,1,0.15
597,41987,22,0.901,0.9010059101947698,1,0.3181818181818182
598,42003,16,0.9279999999999999,0.928002774620054,1,0.1875
599,42023,20,0.91,0.9100050464227769,1,0.25
600,42037,14,0.9369999999999999,0.9370034731306883,1,0.07142857142857142
601,42055,18,0.919,0.9190031933307516,1,0.05555555555555555
602,42071,16,0.9279999999999999,0.9280029256065849,1,0.0625
603,42089,18,0.919,0.9190041722883923,1,0.05555555555555555
604,42106,17,0.9235,0.9235030708057745,1,0.058823529411764705
605,42122,16,0.9279999999999999,0.9280032961492295,1,0.0625
606,42144,22,0.901,0.9010052152785862,1,0.045454545454545456
607,42164,20,0.91,0.9100035872945166,1,0.25
608,42179,15,0.9325,0.9325030090179789,1,0.06666666666666667
609,42203,24,0.892,0.892007189114876,1,0.041666666666666664
610,42233,30,0.865,0.8650096994913195,1,0.03333333333333333
611,42251,18,0.919,0.9190038817966636,1,0.05555555555555555
612,42277,26,0.883,0.8830068120748021,1,0.038461538461538464
613,42293,16,0.9279999999999999,0.9280035680825687,1,0.0625
614,42311,18,0.919,0.9190037157447285,1,0.05555555555555555
615,42334,23,0.8965,0.8965050079304325,1,0.043478260869565216
616,42350,16,0.9279999999999999,0.9280024971643505,1,0.0625
617,42364,14,0.9369999999999999,0.9370020662276909,1,0.07142857142857142
618,42384,20,0.91,0.9100028029974497,1,0.05
619,42410,26,0.883,0.8830088999472642,1,0.038461538461538464
620,42434,24,0.892,0.8920060019636961,1,0.041666666666666664
621,42450,16,0.9279999999999999,0.9280039958362655,1,0.0625
622,42467,17,0.9235,0.923504451213956,1,0.058823529411764705
623,42481,14,0.9369999999999999,0.9370028035149158,1,0.07142857142857142
624,42495,14,0.9369999999999999,0.9370023759308601,1,0.07142857142857142
625,42511,16,0.9279999999999999,0.9280023629987133,1,0.0625
626,42525,14,0.9369999999999999,0.9370024041274824,1,0.07142857142857142
627,42539,14,0.9369999999999999,0.9370023547134123,1,0.07142857142857142
628,42555,16,0.9279999999999999,0.9280024166711247,1,0.0625
629,42577,22,0.901,0.9010031980626708,1,0.22727272727272727
630,42593,16,0.9279999999999999,0.9280025353100259,1,0.0625
631,42607,14,0.9369999999999999,0.9370021156361117,1,0.07142857142857142
632,42623,16,0.9279999999999999,0.9280028823504554,1,0.0625
633,42639,16,0.9279999999999999,0.9280024088961516,1,0.0625
634,42661,22,0.901,0.9010072233518786,1,0.045454545454545456
635,42683,22,0.901,0.9010062046376662,1,0.045454545454545456
636,42713,30,0.865,0.8650105451462048,1,0.03333333333333333
637,42731,18,0.919,0.9190033330691003,1,0.2777777777777778
638,42760,29,0.8694999999999999,0.8695052008090484,1,0.034482758620689655
639,42782,22,0.901,0.9010033594034516,1,0.045454545454545456
640,42849,67,0.6984999999999999,0.6985812802877162,1,0.04477611940298507
641,42865,16,0.9279999999999999,0.9280020870378073,1,0.0625
642,42885,20,0.91,0.9100040460075806,1,0.05
643,42903,18,0.919,0.9190028493389665,1,0.05555555555555555
644,42917,14,0.9369999999999999,0.9370019889668504,1,0.07142857142857142
645,42937,20,0.91,0.9100030878841904,1,0.05
646,42953,16,0.9279999999999999,0.9280026611559634,1,0.0625
647,42979,26,0.883,0.8830062018972973,1,0.038461538461538464
648,42995,16,0.9279999999999999,0.9280040585693143,1,0.0625
649,43015,20,0.91,0.9100050301031506,1,0.05
650,43042,27,0.8785,0.8785052418769324,1,0.037037037037037035
651,43058,16,0.9279999999999999,0.9280027196254512,1,0.1875
652,43086,28,0.874,0.8740080367113016,1,0.10714285714285714
653,43109,23,0.8965,0.8965054169676782,1,0.043478260869565216
654,43131,22,0.901,0.9010064802223097,1,0.045454545454545456
655,43149,18,0.919,0.9190045851439469,1,0.05555555555555555
656,43169,20,0.91,0.9100065365215337,1,0.05
657,43183,14,0.9369999999999999,0.9370024327575116,1,0.07142857142857142
658,43197,14,0.9369999999999999,0.937002300379777,1,0.07142857142857142
659,43215,18,0.919,0.9190055242579455,1,0.05555555555555555
660,43235,20,0.91,0.9100043939003345,1,0.15
661,43257,22,0.901,0.9010033626056371,1,0.045454545454545456
662,43273,16,0.9279999999999999,0.92800300014121,1,0.1875
663,43289,16,0.9279999999999999,0.9280030766808832,1,0.0625
664,43307,18,0.919,0.9190033602041607,1,0.05555555555555555
665,43336,29,0.8694999999999999,0.8695078950264833,1,0.10344827586206896
666,43359,23,0.8965,0.8965047333852858,1,0.043478260869565216
667,43373,14,0.9369999999999999,0.9370019172169808,1,0.07142857142857142
668,43389,16,0.9279999999999999,0.9280024339001569,1,0.0625
669,43405,16,0.9279999999999999,0.9280024109103484,1,0.0625
670,43419,14,0.9369999999999999,0.9370018780776949,1,0.07142857142857142
671,43433,14,0.9369999999999999,0.9370016508830855,1,0.07142857142857142
672,43447,14,0.9369999999999999,0.9370017670637244,1,0.07142857142857142
673,43463,16,0.9279999999999999,0.9280017331352677,1,0.0625
674,43477,14,0.9369999999999999,0.9370015561617752,1,0.07142857142857142
675,43491,14,0.9369999999999999,0.9370023047884375,1,0.07142857142857142
676,43511,20,0.91,0.9100031089485355,1,0.15
677,43531,20,0.91,0.9100050199168159,1,0.05
678,43554,23,0.8965,0.8965039766953076,1,0.043478260869565216
679,43578,24,0.892,0.8920040613149652,1,0.2916666666666667
680,43594,16,0.9279999999999999,0.9280022250788985,1,0.0625
681,43608,14,0.9369999999999999,0.9370020025825833,1,0.07142857142857142
682,43624,16,0.9279999999999999,0.9280033828485678,1,0.1875
683,43640,16,0.9279999999999999,0.9280031736389587,1,0.0625
684,43658,18,0.919,0.9190038519972723,1,0.05555555555555555
685,43672,14,0.9369999999999999,0.9370024525865518,1,0.07142857142857142
686,43688,16,0.9279999999999999,0.9280027956104828,1,0.0625
687,43708,20,0.91,0.9100053119643413,1,0.05
688,43728,20,0.91,0.9100035381132465,1,0.15
689,43744,16,0.9279999999999999,0.9280040422998113,1,0.0625
690,43764,20,0.91,0.9100062545690604,1,0.05
691,43782,18,0.919,0.9190057620906695,1,0.05555555555555555
692,43802,20,0.91,0.9100149399922159,1,0.05
693,43820,18,0.919,0.9190047038904889,1,0.05555555555555555
694,43836,16,0.9279999999999999,0.9280035143909989,1,0.0625
695,43864,28,0.874,0.8740126763562686,1,0.03571428571428571
696,43882,18,0.919,0.9190027061996734,1,0.05555555555555555
697,43897,15,0.9325,0.932502447068734,1,0.06666666666666667
698,43911,14,0.9369999999999999,0.9370020714510722,1,0.07142857142857142
699,43929,18,0.919,0.9190027514281597,1,0.05555555555555555
700,43949,20,0.91,0.9100031808521001,1,0.15
701,43977,28,0.874,0.8740051816848011,1,0.03571428571428571
702,43991,14,0.9369999999999999,0.9370020589209247,1,0.07142857142857142
703,44011,20,0.91,0.9100068699432927,1,0.05
704,44036,25,0.8875,0.8875034944689282,1,0.12
705,44059,23,0.8965,0.8965041683539666,1,0.13043478260869565
706,44075,16,0.9279999999999999,0.92800203072079,1,0.0625
707,44091,16,0.9279999999999999,0.9280026084936548,1,0.0625
708,44139,48,0.784,0.7840085842984788,1,0.020833333333333332
709,44168,29,0.8694999999999999,0.8695049042936889,1,0.2413793103448276
710,44186,18,0.919,0.9190031604636626,1,0.05555555555555555
711,44204,18,0.919,0.919002494549564,1,0.2777777777777778
712,44222,18,0.919,0.9190028642974111,1,0.16666666666666666
713,44262,40,0.82,0.820011812619511,1,0.025
714,44300,38,0.829,0.829023164419425,1,0.02631578947368421
715,44322,22,0.901,0.9010098036061337,1,0.22727272727272727
716,44338,16,0.9279999999999999,0.9280038172146975,1,0.0625
717,44354,16,0.9279999999999999,0.9280049234148904,1,0.0625
718,44370,16,0.9279999999999999,0.9280032622384639,1,0.0625
719,44386,16,0.9279999999999999,0.9280027830985454,1,0.0625
720,44405,19,0.9145,0.9145028124261975,1,0.05263157894736842
721,44423,18,0.919,0.9190027606829981,1,0.05555555555555555
722,44439,16,0.9279999999999999,0.9280019815651238,1,0.1875
723,44455,16,0.9279999999999999,0.9280023792371377,1,0.0625
724,44479,24,0.892,0.8920039564019839,1,0.041666666666666664
725,44495,16,0.9279999999999999,0.9280020786497026,1,0.0625
726,44519,24,0.892,0.8920036493114091,1,0.041666666666666664
727,44539,20,0.91,0.9100020837989838,1,0.15
728,44557,18,0.919,0.9190018022125983,1,0.05555555555555555
729,44576,19,0.9145,0.9145021593791961,1,0.05263157894736842
730,44599,23,0.8965,0.8965031168903591,1,0.043478260869565216
731,44615,16,0.9279999999999999,0.9280023645546425,1,0.0625
732,44640,25,0.8875,0.8875045887081009,1,0.04
733,44656,16,0.9279999999999999,0.9280023592307736,1,0.1875
734,44672,16,0.9279999999999999,0.9280025214705779,1,0.0625
735,44690,18,0.919,0.9190025168877037,1,0.05555555555555555
736,44708,18,0.919,0.9190034540225215,1,0.05555555555555555
737,44740,32,0.856,0.856005349324627,1,0.125
738,44762,22,0.901,0.901005196711097,1,0.22727272727272727
739,44778,16,0.9279999999999999,0.9280056021213959,1,0.0625
740,44798,20,0.91,0.910008278246859,1,0.05
741,44828,30,0.865,0.8650101675622051,1,0.1
742,44845,17,0.9235,0.9235029031714511,1,0.058823529411764705
743,44867,22,0.901,0.9010040646456715,1,0.045454545454545456
744,44897,30,0.865,0.8650037460344131,1,0.03333333333333333
745,44911,14,0.9369999999999999,0.9370013608664771,1,0.07142857142857142
746,44939,28,0.874,0.8740039395588898,1,0.03571428571428571
747,44955,16,0.9279999999999999,0.9280017421744041,1,0.0625
748,44981,26,0.883,0.8830048687696957,1,0.038461538461538464
749,44999,18,0.919,0.9190025058202681,1,0.05555555555555555
750,45034,35,0.8425,0.8425088869862043,1,0.02857142857142857
751,45052,18,0.919,0.9190025264278032,1,0.05555555555555555
752,45072,20,0.91,0.9100024440990064,1,0.15
753,45092,20,0.91,0.9100042236324574,1,0.05
754,45110,18,0.919,0.9190036901158478,1,0.05555555555555555
755,45128,18,0.919,0.9190055604562586,1,0.16666666666666666
756,45144,16,0.9279999999999999,0.9280053078438163,1,0.1875
757,45167,23,0.8965,0.8965094903339869,1,0.30434782608695654
758,45184,17,0.9235,0.9235038213070005,1,0.058823529411764705
759,45208,24,0.892,0.8920032011995443,1,0.125
760,45256,48,0.784,0.784008171371263,1,0.7291666666666666
761,45270,14,0.9369999999999999,0.9370015682003427,1,0.07142857142857142
762,45299,29,0.8694999999999999,0.8695048649544065,1,0.1724137931034483
763,45320,21,0.9055,0.9055026443738766,1,0.047619047619047616
764,45337,17,0.9235,0.9235018349359377,1,0.058823529411764705
765,45359,22,0.901,0.9010039434057658,1,0.13636363636363635
766,45377,18,0.919,0.919002692888043,1,0.05555555555555555
767,45399,22,0.901,0.9010040076717715,1,0.3181818181818182
768,45413,14,0.9369999999999999,0.9370017427319388,1,0.07142857142857142
769,45432,19,0.9145,0.9145022537782317,1,0.05263157894736842
770,45465,33,0.8514999999999999,0.8515059411780116,1,0.3333333333333333
771,45481,16,0.9279999999999999,0.9280020860955318,1,0.0625
772,45497,16,0.9279999999999999,0.9280021932885495,1,0.0625
773,45538,41,0.8155,0.8155099616166515,1,0.5853658536585366
774,45568,30,0.865,0.8650076575920573,1,0.03333333333333333
775,45586,18,0.919,0.9190048631687613,1,0.05555555555555555
776,45607,21,0.9055,0.9055039098694883,1,0.3333333333333333
777,45621,14,0.9369999999999999,0.9370021152946311,1,0.07142857142857142
778,45635,14,0.9369999999999999,0.9370022439950553,1,0.07142857142857142
779,45655,20,0.91,0.9100042000040421,1,0.05
780,45671,16,0.9279999999999999,0.9280021405927026,1,0.0625
781,45687,16,0.9279999999999999,0.9280022078695861,1,0.0625
782,45725,38,0.829,0.8290076383373552,1,0.02631578947368421
783,45751,26,0.883,0.8830051665687155,1,0.4230769230769231
784,45779,28,0.874,0.8740057090354802,1,0.4642857142857143
785,45817,38,0.829,0.8290073864378353,1,0.4473684210526316
786,45839,22,0.901,0.9010030057634909,1,0.22727272727272727
787,45867,28,0.874,0.8740058448030112,1,0.03571428571428571
788,45881,14,0.9369999999999999,0.9370031541945537,1,0.07142857142857142
789,45903,22,0.901,0.9010043838729297,1,0.22727272727272727
790,45917,14,0.9369999999999999,0.9370024280386017,1,0.07142857142857142
791,45933,16,0.9279999999999999,0.9280035460134745,1,0.0625
792,45951,18,0.919,0.9190032946516937,1,0.16666666666666666
793,45975,24,0.892,0.8920050249081727,1,0.041666666666666664
794,45995,20,0.91,0.9100038053794115,1,0.25
795,46014,19,0.9145,0.9145032635896386,1,0.05263157894736842
796,46030,16,0.9279999999999999,0.9280040493130369,1,0.1875
797,46054,24,0.892,0.8920068580917682,1,0.375
798,46072,18,0.919,0.9190033121276807,1,0.16666666666666666
799,46086,14,0.9369999999999999,0.9370017583972221,1,0.07142857142857142
800,46102,16,0.9279999999999999,0.9280021523516263,1,0.0625
801,46130,28,0.874,0.8740043031234661,1,0.5357142857142857
802,46148,18,0.919,0.9190029937622192,1,0.05555555555555555
803,46162,14,0.9369999999999999,0.9370011661472554,1,0.07142857142857142
804,46180,18,0.919,0.9190023607944175,1,0.05555555555555555
805,46200,20,0.91,0.9100025119967987,1,0.15
806,46224,24,0.892,0.8920031950110634,1,0.4583333333333333
807,46248,24,0.892,0.8920028803506438,1,0.375
808,46274,26,0.883,0.8830036500865934,1,0.2692307692307692
809,46290,16,0.9279999999999999,0.9280022997319454,1,0.0625
810,46304,14,0.9369999999999999,0.9370017707096967,1,0.07142857142857142
811,46322,18,0.919,0.9190027081329314,1,0.05555555555555555
812,46340,18,0.919,0.9190028223711232,1,0.05555555555555555
813,46360,20,0.91,0.9100028335267745,1,0.25
814,46376,16,0.9279999999999999,0.9280021437238489,1,0.1875
815,46394,18,0.919,0.9190021624085156,1,0.05555555555555555
816,46416,22,0.901,0.9010034423868006,1,0.3181818181818182
817,46438,22,0.901,0.9010031634963582,1,0.22727272727272727
818,46470,32,0.856,0.8560066009936429,1,0.4375
819,46492,22,0.901,0.9010031344201669,1,0.3181818181818182
820,46508,16,0.9279999999999999,0.9280023222588842,1,0.1875
821,46524,16,0.9279999999999999,0.9280021463658252,1,0.0625
822,46544,20,0.91,0.9100024958411654,1,0.35
823,46572,28,0.874,0.8740052272348073,1,0.4642857142857143
824,46589,17,0.9235,0.9235019621082963,1,0.058823529411764705
825,46607,18,0.919,0.9190028749714726,1,0.05555555555555555
826,46621,14,0.9369999999999999,0.9370023002854087,1,0.07142857142857142
827,46638,17,0.9235,0.9235036623665945,1,0.17647058823529413
828,46658,20,0.91,0.9100050594227885,1,0.35
829,46686,28,0.874,0.8740069167450749,1,0.32142857142857145
830,46702,16,0.9279999999999999,0.9280034890225203,1,0.0625
831,46717,15,0.9325,0.9325021043257476,1,0.06666666666666667
832,46733,16,0.9279999999999999,0.9280031703551184,1,0.0625
833,46749,16,0.9279999999999999,0.9280026685251858,1,0.0625
834,46765,16,0.9279999999999999,0.9280021334438336,1,0.0625
835,46785,20,0.91,0.9100045707003653,1,0.15
836,46823,38,0.829,0.8290072165216429,1,0.13157894736842105
837,46845,22,0.901,0.901004303127192,1,0.22727272727272727
838,46867,22,0.901,0.9010035779823983,1,0.045454545454545456
839,46889,22,0.901,0.9010025847974633,1,0.13636363636363635
840,46903,14,0.9369999999999999,0.9370015102085751,1,0.07142857142857142
841,46919,16,0.9279999999999999,0.9280026045128468,1,0.1875
842,46935,16,0.9279999999999999,0.9280029489507595,1,0.1875
843,46949,14,0.9369999999999999,0.9370027376216974,1,0.07142857142857142
844,46981,32,0.856,0.8560085278937333,1,0.53125
845,47003,22,0.901,0.9010042163606976,1,0.4090909090909091
846,47045,42,0.8109999999999999,0.8110086557633531,1,0.6904761904761905
847,47061,16,0.9279999999999999,0.9280035683722505,1,0.0625
848,47077,16,0.9279999999999999,0.9280033719202558,1,0.0625
849,47091,14,0.9369999999999999,0.9370037001606331,1,0.07142857142857142
850,47105,14,0.9369999999999999,0.9370027802624185,1,0.07142857142857142
851,47131,26,0.883,0.8830072627299298,1,0.4230769230769231
852,47145,14,0.9369999999999999,0.9370021155160003,1,0.07142857142857142
853,47169,24,0.892,0.8920030354285112,1,0.041666666666666664
854,47183,14,0.9369999999999999,0.9370016052705592,1,0.07142857142857142
855,47199,16,0.9279999999999999,0.9280026695649481,1,0.0625
856,47213,14,0.9369999999999999,0.9370021094079896,1,0.07142857142857142
857,47233,20,0.91,0.9100028800734593,1,0.25
858,47251,18,0.919,0.9190031202089278,1,0.05555555555555555
859,47265,14,0.9369999999999999,0.9370015131708598,1,0.07142857142857142
860,47283,18,0.919,0.919001833248963,1,0.05555555555555555
861,47299,16,0.9279999999999999,0.9280015117185437,1,0.0625
862,47313,14,0.9369999999999999,0.9370013443978132,1,0.07142857142857142
863,47406,93,0.5814999999999999,0.5815156393772339,1,0.053763440860215055
864,47426,20,0.91,0.9100039441620005,1,0.15
865,47440,14,0.9369999999999999,0.9370022082028964,1,0.07142857142857142
866,47458,18,0.919,0.9190026560274773,1,0.16666666666666666
867,47472,14,0.9369999999999999,0.9370017721497801,1,0.07142857142857142
868,47486,14,0.9369999999999999,0.9370016817392931,1,0.07142857142857142
869,47504,18,0.919,0.9190019621016848,1,0.16666666666666666
870,47556,52,0.766,0.7660068334521558,1,0.019230769230769232
871,47579,23,0.8965,0.8965032963303977,1,0.043478260869565216
872,47595,16,0.9279999999999999,0.9280021453138578,1,0.1875
873,47611,16,0.9279999999999999,0.9280022673078406,1,0.1875
874,47627,16,0.9279999999999999,0.9280027711962168,1,0.1875
875,47645,18,0.919,0.9190033998578897,1,0.05555555555555555
876,47661,16,0.9279999999999999,0.9280032521411928,1,0.1875
877,47675,14,0.9369999999999999,0.9370043414868852,1,0.07142857142857142
878,47689,14,0.9369999999999999,0.937003364915207,1,0.07142857142857142
879,47705,16,0.9279999999999999,0.9280056028085127,1,0.0625
880,47731,26,0.883,0.8830082334027584,1,0.038461538461538464
881,47745,14,0.9369999999999999,0.9370039087660967,1,0.07142857142857142
882,47759,14,0.9369999999999999,0.9370048450301238,1,0.07142857142857142
883,47777,18,0.919,0.9190052165040765,1,0.05555555555555555
884,47791,14,0.9369999999999999,0.9370022490043332,1,0.07142857142857142
885,47809,18,0.919,0.9190027311702184,1,0.05555555555555555
886,47827,18,0.919,0.9190023595641396,1,0.05555555555555555
887,47851,24,0.892,0.8920081433791656,1,0.041666666666666664
888,47869,18,0.919,0.9190021106425518,1,0.05555555555555555
889,47883,14,0.9369999999999999,0.9370018667788451,1,0.07142857142857142
890,47899,16,0.9279999999999999,0.9280018225073589,1,0.0625
891,47915,16,0.9279999999999999,0.928002113888064,1,0.0625
892,47931,16,0.9279999999999999,0.9280026436798933,1,0.1875
893,47945,14,0.9369999999999999,0.9370022801821208,1,0.07142857142857142
894,47961,16,0.9279999999999999,0.9280020764966218,1,0.0625
895,47975,14,0.9369999999999999,0.9370014398630745,1,0.07142857142857142
896,47995,20,0.91,0.9100022966081478,1,0.05
897,48013,18,0.919,0.91900223793981,1,0.05555555555555555
898,48029,16,0.9279999999999999,0.9280017626981263,1,0.1875
899,48045,16,0.9279999999999999,0.9280018205562222,1,0.1875
900,48061,16,0.9279999999999999,0.9280016258505102,1,0.0625
901,48080,19,0.9145,0.914501921176328,1,0.05263157894736842
902,48096,16,0.9279999999999999,0.9280019763636322,1,0.1875
903,48112,16,0.9279999999999999,0.9280020497111097,1,0.0625
904,48126,14,0.9369999999999999,0.9370017313493992,1,0.07142857142857142
905,48142,16,0.9279999999999999,0.9280017900882643,1,0.1875
906,48158,16,0.9279999999999999,0.9280023064171592,1,0.1875
907,48172,14,0.9369999999999999,0.9370016497549077,1,0.07142857142857142
908,48186,14,0.9369999999999999,0.9370023401359819,1,0.07142857142857142
909,48200,14,0.9369999999999999,0.9370023277114616,1,0.07142857142857142
910,48214,14,0.9369999999999999,0.9370017084747008,1,0.07142857142857142
911,48236,22,0.901,0.9010032212598976,1,0.045454545454545456
912,48250,14,0.9369999999999999,0.9370023615720187,1,0.07142857142857142
913,48264,14,0.9369999999999999,0.9370058367654092,1,0.07142857142857142
914,48278,14,0.9369999999999999,0.9370045225391725,1,0.07142857142857142
915,48294,16,0.9279999999999999,0.9280037688943691,1,0.0625
916,48308,14,0.9369999999999999,0.9370033280229699,1,0.07142857142857142
917,48326,18,0.919,0.9190031571682863,1,0.05555555555555555
918,48342,16,0.9279999999999999,0.928002517575864,1,0.0625
919,48358,16,0.9279999999999999,0.9280022009854685,1,0.0625
920,48372,14,0.9369999999999999,0.9370027143149382,1,0.07142857142857142
921,48386,14,0.9369999999999999,0.9370033160850469,1,0.07142857142857142
922,48404,18,0.919,0.9190033685065521,1,0.05555555555555555
923,48418,14,0.9369999999999999,0.9370020765672789,1,0.07142857142857142
924,48434,16,0.9279999999999999,0.928002148195391,1,0.0625
925,48474,40,0.82,0.8200071748355183,1,0.1
926,48511,37,0.8335,0.8335037916987047,1,0.02702702702702703
927,48527,16,0.9279999999999999,0.9280014656230394,1,0.0625
928,48541,14,0.9369999999999999,0.9370015575557824,1,0.07142857142857142
929,48575,34,0.847,0.8470054490253877,1,0.08823529411764706
930,48589,14,0.9369999999999999,0.9370016640516977,1,0.07142857142857142
931,48639,50,0.775,0.7750084125785138,1,0.02
932,48657,18,0.919,0.9190024463405757,1,0.05555555555555555
933,48673,16,0.9279999999999999,0.9280023231226014,1,0.0625
934,48687,14,0.9369999999999999,0.9370014379667412,1,0.07142857142857142
935,48701,14,0.9369999999999999,0.9370017071084528,1,0.07142857142857142
936,48720,19,0.9145,0.914502455996788,1,0.05263157894736842
937,48759,39,0.8245,0.8245126919479854,1,0.02564102564102564
938,48775,16,0.9279999999999999,0.92800243173217,1,0.1875
939,48789,14,0.9369999999999999,0.9370016839645644,1,0.07142857142857142
940,48803,14,0.9369999999999999,0.9370021485818397,1,0.07142857142857142
941,48819,16,0.9279999999999999,0.9280019462533278,1,0.0625
942,48875,56,0.748,0.7480068305752399,1,0.017857142857142856
943,48889,14,0.9369999999999999,0.9370012183685698,1,0.07142857142857142
944,48903,14,0.9369999999999999,0.9370012826048774,1,0.07142857142857142
945,48919,16,0.9279999999999999,0.9280026311286509,1,0.0625
946,48933,14,0.9369999999999999,0.9370027857697216,1,0.07142857142857142
947,48947,14,0.9369999999999999,0.9370024443610802,1,0.07142857142857142
948,48963,16,0.9279999999999999,0.9280036470565599,1,0.0625
949,48977,14,0.9369999999999999,0.9370031455641373,1,0.07142857142857142
950,48993,16,0.9279999999999999,0.9280044259966184,1,0.0625
951,49011,18,0.919,0.9190045299565541,1,0.05555555555555555
952,49027,16,0.9279999999999999,0.9280058478777414,1,0.0625
953,49043,16,0.9279999999999999,0.9280045616339091,1,0.0625
954,49059,16,0.9279999999999999,0.9280072450271772,1,0.0625
955,49073,14,0.9369999999999999,0.9370050703884576,1,0.07142857142857142
956,49089,16,0.9279999999999999,0.9280059743563158,1,0.0625
957,49109,20,0.91,0.910004861605163,1,0.05
958,49127,18,0.919,0.9190034483143126,1,0.05555555555555555
959,49144,17,0.9235,0.9235025538699434,1,0.058823529411764705
960,49158,14,0.9369999999999999,0.937001570844301,1,0.07142857142857142
961,49172,14,0.9369999999999999,0.9370013446689908,1,0.07142857142857142
962,49186,14,0.9369999999999999,0.9370013276585483,1,0.07142857142857142
963,49200,14,0.9369999999999999,0.9370014588536532,1,0.07142857142857142
964,49220,20,0.91,0.9100031002258432,1,0.05
965,49234,14,0.9369999999999999,0.9370017952051434,1,0.07142857142857142
966,49248,14,0.9369999999999999,0.9370018906131421,1,0.07142857142857142
967,49262,14,0.9369999999999999,0.9370016725906468,1,0.07142857142857142
968,49278,16,0.9279999999999999,0.9280020028551673,1,0.0625
969,49294,16,0.9279999999999999,0.928001552685932,1,0.0625
970,49308,14,0.9369999999999999,0.9370013668445197,1,0.07142857142857142
971,49322,14,0.9369999999999999,0.9370011771579095,1,0.07142857142857142
972,49340,18,0.919,0.9190017689683728,1,0.16666666666666666
973,49356,16,0.9279999999999999,0.9280013746281042,1,0.0625
974,49370,14,0.9369999999999999,0.9370014090191816,1,0.07142857142857142
975,49384,14,0.9369999999999999,0.9370014195147405,1,0.07142857142857142
976,49400,16,0.9279999999999999,0.9280017944833114,1,0.1875
977,49414,14,0.9369999999999999,0.9370014925090829,1,0.07142857142857142
978,49430,16,0.9279999999999999,0.928002272362999,1,0.1875
979,49446,16,0.9279999999999999,0.9280028507244721,1,0.0625
980,49460,14,0.9369999999999999,0.9370026383224161,1,0.07142857142857142
981,49476,16,0.9279999999999999,0.9280040136108885,1,0.0625
982,49490,14,0.9369999999999999,0.9370051473253913,1,0.07142857142857142
983,49506,16,0.9279999999999999,0.928008764999578,1,0.0625
984,49522,16,0.9279999999999999,0.9280073744882309,1,0.0625
985,49536,14,0.9369999999999999,0.9370072693308882,1,0.07142857142857142
986,49550,14,0.9369999999999999,0.9370032237112192,1,0.07142857142857142
987,49564,14,0.9369999999999999,0.9370020562774137,1,0.07142857142857142
988,49578,14,0.9369999999999999,0.9370020507944974,1,0.07142857142857142
989,49592,14,0.9369999999999999,0.9370017033978362,1,0.07142857142857142
990,49608,16,0.9279999999999999,0.9280020726009295,1,0.1875
991,49622,14,0.9369999999999999,0.9370015268536307,1,0.07142857142857142
992,49638,16,0.9279999999999999,0.9280017425155286,1,0.0625
993,49656,18,0.919,0.9190015030924955,1,0.05555555555555555
994,49674,18,0.919,0.9190015836462437,1,0.05555555555555555
995,49690,16,0.9279999999999999,0.9280014364344895,1,0.0625
996,49704,14,0.9369999999999999,0.937001239554575,1,0.07142857142857142
997,49726,22,0.901,0.9010022699923776,1,0.045454545454545456
998,49744,18,0.919,0.9190019836446837,1,0.05555555555555555
999,49762,18,0.919,0.9190023982399796,1,0.2777777777777778
1000,49776,14,0.9369999999999999,0.9370021526228073,1,0.07142857142857142
1001,49790,14,0.9369999999999999,0.9370015850841342,1,0.07142857142857142
1002,49804,14,0.9369999999999999,0.9370015802556841,1,0.07142857142857142
1003,49820,16,0.9279999999999999,0.9280017401181663,1,0.0625
1004,49836,16,0.9279999999999999,0.9280028901907258,1,0.0625
1005,49850,14,0.9369999999999999,0.9370020626822669,1,0.07142857142857142
1006,49864,14,0.9369999999999999,0.9370018830533616,1,0.07142857142857142
1007,49878,14,0.9369999999999999,0.9370019431759129,1,0.07142857142857142
1008,49894,16,0.9279999999999999,0.9280017200029965,1,0.0625
1009,49918,24,0.892,0.8920034553445231,1,0.041666666666666664
1010,49946,28,0.874,0.874003171166788,1,0.03571428571428571
1011,49966,20,0.91,0.9100016268270874,1,0.05
1012,49980,14,0.9369999999999999,0.937001368156958,1,0.07142857142857142
1013,49994,14,0.9369999999999999,0.937001584264905,1,0.07142857142857142
1014,50008,14,0.9369999999999999,0.9370015427223739,1,0.07142857142857142
1015,50024,16,0.9279999999999999,0.9280017380002372,1,0.0625
1016,50044,20,0.91,0.9100024046806658,1,0.05
1017,50060,16,0.9279999999999999,0.9280018883031105,1,0.0625
1018,50074,14,0.9369999999999999,0.9370015768944423,1,0.07142857142857142
1019,50094,20,0.91,0.9100051654663766,1,0.05
1020,50110,16,0.9279999999999999,0.9280021451006764,1,0.0625
1021,50124,14,0.9369999999999999,0.9370020392258305,1,0.07142857142857142
1022,50138,14,0.9369999999999999,0.9370020067049246,1,0.07142857142857142
1023,50154,16,0.9279999999999999,0.9280027772965382,1,0.0625
1024,50168,14,0.9369999999999999,0.9370018879169838,1,0.07142857142857142
1025,50184,16,0.9279999999999999,0.928002453913002,1,0.0625
1026,50200,16,0.9279999999999999,0.9280033095685016,1,0.0625
1027,50216,16,0.9279999999999999,0.9280037522253312,1,0.0625
1028,50230,14,0.9369999999999999,0.937002629661956,1,0.07142857142857142
1029,50248,18,0.919,0.9190038716528297,1,0.05555555555555555
1030,50262,14,0.9369999999999999,0.9370027494242289,1,0.07142857142857142
1031,50276,14,0.9369999999999999,0.9370021919768007,1,0.07142857142857142
1032,50290,14,0.9369999999999999,0.9370018849222747,1,0.07142857142857142
1033,50306,16,0.9279999999999999,0.9280024656344148,1,0.1875
1034,50322,16,0.9279999999999999,0.9280032821250024,1,0.0625
1035,50336,14,0.9369999999999999,0.9370027939240816,1,0.07142857142857142
1036,50350,14,0.9369999999999999,0.9370030800821065,1,0.07142857142857142
1037,50366,16,0.9279999999999999,0.9280031476521646,1,0.1875
1038,50382,16,0.9279999999999999,0.9280028749637226,1,0.0625
1039,50396,14,0.9369999999999999,0.9370026668043056,1,0.07142857142857142
1040,50410,14,0.9369999999999999,0.937003442840509,1,0.07142857142857142
1041,50424,14,0.9369999999999999,0.9370024428789709,1,0.07142857142857142
1042,50440,16,0.9279999999999999,0.9280027837221094,1,0.0625
1043,50454,14,0.9369999999999999,0.9370018665015071,1,0.07142857142857142
1044,50468,14,0.9369999999999999,0.9370019813968371,1,0.07142857142857142
1045,50482,14,0.9369999999999999,0.9370020453747748,1,0.07142857142857142
1046,50496,14,0.9369999999999999,0.9370024274008255,1,0.07142857142857142
1047,50510,14,0.9369999999999999,0.9370021676543783,1,0.07142857142857142
1048,50526,16,0.9279999999999999,0.9280026085544392,1,0.0625
1049,50542,16,0.9279999999999999,0.9280021445005964,1,0.0625
1050,50558,16,0.9279999999999999,0.928001862796117,1,0.0625
1051,50572,14,0.9369999999999999,0.9370013754858488,1,0.07142857142857142
1052,50588,16,0.9279999999999999,0.9280020478006799,1,0.0625
1053,50604,16,0.9279999999999999,0.9280032862609038,1,0.0625
1054,50618,14,0.9369999999999999,0.9370036952495507,1,0.07142857142857142
1055,50632,14,0.9369999999999999,0.9370056334730416,1,0.07142857142857142
1056,50646,14,0.9369999999999999,0.9370053760070742,1,0.07142857142857142
1057,50664,18,0.919,0.9190043963214866,1,0.05555555555555555
1058,50679,15,0.9325,0.9325021808265264,1,0.06666666666666667
1059,50695,16,0.9279999999999999,0.9280021370732124,1,0.0625
1060,50711,16,0.9279999999999999,0.9280021963908581,1,0.0625
1061,50725,14,0.9369999999999999,0.9370020319480757,1,0.07142857142857142
1062,50739,14,0.9369999999999999,0.9370020719668768,1,0.07142857142857142
1063,50755,16,0.9279999999999999,0.9280024307648916,1,0.0625
1064,50769,14,0.9369999999999999,0.9370014687548532,1,0.07142857142857142
1065,50783,14,0.9369999999999999,0.9370013902592227,1,0.07142857142857142
1066,50797,14,0.9369999999999999,0.9370011000081702,1,0.07142857142857142
1067,50811,14,0.9369999999999999,0.9370013235853567,1,0.07142857142857142
1068,50825,14,0.9369999999999999,0.9370015947569806,1,0.07142857142857142
1069,50839,14,0.9369999999999999,0.9370015469510485,1,0.07142857142857142
1070,50853,14,0.9369999999999999,0.9370012951150919,1,0.07142857142857142
1071,50867,14,0.9369999999999999,0.9370012016569921,1,0.07142857142857142
1072,50883,16,0.9279999999999999,0.9280013060630802,1,0.0625
1073,50897,14,0.9369999999999999,0.9370014079268569,1,0.07142857142857142
1074,50913,16,0.9279999999999999,0.9280016696254226,1,0.0625
1075,50927,14,0.9369999999999999,0.9370014930653747,1,0.07142857142857142
1076,50941,14,0.9369999999999999,0.9370014558036202,1,0.07142857142857142
1077,50955,14,0.9369999999999999,0.9370021638549366,1,0.07142857142857142
1078,50971,16,0.9279999999999999,0.9280027604569613,1,0.1875
1079,51007,36,0.838,0.8380046799229925,1,0.027777777777777776
1080,51023,16,0.9279999999999999,0.9280024551125254,1,0.1875
1081,51037,14,0.9369999999999999,0.9370023072355169,1,0.07142857142857142
1082,51058,21,0.9055,0.9055044890401277,1,0.047619047619047616
1083,51072,14,0.9369999999999999,0.9370028345134914,1,0.07142857142857142
1084,51086,14,0.9369999999999999,0.9370024162358802,1,0.07142857142857142
1085,51100,14,0.9369999999999999,0.9370021554624196,1,0.07142857142857142
1086,51114,14,0.9369999999999999,0.9370021188782437,1,0.07142857142857142
1087,51134,20,0.91,0.9100042637314018,1,0.05
1088,51148,14,0.9369999999999999,0.9370016692401779,1,0.07142857142857142
1089,51162,14,0.9369999999999999,0.9370014388443837,1,0.07142857142857142
1090,51178,16,0.9279999999999999,0.928001516789135,1,0.0625
1091,51192,14,0.9369999999999999,0.9370013359713316,1,0.07142857142857142
1092,51206,14,0.9369999999999999,0.9370014370518928,1,0.07142857142857142
1093,51222,16,0.9279999999999999,0.9280020084130998,1,0.0625
1094,51236,14,0.9369999999999999,0.9370015307960936,1,0.07142857142857142
1095,51252,16,0.9279999999999999,0.9280015671358551,1,0.0625
1096,51268,16,0.9279999999999999,0.9280018045582559,1,0.0625
1097,51282,14,0.9369999999999999,0.9370015303886108,1,0.07142857142857142
1098,51298,16,0.9279999999999999,0.9280012054490718,1,0.0625
1099,51316,18,0.919,0.9190016304887283,1,0.05555555555555555
1100,51332,16,0.9279999999999999,0.9280015910250132,1,0.0625
1101,51348,16,0.9279999999999999,0.9280031314885417,1,0.0625
1102,51362,14,0.9369999999999999,0.9370012683576753,1,0.07142857142857142
1103,51378,16,0.9279999999999999,0.9280013155432811,1,0.0625
1104,51394,16,0.9279999999999999,0.9280016704391193,1,0.0625
1105,51410,16,0.9279999999999999,0.9280022241056053,1,0.0625
1106,51424,14,0.9369999999999999,0.9370011374314243,1,0.07142857142857142
1107,51440,16,0.9279999999999999,0.9280013643510813,1,0.1875
1108,51454,14,0.9369999999999999,0.9370013117761226,1,0.07142857142857142
1109,51468,14,0.9369999999999999,0.9370016529206568,1,0.07142857142857142
1110,51484,16,0.9279999999999999,0.9280022919895281,1,0.0625
1111,51498,14,0.9369999999999999,0.9370020273188568,1,0.07142857142857142
1112,51514,16,0.9279999999999999,0.9280037038293526,1,0.0625
1113,51528,14,0.9369999999999999,0.9370034343128002,1,0.07142857142857142
1114,51542,14,0.9369999999999999,0.9370048278563069,1,0.07142857142857142
1115,51556,14,0.9369999999999999,0.9370028911270174,1,0.07142857142857142
1116,51572,16,0.9279999999999999,0.9280036475946707,1,0.1875
1117,51588,16,0.9279999999999999,0.9280029017341265,1,0.0625
1118,51602,14,0.9369999999999999,0.937002523227175,1,0.07142857142857142
1119,51618,16,0.9279999999999999,0.9280020757157765,1,0.0625
1120,51632,14,0.9369999999999999,0.9370014026488585,1,0.07142857142857142
1121,51646,14,0.9369999999999999,0.9370020110234246,1,0.07142857142857142
1122,51662,16,0.9279999999999999,0.928002268410774,1,0.0625
1123,51676,14,0.9369999999999999,0.9370019235861924,1,0.07142857142857142
1124,51694,18,0.919,0.9190032841501516,1,0.05555555555555555
1125,51710,16,0.9279999999999999,0.9280024572882237,1,0.0625
1126,51724,14,0.9369999999999999,0.9370018225763223,1,0.07142857142857142
1127,51738,14,0.9369999999999999,0.9370034418382327,1,0.07142857142857142
1128,51752,14,0.9369999999999999,0.9370027354364745,1,0.07142857142857142
1129,51766,14,0.9369999999999999,0.9370037079740328,1,0.07142857142857142
1130,51782,16,0.9279999999999999,0.9280035395255317,1,0.0625
1131,51796,14,0.9369999999999999,0.937002468851634,1,0.07142857142857142
1132,51811,15,0.9325,0.932502732568587,1,0.06666666666666667
1133,51825,14,0.9369999999999999,0.937002559616067,1,0.07142857142857142
1134,51839,14,0.9369999999999999,0.9370027259821424,1,0.07142857142857142
1135,51853,14,0.9369999999999999,0.9370032121780498,1,0.07142857142857142
1136,51867,14,0.9369999999999999,0.9370025965353851,1,0.07142857142857142
1137,51881,14,0.9369999999999999,0.9370027961554768,1,0.07142857142857142
1138,51895,14,0.9369999999999999,0.9370022720777371,1,0.07142857142857142
1139,51909,14,0.9369999999999999,0.9370019863921919,1,0.07142857142857142
1140,51927,18,0.919,0.9190030256819479,1,0.2777777777777778
1141,51945,18,0.919,0.9190045790763663,1,0.05555555555555555
1142,51959,14,0.9369999999999999,0.9370050557484132,1,0.07142857142857142
1143,51975,16,0.9279999999999999,0.9280063269056967,1,0.0625
1144,51989,14,0.9369999999999999,0.937003660171062,1,0.07142857142857142
1145,52003,14,0.9369999999999999,0.9370022733926262,1,0.07142857142857142
1146,52017,14,0.9369999999999999,0.9370020134499437,1,0.07142857142857142
1147,52031,14,0.9369999999999999,0.9370018284453989,1,0.07142857142857142
1148,52045,14,0.9369999999999999,0.9370020729678309,1,0.07142857142857142
1149,52059,14,0.9369999999999999,0.9370017802604343,1,0.07142857142857142
1150,52073,14,0.9369999999999999,0.9370021496811115,1,0.07142857142857142
1151,52089,16,0.9279999999999999,0.9280022474120713,1,0.0625
1152,52103,14,0.9369999999999999,0.937001875808385,1,0.07142857142857142
1153,52117,14,0.9369999999999999,0.9370014524211928,1,0.07142857142857142
1154,52131,14,0.9369999999999999,0.9370013738030513,1,0.07142857142857142
1155,52145,14,0.9369999999999999,0.9370015229649152,1,0.07142857142857142
1156,52159,14,0.9369999999999999,0.9370015341864789,1,0.07142857142857142
1157,52235,76,0.6579999999999999,0.6580108235270781,1,0.013157894736842105
1158,52249,14,0.9369999999999999,0.9370015890490762,1,0.07142857142857142
1159,52269,20,0.91,0.910002070364558,1,0.05
1160,52283,14,0.9369999999999999,0.9370014637466016,1,0.07142857142857142
1161,52297,14,0.9369999999999999,0.9370013417193284,1,0.07142857142857142
1162,52313,16,0.9279999999999999,0.9280014256347908,1,0.0625
1163,52327,14,0.9369999999999999,0.9370012640428271,1,0.07142857142857142
1164,52341,14,0.9369999999999999,0.937001556701415,1,0.07142857142857142
1165,52355,14,0.9369999999999999,0.9370013759975029,1,0.07142857142857142
1166,52369,14,0.9369999999999999,0.9370014588487905,1,0.07142857142857142
1167,52389,20,0.91,0.9100021203318631,1,0.15
1168,52405,16,0.9279999999999999,0.9280017412986437,1,0.0625
1169,52419,14,0.9369999999999999,0.9370017925509337,1,0.07142857142857142
1170,52435,16,0.9279999999999999,0.9280021238056347,1,0.0625
1171,52449,14,0.9369999999999999,0.9370021210420478,1,0.07142857142857142
1172,52463,14,0.9369999999999999,0.9370017526828537,1,0.07142857142857142
1173,52477,14,0.9369999999999999,0.9370010513004593,1,0.07142857142857142
1174,52491,14,0.9369999999999999,0.9370013104834926,1,0.07142857142857142
1175,52505,14,0.9369999999999999,0.9370013903509848,1,0.07142857142857142
1176,52521,16,0.9279999999999999,0.9280018865181981,1,0.1875
1177,52539,18,0.919,0.9190034265142316,1,0.16666666666666666
1178,52553,14,0.9369999999999999,0.9370034205429969,1,0.07142857142857142
1179,52573,20,0.91,0.9100078843987601,1,0.25
1180,52587,14,0.9369999999999999,0.9370032281642348,1,0.07142857142857142
1181,52602,15,0.9325,0.9325028818466947,1,0.06666666666666667
1182,52618,16,0.9279999999999999,0.9280024964806154,1,0.0625
1183,52632,14,0.9369999999999999,0.9370018696705393,1,0.07142857142857142
1184,52684,52,0.766,0.7660084771690762,1,0.019230769230769232
1185,52700,16,0.9279999999999999,0.9280016048859374,1,0.0625
1186,52716,16,0.9279999999999999,0.9280018735637768,1,0.0625
1187,52732,16,0.9279999999999999,0.9280020461789228,1,0.0625
1188,52748,16,0.9279999999999999,0.9280020876749646,1,0.0625
1189,52762,14,0.9369999999999999,0.9370020304431094,1,0.07142857142857142
1190,52776,14,0.9369999999999999,0.9370039052137052,1,0.07142857142857142
1191,52790,14,0.9369999999999999,0.9370028642352568,1,0.07142857142857142
1192,52804,14,0.9369999999999999,0.9370024923348252,1,0.07142857142857142
1193,52818,14,0.9369999999999999,0.9370025845896995,1,0.07142857142857142
1194,52832,14,0.9369999999999999,0.9370039615926098,1,0.07142857142857142
1195,52848,16,0.9279999999999999,0.9280034805217889,1,0.0625
1196,52862,14,0.9369999999999999,0.937001703113027,1,0.07142857142857142
1197,52878,16,0.9279999999999999,0.9280020347880814,1,0.0625
1198,52892,14,0.9369999999999999,0.9370012621383049,1,0.07142857142857142
1199,52906,14,0.9369999999999999,0.937001047572992,1,0.07142857142857142
1200,52922,16,0.9279999999999999,0.9280012425565499,1,0.0625
1201,52938,16,0.9279999999999999,0.9280014532344576,1,0.0625
1202,52952,14,0.9369999999999999,0.9370015911973464,1,0.07142857142857142
1203,52966,14,0.9369999999999999,0.9370014167743647,1,0.07142857142857142
1204,52980,14,0.9369999999999999,0.9370015355103182,1,0.07142857142857142
1205,52994,14,0.9369999999999999,0.9370027755721132,1,0.07142857142857142
1206,53008,14,0.9369999999999999,0.9370029736809385,1,0.07142857142857142
1207,53022,14,0.9369999999999999,0.9370023590906611,1,0.07142857142857142
1208,53038,16,0.9279999999999999,0.9280026932561425,1,0.0625
1209,53052,14,0.9369999999999999,0.9370021089109463,1,0.07142857142857142
1210,53068,16,0.9279999999999999,0.928002466885581,1,0.0625
1211,53086,18,0.919,0.919003210046495,1,0.05555555555555555
1212,53102,16,0.9279999999999999,0.9280032235197365,1,0.0625
1213,53116,14,0.9369999999999999,0.9370029595574176,1,0.07142857142857142
1214,53132,16,0.9279999999999999,0.9280028486794697,1,0.1875
1215,53146,14,0.9369999999999999,0.9370020218847289,1,0.07142857142857142
1216,53164,18,0.919,0.919002849025434,1,0.05555555555555555
1217,53178,14,0.9369999999999999,0.9370017069782385,1,0.07142857142857142
1218,53192,14,0.9369999999999999,0.9370013085860058,1,0.07142857142857142
1219,53206,14,0.9369999999999999,0.9370016024013457,1,0.07142857142857142
1220,53220,14,0.9369999999999999,0.9370013678182686,1,0.07142857142857142
1221,53236,16,0.9279999999999999,0.9280015511686129,1,0.0625
1222,53252,16,0.9279999999999999,0.9280014573603629,1,0.1875
1223,53266,14,0.9369999999999999,0.9370013295730067,1,0.07142857142857142
1224,53280,14,0.9369999999999999,0.9370014578657321,1,0.07142857142857142
1225,53300,20,0.91,0.9100028928090526,1,0.05
1226,53316,16,0.9279999999999999,0.928002292114752,1,0.0625
1227,53330,14,0.9369999999999999,0.9370025431364926,1,0.07142857142857142
1228,53344,14,0.9369999999999999,0.9370016715433948,1,0.07142857142857142
1229,53362,18,0.919,0.919002699744169,1,0.05555555555555555
1230,53376,14,0.9369999999999999,0.9370021422925058,1,0.07142857142857142
1231,53392,16,0.9279999999999999,0.9280021252925039,1,0.0625
1232,53408,16,0.9279999999999999,0.9280020888317121,1,0.0625
1233,53422,14,0.9369999999999999,0.9370016111009704,1,0.07142857142857142
1234,53494,72,0.6759999999999999,0.676008381376876,1,0.013888888888888888
1235,53508,14,0.9369999999999999,0.9370026561084913,1,0.07142857142857142
1236,53522,14,0.9369999999999999,0.9370054747848968,1,0.07142857142857142
1237,53536,14,0.9369999999999999,0.9370041372613984,1,0.07142857142857142
1238,53556,20,0.91,0.9100061917029213,1,0.05
1239,53572,16,0.9279999999999999,0.928003088272622,1,0.0625
1240,53586,14,0.9369999999999999,0.9370026097967847,1,0.07142857142857142
1241,53600,14,0.9369999999999999,0.9370028168311908,1,0.07142857142857142
1242,53616,16,0.9279999999999999,0.9280027584081125,1,0.0625
1243,53630,14,0.9369999999999999,0.9370020170015498,1,0.07142857142857142
1244,53647,17,0.9235,0.9235021380289924,1,0.058823529411764705
1245,53663,16,0.9279999999999999,0.9280018254288815,1,0.0625
1246,53677,14,0.9369999999999999,0.937001742826063,1,0.07142857142857142
1247,53691,14,0.9369999999999999,0.9370013849526877,1,0.07142857142857142
1248,53705,14,0.9369999999999999,0.9370012574514457,1,0.07142857142857142
1249,53719,14,0.9369999999999999,0.9370012812490593,1,0.07142857142857142
1250,53733,14,0.9369999999999999,0.9370010729675503,1,0.07142857142857142
1251,53747,14,0.9369999999999999,0.9370009939243011,1,0.07142857142857142
1252,53761,14,0.9369999999999999,0.9370012199438505,1,0.07142857142857142
1253,53775,14,0.9369999999999999,0.9370012359353449,1,0.07142857142857142
1254,53793,18,0.919,0.919001763495503,1,0.05555555555555555
1255,53811,18,0.919,0.9190014904053132,1,0.05555555555555555
1256,53825,14,0.9369999999999999,0.9370014423821904,1,0.07142857142857142
1257,53839,14,0.9369999999999999,0.9370012407401606,1,0.07142857142857142
1258,53853,14,0.9369999999999999,0.937001759944765,1,0.07142857142857142
1259,53867,14,0.9369999999999999,0.9370020959860909,1,0.07142857142857142
1260,53881,14,0.9369999999999999,0.9370019969902317,1,0.07142857142857142
1261,53895,14,0.9369999999999999,0.937002151625652,1,0.07142857142857142
1262,53909,14,0.9369999999999999,0.9370017926614994,1,0.07142857142857142
1263,53923,14,0.9369999999999999,0.9370017672926463,1,0.07142857142857142
1264,53937,14,0.9369999999999999,0.9370015084908946,1,0.07142857142857142
1265,53951,14,0.9369999999999999,0.9370018116808856,1,0.07142857142857142
1266,53967,16,0.9279999999999999,0.9280022604741796,1,0.0625
1267,53981,14,0.9369999999999999,0.9370021478124064,1,0.07142857142857142
1268,53999,18,0.919,0.9190031608642367,1,0.05555555555555555
1269,54013,14,0.9369999999999999,0.9370031639244293,1,0.07142857142857142
1270,54029,16,0.9279999999999999,0.9280042811164249,1,0.0625
1271,54043,14,0.9369999999999999,0.9370022642646867,1,0.07142857142857142
1272,54057,14,0.9369999999999999,0.9370022330941027,1,0.07142857142857142
1273,54071,14,0.9369999999999999,0.9370017632988168,1,0.07142857142857142
1274,54085,14,0.9369999999999999,0.9370020113397536,1,0.07142857142857142
1275,54103,18,0.919,0.9190017322872445,1,0.05555555555555555
1276,54125,22,0.901,0.9010019003439046,1,0.045454545454545456
1277,54139,14,0.9369999999999999,0.937001158378778,1,0.07142857142857142
1278,54156,17,0.9235,0.9235013584982695,1,0.058823529411764705
1279,54170,14,0.9369999999999999,0.9370014756833922,1,0.07142857142857142
1280,54193,23,0.8965,0.8965019865526263,1,0.043478260869565216
1281,54214,21,0.9055,0.9055018839024765,1,0.047619047619047616
1282,54230,16,0.9279999999999999,0.9280015494774174,1,0.0625
1283,54246,16,0.9279999999999999,0.9280013322629679,1,0.0625
1284,54262,16,0.9279999999999999,0.9280017382006487,1,0.1875
1285,54287,25,0.8875,0.8875029666103619,1,0.04
1286,54301,14,0.9369999999999999,0.9370030533957989,1,0.07142857142857142
1287,54327,26,0.883,0.8830078415992231,1,0.23076923076923078
1288,54343,16,0.9279999999999999,0.9280038068841473,1,0.1875
1289,54372,29,0.8694999999999999,0.8695045842122116,1,0.034482758620689655
1290,54393,21,0.9055,0.9055031331101966,1,0.047619047619047616
1291,54419,26,0.883,0.8830058274764869,1,0.038461538461538464
1292,54433,14,0.9369999999999999,0.937002108568257,1,0.07142857142857142
1293,54447,14,0.9369999999999999,0.9370022875092305,1,0.07142857142857142
1294,54464,17,0.9235,0.9235024248663372,1,0.058823529411764705
1295,54482,18,0.919,0.9190023799381172,1,0.05555555555555555
1296,54496,14,0.9369999999999999,0.9370014057073801,1,0.07142857142857142
1297,54516,20,0.91,0.9100048389359102,1,0.05
1298,54530,14,0.9369999999999999,0.9370017669178028,1,0.07142857142857142
1299,54547,17,0.9235,0.923501968201955,1,0.058823529411764705
1300,54561,14,0.9369999999999999,0.9370020864214331,1,0.07142857142857142
1301,54577,16,0.9279999999999999,0.9280020523403323,1,0.0625
1302,54601,24,0.892,0.8920058406664672,1,0.041666666666666664
1303,54620,19,0.9145,0.9145046648647484,1,0.05263157894736842
1304,54634,14,0.9369999999999999,0.9370036637500052,1,0.07142857142857142
1305,54650,16,0.9279999999999999,0.9280033996693062,1,0.0625
1306,54666,16,0.9279999999999999,0.9280019811267283,1,0.0625
1307,54682,16,0.9279999999999999,0.9280022348536918,1,0.1875
1308,54698,16,0.9279999999999999,0.9280022362797741,1,0.0625
1309,54713,15,0.9325,0.9325019880008716,1,0.06666666666666667
1310,54736,23,0.8965,0.8965030635802641,1,0.043478260869565216
1311,54752,16,0.9279999999999999,0.9280018064769817,1,0.0625
1312,54768,16,0.9279999999999999,0.9280019825253338,1,0.0625
1313,54885,117,0.47350000000000003,0.47351542277445613,1,0.008547008547008548
1314,54899,14,0.9369999999999999,0.9370014457570343,1,0.07142857142857142
1315,54957,58,0.739,0.7390089369369202,1,0.017241379310344827
1316,54975,18,0.919,0.9190020053848897,1,0.05555555555555555
1317,54989,14,0.9369999999999999,0.9370012056551074,1,0.07142857142857142
1318,55003,14,0.9369999999999999,0.937001299234163,1,0.07142857142857142
1319,55019,16,0.9279999999999999,0.9280015542959774,1,0.1875
1320,55033,14,0.9369999999999999,0.9370012052649792,1,0.07142857142857142
1321,55047,14,0.9369999999999999,0.9370010745879315,1,0.07142857142857142
1322,55063,16,0.9279999999999999,0.928001245520524,1,0.0625
1323,55077,14,0.9369999999999999,0.9370010390418547,1,0.07142857142857142
1324,55091,14,0.9369999999999999,0.9370013257442208,1,0.07142857142857142
1325,55107,16,0.9279999999999999,0.9280016802404949,1,0.1875
1326,55125,18,0.919,0.9190020153377033,1,0.05555555555555555
1327,55139,14,0.9369999999999999,0.9370014717829878,1,0.07142857142857142
1328,55153,14,0.9369999999999999,0.9370016982808376,1,0.07142857142857142
1329,55167,14,0.9369999999999999,0.9370016132538199,1,0.07142857142857142
1330,55181,14,0.9369999999999999,0.9370013700990965,1,0.07142857142857142
1331,55197,16,0.9279999999999999,0.9280022792334698,1,0.0625
1332,55211,14,0.9369999999999999,0.9370019220481336,1,0.07142857142857142
1333,55225,14,0.9369999999999999,0.937002074061696,1,0.07142857142857142
1334,55239,14,0.9369999999999999,0.9370019593884896,1,0.07142857142857142
1335,55253,14,0.9369999999999999,0.937002046504394,1,0.07142857142857142
1336,55267,14,0.9369999999999999,0.9370019159693872,1,0.07142857142857142
1337,55285,18,0.919,0.9190018058645673,1,0.05555555555555555
1338,55299,14,0.9369999999999999,0.9370012881776362,1,0.07142857142857142
1339,55315,16,0.9279999999999999,0.9280016074884991,1,0.0625
1340,55331,16,0.9279999999999999,0.9280014620448578,1,0.0625
1341,55345,14,0.9369999999999999,0.9370013430195053,1,0.07142857142857142
1342,55359,14,0.9369999999999999,0.9370013820933399,1,0.07142857142857142
1343,55373,14,0.9369999999999999,0.937002083677691,1,0.07142857142857142
1344,55387,14,0.9369999999999999,0.9370018844817858,1,0.07142857142857142
1345,55401,14,0.9369999999999999,0.9370020664857113,1,0.07142857142857142
1346,55417,16,0.9279999999999999,0.928001941225317,1,0.0625
1347,55431,14,0.9369999999999999,0.937001893678137,1,0.07142857142857142
1348,55445,14,0.9369999999999999,0.9370020359794736,1,0.07142857142857142
1349,55459,14,0.9369999999999999,0.9370023559870231,1,0.07142857142857142
1350,55475,16,0.9279999999999999,0.9280020666202751,1,0.0625
1351,55489,14,0.9369999999999999,0.9370017485938519,1,0.07142857142857142
1352,55505,16,0.9279999999999999,0.9280019708944935,1,0.0625
1353,55519,14,0.9369999999999999,0.937001939141056,1,0.07142857142857142
1354,55533,14,0.9369999999999999,0.9370015956099674,1,0.07142857142857142
1355,55547,14,0.9369999999999999,0.9370019408057667,1,0.07142857142857142
1356,55561,14,0.9369999999999999,0.9370029702707641,1,0.07142857142857142
1357,55575,14,0.9369999999999999,0.9370017476607273,1,0.07142857142857142
1358,55589,14,0.9369999999999999,0.9370023263949163,1,0.07142857142857142
1359,55603,14,0.9369999999999999,0.9370038180061662,1,0.07142857142857142
1360,55617,14,0.9369999999999999,0.937002428699189,1,0.07142857142857142
1361,55634,17,0.9235,0.9235064911109492,1,0.058823529411764705
1362,55648,14,0.9369999999999999,0.9370045916506826,1,0.07142857142857142
1363,55662,14,0.9369999999999999,0.9370027255906133,1,0.07142857142857142
1364,55678,16,0.9279999999999999,0.9280021723775731,1,0.1875
1365,55692,14,0.9369999999999999,0.9370021059500342,1,0.07142857142857142
1366,55706,14,0.9369999999999999,0.9370029380130376,1,0.07142857142857142
1367,55722,16,0.9279999999999999,0.9280034105957794,1,0.0625
1368,55736,14,0.9369999999999999,0.937002026541428,1,0.07142857142857142
1369,55752,16,0.9279999999999999,0.9280021813591195,1,0.1875
1370,55766,14,0.9369999999999999,0.9370024759849842,1,0.07142857142857142
1371,55780,14,0.9369999999999999,0.9370020028745062,1,0.07142857142857142
1372,55800,20,0.91,0.9100021631261626,1,0.25
1373,55816,16,0.9279999999999999,0.9280014448311439,1,0.0625
1374,55834,18,0.919,0.9190018431856722,1,0.05555555555555555
1375,55848,14,0.9369999999999999,0.9370011631199541,1,0.07142857142857142
1376,55864,16,0.9279999999999999,0.9280013817314341,1,0.0625
1377,55878,14,0.9369999999999999,0.9370012579606355,1,0.07142857142857142
1378,55894,16,0.9279999999999999,0.928002085401684,1,0.0625
1379,55910,16,0.9279999999999999,0.9280018894804005,1,0.0625
1380,55928,18,0.919,0.9190021896814905,1,0.05555555555555555
1381,55942,14,0.9369999999999999,0.9370016576288928,1,0.07142857142857142
1382,55956,14,0.9369999999999999,0.9370015949030475,1,0.07142857142857142
1383,55970,14,0.9369999999999999,0.9370010384184704,1,0.07142857142857142
1384,55986,16,0.9279999999999999,0.9280014517262661,1,0.0625
1385,56000,14,0.9369999999999999,0.9370012409894329,1,0.07142857142857142
1386,56016,16,0.9279999999999999,0.928001316015405,1,0.0625
1387,56030,14,0.9369999999999999,0.9370012605857075,1,0.07142857142857142
1388,56048,18,0.919,0.9190016392064618,1,0.05555555555555555
1389,56062,14,0.9369999999999999,0.9370016560108084,1,0.07142857142857142
1390,56078,16,0.9279999999999999,0.9280018738301106,1,0.0625
1391,56092,14,0.9369999999999999,0.9370011210619705,1,0.07142857142857142
1392,56106,14,0.9369999999999999,0.9370014716375962,1,0.07142857142857142
1393,56120,14,0.9369999999999999,0.9370013756803827,1,0.07142857142857142
1394,56138,18,0.919,0.9190030122561057,1,0.16666666666666666
1395,56152,14,0.9369999999999999,0.9370035005689634,1,0.07142857142857142
1396,56166,14,0.9369999999999999,0.9370039523523305,1,0.07142857142857142
1397,56180,14,0.9369999999999999,0.9370024657329715,1,0.07142857142857142
1398,56194,14,0.9369999999999999,0.9370027715436469,1,0.07142857142857142
1399,56208,14,0.9369999999999999,0.9370022116324542,1,0.07142857142857142
1400,56222,14,0.9369999999999999,0.9370016921449484,1,0.07142857142857142
1401,56240,18,0.919,0.919002865694431,1,0.16666666666666666
1402,56254,14,0.9369999999999999,0.9370016804990928,1,0.07142857142857142
1403,56268,14,0.9369999999999999,0.9370014145067547,1,0.07142857142857142
1404,56282,14,0.9369999999999999,0.9370014622540536,1,0.07142857142857142
1405,56300,18,0.919,0.9190019386488651,1,0.16666666666666666
1406,56316,16,0.9279999999999999,0.928001711057684,1,0.1875
1407,56338,22,0.901,0.9010025800456064,1,0.13636363636363635
1408,56352,14,0.9369999999999999,0.9370011460518396,1,0.07142857142857142
1409,56366,14,0.9369999999999999,0.937001946953133,1,0.07142857142857142
1410,56380,14,0.9369999999999999,0.9370020979942901,1,0.07142857142857142
1411,56394,14,0.9369999999999999,0.9370015937601373,1,0.07142857142857142
1412,56412,18,0.919,0.9190022158637333,1,0.05555555555555555
1413,56428,16,0.9279999999999999,0.928001726669593,1,0.0625
1414,56442,14,0.9369999999999999,0.9370017460107726,1,0.07142857142857142
1415,56456,14,0.9369999999999999,0.9370018366309039,1,0.07142857142857142
1416,56470,14,0.9369999999999999,0.937001508767948,1,0.07142857142857142
1417,56486,16,0.9279999999999999,0.9280020575999124,1,0.0625
1418,56500,14,0.9369999999999999,0.9370015517799102,1,0.07142857142857142
1419,56514,14,0.9369999999999999,0.9370017208199788,1,0.07142857142857142
1420,56532,18,0.919,0.9190026159760974,1,0.16666666666666666
1421,56550,18,0.919,0.9190030152415962,1,0.05555555555555555
1422,56566,16,0.9279999999999999,0.9280018354019705,1,0.0625
1423,56582,16,0.9279999999999999,0.9280017700280819,1,0.0625
1424,56596,14,0.9369999999999999,0.9370019429510871,1,0.07142857142857142
1425,56612,16,0.9279999999999999,0.9280024188306835,1,0.1875
1426,56626,14,0.9369999999999999,0.9370017626040966,1,0.07142857142857142
1427,56640,14,0.9369999999999999,0.9370016811083095,1,0.07142857142857142
1428,56654,14,0.9369999999999999,0.9370019498011948,1,0.07142857142857142
1429,56671,17,0.9235,0.92350245627461,1,0.058823529411764705
1430,56685,14,0.9369999999999999,0.9370020332944753,1,0.07142857142857142
1431,56701,16,0.9279999999999999,0.9280020629966892,1,0.0625
1432,56715,14,0.9369999999999999,0.9370021321578611,1,0.07142857142857142
1433,56730,15,0.9325,0.9325020063929539,1,0.06666666666666667
1434,56744,14,0.9369999999999999,0.9370022171258561,1,0.07142857142857142
1435,56760,16,0.9279999999999999,0.9280019607127059,1,0.0625
1436,56776,16,0.9279999999999999,0.928001906772346,1,0.0625
1437,56792,16,0.9279999999999999,0.9280028741152268,1,0.0625
1438,56808,16,0.9279999999999999,0.9280032182071797,1,0.0625
1439,56822,14,0.9369999999999999,0.9370026610318717,1,0.07142857142857142
1440,56836,14,0.9369999999999999,0.9370030588375567,1,0.07142857142857142
1441,56850,14,0.9369999999999999,0.9370019187497923,1,0.07142857142857142
1442,56866,16,0.9279999999999999,0.9280031206366798,1,0.0625
1443,56880,14,0.9369999999999999,0.9370032351045613,1,0.07142857142857142
1444,56894,14,0.9369999999999999,0.9370029366681855,1,0.07142857142857142
1445,56908,14,0.9369999999999999,0.9370023359186854,1,0.07142857142857142
1446,56922,14,0.9369999999999999,0.9370029033721746,1,0.07142857142857142
1447,56936,14,0.9369999999999999,0.9370022866473346,1,0.07142857142857142
1448,56950,14,0.9369999999999999,0.937002195533014,1,0.07142857142857142
1449,56966,16,0.9279999999999999,0.9280026148547247,1,0.0625
1450,56980,14,0.9369999999999999,0.9370018450116449,1,0.07142857142857142
1451,56994,14,0.9369999999999999,0.9370015268727119,1,0.07142857142857142
1452,57010,16,0.9279999999999999,0.9280016607227555,1,0.0625
1453,57024,14,0.9369999999999999,0.9370013768824459,1,0.07142857142857142
1454,57038,14,0.9369999999999999,0.9370017117512422,1,0.07142857142857142
1455,57052,14,0.9369999999999999,0.9370016089560825,1,0.07142857142857142
1456,57070,18,0.919,0.9190015409787144,1,0.05555555555555555
1457,57084,14,0.9369999999999999,0.9370010149185088,1,0.07142857142857142
1458,57098,14,0.9369999999999999,0.9370010028918071,1,0.07142857142857142
1459,57112,14,0.9369999999999999,0.9370010949979126,1,0.07142857142857142
1460,57128,16,0.9279999999999999,0.9280013497742071,1,0.0625
1461,57142,14,0.9369999999999999,0.9370012735468574,1,0.07142857142857142
1462,57156,14,0.9369999999999999,0.9370012816394765,1,0.07142857142857142
1463,57170,14,0.9369999999999999,0.9370013225016486,1,0.07142857142857142
1464,57186,16,0.9279999999999999,0.928001677816005,1,0.1875
1465,57202,16,0.9279999999999999,0.9280015199219525,1,0.0625
1466,57216,14,0.9369999999999999,0.9370017314190016,1,0.07142857142857142
1467,57232,16,0.9279999999999999,0.9280022156934178,1,0.0625
1468,57248,16,0.9279999999999999,0.9280015809082091,1,0.0625
1469,57262,14,0.9369999999999999,0.937001390016031,1,0.07142857142857142
1470,57278,16,0.9279999999999999,0.928001903868292,1,0.0625
1471,57292,14,0.9369999999999999,0.9370017522362675,1,0.07142857142857142
1472,57306,14,0.9369999999999999,0.9370010373901716,1,0.07142857142857142
1473,57320,14,0.9369999999999999,0.9370011610709874,1,0.07142857142857142
1474,57336,16,0.9279999999999999,0.9280010982567555,1,0.0625
1475,57350,14,0.9369999999999999,0.9370010990120612,1,0.07142857142857142
1476,57364,14,0.9369999999999999,0.9370013981299831,1,0.07142857142857142
1477,57380,16,0.9279999999999999,0.9280014873906914,1,0.0625
1478,57394,14,0.9369999999999999,0.937001435599883,1,0.07142857142857142
1479,57410,16,0.9279999999999999,0.928001975091001,1,0.1875
1480,57426,16,0.9279999999999999,0.9280026631020264,1,0.1875
1481,57442,16,0.9279999999999999,0.9280028870571507,1,0.0625
1482,57456,14,0.9369999999999999,0.9370022738654457,1,0.07142857142857142
1483,57472,16,0.9279999999999999,0.9280036191791372,1,0.0625
1484,57486,14,0.9369999999999999,0.9370024173667312,1,0.07142857142857142
1485,57502,16,0.9279999999999999,0.9280023650602343,1,0.0625
1486,57516,14,0.9369999999999999,0.9370022653521808,1,0.07142857142857142
1487,57530,14,0.9369999999999999,0.9370025741463194,1,0.07142857142857142
1488,57544,14,0.9369999999999999,0.9370015922643642,1,0.07142857142857142
1489,57560,16,0.9279999999999999,0.9280022254025039,1,0.0625
1490,57574,14,0.9369999999999999,0.9370015685168644,1,0.07142857142857142
1491,57590,16,0.9279999999999999,0.9280016123356586,1,0.0625
1492,57604,14,0.9369999999999999,0.937001661967299,1,0.07142857142857142
1493,57618,14,0.9369999999999999,0.9370016156478653,1,0.07142857142857142
1494,57636,18,0.919,0.9190019315700958,1,0.05555555555555555
1495,57650,14,0.9369999999999999,0.9370013629324644,1,0.07142857142857142
1496,57664,14,0.9369999999999999,0.9370013438323826,1,0.07142857142857142
1497,57678,14,0.9369999999999999,0.9370018817700925,1,0.07142857142857142
1498,57694,16,0.9279999999999999,0.9280018621842031,1,0.1875
1499,57710,16,0.9279999999999999,0.9280013884187098,1,0.1875
1500,57724,14,0.9369999999999999,0.937001160075727,1,0.07142857142857142
1501,57738,14,0.9369999999999999,0.937001014156387,1,0.07142857142857142
1502,57754,16,0.9279999999999999,0.9280015508201398,1,0.0625
1503,57768,14,0.9369999999999999,0.9370010642989427,1,0.07142857142857142
1504,57782,14,0.9369999999999999,0.9370018833074492,1,0.07142857142857142
1505,57798,16,0.9279999999999999,0.9280037851918029,1,0.0625
1506,57812,14,0.9369999999999999,0.9370024725500546,1,0.07142857142857142
1507,57826,14,0.9369999999999999,0.937002081368972,1,0.07142857142857142
1508,57846,20,0.91,0.9100037248638932,1,0.05
1509,57860,14,0.9369999999999999,0.9370019114296856,1,0.07142857142857142
1510,57876,16,0.9279999999999999,0.9280026203502325,1,0.0625
1511,57890,14,0.9369999999999999,0.9370028214345366,1,0.07142857142857142
1512,57905,15,0.9325,0.9325035089766697,1,0.06666666666666667
1513,57919,14,0.9369999999999999,0.937003388430682,1,0.07142857142857142
1514,57933,14,0.9369999999999999,0.9370021633176276,1,0.07142857142857142
1515,57947,14,0.9369999999999999,0.9370016486208731,1,0.07142857142857142
1516,57961,14,0.9369999999999999,0.93700153616219,1,0.07142857142857142
1517,57975,14,0.9369999999999999,0.9370013345434449,1,0.07142857142857142
1518,57990,15,0.9325,0.9325014086812267,1,0.06666666666666667
1519,58004,14,0.9369999999999999,0.9370014511020681,1,0.07142857142857142
1520,58018,14,0.9369999999999999,0.9370019971004591,1,0.07142857142857142
1521,58032,14,0.9369999999999999,0.9370036134728807,1,0.07142857142857142
1522,58048,16,0.9279999999999999,0.9280034146952023,1,0.0625
1523,58062,14,0.9369999999999999,0.9370022173875601,1,0.07142857142857142
1524,58078,16,0.9279999999999999,0.9280028559604642,1,0.0625
1525,58094,16,0.9279999999999999,0.9280030691726973,1,0.0625
1526,58108,14,0.9369999999999999,0.9370023013116587,1,0.07142857142857142
1527,58124,16,0.9279999999999999,0.9280040855529146,1,0.1875
1528,58138,14,0.9369999999999999,0.9370026922934367,1,0.07142857142857142
1529,58152,14,0.9369999999999999,0.9370020891990284,1,0.07142857142857142
1530,58166,14,0.9369999999999999,0.9370017611159704,1,0.07142857142857142
1531,58180,14,0.9369999999999999,0.9370015893390718,1,0.07142857142857142
1532,58200,20,0.91,0.9100025156368802,1,0.05
1533,58214,14,0.9369999999999999,0.9370010086371554,1,0.07142857142857142
1534,58228,14,0.9369999999999999,0.9370010424719359,1,0.07142857142857142
1535,58250,22,0.901,0.9010017579472966,1,0.13636363636363635
1536,58264,14,0.9369999999999999,0.9370010589842316,1,0.07142857142857142
1537,58278,14,0.9369999999999999,0.9370007568173025,1,0.07142857142857142
1538,58292,14,0.9369999999999999,0.9370005888287806,1,0.07142857142857142
1539,58306,14,0.9369999999999999,0.9370006818997366,1,0.07142857142857142
1540,58320,14,0.9369999999999999,0.9370010620531309,1,0.07142857142857142
1541,58334,14,0.9369999999999999,0.9370013693830872,1,0.07142857142857142
1542,58348,14,0.9369999999999999,0.9370019547012294,1,0.07142857142857142
1543,58362,14,0.9369999999999999,0.937001609500872,1,0.07142857142857142
1544,58376,14,0.9369999999999999,0.937001871202161,1,0.07142857142857142
1545,58390,14,0.9369999999999999,0.9370015499552595,1,0.07142857142857142
1546,58404,14,0.9369999999999999,0.9370021431430298,1,0.07142857142857142
1547,58423,19,0.9145,0.914502972977777,1,0.05263157894736842
1548,58437,14,0.9369999999999999,0.9370027281103878,1,0.07142857142857142
1549,58453,16,0.9279999999999999,0.9280040440978274,1,0.0625
1550,58467,14,0.9369999999999999,0.9370027793429307,1,0.07142857142857142
1551,58483,16,0.9279999999999999,0.9280046331569163,1,0.0625
1552,58499,16,0.9279999999999999,0.9280037873556088,1,0.0625
1553,58513,14,0.9369999999999999,0.9370037992672025,1,0.07142857142857142
1554,58527,14,0.9369999999999999,0.9370065058582229,1,0.07142857142857142
1555,58541,14,0.9369999999999999,0.9370092980000736,1,0.07142857142857142
1556,58555,14,0.9369999999999999,0.9370093440430072,1,0.07142857142857142
1557,58569,14,0.9369999999999999,0.9370057333333498,1,0.07142857142857142
1558,58587,18,0.919,0.9190055854633374,1,0.05555555555555555
1559,58601,14,0.9369999999999999,0.9370031310749509,1,0.07142857142857142
1560,58617,16,0.9279999999999999,0.9280023908615207,1,0.0625
1561,58631,14,0.9369999999999999,0.9370015424419464,1,0.07142857142857142
1562,58645,14,0.9369999999999999,0.9370010004657123,1,0.07142857142857142
1563,58663,18,0.919,0.9190015108267721,1,0.16666666666666666
1564,58679,16,0.9279999999999999,0.9280011599506542,1,0.0625
1565,58695,16,0.9279999999999999,0.9280013223453328,1,0.0625
1566,58711,16,0.9279999999999999,0.9280010103116884,1,0.0625
1567,58725,14,0.9369999999999999,0.9370009547334299,1,0.07142857142857142
1568,58739,14,0.9369999999999999,0.9370010514571792,1,0.07142857142857142
1569,58753,14,0.9369999999999999,0.9370008912706994,1,0.07142857142857142
1570,58767,14,0.9369999999999999,0.9370008312991974,1,0.07142857142857142
1571,58781,14,0.9369999999999999,0.937001299704018,1,0.07142857142857142
1572,58795,14,0.9369999999999999,0.9370013735265622,1,0.07142857142857142
1573,58809,14,0.9369999999999999,0.9370010671653308,1,0.07142857142857142
1574,58825,16,0.9279999999999999,0.9280013929977989,1,0.0625
1575,58843,18,0.919,0.9190017370434712,1,0.05555555555555555
1576,58859,16,0.9279999999999999,0.9280012722650494,1,0.0625
1577,58873,14,0.9369999999999999,0.9370008433243613,1,0.07142857142857142
1578,58887,14,0.9369999999999999,0.937000608686839,1,0.07142857142857142
1579,58901,14,0.9369999999999999,0.9370007617637246,1,0.07142857142857142
1580,58915,14,0.9369999999999999,0.93700078060567,1,0.07142857142857142
1581,58931,16,0.9279999999999999,0.928000793631312,1,0.0625
1582,58945,14,0.9369999999999999,0.9370006104139086,1,0.07142857142857142
1583,58959,14,0.9369999999999999,0.9370006106676593,1,0.07142857142857142
1584,58973,14,0.9369999999999999,0.9370007266414969,1,0.07142857142857142
1585,58989,16,0.9279999999999999,0.9280009783022334,1,0.0625
1586,59005,16,0.9279999999999999,0.9280009608611728,1,0.0625
1587,59020,15,0.9325,0.9325010662716063,1,0.06666666666666667
1588,59038,18,0.919,0.919001452246012,1,0.05555555555555555
1589,59054,16,0.9279999999999999,0.9280012153586549,1,0.0625
1590,59070,16,0.9279999999999999,0.9280008166409582,1,0.0625
1591,59089,19,0.9145,0.9145008939025016,1,0.05263157894736842
1592,59103,14,0.9369999999999999,0.9370007287288143,1,0.07142857142857142
1593,59124,21,0.9055,0.9055011236975236,1,0.047619047619047616
1594,59138,14,0.9369999999999999,0.937000626170944,1,0.07142857142857142
1595,59152,14,0.9369999999999999,0.9370012633967685,1,0.07142857142857142
1596,59174,22,0.901,0.9010028133806249,1,0.045454545454545456
1597,59223,49,0.7795,0.779503537569291,1,0.02040816326530612
1598,59240,17,0.9235,0.9235013634486537,1,0.058823529411764705
1599,59263,23,0.8965,0.8965020975082325,1,0.043478260869565216
1600,59277,14,0.9369999999999999,0.9370019028998446,1,0.07142857142857142
1601,59305,28,0.874,0.8740054551710775,1,0.03571428571428571
1602,59323,18,0.919,0.9190036843804265,1,0.05555555555555555
1603,59360,37,0.8335,0.8335061355839,1,0.02702702702702703
1604,59381,21,0.9055,0.9055038870417451,1,0.14285714285714285
1605,59417,36,0.838,0.8380053155646151,1,0.027777777777777776
1606,59438,21,0.9055,0.9055028959027661,1,0.047619047619047616
1607,59456,18,0.919,0.9190017740901895,1,0.05555555555555555
1608,59475,19,0.9145,0.9145022361073305,1,0.05263157894736842
1609,59492,17,0.9235,0.9235022432043214,1,0.058823529411764705
1610,59508,16,0.9279999999999999,0.9280015872228186,1,0.1875
1611,59524,16,0.9279999999999999,0.9280022201567325,1,0.1875
1612,59549,25,0.8875,0.8875060711512794,1,0.04
1613,59575,26,0.883,0.8830085951125121,1,0.038461538461538464
1614,59604,29,0.8694999999999999,0.86950669941941,1,0.034482758620689655
1615,59620,16,0.9279999999999999,0.9280021920340397,1,0.0625
1616,59634,14,0.9369999999999999,0.9370014412450683,1,0.07142857142857142
1617,59661,27,0.8785,0.8785028102807081,1,0.037037037037037035
1618,59680,19,0.9145,0.9145018563341539,1,0.05263157894736842
1619,59705,25,0.8875,0.8875026650275634,1,0.04
1620,59722,17,0.9235,0.9235014192921779,1,0.058823529411764705
1621,59747,25,0.8875,0.8875016082466258,1,0.04
1622,59766,19,0.9145,0.9145012693721379,1,0.05263157894736842
1623,59789,23,0.8965,0.8965012044105428,1,0.043478260869565216
1624,59818,29,0.8694999999999999,0.8695012095949318,1,0.034482758620689655
1625,59858,40,0.82,0.8200030077933912,1,0.075
1626,59874,16,0.9279999999999999,0.9280007422184546,1,0.0625
1627,59892,18,0.919,0.9190012203395286,1,0.05555555555555555
1628,59908,16,0.9279999999999999,0.9280009059596885,1,0.0625
1629,59932,24,0.892,0.8920018353883423,1,0.125
1630,59955,23,0.8965,0.8965019163455809,1,0.043478260869565216
1631,59969,14,0.9369999999999999,0.9370019082109147,1,0.07142857142857142
1632,59985,16,0.9279999999999999,0.9280020591557849,1,0.0625
1633,59999,14,0.9369999999999999,0.937003336248884,1,0.07142857142857142
1634,60013,14,0.9369999999999999,0.9370045480661441,1,0.07142857142857142
1635,60027,14,0.9369999999999999,0.9370041591641127,1,0.07142857142857142
1636,60043,16,0.9279999999999999,0.9280031699778659,1,0.0625
1637,60057,14,0.9369999999999999,0.9370023841601358,1,0.07142857142857142
1638,60073,16,0.9279999999999999,0.9280016534129802,1,0.0625
1639,60087,14,0.9369999999999999,0.9370012751391089,1,0.07142857142857142
1640,60101,14,0.9369999999999999,0.9370012309822289,1,0.07142857142857142
1641,60115,14,0.9369999999999999,0.9370017390101781,1,0.07142857142857142
1642,60129,14,0.9369999999999999,0.9370012773488795,1,0.07142857142857142
1643,60143,14,0.9369999999999999,0.9370013250150055,1,0.07142857142857142
1644,60169,26,0.883,0.8830025636379909,1,0.038461538461538464
1645,60193,24,0.892,0.8920018074379252,1,0.041666666666666664
1646,60209,16,0.9279999999999999,0.9280014712832687,1,0.0625
1647,60223,14,0.9369999999999999,0.9370014253759852,1,0.07142857142857142
1648,60251,28,0.874,0.8740027267167275,1,0.03571428571428571
1649,60273,22,0.901,0.901002146611295,1,0.045454545454545456
1650,60287,14,0.9369999999999999,0.9370019347574602,1,0.07142857142857142
1651,60313,26,0.883,0.8830039015792465,1,0.038461538461538464
1652,60327,14,0.9369999999999999,0.9370027915532197,1,0.07142857142857142
1653,60343,16,0.9279999999999999,0.928003515395009,1,0.0625
1654,60357,14,0.9369999999999999,0.9370020635080176,1,0.07142857142857142
1655,60373,16,0.9279999999999999,0.928002720262756,1,0.0625
1656,60397,24,0.892,0.8920035554996995,1,0.041666666666666664
1657,60411,14,0.9369999999999999,0.9370020700043079,1,0.07142857142857142
1658,60429,18,0.919,0.9190025992701865,1,0.05555555555555555
1659,60443,14,0.9369999999999999,0.9370015235821756,1,0.07142857142857142
1660,60469,26,0.883,0.8830036329711074,1,0.11538461538461539
1661,60487,18,0.919,0.9190027434426953,1,0.05555555555555555
1662,60501,14,0.9369999999999999,0.9370017692252732,1,0.07142857142857142
1663,60515,14,0.9369999999999999,0.9370016286701162,1,0.07142857142857142
1664,60531,16,0.9279999999999999,0.9280014049365547,1,0.0625
1665,60547,16,0.9279999999999999,0.9280016969847749,1,0.0625
1666,60565,18,0.919,0.9190018439731067,1,0.05555555555555555
1667,60579,14,0.9369999999999999,0.9370012687233987,1,0.07142857142857142
1668,60595,16,0.9279999999999999,0.928001967893909,1,0.0625
1669,60609,14,0.9369999999999999,0.9370011882431463,1,0.07142857142857142
1670,60623,14,0.9369999999999999,0.9370010358604216,1,0.07142857142857142
1671,60637,14,0.9369999999999999,0.9370010388413652,1,0.07142857142857142
1672,60651,14,0.9369999999999999,0.9370010086876717,1,0.07142857142857142
1673,60665,14,0.9369999999999999,0.937000901674061,1,0.07142857142857142
1674,60683,18,0.919,0.9190013549132612,1,0.05555555555555555
1675,60713,30,0.865,0.8650076075754173,1,0.03333333333333333
1676,60733,20,0.91,0.9100129860207861,1,0.15
1677,60753,20,0.91,0.9100076911136629,1,0.05
1678,60767,14,0.9369999999999999,0.9370035328069849,1,0.07142857142857142
1679,60787,20,0.91,0.9100041799196532,1,0.15
1680,60803,16,0.9279999999999999,0.928002168421868,1,0.0625
1681,60819,16,0.9279999999999999,0.9280027601507193,1,0.0625
1682,60833,14,0.9369999999999999,0.9370014506526394,1,0.07142857142857142
1683,60847,14,0.9369999999999999,0.9370011506701336,1,0.07142857142857142
1684,60861,14,0.9369999999999999,0.9370009719029213,1,0.07142857142857142
1685,60875,14,0.9369999999999999,0.9370010365192275,1,0.07142857142857142
1686,60889,14,0.9369999999999999,0.9370007718471902,1,0.07142857142857142
1687,60903,14,0.9369999999999999,0.9370006508873612,1,0.07142857142857142
1688,60917,14,0.9369999999999999,0.9370007933108888,1,0.07142857142857142
1689,61011,94,0.577,0.5770079370238098,1,0.031914893617021274
1690,61061,50,0.775,0.7750030870617801,1,0.02
1691,61075,14,0.9369999999999999,0.9370014982206788,1,0.07142857142857142
1692,61089,14,0.9369999999999999,0.9370008416482596,1,0.07142857142857142
1693,61103,14,0.9369999999999999,0.9370010224039151,1,0.07142857142857142
1694,61119,16,0.9279999999999999,0.9280016377923355,1,0.0625
1695,61137,18,0.919,0.9190015801278913,1,0.16666666666666666
1696,61151,14,0.9369999999999999,0.9370008795065455,1,0.07142857142857142
1697,61180,29,0.8694999999999999,0.8695017570023262,1,0.034482758620689655
1698,61196,16,0.9279999999999999,0.9280010501136564,1,0.0625
1699,61229,33,0.8514999999999999,0.8515027539016049,1,0.030303030303030304
1700,61247,18,0.919,0.9190024795321338,1,0.16666666666666666
1701,61261,14,0.9369999999999999,0.9370023858870392,1,0.07142857142857142
1702,61279,18,0.919,0.9190027278858424,1,0.05555555555555555
1703,61293,14,0.9369999999999999,0.9370020022645523,1,0.07142857142857142
1704,61307,14,0.9369999999999999,0.9370024241656103,1,0.07142857142857142
1705,61325,18,0.919,0.9190051477823443,1,0.05555555555555555
1706,61339,14,0.9369999999999999,0.9370025628275893,1,0.07142857142857142
1707,61353,14,0.9369999999999999,0.9370021375979217,1,0.07142857142857142
1708,61382,29,0.8694999999999999,0.8695048943934224,1,0.034482758620689655
1709,61398,16,0.9279999999999999,0.928002103777534,1,0.0625
1710,61418,20,0.91,0.9100024146896539,1,0.05
1711,61435,17,0.9235,0.9235018973950448,1,0.058823529411764705
1712,61449,14,0.9369999999999999,0.9370010271333097,1,0.07142857142857142
1713,61463,14,0.9369999999999999,0.9370008970283977,1,0.07142857142857142
1714,61507,44,0.802,0.8020045810908367,1,0.022727272727272728
1715,61577,70,0.685,0.6850064928534483,1,0.014285714285714285
1716,61591,14,0.9369999999999999,0.9370011504491379,1,0.07142857142857142
1717,61605,14,0.9369999999999999,0.9370012503181665,1,0.07142857142857142
1718,61619,14,0.9369999999999999,0.9370010703372292,1,0.07142857142857142
1719,61635,16,0.9279999999999999,0.928002030833627,1,0.0625
1720,61651,16,0.9279999999999999,0.928001820945517,1,0.1875
1721,61665,14,0.9369999999999999,0.9370011926107087,1,0.07142857142857142
1722,61679,14,0.9369999999999999,0.9370015607109474,1,0.07142857142857142
1723,61697,18,0.919,0.9190017548752258,1,0.05555555555555555
1724,61711,14,0.9369999999999999,0.9370012120304769,1,0.07142857142857142
1725,61725,14,0.9369999999999999,0.9370012817158534,1,0.07142857142857142
1726,61739,14,0.9369999999999999,0.9370013497749126,1,0.07142857142857142
1727,61753,14,0.9369999999999999,0.9370013323460561,1,0.07142857142857142
1728,61767,14,0.9369999999999999,0.9370013785641466,1,0.07142857142857142
1729,61781,14,0.9369999999999999,0.937002238967051,1,0.07142857142857142
1730,61795,14,0.9369999999999999,0.9370092189027955,1,0.07142857142857142
1731,61811,16,0.9279999999999999,0.9280124522345455,1,0.1875
1732,61825,14,0.9369999999999999,0.9370050346624339,1,0.07142857142857142
1733,61839,14,0.9369999999999999,0.9370033181041415,1,0.07142857142857142
1734,61857,18,0.919,0.9190028357221978,1,0.16666666666666666
1735,61871,14,0.9369999999999999,0.9370017618573127,1,0.07142857142857142
1736,61885,14,0.9369999999999999,0.937001629220741,1,0.07142857142857142
1737,61899,14,0.9369999999999999,0.9370011320934405,1,0.07142857142857142
1738,61913,14,0.9369999999999999,0.9370011781276393,1,0.07142857142857142
1739,61927,14,0.9369999999999999,0.9370010568898665,1,0.07142857142857142
1740,61943,16,0.9279999999999999,0.9280008637007745,1,0.0625
1741,61959,16,0.9279999999999999,0.9280006930165557,1,0.0625
1742,61975,16,0.9279999999999999,0.9280008558727398,1,0.0625
1743,61989,14,0.9369999999999999,0.9370009253034204,1,0.07142857142857142
1744,62003,14,0.9369999999999999,0.9370007825272392,1,0.07142857142857142
1745,62040,37,0.8335,0.8335018581111817,1,0.02702702702702703
1746,62056,16,0.9279999999999999,0.9280011126089353,1,0.1875
1747,62070,14,0.9369999999999999,0.9370006480770905,1,0.07142857142857142
1748,62090,20,0.91,0.910001389871456,1,0.05
1749,62106,16,0.9279999999999999,0.928001059104633,1,0.0625
1750,62120,14,0.9369999999999999,0.9370009040752764,1,0.07142857142857142
1751,62134,14,0.9369999999999999,0.9370010008943924,1,0.07142857142857142
1752,62148,14,0.9369999999999999,0.9370009148402355,1,0.07142857142857142
1753,62168,20,0.91,0.9100012445556455,1,0.05
1754,62197,29,0.8694999999999999,0.869503331623127,1,0.034482758620689655
1755,62229,32,0.856,0.8560030741525155,1,0.03125
1756,62247,18,0.919,0.919003148554439,1,0.16666666666666666
1757,62263,16,0.9279999999999999,0.9280020004004829,1,0.1875
1758,62293,30,0.865,0.8650047046518327,1,0.03333333333333333
1759,62347,54,0.757,0.7570064596641568,1,0.018518518518518517
1760,62369,22,0.901,0.9010035042998524,1,0.045454545454545456
1761,62395,26,0.883,0.8830035879274505,1,0.038461538461538464
1762,62425,30,0.865,0.8650035174981152,1,0.03333333333333333
1763,62445,20,0.91,0.9100015151855568,1,0.05
1764,62465,20,0.91,0.9100014271190044,1,0.05
1765,62482,17,0.9235,0.9235012283384663,1,0.058823529411764705
1766,62506,24,0.892,0.8920026858553324,1,0.041666666666666664
1767,62527,21,0.9055,0.9055036197464262,1,0.047619047619047616
1768,62545,18,0.919,0.9190083702343937,1,0.05555555555555555
1769,62559,14,0.9369999999999999,0.9370055662022192,1,0.07142857142857142
1770,62573,14,0.9369999999999999,0.9370082233157333,1,0.07142857142857142
1771,62587,14,0.9369999999999999,0.9370088577137077,1,0.07142857142857142
1772,62601,14,0.9369999999999999,0.9370049904650158,1,0.07142857142857142
1773,62629,28,0.874,0.874006069699837,1,0.03571428571428571
1774,62653,24,0.892,0.8920035197653201,1,0.041666666666666664
1775,62677,24,0.892,0.8920044674188154,1,0.041666666666666664
1776,62696,19,0.9145,0.9145018110194338,1,0.05263157894736842
1777,62714,18,0.919,0.9190014416761502,1,0.05555555555555555
1778,62734,20,0.91,0.9100016300648721,1,0.05
1779,62762,28,0.874,0.8740024940363461,1,0.03571428571428571
1780,62776,14,0.9369999999999999,0.937001311746057,1,0.07142857142857142
1781,62795,19,0.9145,0.9145013535376016,1,0.05263157894736842
1782,62809,14,0.9369999999999999,0.9370016061276835,1,0.07142857142857142
1783,62825,16,0.9279999999999999,0.9280015880442086,1,0.0625
1784,62842,17,0.9235,0.9235010799923669,1,0.058823529411764705
1785,62871,29,0.8694999999999999,0.8695013817893349,1,0.034482758620689655
1786,62891,20,0.91,0.9100010751316169,1,0.05
1787,62905,14,0.9369999999999999,0.9370006577199327,1,0.07142857142857142
1788,62922,17,0.9235,0.9235008449040853,1,0.058823529411764705
1789,62947,25,0.8875,0.8875009454831243,1,0.04
1790,62967,20,0.91,0.9100011122775743,1,0.05
1791,62989,22,0.901,0.9010014312256753,1,0.045454545454545456
1792,63003,14,0.9369999999999999,0.9370009661803187,1,0.07142857142857142
1793,63017,14,0.9369999999999999,0.9370011411463105,1,0.07142857142857142
1794,63031,14,0.9369999999999999,0.9370016096431215,1,0.07142857142857142
1795,63083,52,0.766,0.7660076214145636,1,0.019230769230769232
1796,63097,14,0.9369999999999999,0.9370010892361804,1,0.07142857142857142
1797,63111,14,0.9369999999999999,0.9370009645174397,1,0.07142857142857142
1798,63137,26,0.883,0.8830020618590184,1,0.11538461538461539
1799,63151,14,0.9369999999999999,0.9370011675639236,1,0.07142857142857142
1800,63167,16,0.9279999999999999,0.9280016610315234,1,0.0625
1801,63181,14,0.9369999999999999,0.937001406752486,1,0.07142857142857142
1802,63199,18,0.919,0.9190023776275025,1,0.05555555555555555
1803,63213,14,0.9369999999999999,0.9370020444551265,1,0.07142857142857142
1804,63227,14,0.9369999999999999,0.9370028293547784,1,0.07142857142857142
1805,63241,14,0.9369999999999999,0.9370026416354339,1,0.07142857142857142
1806,63255,14,0.9369999999999999,0.9370024755139854,1,0.07142857142857142
1807,63271,16,0.9279999999999999,0.9280036747502808,1,0.0625
1808,63285,14,0.9369999999999999,0.93700225983754,1,0.07142857142857142
1809,63299,14,0.9369999999999999,0.9370020468704664,1,0.07142857142857142
1810,63315,16,0.9279999999999999,0.9280027682796904,1,0.0625
1811,63329,14,0.9369999999999999,0.937001330197407,1,0.07142857142857142
1812,63343,14,0.9369999999999999,0.9370013465884891,1,0.07142857142857142
1813,63359,16,0.9279999999999999,0.9280012168951182,1,0.0625
1814,63373,14,0.9369999999999999,0.9370009251692488,1,0.07142857142857142
1815,63387,14,0.9369999999999999,0.9370007858124106,1,0.07142857142857142
1816,63405,18,0.919,0.9190018175648474,1,0.05555555555555555
1817,63419,14,0.9369999999999999,0.9370010633177913,1,0.07142857142857142
1818,63433,14,0.9369999999999999,0.9370011177431903,1,0.07142857142857142
1819,63447,14,0.9369999999999999,0.9370013873199509,1,0.07142857142857142
1820,63461,14,0.9369999999999999,0.9370013608293806,1,0.07142857142857142
1821,63475,14,0.9369999999999999,0.9370013559748381,1,0.07142857142857142
1822,63491,16,0.9279999999999999,0.928001275109755,1,0.0625
1823,63507,16,0.9279999999999999,0.9280010897086245,1,0.0625
1824,63523,16,0.9279999999999999,0.9280014486915411,1,0.0625
1825,63537,14,0.9369999999999999,0.9370007957492841,1,0.07142857142857142
1826,63553,16,0.9279999999999999,0.9280014160992947,1,0.0625
1827,63567,14,0.9369999999999999,0.9370012537085123,1,0.07142857142857142
1828,63581,14,0.9369999999999999,0.9370013419629232,1,0.07142857142857142
1829,63596,15,0.9325,0.9325020772590095,1,0.06666666666666667
1830,63610,14,0.9369999999999999,0.9370020921584897,1,0.07142857142857142
1831,63624,14,0.9369999999999999,0.9370017107169796,1,0.07142857142857142
1832,63638,14,0.9369999999999999,0.9370016659437105,1,0.07142857142857142
1833,63652,14,0.9369999999999999,0.9370017731018166,1,0.07142857142857142
1834,63666,14,0.9369999999999999,0.937002137798751,1,0.07142857142857142
1835,63680,14,0.9369999999999999,0.9370015207921463,1,0.07142857142857142
1836,63694,14,0.9369999999999999,0.9370020799990595,1,0.07142857142857142
1837,63712,18,0.919,0.9190025319849128,1,0.16666666666666666
1838,63726,14,0.9369999999999999,0.9370017513916844,1,0.07142857142857142
1839,63740,14,0.9369999999999999,0.9370017301239438,1,0.07142857142857142
1840,63754,14,0.9369999999999999,0.9370013489703299,1,0.07142857142857142
1841,63768,14,0.9369999999999999,0.9370010817873704,1,0.07142857142857142
1842,63782,14,0.9369999999999999,0.937001136499912,1,0.07142857142857142
1843,63796,14,0.9369999999999999,0.9370012718204963,1,0.07142857142857142
1844,63810,14,0.9369999999999999,0.9370009815181817,1,0.07142857142857142
1845,63826,16,0.9279999999999999,0.9280023021866286,1,0.0625
1846,63840,14,0.9369999999999999,0.9370016758616269,1,0.07142857142857142
1847,63856,16,0.9279999999999999,0.9280015733656216,1,0.0625
1848,63870,14,0.9369999999999999,0.937002051863034,1,0.07142857142857142
1849,63886,16,0.9279999999999999,0.9280019526196337,1,0.0625
1850,63908,22,0.901,0.9010030479331136,1,0.045454545454545456
1851,63922,14,0.9369999999999999,0.9370015839598554,1,0.07142857142857142
1852,63938,16,0.9279999999999999,0.9280014171061397,1,0.1875
1853,63952,14,0.9369999999999999,0.9370014764453983,1,0.07142857142857142
1854,63966,14,0.9369999999999999,0.937001577890975,1,0.07142857142857142
1855,63980,14,0.9369999999999999,0.9370012916940871,1,0.07142857142857142
1856,63998,18,0.919,0.9190036792331592,1,0.05555555555555555
1857,64012,14,0.9369999999999999,0.9370033609855681,1,0.07142857142857142
1858,64026,14,0.9369999999999999,0.9370026722691579,1,0.07142857142857142
1859,64040,14,0.9369999999999999,0.9370024434407971,1,0.07142857142857142
1860,64054,14,0.9369999999999999,0.9370019242590351,1,0.07142857142857142
1861,64068,14,0.9369999999999999,0.9370014791170004,1,0.07142857142857142
1862,64082,14,0.9369999999999999,0.9370023374118962,1,0.07142857142857142
1863,64096,14,0.9369999999999999,0.9370023106714451,1,0.07142857142857142
1864,64110,14,0.9369999999999999,0.937002494862829,1,0.07142857142857142
1865,64124,14,0.9369999999999999,0.9370023930168621,1,0.07142857142857142
1866,64142,18,0.919,0.9190036213362018,1,0.05555555555555555
1867,64156,14,0.9369999999999999,0.9370038898416254,1,0.07142857142857142
1868,64170,14,0.9369999999999999,0.9370024110900146,1,0.07142857142857142
1869,64184,14,0.9369999999999999,0.9370023242232625,1,0.07142857142857142
1870,64198,14,0.9369999999999999,0.9370022646084083,1,0.07142857142857142
1871,64212,14,0.9369999999999999,0.9370021382899838,1,0.07142857142857142
1872,64226,14,0.9369999999999999,0.9370020263842238,1,0.07142857142857142
1873,64240,14,0.9369999999999999,0.9370013909800187,1,0.07142857142857142
1874,64254,14,0.9369999999999999,0.9370013134525449,1,0.07142857142857142
1875,64270,16,0.9279999999999999,0.9280015431048108,1,0.0625
1876,64284,14,0.9369999999999999,0.9370010290915007,1,0.07142857142857142
1877,64298,14,0.9369999999999999,0.9370009808440399,1,0.07142857142857142
1878,64314,16,0.9279999999999999,0.9280010520913874,1,0.0625
1879,64329,15,0.9325,0.9325009001162099,1,0.06666666666666667
1880,64347,18,0.919,0.9190011151424063,1,0.16666666666666666
1881,64361,14,0.9369999999999999,0.9370010088136579,1,0.07142857142857142
1882,64377,16,0.9279999999999999,0.9280010658910633,1,0.1875
1883,64392,15,0.9325,0.9325010067940741,1,0.06666666666666667
1884,64406,14,0.9369999999999999,0.9370011870149887,1,0.07142857142857142
1885,64424,18,0.919,0.9190027769255766,1,0.16666666666666666
1886,64440,16,0.9279999999999999,0.9280032286447983,1,0.0625
1887,64458,18,0.919,0.9190038238584072,1,0.05555555555555555
1888,64474,16,0.9279999999999999,0.9280051739655535,1,0.0625
1889,64488,14,0.9369999999999999,0.9370032275310498,1,0.07142857142857142
1890,64502,14,0.9369999999999999,0.9370031383349299,1,0.07142857142857142
1891,64516,14,0.9369999999999999,0.9370029850228122,1,0.07142857142857142
1892,64532,16,0.9279999999999999,0.9280019787492232,1,0.0625
1893,64547,15,0.9325,0.9325013849664266,1,0.06666666666666667
1894,64567,20,0.91,0.910001925729296,1,0.15
1895,64583,16,0.9279999999999999,0.928000919180613,1,0.0625
1896,64597,14,0.9369999999999999,0.9370007536334453,1,0.07142857142857142
1897,64613,16,0.9279999999999999,0.9280007847931445,1,0.0625
1898,64634,21,0.9055,0.9055012082817582,1,0.047619047619047616
1899,64648,14,0.9369999999999999,0.9370007033118241,1,0.07142857142857142
1900,64664,16,0.9279999999999999,0.9280013179479311,1,0.0625
1901,64682,18,0.919,0.9190012006243905,1,0.05555555555555555
1902,64700,18,0.919,0.9190013580262113,1,0.05555555555555555
1903,64714,14,0.9369999999999999,0.9370007431239998,1,0.07142857142857142
1904,64730,16,0.9279999999999999,0.928001109012971,1,0.0625
1905,64744,14,0.9369999999999999,0.9370014854227673,1,0.07142857142857142
1906,64758,14,0.9369999999999999,0.9370011319303099,1,0.07142857142857142
1907,64772,14,0.9369999999999999,0.9370012776939449,1,0.07142857142857142
1908,64795,23,0.8965,0.8965019841858564,1,0.043478260869565216
1909,64850,55,0.7525,0.7525084262522778,1,0.01818181818181818
1910,64864,14,0.9369999999999999,0.937001506516934,1,0.07142857142857142
1911,64880,16,0.9279999999999999,0.9280023447820935,1,0.0625
1912,64894,14,0.9369999999999999,0.9370016586508954,1,0.07142857142857142
1913,64929,35,0.8425,0.8425099668817523,1,0.02857142857142857
1914,64947,18,0.919,0.9190097942024483,1,0.05555555555555555
1915,64965,18,0.919,0.9190133473446771,1,0.05555555555555555
1916,64979,14,0.9369999999999999,0.9370056909811043,1,0.07142857142857142
1917,64993,14,0.9369999999999999,0.9370036071334379,1,0.07142857142857142
1918,65013,20,0.91,0.9100043846049006,1,0.05
1919,65029,16,0.9279999999999999,0.9280022857336044,1,0.0625
1920,65043,14,0.9369999999999999,0.9370012727872545,1,0.07142857142857142
1921,65076,33,0.8514999999999999,0.8515081317821381,1,0.030303030303030304
1922,65094,18,0.919,0.9190011543302999,1,0.05555555555555555
1923,65110,16,0.9279999999999999,0.9280008286393648,1,0.0625
1924,65126,16,0.9279999999999999,0.9280011868353283,1,0.0625
1925,65140,14,0.9369999999999999,0.9370006885236174,1,0.07142857142857142
1926,65154,14,0.9369999999999999,0.9370006556595927,1,0.07142857142857142
1927,65172,18,0.919,0.9190007451245102,1,0.2777777777777778
1928,65186,14,0.9369999999999999,0.9370004376887915,1,0.07142857142857142
1929,65204,18,0.919,0.9190034266566908,1,0.05555555555555555
1930,65238,34,0.847,0.8470039798312662,1,0.38235294117647056
1931,65258,20,0.91,0.9100011357117269,1,0.05
1932,65294,36,0.838,0.8380099280495694,1,0.027777777777777776
1933,65408,114,0.487,0.4870470106017505,1,0.11403508771929824
1934,65430,22,0.901,0.9010040750311415,1,0.13636363636363635
1935,65456,26,0.883,0.8830024299744653,1,0.3076923076923077
1936,65482,26,0.883,0.883004293730033,1,0.19230769230769232
1937,65552,70,0.685,0.6850278126240478,1,0.014285714285714285
1938,65578,26,0.883,0.8830110529866992,1,0.038461538461538464
1939,65612,34,0.847,0.8470141020579747,1,0.029411764705882353
1940,65630,18,0.919,0.9190047466313294,1,0.05555555555555555
1941,65648,18,0.919,0.9190053513701877,1,0.16666666666666666
1942,65664,16,0.9279999999999999,0.9280036196171215,1,0.0625
1943,65686,22,0.901,0.9010042463928455,1,0.045454545454545456
1944,65714,28,0.874,0.8740054587515346,1,0.4642857142857143
1945,65771,57,0.7435,0.7435169481530923,1,0.2807017543859649
1946,65793,22,0.901,0.90100542564179,1,0.045454545454545456
1947,65839,46,0.7929999999999999,0.7930363197672653,1,0.021739130434782608
1948,65905,66,0.703,0.7030185180959299,1,0.3484848484848485
1949,65923,18,0.919,0.9190051830083791,1,0.05555555555555555
1950,65966,43,0.8065,0.806509888499379,1,0.023255813953488372
1951,66000,34,0.847,0.8470046704669176,1,0.38235294117647056
1952,66020,20,0.91,0.9100012443451619,1,0.35
1953,66034,14,0.9369999999999999,0.9370005428242963,1,0.07142857142857142
1954,66054,20,0.91,0.9100010487795107,1,0.25
1955,66098,44,0.802,0.8020024879695179,1,0.022727272727272728
1956,66122,24,0.892,0.8920015148282295,1,0.041666666666666664
1957,66230,108,0.514,0.5140086167279084,1,0.009259259259259259
1958,66246,16,0.9279999999999999,0.9280015458184436,1,0.0625
1959,66328,82,0.631,0.6310060237170038,1,0.012195121951219513
1960,66348,20,0.91,0.9100016909509636,1,0.05
1961,66394,46,0.7929999999999999,0.7930070091445434,1,0.021739130434782608
1962,66444,50,0.775,0.7750093984737788,1,0.02
1963,66460,16,0.9279999999999999,0.9280025469706961,1,0.0625
1964,66534,74,0.667,0.6670147910719875,1,0.013513513513513514
1965,66548,14,0.9369999999999999,0.9370032519457503,1,0.07142857142857142
1966,66622,74,0.667,0.667015248664467,1,0.013513513513513514
1967,66638,16,0.9279999999999999,0.9280022842439909,1,0.0625
1968,66656,18,0.919,0.9190024211065944,1,0.05555555555555555
1969,66745,89,0.5994999999999999,0.5995043748653412,1,0.011235955056179775
1970,66761,16,0.9279999999999999,0.9280009963421983,1,0.0625
1971,66798,37,0.8335,0.8335049847573132,1,0.4864864864864865
1972,66814,16,0.9279999999999999,0.928000852484341,1,0.0625
1973,66916,102,0.5409999999999999,0.5410107350887627,1,0.00980392156862745
1974,66938,22,0.901,0.9010060628566515,1,0.18181818181818182
1975,66960,22,0.901,0.9010057996088219,1,0.3181818181818182
1976,66976,16,0.9279999999999999,0.9280051991966008,1,0.0625
1977,67039,63,0.7164999999999999,0.7165269360892206,1,0.015873015873015872
1978,67053,14,0.9369999999999999,0.937007738644267,1,0.07142857142857142
1979,67111,58,0.739,0.7390549986881972,1,0.017241379310344827
1980,67127,16,0.9279999999999999,0.9280061827839002,1,0.0625
1981,67141,14,0.9369999999999999,0.9370024669110217,1,0.07142857142857142
1982,67189,48,0.784,0.7840049444156351,1,0.020833333333333332
1983,67295,106,0.5229999999999999,0.5230044481240145,1,0.009433962264150943
1984,67495,200,0.0,1.317271509060317e-05,0,0.015
1985,67595,100,0.55,0.5500066125820153,1,0.03
1986,67662,67,0.6984999999999999,0.6985043957064754,1,0.014925373134328358
1987,67688,26,0.883,0.8830011816387365,1,0.038461538461538464
1988,67782,94,0.577,0.5770059300961372,1,0.010638297872340425
1989,67804,22,0.901,0.9010024547616712,1,0.045454545454545456
1990,67848,44,0.802,0.8020045920645779,1,0.022727272727272728
1991,67972,124,0.44199999999999995,0.44201639783989866,1,0.008064516129032258
1992,68010,38,0.829,0.8290047246195911,1,0.02631578947368421
1993,68024,14,0.9369999999999999,0.9370019931487777,1,0.07142857142857142
1994,68038,14,0.9369999999999999,0.9370024424736135,1,0.07142857142857142
1995,68054,16,0.9279999999999999,0.9280027283422703,1,0.0625
1996,68134,80,0.6399999999999999,0.6400236491996892,1,0.8375
1997,68155,21,0.9055,0.9055016173451741,1,0.14285714285714285
1998,68170,15,0.9325,0.9325008989094686,1,0.06666666666666667
1999,68203,33,0.8514999999999999,0.8515027422981558,1,0.030303030303030304
2000,68243,40,0.82,0.8200044423813996,1,0.025
2001,68271,28,0.874,0.8740035654054106,1,0.03571428571428571
2002,68289,18,0.919,0.9190016614647658,1,0.05555555555555555
2003,68305,16,0.9279999999999999,0.9280014944521249,1,0.0625
2004,68332,27,0.8785,0.8785023356683578,1,0.037037037037037035
2005,68349,17,0.9235,0.9235014224363614,1,0.058823529411764705
2006,68386,37,0.8335,0.8335030868767247,1,0.02702702702702703
2007,68402,16,0.9279999999999999,0.9280018251022012,1,0.0625
2008,68421,19,0.9145,0.9145020149435343,1,0.05263157894736842
2009,68439,18,0.919,0.9190016866009779,1,0.05555555555555555
2010,68465,26,0.883,0.8830022595699228,1,0.038461538461538464
2011,68492,27,0.8785,0.8785040940936154,1,0.037037037037037035
2012,68519,27,0.8785,0.878506636759231,1,0.037037037037037035
2013,68553,34,0.847,0.847010793815031,1,0.08823529411764706
2014,68597,44,0.802,0.8020078094262185,1,0.022727272727272728
2015,68663,66,0.703,0.7030063076306946,1,0.015151515151515152
2016,68685,22,0.901,0.9010015809483518,1,0.045454545454545456
2017,68717,32,0.856,0.8560031909671082,1,0.03125
2018,68745,28,0.874,0.8740032198494021,1,0.03571428571428571
2019,68760,15,0.9325,0.9325012790883698,1,0.06666666666666667
2020,68785,25,0.8875,0.8875017878081457,1,0.04
2021,68805,20,0.91,0.9100009444116393,1,0.05
2022,68835,30,0.865,0.8650010932618784,1,0.03333333333333333
2023,68873,38,0.829,0.8290018046769124,1,0.02631578947368421
2024,68905,32,0.856,0.8560018369508657,1,0.03125
2025,68921,16,0.9279999999999999,0.9280016809590814,1,0.0625
2026,68944,23,0.8965,0.8965029739680531,1,0.043478260869565216
2027,68990,46,0.7929999999999999,0.7930059328590983,1,0.021739130434782608
2028,69012,22,0.901,0.9010016258955506,1,0.045454545454545456
2029,69028,16,0.9279999999999999,0.9280013414951624,1,0.0625
2030,69042,14,0.9369999999999999,0.9370007187386666,1,0.07142857142857142
2031,69056,14,0.9369999999999999,0.937000933763435,1,0.07142857142857142
2032,69076,20,0.91,0.9100015212171385,1,0.05
2033,69090,14,0.9369999999999999,0.937001265830893,1,0.07142857142857142
2034,69112,22,0.901,0.9010021601560473,1,0.045454545454545456
2035,69126,14,0.9369999999999999,0.9370017693827525,1,0.07142857142857142
2036,69148,22,0.901,0.901011718478254,1,0.045454545454545456
2037,69162,14,0.9369999999999999,0.9370068364837673,1,0.07142857142857142
2038,69176,14,0.9369999999999999,0.9370062265199716,1,0.07142857142857142
2039,69190,14,0.9369999999999999,0.9370044714912993,1,0.07142857142857142
2040,69204,14,0.9369999999999999,0.9370032282708696,1,0.07142857142857142
2041,69218,14,0.9369999999999999,0.9370031941049681,1,0.07142857142857142
2042,69278,60,0.73,0.7300106892789896,1,0.016666666666666666
2043,69294,16,0.9279999999999999,0.928001222906495,1,0.0625
2044,69364,70,0.685,0.6850065336143213,1,0.014285714285714285
2045,69380,16,0.9279999999999999,0.9280006616194476,1,0.0625
2046,69402,22,0.901,0.9010014316063197,1,0.045454545454545456
2047,69438,36,0.838,0.838021804017875,1,0.027777777777777776
2048,69452,14,0.9369999999999999,0.9370005345971611,1,0.07142857142857142
2049,69555,103,0.5365,0.5365142813223538,1,0.009708737864077669
2050,69571,16,0.9279999999999999,0.9280010260022824,1,0.0625
2051,69585,14,0.9369999999999999,0.9370007050842785,1,0.07142857142857142
2052,69601,16,0.9279999999999999,0.9280008960698962,1,0.0625
2053,69615,14,0.9369999999999999,0.9370008638727533,1,0.07142857142857142
2054,69631,16,0.9279999999999999,0.9280010350509108,1,0.0625
2055,69645,14,0.9369999999999999,0.937000692164098,1,0.07142857142857142
2056,69659,14,0.9369999999999999,0.9370009706920004,1,0.07142857142857142
2057,69679,20,0.91,0.9100022057106463,1,0.05
2058,69695,16,0.9279999999999999,0.9280020953376745,1,0.0625
2059,69722,27,0.8785,0.8785042152056384,1,0.037037037037037035
2060,69740,18,0.919,0.9190041193424024,1,0.05555555555555555
2061,69754,14,0.9369999999999999,0.9370017631419505,1,0.07142857142857142
2062,69772,18,0.919,0.9190024341305199,1,0.16666666666666666
2063,69786,14,0.9369999999999999,0.9370015845240304,1,0.07142857142857142
2064,69804,18,0.919,0.9190026161387103,1,0.05555555555555555
2065,69820,16,0.9279999999999999,0.9280020882726882,1,0.0625
2066,69836,16,0.9279999999999999,0.928002093900878,1,0.0625
2067,69858,22,0.901,0.9010054530300534,1,0.09090909090909091
2068,69878,20,0.91,0.910003197694641,1,0.05
2069,69892,14,0.9369999999999999,0.9370012577861393,1,0.07142857142857142
2070,69908,16,0.9279999999999999,0.9280014927565797,1,0.0625
2071,69922,14,0.9369999999999999,0.9370011276729464,1,0.07142857142857142
2072,69942,20,0.91,0.9100018833693542,1,0.05
2073,70006,64,0.712,0.7120059340294405,1,0.015625
2074,70020,14,0.9369999999999999,0.9370010956324347,1,0.07142857142857142
2075,70036,16,0.9279999999999999,0.9280014029162418,1,0.0625
2076,70052,16,0.9279999999999999,0.9280023421021735,1,0.0625
2077,70066,14,0.9369999999999999,0.9370021456246299,1,0.07142857142857142
2078,70135,69,0.6895,0.6895411782412655,1,0.014492753623188406
2079,70151,16,0.9279999999999999,0.9280082340198954,1,0.0625
2080,70167,16,0.9279999999999999,0.9280100952541965,1,0.0625
2081,70181,14,0.9369999999999999,0.9370052509678671,1,0.07142857142857142
2082,70197,16,0.9279999999999999,0.9280051147352869,1,0.0625
2083,70211,14,0.9369999999999999,0.9370033983169778,1,0.07142857142857142
2084,70225,14,0.9369999999999999,0.937002448304337,1,0.07142857142857142
2085,70239,14,0.9369999999999999,0.9370017305778809,1,0.07142857142857142
2086,70253,14,0.9369999999999999,0.9370017180492408,1,0.07142857142857142
2087,70269,16,0.9279999999999999,0.9280018781259148,1,0.0625
2088,70283,14,0.9369999999999999,0.937001586758473,1,0.07142857142857142
2089,70297,14,0.9369999999999999,0.9370011935432675,1,0.07142857142857142
2090,70311,14,0.9369999999999999,0.9370009202798792,1,0.07142857142857142
2091,70327,16,0.9279999999999999,0.9280011070743479,1,0.0625
2092,70341,14,0.9369999999999999,0.937000650638587,1,0.07142857142857142
2093,70365,24,0.892,0.8920013439182961,1,0.041666666666666664
2094,70379,14,0.9369999999999999,0.9370004574268261,1,0.07142857142857142
2095,70397,18,0.919,0.9190007602225378,1,0.2777777777777778
2096,70411,14,0.9369999999999999,0.9370002926505921,1,0.07142857142857142
2097,70425,14,0.9369999999999999,0.9370003229975422,1,0.07142857142857142
2098,70439,14,0.9369999999999999,0.9370003872845488,1,0.07142857142857142
2099,70457,18,0.919,0.9190005432805063,1,0.05555555555555555
2100,70471,14,0.9369999999999999,0.9370006849186133,1,0.07142857142857142
2101,70487,16,0.9279999999999999,0.9280009426665136,1,0.0625
2102,70503,16,0.9279999999999999,0.9280007247333166,1,0.0625
2103,70519,16,0.9279999999999999,0.928000638945963,1,0.0625
2104,70533,14,0.9369999999999999,0.9370004977395268,1,0.07142857142857142
2105,70551,18,0.919,0.9190015187543524,1,0.05555555555555555
2106,70569,18,0.919,0.9190007613850645,1,0.05555555555555555
2107,70583,14,0.9369999999999999,0.9370006661032684,1,0.07142857142857142
2108,70597,14,0.9369999999999999,0.9370007212934424,1,0.07142857142857142
2109,70611,14,0.9369999999999999,0.9370007391767078,1,0.07142857142857142
2110,70625,14,0.9369999999999999,0.9370006806087132,1,0.07142857142857142
2111,70641,16,0.9279999999999999,0.9280013546101329,1,0.1875
2112,70655,14,0.9369999999999999,0.9370033320106392,1,0.07142857142857142
2113,70669,14,0.9369999999999999,0.9370042401999525,1,0.07142857142857142
2114,70683,14,0.9369999999999999,0.9370029721901809,1,0.07142857142857142
2115,70701,18,0.919,0.9190048801424177,1,0.05555555555555555
2116,70715,14,0.9369999999999999,0.9370027803116069,1,0.07142857142857142
2117,70735,20,0.91,0.9100032599170946,1,0.15
2118,70755,20,0.91,0.9100034517539239,1,0.25
2119,70769,14,0.9369999999999999,0.9370009533466628,1,0.07142857142857142
2120,70783,14,0.9369999999999999,0.937000941472427,1,0.07142857142857142
2121,70797,14,0.9369999999999999,0.9370006469564262,1,0.07142857142857142
2122,70811,14,0.9369999999999999,0.9370004630007254,1,0.07142857142857142
2123,70825,14,0.9369999999999999,0.937000474845084,1,0.07142857142857142
2124,70841,16,0.9279999999999999,0.9280007566326436,1,0.0625
2125,70869,28,0.874,0.8740025417284831,1,0.03571428571428571
2126,70883,14,0.9369999999999999,0.937000900640704,1,0.07142857142857142
2127,70897,14,0.9369999999999999,0.9370006395783309,1,0.07142857142857142
2128,70911,14,0.9369999999999999,0.937000745370985,1,0.07142857142857142
2129,70927,16,0.9279999999999999,0.9280006286274216,1,0.0625
2130,70941,14,0.9369999999999999,0.9370007435064558,1,0.07142857142857142
2131,70959,18,0.919,0.9190011788561053,1,0.05555555555555555
2132,70983,24,0.892,0.892001680926145,1,0.041666666666666664
2133,71003,20,0.91,0.9100016199665627,1,0.05
2134,71034,31,0.8605,0.8605036395171534,1,0.03225806451612903
2135,71048,14,0.9369999999999999,0.9370020535439147,1,0.07142857142857142
2136,71064,16,0.9279999999999999,0.928002242502446,1,0.0625
2137,71080,16,0.9279999999999999,0.9280026351001869,1,0.0625
2138,71094,14,0.9369999999999999,0.9370016513645674,1,0.07142857142857142
2139,71142,48,0.784,0.7840090498092429,1,0.020833333333333332
2140,71161,19,0.9145,0.914502992671182,1,0.05263157894736842
2141,71175,14,0.9369999999999999,0.9370017986235849,1,0.07142857142857142
2142,71193,18,0.919,0.9190027239038672,1,0.05555555555555555
2143,71207,14,0.9369999999999999,0.9370017265425734,1,0.07142857142857142
2144,71223,16,0.9279999999999999,0.9280026955311644,1,0.0625
2145,71237,14,0.9369999999999999,0.9370029931369886,1,0.07142857142857142
2146,71251,14,0.9369999999999999,0.9370014564030427,1,0.07142857142857142
2147,71265,14,0.9369999999999999,0.9370016360361911,1,0.07142857142857142
2148,71279,14,0.9369999999999999,0.9370017287978548,1,0.07142857142857142
2149,71305,26,0.883,0.8830039641453088,1,0.11538461538461539
2150,71319,14,0.9369999999999999,0.9370024913246939,1,0.07142857142857142
2151,71333,14,0.9369999999999999,0.9370024045994992,1,0.07142857142857142
2152,71351,18,0.919,0.9190031330465475,1,0.05555555555555555
2153,71369,18,0.919,0.9190026368310229,1,0.05555555555555555
2154,71387,18,0.919,0.9190025248179697,1,0.05555555555555555
2155,71401,14,0.9369999999999999,0.937002059119482,1,0.07142857142857142
2156,71435,34,0.847,0.8470051846050967,1,0.08823529411764706
2157,71457,22,0.901,0.9010022578502349,1,0.045454545454545456
2158,71483,26,0.883,0.8830025058331503,1,0.038461538461538464
2159,71503,20,0.91,0.9100048758280382,1,0.05
2160,71633,130,0.4149999999999999,0.41502252847524634,1,0.007692307692307693
2161,71685,52,0.766,0.7660096960911367,1,0.019230769230769232
2162,71704,19,0.9145,0.9145040400344745,1,0.05263157894736842
2163,71841,137,0.38349999999999995,0.38352489973811527,1,0.0072992700729927005
2164,71887,46,0.7929999999999999,0.7930047531025448,1,0.021739130434782608
2165,71949,62,0.721,0.7210151391839715,1,0.016129032258064516
2166,72020,71,0.6805,0.6805142308926468,1,0.014084507042253521
2167,72034,14,0.9369999999999999,0.937001520586985,1,0.07142857142857142
2168,72049,15,0.9325,0.932501157573994,1,0.06666666666666667
2169,72063,14,0.9369999999999999,0.9370006232659696,1,0.07142857142857142
2170,72077,14,0.9369999999999999,0.9370006620170813,1,0.07142857142857142
2171,72093,16,0.9279999999999999,0.9280007462904304,1,0.0625
2172,72109,16,0.9279999999999999,0.9280009058640939,1,0.0625
2173,72129,20,0.91,0.9100029061620922,1,0.05
2174,72143,14,0.9369999999999999,0.9370008802278503,1,0.07142857142857142
2175,72236,93,0.5814999999999999,0.581507288845765,1,0.010752688172043012
2176,72436,200,0.0,5.049150420727607e-05,0,0.005
2177,72464,28,0.874,0.8740048861899287,1,0.03571428571428571
2178,72664,200,0.0,2.4086255686632494e-05,0,0.005
2179,72840,176,0.20799999999999996,0.20801607424061155,1,0.022727272727272728
2180,72886,46,0.7929999999999999,0.7930071997037001,1,0.021739130434782608
2181,72935,49,0.7795,0.7795232496961935,1,0.02040816326530612
2182,73070,135,0.39249999999999996,0.39254744536849934,1,0.007407407407407408
2183,73086,16,0.9279999999999999,0.9280015757503732,1,0.0625
2184,73102,16,0.9279999999999999,0.9280016954283823,1,0.1875
2185,73116,14,0.9369999999999999,0.9370012365943788,1,0.07142857142857142
2186,73130,14,0.9369999999999999,0.9370012817621352,1,0.07142857142857142
2187,73144,14,0.9369999999999999,0.9370008046359558,1,0.07142857142857142
2188,73168,24,0.892,0.8920015088196486,1,0.4583333333333333
2189,73182,14,0.9369999999999999,0.93700080506292,1,0.07142857142857142
2190,73196,14,0.9369999999999999,0.9370007222615275,1,0.07142857142857142
2191,73222,26,0.883,0.8830012708616946,1,0.4230769230769231
2192,73236,14,0.9369999999999999,0.9370004201748786,1,0.07142857142857142
2193,73290,54,0.757,0.7570023310936332,1,0.7592592592592593
2194,73308,18,0.919,0.9190006214428635,1,0.05555555555555555
2195,73346,38,0.829,0.8290014198717839,1,0.6578947368421053
2196,73430,84,0.622,0.6220060873265205,1,0.8452380952380952
2197,73472,42,0.8109999999999999,0.8110037696459816,1,0.5476190476190477
2198,73490,18,0.919,0.9190019980580282,1,0.05555555555555555
2199,73504,14,0.9369999999999999,0.9370012497858953,1,0.07142857142857142
2200,73530,26,0.883,0.8830041266188081,1,0.5
2201,73544,14,0.9369999999999999,0.9370024035605385,1,0.07142857142857142
2202,73558,14,0.9369999999999999,0.9370025599398714,1,0.07142857142857142
2203,73624,66,0.703,0.7030244654563759,1,0.803030303030303
2204,73686,62,0.721,0.7210192746338011,1,0.7096774193548387
2205,73700,14,0.9369999999999999,0.9370019279003017,1,0.07142857142857142
2206,73756,56,0.748,0.7480131976799991,1,0.7678571428571429
2207,73790,34,0.847,0.847004989197431,1,0.5588235294117647
2208,73820,30,0.865,0.8650035349761327,1,0.5666666666666667
2209,73926,106,0.5229999999999999,0.5230130000751564,1,0.8773584905660378
2210,73940,14,0.9369999999999999,0.9370019719565795,1,0.07142857142857142
2211,74018,78,0.649,0.6490189799973376,1,0.8333333333333334
2212,74042,24,0.892,0.8920055820394907,1,0.125
2213,74123,81,0.6355,0.6355145153856585,1,0.012345679012345678
2214,74137,14,0.9369999999999999,0.9370012771129315,1,0.07142857142857142
2215,74201,64,0.712,0.7120118859059473,1,0.71875
2216,74219,18,0.919,0.919001011063112,1,0.05555555555555555
2217,74285,66,0.703,0.7030146884092586,1,0.7272727272727273
2218,74334,49,0.7795,0.7795045829632244,1,0.02040816326530612
2219,74380,46,0.7929999999999999,0.7930094477433508,1,0.5652173913043478
2220,74403,23,0.8965,0.8965012404541306,1,0.043478260869565216
2221,74447,44,0.802,0.8020037251440088,1,0.022727272727272728
2222,74467,20,0.91,0.9100012431975477,1,0.05
2223,74481,14,0.9369999999999999,0.9370027283052227,1,0.07142857142857142
2224,74497,16,0.9279999999999999,0.9280037821030782,1,0.0625
2225,74593,96,0.5680000000000001,0.5680908632402313,1,0.010416666666666666
2226,74607,14,0.9369999999999999,0.9370028182993068,1,0.07142857142857142
2227,74626,19,0.9145,0.91450247937309,1,0.05263157894736842
2228,74640,14,0.9369999999999999,0.9370009365448075,1,0.07142857142857142
2229,74840,200,0.0,1.7006836542114117e-05,0,0.005
2230,74868,28,0.874,0.8740007780129077,1,0.17857142857142858
2231,74890,22,0.901,0.9010004328828877,1,0.13636363636363635
2232,74918,28,0.874,0.8740003468452503,1,0.03571428571428571
2233,74955,37,0.8335,0.8335009529001887,1,0.02702702702702703
2234,74982,27,0.8785,0.8785005345642424,1,0.037037037037037035
2235,75040,58,0.739,0.7390124072035763,1,0.017241379310344827
2236,75054,14,0.9369999999999999,0.9370002903122012,1,0.07142857142857142
2237,75079,25,0.8875,0.8875006208421469,1,0.12
2238,75102,23,0.8965,0.8965004574776817,1,0.043478260869565216
2239,75118,16,0.9279999999999999,0.9280005069706989,1,0.0625
2240,75141,23,0.8965,0.8965007813988497,1,0.043478260869565216
2241,75178,37,0.8335,0.8335012386246093,1,0.13513513513513514
2242,75192,14,0.9369999999999999,0.9370004204456793,1,0.07142857142857142
2243,75220,28,0.874,0.8740012906141849,1,0.03571428571428571
2244,75234,14,0.9369999999999999,0.9370008867859455,1,0.07142857142857142
2245,75248,14,0.9369999999999999,0.9370007589407339,1,0.07142857142857142
2246,75262,14,0.9369999999999999,0.9370007159158336,1,0.07142857142857142
2247,75278,16,0.9279999999999999,0.9280012110179046,1,0.0625
2248,75294,16,0.9279999999999999,0.9280016846340475,1,0.0625
2249,75314,20,0.91,0.9100023407781044,1,0.05
2250,75335,21,0.9055,0.9055027230585682,1,0.047619047619047616
2251,75351,16,0.9279999999999999,0.9280023113644016,1,0.0625
2252,75366,15,0.9325,0.9325013778176334,1,0.06666666666666667
2253,75389,23,0.8965,0.8965014818383739,1,0.043478260869565216
2254,75413,24,0.892,0.8920021411942812,1,0.041666666666666664
2255,75429,16,0.9279999999999999,0.9280011860816766,1,0.0625
2256,75445,16,0.9279999999999999,0.9280016863415487,1,0.0625
2257,75461,16,0.9279999999999999,0.9280024472992743,1,0.0625
2258,75481,20,0.91,0.9100028228279843,1,0.05
2259,75498,17,0.9235,0.9235014345216589,1,0.058823529411764705
2260,75514,16,0.9279999999999999,0.928001880324955,1,0.0625
2261,75530,16,0.9279999999999999,0.9280042060028153,1,0.0625
2262,75546,16,0.9279999999999999,0.9280045762237802,1,0.0625
2263,75575,29,0.8694999999999999,0.869507286876397,1,0.034482758620689655
2264,75591,16,0.9279999999999999,0.9280028166338826,1,0.0625
2265,75608,17,0.9235,0.9235023657319494,1,0.058823529411764705
2266,75624,16,0.9279999999999999,0.9280027758909227,1,0.0625
2267,75646,22,0.901,0.9010061068552603,1,0.045454545454545456
2268,75664,18,0.919,0.9190038192157652,1,0.05555555555555555
2269,75680,16,0.9279999999999999,0.9280037533585604,1,0.0625
2270,75713,33,0.8514999999999999,0.8515211870361982,1,0.030303030303030304
2271,75729,16,0.9279999999999999,0.9280034848025353,1,0.0625
2272,75747,18,0.919,0.9190036710553705,1,0.05555555555555555
2273,75769,22,0.901,0.9010042492738145,1,0.045454545454545456
2274,75787,18,0.919,0.9190019182000952,1,0.05555555555555555
2275,75803,16,0.9279999999999999,0.9280022167688388,1,0.0625
2276,75819,16,0.9279999999999999,0.9280016084650977,1,0.0625
2277,75840,21,0.9055,0.9055019619479877,1,0.047619047619047616
2278,75868,28,0.874,0.8740020522198804,1,0.10714285714285714
2279,75884,16,0.9279999999999999,0.9280007979220755,1,0.0625
2280,75900,16,0.9279999999999999,0.9280008420354586,1,0.0625
2281,75937,37,0.8335,0.8335073400908571,1,0.02702702702702703
2282,75955,18,0.919,0.9190013131821827,1,0.05555555555555555
2283,75975,20,0.91,0.9100058535054351,1,0.05
2284,76039,64,0.712,0.7120109642201475,1,0.015625
2285,76057,18,0.919,0.9190016800648927,1,0.05555555555555555
2286,76257,200,0.0,2.7650569130506443e-05,0,0.005
2287,76407,150,0.32499999999999996,0.3251262011246219,1,0.72
2288,76578,171,0.23050000000000004,0.2305215788785116,1,0.28654970760233917
2289,76778,200,0.0,5.839685403825385e-06,0,0.4
2290,76896,118,0.469,0.46900597640972813,1,0.17796610169491525
2291,77046,150,0.32499999999999996,0.3250046608747111,1,0.08666666666666667
2292,77060,14,0.9369999999999999,0.9370004354689928,1,0.07142857142857142
2293,77074,14,0.9369999999999999,0.9370003672960825,1,0.07142857142857142
2294,77090,16,0.9279999999999999,0.9280006425988893,1,0.0625
2295,77121,31,0.8605,0.8605047741758219,1,0.03225806451612903
2296,77135,14,0.9369999999999999,0.9370020661561869,1,0.07142857142857142
2297,77167,32,0.856,0.8560054333874789,1,0.03125
2298,77206,39,0.8245,0.8245068070352426,1,0.02564102564102564
2299,77346,140,0.37,0.3700464946741236,1,0.24285714285714285
2300,77368,22,0.901,0.9010143800599569,1,0.09090909090909091
2301,77388,20,0.91,0.9100155381764174,1,0.1
2302,77412,24,0.892,0.8920216882788682,1,0.08333333333333333
2303,77452,40,0.82,0.8200393413286061,1,0.05
2304,77514,62,0.721,0.7210313473685446,1,0.03225806451612903
2305,77566,52,0.766,0.7660113957160867,1,0.038461538461538464
2306,77592,26,0.883,0.8830030995677849,1,0.07692307692307693
2307,77634,42,0.8109999999999999,0.8110047161629127,1,0.047619047619047616
2308,77698,64,0.712,0.7120071829205906,1,0.03125
2309,77756,58,0.739,0.7390061321219135,1,0.034482758620689655
2310,77825,69,0.6895,0.6895107782004916,1,0.028985507246376812
2311,77977,152,0.31599999999999995,0.31605991732373,1,0.02631578947368421
2312,78055,78,0.649,0.649042750440394,1,0.02564102564102564
2313,78071,16,0.9279999999999999,0.928002368405522,1,0.0625
2314,78085,14,0.9369999999999999,0.9370022727995956,1,0.07142857142857142
2315,78103,18,0.919,0.9190041623794183,1,0.05555555555555555
2316,78121,18,0.919,0.9190027896671733,1,0.05555555555555555
2317,78284,163,0.26650000000000007,0.2665142120927632,1,0.006134969325153374
2318,78406,122,0.45099999999999996,0.4510045880467536,1,0.00819672131147541
2319,78430,24,0.892,0.8920011359866643,1,0.041666666666666664
2320,78458,28,0.874,0.8740010602565694,1,0.03571428571428571
2321,78515,57,0.7435,0.7435070103200001,1,0.017543859649122806
2322,78715,200,0.0,6.549342912336849e-05,0,0.005
2323,78729,14,0.9369999999999999,0.9370056338396299,1,0.07142857142857142
2324,78748,19,0.9145,0.9145059817622186,1,0.05263157894736842
2325,78948,200,0.0,4.4605971983591836e-05,0,0.005
2326,79021,73,0.6715,0.6715151385714836,1,0.0136986301369863
2327,79035,14,0.9369999999999999,0.9370006298062438,1,0.07142857142857142
2328,79049,14,0.9369999999999999,0.9370005205803226,1,0.07142857142857142
2329,79063,14,0.9369999999999999,0.937000404097167,1,0.07142857142857142
2330,79079,16,0.9279999999999999,0.9280005156122798,1,0.0625
2331,79095,16,0.9279999999999999,0.9280004925383284,1,0.0625
2332,79111,16,0.9279999999999999,0.9280004875650392,1,0.0625
2333,79127,16,0.9279999999999999,0.9280004785914698,1,0.0625
2334,79141,14,0.9369999999999999,0.9370002425123379,1,0.07142857142857142
2335,79157,16,0.9279999999999999,0.9280004117414965,1,0.0625
2336,79179,22,0.901,0.9010005324616319,1,0.045454545454545456
2337,79195,16,0.9279999999999999,0.9280003824996839,1,0.0625
2338,79213,18,0.919,0.9190005402952947,1,0.05555555555555555
2339,79235,22,0.901,0.9010005315493973,1,0.045454545454545456
2340,79251,16,0.9279999999999999,0.9280003429973629,1,0.0625
2341,79265,14,0.9369999999999999,0.9370003941381428,1,0.07142857142857142
2342,79281,16,0.9279999999999999,0.928000491942338,1,0.0625
2343,79297,16,0.9279999999999999,0.9280004236806155,1,0.0625
2344,79311,14,0.9369999999999999,0.9370003761616246,1,0.07142857142857142
2345,79325,14,0.9369999999999999,0.9370002408954042,1,0.07142857142857142
2346,79339,14,0.9369999999999999,0.9370002828638593,1,0.07142857142857142
2347,79355,16,0.9279999999999999,0.9280004607387891,1,0.0625
2348,79373,18,0.919,0.9190005026238214,1,0.16666666666666666
2349,79389,16,0.9279999999999999,0.928000493139133,1,0.1875
2350,79411,22,0.901,0.9010005072227305,1,0.13636363636363635
2351,79429,18,0.919,0.9190003906002489,1,0.05555555555555555
2352,79443,14,0.9369999999999999,0.9370003301687626,1,0.07142857142857142
2353,79459,16,0.9279999999999999,0.9280004535762311,1,0.0625
2354,79477,18,0.919,0.9190013693677527,1,0.16666666666666666
2355,79491,14,0.9369999999999999,0.9370017601358407,1,0.07142857142857142
2356,79507,16,0.9279999999999999,0.928003027979516,1,0.0625
2357,79521,14,0.9369999999999999,0.93700243701707,1,0.07142857142857142
2358,79539,18,0.919,0.9190065879292502,1,0.05555555555555555
2359,79557,18,0.919,0.9190086451114712,1,0.05555555555555555
2360,79577,20,0.91,0.910013506945828,1,0.05
2361,79597,20,0.91,0.910010600630429,1,0.15
2362,79611,14,0.9369999999999999,0.9370049562659615,1,0.07142857142857142
2363,79625,14,0.9369999999999999,0.9370028099660871,1,0.07142857142857142
2364,79643,18,0.919,0.9190030152971762,1,0.05555555555555555
2365,79657,14,0.9369999999999999,0.9370014009961337,1,0.07142857142857142
2366,79671,14,0.9369999999999999,0.9370009273127654,1,0.07142857142857142
2367,79685,14,0.9369999999999999,0.9370010683435838,1,0.07142857142857142
2368,79699,14,0.9369999999999999,0.9370008137692274,1,0.07142857142857142
2369,79713,14,0.9369999999999999,0.937000738024326,1,0.07142857142857142
2370,79727,14,0.9369999999999999,0.9370009044313524,1,0.07142857142857142
2371,79741,14,0.9369999999999999,0.9370005083422414,1,0.07142857142857142
2372,79759,18,0.919,0.9190008314777031,1,0.16666666666666666
2373,79773,14,0.9369999999999999,0.9370007458724159,1,0.07142857142857142
2374,79787,14,0.9369999999999999,0.9370006966437403,1,0.07142857142857142
2375,79801,14,0.9369999999999999,0.9370007902082665,1,0.07142857142857142
2376,79825,24,0.892,0.8920025451045278,1,0.041666666666666664
2377,79839,14,0.9369999999999999,0.9370010597658263,1,0.07142857142857142
2378,79853,14,0.9369999999999999,0.9370009657235231,1,0.07142857142857142
2379,79869,16,0.9279999999999999,0.928001135380785,1,0.0625
2380,79891,22,0.901,0.9010011372353149,1,0.045454545454545456
2381,79905,14,0.9369999999999999,0.9370003781602165,1,0.07142857142857142
2382,79925,20,0.91,0.9100005954957042,1,0.05
2383,79941,16,0.9279999999999999,0.9280006234954128,1,0.0625
2384,79957,16,0.9279999999999999,0.9280005565878805,1,0.0625
2385,79971,14,0.9369999999999999,0.9370003795468558,1,0.07142857142857142
2386,79995,24,0.892,0.8920010579761567,1,0.041666666666666664
2387,80009,14,0.9369999999999999,0.9370004434377189,1,0.07142857142857142
2388,80023,14,0.9369999999999999,0.9370004191471772,1,0.07142857142857142
2389,80037,14,0.9369999999999999,0.9370003414981992,1,0.07142857142857142
2390,80053,16,0.9279999999999999,0.9280003531561396,1,0.0625
2391,80189,136,0.3879999999999999,0.3880709227531135,1,0.007352941176470588
2392,80389,200,0.0,0.00012640905504403968,0,0.365
2393,80545,156,0.29799999999999993,0.29800312911560634,1,0.019230769230769232
2394,80561,16,0.9279999999999999,0.9280001128043406,1,0.0625
2395,80679,118,0.469,0.46900134197602406,1,0.00847457627118644
2396,80713,34,0.847,0.8470123905427194,1,0.29411764705882354
2397,80753,40,0.82,0.8200007256365631,1,0.475
2398,80953,200,0.0,3.265445371881621e-05,0,0.025
2399,80981,28,0.874,0.8740031602899697,1,0.07142857142857142
2400,81074,93,0.5814999999999999,0.5815072670955403,1,0.0967741935483871
2401,81100,26,0.883,0.8830046864534207,1,0.038461538461538464
2402,81128,28,0.874,0.8740062834145813,1,0.03571428571428571
2403,81149,21,0.9055,0.9055035954871661,1,0.047619047619047616
2404,81202,53,0.7615,0.761509271566092,1,0.018867924528301886
2405,81280,78,0.649,0.649016615881093,1,0.01282051282051282
2406,81317,37,0.8335,0.8335082608532239,1,0.02702702702702703
2407,81464,147,0.3385,0.3385121389204374,1,0.006802721088435374
2408,81509,45,0.7975,0.7975014906827342,1,0.022222222222222223
2409,81533,24,0.892,0.892002049017779,1,0.041666666666666664
2410,81591,58,0.739,0.7390035024391971,1,0.017241379310344827
2411,81686,95,0.5725,0.5725157727337962,1,0.010526315789473684
2412,81827,141,0.36550000000000005,0.365529128073249,1,0.0070921985815602835
2413,81864,37,0.8335,0.8335109242334109,1,0.02702702702702703
2414,81986,122,0.45099999999999996,0.4510247229762065,1,0.00819672131147541
2415,82011,25,0.8875,0.8875022544328541,1,0.04
2416,82025,14,0.9369999999999999,0.9370010988826308,1,0.07142857142857142
2417,82043,18,0.919,0.9190015398789905,1,0.05555555555555555
2418,82059,16,0.9279999999999999,0.9280023179069087,1,0.0625
2419,82077,18,0.919,0.9190029070675835,1,0.05555555555555555
2420,82093,16,0.9279999999999999,0.9280015024176027,1,0.0625
2421,82147,54,0.757,0.7570090042324746,1,0.05555555555555555
2422,82171,24,0.892,0.8920011442696449,1,0.041666666666666664
2423,82227,56,0.748,0.7480141809214821,1,0.017857142857142856
2424,82245,18,0.919,0.919000827340327,1,0.05555555555555555
2425,82275,30,0.865,0.8650015332071002,1,0.03333333333333333
2426,82381,106,0.5229999999999999,0.5230087262803368,1,0.009433962264150943
2427,82407,26,0.883,0.8830046757832715,1,0.038461538461538464
2428,82425,18,0.919,0.9190018804913155,1,0.05555555555555555
2429,82492,67,0.6984999999999999,0.6985276811891704,1,0.014925373134328358
2430,82512,20,0.91,0.9100073245797241,1,0.05
2431,82534,22,0.901,0.9010054210171597,1,0.045454545454545456
2432,82568,34,0.847,0.8470078525198445,1,0.029411764705882353
2433,82645,77,0.6535,0.6535114320220937,1,0.012987012987012988
2434,82725,80,0.6399999999999999,0.6400063865714232,1,0.0125
2435,82777,52,0.766,0.7660041543247619,1,0.019230769230769232
2436,82852,75,0.6625,0.6625187054554593,1,0.013333333333333334
2437,82994,142,0.361,0.36102646180645115,1,0.007042253521126761
2438,83016,22,0.901,0.9010132675979431,1,0.045454545454545456
2439,83032,16,0.9279999999999999,0.9280085145025871,1,0.0625
2440,83046,14,0.9369999999999999,0.9370055474709768,1,0.07142857142857142
2441,83060,14,0.9369999999999999,0.9370037259132585,1,0.07142857142857142
2442,83124,64,0.712,0.7120312967249057,1,0.5
2443,83150,26,0.883,0.8830014786514666,1,0.038461538461538464
2444,83170,20,0.91,0.9100005565331315,1,0.05
2445,83192,22,0.901,0.9010006341894649,1,0.4090909090909091
2446,83240,48,0.784,0.784001798155367,1,0.7291666666666666
2447,83255,15,0.9325,0.9325001920317808,1,0.06666666666666667
2448,83269,14,0.9369999999999999,0.9370001673180635,1,0.07142857142857142
2449,83285,16,0.9279999999999999,0.9280001836987227,1,0.0625
2450,83347,62,0.721,0.7210014503687378,1,0.016129032258064516
2451,83373,26,0.883,0.8830004623459863,1,0.038461538461538464
2452,83403,30,0.865,0.8650080002980313,1,0.03333333333333333
2453,83429,26,0.883,0.8830009341205413,1,0.038461538461538464
2454,83451,22,0.901,0.9010019967279134,1,0.045454545454545456
2455,83468,17,0.9235,0.9235002716548787,1,0.058823529411764705
2456,83510,42,0.8109999999999999,0.8110011912511969,1,0.023809523809523808
2457,83534,24,0.892,0.8920009367020517,1,0.375
2458,83596,62,0.721,0.7210032648565681,1,0.6612903225806451
2459,83622,26,0.883,0.8830027167433787,1,0.038461538461538464
2460,83666,44,0.802,0.80202711762955,1,0.022727272727272728
2461,83770,104,0.532,0.532035455764946,1,0.7403846153846154
2462,83800,30,0.865,0.8650049089420028,1,0.03333333333333333
2463,83822,22,0.901,0.9010034008710348,1,0.13636363636363635
2464,83878,56,0.748,0.7480062961072247,1,0.5
2465,83906,28,0.874,0.8740026068671068,1,0.03571428571428571
2466,83920,14,0.9369999999999999,0.9370011789057712,1,0.07142857142857142
2467,83940,20,0.91,0.910003358256034,1,0.05
2468,83962,22,0.901,0.9010021342453917,1,0.045454545454545456
2469,84004,42,0.8109999999999999,0.8110064755929751,1,0.3333333333333333
2470,84020,16,0.9279999999999999,0.9280019675463586,1,0.1875
2471,84036,16,0.9279999999999999,0.9280014156306566,1,0.0625
2472,84053,17,0.9235,0.9235019312938619,1,0.058823529411764705
2473,84069,16,0.9279999999999999,0.9280012548767386,1,0.0625
2474,84085,16,0.9279999999999999,0.9280012830368504,1,0.0625
2475,84100,15,0.9325,0.9325009642123827,1,0.06666666666666667
2476,84118,18,0.919,0.9190028571352745,1,0.16666666666666666
2477,84134,16,0.9279999999999999,0.9280022241325536,1,0.1875
2478,84148,14,0.9369999999999999,0.9370020878539543,1,0.07142857142857142
2479,84162,14,0.9369999999999999,0.9370024403294215,1,0.07142857142857142
2480,84178,16,0.9279999999999999,0.9280026915411549,1,0.0625
2481,84192,14,0.9369999999999999,0.9370032527673747,1,0.07142857142857142
2482,84210,18,0.919,0.9190041355628569,1,0.05555555555555555
2483,84225,15,0.9325,0.9325047612697155,1,0.06666666666666667
2484,84239,14,0.9369999999999999,0.937002127827288,1,0.07142857142857142
2485,84253,14,0.9369999999999999,0.9370020622063858,1,0.07142857142857142
2486,84269,16,0.9279999999999999,0.9280022263924149,1,0.0625
2487,84285,16,0.9279999999999999,0.9280013650208048,1,0.1875
2488,84299,14,0.9369999999999999,0.9370014851980187,1,0.07142857142857142
2489,84317,18,0.919,0.9190032869521173,1,0.05555555555555555
2490,84333,16,0.9279999999999999,0.9280023940789474,1,0.0625
2491,84350,17,0.9235,0.9235027543210025,1,0.058823529411764705
2492,84364,14,0.9369999999999999,0.9370027923485703,1,0.07142857142857142
2493,84378,14,0.9369999999999999,0.9370052350716989,1,0.07142857142857142
2494,84394,16,0.9279999999999999,0.92800950875988,1,0.0625
2495,84408,14,0.9369999999999999,0.9370073533812147,1,0.07142857142857142
2496,84422,14,0.9369999999999999,0.9370059374726123,1,0.07142857142857142
2497,84436,14,0.9369999999999999,0.9370079054884211,1,0.07142857142857142
2498,84450,14,0.9369999999999999,0.9370047049403349,1,0.07142857142857142
2499,84478,28,0.874,0.874005307356964,1,0.03571428571428571
2500,84492,14,0.9369999999999999,0.9370012495295944,1,0.07142857142857142
2501,84506,14,0.9369999999999999,0.9370012293765642,1,0.07142857142857142
2502,84522,16,0.9279999999999999,0.9280012999545251,1,0.1875
2503,84538,16,0.9279999999999999,0.9280008552649406,1,0.0625
2504,84552,14,0.9369999999999999,0.937000667023332,1,0.07142857142857142
2505,84568,16,0.9279999999999999,0.9280007617124378,1,0.0625
2506,84582,14,0.9369999999999999,0.9370006206253704,1,0.07142857142857142
2507,84598,16,0.9279999999999999,0.9280005217616462,1,0.0625
2508,84612,14,0.9369999999999999,0.9370004325650708,1,0.07142857142857142
2509,84626,14,0.9369999999999999,0.9370002978022789,1,0.07142857142857142
2510,84644,18,0.919,0.9190003240095969,1,0.05555555555555555
2511,84660,16,0.9279999999999999,0.9280003297799836,1,0.1875
2512,84674,14,0.9369999999999999,0.9370003111974932,1,0.07142857142857142
2513,84693,19,0.9145,0.9145003956126329,1,0.05263157894736842
2514,84709,16,0.9279999999999999,0.9280003632747147,1,0.0625
2515,84723,14,0.9369999999999999,0.937000235346447,1,0.07142857142857142
2516,84740,17,0.9235,0.9235003524546452,1,0.058823529411764705
2517,84756,16,0.9279999999999999,0.9280006363546073,1,0.0625
2518,84770,14,0.9369999999999999,0.9370003778401982,1,0.07142857142857142
2519,84784,14,0.9369999999999999,0.9370002999467434,1,0.07142857142857142
2520,84798,14,0.9369999999999999,0.9370003145129073,1,0.07142857142857142
2521,84812,14,0.9369999999999999,0.9370003586055102,1,0.07142857142857142
2522,84834,22,0.901,0.9010008096531384,1,0.045454545454545456
2523,84848,14,0.9369999999999999,0.9370007496677971,1,0.07142857142857142
2524,84862,14,0.9369999999999999,0.9370006035169172,1,0.07142857142857142
2525,84876,14,0.9369999999999999,0.9370006270731828,1,0.07142857142857142
2526,84892,16,0.9279999999999999,0.9280013290819418,1,0.0625
2527,84906,14,0.9369999999999999,0.9370010014459011,1,0.07142857142857142
2528,84922,16,0.9279999999999999,0.9280014790265677,1,0.0625
2529,84940,18,0.919,0.919001876333977,1,0.05555555555555555
2530,84954,14,0.9369999999999999,0.9370032617628508,1,0.07142857142857142
2531,84970,16,0.9279999999999999,0.9280137592012868,1,0.0625
2532,84984,14,0.9369999999999999,0.9370092759854217,1,0.07142857142857142
2533,85002,18,0.919,0.9190070556798058,1,0.05555555555555555
2534,85016,14,0.9369999999999999,0.9370025702970739,1,0.07142857142857142
2535,85049,33,0.8514999999999999,0.8515038844159586,1,0.030303030303030304
2536,85065,16,0.9279999999999999,0.9280011357708025,1,0.0625
2537,85083,18,0.919,0.9190006812980103,1,0.05555555555555555
2538,85097,14,0.9369999999999999,0.9370004733520931,1,0.07142857142857142
2539,85117,20,0.91,0.9100009165933175,1,0.05
2540,85131,14,0.9369999999999999,0.937000539789628,1,0.07142857142857142
2541,85145,14,0.9369999999999999,0.9370004409204914,1,0.07142857142857142
2542,85163,18,0.919,0.9190004924091,1,0.05555555555555555
2543,85177,14,0.9369999999999999,0.9370004053502563,1,0.07142857142857142
2544,85194,17,0.9235,0.9235004131349858,1,0.058823529411764705
2545,85219,25,0.8875,0.887500671384176,1,0.04
2546,85242,23,0.8965,0.8965008975891208,1,0.043478260869565216
2547,85258,16,0.9279999999999999,0.9280004781499304,1,0.0625
2548,85276,18,0.919,0.9190005843305743,1,0.05555555555555555
2549,85313,37,0.8335,0.8335016392524233,1,0.02702702702702703
2550,85351,38,0.829,0.8290028788172548,1,0.02631578947368421
2551,85369,18,0.919,0.9190026819351852,1,0.05555555555555555
2552,85396,27,0.8785,0.8785053621038428,1,0.037037037037037035
2553,85412,16,0.9279999999999999,0.9280017777482006,1,0.0625
2554,85426,14,0.9369999999999999,0.9370018096708181,1,0.07142857142857142
2555,85442,16,0.9279999999999999,0.9280027842642152,1,0.0625
2556,85494,52,0.766,0.7660105584194776,1,0.019230769230769232
2557,85539,45,0.7975,0.797507722683572,1,0.1111111111111111
2558,85555,16,0.9279999999999999,0.9280030779110886,1,0.0625
2559,85569,14,0.9369999999999999,0.9370020788580498,1,0.07142857142857142
2560,85585,16,0.9279999999999999,0.928005564354972,1,0.1875
2561,85611,26,0.883,0.8830054808481314,1,0.038461538461538464
2562,85682,71,0.6805,0.6805078175093473,1,0.014084507042253521
2563,85704,22,0.901,0.9010012210343173,1,0.045454545454545456
2564,85753,49,0.7795,0.7795018671325669,1,0.02040816326530612
2565,85776,23,0.8965,0.8965016257492432,1,0.043478260869565216
2566,85813,37,0.8335,0.8335031476317063,1,0.02702702702702703
2567,85841,28,0.874,0.8740020544043536,1,0.03571428571428571
2568,85868,27,0.8785,0.8785014238937212,1,0.037037037037037035
2569,85910,42,0.8109999999999999,0.811002669887731,1,0.023809523809523808
2570,85924,14,0.9369999999999999,0.9370011597534923,1,0.07142857142857142
2571,85953,29,0.8694999999999999,0.8695059457443112,1,0.034482758620689655
2572,85991,38,0.829,0.8290124880036539,1,0.02631578947368421
2573,86020,29,0.8694999999999999,0.8695061783941377,1,0.034482758620689655
2574,86034,14,0.9369999999999999,0.9370018690678699,1,0.07142857142857142
2575,86153,119,0.4645,0.4645140900654507,1,0.7983193277310925
2576,86173,20,0.91,0.9100016778178133,1,0.25
2577,86221,48,0.784,0.7840053157473634,1,0.7291666666666666
2578,86259,38,0.829,0.8290080851419994,1,0.47368421052631576
2579,86291,32,0.856,0.8560072497603638,1,0.40625
2580,86306,15,0.9325,0.9325036223582257,1,0.06666666666666667
2581,86332,26,0.883,0.883009768651392,1,0.4230769230769231
2582,86358,26,0.883,0.8830063603149741,1,0.4230769230769231
2583,86390,32,0.856,0.8560061767746823,1,0.46875
2584,86412,22,0.901,0.9010041593987029,1,0.4090909090909091
2585,86466,54,0.757,0.7570095233440084,1,0.7592592592592593
2586,86498,32,0.856,0.8560041657423475,1,0.59375
2587,86514,16,0.9279999999999999,0.9280012705365838,1,0.0625
2588,86530,16,0.9279999999999999,0.9280014528999768,1,0.1875
2589,86546,16,0.9279999999999999,0.9280026852607011,1,0.1875
2590,86560,14,0.9369999999999999,0.9370019312413371,1,0.07142857142857142
2591,86574,14,0.9369999999999999,0.9370016800034079,1,0.07142857142857142
2592,86594,20,0.91,0.9100016081292677,1,0.25
2593,86608,14,0.9369999999999999,0.9370007568126207,1,0.07142857142857142
2594,86630,22,0.901,0.9010024916080718,1,0.3181818181818182
2595,86648,18,0.919,0.9190015028442259,1,0.16666666666666666
2596,86664,16,0.9279999999999999,0.9280020267400176,1,0.0625
2597,86684,20,0.91,0.9100038458748053,1,0.35
2598,86698,14,0.9369999999999999,0.9370033341856269,1,0.07142857142857142
2599,86728,30,0.865,0.8650083888315943,1,0.36666666666666664
2600,86758,30,0.865,0.8650065807135078,1,0.36666666666666664
2601,86776,18,0.919,0.919002249289132,1,0.2777777777777778
2602,86798,22,0.901,0.9010018554808331,1,0.4090909090909091
2603,86822,24,0.892,0.892002311057994,1,0.4583333333333333
2604,86838,16,0.9279999999999999,0.9280012036111137,1,0.1875
2605,86852,14,0.9369999999999999,0.9370012656956865,1,0.07142857142857142
2606,86866,14,0.9369999999999999,0.9370013974495406,1,0.07142857142857142
2607,86887,21,0.9055,0.905501954368132,1,0.23809523809523808
2608,86905,18,0.919,0.9190022332286335,1,0.16666666666666666
2609,86921,16,0.9279999999999999,0.9280011711251996,1,0.0625
2610,86935,14,0.9369999999999999,0.937000745278784,1,0.07142857142857142
2611,86951,16,0.9279999999999999,0.9280011324307108,1,0.0625
2612,86965,14,0.9369999999999999,0.9370007073017987,1,0.07142857142857142
2613,86981,16,0.9279999999999999,0.9280007402946814,1,0.0625
2614,86995,14,0.9369999999999999,0.9370008285576846,1,0.07142857142857142
2615,87017,22,0.901,0.9010010956348967,1,0.4090909090909091
2616,87031,14,0.9369999999999999,0.9370008621014826,1,0.07142857142857142
2617,87047,16,0.9279999999999999,0.9280010269344333,1,0.0625
2618,87065,18,0.919,0.9190012151294927,1,0.05555555555555555
2619,87079,14,0.9369999999999999,0.9370007857374101,1,0.07142857142857142
2620,87093,14,0.9369999999999999,0.9370006288126727,1,0.07142857142857142
2621,87107,14,0.9369999999999999,0.9370009145303207,1,0.07142857142857142
2622,87125,18,0.919,0.9190015989841509,1,0.05555555555555555
2623,87141,16,0.9279999999999999,0.9280009908153806,1,0.0625
2624,87155,14,0.9369999999999999,0.9370009362698498,1,0.07142857142857142
2625,87169,14,0.9369999999999999,0.937001035356237,1,0.07142857142857142
2626,87213,44,0.802,0.8020066959368479,1,0.022727272727272728
2627,87229,16,0.9279999999999999,0.9280018283931101,1,0.0625
2628,87253,24,0.892,0.8920042451377944,1,0.041666666666666664
2629,87267,14,0.9369999999999999,0.9370016379309403,1,0.07142857142857142
2630,87283,16,0.9279999999999999,0.9280039900432155,1,0.0625
2631,87297,14,0.9369999999999999,0.9370024009743706,1,0.07142857142857142
2632,87311,14,0.9369999999999999,0.9370026027151249,1,0.07142857142857142
2633,87325,14,0.9369999999999999,0.9370050585431551,1,0.07142857142857142
2634,87341,16,0.9279999999999999,0.9280066332356105,1,0.0625
2635,87355,14,0.9369999999999999,0.9370084279012495,1,0.07142857142857142
2636,87371,16,0.9279999999999999,0.9280072427255553,1,0.0625
2637,87393,22,0.901,0.9010067572176494,1,0.045454545454545456
2638,87407,14,0.9369999999999999,0.9370029543297902,1,0.07142857142857142
2639,87425,18,0.919,0.9190032116315482,1,0.05555555555555555
2640,87542,117,0.47350000000000003,0.4735220714407434,1,0.008547008547008548
2641,87556,14,0.9369999999999999,0.9370005599262745,1,0.07142857142857142
2642,87574,18,0.919,0.9190010976299333,1,0.05555555555555555
2643,87588,14,0.9369999999999999,0.9370005967768538,1,0.07142857142857142
2644,87602,14,0.9369999999999999,0.9370005542723214,1,0.07142857142857142
2645,87616,14,0.9369999999999999,0.9370004120118347,1,0.07142857142857142
2646,87630,14,0.9369999999999999,0.9370004277903461,1,0.07142857142857142
2647,87654,24,0.892,0.8920009440411429,1,0.041666666666666664
2648,87670,16,0.9279999999999999,0.9280006283398528,1,0.1875
2649,87684,14,0.9369999999999999,0.9370003239149187,1,0.07142857142857142
2650,87698,14,0.9369999999999999,0.9370004924546236,1,0.07142857142857142
2651,87715,17,0.9235,0.9235007012035821,1,0.058823529411764705
2652,87729,14,0.9369999999999999,0.9370011586638197,1,0.07142857142857142
2653,87743,14,0.9369999999999999,0.93700080454892,1,0.07142857142857142
2654,87757,14,0.9369999999999999,0.9370011543618412,1,0.07142857142857142
2655,87773,16,0.9279999999999999,0.9280030992505701,1,0.0625
2656,87789,16,0.9279999999999999,0.9280065804310269,1,0.0625
2657,87805,16,0.9279999999999999,0.928006219351023,1,0.0625
2658,87819,14,0.9369999999999999,0.9370031764478799,1,0.07142857142857142
2659,87833,14,0.9369999999999999,0.9370025969662947,1,0.07142857142857142
2660,87847,14,0.9369999999999999,0.9370019583547202,1,0.07142857142857142
2661,87863,16,0.9279999999999999,0.9280016102682229,1,0.0625
2662,87877,14,0.9369999999999999,0.9370013754429256,1,0.07142857142857142
2663,87891,14,0.9369999999999999,0.9370008928181397,1,0.07142857142857142
2664,87905,14,0.9369999999999999,0.9370014035202614,1,0.07142857142857142
2665,87919,14,0.9369999999999999,0.9370016739354837,1,0.07142857142857142
2666,87935,16,0.9279999999999999,0.9280028868777875,1,0.1875
2667,87951,16,0.9279999999999999,0.9280090034946372,1,0.0625
2668,87965,14,0.9369999999999999,0.9370078805214381,1,0.07142857142857142
2669,87979,14,0.9369999999999999,0.9370035084838566,1,0.07142857142857142
2670,87995,16,0.9279999999999999,0.9280031373387778,1,0.0625
2671,88009,14,0.9369999999999999,0.9370020060425225,1,0.07142857142857142
2672,88025,16,0.9279999999999999,0.9280015001988281,1,0.0625
2673,88039,14,0.9369999999999999,0.9370011511880375,1,0.07142857142857142
2674,88053,14,0.9369999999999999,0.9370008416995544,1,0.07142857142857142
2675,88067,14,0.9369999999999999,0.9370005686803212,1,0.07142857142857142
2676,88081,14,0.9369999999999999,0.9370005841526333,1,0.07142857142857142
2677,88095,14,0.9369999999999999,0.9370005084963823,1,0.07142857142857142
2678,88109,14,0.9369999999999999,0.9370005195567473,1,0.07142857142857142
2679,88123,14,0.9369999999999999,0.9370005135228464,1,0.07142857142857142
2680,88137,14,0.9369999999999999,0.9370004399715914,1,0.07142857142857142
2681,88187,50,0.775,0.7750019151050865,1,0.02
2682,88205,18,0.919,0.9190007900638082,1,0.05555555555555555
2683,88221,16,0.9279999999999999,0.9280006652178299,1,0.0625
2684,88239,18,0.919,0.9190005217205403,1,0.05555555555555555
2685,88304,65,0.7075,0.7075027268596416,1,0.015384615384615385
2686,88318,14,0.9369999999999999,0.9370005820123131,1,0.07142857142857142
2687,88332,14,0.9369999999999999,0.9370006010187624,1,0.07142857142857142
2688,88346,14,0.9369999999999999,0.9370008298412223,1,0.07142857142857142
2689,88360,14,0.9369999999999999,0.9370009739673182,1,0.07142857142857142
2690,88376,16,0.9279999999999999,0.9280014257078448,1,0.0625
2691,88392,16,0.9279999999999999,0.9280017383690534,1,0.0625
2692,88414,22,0.901,0.9010048565287768,1,0.045454545454545456
2693,88428,14,0.9369999999999999,0.937002202703945,1,0.07142857142857142
2694,88446,18,0.919,0.919006273126365,1,0.05555555555555555
2695,88462,16,0.9279999999999999,0.9280032903350628,1,0.0625
2696,88476,14,0.9369999999999999,0.9370023137126877,1,0.07142857142857142
2697,88506,30,0.865,0.8650101313521594,1,0.03333333333333333
2698,88520,14,0.9369999999999999,0.9370036794547161,1,0.07142857142857142
2699,88536,16,0.9279999999999999,0.9280049974206958,1,0.0625
2700,88552,16,0.9279999999999999,0.928003260740023,1,0.0625
2701,88568,16,0.9279999999999999,0.9280019086545265,1,0.0625
2702,88582,14,0.9369999999999999,0.9370010580624115,1,0.07142857142857142
2703,88596,14,0.9369999999999999,0.9370010715542869,1,0.07142857142857142
2704,88612,16,0.9279999999999999,0.9280016569230602,1,0.0625
2705,88626,14,0.9369999999999999,0.937001038897306,1,0.07142857142857142
2706,88642,16,0.9279999999999999,0.9280013650963805,1,0.0625
2707,88656,14,0.9369999999999999,0.9370015995535421,1,0.07142857142857142
2708,88670,14,0.9369999999999999,0.937003327661884,1,0.07142857142857142
2709,88684,14,0.9369999999999999,0.9370020638385319,1,0.07142857142857142
2710,88698,14,0.9369999999999999,0.9370023679751152,1,0.07142857142857142
2711,88712,14,0.9369999999999999,0.9370028881736596,1,0.07142857142857142
2712,88728,16,0.9279999999999999,0.9280026777949684,1,0.0625
2713,88742,14,0.9369999999999999,0.9370016899732354,1,0.07142857142857142
2714,88756,14,0.9369999999999999,0.9370017152027964,1,0.07142857142857142
2715,88770,14,0.9369999999999999,0.9370016549616056,1,0.07142857142857142
2716,88784,14,0.9369999999999999,0.9370015547809896,1,0.07142857142857142
2717,88798,14,0.9369999999999999,0.9370020662584794,1,0.07142857142857142
2718,88814,16,0.9279999999999999,0.9280029385806647,1,0.0625
2719,88830,16,0.9279999999999999,0.9280024130535448,1,0.0625
2720,88844,14,0.9369999999999999,0.9370015273218495,1,0.07142857142857142
2721,88858,14,0.9369999999999999,0.9370013205988925,1,0.07142857142857142
2722,88874,16,0.9279999999999999,0.9280016416840783,1,0.0625
2723,88896,22,0.901,0.9010021358556503,1,0.045454545454545456
2724,88912,16,0.9279999999999999,0.9280006398056395,1,0.0625
2725,88926,14,0.9369999999999999,0.9370006157203498,1,0.07142857142857142
2726,88940,14,0.9369999999999999,0.9370005160747312,1,0.07142857142857142
2727,88954,14,0.9369999999999999,0.9370004043831248,1,0.07142857142857142
2728,88968,14,0.9369999999999999,0.9370003282022685,1,0.07142857142857142
2729,88982,14,0.9369999999999999,0.9370002749448385,1,0.07142857142857142
2730,88996,14,0.9369999999999999,0.9370002711741106,1,0.07142857142857142
2731,89010,14,0.9369999999999999,0.9370004234137839,1,0.07142857142857142
2732,89024,14,0.9369999999999999,0.9370003211427436,1,0.07142857142857142
2733,89038,14,0.9369999999999999,0.9370003530219376,1,0.07142857142857142
2734,89054,16,0.9279999999999999,0.92800077923927,1,0.1875
2735,89074,20,0.91,0.9100015286364961,1,0.05
2736,89090,16,0.9279999999999999,0.9280017596352365,1,0.1875
2737,89106,16,0.9279999999999999,0.9280099893714576,1,0.0625
2738,89121,15,0.9325,0.9325173004035268,1,0.06666666666666667
2739,89144,23,0.8965,0.8965157728287252,1,0.043478260869565216
2740,89158,14,0.9369999999999999,0.9370050586947508,1,0.07142857142857142
2741,89174,16,0.9279999999999999,0.9280023244239362,1,0.0625
2742,89204,30,0.865,0.8650039337620992,1,0.03333333333333333
2743,89222,18,0.919,0.919002262639802,1,0.05555555555555555
2744,89240,18,0.919,0.9190032261814934,1,0.05555555555555555
2745,89254,14,0.9369999999999999,0.9370021146335318,1,0.07142857142857142
2746,89268,14,0.9369999999999999,0.937001424714209,1,0.07142857142857142
2747,89282,14,0.9369999999999999,0.9370011550465386,1,0.07142857142857142
2748,89317,35,0.8425,0.8425031102029286,1,0.02857142857142857
2749,89333,16,0.9279999999999999,0.9280005139677567,1,0.0625
2750,89349,16,0.9279999999999999,0.9280003840349245,1,0.0625
2751,89363,14,0.9369999999999999,0.9370003418515781,1,0.07142857142857142
2752,89379,16,0.9279999999999999,0.9280003546878363,1,0.0625
2753,89403,24,0.892,0.8920006000249343,1,0.041666666666666664
2754,89417,14,0.9369999999999999,0.9370002914508627,1,0.07142857142857142
2755,89431,14,0.9369999999999999,0.9370002119467427,1,0.07142857142857142
2756,89445,14,0.9369999999999999,0.9370001835409468,1,0.07142857142857142
2757,89461,16,0.9279999999999999,0.9280001661710534,1,0.0625
2758,89478,17,0.9235,0.9235001590007524,1,0.058823529411764705
2759,89499,21,0.9055,0.905500285603371,1,0.047619047619047616
2760,89516,17,0.9235,0.9235003400495545,1,0.058823529411764705
2761,89534,18,0.919,0.9190003534209958,1,0.05555555555555555
2762,89550,16,0.9279999999999999,0.9280004699579076,1,0.0625
2763,89566,16,0.9279999999999999,0.9280003693808759,1,0.0625
2764,89588,22,0.901,0.9010006940015559,1,0.045454545454545456
2765,89612,24,0.892,0.8920005778856067,1,0.041666666666666664
2766,89627,15,0.9325,0.9325002700798956,1,0.06666666666666667
2767,89643,16,0.9279999999999999,0.9280003446136982,1,0.0625
2768,89657,14,0.9369999999999999,0.9370002721346813,1,0.07142857142857142
2769,89671,14,0.9369999999999999,0.9370002838665769,1,0.07142857142857142
2770,89687,16,0.9279999999999999,0.9280003739263316,1,0.0625
2771,89701,14,0.9369999999999999,0.9370004540264117,1,0.07142857142857142
2772,89715,14,0.9369999999999999,0.9370004115189925,1,0.07142857142857142
2773,89729,14,0.9369999999999999,0.9370004388091694,1,0.07142857142857142
2774,89759,30,0.865,0.8650019729906671,1,0.03333333333333333
2775,89775,16,0.9279999999999999,0.928000985527373,1,0.0625
2776,89791,16,0.9279999999999999,0.9280012083054134,1,0.1875
2777,89807,16,0.9279999999999999,0.9280010714849172,1,0.0625
2778,89821,14,0.9369999999999999,0.9370010144776165,1,0.07142857142857142
2779,89835,14,0.9369999999999999,0.9370009065704095,1,0.07142857142857142
2780,89849,14,0.9369999999999999,0.9370017366398314,1,0.07142857142857142
2781,89863,14,0.9369999999999999,0.9370029818037324,1,0.07142857142857142
2782,89879,16,0.9279999999999999,0.9280080089523017,1,0.0625
2783,89893,14,0.9369999999999999,0.9370120901717168,1,0.07142857142857142
2784,89912,19,0.9145,0.9145448526903348,1,0.05263157894736842
2785,89926,14,0.9369999999999999,0.9370342914365061,1,0.07142857142857142
2786,89942,16,0.9279999999999999,0.928022440834652,1,0.0625
2787,89958,16,0.9279999999999999,0.9280128928016699,1,0.0625
2788,89985,27,0.8785,0.8785125139287407,1,0.037037037037037035
2789,90003,18,0.919,0.9190032050419891,1,0.05555555555555555
2790,90019,16,0.9279999999999999,0.9280019390246897,1,0.0625
2791,90033,14,0.9369999999999999,0.9370016377974378,1,0.07142857142857142
2792,90047,14,0.9369999999999999,0.9370012761415081,1,0.07142857142857142
2793,90065,18,0.919,0.9190017368872335,1,0.16666666666666666
2794,90079,14,0.9369999999999999,0.9370005948188921,1,0.07142857142857142
2795,90093,14,0.9369999999999999,0.9370004117770615,1,0.07142857142857142
2796,90119,26,0.883,0.8830006960796878,1,0.4230769230769231
2797,90161,42,0.8109999999999999,0.8110006101983644,1,0.6428571428571429
2798,90195,34,0.847,0.8470020245083212,1,0.5
2799,90215,20,0.91,0.9100001003736979,1,0.35
2800,90229,14,0.9369999999999999,0.9370000633749269,1,0.07142857142857142
2801,90257,28,0.874,0.8740001604428184,1,0.5357142857142857
2802,90281,24,0.892,0.8920000803211955,1,0.4583333333333333
2803,90347,66,0.703,0.7030003380727543,1,0.7727272727272727
2804,90365,18,0.919,0.9190000733323629,1,0.05555555555555555
2805,90381,16,0.9279999999999999,0.9280000628300707,1,0.1875
2806,90425,44,0.802,0.8020002619543684,1,0.7045454545454546
2807,90497,72,0.6759999999999999,0.6760005380515668,1,0.7916666666666666
2808,90519,22,0.901,0.9010001287778756,1,0.3181818181818182
2809,90533,14,0.9369999999999999,0.9370000664737986,1,0.07142857142857142
2810,90547,14,0.9369999999999999,0.9370000790232863,1,0.07142857142857142
2811,90565,18,0.919,0.919000185900735,1,0.05555555555555555
2812,90583,18,0.919,0.9190001258290197,1,0.16666666666666666
2813,90607,24,0.892,0.8920002394296609,1,0.4583333333333333
2814,90633,26,0.883,0.8830002491622798,1,0.5
2815,90649,16,0.9279999999999999,0.928000143891061,1,0.1875
2816,90665,16,0.9279999999999999,0.9280001288648767,1,0.0625
2817,90689,24,0.892,0.8920002027700114,1,0.4583333333333333
2818,90705,16,0.9279999999999999,0.9280001262093108,1,0.1875
2819,90725,20,0.91,0.9100001878209582,1,0.35
2820,90739,14,0.9369999999999999,0.9370001266244835,1,0.07142857142857142
2821,90793,54,0.757,0.7570018281346848,1,0.7222222222222222
2822,90809,16,0.9279999999999999,0.928000126526518,1,0.0625
2823,90823,14,0.9369999999999999,0.9370001434213759,1,0.07142857142857142
2824,90871,48,0.784,0.7840016501052952,1,0.7291666666666666
2825,90891,20,0.91,0.9100012264143981,1,0.25
2826,90909,18,0.919,0.9190020443716271,1,0.2777777777777778
2827,90923,14,0.9369999999999999,0.9370022757856104,1,0.07142857142857142
2828,90937,14,0.9369999999999999,0.9370016071788722,1,0.07142857142857142
2829,90951,14,0.9369999999999999,0.9370016431494183,1,0.07142857142857142
2830,90989,38,0.829,0.8290039587224367,1,0.5526315789473685
2831,91009,20,0.91,0.9100018871652515,1,0.35
2832,91027,18,0.919,0.9190020210227062,1,0.2777777777777778
2833,91043,16,0.9279999999999999,0.928002068321517,1,0.0625
2834,91057,14,0.9369999999999999,0.9370017138312907,1,0.07142857142857142
2835,91077,20,0.91,0.910002031244541,1,0.25
2836,91091,14,0.9369999999999999,0.9370012625722774,1,0.07142857142857142
2837,91105,14,0.9369999999999999,0.9370012217223478,1,0.07142857142857142
2838,91119,14,0.9369999999999999,0.9370014403271623,1,0.07142857142857142
2839,91133,14,0.9369999999999999,0.9370014594215921,1,0.07142857142857142
2840,91147,14,0.9369999999999999,0.9370019363973036,1,0.07142857142857142
2841,91161,14,0.9369999999999999,0.9370023465343248,1,0.07142857142857142
2842,91175,14,0.9369999999999999,0.9370021660909547,1,0.07142857142857142
2843,91189,14,0.9369999999999999,0.9370031090676813,1,0.07142857142857142
2844,91203,14,0.9369999999999999,0.9370024790983975,1,0.07142857142857142
2845,91222,19,0.9145,0.914504167622256,1,0.2631578947368421
2846,91236,14,0.9369999999999999,0.9370024135117273,1,0.07142857142857142
2847,91256,20,0.91,0.9100033071541053,1,0.35
2848,91274,18,0.919,0.9190027654808913,1,0.16666666666666666
2849,91290,16,0.9279999999999999,0.9280016346354498,1,0.1875
2850,91304,14,0.9369999999999999,0.9370012567301312,1,0.07142857142857142
2851,91318,14,0.9369999999999999,0.9370016372911955,1,0.07142857142857142
2852,91334,16,0.9279999999999999,0.9280016234713006,1,0.0625
2853,91368,34,0.847,0.8470077604140301,1,0.6176470588235294
2854,91388,20,0.91,0.910002953074624,1,0.2
2855,91402,14,0.9369999999999999,0.937000824781658,1,0.07142857142857142
2856,91416,14,0.9369999999999999,0.9370009964762465,1,0.07142857142857142
2857,91432,16,0.9279999999999999,0.9280013250605066,1,0.0625
2858,91454,22,0.901,0.9010031610709782,1,0.22727272727272727
2859,91468,14,0.9369999999999999,0.9370015289668434,1,0.07142857142857142
2860,91486,18,0.919,0.9190025232499506,1,0.16666666666666666
2861,91512,26,0.883,0.8830050151160996,1,0.34615384615384615
2862,91526,14,0.9369999999999999,0.9370029040566583,1,0.07142857142857142
2863,91546,20,0.91,0.910005102821827,1,0.15
2864,91560,14,0.9369999999999999,0.9370016975570259,1,0.07142857142857142
2865,91574,14,0.9369999999999999,0.9370022963749356,1,0.07142857142857142
2866,91588,14,0.9369999999999999,0.9370014661738792,1,0.07142857142857142
2867,91602,14,0.9369999999999999,0.9370009290713979,1,0.07142857142857142
2868,91616,14,0.9369999999999999,0.9370018288368769,1,0.07142857142857142
2869,91636,20,0.91,0.9100042988807255,1,0.25
2870,91652,16,0.9279999999999999,0.928003785675885,1,0.0625
2871,91682,30,0.865,0.8650108570427936,1,0.5
2872,91696,14,0.9369999999999999,0.9370032695886841,1,0.07142857142857142
2873,91714,18,0.919,0.9190034362416918,1,0.05555555555555555
2874,91730,16,0.9279999999999999,0.928003021541591,1,0.0625
2875,91758,28,0.874,0.8740111832883332,1,0.03571428571428571
2876,91778,20,0.91,0.9100050876220512,1,0.15
2877,91802,24,0.892,0.8920085861707859,1,0.041666666666666664
2878,91828,26,0.883,0.8830132430769855,1,0.038461538461538464
2879,91848,20,0.91,0.9100033425326728,1,0.15
2880,91870,22,0.901,0.9010020850902074,1,0.22727272727272727
2881,91890,20,0.91,0.9100014323253047,1,0.35
2882,91912,22,0.901,0.9010015532030131,1,0.3181818181818182
2883,91976,64,0.712,0.712005150652137,1,0.34375
2884,92012,36,0.838,0.8380024659581726,1,0.5555555555555556
2885,92026,14,0.9369999999999999,0.9370004496499998,1,0.07142857142857142
2886,92040,14,0.9369999999999999,0.9370005448239606,1,0.07142857142857142
2887,92240,200,0.0,1.163837974952846e-05,0,0.005
2888,92314,74,0.667,0.6670416255444163,1,0.013513513513513514
2889,92346,32,0.856,0.8560162228475575,1,0.03125
2890,92392,46,0.7929999999999999,0.7930103228459638,1,0.021739130434782608
2891,92408,16,0.9279999999999999,0.9280020486323987,1,0.0625
2892,92440,32,0.856,0.8560083154151038,1,0.09375
2893,92454,14,0.9369999999999999,0.9370013733793788,1,0.07142857142857142
2894,92470,16,0.9279999999999999,0.9280012605663476,1,0.0625
2895,92494,24,0.892,0.8920026120226716,1,0.125
2896,92526,32,0.856,0.856003567744012,1,0.03125
2897,92542,16,0.9279999999999999,0.9280009232959994,1,0.1875
2898,92598,56,0.748,0.7480113804162238,1,0.017857142857142856
2899,92678,80,0.6399999999999999,0.6400137558575326,1,0.0125
2900,92694,16,0.9279999999999999,0.9280011005439383,1,0.0625
2901,92708,14,0.9369999999999999,0.9370007747414778,1,0.07142857142857142
2902,92728,20,0.91,0.9100012035333699,1,0.05
2903,92774,46,0.7929999999999999,0.7930038774329484,1,0.021739130434782608
2904,92806,32,0.856,0.8560008560047379,1,0.03125
2905,92840,34,0.847,0.8470007961245538,1,0.029411764705882353
2906,92880,40,0.82,0.8200006672796484,1,0.025
2907,92905,25,0.8875,0.8875013337781471,1,0.04
2908,92982,77,0.6535,0.6535132305815492,1,0.012987012987012988
2909,93004,22,0.901,0.9010067511810981,1,0.045454545454545456
2910,93018,14,0.9369999999999999,0.9370016345105066,1,0.07142857142857142
2911,93169,151,0.3205,0.3205394800827813,1,0.006622516556291391
2912,93183,14,0.9369999999999999,0.9370063628283398,1,0.07142857142857142
2913,93199,16,0.9279999999999999,0.9280047223070829,1,0.0625
2914,93239,40,0.82,0.8200075674320745,1,0.025
2915,93255,16,0.9279999999999999,0.9280014837458807,1,0.0625
2916,93269,14,0.9369999999999999,0.9370009938745011,1,0.07142857142857142
2917,93295,26,0.883,0.8830033983279248,1,0.038461538461538464
2918,93339,44,0.802,0.8020079119865369,1,0.022727272727272728
2919,93361,22,0.901,0.9010013426746567,1,0.045454545454545456
2920,93383,22,0.901,0.9010008545143902,1,0.045454545454545456
2921,93399,16,0.9279999999999999,0.9280003818646061,1,0.1875
2922,93474,75,0.6625,0.6625052932256172,1,0.013333333333333334
2923,93488,14,0.9369999999999999,0.9370002443214474,1,0.07142857142857142
2924,93502,14,0.9369999999999999,0.9370002718731143,1,0.07142857142857142
2925,93516,14,0.9369999999999999,0.9370002288175404,1,0.07142857142857142
2926,93530,14,0.9369999999999999,0.9370003462338704,1,0.07142857142857142
2927,93544,14,0.9369999999999999,0.9370002866955919,1,0.07142857142857142
2928,93576,32,0.856,0.856001294197683,1,0.03125
2929,93618,42,0.8109999999999999,0.81100254000179,1,0.023809523809523808
2930,93636,18,0.919,0.9190024834913961,1,0.05555555555555555
2931,93650,14,0.9369999999999999,0.9370016171815289,1,0.07142857142857142
2932,93668,18,0.919,0.9190015839898978,1,0.05555555555555555
2933,93692,24,0.892,0.8920024795527876,1,0.041666666666666664
2934,93706,14,0.9369999999999999,0.9370016682160464,1,0.07142857142857142
2935,93728,22,0.901,0.9010045407535622,1,0.045454545454545456
2936,93752,24,0.892,0.8920028678047192,1,0.041666666666666664
2937,93772,20,0.91,0.9100014511380301,1,0.05
2938,93790,18,0.919,0.9190012212628037,1,0.05555555555555555
2939,93818,28,0.874,0.8740013720064711,1,0.03571428571428571
2940,93832,14,0.9369999999999999,0.9370004200689074,1,0.07142857142857142
2941,93852,20,0.91,0.9100006317935965,1,0.05
2942,93866,14,0.9369999999999999,0.9370004839180682,1,0.07142857142857142
2943,93880,14,0.9369999999999999,0.9370005141527908,1,0.07142857142857142
2944,93894,14,0.9369999999999999,0.9370003675889793,1,0.07142857142857142
2945,93912,18,0.919,0.9190008589772068,1,0.16666666666666666
2946,94021,109,0.5095,0.5095083583212202,1,0.009174311926605505
2947,94060,39,0.8245,0.8245307572841436,1,0.02564102564102564
2948,94074,14,0.9369999999999999,0.9370017771757848,1,0.07142857142857142
2949,94090,16,0.9279999999999999,0.9280020025840456,1,0.0625
2950,94112,22,0.901,0.9010024850275397,1,0.045454545454545456
2951,94133,21,0.9055,0.9055015823102865,1,0.047619047619047616
2952,94161,28,0.874,0.874003772245384,1,0.03571428571428571
2953,94181,20,0.91,0.9100029471293382,1,0.05
2954,94195,14,0.9369999999999999,0.9370035160936968,1,0.07142857142857142
2955,94209,14,0.9369999999999999,0.937005239238926,1,0.07142857142857142
2956,94223,14,0.9369999999999999,0.9370060019840163,1,0.07142857142857142
2957,94237,14,0.9369999999999999,0.9370022356706479,1,0.07142857142857142
2958,94265,28,0.874,0.8740041350062562,1,0.03571428571428571
2959,94279,14,0.9369999999999999,0.9370019978971437,1,0.07142857142857142
2960,94298,19,0.9145,0.9145024054878255,1,0.05263157894736842
2961,94317,19,0.9145,0.9145009739591535,1,0.05263157894736842
2962,94339,22,0.901,0.9010014126706559,1,0.13636363636363635
2963,94353,14,0.9369999999999999,0.9370009692176282,1,0.07142857142857142
2964,94369,16,0.9279999999999999,0.928000982684195,1,0.0625
2965,94383,14,0.9369999999999999,0.9370007736326156,1,0.07142857142857142
2966,94397,14,0.9369999999999999,0.9370006051281966,1,0.07142857142857142
2967,94415,18,0.919,0.9190005500412809,1,0.05555555555555555
2968,94436,21,0.9055,0.9055008419322151,1,0.047619047619047616
2969,94452,16,0.9279999999999999,0.9280005550582523,1,0.0625
2970,94477,25,0.8875,0.8875011788348802,1,0.04
2971,94502,25,0.8875,0.88750084636705,1,0.04
2972,94530,28,0.874,0.8740013988561529,1,0.03571428571428571
2973,94546,16,0.9279999999999999,0.9280006442602248,1,0.0625
2974,94564,18,0.919,0.9190010459807443,1,0.05555555555555555
2975,94591,27,0.8785,0.8785017218637519,1,0.037037037037037035
2976,94607,16,0.9279999999999999,0.9280010681320455,1,0.0625
2977,94622,15,0.9325,0.9325014538204479,1,0.06666666666666667
2978,94640,18,0.919,0.9190021430357174,1,0.05555555555555555
2979,94654,14,0.9369999999999999,0.9370025226995594,1,0.07142857142857142
2980,94668,14,0.9369999999999999,0.93700284162126,1,0.07142857142857142
2981,94682,14,0.9369999999999999,0.9370023802302438,1,0.07142857142857142
2982,94698,16,0.9279999999999999,0.9280029601038235,1,0.0625
2983,94712,14,0.9369999999999999,0.9370016160254337,1,0.07142857142857142
2984,94728,16,0.9279999999999999,0.9280022775854012,1,0.0625
2985,94744,16,0.9279999999999999,0.9280034067883898,1,0.0625
2986,94758,14,0.9369999999999999,0.9370033525033501,1,0.07142857142857142
2987,94777,19,0.9145,0.9145051731712919,1,0.05263157894736842
2988,94832,55,0.7525,0.7525140579970702,1,0.01818181818181818
2989,94846,14,0.9369999999999999,0.9370050638024433,1,0.07142857142857142
2990,94860,14,0.9369999999999999,0.9370043393822302,1,0.07142857142857142
2991,94879,19,0.9145,0.9145050920148062,1,0.05263157894736842
2992,94895,16,0.9279999999999999,0.9280024177556114,1,0.0625
2993,94909,14,0.9369999999999999,0.9370016422351097,1,0.07142857142857142
2994,94925,16,0.9279999999999999,0.9280018715685964,1,0.0625
2995,94952,27,0.8785,0.8785017737001144,1,0.037037037037037035
2996,94973,21,0.9055,0.9055019315579482,1,0.047619047619047616
2997,95006,33,0.8514999999999999,0.8515012571751468,1,0.030303030303030304
2998,95020,14,0.9369999999999999,0.9370004220650412,1,0.07142857142857142
2999,95036,16,0.9279999999999999,0.9280005060614194,1,0.0625
3000,95050,14,0.9369999999999999,0.9370003445087874,1,0.07142857142857142
3001,95065,15,0.9325,0.9325002590360851,1,0.06666666666666667
3002,95083,18,0.919,0.9190004201630078,1,0.05555555555555555
3003,95097,14,0.9369999999999999,0.9370002541847962,1,0.07142857142857142
3004,95115,18,0.919,0.9190003534912183,1,0.05555555555555555
3005,95129,14,0.9369999999999999,0.9370002377588572,1,0.07142857142857142
3006,95143,14,0.9369999999999999,0.9370001850121716,1,0.07142857142857142
3007,95157,14,0.9369999999999999,0.9370001984623197,1,0.07142857142857142
3008,95173,16,0.9279999999999999,0.9280002485213051,1,0.0625
3009,95189,16,0.9279999999999999,0.9280003945853355,1,0.0625
3010,95203,14,0.9369999999999999,0.9370003417950061,1,0.07142857142857142
3011,95217,14,0.9369999999999999,0.937000244124988,1,0.07142857142857142
3012,95231,14,0.9369999999999999,0.9370001745215429,1,0.07142857142857142
3013,95245,14,0.9369999999999999,0.9370002337928006,1,0.07142857142857142
3014,95259,14,0.9369999999999999,0.9370002070711294,1,0.07142857142857142
3015,95275,16,0.9279999999999999,0.9280003419938554,1,0.0625
3016,95293,18,0.919,0.9190005693478296,1,0.16666666666666666
3017,95307,14,0.9369999999999999,0.9370009526120631,1,0.07142857142857142
3018,95325,18,0.919,0.919001434808273,1,0.05555555555555555
3019,95339,14,0.9369999999999999,0.9370009286777989,1,0.07142857142857142
3020,95353,14,0.9369999999999999,0.9370014348175881,1,0.07142857142857142
3021,95367,14,0.9369999999999999,0.9370023137047808,1,0.07142857142857142
3022,95383,16,0.9279999999999999,0.9280027906218343,1,0.0625
3023,95397,14,0.9369999999999999,0.9370038068506905,1,0.07142857142857142
3024,95411,14,0.9369999999999999,0.9370061913625684,1,0.07142857142857142
3025,95429,18,0.919,0.9190052504266073,1,0.05555555555555555
3026,95443,14,0.9369999999999999,0.9370027081764403,1,0.07142857142857142
3027,95459,16,0.9279999999999999,0.9280020022336116,1,0.0625
3028,95473,14,0.9369999999999999,0.9370024426462551,1,0.07142857142857142
3029,95487,14,0.9369999999999999,0.9370023453954183,1,0.07142857142857142
3030,95501,14,0.9369999999999999,0.9370021112818624,1,0.07142857142857142
3031,95517,16,0.9279999999999999,0.928003380375461,1,0.0625
3032,95531,14,0.9369999999999999,0.9370023480226258,1,0.07142857142857142
3033,95545,14,0.9369999999999999,0.9370017189712059,1,0.07142857142857142
3034,95559,14,0.9369999999999999,0.9370011454791826,1,0.07142857142857142
3035,95573,14,0.9369999999999999,0.9370011752666151,1,0.07142857142857142
3036,95589,16,0.9279999999999999,0.928001367084207,1,0.0625
3037,95603,14,0.9369999999999999,0.9370011197730289,1,0.07142857142857142
3038,95619,16,0.9279999999999999,0.9280009509232428,1,0.0625
3039,95633,14,0.9369999999999999,0.9370009006509181,1,0.07142857142857142
3040,95649,16,0.9279999999999999,0.9280009588426567,1,0.0625
3041,95663,14,0.9369999999999999,0.9370006291568216,1,0.07142857142857142
3042,95677,14,0.9369999999999999,0.9370005240658791,1,0.07142857142857142
3043,95691,14,0.9369999999999999,0.9370005641145578,1,0.07142857142857142
3044,95705,14,0.9369999999999999,0.9370007012187633,1,0.07142857142857142
3045,95721,16,0.9279999999999999,0.9280010673577492,1,0.0625
3046,95739,18,0.919,0.9190007277807164,1,0.05555555555555555
3047,95754,15,0.9325,0.9325013528026924,1,0.06666666666666667
3048,95770,16,0.9279999999999999,0.928001630581908,1,0.1875
3049,95784,14,0.9369999999999999,0.9370022836657992,1,0.07142857142857142
3050,95800,16,0.9279999999999999,0.9280037970001418,1,0.0625
3051,95814,14,0.9369999999999999,0.9370080133304228,1,0.07142857142857142
3052,95828,14,0.9369999999999999,0.9370031711843158,1,0.07142857142857142
3053,95844,16,0.9279999999999999,0.9280038645825202,1,0.0625
3054,95860,16,0.9279999999999999,0.9280031638372629,1,0.0625
3055,95874,14,0.9369999999999999,0.9370034829719492,1,0.07142857142857142
3056,95888,14,0.9369999999999999,0.9370063668239967,1,0.07142857142857142
3057,95902,14,0.9369999999999999,0.9370072731865182,1,0.07142857142857142
3058,95916,14,0.9369999999999999,0.9370071564184704,1,0.07142857142857142
3059,95932,16,0.9279999999999999,0.9280037738236517,1,0.0625
3060,95948,16,0.9279999999999999,0.928002630003383,1,0.1875
3061,95962,14,0.9369999999999999,0.9370011134693287,1,0.07142857142857142
3062,95976,14,0.9369999999999999,0.9370009444810449,1,0.07142857142857142
3063,95990,14,0.9369999999999999,0.937000738276873,1,0.07142857142857142
3064,96004,14,0.9369999999999999,0.937000524525111,1,0.07142857142857142
3065,96127,123,0.4465,0.44650445091387053,1,0.008130081300813009
3066,96147,20,0.91,0.9100002869051547,1,0.15
3067,96163,16,0.9279999999999999,0.9280002266519447,1,0.0625
3068,96177,14,0.9369999999999999,0.937000155243437,1,0.07142857142857142
3069,96194,17,0.9235,0.9235002775072825,1,0.058823529411764705
3070,96219,25,0.8875,0.8875003191613356,1,0.04
3071,96235,16,0.9279999999999999,0.9280001472057918,1,0.0625
3072,96251,16,0.9279999999999999,0.9280002109828905,1,0.0625
3073,96272,21,0.9055,0.9055004202707206,1,0.047619047619047616
3074,96288,16,0.9279999999999999,0.9280002605089899,1,0.0625
3075,96302,14,0.9369999999999999,0.9370002849948902,1,0.07142857142857142
3076,96319,17,0.9235,0.9235003753064263,1,0.058823529411764705
3077,96337,18,0.919,0.9190004304760683,1,0.05555555555555555
3078,96351,14,0.9369999999999999,0.9370002303945439,1,0.07142857142857142
3079,96365,14,0.9369999999999999,0.9370002675857065,1,0.07142857142857142
3080,96387,22,0.901,0.9010018567845738,1,0.045454545454545456
3081,96401,14,0.9369999999999999,0.9370016226520571,1,0.07142857142857142
3082,96438,37,0.8335,0.833513048855593,1,0.02702702702702703
3083,96456,18,0.919,0.919007752529751,1,0.05555555555555555
3084,96474,18,0.919,0.9190079966608384,1,0.05555555555555555
3085,96490,16,0.9279999999999999,0.9280060042147638,1,0.0625
3086,96504,14,0.9369999999999999,0.9370047630599732,1,0.07142857142857142
3087,96532,28,0.874,0.8740084817230486,1,0.03571428571428571
3088,96646,114,0.487,0.4870578397558913,1,0.043859649122807015
3089,96721,75,0.6625,0.6625057029026359,1,0.013333333333333334
3090,96737,16,0.9279999999999999,0.9280003528411684,1,0.0625
3091,96751,14,0.9369999999999999,0.9370002711591755,1,0.07142857142857142
3092,96767,16,0.9279999999999999,0.9280002818900296,1,0.0625
3093,96789,22,0.901,0.9010002603450695,1,0.045454545454545456
3094,96835,46,0.7929999999999999,0.7930005268388732,1,0.021739130434782608
3095,96867,32,0.856,0.856000262459025,1,0.03125
3096,96897,30,0.865,0.8650002314412251,1,0.03333333333333333
3097,96935,38,0.829,0.8290002969920062,1,0.02631578947368421
3098,97006,71,0.6805,0.6805010419367722,1,0.04225352112676056
3099,97034,28,0.874,0.874000673026837,1,0.03571428571428571
3100,97072,38,0.829,0.8290019747445562,1,0.02631578947368421
3101,97096,24,0.892,0.8920010287601327,1,0.041666666666666664
3102,97118,22,0.901,0.9010035654540174,1,0.045454545454545456
3103,97132,14,0.9369999999999999,0.937003200508762,1,0.07142857142857142
3104,97257,125,0.4375,0.4375222171753588,1,0.008
3105,97271,14,0.9369999999999999,0.9370018397579484,1,0.07142857142857142
3106,97325,54,0.757,0.7570074817461913,1,0.09259259259259259
3107,97343,18,0.919,0.9190026399799549,1,0.05555555555555555
3108,97363,20,0.91,0.9100039353268767,1,0.05
3109,97377,14,0.9369999999999999,0.9370013613419451,1,0.07142857142857142
3110,97418,41,0.8155,0.8155040439497532,1,0.024390243902439025
3111,97440,22,0.901,0.9010028925300317,1,0.045454545454545456
3112,97454,14,0.9369999999999999,0.9370013607954342,1,0.07142857142857142
3113,97468,14,0.9369999999999999,0.9370012697528561,1,0.07142857142857142
3114,97487,19,0.9145,0.9145047324019518,1,0.05263157894736842
3115,97501,14,0.9369999999999999,0.9370024059992752,1,0.07142857142857142
3116,97515,14,0.9369999999999999,0.9370016201377651,1,0.07142857142857142
3117,97635,120,0.45999999999999996,0.4600097841710635,1,0.008333333333333333
3118,97660,25,0.8875,0.8875018099976079,1,0.04
3119,97686,26,0.883,0.8830046594025364,1,0.038461538461538464
3120,97702,16,0.9279999999999999,0.9280022964121856,1,0.0625
3121,97716,14,0.9369999999999999,0.9370012249830114,1,0.07142857142857142
3122,97738,22,0.901,0.901001815291926,1,0.045454545454545456
3123,97768,30,0.865,0.8650034494169091,1,0.03333333333333333
3124,97792,24,0.892,0.8920038299035873,1,0.041666666666666664
3125,97806,14,0.9369999999999999,0.9370018473447589,1,0.07142857142857142
3126,97822,16,0.9279999999999999,0.9280025554321445,1,0.0625
3127,97836,14,0.9369999999999999,0.9370023343832402,1,0.07142857142857142
3128,97852,16,0.9279999999999999,0.9280025460968864,1,0.1875
3129,97890,38,0.829,0.8290061088474293,1,0.02631578947368421
3130,97945,55,0.7525,0.752509527006109,1,0.01818181818181818
3131,97973,28,0.874,0.8740090105965025,1,0.03571428571428571
3132,97991,18,0.919,0.9190032037999653,1,0.2777777777777778
3133,98039,48,0.784,0.7840070877413315,1,0.020833333333333332
3134,98069,30,0.865,0.8650073725255665,1,0.03333333333333333
3135,98130,61,0.7255,0.7255081819820566,1,0.01639344262295082
3136,98146,16,0.9279999999999999,0.9280017068991349,1,0.0625
3137,98162,16,0.9279999999999999,0.9280013122061651,1,0.0625
3138,98180,18,0.919,0.9190015297791484,1,0.05555555555555555
3139,98198,18,0.919,0.9190011846268502,1,0.16666666666666666
3140,98220,22,0.901,0.9010012490109806,1,0.045454545454545456
3141,98238,18,0.919,0.9190010390528769,1,0.05555555555555555
3142,98258,20,0.91,0.9100016971059766,1,0.05
3143,98276,18,0.919,0.9190022947779106,1,0.05555555555555555
3144,98304,28,0.874,0.8740072775679142,1,0.03571428571428571
3145,98330,26,0.883,0.8830071205798546,1,0.038461538461538464
3146,98354,24,0.892,0.8920041080959639,1,0.041666666666666664
3147,98374,20,0.91,0.9100020437542164,1,0.05
3148,98398,24,0.892,0.8920034954595742,1,0.041666666666666664
3149,98421,23,0.8965,0.8965024101137953,1,0.043478260869565216
3150,98461,40,0.82,0.8200047200170284,1,0.025
3151,98500,39,0.8245,0.8245023900409527,1,0.02564102564102564
3152,98572,72,0.6759999999999999,0.676005314271762,1,0.013888888888888888
3153,98594,22,0.901,0.9010013140809089,1,0.045454545454545456
3154,98676,82,0.631,0.6310393809636651,1,0.012195121951219513
3155,98700,24,0.892,0.8920174226130833,1,0.041666666666666664
3156,98718,18,0.919,0.9190087122493832,1,0.05555555555555555
3157,98736,18,0.919,0.9190049238917503,1,0.05555555555555555
3158,98752,16,0.9279999999999999,0.9280023566448902,1,0.0625
3159,98800,48,0.784,0.7840142010754648,1,0.020833333333333332
3160,98816,16,0.9279999999999999,0.9280016592604938,1,0.0625
3161,98842,26,0.883,0.8830032892791254,1,0.038461538461538464
3162,98858,16,0.9279999999999999,0.9280011609664021,1,0.0625
3163,98904,46,0.7929999999999999,0.7930040576639779,1,0.021739130434782608
3164,98930,26,0.883,0.8830016785018282,1,0.038461538461538464
3165,98950,20,0.91,0.9100009154952704,1,0.05
3166,99012,62,0.721,0.7210038492175987,1,0.04838709677419355
3167,99030,18,0.919,0.9190012201996559,1,0.05555555555555555
3168,99084,54,0.757,0.7570020967598737,1,0.018518518518518517
3169,99100,16,0.9279999999999999,0.9280004928428938,1,0.0625
3170,99148,48,0.784,0.784002805431105,1,0.020833333333333332
3171,99178,30,0.865,0.8650056965490833,1,0.03333333333333333
3172,99208,30,0.865,0.8650205009376858,1,0.03333333333333333
3173,99226,18,0.919,0.919010594056778,1,0.05555555555555555
3174,99274,48,0.784,0.7840206262622629,1,0.020833333333333332
3175,99294,20,0.91,0.9100047869073066,1,0.05
3176,99322,28,0.874,0.8740023196024727,1,0.4642857142857143
3177,99344,22,0.901,0.9010016928106049,1,0.13636363636363635
3178,99360,16,0.9279999999999999,0.9280007369995187,1,0.0625
3179,99376,16,0.9279999999999999,0.9280007190900038,1,0.0625
3180,99394,18,0.919,0.9190006219848803,1,0.05555555555555555
3181,99418,24,0.892,0.8920007239088612,1,0.041666666666666664
3182,99585,167,0.24850000000000005,0.24853794106299834,1,0.005988023952095809
3183,99619,34,0.847,0.8470011272184674,1,0.029411764705882353
3184,99635,16,0.9279999999999999,0.928000612545069,1,0.0625
3185,99651,16,0.9279999999999999,0.9280006798185579,1,0.0625
3186,99673,22,0.901,0.9010010829880737,1,0.045454545454545456
3187,99689,16,0.9279999999999999,0.9280006561019467,1,0.0625
3188,99723,34,0.847,0.8470013715730875,1,0.08823529411764706
3189,99753,30,0.865,0.8650018283714532,1,0.1
3190,99780,27,0.8785,0.8785022263576607,1,0.25925925925925924
3191,99798,18,0.919,0.9190021118069142,1,0.05555555555555555
3192,99820,22,0.901,0.9010023067971236,1,0.3181818181818182
3193,99840,20,0.91,0.9100034970072562,1,0.25
3194,99856,16,0.9279999999999999,0.9280025951438433,1,0.0625
3195,99874,18,0.919,0.9190040549186783,1,0.16666666666666666
3196,99892,18,0.919,0.919003455485922,1,0.16666666666666666
3197,99908,16,0.9279999999999999,0.9280029460289757,1,0.0625
3198,99934,26,0.883,0.8830048575047345,1,0.038461538461538464
3199,99952,18,0.919,0.9190027132229039,1,0.16666666666666666
3200,99968,16,0.9279999999999999,0.9280020158922706,1,0.0625
3201,99988,20,0.91,0.9100040299810352,1,0.25
