episode,end_step,length,extrinsic_return,shaped_return,success,tv_fraction
0,200,200,0.0,0.0,0,0.205
1,400,200,0.0,0.0,0,0.115
2,600,200,0.0,0.0,0,0.12
3,800,200,0.0,0.0,0,0.12
4,1000,200,0.0,0.0,0,0.21
5,1200,200,0.0,0.0,0,0.175
6,1400,200,0.0,0.0,0,0.22
7,1600,200,0.0,0.0,0,0.24
8,1800,200,0.0,0.0,0,0.09
9,2000,200,0.0,0.0,0,0.1
10,2200,200,0.0,0.0,0,0.26
11,2400,200,0.0,0.0,0,0.18
12,2600,200,0.0,0.0,0,0.195
13,2800,200,0.0,0.0,0,0.01
14,3000,200,0.0,0.0,0,0.23
15,3149,149,0.3295,0.3295,1,0.06711409395973154
16,3349,200,0.0,0.0,0,0.125
17,3549,200,0.0,0.0,0,0.135
18,3749,200,0.0,0.0,0,0.165
19,3949,200,0.0,0.0,0,0.175
20,4149,200,0.0,0.0,0,0.355
21,4349,200,0.0,0.0,0,0.06
22,4549,200,0.0,0.0,0,0.105
23,4749,200,0.0,0.0,0,0.065
24,4949,200,0.0,0.0,0,0.185
25,5149,200,0.0,0.0,0,0.07
26,5349,200,0.0,0.0,0,0.015
27,5549,200,0.0,0.0,0,0.24
28,5749,200,0.0,0.0,0,0.225
29,5949,200,0.0,0.0,0,0.04
30,6149,200,0.0,0.0,0,0.03
31,6349,200,0.0,0.0,0,0.07
32,6549,200,0.0,0.0,0,0.065
33,6749,200,0.0,0.0,0,0.005
34,6949,200,0.0,0.0,0,0.015
35,7149,200,0.0,0.0,0,0.12
36,7349,200,0.0,0.0,0,0.105
37,7549,200,0.0,0.0,0,0.235
38,7749,200,0.0,0.0,0,0.14
39,7949,200,0.0,0.0,0,0.155
40,8149,200,0.0,0.0,0,0.22
41,8286,137,0.38349999999999995,0.38349999999999995,1,0.051094890510948905
42,8486,200,0.0,0.0,0,0.095
43,8663,177,0.20350000000000001,0.20350000000000001,1,0.005649717514124294
44,8863,200,0.0,0.0,0,0.165
45,9063,200,0.0,0.0,0,0.065
46,9263,200,0.0,0.0,0,0.13
47,9463,200,0.0,0.0,0,0.105
48,9663,200,0.0,0.0,0,0.015
49,9863,200,0.0,0.0,0,0.15
50,10050,187,0.15849999999999997,0.15849999999999997,1,0.03208556149732621
51,10250,200,0.0,0.0,0,0.285
52,10450,200,0.0,0.0,0,0.165
53,10650,200,0.0,0.0,0,0.02
54,10850,200,0.0,0.0,0,0.13
55,11050,200,0.0,0.0,0,0.115
56,11250,200,0.0,0.0,0,0.14
57,11450,200,0.0,0.0,0,0.125
58,11591,141,0.36550000000000005,0.36550000000000005,1,0.02127659574468085
59,11791,200,0.0,0.0,0,0.175
60,11955,164,0.262,0.262,1,0.24390243902439024
61,12128,173,0.22150000000000003,0.22150000000000003,1,0.08092485549132948
62,12285,157,0.2935,0.2935,1,0.10191082802547771
63,12485,200,0.0,0.0,0,0.08
64,12685,200,0.0,0.0,0,0.025
65,12788,103,0.5365,0.5365,1,0.04854368932038835
66,12853,65,0.7075,0.7075,1,0.07692307692307693
67,12943,90,0.595,0.595,1,0.06666666666666667
68,13000,57,0.7435,0.7435,1,0.03508771929824561
69,13200,200,0.0,0.0,0,0.105
70,13400,200,0.0,0.0,0,0.14
71,13449,49,0.7795,0.7795,1,0.061224489795918366
72,13593,144,0.352,0.352,1,0.09722222222222222
73,13793,200,0.0,0.0,0,0.26
74,13993,200,0.0,0.0,0,0.005
75,14105,112,0.4959999999999999,0.4959999999999999,1,0.11607142857142858
76,14201,96,0.5680000000000001,0.5680000000000001,1,0.19791666666666666
77,14279,78,0.649,0.649,1,0.07692307692307693
78,14455,176,0.20799999999999996,0.20799999999999996,1,0.005681818181818182
79,14490,35,0.8425,0.8425,1,0.05714285714285714
80,14588,98,0.5589999999999999,0.5589999999999999,1,0.07142857142857142
81,14788,200,0.0,0.0,0,0.33
82,14894,106,0.5229999999999999,0.5229999999999999,1,0.07547169811320754
83,15041,147,0.3385,0.3385,1,0.047619047619047616
84,15187,146,0.34299999999999997,0.34299999999999997,1,0.1095890410958904
85,15274,87,0.6085,0.6085,1,0.06896551724137931
86,15323,49,0.7795,0.7795,1,0.08163265306122448
87,15401,78,0.649,0.649,1,0.01282051282051282
88,15489,88,0.604,0.604,1,0.011363636363636364
89,15613,124,0.44199999999999995,0.44199999999999995,1,0.024193548387096774
90,15686,73,0.6715,0.6715,1,0.0136986301369863
91,15886,200,0.0,0.0,0,0.27
92,16073,187,0.15849999999999997,0.15849999999999997,1,0.053475935828877004
93,16122,49,0.7795,0.7795,1,0.02040816326530612
94,16250,128,0.42399999999999993,0.42399999999999993,1,0.109375
95,16450,200,0.0,0.0,0,0.34
96,16647,197,0.11350000000000005,0.11350000000000005,1,0.025380710659898477
97,16771,124,0.44199999999999995,0.44199999999999995,1,0.04032258064516129
98,16971,200,0.0,0.0,0,0.05
99,17022,51,0.7705,0.7705,1,0.19607843137254902
100,17087,65,0.7075,0.7075,1,0.12307692307692308
101,17166,79,0.6445,0.6445,1,0.012658227848101266
102,17366,200,0.0,0.0,0,0.17
103,17450,84,0.622,0.622,1,0.07142857142857142
104,17486,36,0.838,0.838,1,0.1388888888888889
105,17683,197,0.11350000000000005,0.11350000000000005,1,0.1116751269035533
106,17766,83,0.6265000000000001,0.6265000000000001,1,0.060240963855421686
107,17954,188,0.15400000000000003,0.15400000000000003,1,0.10106382978723404
108,17978,24,0.892,0.892,1,0.041666666666666664
109,18098,120,0.45999999999999996,0.45999999999999996,1,0.025
110,18153,55,0.7525,0.7525,1,0.01818181818181818
111,18231,78,0.649,0.649,1,0.02564102564102564
112,18305,74,0.667,0.667,1,0.02702702702702703
113,18394,89,0.5994999999999999,0.5994999999999999,1,0.056179775280898875
114,18472,78,0.649,0.649,1,0.08974358974358974
115,18532,60,0.73,0.73,1,0.03333333333333333
116,18732,200,0.0,0.0,0,0.115
117,18829,97,0.5635,0.5635,1,0.061855670103092786
118,19029,200,0.0,0.0,0,0.15
119,19192,163,0.26650000000000007,0.26650000000000007,1,0.09202453987730061
120,19278,86,0.613,0.613,1,0.1744186046511628
121,19337,59,0.7344999999999999,0.7344999999999999,1,0.0847457627118644
122,19480,143,0.35650000000000004,0.35650000000000004,1,0.1048951048951049
123,19573,93,0.5814999999999999,0.5814999999999999,1,0.043010752688172046
124,19743,170,0.235,0.235,1,0.058823529411764705
125,19913,170,0.235,0.235,1,0.12352941176470589
126,19986,73,0.6715,0.6715,1,0.0547945205479452
127,20031,45,0.7975,0.7975,1,0.17777777777777778
128,20132,101,0.5455,0.5455,1,0.019801980198019802
129,20304,172,0.22599999999999998,0.22599999999999998,1,0.09883720930232558
130,20346,42,0.8109999999999999,0.8109999999999999,1,0.047619047619047616
131,20370,24,0.892,0.892,1,0.041666666666666664
132,20432,62,0.721,0.721,1,0.1935483870967742
133,20469,37,0.8335,0.8335,1,0.05405405405405406
134,20494,25,0.8875,0.8875,1,0.16
135,20542,48,0.784,0.784,1,0.08333333333333333
136,20580,38,0.829,0.829,1,0.23684210526315788
137,20707,127,0.4285,0.4285,1,0.12598425196850394
138,20744,37,0.8335,0.8335,1,0.02702702702702703
139,20765,21,0.9055,0.9055,1,0.09523809523809523
140,20819,54,0.757,0.757,1,0.018518518518518517
141,20872,53,0.7615,0.7615,1,0.03773584905660377
142,20957,85,0.6174999999999999,0.6174999999999999,1,0.1411764705882353
143,21108,151,0.3205,0.3205,1,0.08609271523178808
144,21163,55,0.7525,0.7525,1,0.07272727272727272
145,21215,52,0.766,0.766,1,0.019230769230769232
146,21356,141,0.36550000000000005,0.36550000000000005,1,0.028368794326241134
147,21391,35,0.8425,0.8425,1,0.14285714285714285
148,21437,46,0.7929999999999999,0.7929999999999999,1,0.2391304347826087
149,21460,23,0.8965,0.8965,1,0.08695652173913043
150,21548,88,0.604,0.604,1,0.10227272727272728
151,21644,96,0.5680000000000001,0.5680000000000001,1,0.11458333333333333
152,21685,41,0.8155,0.8155,1,0.04878048780487805
153,21761,76,0.6579999999999999,0.6579999999999999,1,0.02631578947368421
154,21788,27,0.8785,0.8785,1,0.1111111111111111
155,21817,29,0.8694999999999999,0.8694999999999999,1,0.034482758620689655
156,21918,101,0.5455,0.5455,1,0.1782178217821782
157,21967,49,0.7795,0.7795,1,0.14285714285714285
158,22028,61,0.7255,0.7255,1,0.19672131147540983
159,22110,82,0.631,0.631,1,0.0975609756097561
160,22166,56,0.748,0.748,1,0.10714285714285714
161,22223,57,0.7435,0.7435,1,0.07017543859649122
162,22275,52,0.766,0.766,1,0.17307692307692307
163,22341,66,0.703,0.703,1,0.045454545454545456
164,22423,82,0.631,0.631,1,0.012195121951219513
165,22516,93,0.5814999999999999,0.5814999999999999,1,0.11827956989247312
166,22548,32,0.856,0.856,1,0.03125
167,22692,144,0.352,0.352,1,0.013888888888888888
168,22738,46,0.7929999999999999,0.7929999999999999,1,0.021739130434782608
169,22814,76,0.6579999999999999,0.6579999999999999,1,0.013157894736842105
170,22842,28,0.874,0.874,1,0.03571428571428571
171,22880,38,0.829,0.829,1,0.15789473684210525
172,22932,52,0.766,0.766,1,0.019230769230769232
173,23008,76,0.6579999999999999,0.6579999999999999,1,0.02631578947368421
174,23073,65,0.7075,0.7075,1,0.046153846153846156
175,23135,62,0.721,0.721,1,0.04838709677419355
176,23187,52,0.766,0.766,1,0.019230769230769232
177,23237,50,0.775,0.775,1,0.1
178,23268,31,0.8605,0.8605,1,0.25806451612903225
179,23390,122,0.45099999999999996,0.45099999999999996,1,0.03278688524590164
180,23423,33,0.8514999999999999,0.8514999999999999,1,0.15151515151515152
181,23466,43,0.8065,0.8065,1,0.023255813953488372
182,23492,26,0.883,0.883,1,0.038461538461538464
183,23539,47,0.7885,0.7885,1,0.02127659574468085
184,23669,130,0.4149999999999999,0.4149999999999999,1,0.007692307692307693
185,23691,22,0.901,0.901,1,0.13636363636363635
186,23760,69,0.6895,0.6895,1,0.057971014492753624
187,23795,35,0.8425,0.8425,1,0.05714285714285714
188,23829,34,0.847,0.847,1,0.029411764705882353
189,23885,56,0.748,0.748,1,0.10714285714285714
190,23916,31,0.8605,0.8605,1,0.06451612903225806
191,23963,47,0.7885,0.7885,1,0.02127659574468085
192,24064,101,0.5455,0.5455,1,0.009900990099009901
193,24141,77,0.6535,0.6535,1,0.12987012987012986
194,24175,34,0.847,0.847,1,0.029411764705882353
195,24368,193,0.13150000000000006,0.13150000000000006,1,0.046632124352331605
196,24550,182,0.18099999999999994,0.18099999999999994,1,0.07692307692307693
197,24656,106,0.5229999999999999,0.5229999999999999,1,0.009433962264150943
198,24771,115,0.48250000000000004,0.48250000000000004,1,0.06086956521739131
199,24837,66,0.703,0.703,1,0.030303030303030304
200,24939,102,0.5409999999999999,0.5409999999999999,1,0.00980392156862745
201,25029,90,0.595,0.595,1,0.08888888888888889
202,25185,156,0.29799999999999993,0.29799999999999993,1,0.01282051282051282
203,25267,82,0.631,0.631,1,0.012195121951219513
204,25313,46,0.7929999999999999,0.7929999999999999,1,0.1956521739130435
205,25417,104,0.532,0.532,1,0.11538461538461539
206,25467,50,0.775,0.775,1,0.02
207,25600,133,0.40149999999999997,0.40149999999999997,1,0.007518796992481203
208,25633,33,0.8514999999999999,0.8514999999999999,1,0.030303030303030304
209,25665,32,0.856,0.856,1,0.125
210,25716,51,0.7705,0.7705,1,0.11764705882352941
211,25747,31,0.8605,0.8605,1,0.0967741935483871
212,25793,46,0.7929999999999999,0.7929999999999999,1,0.21739130434782608
213,25915,122,0.45099999999999996,0.45099999999999996,1,0.10655737704918032
214,25989,74,0.667,0.667,1,0.0945945945945946
215,26040,51,0.7705,0.7705,1,0.0196078431372549
216,26108,68,0.694,0.694,1,0.029411764705882353
217,26208,100,0.55,0.55,1,0.13
218,26256,48,0.784,0.784,1,0.1875
219,26285,29,0.8694999999999999,0.8694999999999999,1,0.1724137931034483
220,26388,103,0.5365,0.5365,1,0.019417475728155338
221,26495,107,0.5185,0.5185,1,0.009345794392523364
222,26606,111,0.5005,0.5005,1,0.009009009009009009
223,26708,102,0.5409999999999999,0.5409999999999999,1,0.20588235294117646
224,26772,64,0.712,0.712,1,0.125
225,26808,36,0.838,0.838,1,0.08333333333333333
226,26916,108,0.514,0.514,1,0.018518518518518517
227,27074,158,0.2889999999999999,0.2889999999999999,1,0.012658227848101266
228,27111,37,0.8335,0.8335,1,0.08108108108108109
229,27163,52,0.766,0.766,1,0.019230769230769232
230,27183,20,0.91,0.91,1,0.15
231,27208,25,0.8875,0.8875,1,0.04
232,27244,36,0.838,0.838,1,0.19444444444444445
233,27264,20,0.91,0.91,1,0.05
234,27299,35,0.8425,0.8425,1,0.11428571428571428
235,27337,38,0.829,0.829,1,0.13157894736842105
236,27370,33,0.8514999999999999,0.8514999999999999,1,0.06060606060606061
237,27413,43,0.8065,0.8065,1,0.16279069767441862
238,27434,21,0.9055,0.9055,1,0.047619047619047616
239,27509,75,0.6625,0.6625,1,0.04
240,27570,61,0.7255,0.7255,1,0.01639344262295082
241,27618,48,0.784,0.784,1,0.020833333333333332
242,27702,84,0.622,0.622,1,0.09523809523809523
243,27734,32,0.856,0.856,1,0.03125
244,27774,40,0.82,0.82,1,0.025
245,27798,24,0.892,0.892,1,0.2916666666666667
246,27843,45,0.7975,0.7975,1,0.2
247,27988,145,0.34750000000000003,0.34750000000000003,1,0.041379310344827586
248,28015,27,0.8785,0.8785,1,0.037037037037037035
249,28049,34,0.847,0.847,1,0.3235294117647059
250,28097,48,0.784,0.784,1,0.020833333333333332
251,28117,20,0.91,0.91,1,0.05
252,28133,16,0.9279999999999999,0.9279999999999999,1,0.0625
253,28195,62,0.721,0.721,1,0.016129032258064516
254,28227,32,0.856,0.856,1,0.03125
255,28256,29,0.8694999999999999,0.8694999999999999,1,0.10344827586206896
256,28280,24,0.892,0.892,1,0.041666666666666664
257,28318,38,0.829,0.829,1,0.23684210526315788
258,28375,57,0.7435,0.7435,1,0.017543859649122806
259,28389,14,0.9369999999999999,0.9369999999999999,1,0.07142857142857142
260,28457,68,0.694,0.694,1,0.029411764705882353
261,28489,32,0.856,0.856,1,0.15625
262,28535,46,0.7929999999999999,0.7929999999999999,1,0.021739130434782608
263,28570,35,0.8425,0.8425,1,0.02857142857142857
264,28686,116,0.478,0.478,1,0.05172413793103448
265,28745,59,0.7344999999999999,0.7344999999999999,1,0.01694915254237288
266,28796,51,0.7705,0.7705,1,0.13725490196078433
267,28828,32,0.856,0.856,1,0.0625
268,28852,24,0.892,0.892,1,0.041666666666666664
269,28876,24,0.892,0.892,1,0.20833333333333334
270,28918,42,0.8109999999999999,0.8109999999999999,1,0.023809523809523808
271,28941,23,0.8965,0.8965,1,0.043478260869565216
272,28967,26,0.883,0.883,1,0.19230769230769232
273,29011,44,0.802,0.802,1,0.11363636363636363
274,29031,20,0.91,0.91,1,0.05
275,29059,28,0.874,0.874,1,0.03571428571428571
276,29141,82,0.631,0.631,1,0.012195121951219513
277,29179,38,0.829,0.829,1,0.07894736842105263
278,29223,44,0.802,0.802,1,0.06818181818181818
279,29263,40,0.82,0.82,1,0.025
280,29291,28,0.874,0.874,1,0.25
281,29314,23,0.8965,0.8965,1,0.08695652173913043
282,29334,20,0.91,0.91,1,0.25
283,29362,28,0.874,0.874,1,0.21428571428571427
284,29404,42,0.8109999999999999,0.8109999999999999,1,0.14285714285714285
285,29435,31,0.8605,0.8605,1,0.03225806451612903
286,29451,16,0.9279999999999999,0.9279999999999999,1,0.0625
287,29471,20,0.91,0.91,1,0.05
288,29534,63,0.7164999999999999,0.7164999999999999,1,0.047619047619047616
289,29572,38,0.829,0.829,1,0.18421052631578946
290,29622,50,0.775,0.775,1,0.06
291,29674,52,0.766,0.766,1,0.019230769230769232
292,29711,37,0.8335,0.8335,1,0.02702702702702703
293,29742,31,0.8605,0.8605,1,0.03225806451612903
294,29769,27,0.8785,0.8785,1,0.1111111111111111
295,29797,28,0.874,0.874,1,0.03571428571428571
296,29839,42,0.8109999999999999,0.8109999999999999,1,0.023809523809523808
297,29872,33,0.8514999999999999,0.8514999999999999,1,0.030303030303030304
298,29902,30,0.865,0.865,1,0.1
299,29967,65,0.7075,0.7075,1,0.1076923076923077
300,29989,22,0.901,0.901,1,0.045454545454545456
301,30014,25,0.8875,0.8875,1,0.16
302,30046,32,0.856,0.856,1,0.03125
303,30098,52,0.766,0.766,1,0.07692307692307693
304,30126,28,0.874,0.874,1,0.10714285714285714
305,30152,26,0.883,0.883,1,0.11538461538461539
306,30177,25,0.8875,0.8875,1,0.04
307,30203,26,0.883,0.883,1,0.19230769230769232
308,30248,45,0.7975,0.7975,1,0.022222222222222223
309,30271,23,0.8965,0.8965,1,0.043478260869565216
310,30347,76,0.6579999999999999,0.6579999999999999,1,0.02631578947368421
311,30421,74,0.667,0.667,1,0.02702702702702703
312,30533,112,0.4959999999999999,0.4959999999999999,1,0.03571428571428571
313,30577,44,0.802,0.802,1,0.022727272727272728
314,30607,30,0.865,0.865,1,0.03333333333333333
315,30695,88,0.604,0.604,1,0.022727272727272728
316,30721,26,0.883,0.883,1,0.19230769230769232
317,30740,19,0.9145,0.9145,1,0.05263157894736842
318,30770,30,0.865,0.865,1,0.03333333333333333
319,30821,51,0.7705,0.7705,1,0.17647058823529413
320,30841,20,0.91,0.91,1,0.05
321,30866,25,0.8875,0.8875,1,0.04
322,30888,22,0.901,0.901,1,0.045454545454545456
323,30904,16,0.9279999999999999,0.9279999999999999,1,0.0625
324,30951,47,0.7885,0.7885,1,0.14893617021276595
325,30977,26,0.883,0.883,1,0.038461538461538464
326,31010,33,0.8514999999999999,0.8514999999999999,1,0.030303030303030304
327,31053,43,0.8065,0.8065,1,0.046511627906976744
328,31086,33,0.8514999999999999,0.8514999999999999,1,0.030303030303030304
329,31115,29,0.8694999999999999,0.8694999999999999,1,0.034482758620689655
330,31152,37,0.8335,0.8335,1,0.32432432432432434
331,31198,46,0.7929999999999999,0.7929999999999999,1,0.10869565217391304
332,31258,60,0.73,0.73,1,0.05
333,31298,40,0.82,0.82,1,0.2
334,31340,42,0.8109999999999999,0.8109999999999999,1,0.07142857142857142
335,31371,31,0.8605,0.8605,1,0.16129032258064516
336,31401,30,0.865,0.865,1,0.06666666666666667
337,31442,41,0.8155,0.8155,1,0.14634146341463414
338,31499,57,0.7435,0.7435,1,0.05263157894736842
339,31519,20,0.91,0.91,1,0.05
340,31578,59,0.7344999999999999,0.7344999999999999,1,0.01694915254237288
341,31623,45,0.7975,0.7975,1,0.2
342,31650,27,0.8785,0.8785,1,0.18518518518518517
343,31697,47,0.7885,0.7885,1,0.19148936170212766
344,31776,79,0.6445,0.6445,1,0.10126582278481013
345,31812,36,0.838,0.838,1,0.1388888888888889
346,31838,26,0.883,0.883,1,0.11538461538461539
347,31868,30,0.865,0.865,1,0.03333333333333333
348,31902,34,0.847,0.847,1,0.14705882352941177
349,31958,56,0.748,0.748,1,0.05357142857142857
350,31998,40,0.82,0.82,1,0.225
351,32018,20,0.91,0.91,1,0.05
352,32057,39,0.8245,0.8245,1,0.02564102564102564
353,32096,39,0.8245,0.8245,1,0.02564102564102564
354,32123,27,0.8785,0.8785,1,0.037037037037037035
355,32147,24,0.892,0.892,1,0.041666666666666664
356,32177,30,0.865,0.865,1,0.03333333333333333
357,32201,24,0.892,0.892,1,0.041666666666666664
358,32239,38,0.829,0.829,1,0.13157894736842105
359,32289,50,0.775,0.775,1,0.08
360,32323,34,0.847,0.847,1,0.17647058823529413
361,32359,36,0.838,0.838,1,0.027777777777777776
362,32384,25,0.8875,0.8875,1,0.04
363,32429,45,0.7975,0.7975,1,0.15555555555555556
364,32463,34,0.847,0.847,1,0.08823529411764706
365,32514,51,0.7705,0.7705,1,0.0392156862745098
366,32538,24,0.892,0.892,1,0.041666666666666664
367,32593,55,0.7525,0.7525,1,0.3090909090909091
368,32625,32,0.856,0.856,1,0.40625
369,32661,36,0.838,0.838,1,0.08333333333333333
370,32689,28,0.874,0.874,1,0.17857142857142858
371,32729,40,0.82,0.82,1,0.075
372,32762,33,0.8514999999999999,0.8514999999999999,1,0.030303030303030304
373,32834,72,0.6759999999999999,0.6759999999999999,1,0.1111111111111111
374,32861,27,0.8785,0.8785,1,0.18518518518518517
375,32892,31,0.8605,0.8605,1,0.03225806451612903
376,32926,34,0.847,0.847,1,0.029411764705882353
377,32953,27,0.8785,0.8785,1,0.1111111111111111
378,32973,20,0.91,0.91,1,0.05
379,33009,36,0.838,0.838,1,0.027777777777777776
380,33025,16,0.9279999999999999,0.9279999999999999,1,0.0625
381,33043,18,0.919,0.919,1,0.05555555555555555
382,33100,57,0.7435,0.7435,1,0.17543859649122806
383,33127,27,0.8785,0.8785,1,0.1111111111111111
384,33165,38,0.829,0.829,1,0.02631578947368421
385,33188,23,0.8965,0.8965,1,0.13043478260869565
386,33218,30,0.865,0.865,1,0.16666666666666666
387,33254,36,0.838,0.838,1,0.19444444444444445
388,33287,33,0.8514999999999999,0.8514999999999999,1,0.030303030303030304
389,33308,21,0.9055,0.9055,1,0.047619047619047616
390,33345,37,0.8335,0.8335,1,0.10810810810810811
391,33381,36,0.838,0.838,1,0.08333333333333333
392,33397,16,0.9279999999999999,0.9279999999999999,1,0.0625
393,33416,19,0.9145,0.9145,1,0.05263157894736842
394,33436,20,0.91,0.91,1,0.05
395,33454,18,0.919,0.919,1,0.05555555555555555
396,33485,31,0.8605,0.8605,1,0.03225806451612903
397,33504,19,0.9145,0.9145,1,0.05263157894736842
398,33529,25,0.8875,0.8875,1,0.04
399,33564,35,0.8425,0.8425,1,0.02857142857142857
400,33592,28,0.874,0.874,1,0.03571428571428571
401,33610,18,0.919,0.919,1,0.16666666666666666
402,33646,36,0.838,0.838,1,0.2222222222222222
403,33671,25,0.8875,0.8875,1,0.04
404,33699,28,0.874,0.874,1,0.03571428571428571
405,33722,23,0.8965,0.8965,1,0.13043478260869565
406,33750,28,0.874,0.874,1,0.03571428571428571
407,33783,33,0.8514999999999999,0.8514999999999999,1,0.09090909090909091
408,33838,55,0.7525,0.7525,1,0.07272727272727272
409,33878,40,0.82,0.82,1,0.025
410,33893,15,0.9325,0.9325,1,0.06666666666666667
411,33914,21,0.9055,0.9055,1,0.047619047619047616
412,33944,30,0.865,0.865,1,0.1
413,33975,31,0.8605,0.8605,1,0.03225806451612903
414,34011,36,0.838,0.838,1,0.16666666666666666
415,34041,30,0.865,0.865,1,0.1
416,34061,20,0.91,0.91,1,0.15
417,34091,30,0.865,0.865,1,0.03333333333333333
418,34140,49,0.7795,0.7795,1,0.02040816326530612
419,34167,27,0.8785,0.8785,1,0.037037037037037035
420,34189,22,0.901,0.901,1,0.045454545454545456
421,34221,32,0.856,0.856,1,0.03125
422,34249,28,0.874,0.874,1,0.03571428571428571
423,34277,28,0.874,0.874,1,0.03571428571428571
424,34312,35,0.8425,0.8425,1,0.02857142857142857
425,34338,26,0.883,0.883,1,0.11538461538461539
426,34393,55,0.7525,0.7525,1,0.01818181818181818
427,34413,20,0.91,0.91,1,0.05
428,34439,26,0.883,0.883,1,0.038461538461538464
429,34457,18,0.919,0.919,1,0.05555555555555555
430,34474,17,0.9235,0.9235,1,0.058823529411764705
431,34490,16,0.9279999999999999,0.9279999999999999,1,0.0625
432,34525,35,0.8425,0.8425,1,0.14285714285714285
433,34540,15,0.9325,0.9325,1,0.06666666666666667
434,34566,26,0.883,0.883,1,0.19230769230769232
435,34607,41,0.8155,0.8155,1,0.024390243902439025
436,34661,54,0.757,0.757,1,0.037037037037037035
437,34706,45,0.7975,0.7975,1,0.022222222222222223
438,34730,24,0.892,0.892,1,0.041666666666666664
439,34750,20,0.91,0.91,1,0.05
440,34772,22,0.901,0.901,1,0.13636363636363635
441,34793,21,0.9055,0.9055,1,0.047619047619047616
442,34814,21,0.9055,0.9055,1,0.14285714285714285
443,34832,18,0.919,0.919,1,0.05555555555555555
444,34861,29,0.8694999999999999,0.8694999999999999,1,0.034482758620689655
445,34879,18,0.919,0.919,1,0.05555555555555555
446,34901,22,0.901,0.901,1,0.045454545454545456
447,34917,16,0.9279999999999999,0.9279999999999999,1,0.0625
448,34937,20,0.91,0.91,1,0.05
449,34965,28,0.874,0.874,1,0.10714285714285714
450,34999,34,0.847,0.847,1,0.14705882352941177
451,35021,22,0.901,0.901,1,0.13636363636363635
452,35049,28,0.874,0.874,1,0.03571428571428571
453,35126,77,0.6535,0.6535,1,0.23376623376623376
454,35180,54,0.757,0.757,1,0.6111111111111112
455,35247,67,0.6984999999999999,0.6984999999999999,1,0.13432835820895522
456,35319,72,0.6759999999999999,0.6759999999999999,1,0.2361111111111111
457,35357,38,0.829,0.829,1,0.10526315789473684
458,35405,48,0.784,0.784,1,0.08333333333333333
459,35435,30,0.865,0.865,1,0.06666666666666667
460,35465,30,0.865,0.865,1,0.06666666666666667
461,35515,50,0.775,0.775,1,0.08
462,35535,20,0.91,0.91,1,0.05
463,35592,57,0.7435,0.7435,1,0.03508771929824561
464,35618,26,0.883,0.883,1,0.07692307692307693
465,35643,25,0.8875,0.8875,1,0.08
466,35719,76,0.6579999999999999,0.6579999999999999,1,0.02631578947368421
467,35757,38,0.829,0.829,1,0.18421052631578946
468,35796,39,0.8245,0.8245,1,0.05128205128205128
469,35826,30,0.865,0.865,1,0.13333333333333333
470,35858,32,0.856,0.856,1,0.0625
471,35898,40,0.82,0.82,1,0.05
472,35928,30,0.865,0.865,1,0.06666666666666667
473,35995,67,0.6984999999999999,0.6984999999999999,1,0.029850746268656716
474,36024,29,0.8694999999999999,0.8694999999999999,1,0.1724137931034483
475,36040,16,0.9279999999999999,0.9279999999999999,1,0.0625
476,36068,28,0.874,0.874,1,0.03571428571428571
477,36122,54,0.757,0.757,1,0.16666666666666666
478,36151,29,0.8694999999999999,0.8694999999999999,1,0.034482758620689655
479,36184,33,0.8514999999999999,0.8514999999999999,1,0.12121212121212122
480,36209,25,0.8875,0.8875,1,0.08
481,36240,31,0.8605,0.8605,1,0.1935483870967742
482,36268,28,0.874,0.874,1,0.21428571428571427
483,36342,74,0.667,0.667,1,0.05405405405405406
484,36389,47,0.7885,0.7885,1,0.0425531914893617
485,36419,30,0.865,0.865,1,0.03333333333333333
486,36439,20,0.91,0.91,1,0.15
487,36459,20,0.91,0.91,1,0.05
488,36512,53,0.7615,0.7615,1,0.03773584905660377
489,36535,23,0.8965,0.8965,1,0.13043478260869565
490,36561,26,0.883,0.883,1,0.038461538461538464
491,36581,20,0.91,0.91,1,0.05
492,36601,20,0.91,0.91,1,0.15
493,36634,33,0.8514999999999999,0.8514999999999999,1,0.21212121212121213
494,36667,33,0.8514999999999999,0.8514999999999999,1,0.21212121212121213
495,36683,16,0.9279999999999999,0.9279999999999999,1,0.0625
496,36719,36,0.838,0.838,1,0.08333333333333333
497,36743,24,0.892,0.892,1,0.041666666666666664
498,36763,20,0.91,0.91,1,0.05
499,36783,20,0.91,0.91,1,0.05
500,36812,29,0.8694999999999999,0.8694999999999999,1,0.034482758620689655
501,36838,26,0.883,0.883,1,0.038461538461538464
502,36858,20,0.91,0.91,1,0.05
503,36875,17,0.9235,0.9235,1,0.058823529411764705
504,36893,18,0.919,0.919,1,0.16666666666666666
505,36911,18,0.919,0.919,1,0.16666666666666666
506,36931,20,0.91,0.91,1,0.05
507,36957,26,0.883,0.883,1,0.038461538461538464
508,36977,20,0.91,0.91,1,0.05
509,36991,14,0.9369999999999999,0.9369999999999999,1,0.07142857142857142
510,37017,26,0.883,0.883,1,0.15384615384615385
511,37031,14,0.9369999999999999,0.9369999999999999,1,0.07142857142857142
512,37053,22,0.901,0.901,1,0.045454545454545456
513,37073,20,0.91,0.91,1,0.15
514,37092,19,0.9145,0.9145,1,0.05263157894736842
515,37122,30,0.865,0.865,1,0.03333333333333333
516,37140,18,0.919,0.919,1,0.05555555555555555
517,37160,20,0.91,0.91,1,0.05
518,37176,16,0.9279999999999999,0.9279999999999999,1,0.0625
519,37197,21,0.9055,0.9055,1,0.047619047619047616
520,37220,23,0.8965,0.8965,1,0.043478260869565216
521,37246,26,0.883,0.883,1,0.11538461538461539
522,37264,18,0.919,0.919,1,0.16666666666666666
523,37281,17,0.9235,0.9235,1,0.058823529411764705
524,37299,18,0.919,0.919,1,0.05555555555555555
525,37323,24,0.892,0.892,1,0.041666666666666664
526,37347,24,0.892,0.892,1,0.20833333333333334
527,37373,26,0.883,0.883,1,0.11538461538461539
528,37395,22,0.901,0.901,1,0.045454545454545456
529,37429,34,0.847,0.847,1,0.029411764705882353
530,37448,19,0.9145,0.9145,1,0.05263157894736842
531,37472,24,0.892,0.892,1,0.041666666666666664
532,37526,54,0.757,0.757,1,0.1111111111111111
533,37544,18,0.919,0.919,1,0.16666666666666666
534,37563,19,0.9145,0.9145,1,0.05263157894736842
535,37601,38,0.829,0.829,1,0.21052631578947367
536,37615,14,0.9369999999999999,0.9369999999999999,1,0.07142857142857142
537,37651,36,0.838,0.838,1,0.05555555555555555
538,37675,24,0.892,0.892,1,0.041666666666666664
539,37704,29,0.8694999999999999,0.8694999999999999,1,0.034482758620689655
540,37735,31,0.8605,0.8605,1,0.2903225806451613
541,37769,34,0.847,0.847,1,0.17647058823529413
542,37814,45,0.7975,0.7975,1,0.06666666666666667
543,37832,18,0.919,0.919,1,0.16666666666666666
544,37856,24,0.892,0.892,1,0.041666666666666664
545,37874,18,0.919,0.919,1,0.05555555555555555
546,37902,28,0.874,0.874,1,0.03571428571428571
547,37922,20,0.91,0.91,1,0.05
548,37938,16,0.9279999999999999,0.9279999999999999,1,0.0625
549,37959,21,0.9055,0.9055,1,0.14285714285714285
550,37975,16,0.9279999999999999,0.9279999999999999,1,0.0625
551,38021,46,0.7929999999999999,0.7929999999999999,1,0.06521739130434782
552,38066,45,0.7975,0.7975,1,0.08888888888888889
553,38099,33,0.8514999999999999,0.8514999999999999,1,0.030303030303030304
554,38148,49,0.7795,0.7795,1,0.10204081632653061
555,38172,24,0.892,0.892,1,0.041666666666666664
556,38191,19,0.9145,0.9145,1,0.05263157894736842
557,38247,56,0.748,0.748,1,0.05357142857142857
558,38289,42,0.8109999999999999,0.8109999999999999,1,0.023809523809523808
559,38334,45,0.7975,0.7975,1,0.06666666666666667
560,38461,127,0.4285,0.4285,1,0.007874015748031496
561,38479,18,0.919,0.919,1,0.05555555555555555
562,38496,17,0.9235,0.9235,1,0.17647058823529413
563,38512,16,0.9279999999999999,0.9279999999999999,1,0.0625
564,38550,38,0.829,0.829,1,0.13157894736842105
565,38624,74,0.667,0.667,1,0.04054054054054054
566,38678,54,0.757,0.757,1,0.018518518518518517
567,38725,47,0.7885,0.7885,1,0.10638297872340426
568,38743,18,0.919,0.919,1,0.05555555555555555
569,38769,26,0.883,0.883,1,0.2692307692307692
570,38866,97,0.5635,0.5635,1,0.010309278350515464
571,38890,24,0.892,0.892,1,0.041666666666666664
572,38933,43,0.8065,0.8065,1,0.023255813953488372
573,38988,55,0.7525,0.7525,1,0.01818181818181818
574,39008,20,0.91,0.91,1,0.05
575,39081,73,0.6715,0.6715,1,0.0410958904109589
576,39121,40,0.82,0.82,1,0.025
577,39161,40,0.82,0.82,1,0.025
578,39177,16,0.9279999999999999,0.9279999999999999,1,0.0625
579,39191,14,0.9369999999999999,0.9369999999999999,1,0.07142857142857142
580,39215,24,0.892,0.892,1,0.125
581,39262,47,0.7885,0.7885,1,0.02127659574468085
582,39304,42,0.8109999999999999,0.8109999999999999,1,0.023809523809523808
583,39330,26,0.883,0.883,1,0.11538461538461539
584,39375,45,0.7975,0.7975,1,0.022222222222222223
585,39411,36,0.838,0.838,1,0.2222222222222222
586,39553,142,0.361,0.361,1,0.007042253521126761
587,39577,24,0.892,0.892,1,0.041666666666666664
588,39621,44,0.802,0.802,1,0.022727272727272728
589,39645,24,0.892,0.892,1,0.041666666666666664
590,39665,20,0.91,0.91,1,0.05
591,39692,27,0.8785,0.8785,1,0.037037037037037035
592,39741,49,0.7795,0.7795,1,0.02040816326530612
593,39770,29,0.8694999999999999,0.8694999999999999,1,0.034482758620689655
594,39796,26,0.883,0.883,1,0.038461538461538464
595,39820,24,0.892,0.892,1,0.125
596,39850,30,0.865,0.865,1,0.03333333333333333
597,39864,14,0.9369999999999999,0.9369999999999999,1,0.07142857142857142
598,39883,19,0.9145,0.9145,1,0.05263157894736842
599,39927,44,0.802,0.802,1,0.11363636363636363
600,40009,82,0.631,0.631,1,0.012195121951219513
601,40031,22,0.901,0.901,1,0.09090909090909091
602,40059,28,0.874,0.874,1,0.10714285714285714
603,40082,23,0.8965,0.8965,1,0.043478260869565216
604,40098,16,0.9279999999999999,0.9279999999999999,1,0.1875
605,40122,24,0.892,0.892,1,0.041666666666666664
606,40149,27,0.8785,0.8785,1,0.037037037037037035
607,40167,18,0.919,0.919,1,0.05555555555555555
608,40183,16,0.9279999999999999,0.9279999999999999,1,0.0625
609,40205,22,0.901,0.901,1,0.045454545454545456
610,40237,32,0.856,0.856,1,0.03125
611,40257,20,0.91,0.91,1,0.05
612,40280,23,0.8965,0.8965,1,0.043478260869565216
613,40312,32,0.856,0.856,1,0.03125
614,40337,25,0.8875,0.8875,1,0.2
615,40356,19,0.9145,0.9145,1,0.05263157894736842
616,40380,24,0.892,0.892,1,0.041666666666666664
617,40401,21,0.9055,0.9055,1,0.047619047619047616
618,40418,17,0.9235,0.9235,1,0.058823529411764705
619,40441,23,0.8965,0.8965,1,0.043478260869565216
620,40461,20,0.91,0.91,1,0.05
621,40486,25,0.8875,0.8875,1,0.04
622,40517,31,0.8605,0.8605,1,0.03225806451612903
623,40538,21,0.9055,0.9055,1,0.047619047619047616
624,40568,30,0.865,0.865,1,0.1
625,40604,36,0.838,0.838,1,0.027777777777777776
626,40624,20,0.91,0.91,1,0.05
627,40640,16,0.9279999999999999,0.9279999999999999,1,0.0625
628,40659,19,0.9145,0.9145,1,0.05263157894736842
629,40679,20,0.91,0.91,1,0.05
630,40738,59,0.7344999999999999,0.7344999999999999,1,0.01694915254237288
631,40754,16,0.9279999999999999,0.9279999999999999,1,0.0625
632,40776,22,0.901,0.901,1,0.3181818181818182
633,40800,24,0.892,0.892,1,0.125
634,40824,24,0.892,0.892,1,0.20833333333333334
635,40852,28,0.874,0.874,1,0.03571428571428571
636,40873,21,0.9055,0.9055,1,0.047619047619047616
637,40896,23,0.8965,0.8965,1,0.043478260869565216
638,40937,41,0.8155,0.8155,1,0.024390243902439025
639,40964,27,0.8785,0.8785,1,0.1111111111111111
640,40999,35,0.8425,0.8425,1,0.08571428571428572
641,41017,18,0.919,0.919,1,0.05555555555555555
642,41033,16,0.9279999999999999,0.9279999999999999,1,0.0625
643,41047,14,0.9369999999999999,0.9369999999999999,1,0.07142857142857142
644,41067,20,0.91,0.91,1,0.05
645,41081,14,0.9369999999999999,0.9369999999999999,1,0.07142857142857142
646,41105,24,0.892,0.892,1,0.041666666666666664
647,41129,24,0.892,0.892,1,0.125
648,41207,78,0.649,0.649,1,0.01282051282051282
649,41227,20,0.91,0.91,1,0.05
650,41257,30,0.865,0.865,1,0.03333333333333333
651,41303,46,0.7929999999999999,0.7929999999999999,1,0.021739130434782608
652,41326,23,0.8965,0.8965,1,0.043478260869565216
653,41395,69,0.6895,0.6895,1,0.014492753623188406
654,41411,16,0.9279999999999999,0.9279999999999999,1,0.0625
655,41464,53,0.7615,0.7615,1,0.07547169811320754
656,41492,28,0.874,0.874,1,0.03571428571428571
657,41578,86,0.613,0.613,1,0.03488372093023256
658,41716,138,0.379,0.379,1,0.007246376811594203
659,41809,93,0.5814999999999999,0.5814999999999999,1,0.010752688172043012
660,41906,97,0.5635,0.5635,1,0.05154639175257732
661,41937,31,0.8605,0.8605,1,0.03225806451612903
662,41976,39,0.8245,0.8245,1,0.02564102564102564
663,42000,24,0.892,0.892,1,0.041666666666666664
664,42032,32,0.856,0.856,1,0.03125
665,42070,38,0.829,0.829,1,0.02631578947368421
666,42096,26,0.883,0.883,1,0.038461538461538464
667,42151,55,0.7525,0.7525,1,0.05454545454545454
668,42190,39,0.8245,0.8245,1,0.07692307692307693
669,42224,34,0.847,0.847,1,0.029411764705882353
670,42258,34,0.847,0.847,1,0.029411764705882353
671,42326,68,0.694,0.694,1,0.014705882352941176
672,42358,32,0.856,0.856,1,0.15625
673,42384,26,0.883,0.883,1,0.19230769230769232
674,42420,36,0.838,0.838,1,0.027777777777777776
675,42455,35,0.8425,0.8425,1,0.02857142857142857
676,42495,40,0.82,0.82,1,0.025
677,42521,26,0.883,0.883,1,0.038461538461538464
678,42547,26,0.883,0.883,1,0.038461538461538464
679,42575,28,0.874,0.874,1,0.03571428571428571
680,42603,28,0.874,0.874,1,0.03571428571428571
681,42662,59,0.7344999999999999,0.7344999999999999,1,0.05084745762711865
682,42693,31,0.8605,0.8605,1,0.16129032258064516
683,42734,41,0.8155,0.8155,1,0.024390243902439025
684,42754,20,0.91,0.91,1,0.05
685,42778,24,0.892,0.892,1,0.041666666666666664
686,42804,26,0.883,0.883,1,0.038461538461538464
687,42863,59,0.7344999999999999,0.7344999999999999,1,0.05084745762711865
688,42905,42,0.8109999999999999,0.8109999999999999,1,0.023809523809523808
689,42931,26,0.883,0.883,1,0.038461538461538464
690,43131,200,0.0,0.0,0,0.005
691,43178,47,0.7885,0.7885,1,0.02127659574468085
692,43215,37,0.8335,0.8335,1,0.02702702702702703
693,43287,72,0.6759999999999999,0.6759999999999999,1,0.013888888888888888
694,43315,28,0.874,0.874,1,0.03571428571428571
695,43383,68,0.694,0.694,1,0.014705882352941176
696,43404,21,0.9055,0.9055,1,0.047619047619047616
697,43451,47,0.7885,0.7885,1,0.02127659574468085
698,43485,34,0.847,0.847,1,0.029411764705882353
699,43625,140,0.37,0.37,1,0.02142857142857143
700,43658,33,0.8514999999999999,0.8514999999999999,1,0.030303030303030304
701,43680,22,0.901,0.901,1,0.13636363636363635
702,43746,66,0.703,0.703,1,0.015151515151515152
703,43829,83,0.6265000000000001,0.6265000000000001,1,0.012048192771084338
704,43847,18,0.919,0.919,1,0.16666666666666666
705,43967,120,0.45999999999999996,0.45999999999999996,1,0.008333333333333333
706,44020,53,0.7615,0.7615,1,0.018867924528301886
707,44041,21,0.9055,0.9055,1,0.047619047619047616
708,44059,18,0.919,0.919,1,0.05555555555555555
709,44174,115,0.48250000000000004,0.48250000000000004,1,0.008695652173913044
710,44247,73,0.6715,0.6715,1,0.0136986301369863
711,44294,47,0.7885,0.7885,1,0.02127659574468085
712,44341,47,0.7885,0.7885,1,0.02127659574468085
713,44359,18,0.919,0.919,1,0.05555555555555555
714,44386,27,0.8785,0.8785,1,0.037037037037037035
715,44406,20,0.91,0.91,1,0.15
716,44426,20,0.91,0.91,1,0.05
717,44455,29,0.8694999999999999,0.8694999999999999,1,0.034482758620689655
718,44483,28,0.874,0.874,1,0.03571428571428571
719,44499,16,0.9279999999999999,0.9279999999999999,1,0.0625
720,44515,16,0.9279999999999999,0.9279999999999999,1,0.0625
721,44535,20,0.91,0.91,1,0.05
722,44555,20,0.91,0.91,1,0.05
723,44588,33,0.8514999999999999,0.8514999999999999,1,0.030303030303030304
724,44611,23,0.8965,0.8965,1,0.043478260869565216
725,44642,31,0.8605,0.8605,1,0.03225806451612903
726,44681,39,0.8245,0.8245,1,0.02564102564102564
727,44717,36,0.838,0.838,1,0.027777777777777776
728,44737,20,0.91,0.91,1,0.15
729,44755,18,0.919,0.919,1,0.05555555555555555
730,44773,18,0.919,0.919,1,0.05555555555555555
731,44791,18,0.919,0.919,1,0.05555555555555555
732,44810,19,0.9145,0.9145,1,0.05263157894736842
733,44883,73,0.6715,0.6715,1,0.0136986301369863
734,44911,28,0.874,0.874,1,0.03571428571428571
735,44927,16,0.9279999999999999,0.9279999999999999,1,0.0625
736,44959,32,0.856,0.856,1,0.03125
737,44977,18,0.919,0.919,1,0.05555555555555555
738,44993,16,0.9279999999999999,0.9279999999999999,1,0.0625
739,45043,50,0.775,0.775,1,0.02
740,45089,46,0.7929999999999999,0.7929999999999999,1,0.06521739130434782
741,45121,32,0.856,0.856,1,0.03125
742,45249,128,0.42399999999999993,0.42399999999999993,1,0.0078125
743,45277,28,0.874,0.874,1,0.10714285714285714
744,45295,18,0.919,0.919,1,0.05555555555555555
745,45315,20,0.91,0.91,1,0.05
746,45369,54,0.757,0.757,1,0.018518518518518517
747,45399,30,0.865,0.865,1,0.03333333333333333
748,45437,38,0.829,0.829,1,0.02631578947368421
749,45485,48,0.784,0.784,1,0.020833333333333332
750,45521,36,0.838,0.838,1,0.027777777777777776
751,45537,16,0.9279999999999999,0.9279999999999999,1,0.0625
752,45579,42,0.8109999999999999,0.8109999999999999,1,0.023809523809523808
753,45611,32,0.856,0.856,1,0.15625
754,45633,22,0.901,0.901,1,0.045454545454545456
755,45661,28,0.874,0.874,1,0.03571428571428571
756,45739,78,0.649,0.649,1,0.01282051282051282
757,45793,54,0.757,0.757,1,0.05555555555555555
758,45819,26,0.883,0.883,1,0.038461538461538464
759,45837,18,0.919,0.919,1,0.05555555555555555
760,45859,22,0.901,0.901,1,0.22727272727272727
761,45895,36,0.838,0.838,1,0.19444444444444445
762,45919,24,0.892,0.892,1,0.041666666666666664
763,45941,22,0.901,0.901,1,0.045454545454545456
764,46005,64,0.712,0.712,1,0.046875
765,46121,116,0.478,0.478,1,0.6637931034482759
766,46223,102,0.5409999999999999,0.5409999999999999,1,0.5588235294117647
767,46375,152,0.31599999999999995,0.31599999999999995,1,0.506578947368421
768,46515,140,0.37,0.37,1,0.15
769,46639,124,0.44199999999999995,0.44199999999999995,1,0.008064516129032258
770,46839,200,0.0,0.0,0,0.065
771,46914,75,0.6625,0.6625,1,0.013333333333333334
772,46940,26,0.883,0.883,1,0.4230769230769231
773,46998,58,0.739,0.739,1,0.1206896551724138
774,47030,32,0.856,0.856,1,0.46875
775,47230,200,0.0,0.0,0,0.125
776,47430,200,0.0,0.0,0,0.5
777,47630,200,0.0,0.0,0,0.89
778,47830,200,0.0,0.0,0,0.605
779,47998,168,0.244,0.244,1,0.25
780,48028,30,0.865,0.865,1,0.03333333333333333
781,48228,200,0.0,0.0,0,0.14
782,48428,200,0.0,0.0,0,0.02
783,48628,200,0.0,0.0,0,0.185
784,48828,200,0.0,0.0,0,0.26
785,48866,38,0.829,0.829,1,0.02631578947368421
786,49066,200,0.0,0.0,0,0.03
787,49080,14,0.9369999999999999,0.9369999999999999,1,0.07142857142857142
788,49094,14,0.9369999999999999,0.9369999999999999,1,0.07142857142857142
789,49114,20,0.91,0.91,1,0.35
790,49130,16,0.9279999999999999,0.9279999999999999,1,0.0625
791,49168,38,0.829,0.829,1,0.47368421052631576
792,49182,14,0.9369999999999999,0.9369999999999999,1,0.07142857142857142
793,49206,24,0.892,0.892,1,0.4583333333333333
794,49406,200,0.0,0.0,0,0.005
795,49480,74,0.667,0.667,1,0.013513513513513514
796,49538,58,0.739,0.739,1,0.017241379310344827
797,49594,56,0.748,0.748,1,0.017857142857142856
798,49620,26,0.883,0.883,1,0.4230769230769231
799,49638,18,0.919,0.919,1,0.05555555555555555
800,49654,16,0.9279999999999999,0.9279999999999999,1,0.0625
801,49674,20,0.91,0.91,1,0.15
802,49690,16,0.9279999999999999,0.9279999999999999,1,0.0625
803,49890,200,0.0,0.0,0,0.005
804,49906,16,0.9279999999999999,0.9279999999999999,1,0.0625
805,49922,16,0.9279999999999999,0.9279999999999999,1,0.0625
806,49940,18,0.919,0.919,1,0.05555555555555555
807,50140,200,0.0,0.0,0,0.03
808,50178,38,0.829,0.829,1,0.05263157894736842
809,50194,16,0.9279999999999999,0.9279999999999999,1,0.0625
810,50210,16,0.9279999999999999,0.9279999999999999,1,0.0625
811,50226,16,0.9279999999999999,0.9279999999999999,1,0.0625
812,50244,18,0.919,0.919,1,0.05555555555555555
813,50262,18,0.919,0.919,1,0.05555555555555555
814,50280,18,0.919,0.919,1,0.05555555555555555
815,50296,16,0.9279999999999999,0.9279999999999999,1,0.0625
816,50312,16,0.9279999999999999,0.9279999999999999,1,0.0625
817,50330,18,0.919,0.919,1,0.05555555555555555
818,50346,16,0.9279999999999999,0.9279999999999999,1,0.0625
819,50362,16,0.9279999999999999,0.9279999999999999,1,0.0625
820,50378,16,0.9279999999999999,0.9279999999999999,1,0.0625
821,50408,30,0.865,0.865,1,0.03333333333333333
822,50424,16,0.9279999999999999,0.9279999999999999,1,0.0625
823,50440,16,0.9279999999999999,0.9279999999999999,1,0.0625
824,50456,16,0.9279999999999999,0.9279999999999999,1,0.0625
825,50472,16,0.9279999999999999,0.9279999999999999,1,0.0625
826,50488,16,0.9279999999999999,0.9279999999999999,1,0.0625
827,50504,16,0.9279999999999999,0.9279999999999999,1,0.0625
828,50520,16,0.9279999999999999,0.9279999999999999,1,0.0625
829,50538,18,0.919,0.919,1,0.05555555555555555
830,50558,20,0.91,0.91,1,0.05
831,50574,16,0.9279999999999999,0.9279999999999999,1,0.0625
832,50590,16,0.9279999999999999,0.9279999999999999,1,0.0625
833,50606,16,0.9279999999999999,0.9279999999999999,1,0.0625
834,50622,16,0.9279999999999999,0.9279999999999999,1,0.0625
835,50638,16,0.9279999999999999,0.9279999999999999,1,0.0625
836,50656,18,0.919,0.919,1,0.05555555555555555
837,50672,16,0.9279999999999999,0.9279999999999999,1,0.0625
838,50692,20,0.91,0.91,1,0.05
839,50708,16,0.9279999999999999,0.9279999999999999,1,0.0625
840,50728,20,0.91,0.91,1,0.05
841,50767,39,0.8245,0.8245,1,0.02564102564102564
842,50783,16,0.9279999999999999,0.9279999999999999,1,0.0625
843,50811,28,0.874,0.874,1,0.03571428571428571
844,50829,18,0.919,0.919,1,0.05555555555555555
845,50845,16,0.9279999999999999,0.9279999999999999,1,0.0625
846,50865,20,0.91,0.91,1,0.05
847,50883,18,0.919,0.919,1,0.05555555555555555
848,50899,16,0.9279999999999999,0.9279999999999999,1,0.0625
849,50915,16,0.9279999999999999,0.9279999999999999,1,0.0625
850,50933,18,0.919,0.919,1,0.05555555555555555
851,50951,18,0.919,0.919,1,0.05555555555555555
852,50967,16,0.9279999999999999,0.9279999999999999,1,0.0625
853,50983,16,0.9279999999999999,0.9279999999999999,1,0.0625
854,51001,18,0.919,0.919,1,0.05555555555555555
855,51019,18,0.919,0.919,1,0.05555555555555555
856,51035,16,0.9279999999999999,0.9279999999999999,1,0.0625
857,51051,16,0.9279999999999999,0.9279999999999999,1,0.0625
858,51067,16,0.9279999999999999,0.9279999999999999,1,0.0625
859,51081,14,0.9369999999999999,0.9369999999999999,1,0.07142857142857142
860,51095,14,0.9369999999999999,0.9369999999999999,1,0.07142857142857142
861,51109,14,0.9369999999999999,0.9369999999999999,1,0.07142857142857142
862,51123,14,0.9369999999999999,0.9369999999999999,1,0.07142857142857142
863,51141,18,0.919,0.919,1,0.05555555555555555
864,51155,14,0.9369999999999999,0.9369999999999999,1,0.07142857142857142
865,51171,16,0.9279999999999999,0.9279999999999999,1,0.0625
866,51211,40,0.82,0.82,1,0.075
867,51225,14,0.9369999999999999,0.9369999999999999,1,0.07142857142857142
868,51241,16,0.9279999999999999,0.9279999999999999,1,0.0625
869,51272,31,0.8605,0.8605,1,0.03225806451612903
870,51290,18,0.919,0.919,1,0.05555555555555555
871,51306,16,0.9279999999999999,0.9279999999999999,1,0.0625
872,51320,14,0.9369999999999999,0.9369999999999999,1,0.07142857142857142
873,51338,18,0.919,0.919,1,0.05555555555555555
874,51356,18,0.919,0.919,1,0.05555555555555555
875,51380,24,0.892,0.892,1,0.041666666666666664
876,51396,16,0.9279999999999999,0.9279999999999999,1,0.0625
877,51412,16,0.9279999999999999,0.9279999999999999,1,0.1875
878,51426,14,0.9369999999999999,0.9369999999999999,1,0.07142857142857142
879,51440,14,0.9369999999999999,0.9369999999999999,1,0.07142857142857142
880,51454,14,0.9369999999999999,0.9369999999999999,1,0.07142857142857142
881,51468,14,0.9369999999999999,0.9369999999999999,1,0.07142857142857142
882,51538,70,0.685,0.685,1,0.014285714285714285
883,51554,16,0.9279999999999999,0.9279999999999999,1,0.0625
884,51571,17,0.9235,0.9235,1,0.058823529411764705
885,51591,20,0.91,0.91,1,0.05
886,51608,17,0.9235,0.9235,1,0.058823529411764705
887,51622,14,0.9369999999999999,0.9369999999999999,1,0.07142857142857142
888,51636,14,0.9369999999999999,0.9369999999999999,1,0.07142857142857142
889,51652,16,0.9279999999999999,0.9279999999999999,1,0.0625
890,51666,14,0.9369999999999999,0.9369999999999999,1,0.07142857142857142
891,51690,24,0.892,0.892,1,0.041666666666666664
892,51710,20,0.91,0.91,1,0.05
893,51730,20,0.91,0.91,1,0.15
894,51746,16,0.9279999999999999,0.9279999999999999,1,0.0625
895,51776,30,0.865,0.865,1,0.03333333333333333
896,51798,22,0.901,0.901,1,0.045454545454545456
897,51814,16,0.9279999999999999,0.9279999999999999,1,0.0625
898,51828,14,0.9369999999999999,0.9369999999999999,1,0.07142857142857142
899,51842,14,0.9369999999999999,0.9369999999999999,1,0.07142857142857142
900,51883,41,0.8155,0.8155,1,0.024390243902439025
901,51899,16,0.9279999999999999,0.9279999999999999,1,0.0625
902,51915,16,0.9279999999999999,0.9279999999999999,1,0.0625
903,51931,16,0.9279999999999999,0.9279999999999999,1,0.0625
904,51945,14,0.9369999999999999,0.9369999999999999,1,0.07142857142857142
905,51967,22,0.901,0.901,1,0.045454545454545456
906,51981,14,0.9369999999999999,0.9369999999999999,1,0.07142857142857142
907,51997,16,0.9279999999999999,0.9279999999999999,1,0.0625
908,52013,16,0.9279999999999999,0.9279999999999999,1,0.0625
909,52029,16,0.9279999999999999,0.9279999999999999,1,0.0625
910,52043,14,0.9369999999999999,0.9369999999999999,1,0.07142857142857142
911,52057,14,0.9369999999999999,0.9369999999999999,1,0.07142857142857142
912,52071,14,0.9369999999999999,0.9369999999999999,1,0.07142857142857142
913,52085,14,0.9369999999999999,0.9369999999999999,1,0.07142857142857142
914,52101,16,0.9279999999999999,0.9279999999999999,1,0.0625
915,52119,18,0.919,0.919,1,0.16666666666666666
916,52133,14,0.9369999999999999,0.9369999999999999,1,0.07142857142857142
917,52147,14,0.9369999999999999,0.9369999999999999,1,0.07142857142857142
918,52164,17,0.9235,0.9235,1,0.058823529411764705
919,52178,14,0.9369999999999999,0.9369999999999999,1,0.07142857142857142
920,52192,14,0.9369999999999999,0.9369999999999999,1,0.07142857142857142
921,52206,14,0.9369999999999999,0.9369999999999999,1,0.07142857142857142
922,52220,14,0.9369999999999999,0.9369999999999999,1,0.07142857142857142
923,52234,14,0.9369999999999999,0.9369999999999999,1,0.07142857142857142
924,52248,14,0.9369999999999999,0.9369999999999999,1,0.07142857142857142
925,52262,14,0.9369999999999999,0.9369999999999999,1,0.07142857142857142
926,52276,14,0.9369999999999999,0.9369999999999999,1,0.07142857142857142
927,52290,14,0.9369999999999999,0.9369999999999999,1,0.07142857142857142
928,52304,14,0.9369999999999999,0.9369999999999999,1,0.07142857142857142
929,52318,14,0.9369999999999999,0.9369999999999999,1,0.07142857142857142
930,52334,16,0.9279999999999999,0.9279999999999999,1,0.0625
931,52348,14,0.9369999999999999,0.9369999999999999,1,0.07142857142857142
932,52362,14,0.9369999999999999,0.9369999999999999,1,0.07142857142857142
933,52376,14,0.9369999999999999,0.9369999999999999,1,0.07142857142857142
934,52392,16,0.9279999999999999,0.9279999999999999,1,0.0625
935,52406,14,0.9369999999999999,0.9369999999999999,1,0.07142857142857142
936,52422,16,0.9279999999999999,0.9279999999999999,1,0.1875
937,52436,14,0.9369999999999999,0.9369999999999999,1,0.07142857142857142
938,52450,14,0.9369999999999999,0.9369999999999999,1,0.07142857142857142
939,52466,16,0.9279999999999999,0.9279999999999999,1,0.0625
940,52480,14,0.9369999999999999,0.9369999999999999,1,0.07142857142857142
941,52502,22,0.901,0.901,1,0.045454545454545456
942,52516,14,0.9369999999999999,0.9369999999999999,1,0.07142857142857142
943,52530,14,0.9369999999999999,0.9369999999999999,1,0.07142857142857142
944,52546,16,0.9279999999999999,0.9279999999999999,1,0.0625
945,52562,16,0.9279999999999999,0.9279999999999999,1,0.0625
946,52576,14,0.9369999999999999,0.9369999999999999,1,0.07142857142857142
947,52590,14,0.9369999999999999,0.9369999999999999,1,0.07142857142857142
948,52604,14,0.9369999999999999,0.9369999999999999,1,0.07142857142857142
949,52618,14,0.9369999999999999,0.9369999999999999,1,0.07142857142857142
950,52632,14,0.9369999999999999,0.9369999999999999,1,0.07142857142857142
951,52646,14,0.9369999999999999,0.9369999999999999,1,0.07142857142857142
952,52661,15,0.9325,0.9325,1,0.06666666666666667
953,52675,14,0.9369999999999999,0.9369999999999999,1,0.07142857142857142
954,52691,16,0.9279999999999999,0.9279999999999999,1,0.0625
955,52705,14,0.9369999999999999,0.9369999999999999,1,0.07142857142857142
956,52731,26,0.883,0.883,1,0.038461538461538464
957,52745,14,0.9369999999999999,0.9369999999999999,1,0.07142857142857142
958,52759,14,0.9369999999999999,0.9369999999999999,1,0.07142857142857142
959,52775,16,0.9279999999999999,0.9279999999999999,1,0.0625
960,52789,14,0.9369999999999999,0.9369999999999999,1,0.07142857142857142
961,52803,14,0.9369999999999999,0.9369999999999999,1,0.07142857142857142
962,52817,14,0.9369999999999999,0.9369999999999999,1,0.07142857142857142
963,52833,16,0.9279999999999999,0.9279999999999999,1,0.0625
964,52851,18,0.919,0.919,1,0.05555555555555555
965,52867,16,0.9279999999999999,0.9279999999999999,1,0.1875
966,52883,16,0.9279999999999999,0.9279999999999999,1,0.0625
967,52899,16,0.9279999999999999,0.9279999999999999,1,0.0625
968,52913,14,0.9369999999999999,0.9369999999999999,1,0.07142857142857142
969,52927,14,0.9369999999999999,0.9369999999999999,1,0.07142857142857142
970,52943,16,0.9279999999999999,0.9279999999999999,1,0.1875
971,52957,14,0.9369999999999999,0.9369999999999999,1,0.07142857142857142
972,52971,14,0.9369999999999999,0.9369999999999999,1,0.07142857142857142
973,52985,14,0.9369999999999999,0.9369999999999999,1,0.07142857142857142
974,53001,16,0.9279999999999999,0.9279999999999999,1,0.0625
975,53015,14,0.9369999999999999,0.9369999999999999,1,0.07142857142857142
976,53029,14,0.9369999999999999,0.9369999999999999,1,0.07142857142857142
977,53045,16,0.9279999999999999,0.9279999999999999,1,0.0625
978,53059,14,0.9369999999999999,0.9369999999999999,1,0.07142857142857142
979,53075,16,0.9279999999999999,0.9279999999999999,1,0.1875
980,53089,14,0.9369999999999999,0.9369999999999999,1,0.07142857142857142
981,53103,14,0.9369999999999999,0.9369999999999999,1,0.07142857142857142
982,53119,16,0.9279999999999999,0.9279999999999999,1,0.1875
983,53133,14,0.9369999999999999,0.9369999999999999,1,0.07142857142857142
984,53149,16,0.9279999999999999,0.9279999999999999,1,0.1875
985,53169,20,0.91,0.91,1,0.05
986,53185,16,0.9279999999999999,0.9279999999999999,1,0.0625
987,53207,22,0.901,0.901,1,0.045454545454545456
988,53223,16,0.9279999999999999,0.9279999999999999,1,0.0625
989,53238,15,0.9325,0.9325,1,0.06666666666666667
990,53259,21,0.9055,0.9055,1,0.047619047619047616
991,53277,18,0.919,0.919,1,0.05555555555555555
992,53294,17,0.9235,0.9235,1,0.058823529411764705
993,53314,20,0.91,0.91,1,0.05
994,53334,20,0.91,0.91,1,0.05
995,53365,31,0.8605,0.8605,1,0.03225806451612903
996,53383,18,0.919,0.919,1,0.05555555555555555
997,53397,14,0.9369999999999999,0.9369999999999999,1,0.07142857142857142
998,53412,15,0.9325,0.9325,1,0.06666666666666667
999,53428,16,0.9279999999999999,0.9279999999999999,1,0.1875
1000,53445,17,0.9235,0.9235,1,0.058823529411764705
1001,53459,14,0.9369999999999999,0.9369999999999999,1,0.07142857142857142
1002,53473,14,0.9369999999999999,0.9369999999999999,1,0.07142857142857142
1003,53487,14,0.9369999999999999,0.9369999999999999,1,0.07142857142857142
1004,53507,20,0.91,0.91,1,0.05
1005,53522,15,0.9325,0.9325,1,0.06666666666666667
1006,53542,20,0.91,0.91,1,0.05
1007,53558,16,0.9279999999999999,0.9279999999999999,1,0.0625
1008,53572,14,0.9369999999999999,0.9369999999999999,1,0.07142857142857142
1009,53589,17,0.9235,0.9235,1,0.058823529411764705
1010,53607,18,0.919,0.919,1,0.05555555555555555
1011,53623,16,0.9279999999999999,0.9279999999999999,1,0.0625
1012,53639,16,0.9279999999999999,0.9279999999999999,1,0.0625
1013,53653,14,0.9369999999999999,0.9369999999999999,1,0.07142857142857142
1014,53669,16,0.9279999999999999,0.9279999999999999,1,0.0625
1015,53687,18,0.919,0.919,1,0.05555555555555555
1016,53723,36,0.838,0.838,1,0.027777777777777776
1017,53737,14,0.9369999999999999,0.9369999999999999,1,0.07142857142857142
1018,53756,19,0.9145,0.9145,1,0.05263157894736842
1019,53778,22,0.901,0.901,1,0.045454545454545456
1020,53798,20,0.91,0.91,1,0.05
1021,53812,14,0.9369999999999999,0.9369999999999999,1,0.07142857142857142
1022,53827,15,0.9325,0.9325,1,0.06666666666666667
1023,53848,21,0.9055,0.9055,1,0.047619047619047616
1024,53879,31,0.8605,0.8605,1,0.03225806451612903
1025,53901,22,0.901,0.901,1,0.045454545454545456
1026,53917,16,0.9279999999999999,0.9279999999999999,1,0.1875
1027,53940,23,0.8965,0.8965,1,0.043478260869565216
1028,53964,24,0.892,0.892,1,0.041666666666666664
1029,53978,14,0.9369999999999999,0.9369999999999999,1,0.07142857142857142
1030,53998,20,0.91,0.91,1,0.15
1031,54012,14,0.9369999999999999,0.9369999999999999,1,0.07142857142857142
1032,54026,14,0.9369999999999999,0.9369999999999999,1,0.07142857142857142
1033,54040,14,0.9369999999999999,0.9369999999999999,1,0.07142857142857142
1034,54054,14,0.9369999999999999,0.9369999999999999,1,0.07142857142857142
1035,54070,16,0.9279999999999999,0.9279999999999999,1,0.0625
1036,54084,14,0.9369999999999999,0.9369999999999999,1,0.07142857142857142
1037,54106,22,0.901,0.901,1,0.13636363636363635
1038,54122,16,0.9279999999999999,0.9279999999999999,1,0.1875
1039,54136,14,0.9369999999999999,0.9369999999999999,1,0.07142857142857142
1040,54150,14,0.9369999999999999,0.9369999999999999,1,0.07142857142857142
1041,54166,16,0.9279999999999999,0.9279999999999999,1,0.0625
1042,54180,14,0.9369999999999999,0.9369999999999999,1,0.07142857142857142
1043,54194,14,0.9369999999999999,0.9369999999999999,1,0.07142857142857142
1044,54208,14,0.9369999999999999,0.9369999999999999,1,0.07142857142857142
1045,54222,14,0.9369999999999999,0.9369999999999999,1,0.07142857142857142
1046,54236,14,0.9369999999999999,0.9369999999999999,1,0.07142857142857142
1047,54250,14,0.9369999999999999,0.9369999999999999,1,0.07142857142857142
1048,54264,14,0.9369999999999999,0.9369999999999999,1,0.07142857142857142
1049,54278,14,0.9369999999999999,0.9369999999999999,1,0.07142857142857142
1050,54292,14,0.9369999999999999,0.9369999999999999,1,0.07142857142857142
1051,54306,14,0.9369999999999999,0.9369999999999999,1,0.07142857142857142
1052,54320,14,0.9369999999999999,0.9369999999999999,1,0.07142857142857142
1053,54334,14,0.9369999999999999,0.9369999999999999,1,0.07142857142857142
1054,54348,14,0.9369999999999999,0.9369999999999999,1,0.07142857142857142
1055,54362,14,0.9369999999999999,0.9369999999999999,1,0.07142857142857142
1056,54376,14,0.9369999999999999,0.9369999999999999,1,0.07142857142857142
1057,54390,14,0.9369999999999999,0.9369999999999999,1,0.07142857142857142
1058,54404,14,0.9369999999999999,0.9369999999999999,1,0.07142857142857142
1059,54420,16,0.9279999999999999,0.9279999999999999,1,0.0625
1060,54434,14,0.9369999999999999,0.9369999999999999,1,0.07142857142857142
1061,54448,14,0.9369999999999999,0.9369999999999999,1,0.07142857142857142
1062,54464,16,0.9279999999999999,0.9279999999999999,1,0.0625
1063,54478,14,0.9369999999999999,0.9369999999999999,1,0.07142857142857142
1064,54494,16,0.9279999999999999,0.9279999999999999,1,0.0625
1065,54510,16,0.9279999999999999,0.9279999999999999,1,0.0625
1066,54534,24,0.892,0.892,1,0.041666666666666664
1067,54550,16,0.9279999999999999,0.9279999999999999,1,0.0625
1068,54564,14,0.9369999999999999,0.9369999999999999,1,0.07142857142857142
1069,54578,14,0.9369999999999999,0.9369999999999999,1,0.07142857142857142
1070,54592,14,0.9369999999999999,0.9369999999999999,1,0.07142857142857142
1071,54608,16,0.9279999999999999,0.9279999999999999,1,0.0625
1072,54626,18,0.919,0.919,1,0.05555555555555555
1073,54642,16,0.9279999999999999,0.9279999999999999,1,0.0625
1074,54658,16,0.9279999999999999,0.9279999999999999,1,0.0625
1075,54672,14,0.9369999999999999,0.9369999999999999,1,0.07142857142857142
1076,54686,14,0.9369999999999999,0.9369999999999999,1,0.07142857142857142
1077,54702,16,0.9279999999999999,0.9279999999999999,1,0.0625
1078,54716,14,0.9369999999999999,0.9369999999999999,1,0.07142857142857142
1079,54732,16,0.9279999999999999,0.9279999999999999,1,0.0625
1080,54748,16,0.9279999999999999,0.9279999999999999,1,0.1875
1081,54762,14,0.9369999999999999,0.9369999999999999,1,0.07142857142857142
1082,54778,16,0.9279999999999999,0.9279999999999999,1,0.1875
1083,54794,16,0.9279999999999999,0.9279999999999999,1,0.0625
1084,54808,14,0.9369999999999999,0.9369999999999999,1,0.07142857142857142
1085,54825,17,0.9235,0.9235,1,0.17647058823529413
1086,54839,14,0.9369999999999999,0.9369999999999999,1,0.07142857142857142
1087,54855,16,0.9279999999999999,0.9279999999999999,1,0.0625
1088,54869,14,0.9369999999999999,0.9369999999999999,1,0.07142857142857142
1089,54883,14,0.9369999999999999,0.9369999999999999,1,0.07142857142857142
1090,54899,16,0.9279999999999999,0.9279999999999999,1,0.0625
1091,54915,16,0.9279999999999999,0.9279999999999999,1,0.0625
1092,54929,14,0.9369999999999999,0.9369999999999999,1,0.07142857142857142
1093,54945,16,0.9279999999999999,0.9279999999999999,1,0.0625
1094,54959,14,0.9369999999999999,0.9369999999999999,1,0.07142857142857142
1095,54975,16,0.9279999999999999,0.9279999999999999,1,0.0625
1096,54991,16,0.9279999999999999,0.9279999999999999,1,0.0625
1097,55005,14,0.9369999999999999,0.9369999999999999,1,0.07142857142857142
1098,55044,39,0.8245,0.8245,1,0.02564102564102564
1099,55058,14,0.9369999999999999,0.9369999999999999,1,0.07142857142857142
1100,55078,20,0.91,0.91,1,0.15
1101,55092,14,0.9369999999999999,0.9369999999999999,1,0.07142857142857142
1102,55106,14,0.9369999999999999,0.9369999999999999,1,0.07142857142857142
1103,55124,18,0.919,0.919,1,0.05555555555555555
1104,55140,16,0.9279999999999999,0.9279999999999999,1,0.0625
1105,55154,14,0.9369999999999999,0.9369999999999999,1,0.07142857142857142
1106,55169,15,0.9325,0.9325,1,0.06666666666666667
1107,55187,18,0.919,0.919,1,0.05555555555555555
1108,55201,14,0.9369999999999999,0.9369999999999999,1,0.07142857142857142
1109,55223,22,0.901,0.901,1,0.13636363636363635
1110,55243,20,0.91,0.91,1,0.05
1111,55265,22,0.901,0.901,1,0.045454545454545456
1112,55281,16,0.9279999999999999,0.9279999999999999,1,0.0625
1113,55297,16,0.9279999999999999,0.9279999999999999,1,0.0625
1114,55319,22,0.901,0.901,1,0.045454545454545456
1115,55355,36,0.838,0.838,1,0.027777777777777776
1116,55375,20,0.91,0.91,1,0.05
1117,55389,14,0.9369999999999999,0.9369999999999999,1,0.07142857142857142
1118,55405,16,0.9279999999999999,0.9279999999999999,1,0.1875
1119,55423,18,0.919,0.919,1,0.05555555555555555
1120,55441,18,0.919,0.919,1,0.05555555555555555
1121,55457,16,0.9279999999999999,0.9279999999999999,1,0.0625
1122,55473,16,0.9279999999999999,0.9279999999999999,1,0.0625
1123,55502,29,0.8694999999999999,0.8694999999999999,1,0.034482758620689655
1124,55526,24,0.892,0.892,1,0.041666666666666664
1125,55542,16,0.9279999999999999,0.9279999999999999,1,0.0625
1126,55566,24,0.892,0.892,1,0.041666666666666664
1127,55586,20,0.91,0.91,1,0.05
1128,55607,21,0.9055,0.9055,1,0.047619047619047616
1129,55622,15,0.9325,0.9325,1,0.06666666666666667
1130,55636,14,0.9369999999999999,0.9369999999999999,1,0.07142857142857142
1131,55652,16,0.9279999999999999,0.9279999999999999,1,0.1875
1132,55667,15,0.9325,0.9325,1,0.06666666666666667
1133,55685,18,0.919,0.919,1,0.05555555555555555
1134,55699,14,0.9369999999999999,0.9369999999999999,1,0.07142857142857142
1135,55730,31,0.8605,0.8605,1,0.03225806451612903
1136,55754,24,0.892,0.892,1,0.125
1137,55772,18,0.919,0.919,1,0.05555555555555555
1138,55792,20,0.91,0.91,1,0.05
1139,55808,16,0.9279999999999999,0.9279999999999999,1,0.0625
1140,55824,16,0.9279999999999999,0.9279999999999999,1,0.0625
1141,55838,14,0.9369999999999999,0.9369999999999999,1,0.07142857142857142
1142,55858,20,0.91,0.91,1,0.05
1143,55872,14,0.9369999999999999,0.9369999999999999,1,0.07142857142857142
1144,55886,14,0.9369999999999999,0.9369999999999999,1,0.07142857142857142
1145,55900,14,0.9369999999999999,0.9369999999999999,1,0.07142857142857142
1146,55914,14,0.9369999999999999,0.9369999999999999,1,0.07142857142857142
1147,55938,24,0.892,0.892,1,0.041666666666666664
1148,55954,16,0.9279999999999999,0.9279999999999999,1,0.0625
1149,55968,14,0.9369999999999999,0.9369999999999999,1,0.07142857142857142
1150,55986,18,0.919,0.919,1,0.05555555555555555
1151,56009,23,0.8965,0.8965,1,0.043478260869565216
1152,56023,14,0.9369999999999999,0.9369999999999999,1,0.07142857142857142
1153,56045,22,0.901,0.901,1,0.045454545454545456
1154,56059,14,0.9369999999999999,0.9369999999999999,1,0.07142857142857142
1155,56075,16,0.9279999999999999,0.9279999999999999,1,0.0625
1156,56089,14,0.9369999999999999,0.9369999999999999,1,0.07142857142857142
1157,56107,18,0.919,0.919,1,0.05555555555555555
1158,56121,14,0.9369999999999999,0.9369999999999999,1,0.07142857142857142
1159,56135,14,0.9369999999999999,0.9369999999999999,1,0.07142857142857142
1160,56149,14,0.9369999999999999,0.9369999999999999,1,0.07142857142857142
1161,56165,16,0.9279999999999999,0.9279999999999999,1,0.0625
1162,56179,14,0.9369999999999999,0.9369999999999999,1,0.07142857142857142
1163,56193,14,0.9369999999999999,0.9369999999999999,1,0.07142857142857142
1164,56209,16,0.9279999999999999,0.9279999999999999,1,0.0625
1165,56227,18,0.919,0.919,1,0.16666666666666666
1166,56241,14,0.9369999999999999,0.9369999999999999,1,0.07142857142857142
1167,56257,16,0.9279999999999999,0.9279999999999999,1,0.0625
1168,56275,18,0.919,0.919,1,0.05555555555555555
1169,56289,14,0.9369999999999999,0.9369999999999999,1,0.07142857142857142
1170,56305,16,0.9279999999999999,0.9279999999999999,1,0.0625
1171,56319,14,0.9369999999999999,0.9369999999999999,1,0.07142857142857142
1172,56333,14,0.9369999999999999,0.9369999999999999,1,0.07142857142857142
1173,56348,15,0.9325,0.9325,1,0.06666666666666667
1174,56366,18,0.919,0.919,1,0.05555555555555555
1175,56384,18,0.919,0.919,1,0.05555555555555555
1176,56400,16,0.9279999999999999,0.9279999999999999,1,0.0625
1177,56414,14,0.9369999999999999,0.9369999999999999,1,0.07142857142857142
1178,56428,14,0.9369999999999999,0.9369999999999999,1,0.07142857142857142
1179,56442,14,0.9369999999999999,0.9369999999999999,1,0.07142857142857142
1180,56456,14,0.9369999999999999,0.9369999999999999,1,0.07142857142857142
1181,56470,14,0.9369999999999999,0.9369999999999999,1,0.07142857142857142
1182,56484,14,0.9369999999999999,0.9369999999999999,1,0.07142857142857142
1183,56498,14,0.9369999999999999,0.9369999999999999,1,0.07142857142857142
1184,56512,14,0.9369999999999999,0.9369999999999999,1,0.07142857142857142
1185,56528,16,0.9279999999999999,0.9279999999999999,1,0.1875
1186,56551,23,0.8965,0.8965,1,0.043478260869565216
1187,56567,16,0.9279999999999999,0.9279999999999999,1,0.0625
1188,56581,14,0.9369999999999999,0.9369999999999999,1,0.07142857142857142
1189,56595,14,0.9369999999999999,0.9369999999999999,1,0.07142857142857142
1190,56611,16,0.9279999999999999,0.9279999999999999,1,0.0625
1191,56627,16,0.9279999999999999,0.9279999999999999,1,0.0625
1192,56641,14,0.9369999999999999,0.9369999999999999,1,0.07142857142857142
1193,56657,16,0.9279999999999999,0.9279999999999999,1,0.1875
1194,56673,16,0.9279999999999999,0.9279999999999999,1,0.0625
1195,56687,14,0.9369999999999999,0.9369999999999999,1,0.07142857142857142
1196,56703,16,0.9279999999999999,0.9279999999999999,1,0.0625
1197,56719,16,0.9279999999999999,0.9279999999999999,1,0.0625
1198,56737,18,0.919,0.919,1,0.05555555555555555
1199,56753,16,0.9279999999999999,0.9279999999999999,1,0.1875
1200,56769,16,0.9279999999999999,0.9279999999999999,1,0.0625
1201,56785,16,0.9279999999999999,0.9279999999999999,1,0.1875
1202,56801,16,0.9279999999999999,0.9279999999999999,1,0.0625
1203,56815,14,0.9369999999999999,0.9369999999999999,1,0.07142857142857142
1204,56829,14,0.9369999999999999,0.9369999999999999,1,0.07142857142857142
1205,56845,16,0.9279999999999999,0.9279999999999999,1,0.0625
1206,56863,18,0.919,0.919,1,0.05555555555555555
1207,56877,14,0.9369999999999999,0.9369999999999999,1,0.07142857142857142
1208,56893,16,0.9279999999999999,0.9279999999999999,1,0.0625
1209,56907,14,0.9369999999999999,0.9369999999999999,1,0.07142857142857142
1210,56923,16,0.9279999999999999,0.9279999999999999,1,0.1875
1211,56939,16,0.9279999999999999,0.9279999999999999,1,0.0625
1212,56959,20,0.91,0.91,1,0.05
1213,56973,14,0.9369999999999999,0.9369999999999999,1,0.07142857142857142
1214,56987,14,0.9369999999999999,0.9369999999999999,1,0.07142857142857142
1215,57003,16,0.9279999999999999,0.9279999999999999,1,0.0625
1216,57017,14,0.9369999999999999,0.9369999999999999,1,0.07142857142857142
1217,57031,14,0.9369999999999999,0.9369999999999999,1,0.07142857142857142
1218,57047,16,0.9279999999999999,0.9279999999999999,1,0.0625
1219,57063,16,0.9279999999999999,0.9279999999999999,1,0.0625
1220,57077,14,0.9369999999999999,0.9369999999999999,1,0.07142857142857142
1221,57091,14,0.9369999999999999,0.9369999999999999,1,0.07142857142857142
1222,57105,14,0.9369999999999999,0.9369999999999999,1,0.07142857142857142
1223,57121,16,0.9279999999999999,0.9279999999999999,1,0.0625
1224,57137,16,0.9279999999999999,0.9279999999999999,1,0.0625
1225,57153,16,0.9279999999999999,0.9279999999999999,1,0.0625
1226,57167,14,0.9369999999999999,0.9369999999999999,1,0.07142857142857142
1227,57187,20,0.91,0.91,1,0.05
1228,57201,14,0.9369999999999999,0.9369999999999999,1,0.07142857142857142
1229,57233,32,0.856,0.856,1,0.03125
1230,57253,20,0.91,0.91,1,0.05
1231,57269,16,0.9279999999999999,0.9279999999999999,1,0.0625
1232,57283,14,0.9369999999999999,0.9369999999999999,1,0.07142857142857142
1233,57299,16,0.9279999999999999,0.9279999999999999,1,0.0625
1234,57315,16,0.9279999999999999,0.9279999999999999,1,0.0625
1235,57331,16,0.9279999999999999,0.9279999999999999,1,0.0625
1236,57345,14,0.9369999999999999,0.9369999999999999,1,0.07142857142857142
1237,57359,14,0.9369999999999999,0.9369999999999999,1,0.07142857142857142
1238,57373,14,0.9369999999999999,0.9369999999999999,1,0.07142857142857142
1239,57387,14,0.9369999999999999,0.9369999999999999,1,0.07142857142857142
1240,57402,15,0.9325,0.9325,1,0.06666666666666667
1241,57420,18,0.919,0.919,1,0.05555555555555555
1242,57434,14,0.9369999999999999,0.9369999999999999,1,0.07142857142857142
1243,57448,14,0.9369999999999999,0.9369999999999999,1,0.07142857142857142
1244,57464,16,0.9279999999999999,0.9279999999999999,1,0.0625
1245,57478,14,0.9369999999999999,0.9369999999999999,1,0.07142857142857142
1246,57494,16,0.9279999999999999,0.9279999999999999,1,0.0625
1247,57510,16,0.9279999999999999,0.9279999999999999,1,0.0625
1248,57528,18,0.919,0.919,1,0.05555555555555555
1249,57542,14,0.9369999999999999,0.9369999999999999,1,0.07142857142857142
1250,57556,14,0.9369999999999999,0.9369999999999999,1,0.07142857142857142
1251,57572,16,0.9279999999999999,0.9279999999999999,1,0.0625
1252,57586,14,0.9369999999999999,0.9369999999999999,1,0.07142857142857142
1253,57604,18,0.919,0.919,1,0.05555555555555555
1254,57620,16,0.9279999999999999,0.9279999999999999,1,0.0625
1255,57638,18,0.919,0.919,1,0.05555555555555555
1256,57656,18,0.919,0.919,1,0.05555555555555555
1257,57670,14,0.9369999999999999,0.9369999999999999,1,0.07142857142857142
1258,57684,14,0.9369999999999999,0.9369999999999999,1,0.07142857142857142
1259,57706,22,0.901,0.901,1,0.045454545454545456
1260,57722,16,0.9279999999999999,0.9279999999999999,1,0.0625
1261,57738,16,0.9279999999999999,0.9279999999999999,1,0.0625
1262,57758,20,0.91,0.91,1,0.05
1263,57774,16,0.9279999999999999,0.9279999999999999,1,0.0625
1264,57792,18,0.919,0.919,1,0.05555555555555555
1265,57808,16,0.9279999999999999,0.9279999999999999,1,0.0625
1266,57822,14,0.9369999999999999,0.9369999999999999,1,0.07142857142857142
1267,57852,30,0.865,0.865,1,0.03333333333333333
1268,57868,16,0.9279999999999999,0.9279999999999999,1,0.0625
1269,57888,20,0.91,0.91,1,0.25
1270,57904,16,0.9279999999999999,0.9279999999999999,1,0.0625
1271,57920,16,0.9279999999999999,0.9279999999999999,1,0.0625
1272,57934,14,0.9369999999999999,0.9369999999999999,1,0.07142857142857142
1273,57950,16,0.9279999999999999,0.9279999999999999,1,0.0625
1274,57964,14,0.9369999999999999,0.9369999999999999,1,0.07142857142857142
1275,57978,14,0.9369999999999999,0.9369999999999999,1,0.07142857142857142
1276,57992,14,0.9369999999999999,0.9369999999999999,1,0.07142857142857142
1277,58012,20,0.91,0.91,1,0.05
1278,58026,14,0.9369999999999999,0.9369999999999999,1,0.07142857142857142
1279,58040,14,0.9369999999999999,0.9369999999999999,1,0.07142857142857142
1280,58054,14,0.9369999999999999,0.9369999999999999,1,0.07142857142857142
1281,58068,14,0.9369999999999999,0.9369999999999999,1,0.07142857142857142
1282,58116,48,0.784,0.784,1,0.020833333333333332
1283,58132,16,0.9279999999999999,0.9279999999999999,1,0.0625
1284,58148,16,0.9279999999999999,0.9279999999999999,1,0.0625
1285,58168,20,0.91,0.91,1,0.25
1286,58194,26,0.883,0.883,1,0.038461538461538464
1287,58208,14,0.9369999999999999,0.9369999999999999,1,0.07142857142857142
1288,58226,18,0.919,0.919,1,0.16666666666666666
1289,58240,14,0.9369999999999999,0.9369999999999999,1,0.07142857142857142
1290,58254,14,0.9369999999999999,0.9369999999999999,1,0.07142857142857142
1291,58268,14,0.9369999999999999,0.9369999999999999,1,0.07142857142857142
1292,58282,14,0.9369999999999999,0.9369999999999999,1,0.07142857142857142
1293,58296,14,0.9369999999999999,0.9369999999999999,1,0.07142857142857142
1294,58310,14,0.9369999999999999,0.9369999999999999,1,0.07142857142857142
1295,58324,14,0.9369999999999999,0.9369999999999999,1,0.07142857142857142
1296,58338,14,0.9369999999999999,0.9369999999999999,1,0.07142857142857142
1297,58352,14,0.9369999999999999,0.9369999999999999,1,0.07142857142857142
1298,58366,14,0.9369999999999999,0.9369999999999999,1,0.07142857142857142
1299,58380,14,0.9369999999999999,0.9369999999999999,1,0.07142857142857142
1300,58406,26,0.883,0.883,1,0.038461538461538464
1301,58420,14,0.9369999999999999,0.9369999999999999,1,0.07142857142857142
1302,58436,16,0.9279999999999999,0.9279999999999999,1,0.0625
1303,58450,14,0.9369999999999999,0.9369999999999999,1,0.07142857142857142
1304,58464,14,0.9369999999999999,0.9369999999999999,1,0.07142857142857142
1305,58478,14,0.9369999999999999,0.9369999999999999,1,0.07142857142857142
1306,58492,14,0.9369999999999999,0.9369999999999999,1,0.07142857142857142
1307,58506,14,0.9369999999999999,0.9369999999999999,1,0.07142857142857142
1308,58522,16,0.9279999999999999,0.9279999999999999,1,0.0625
1309,58538,16,0.9279999999999999,0.9279999999999999,1,0.1875
1310,58552,14,0.9369999999999999,0.9369999999999999,1,0.07142857142857142
1311,58568,16,0.9279999999999999,0.9279999999999999,1,0.1875
1312,58582,14,0.9369999999999999,0.9369999999999999,1,0.07142857142857142
1313,58600,18,0.919,0.919,1,0.2777777777777778
1314,58623,23,0.8965,0.8965,1,0.043478260869565216
1315,58639,16,0.9279999999999999,0.9279999999999999,1,0.0625
1316,58653,14,0.9369999999999999,0.9369999999999999,1,0.07142857142857142
1317,58667,14,0.9369999999999999,0.9369999999999999,1,0.07142857142857142
1318,58681,14,0.9369999999999999,0.9369999999999999,1,0.07142857142857142
1319,58697,16,0.9279999999999999,0.9279999999999999,1,0.0625
1320,58715,18,0.919,0.919,1,0.16666666666666666
1321,58735,20,0.91,0.91,1,0.05
1322,58749,14,0.9369999999999999,0.9369999999999999,1,0.07142857142857142
1323,58763,14,0.9369999999999999,0.9369999999999999,1,0.07142857142857142
1324,58783,20,0.91,0.91,1,0.05
1325,58797,14,0.9369999999999999,0.9369999999999999,1,0.07142857142857142
1326,58813,16,0.9279999999999999,0.9279999999999999,1,0.0625
1327,58829,16,0.9279999999999999,0.9279999999999999,1,0.0625
1328,58843,14,0.9369999999999999,0.9369999999999999,1,0.07142857142857142
1329,58857,14,0.9369999999999999,0.9369999999999999,1,0.07142857142857142
1330,58875,18,0.919,0.919,1,0.05555555555555555
1331,58891,16,0.9279999999999999,0.9279999999999999,1,0.0625
1332,58907,16,0.9279999999999999,0.9279999999999999,1,0.0625
1333,58921,14,0.9369999999999999,0.9369999999999999,1,0.07142857142857142
1334,58935,14,0.9369999999999999,0.9369999999999999,1,0.07142857142857142
1335,58949,14,0.9369999999999999,0.9369999999999999,1,0.07142857142857142
1336,58963,14,0.9369999999999999,0.9369999999999999,1,0.07142857142857142
1337,58977,14,0.9369999999999999,0.9369999999999999,1,0.07142857142857142
1338,58995,18,0.919,0.919,1,0.05555555555555555
1339,59009,14,0.9369999999999999,0.9369999999999999,1,0.07142857142857142
1340,59023,14,0.9369999999999999,0.9369999999999999,1,0.07142857142857142
1341,59047,24,0.892,0.892,1,0.041666666666666664
1342,59153,106,0.5229999999999999,0.5229999999999999,1,0.009433962264150943
1343,59171,18,0.919,0.919,1,0.05555555555555555
1344,59241,70,0.685,0.685,1,0.014285714285714285
1345,59259,18,0.919,0.919,1,0.05555555555555555
1346,59348,89,0.5994999999999999,0.5994999999999999,1,0.011235955056179775
1347,59419,71,0.6805,0.6805,1,0.014084507042253521
1348,59479,60,0.73,0.73,1,0.3333333333333333
1349,59602,123,0.4465,0.4465,1,0.21951219512195122
1350,59650,48,0.784,0.784,1,0.020833333333333332
1351,59758,108,0.514,0.514,1,0.009259259259259259
1352,59875,117,0.47350000000000003,0.47350000000000003,1,0.008547008547008548
1353,59975,100,0.55,0.55,1,0.01
1354,60007,32,0.856,0.856,1,0.03125
1355,60071,64,0.712,0.712,1,0.3125
1356,60093,22,0.901,0.901,1,0.4090909090909091
1357,60107,14,0.9369999999999999,0.9369999999999999,1,0.07142857142857142
1358,60243,136,0.3879999999999999,0.3879999999999999,1,0.029411764705882353
1359,60261,18,0.919,0.919,1,0.05555555555555555
1360,60277,16,0.9279999999999999,0.9279999999999999,1,0.0625
1361,60291,14,0.9369999999999999,0.9369999999999999,1,0.07142857142857142
1362,60305,14,0.9369999999999999,0.9369999999999999,1,0.07142857142857142
1363,60319,14,0.9369999999999999,0.9369999999999999,1,0.07142857142857142
1364,60335,16,0.9279999999999999,0.9279999999999999,1,0.0625
1365,60351,16,0.9279999999999999,0.9279999999999999,1,0.1875
1366,60369,18,0.919,0.919,1,0.2777777777777778
1367,60383,14,0.9369999999999999,0.9369999999999999,1,0.07142857142857142
1368,60397,14,0.9369999999999999,0.9369999999999999,1,0.07142857142857142
1369,60411,14,0.9369999999999999,0.9369999999999999,1,0.07142857142857142
1370,60425,14,0.9369999999999999,0.9369999999999999,1,0.07142857142857142
1371,60439,14,0.9369999999999999,0.9369999999999999,1,0.07142857142857142
1372,60453,14,0.9369999999999999,0.9369999999999999,1,0.07142857142857142
1373,60471,18,0.919,0.919,1,0.2777777777777778
1374,60487,16,0.9279999999999999,0.9279999999999999,1,0.0625
1375,60501,14,0.9369999999999999,0.9369999999999999,1,0.07142857142857142
1376,60515,14,0.9369999999999999,0.9369999999999999,1,0.07142857142857142
1377,60529,14,0.9369999999999999,0.9369999999999999,1,0.07142857142857142
1378,60545,16,0.9279999999999999,0.9279999999999999,1,0.0625
1379,60563,18,0.919,0.919,1,0.2777777777777778
1380,60587,24,0.892,0.892,1,0.4583333333333333
1381,60603,16,0.9279999999999999,0.9279999999999999,1,0.0625
1382,60625,22,0.901,0.901,1,0.3181818181818182
1383,60665,40,0.82,0.82,1,0.1
1384,60686,21,0.9055,0.9055,1,0.047619047619047616
1385,60746,60,0.73,0.73,1,0.016666666666666666
1386,60760,14,0.9369999999999999,0.9369999999999999,1,0.07142857142857142
1387,60774,14,0.9369999999999999,0.9369999999999999,1,0.07142857142857142
1388,60788,14,0.9369999999999999,0.9369999999999999,1,0.07142857142857142
1389,60804,16,0.9279999999999999,0.9279999999999999,1,0.1875
1390,60818,14,0.9369999999999999,0.9369999999999999,1,0.07142857142857142
1391,60834,16,0.9279999999999999,0.9279999999999999,1,0.0625
1392,60850,16,0.9279999999999999,0.9279999999999999,1,0.0625
1393,60866,16,0.9279999999999999,0.9279999999999999,1,0.0625
1394,60880,14,0.9369999999999999,0.9369999999999999,1,0.07142857142857142
1395,60894,14,0.9369999999999999,0.9369999999999999,1,0.07142857142857142
1396,60908,14,0.9369999999999999,0.9369999999999999,1,0.07142857142857142
1397,60922,14,0.9369999999999999,0.9369999999999999,1,0.07142857142857142
1398,60940,18,0.919,0.919,1,0.2777777777777778
1399,60954,14,0.9369999999999999,0.9369999999999999,1,0.07142857142857142
1400,61018,64,0.712,0.712,1,0.265625
1401,61032,14,0.9369999999999999,0.9369999999999999,1,0.07142857142857142
1402,61050,18,0.919,0.919,1,0.05555555555555555
1403,61064,14,0.9369999999999999,0.9369999999999999,1,0.07142857142857142
1404,61078,14,0.9369999999999999,0.9369999999999999,1,0.07142857142857142
1405,61094,16,0.9279999999999999,0.9279999999999999,1,0.0625
1406,61108,14,0.9369999999999999,0.9369999999999999,1,0.07142857142857142
1407,61122,14,0.9369999999999999,0.9369999999999999,1,0.07142857142857142
1408,61137,15,0.9325,0.9325,1,0.06666666666666667
1409,61151,14,0.9369999999999999,0.9369999999999999,1,0.07142857142857142
1410,61167,16,0.9279999999999999,0.9279999999999999,1,0.0625
1411,61181,14,0.9369999999999999,0.9369999999999999,1,0.07142857142857142
1412,61199,18,0.919,0.919,1,0.05555555555555555
1413,61213,14,0.9369999999999999,0.9369999999999999,1,0.07142857142857142
1414,61229,16,0.9279999999999999,0.9279999999999999,1,0.1875
1415,61243,14,0.9369999999999999,0.9369999999999999,1,0.07142857142857142
1416,61260,17,0.9235,0.9235,1,0.058823529411764705
1417,61274,14,0.9369999999999999,0.9369999999999999,1,0.07142857142857142
1418,61288,14,0.9369999999999999,0.9369999999999999,1,0.07142857142857142
1419,61303,15,0.9325,0.9325,1,0.06666666666666667
1420,61317,14,0.9369999999999999,0.9369999999999999,1,0.07142857142857142
1421,61333,16,0.9279999999999999,0.9279999999999999,1,0.0625
1422,61349,16,0.9279999999999999,0.9279999999999999,1,0.0625
1423,61363,14,0.9369999999999999,0.9369999999999999,1,0.07142857142857142
1424,61379,16,0.9279999999999999,0.9279999999999999,1,0.1875
1425,61393,14,0.9369999999999999,0.9369999999999999,1,0.07142857142857142
1426,61411,18,0.919,0.919,1,0.2777777777777778
1427,61425,14,0.9369999999999999,0.9369999999999999,1,0.07142857142857142
1428,61442,17,0.9235,0.9235,1,0.058823529411764705
1429,61456,14,0.9369999999999999,0.9369999999999999,1,0.07142857142857142
1430,61472,16,0.9279999999999999,0.9279999999999999,1,0.0625
1431,61486,14,0.9369999999999999,0.9369999999999999,1,0.07142857142857142
1432,61500,14,0.9369999999999999,0.9369999999999999,1,0.07142857142857142
1433,61514,14,0.9369999999999999,0.9369999999999999,1,0.07142857142857142
1434,61530,16,0.9279999999999999,0.9279999999999999,1,0.0625
1435,61548,18,0.919,0.919,1,0.16666666666666666
1436,61568,20,0.91,0.91,1,0.05
1437,61584,16,0.9279999999999999,0.9279999999999999,1,0.0625
1438,61598,14,0.9369999999999999,0.9369999999999999,1,0.07142857142857142
1439,61620,22,0.901,0.901,1,0.18181818181818182
1440,61646,26,0.883,0.883,1,0.2692307692307692
1441,61660,14,0.9369999999999999,0.9369999999999999,1,0.07142857142857142
1442,61682,22,0.901,0.901,1,0.3181818181818182
1443,61746,64,0.712,0.712,1,0.015625
1444,61764,18,0.919,0.919,1,0.05555555555555555
1445,61778,14,0.9369999999999999,0.9369999999999999,1,0.07142857142857142
1446,61796,18,0.919,0.919,1,0.05555555555555555
1447,61810,14,0.9369999999999999,0.9369999999999999,1,0.07142857142857142
1448,61824,14,0.9369999999999999,0.9369999999999999,1,0.07142857142857142
1449,61838,14,0.9369999999999999,0.9369999999999999,1,0.07142857142857142
1450,61852,14,0.9369999999999999,0.9369999999999999,1,0.07142857142857142
1451,61868,16,0.9279999999999999,0.9279999999999999,1,0.0625
1452,61882,14,0.9369999999999999,0.9369999999999999,1,0.07142857142857142
1453,61900,18,0.919,0.919,1,0.05555555555555555
1454,61914,14,0.9369999999999999,0.9369999999999999,1,0.07142857142857142
1455,61928,14,0.9369999999999999,0.9369999999999999,1,0.07142857142857142
1456,61944,16,0.9279999999999999,0.9279999999999999,1,0.1875
1457,61960,16,0.9279999999999999,0.9279999999999999,1,0.0625
1458,61981,21,0.9055,0.9055,1,0.047619047619047616
1459,62001,20,0.91,0.91,1,0.05
1460,62017,16,0.9279999999999999,0.9279999999999999,1,0.0625
1461,62031,14,0.9369999999999999,0.9369999999999999,1,0.07142857142857142
1462,62045,14,0.9369999999999999,0.9369999999999999,1,0.07142857142857142
1463,62059,14,0.9369999999999999,0.9369999999999999,1,0.07142857142857142
1464,62079,20,0.91,0.91,1,0.05
1465,62097,18,0.919,0.919,1,0.05555555555555555
1466,62113,16,0.9279999999999999,0.9279999999999999,1,0.0625
1467,62129,16,0.9279999999999999,0.9279999999999999,1,0.0625
1468,62147,18,0.919,0.919,1,0.16666666666666666
1469,62161,14,0.9369999999999999,0.9369999999999999,1,0.07142857142857142
1470,62175,14,0.9369999999999999,0.9369999999999999,1,0.07142857142857142
1471,62189,14,0.9369999999999999,0.9369999999999999,1,0.07142857142857142
1472,62310,121,0.4555,0.4555,1,0.008264462809917356
1473,62332,22,0.901,0.901,1,0.045454545454545456
1474,62350,18,0.919,0.919,1,0.05555555555555555
1475,62368,18,0.919,0.919,1,0.16666666666666666
1476,62382,14,0.9369999999999999,0.9369999999999999,1,0.07142857142857142
1477,62448,66,0.703,0.703,1,0.015151515151515152
1478,62462,14,0.9369999999999999,0.9369999999999999,1,0.07142857142857142
1479,62478,16,0.9279999999999999,0.9279999999999999,1,0.0625
1480,62492,14,0.9369999999999999,0.9369999999999999,1,0.07142857142857142
1481,62506,14,0.9369999999999999,0.9369999999999999,1,0.07142857142857142
1482,62524,18,0.919,0.919,1,0.05555555555555555
1483,62538,14,0.9369999999999999,0.9369999999999999,1,0.07142857142857142
1484,62552,14,0.9369999999999999,0.9369999999999999,1,0.07142857142857142
1485,62572,20,0.91,0.91,1,0.05
1486,62586,14,0.9369999999999999,0.9369999999999999,1,0.07142857142857142
1487,62600,14,0.9369999999999999,0.9369999999999999,1,0.07142857142857142
1488,62618,18,0.919,0.919,1,0.16666666666666666
1489,62634,16,0.9279999999999999,0.9279999999999999,1,0.1875
1490,62654,20,0.91,0.91,1,0.15
1491,62668,14,0.9369999999999999,0.9369999999999999,1,0.07142857142857142
1492,62726,58,0.739,0.739,1,0.017241379310344827
1493,62740,14,0.9369999999999999,0.9369999999999999,1,0.07142857142857142
1494,62754,14,0.9369999999999999,0.9369999999999999,1,0.07142857142857142
1495,62768,14,0.9369999999999999,0.9369999999999999,1,0.07142857142857142
1496,62782,14,0.9369999999999999,0.9369999999999999,1,0.07142857142857142
1497,62798,16,0.9279999999999999,0.9279999999999999,1,0.0625
1498,62812,14,0.9369999999999999,0.9369999999999999,1,0.07142857142857142
1499,62826,14,0.9369999999999999,0.9369999999999999,1,0.07142857142857142
1500,62840,14,0.9369999999999999,0.9369999999999999,1,0.07142857142857142
1501,62856,16,0.9279999999999999,0.9279999999999999,1,0.1875
1502,62872,16,0.9279999999999999,0.9279999999999999,1,0.0625
1503,62888,16,0.9279999999999999,0.9279999999999999,1,0.1875
1504,62914,26,0.883,0.883,1,0.038461538461538464
1505,62940,26,0.883,0.883,1,0.038461538461538464
1506,62958,18,0.919,0.919,1,0.05555555555555555
1507,62974,16,0.9279999999999999,0.9279999999999999,1,0.0625
1508,62990,16,0.9279999999999999,0.9279999999999999,1,0.0625
1509,63008,18,0.919,0.919,1,0.05555555555555555
1510,63022,14,0.9369999999999999,0.9369999999999999,1,0.07142857142857142
1511,63036,14,0.9369999999999999,0.9369999999999999,1,0.07142857142857142
1512,63050,14,0.9369999999999999,0.9369999999999999,1,0.07142857142857142
1513,63064,14,0.9369999999999999,0.9369999999999999,1,0.07142857142857142
1514,63108,44,0.802,0.802,1,0.022727272727272728
1515,63131,23,0.8965,0.8965,1,0.043478260869565216
1516,63145,14,0.9369999999999999,0.9369999999999999,1,0.07142857142857142
1517,63172,27,0.8785,0.8785,1,0.037037037037037035
1518,63188,16,0.9279999999999999,0.9279999999999999,1,0.0625
1519,63202,14,0.9369999999999999,0.9369999999999999,1,0.07142857142857142
1520,63219,17,0.9235,0.9235,1,0.058823529411764705
1521,63239,20,0.91,0.91,1,0.05
1522,63257,18,0.919,0.919,1,0.05555555555555555
1523,63275,18,0.919,0.919,1,0.05555555555555555
1524,63295,20,0.91,0.91,1,0.05
1525,63315,20,0.91,0.91,1,0.05
1526,63329,14,0.9369999999999999,0.9369999999999999,1,0.07142857142857142
1527,63347,18,0.919,0.919,1,0.05555555555555555
1528,63394,47,0.7885,0.7885,1,0.02127659574468085
1529,63410,16,0.9279999999999999,0.9279999999999999,1,0.0625
1530,63445,35,0.8425,0.8425,1,0.02857142857142857
1531,63459,14,0.9369999999999999,0.9369999999999999,1,0.07142857142857142
1532,63477,18,0.919,0.919,1,0.05555555555555555
1533,63501,24,0.892,0.892,1,0.041666666666666664
1534,63515,14,0.9369999999999999,0.9369999999999999,1,0.07142857142857142
1535,63533,18,0.919,0.919,1,0.05555555555555555
1536,63547,14,0.9369999999999999,0.9369999999999999,1,0.07142857142857142
1537,63582,35,0.8425,0.8425,1,0.02857142857142857
1538,63596,14,0.9369999999999999,0.9369999999999999,1,0.07142857142857142
1539,63611,15,0.9325,0.9325,1,0.06666666666666667
1540,63627,16,0.9279999999999999,0.9279999999999999,1,0.0625
1541,63643,16,0.9279999999999999,0.9279999999999999,1,0.0625
1542,63659,16,0.9279999999999999,0.9279999999999999,1,0.0625
1543,63673,14,0.9369999999999999,0.9369999999999999,1,0.07142857142857142
1544,63695,22,0.901,0.901,1,0.045454545454545456
1545,63717,22,0.901,0.901,1,0.045454545454545456
1546,63735,18,0.919,0.919,1,0.05555555555555555
1547,63758,23,0.8965,0.8965,1,0.043478260869565216
1548,63784,26,0.883,0.883,1,0.038461538461538464
1549,63800,16,0.9279999999999999,0.9279999999999999,1,0.0625
1550,63825,25,0.8875,0.8875,1,0.12
1551,63839,14,0.9369999999999999,0.9369999999999999,1,0.07142857142857142
1552,63854,15,0.9325,0.9325,1,0.06666666666666667
1553,63870,16,0.9279999999999999,0.9279999999999999,1,0.1875
1554,63886,16,0.9279999999999999,0.9279999999999999,1,0.0625
1555,63902,16,0.9279999999999999,0.9279999999999999,1,0.0625
1556,63916,14,0.9369999999999999,0.9369999999999999,1,0.07142857142857142
1557,63938,22,0.901,0.901,1,0.045454545454545456
1558,63969,31,0.8605,0.8605,1,0.03225806451612903
1559,63991,22,0.901,0.901,1,0.13636363636363635
1560,64009,18,0.919,0.919,1,0.05555555555555555
1561,64023,14,0.9369999999999999,0.9369999999999999,1,0.07142857142857142
1562,64039,16,0.9279999999999999,0.9279999999999999,1,0.1875
1563,64053,14,0.9369999999999999,0.9369999999999999,1,0.07142857142857142
1564,64067,14,0.9369999999999999,0.9369999999999999,1,0.07142857142857142
1565,64085,18,0.919,0.919,1,0.05555555555555555
1566,64103,18,0.919,0.919,1,0.16666666666666666
1567,64117,14,0.9369999999999999,0.9369999999999999,1,0.07142857142857142
1568,64138,21,0.9055,0.9055,1,0.047619047619047616
1569,64156,18,0.919,0.919,1,0.05555555555555555
1570,64186,30,0.865,0.865,1,0.03333333333333333
1571,64202,16,0.9279999999999999,0.9279999999999999,1,0.0625
1572,64216,14,0.9369999999999999,0.9369999999999999,1,0.07142857142857142
1573,64230,14,0.9369999999999999,0.9369999999999999,1,0.07142857142857142
1574,64246,16,0.9279999999999999,0.9279999999999999,1,0.1875
1575,64260,14,0.9369999999999999,0.9369999999999999,1,0.07142857142857142
1576,64274,14,0.9369999999999999,0.9369999999999999,1,0.07142857142857142
1577,64288,14,0.9369999999999999,0.9369999999999999,1,0.07142857142857142
1578,64302,14,0.9369999999999999,0.9369999999999999,1,0.07142857142857142
1579,64316,14,0.9369999999999999,0.9369999999999999,1,0.07142857142857142
1580,64332,16,0.9279999999999999,0.9279999999999999,1,0.0625
1581,64346,14,0.9369999999999999,0.9369999999999999,1,0.07142857142857142
1582,64362,16,0.9279999999999999,0.9279999999999999,1,0.0625
1583,64376,14,0.9369999999999999,0.9369999999999999,1,0.07142857142857142
1584,64392,16,0.9279999999999999,0.9279999999999999,1,0.0625
1585,64406,14,0.9369999999999999,0.9369999999999999,1,0.07142857142857142
1586,64420,14,0.9369999999999999,0.9369999999999999,1,0.07142857142857142
1587,64436,16,0.9279999999999999,0.9279999999999999,1,0.0625
1588,64450,14,0.9369999999999999,0.9369999999999999,1,0.07142857142857142
1589,64464,14,0.9369999999999999,0.9369999999999999,1,0.07142857142857142
1590,64478,14,0.9369999999999999,0.9369999999999999,1,0.07142857142857142
1591,64492,14,0.9369999999999999,0.9369999999999999,1,0.07142857142857142
1592,64506,14,0.9369999999999999,0.9369999999999999,1,0.07142857142857142
1593,64520,14,0.9369999999999999,0.9369999999999999,1,0.07142857142857142
1594,64538,18,0.919,0.919,1,0.16666666666666666
1595,64552,14,0.9369999999999999,0.9369999999999999,1,0.07142857142857142
1596,64566,14,0.9369999999999999,0.9369999999999999,1,0.07142857142857142
1597,64586,20,0.91,0.91,1,0.05
1598,64602,16,0.9279999999999999,0.9279999999999999,1,0.0625
1599,64616,14,0.9369999999999999,0.9369999999999999,1,0.07142857142857142
1600,64630,14,0.9369999999999999,0.9369999999999999,1,0.07142857142857142
1601,64644,14,0.9369999999999999,0.9369999999999999,1,0.07142857142857142
1602,64658,14,0.9369999999999999,0.9369999999999999,1,0.07142857142857142
1603,64672,14,0.9369999999999999,0.9369999999999999,1,0.07142857142857142
1604,64686,14,0.9369999999999999,0.9369999999999999,1,0.07142857142857142
1605,64700,14,0.9369999999999999,0.9369999999999999,1,0.07142857142857142
1606,64714,14,0.9369999999999999,0.9369999999999999,1,0.07142857142857142
1607,64728,14,0.9369999999999999,0.9369999999999999,1,0.07142857142857142
1608,64742,14,0.9369999999999999,0.9369999999999999,1,0.07142857142857142
1609,64758,16,0.9279999999999999,0.9279999999999999,1,0.0625
1610,64772,14,0.9369999999999999,0.9369999999999999,1,0.07142857142857142
1611,64788,16,0.9279999999999999,0.9279999999999999,1,0.0625
1612,64802,14,0.9369999999999999,0.9369999999999999,1,0.07142857142857142
1613,64816,14,0.9369999999999999,0.9369999999999999,1,0.07142857142857142
1614,64830,14,0.9369999999999999,0.9369999999999999,1,0.07142857142857142
1615,64844,14,0.9369999999999999,0.9369999999999999,1,0.07142857142857142
1616,64860,16,0.9279999999999999,0.9279999999999999,1,0.0625
1617,64874,14,0.9369999999999999,0.9369999999999999,1,0.07142857142857142
1618,64888,14,0.9369999999999999,0.9369999999999999,1,0.07142857142857142
1619,64904,16,0.9279999999999999,0.9279999999999999,1,0.0625
1620,64918,14,0.9369999999999999,0.9369999999999999,1,0.07142857142857142
1621,64932,14,0.9369999999999999,0.9369999999999999,1,0.07142857142857142
1622,64946,14,0.9369999999999999,0.9369999999999999,1,0.07142857142857142
1623,64960,14,0.9369999999999999,0.9369999999999999,1,0.07142857142857142
1624,64976,16,0.9279999999999999,0.9279999999999999,1,0.0625
1625,64994,18,0.919,0.919,1,0.16666666666666666
1626,65008,14,0.9369999999999999,0.9369999999999999,1,0.07142857142857142
1627,65022,14,0.9369999999999999,0.9369999999999999,1,0.07142857142857142
1628,65036,14,0.9369999999999999,0.9369999999999999,1,0.07142857142857142
1629,65050,14,0.9369999999999999,0.9369999999999999,1,0.07142857142857142
1630,65066,16,0.9279999999999999,0.9279999999999999,1,0.0625
1631,65081,15,0.9325,0.9325,1,0.06666666666666667
1632,65097,16,0.9279999999999999,0.9279999999999999,1,0.0625
1633,65111,14,0.9369999999999999,0.9369999999999999,1,0.07142857142857142
1634,65125,14,0.9369999999999999,0.9369999999999999,1,0.07142857142857142
1635,65139,14,0.9369999999999999,0.9369999999999999,1,0.07142857142857142
1636,65157,18,0.919,0.919,1,0.2777777777777778
1637,65171,14,0.9369999999999999,0.9369999999999999,1,0.07142857142857142
1638,65187,16,0.9279999999999999,0.9279999999999999,1,0.0625
1639,65203,16,0.9279999999999999,0.9279999999999999,1,0.0625
1640,65221,18,0.919,0.919,1,0.16666666666666666
1641,65235,14,0.9369999999999999,0.9369999999999999,1,0.07142857142857142
1642,65249,14,0.9369999999999999,0.9369999999999999,1,0.07142857142857142
1643,65263,14,0.9369999999999999,0.9369999999999999,1,0.07142857142857142
1644,65277,14,0.9369999999999999,0.9369999999999999,1,0.07142857142857142
1645,65291,14,0.9369999999999999,0.9369999999999999,1,0.07142857142857142
1646,65305,14,0.9369999999999999,0.9369999999999999,1,0.07142857142857142
1647,65319,14,0.9369999999999999,0.9369999999999999,1,0.07142857142857142
1648,65333,14,0.9369999999999999,0.9369999999999999,1,0.07142857142857142
1649,65347,14,0.9369999999999999,0.9369999999999999,1,0.07142857142857142
1650,65363,16,0.9279999999999999,0.9279999999999999,1,0.0625
1651,65377,14,0.9369999999999999,0.9369999999999999,1,0.07142857142857142
1652,65393,16,0.9279999999999999,0.9279999999999999,1,0.0625
1653,65411,18,0.919,0.919,1,0.05555555555555555
1654,65427,16,0.9279999999999999,0.9279999999999999,1,0.0625
1655,65443,16,0.9279999999999999,0.9279999999999999,1,0.0625
1656,65459,16,0.9279999999999999,0.9279999999999999,1,0.0625
1657,65475,16,0.9279999999999999,0.9279999999999999,1,0.0625
1658,65489,14,0.9369999999999999,0.9369999999999999,1,0.07142857142857142
1659,65503,14,0.9369999999999999,0.9369999999999999,1,0.07142857142857142
1660,65519,16,0.9279999999999999,0.9279999999999999,1,0.0625
1661,65535,16,0.9279999999999999,0.9279999999999999,1,0.0625
1662,65551,16,0.9279999999999999,0.9279999999999999,1,0.0625
1663,65565,14,0.9369999999999999,0.9369999999999999,1,0.07142857142857142
1664,65581,16,0.9279999999999999,0.9279999999999999,1,0.0625
1665,65595,14,0.9369999999999999,0.9369999999999999,1,0.07142857142857142
1666,65609,14,0.9369999999999999,0.9369999999999999,1,0.07142857142857142
1667,65623,14,0.9369999999999999,0.9369999999999999,1,0.07142857142857142
1668,65637,14,0.9369999999999999,0.9369999999999999,1,0.07142857142857142
1669,65651,14,0.9369999999999999,0.9369999999999999,1,0.07142857142857142
1670,65665,14,0.9369999999999999,0.9369999999999999,1,0.07142857142857142
1671,65679,14,0.9369999999999999,0.9369999999999999,1,0.07142857142857142
1672,65693,14,0.9369999999999999,0.9369999999999999,1,0.07142857142857142
1673,65707,14,0.9369999999999999,0.9369999999999999,1,0.07142857142857142
1674,65723,16,0.9279999999999999,0.9279999999999999,1,0.0625
1675,65737,14,0.9369999999999999,0.9369999999999999,1,0.07142857142857142
1676,65751,14,0.9369999999999999,0.9369999999999999,1,0.07142857142857142
1677,65767,16,0.9279999999999999,0.9279999999999999,1,0.0625
1678,65781,14,0.9369999999999999,0.9369999999999999,1,0.07142857142857142
1679,65795,14,0.9369999999999999,0.9369999999999999,1,0.07142857142857142
1680,65809,14,0.9369999999999999,0.9369999999999999,1,0.07142857142857142
1681,65823,14,0.9369999999999999,0.9369999999999999,1,0.07142857142857142
1682,65837,14,0.9369999999999999,0.9369999999999999,1,0.07142857142857142
1683,65851,14,0.9369999999999999,0.9369999999999999,1,0.07142857142857142
1684,65867,16,0.9279999999999999,0.9279999999999999,1,0.0625
1685,65883,16,0.9279999999999999,0.9279999999999999,1,0.0625
1686,65899,16,0.9279999999999999,0.9279999999999999,1,0.0625
1687,65913,14,0.9369999999999999,0.9369999999999999,1,0.07142857142857142
1688,65927,14,0.9369999999999999,0.9369999999999999,1,0.07142857142857142
1689,65941,14,0.9369999999999999,0.9369999999999999,1,0.07142857142857142
1690,65955,14,0.9369999999999999,0.9369999999999999,1,0.07142857142857142
1691,65971,16,0.9279999999999999,0.9279999999999999,1,0.0625
1692,65985,14,0.9369999999999999,0.9369999999999999,1,0.07142857142857142
1693,66001,16,0.9279999999999999,0.9279999999999999,1,0.0625
1694,66015,14,0.9369999999999999,0.9369999999999999,1,0.07142857142857142
1695,66029,14,0.9369999999999999,0.9369999999999999,1,0.07142857142857142
1696,66047,18,0.919,0.919,1,0.2777777777777778
1697,66061,14,0.9369999999999999,0.9369999999999999,1,0.07142857142857142
1698,66077,16,0.9279999999999999,0.9279999999999999,1,0.0625
1699,66091,14,0.9369999999999999,0.9369999999999999,1,0.07142857142857142
1700,66105,14,0.9369999999999999,0.9369999999999999,1,0.07142857142857142
1701,66121,16,0.9279999999999999,0.9279999999999999,1,0.1875
1702,66137,16,0.9279999999999999,0.9279999999999999,1,0.0625
1703,66151,14,0.9369999999999999,0.9369999999999999,1,0.07142857142857142
1704,66165,14,0.9369999999999999,0.9369999999999999,1,0.07142857142857142
1705,66179,14,0.9369999999999999,0.9369999999999999,1,0.07142857142857142
1706,66193,14,0.9369999999999999,0.9369999999999999,1,0.07142857142857142
1707,66207,14,0.9369999999999999,0.9369999999999999,1,0.07142857142857142
1708,66225,18,0.919,0.919,1,0.16666666666666666
1709,66241,16,0.9279999999999999,0.9279999999999999,1,0.0625
1710,66255,14,0.9369999999999999,0.9369999999999999,1,0.07142857142857142
1711,66271,16,0.9279999999999999,0.9279999999999999,1,0.0625
1712,66285,14,0.9369999999999999,0.9369999999999999,1,0.07142857142857142
1713,66299,14,0.9369999999999999,0.9369999999999999,1,0.07142857142857142
1714,66313,14,0.9369999999999999,0.9369999999999999,1,0.07142857142857142
1715,66327,14,0.9369999999999999,0.9369999999999999,1,0.07142857142857142
1716,66343,16,0.9279999999999999,0.9279999999999999,1,0.0625
1717,66361,18,0.919,0.919,1,0.05555555555555555
1718,66375,14,0.9369999999999999,0.9369999999999999,1,0.07142857142857142
1719,66389,14,0.9369999999999999,0.9369999999999999,1,0.07142857142857142
1720,66405,16,0.9279999999999999,0.9279999999999999,1,0.0625
1721,66421,16,0.9279999999999999,0.9279999999999999,1,0.0625
1722,66435,14,0.9369999999999999,0.9369999999999999,1,0.07142857142857142
1723,66449,14,0.9369999999999999,0.9369999999999999,1,0.07142857142857142
1724,66463,14,0.9369999999999999,0.9369999999999999,1,0.07142857142857142
1725,66481,18,0.919,0.919,1,0.16666666666666666
1726,66497,16,0.9279999999999999,0.9279999999999999,1,0.0625
1727,66515,18,0.919,0.919,1,0.05555555555555555
1728,66533,18,0.919,0.919,1,0.05555555555555555
1729,66547,14,0.9369999999999999,0.9369999999999999,1,0.07142857142857142
1730,66565,18,0.919,0.919,1,0.05555555555555555
1731,66579,14,0.9369999999999999,0.9369999999999999,1,0.07142857142857142
1732,66593,14,0.9369999999999999,0.9369999999999999,1,0.07142857142857142
1733,66609,16,0.9279999999999999,0.9279999999999999,1,0.0625
1734,66627,18,0.919,0.919,1,0.16666666666666666
1735,66641,14,0.9369999999999999,0.9369999999999999,1,0.07142857142857142
1736,66657,16,0.9279999999999999,0.9279999999999999,1,0.0625
1737,66673,16,0.9279999999999999,0.9279999999999999,1,0.0625
1738,66687,14,0.9369999999999999,0.9369999999999999,1,0.07142857142857142
1739,66701,14,0.9369999999999999,0.9369999999999999,1,0.07142857142857142
1740,66717,16,0.9279999999999999,0.9279999999999999,1,0.0625
1741,66731,14,0.9369999999999999,0.9369999999999999,1,0.07142857142857142
1742,66747,16,0.9279999999999999,0.9279999999999999,1,0.0625
1743,66761,14,0.9369999999999999,0.9369999999999999,1,0.07142857142857142
1744,66775,14,0.9369999999999999,0.9369999999999999,1,0.07142857142857142
1745,66791,16,0.9279999999999999,0.9279999999999999,1,0.0625
1746,66807,16,0.9279999999999999,0.9279999999999999,1,0.0625
1747,66821,14,0.9369999999999999,0.9369999999999999,1,0.07142857142857142
1748,66835,14,0.9369999999999999,0.9369999999999999,1,0.07142857142857142
1749,66853,18,0.919,0.919,1,0.05555555555555555
1750,66869,16,0.9279999999999999,0.9279999999999999,1,0.0625
1751,66883,14,0.9369999999999999,0.9369999999999999,1,0.07142857142857142
1752,66899,16,0.9279999999999999,0.9279999999999999,1,0.1875
1753,66913,14,0.9369999999999999,0.9369999999999999,1,0.07142857142857142
1754,66927,14,0.9369999999999999,0.9369999999999999,1,0.07142857142857142
1755,66941,14,0.9369999999999999,0.9369999999999999,1,0.07142857142857142
1756,66957,16,0.9279999999999999,0.9279999999999999,1,0.1875
1757,66971,14,0.9369999999999999,0.9369999999999999,1,0.07142857142857142
1758,66985,14,0.9369999999999999,0.9369999999999999,1,0.07142857142857142
1759,67001,16,0.9279999999999999,0.9279999999999999,1,0.0625
1760,67015,14,0.9369999999999999,0.9369999999999999,1,0.07142857142857142
1761,67038,23,0.8965,0.8965,1,0.043478260869565216
1762,67054,16,0.9279999999999999,0.9279999999999999,1,0.0625
1763,67080,26,0.883,0.883,1,0.038461538461538464
1764,67102,22,0.901,0.901,1,0.045454545454545456
1765,67124,22,0.901,0.901,1,0.045454545454545456
1766,67140,16,0.9279999999999999,0.9279999999999999,1,0.0625
1767,67158,18,0.919,0.919,1,0.05555555555555555
1768,67174,16,0.9279999999999999,0.9279999999999999,1,0.0625
1769,67188,14,0.9369999999999999,0.9369999999999999,1,0.07142857142857142
1770,67204,16,0.9279999999999999,0.9279999999999999,1,0.0625
1771,67224,20,0.91,0.91,1,0.05
1772,67244,20,0.91,0.91,1,0.05
1773,67260,16,0.9279999999999999,0.9279999999999999,1,0.0625
1774,67274,14,0.9369999999999999,0.9369999999999999,1,0.07142857142857142
1775,67301,27,0.8785,0.8785,1,0.037037037037037035
1776,67315,14,0.9369999999999999,0.9369999999999999,1,0.07142857142857142
1777,67334,19,0.9145,0.9145,1,0.05263157894736842
1778,67352,18,0.919,0.919,1,0.05555555555555555
1779,67368,16,0.9279999999999999,0.9279999999999999,1,0.0625
1780,67386,18,0.919,0.919,1,0.05555555555555555
1781,67400,14,0.9369999999999999,0.9369999999999999,1,0.07142857142857142
1782,67416,16,0.9279999999999999,0.9279999999999999,1,0.0625
1783,67430,14,0.9369999999999999,0.9369999999999999,1,0.07142857142857142
1784,67446,16,0.9279999999999999,0.9279999999999999,1,0.0625
1785,67460,14,0.9369999999999999,0.9369999999999999,1,0.07142857142857142
1786,67476,16,0.9279999999999999,0.9279999999999999,1,0.0625
1787,67496,20,0.91,0.91,1,0.05
1788,67510,14,0.9369999999999999,0.9369999999999999,1,0.07142857142857142
1789,67531,21,0.9055,0.9055,1,0.047619047619047616
1790,67547,16,0.9279999999999999,0.9279999999999999,1,0.0625
1791,67563,16,0.9279999999999999,0.9279999999999999,1,0.0625
1792,67577,14,0.9369999999999999,0.9369999999999999,1,0.07142857142857142
1793,67598,21,0.9055,0.9055,1,0.047619047619047616
1794,67615,17,0.9235,0.9235,1,0.058823529411764705
1795,67629,14,0.9369999999999999,0.9369999999999999,1,0.07142857142857142
1796,67649,20,0.91,0.91,1,0.05
1797,67665,16,0.9279999999999999,0.9279999999999999,1,0.0625
1798,67679,14,0.9369999999999999,0.9369999999999999,1,0.07142857142857142
1799,67693,14,0.9369999999999999,0.9369999999999999,1,0.07142857142857142
1800,67710,17,0.9235,0.9235,1,0.058823529411764705
1801,67724,14,0.9369999999999999,0.9369999999999999,1,0.07142857142857142
1802,67738,14,0.9369999999999999,0.9369999999999999,1,0.07142857142857142
1803,67755,17,0.9235,0.9235,1,0.058823529411764705
1804,67771,16,0.9279999999999999,0.9279999999999999,1,0.0625
1805,67788,17,0.9235,0.9235,1,0.058823529411764705
1806,67802,14,0.9369999999999999,0.9369999999999999,1,0.07142857142857142
1807,67820,18,0.919,0.919,1,0.05555555555555555
1808,67843,23,0.8965,0.8965,1,0.043478260869565216
1809,67857,14,0.9369999999999999,0.9369999999999999,1,0.07142857142857142
1810,67871,14,0.9369999999999999,0.9369999999999999,1,0.07142857142857142
1811,67887,16,0.9279999999999999,0.9279999999999999,1,0.0625
1812,67901,14,0.9369999999999999,0.9369999999999999,1,0.07142857142857142
1813,67919,18,0.919,0.919,1,0.16666666666666666
1814,67935,16,0.9279999999999999,0.9279999999999999,1,0.0625
1815,67950,15,0.9325,0.9325,1,0.06666666666666667
1816,67971,21,0.9055,0.9055,1,0.047619047619047616
1817,67985,14,0.9369999999999999,0.9369999999999999,1,0.07142857142857142
1818,67999,14,0.9369999999999999,0.9369999999999999,1,0.07142857142857142
1819,68013,14,0.9369999999999999,0.9369999999999999,1,0.07142857142857142
1820,68027,14,0.9369999999999999,0.9369999999999999,1,0.07142857142857142
1821,68043,16,0.9279999999999999,0.9279999999999999,1,0.0625
1822,68057,14,0.9369999999999999,0.9369999999999999,1,0.07142857142857142
1823,68073,16,0.9279999999999999,0.9279999999999999,1,0.0625
1824,68089,16,0.9279999999999999,0.9279999999999999,1,0.0625
1825,68104,15,0.9325,0.9325,1,0.06666666666666667
1826,68118,14,0.9369999999999999,0.9369999999999999,1,0.07142857142857142
1827,68132,14,0.9369999999999999,0.9369999999999999,1,0.07142857142857142
1828,68146,14,0.9369999999999999,0.9369999999999999,1,0.07142857142857142
1829,68160,14,0.9369999999999999,0.9369999999999999,1,0.07142857142857142
1830,68174,14,0.9369999999999999,0.9369999999999999,1,0.07142857142857142
1831,68188,14,0.9369999999999999,0.9369999999999999,1,0.07142857142857142
1832,68202,14,0.9369999999999999,0.9369999999999999,1,0.07142857142857142
1833,68216,14,0.9369999999999999,0.9369999999999999,1,0.07142857142857142
1834,68232,16,0.9279999999999999,0.9279999999999999,1,0.0625
1835,68246,14,0.9369999999999999,0.9369999999999999,1,0.07142857142857142
1836,68262,16,0.9279999999999999,0.9279999999999999,1,0.0625
1837,68276,14,0.9369999999999999,0.9369999999999999,1,0.07142857142857142
1838,68290,14,0.9369999999999999,0.9369999999999999,1,0.07142857142857142
1839,68304,14,0.9369999999999999,0.9369999999999999,1,0.07142857142857142
1840,68322,18,0.919,0.919,1,0.2777777777777778
1841,68336,14,0.9369999999999999,0.9369999999999999,1,0.07142857142857142
1842,68350,14,0.9369999999999999,0.9369999999999999,1,0.07142857142857142
1843,68364,14,0.9369999999999999,0.9369999999999999,1,0.07142857142857142
1844,68380,16,0.9279999999999999,0.9279999999999999,1,0.0625
1845,68394,14,0.9369999999999999,0.9369999999999999,1,0.07142857142857142
1846,68408,14,0.9369999999999999,0.9369999999999999,1,0.07142857142857142
1847,68424,16,0.9279999999999999,0.9279999999999999,1,0.0625
1848,68438,14,0.9369999999999999,0.9369999999999999,1,0.07142857142857142
1849,68452,14,0.9369999999999999,0.9369999999999999,1,0.07142857142857142
1850,68468,16,0.9279999999999999,0.9279999999999999,1,0.0625
1851,68482,14,0.9369999999999999,0.9369999999999999,1,0.07142857142857142
1852,68498,16,0.9279999999999999,0.9279999999999999,1,0.0625
1853,68512,14,0.9369999999999999,0.9369999999999999,1,0.07142857142857142
1854,68526,14,0.9369999999999999,0.9369999999999999,1,0.07142857142857142
1855,68540,14,0.9369999999999999,0.9369999999999999,1,0.07142857142857142
1856,68554,14,0.9369999999999999,0.9369999999999999,1,0.07142857142857142
1857,68570,16,0.9279999999999999,0.9279999999999999,1,0.0625
1858,68584,14,0.9369999999999999,0.9369999999999999,1,0.07142857142857142
1859,68600,16,0.9279999999999999,0.9279999999999999,1,0.0625
1860,68616,16,0.9279999999999999,0.9279999999999999,1,0.0625
1861,68630,14,0.9369999999999999,0.9369999999999999,1,0.07142857142857142
1862,68644,14,0.9369999999999999,0.9369999999999999,1,0.07142857142857142
1863,68660,16,0.9279999999999999,0.9279999999999999,1,0.0625
1864,68674,14,0.9369999999999999,0.9369999999999999,1,0.07142857142857142
1865,68690,16,0.9279999999999999,0.9279999999999999,1,0.1875
1866,68704,14,0.9369999999999999,0.9369999999999999,1,0.07142857142857142
1867,68718,14,0.9369999999999999,0.9369999999999999,1,0.07142857142857142
1868,68732,14,0.9369999999999999,0.9369999999999999,1,0.07142857142857142
1869,68746,14,0.9369999999999999,0.9369999999999999,1,0.07142857142857142
1870,68764,18,0.919,0.919,1,0.05555555555555555
1871,68780,16,0.9279999999999999,0.9279999999999999,1,0.0625
1872,68796,16,0.9279999999999999,0.9279999999999999,1,0.0625
1873,68812,16,0.9279999999999999,0.9279999999999999,1,0.0625
1874,68826,14,0.9369999999999999,0.9369999999999999,1,0.07142857142857142
1875,68840,14,0.9369999999999999,0.9369999999999999,1,0.07142857142857142
1876,68858,18,0.919,0.919,1,0.05555555555555555
1877,68872,14,0.9369999999999999,0.9369999999999999,1,0.07142857142857142
1878,68886,14,0.9369999999999999,0.9369999999999999,1,0.07142857142857142
1879,68902,16,0.9279999999999999,0.9279999999999999,1,0.0625
1880,68916,14,0.9369999999999999,0.9369999999999999,1,0.07142857142857142
1881,68939,23,0.8965,0.8965,1,0.043478260869565216
1882,68953,14,0.9369999999999999,0.9369999999999999,1,0.07142857142857142
1883,68967,14,0.9369999999999999,0.9369999999999999,1,0.07142857142857142
1884,68981,14,0.9369999999999999,0.9369999999999999,1,0.07142857142857142
1885,68995,14,0.9369999999999999,0.9369999999999999,1,0.07142857142857142
1886,69011,16,0.9279999999999999,0.9279999999999999,1,0.0625
1887,69025,14,0.9369999999999999,0.9369999999999999,1,0.07142857142857142
1888,69039,14,0.9369999999999999,0.9369999999999999,1,0.07142857142857142
1889,69053,14,0.9369999999999999,0.9369999999999999,1,0.07142857142857142
1890,69067,14,0.9369999999999999,0.9369999999999999,1,0.07142857142857142
1891,69081,14,0.9369999999999999,0.9369999999999999,1,0.07142857142857142
1892,69097,16,0.9279999999999999,0.9279999999999999,1,0.0625
1893,69111,14,0.9369999999999999,0.9369999999999999,1,0.07142857142857142
1894,69127,16,0.9279999999999999,0.9279999999999999,1,0.1875
1895,69143,16,0.9279999999999999,0.9279999999999999,1,0.0625
1896,69157,14,0.9369999999999999,0.9369999999999999,1,0.07142857142857142
1897,69182,25,0.8875,0.8875,1,0.04
1898,69196,14,0.9369999999999999,0.9369999999999999,1,0.07142857142857142
1899,69212,16,0.9279999999999999,0.9279999999999999,1,0.1875
1900,69226,14,0.9369999999999999,0.9369999999999999,1,0.07142857142857142
1901,69244,18,0.919,0.919,1,0.05555555555555555
1902,69265,21,0.9055,0.9055,1,0.047619047619047616
1903,69279,14,0.9369999999999999,0.9369999999999999,1,0.07142857142857142
1904,69293,14,0.9369999999999999,0.9369999999999999,1,0.07142857142857142
1905,69307,14,0.9369999999999999,0.9369999999999999,1,0.07142857142857142
1906,69325,18,0.919,0.919,1,0.05555555555555555
1907,69339,14,0.9369999999999999,0.9369999999999999,1,0.07142857142857142
1908,69356,17,0.9235,0.9235,1,0.058823529411764705
1909,69372,16,0.9279999999999999,0.9279999999999999,1,0.0625
1910,69388,16,0.9279999999999999,0.9279999999999999,1,0.0625
1911,69406,18,0.919,0.919,1,0.05555555555555555
1912,69426,20,0.91,0.91,1,0.15
1913,69442,16,0.9279999999999999,0.9279999999999999,1,0.0625
1914,69460,18,0.919,0.919,1,0.05555555555555555
1915,69474,14,0.9369999999999999,0.9369999999999999,1,0.07142857142857142
1916,69488,14,0.9369999999999999,0.9369999999999999,1,0.07142857142857142
1917,69504,16,0.9279999999999999,0.9279999999999999,1,0.0625
1918,69518,14,0.9369999999999999,0.9369999999999999,1,0.07142857142857142
1919,69538,20,0.91,0.91,1,0.05
1920,69552,14,0.9369999999999999,0.9369999999999999,1,0.07142857142857142
1921,69566,14,0.9369999999999999,0.9369999999999999,1,0.07142857142857142
1922,69583,17,0.9235,0.9235,1,0.058823529411764705
1923,69597,14,0.9369999999999999,0.9369999999999999,1,0.07142857142857142
1924,69611,14,0.9369999999999999,0.9369999999999999,1,0.07142857142857142
1925,69625,14,0.9369999999999999,0.9369999999999999,1,0.07142857142857142
1926,69664,39,0.8245,0.8245,1,0.02564102564102564
1927,69678,14,0.9369999999999999,0.9369999999999999,1,0.07142857142857142
1928,69694,16,0.9279999999999999,0.9279999999999999,1,0.0625
1929,69708,14,0.9369999999999999,0.9369999999999999,1,0.07142857142857142
1930,69722,14,0.9369999999999999,0.9369999999999999,1,0.07142857142857142
1931,69740,18,0.919,0.919,1,0.05555555555555555
1932,69756,16,0.9279999999999999,0.9279999999999999,1,0.0625
1933,69776,20,0.91,0.91,1,0.15
1934,69792,16,0.9279999999999999,0.9279999999999999,1,0.0625
1935,69806,14,0.9369999999999999,0.9369999999999999,1,0.07142857142857142
1936,69824,18,0.919,0.919,1,0.05555555555555555
1937,69841,17,0.9235,0.9235,1,0.058823529411764705
1938,69855,14,0.9369999999999999,0.9369999999999999,1,0.07142857142857142
1939,69874,19,0.9145,0.9145,1,0.05263157894736842
1940,69888,14,0.9369999999999999,0.9369999999999999,1,0.07142857142857142
1941,69906,18,0.919,0.919,1,0.16666666666666666
1942,69922,16,0.9279999999999999,0.9279999999999999,1,0.1875
1943,69940,18,0.919,0.919,1,0.05555555555555555
1944,69957,17,0.9235,0.9235,1,0.058823529411764705
1945,69971,14,0.9369999999999999,0.9369999999999999,1,0.07142857142857142
1946,69985,14,0.9369999999999999,0.9369999999999999,1,0.07142857142857142
1947,69999,14,0.9369999999999999,0.9369999999999999,1,0.07142857142857142
1948,70024,25,0.8875,0.8875,1,0.04
1949,70038,14,0.9369999999999999,0.9369999999999999,1,0.07142857142857142
1950,70052,14,0.9369999999999999,0.9369999999999999,1,0.07142857142857142
1951,70066,14,0.9369999999999999,0.9369999999999999,1,0.07142857142857142
1952,70084,18,0.919,0.919,1,0.05555555555555555
1953,70098,14,0.9369999999999999,0.9369999999999999,1,0.07142857142857142
1954,70114,16,0.9279999999999999,0.9279999999999999,1,0.0625
1955,70128,14,0.9369999999999999,0.9369999999999999,1,0.07142857142857142
1956,70144,16,0.9279999999999999,0.9279999999999999,1,0.0625
1957,70162,18,0.919,0.919,1,0.05555555555555555
1958,70180,18,0.919,0.919,1,0.05555555555555555
1959,70194,14,0.9369999999999999,0.9369999999999999,1,0.07142857142857142
1960,70208,14,0.9369999999999999,0.9369999999999999,1,0.07142857142857142
1961,70224,16,0.9279999999999999,0.9279999999999999,1,0.1875
1962,70238,14,0.9369999999999999,0.9369999999999999,1,0.07142857142857142
1963,70252,14,0.9369999999999999,0.9369999999999999,1,0.07142857142857142
1964,70268,16,0.9279999999999999,0.9279999999999999,1,0.0625
1965,70282,14,0.9369999999999999,0.9369999999999999,1,0.07142857142857142
1966,70296,14,0.9369999999999999,0.9369999999999999,1,0.07142857142857142
1967,70316,20,0.91,0.91,1,0.05
1968,70334,18,0.919,0.919,1,0.05555555555555555
1969,70350,16,0.9279999999999999,0.9279999999999999,1,0.0625
1970,70364,14,0.9369999999999999,0.9369999999999999,1,0.07142857142857142
1971,70378,14,0.9369999999999999,0.9369999999999999,1,0.07142857142857142
1972,70392,14,0.9369999999999999,0.9369999999999999,1,0.07142857142857142
1973,70406,14,0.9369999999999999,0.9369999999999999,1,0.07142857142857142
1974,70424,18,0.919,0.919,1,0.05555555555555555
1975,70452,28,0.874,0.874,1,0.03571428571428571
1976,70466,14,0.9369999999999999,0.9369999999999999,1,0.07142857142857142
1977,70480,14,0.9369999999999999,0.9369999999999999,1,0.07142857142857142
1978,70494,14,0.9369999999999999,0.9369999999999999,1,0.07142857142857142
1979,70508,14,0.9369999999999999,0.9369999999999999,1,0.07142857142857142
1980,70524,16,0.9279999999999999,0.9279999999999999,1,0.0625
1981,70540,16,0.9279999999999999,0.9279999999999999,1,0.0625
1982,70554,14,0.9369999999999999,0.9369999999999999,1,0.07142857142857142
1983,70568,14,0.9369999999999999,0.9369999999999999,1,0.07142857142857142
1984,70584,16,0.9279999999999999,0.9279999999999999,1,0.0625
1985,70598,14,0.9369999999999999,0.9369999999999999,1,0.07142857142857142
1986,70616,18,0.919,0.919,1,0.16666666666666666
1987,70632,16,0.9279999999999999,0.9279999999999999,1,0.0625
1988,70654,22,0.901,0.901,1,0.045454545454545456
1989,70668,14,0.9369999999999999,0.9369999999999999,1,0.07142857142857142
1990,70682,14,0.9369999999999999,0.9369999999999999,1,0.07142857142857142
1991,70696,14,0.9369999999999999,0.9369999999999999,1,0.07142857142857142
1992,70710,14,0.9369999999999999,0.9369999999999999,1,0.07142857142857142
1993,70728,18,0.919,0.919,1,0.05555555555555555
1994,70742,14,0.9369999999999999,0.9369999999999999,1,0.07142857142857142
1995,70756,14,0.9369999999999999,0.9369999999999999,1,0.07142857142857142
1996,70772,16,0.9279999999999999,0.9279999999999999,1,0.0625
1997,70788,16,0.9279999999999999,0.9279999999999999,1,0.0625
1998,70802,14,0.9369999999999999,0.9369999999999999,1,0.07142857142857142
1999,70816,14,0.9369999999999999,0.9369999999999999,1,0.07142857142857142
2000,70838,22,0.901,0.901,1,0.045454545454545456
2001,70852,14,0.9369999999999999,0.9369999999999999,1,0.07142857142857142
2002,70866,14,0.9369999999999999,0.9369999999999999,1,0.07142857142857142
2003,70882,16,0.9279999999999999,0.9279999999999999,1,0.0625
2004,70896,14,0.9369999999999999,0.9369999999999999,1,0.07142857142857142
2005,70910,14,0.9369999999999999,0.9369999999999999,1,0.07142857142857142
2006,70930,20,0.91,0.91,1,0.05
2007,70944,14,0.9369999999999999,0.9369999999999999,1,0.07142857142857142
2008,70958,14,0.9369999999999999,0.9369999999999999,1,0.07142857142857142
2009,70972,14,0.9369999999999999,0.9369999999999999,1,0.07142857142857142
2010,70990,18,0.919,0.919,1,0.05555555555555555
2011,71004,14,0.9369999999999999,0.9369999999999999,1,0.07142857142857142
2012,71022,18,0.919,0.919,1,0.05555555555555555
2013,71042,20,0.91,0.91,1,0.15
2014,71056,14,0.9369999999999999,0.9369999999999999,1,0.07142857142857142
2015,71072,16,0.9279999999999999,0.9279999999999999,1,0.0625
2016,71086,14,0.9369999999999999,0.9369999999999999,1,0.07142857142857142
2017,71104,18,0.919,0.919,1,0.05555555555555555
2018,71120,16,0.9279999999999999,0.9279999999999999,1,0.0625
2019,71138,18,0.919,0.919,1,0.16666666666666666
2020,71156,18,0.919,0.919,1,0.05555555555555555
2021,71170,14,0.9369999999999999,0.9369999999999999,1,0.07142857142857142
2022,71184,14,0.9369999999999999,0.9369999999999999,1,0.07142857142857142
2023,71198,14,0.9369999999999999,0.9369999999999999,1,0.07142857142857142
2024,71212,14,0.9369999999999999,0.9369999999999999,1,0.07142857142857142
2025,71226,14,0.9369999999999999,0.9369999999999999,1,0.07142857142857142
2026,71240,14,0.9369999999999999,0.9369999999999999,1,0.07142857142857142
2027,71258,18,0.919,0.919,1,0.05555555555555555
2028,71272,14,0.9369999999999999,0.9369999999999999,1,0.07142857142857142
2029,71286,14,0.9369999999999999,0.9369999999999999,1,0.07142857142857142
2030,71300,14,0.9369999999999999,0.9369999999999999,1,0.07142857142857142
2031,71316,16,0.9279999999999999,0.9279999999999999,1,0.1875
2032,71330,14,0.9369999999999999,0.9369999999999999,1,0.07142857142857142
2033,71344,14,0.9369999999999999,0.9369999999999999,1,0.07142857142857142
2034,71358,14,0.9369999999999999,0.9369999999999999,1,0.07142857142857142
2035,71372,14,0.9369999999999999,0.9369999999999999,1,0.07142857142857142
2036,71390,18,0.919,0.919,1,0.05555555555555555
2037,71406,16,0.9279999999999999,0.9279999999999999,1,0.0625
2038,71422,16,0.9279999999999999,0.9279999999999999,1,0.0625
2039,71436,14,0.9369999999999999,0.9369999999999999,1,0.07142857142857142
2040,71450,14,0.9369999999999999,0.9369999999999999,1,0.07142857142857142
2041,71464,14,0.9369999999999999,0.9369999999999999,1,0.07142857142857142
2042,71480,16,0.9279999999999999,0.9279999999999999,1,0.1875
2043,71494,14,0.9369999999999999,0.9369999999999999,1,0.07142857142857142
2044,71508,14,0.9369999999999999,0.9369999999999999,1,0.07142857142857142
2045,71523,15,0.9325,0.9325,1,0.06666666666666667
2046,71537,14,0.9369999999999999,0.9369999999999999,1,0.07142857142857142
2047,71551,14,0.9369999999999999,0.9369999999999999,1,0.07142857142857142
2048,71565,14,0.9369999999999999,0.9369999999999999,1,0.07142857142857142
2049,71579,14,0.9369999999999999,0.9369999999999999,1,0.07142857142857142
2050,71594,15,0.9325,0.9325,1,0.06666666666666667
2051,71608,14,0.9369999999999999,0.9369999999999999,1,0.07142857142857142
2052,71626,18,0.919,0.919,1,0.05555555555555555
2053,71644,18,0.919,0.919,1,0.05555555555555555
2054,71658,14,0.9369999999999999,0.9369999999999999,1,0.07142857142857142
2055,71674,16,0.9279999999999999,0.9279999999999999,1,0.0625
2056,71688,14,0.9369999999999999,0.9369999999999999,1,0.07142857142857142
2057,71727,39,0.8245,0.8245,1,0.02564102564102564
2058,71741,14,0.9369999999999999,0.9369999999999999,1,0.07142857142857142
2059,71757,16,0.9279999999999999,0.9279999999999999,1,0.0625
2060,71771,14,0.9369999999999999,0.9369999999999999,1,0.07142857142857142
2061,71787,16,0.9279999999999999,0.9279999999999999,1,0.0625
2062,71801,14,0.9369999999999999,0.9369999999999999,1,0.07142857142857142
2063,71815,14,0.9369999999999999,0.9369999999999999,1,0.07142857142857142
2064,71831,16,0.9279999999999999,0.9279999999999999,1,0.0625
2065,71845,14,0.9369999999999999,0.9369999999999999,1,0.07142857142857142
2066,71859,14,0.9369999999999999,0.9369999999999999,1,0.07142857142857142
2067,71875,16,0.9279999999999999,0.9279999999999999,1,0.0625
2068,71891,16,0.9279999999999999,0.9279999999999999,1,0.0625
2069,71907,16,0.9279999999999999,0.9279999999999999,1,0.0625
2070,71921,14,0.9369999999999999,0.9369999999999999,1,0.07142857142857142
2071,71935,14,0.9369999999999999,0.9369999999999999,1,0.07142857142857142
2072,71949,14,0.9369999999999999,0.9369999999999999,1,0.07142857142857142
2073,71963,14,0.9369999999999999,0.9369999999999999,1,0.07142857142857142
2074,71977,14,0.9369999999999999,0.9369999999999999,1,0.07142857142857142
2075,71997,20,0.91,0.91,1,0.05
2076,72011,14,0.9369999999999999,0.9369999999999999,1,0.07142857142857142
2077,72027,16,0.9279999999999999,0.9279999999999999,1,0.1875
2078,72043,16,0.9279999999999999,0.9279999999999999,1,0.1875
2079,72061,18,0.919,0.919,1,0.05555555555555555
2080,72075,14,0.9369999999999999,0.9369999999999999,1,0.07142857142857142
2081,72089,14,0.9369999999999999,0.9369999999999999,1,0.07142857142857142
2082,72105,16,0.9279999999999999,0.9279999999999999,1,0.0625
2083,72122,17,0.9235,0.9235,1,0.058823529411764705
2084,72136,14,0.9369999999999999,0.9369999999999999,1,0.07142857142857142
2085,72150,14,0.9369999999999999,0.9369999999999999,1,0.07142857142857142
2086,72165,15,0.9325,0.9325,1,0.06666666666666667
2087,72181,16,0.9279999999999999,0.9279999999999999,1,0.0625
2088,72195,14,0.9369999999999999,0.9369999999999999,1,0.07142857142857142
2089,72211,16,0.9279999999999999,0.9279999999999999,1,0.0625
2090,72225,14,0.9369999999999999,0.9369999999999999,1,0.07142857142857142
2091,72239,14,0.9369999999999999,0.9369999999999999,1,0.07142857142857142
2092,72257,18,0.919,0.919,1,0.05555555555555555
2093,72273,16,0.9279999999999999,0.9279999999999999,1,0.0625
2094,72287,14,0.9369999999999999,0.9369999999999999,1,0.07142857142857142
2095,72303,16,0.9279999999999999,0.9279999999999999,1,0.0625
2096,72317,14,0.9369999999999999,0.9369999999999999,1,0.07142857142857142
2097,72331,14,0.9369999999999999,0.9369999999999999,1,0.07142857142857142
2098,72349,18,0.919,0.919,1,0.2777777777777778
2099,72365,16,0.9279999999999999,0.9279999999999999,1,0.0625
2100,72379,14,0.9369999999999999,0.9369999999999999,1,0.07142857142857142
2101,72393,14,0.9369999999999999,0.9369999999999999,1,0.07142857142857142
2102,72407,14,0.9369999999999999,0.9369999999999999,1,0.07142857142857142
2103,72425,18,0.919,0.919,1,0.05555555555555555
2104,72441,16,0.9279999999999999,0.9279999999999999,1,0.0625
2105,72457,16,0.9279999999999999,0.9279999999999999,1,0.0625
2106,72471,14,0.9369999999999999,0.9369999999999999,1,0.07142857142857142
2107,72485,14,0.9369999999999999,0.9369999999999999,1,0.07142857142857142
2108,72499,14,0.9369999999999999,0.9369999999999999,1,0.07142857142857142
2109,72513,14,0.9369999999999999,0.9369999999999999,1,0.07142857142857142
2110,72527,14,0.9369999999999999,0.9369999999999999,1,0.07142857142857142
2111,72545,18,0.919,0.919,1,0.16666666666666666
2112,72561,16,0.9279999999999999,0.9279999999999999,1,0.0625
2113,72575,14,0.9369999999999999,0.9369999999999999,1,0.07142857142857142
2114,72591,16,0.9279999999999999,0.9279999999999999,1,0.1875
2115,72605,14,0.9369999999999999,0.9369999999999999,1,0.07142857142857142
2116,72619,14,0.9369999999999999,0.9369999999999999,1,0.07142857142857142
2117,72635,16,0.9279999999999999,0.9279999999999999,1,0.0625
2118,72649,14,0.9369999999999999,0.9369999999999999,1,0.07142857142857142
2119,72663,14,0.9369999999999999,0.9369999999999999,1,0.07142857142857142
2120,72681,18,0.919,0.919,1,0.05555555555555555
2121,72695,14,0.9369999999999999,0.9369999999999999,1,0.07142857142857142
2122,72714,19,0.9145,0.9145,1,0.05263157894736842
2123,72735,21,0.9055,0.9055,1,0.047619047619047616
2124,72749,14,0.9369999999999999,0.9369999999999999,1,0.07142857142857142
2125,72763,14,0.9369999999999999,0.9369999999999999,1,0.07142857142857142
2126,72777,14,0.9369999999999999,0.9369999999999999,1,0.07142857142857142
2127,72795,18,0.919,0.919,1,0.05555555555555555
2128,72809,14,0.9369999999999999,0.9369999999999999,1,0.07142857142857142
2129,72823,14,0.9369999999999999,0.9369999999999999,1,0.07142857142857142
2130,72837,14,0.9369999999999999,0.9369999999999999,1,0.07142857142857142
2131,72857,20,0.91,0.91,1,0.05
2132,72871,14,0.9369999999999999,0.9369999999999999,1,0.07142857142857142
2133,72887,16,0.9279999999999999,0.9279999999999999,1,0.0625
2134,72905,18,0.919,0.919,1,0.05555555555555555
2135,72921,16,0.9279999999999999,0.9279999999999999,1,0.0625
2136,72935,14,0.9369999999999999,0.9369999999999999,1,0.07142857142857142
2137,72951,16,0.9279999999999999,0.9279999999999999,1,0.0625
2138,72965,14,0.9369999999999999,0.9369999999999999,1,0.07142857142857142
2139,72980,15,0.9325,0.9325,1,0.06666666666666667
2140,72996,16,0.9279999999999999,0.9279999999999999,1,0.0625
2141,73010,14,0.9369999999999999,0.9369999999999999,1,0.07142857142857142
2142,73030,20,0.91,0.91,1,0.05
2143,73050,20,0.91,0.91,1,0.25
2144,73066,16,0.9279999999999999,0.9279999999999999,1,0.0625
2145,73080,14,0.9369999999999999,0.9369999999999999,1,0.07142857142857142
2146,73094,14,0.9369999999999999,0.9369999999999999,1,0.07142857142857142
2147,73108,14,0.9369999999999999,0.9369999999999999,1,0.07142857142857142
2148,73122,14,0.9369999999999999,0.9369999999999999,1,0.07142857142857142
2149,73136,14,0.9369999999999999,0.9369999999999999,1,0.07142857142857142
2150,73150,14,0.9369999999999999,0.9369999999999999,1,0.07142857142857142
2151,73164,14,0.9369999999999999,0.9369999999999999,1,0.07142857142857142
2152,73186,22,0.901,0.901,1,0.045454545454545456
2153,73200,14,0.9369999999999999,0.9369999999999999,1,0.07142857142857142
2154,73214,14,0.9369999999999999,0.9369999999999999,1,0.07142857142857142
2155,73232,18,0.919,0.919,1,0.05555555555555555
2156,73248,16,0.9279999999999999,0.9279999999999999,1,0.0625
2157,73262,14,0.9369999999999999,0.9369999999999999,1,0.07142857142857142
2158,73276,14,0.9369999999999999,0.9369999999999999,1,0.07142857142857142
2159,73290,14,0.9369999999999999,0.9369999999999999,1,0.07142857142857142
2160,73304,14,0.9369999999999999,0.9369999999999999,1,0.07142857142857142
2161,73318,14,0.9369999999999999,0.9369999999999999,1,0.07142857142857142
2162,73332,14,0.9369999999999999,0.9369999999999999,1,0.07142857142857142
2163,73346,14,0.9369999999999999,0.9369999999999999,1,0.07142857142857142
2164,73360,14,0.9369999999999999,0.9369999999999999,1,0.07142857142857142
2165,73376,16,0.9279999999999999,0.9279999999999999,1,0.0625
2166,73392,16,0.9279999999999999,0.9279999999999999,1,0.0625
2167,73406,14,0.9369999999999999,0.9369999999999999,1,0.07142857142857142
2168,73420,14,0.9369999999999999,0.9369999999999999,1,0.07142857142857142
2169,73434,14,0.9369999999999999,0.9369999999999999,1,0.07142857142857142
2170,73448,14,0.9369999999999999,0.9369999999999999,1,0.07142857142857142
2171,73462,14,0.9369999999999999,0.9369999999999999,1,0.07142857142857142
2172,73478,16,0.9279999999999999,0.9279999999999999,1,0.0625
2173,73492,14,0.9369999999999999,0.9369999999999999,1,0.07142857142857142
2174,73508,16,0.9279999999999999,0.9279999999999999,1,0.0625
2175,73522,14,0.9369999999999999,0.9369999999999999,1,0.07142857142857142
2176,73540,18,0.919,0.919,1,0.05555555555555555
2177,73554,14,0.9369999999999999,0.9369999999999999,1,0.07142857142857142
2178,73568,14,0.9369999999999999,0.9369999999999999,1,0.07142857142857142
2179,73586,18,0.919,0.919,1,0.05555555555555555
2180,73600,14,0.9369999999999999,0.9369999999999999,1,0.07142857142857142
2181,73616,16,0.9279999999999999,0.9279999999999999,1,0.0625
2182,73632,16,0.9279999999999999,0.9279999999999999,1,0.0625
2183,73646,14,0.9369999999999999,0.9369999999999999,1,0.07142857142857142
2184,73660,14,0.9369999999999999,0.9369999999999999,1,0.07142857142857142
2185,73676,16,0.9279999999999999,0.9279999999999999,1,0.0625
2186,73690,14,0.9369999999999999,0.9369999999999999,1,0.07142857142857142
2187,73704,14,0.9369999999999999,0.9369999999999999,1,0.07142857142857142
2188,73722,18,0.919,0.919,1,0.16666666666666666
2189,73737,15,0.9325,0.9325,1,0.06666666666666667
2190,73753,16,0.9279999999999999,0.9279999999999999,1,0.0625
2191,73767,14,0.9369999999999999,0.9369999999999999,1,0.07142857142857142
2192,73781,14,0.9369999999999999,0.9369999999999999,1,0.07142857142857142
2193,73795,14,0.9369999999999999,0.9369999999999999,1,0.07142857142857142
2194,73809,14,0.9369999999999999,0.9369999999999999,1,0.07142857142857142
2195,73823,14,0.9369999999999999,0.9369999999999999,1,0.07142857142857142
2196,73837,14,0.9369999999999999,0.9369999999999999,1,0.07142857142857142
2197,73851,14,0.9369999999999999,0.9369999999999999,1,0.07142857142857142
2198,73865,14,0.9369999999999999,0.9369999999999999,1,0.07142857142857142
2199,73879,14,0.9369999999999999,0.9369999999999999,1,0.07142857142857142
2200,73893,14,0.9369999999999999,0.9369999999999999,1,0.07142857142857142
2201,73907,14,0.9369999999999999,0.9369999999999999,1,0.07142857142857142
2202,73921,14,0.9369999999999999,0.9369999999999999,1,0.07142857142857142
2203,73935,14,0.9369999999999999,0.9369999999999999,1,0.07142857142857142
2204,73949,14,0.9369999999999999,0.9369999999999999,1,0.07142857142857142
2205,73963,14,0.9369999999999999,0.9369999999999999,1,0.07142857142857142
2206,73977,14,0.9369999999999999,0.9369999999999999,1,0.07142857142857142
2207,73995,18,0.919,0.919,1,0.16666666666666666
2208,74009,14,0.9369999999999999,0.9369999999999999,1,0.07142857142857142
2209,74023,14,0.9369999999999999,0.9369999999999999,1,0.07142857142857142
2210,74039,16,0.9279999999999999,0.9279999999999999,1,0.0625
2211,74053,14,0.9369999999999999,0.9369999999999999,1,0.07142857142857142
2212,74067,14,0.9369999999999999,0.9369999999999999,1,0.07142857142857142
2213,74083,16,0.9279999999999999,0.9279999999999999,1,0.0625
2214,74097,14,0.9369999999999999,0.9369999999999999,1,0.07142857142857142
2215,74115,18,0.919,0.919,1,0.05555555555555555
2216,74129,14,0.9369999999999999,0.9369999999999999,1,0.07142857142857142
2217,74143,14,0.9369999999999999,0.9369999999999999,1,0.07142857142857142
2218,74157,14,0.9369999999999999,0.9369999999999999,1,0.07142857142857142
2219,74171,14,0.9369999999999999,0.9369999999999999,1,0.07142857142857142
2220,74185,14,0.9369999999999999,0.9369999999999999,1,0.07142857142857142
2221,74199,14,0.9369999999999999,0.9369999999999999,1,0.07142857142857142
2222,74215,16,0.9279999999999999,0.9279999999999999,1,0.0625
2223,74229,14,0.9369999999999999,0.9369999999999999,1,0.07142857142857142
2224,74243,14,0.9369999999999999,0.9369999999999999,1,0.07142857142857142
2225,74257,14,0.9369999999999999,0.9369999999999999,1,0.07142857142857142
2226,74271,14,0.9369999999999999,0.9369999999999999,1,0.07142857142857142
2227,74285,14,0.9369999999999999,0.9369999999999999,1,0.07142857142857142
2228,74299,14,0.9369999999999999,0.9369999999999999,1,0.07142857142857142
2229,74315,16,0.9279999999999999,0.9279999999999999,1,0.0625
2230,74329,14,0.9369999999999999,0.9369999999999999,1,0.07142857142857142
2231,74343,14,0.9369999999999999,0.9369999999999999,1,0.07142857142857142
2232,74359,16,0.9279999999999999,0.9279999999999999,1,0.1875
2233,74375,16,0.9279999999999999,0.9279999999999999,1,0.0625
2234,74391,16,0.9279999999999999,0.9279999999999999,1,0.1875
2235,74405,14,0.9369999999999999,0.9369999999999999,1,0.07142857142857142
2236,74419,14,0.9369999999999999,0.9369999999999999,1,0.07142857142857142
2237,74433,14,0.9369999999999999,0.9369999999999999,1,0.07142857142857142
2238,74447,14,0.9369999999999999,0.9369999999999999,1,0.07142857142857142
2239,74461,14,0.9369999999999999,0.9369999999999999,1,0.07142857142857142
2240,74477,16,0.9279999999999999,0.9279999999999999,1,0.0625
2241,74491,14,0.9369999999999999,0.9369999999999999,1,0.07142857142857142
2242,74505,14,0.9369999999999999,0.9369999999999999,1,0.07142857142857142
2243,74519,14,0.9369999999999999,0.9369999999999999,1,0.07142857142857142
2244,74539,20,0.91,0.91,1,0.2
2245,74553,14,0.9369999999999999,0.9369999999999999,1,0.07142857142857142
2246,74571,18,0.919,0.919,1,0.05555555555555555
2247,74591,20,0.91,0.91,1,0.05
2248,74609,18,0.919,0.919,1,0.05555555555555555
2249,74623,14,0.9369999999999999,0.9369999999999999,1,0.07142857142857142
2250,74639,16,0.9279999999999999,0.9279999999999999,1,0.0625
2251,74653,14,0.9369999999999999,0.9369999999999999,1,0.07142857142857142
2252,74667,14,0.9369999999999999,0.9369999999999999,1,0.07142857142857142
2253,74681,14,0.9369999999999999,0.9369999999999999,1,0.07142857142857142
2254,74695,14,0.9369999999999999,0.9369999999999999,1,0.07142857142857142
2255,74711,16,0.9279999999999999,0.9279999999999999,1,0.0625
2256,74725,14,0.9369999999999999,0.9369999999999999,1,0.07142857142857142
2257,74739,14,0.9369999999999999,0.9369999999999999,1,0.07142857142857142
2258,74753,14,0.9369999999999999,0.9369999999999999,1,0.07142857142857142
2259,74767,14,0.9369999999999999,0.9369999999999999,1,0.07142857142857142
2260,74781,14,0.9369999999999999,0.9369999999999999,1,0.07142857142857142
2261,74797,16,0.9279999999999999,0.9279999999999999,1,0.0625
2262,74811,14,0.9369999999999999,0.9369999999999999,1,0.07142857142857142
2263,74825,14,0.9369999999999999,0.9369999999999999,1,0.07142857142857142
2264,74841,16,0.9279999999999999,0.9279999999999999,1,0.0625
2265,74859,18,0.919,0.919,1,0.05555555555555555
2266,74873,14,0.9369999999999999,0.9369999999999999,1,0.07142857142857142
2267,74889,16,0.9279999999999999,0.9279999999999999,1,0.0625
2268,74903,14,0.9369999999999999,0.9369999999999999,1,0.07142857142857142
2269,74923,20,0.91,0.91,1,0.05
2270,74937,14,0.9369999999999999,0.9369999999999999,1,0.07142857142857142
2271,74951,14,0.9369999999999999,0.9369999999999999,1,0.07142857142857142
2272,74965,14,0.9369999999999999,0.9369999999999999,1,0.07142857142857142
2273,74981,16,0.9279999999999999,0.9279999999999999,1,0.0625
2274,74997,16,0.9279999999999999,0.9279999999999999,1,0.0625
2275,75011,14,0.9369999999999999,0.9369999999999999,1,0.07142857142857142
2276,75027,16,0.9279999999999999,0.9279999999999999,1,0.0625
2277,75047,20,0.91,0.91,1,0.25
2278,75061,14,0.9369999999999999,0.9369999999999999,1,0.07142857142857142
2279,75075,14,0.9369999999999999,0.9369999999999999,1,0.07142857142857142
2280,75089,14,0.9369999999999999,0.9369999999999999,1,0.07142857142857142
2281,75105,16,0.9279999999999999,0.9279999999999999,1,0.0625
2282,75121,16,0.9279999999999999,0.9279999999999999,1,0.0625
2283,75135,14,0.9369999999999999,0.9369999999999999,1,0.07142857142857142
2284,75149,14,0.9369999999999999,0.9369999999999999,1,0.07142857142857142
2285,75165,16,0.9279999999999999,0.9279999999999999,1,0.0625
2286,75179,14,0.9369999999999999,0.9369999999999999,1,0.07142857142857142
2287,75193,14,0.9369999999999999,0.9369999999999999,1,0.07142857142857142
2288,75207,14,0.9369999999999999,0.9369999999999999,1,0.07142857142857142
2289,75223,16,0.9279999999999999,0.9279999999999999,1,0.0625
2290,75239,16,0.9279999999999999,0.9279999999999999,1,0.0625
2291,75257,18,0.919,0.919,1,0.05555555555555555
2292,75275,18,0.919,0.919,1,0.16666666666666666
2293,75289,14,0.9369999999999999,0.9369999999999999,1,0.07142857142857142
2294,75303,14,0.9369999999999999,0.9369999999999999,1,0.07142857142857142
2295,75319,16,0.9279999999999999,0.9279999999999999,1,0.0625
2296,75337,18,0.919,0.919,1,0.05555555555555555
2297,75351,14,0.9369999999999999,0.9369999999999999,1,0.07142857142857142
2298,75367,16,0.9279999999999999,0.9279999999999999,1,0.0625
2299,75381,14,0.9369999999999999,0.9369999999999999,1,0.07142857142857142
2300,75395,14,0.9369999999999999,0.9369999999999999,1,0.07142857142857142
2301,75409,14,0.9369999999999999,0.9369999999999999,1,0.07142857142857142
2302,75423,14,0.9369999999999999,0.9369999999999999,1,0.07142857142857142
2303,75437,14,0.9369999999999999,0.9369999999999999,1,0.07142857142857142
2304,75451,14,0.9369999999999999,0.9369999999999999,1,0.07142857142857142
2305,75465,14,0.9369999999999999,0.9369999999999999,1,0.07142857142857142
2306,75479,14,0.9369999999999999,0.9369999999999999,1,0.07142857142857142
2307,75494,15,0.9325,0.9325,1,0.06666666666666667
2308,75508,14,0.9369999999999999,0.9369999999999999,1,0.07142857142857142
2309,75522,14,0.9369999999999999,0.9369999999999999,1,0.07142857142857142
2310,75538,16,0.9279999999999999,0.9279999999999999,1,0.0625
2311,75552,14,0.9369999999999999,0.9369999999999999,1,0.07142857142857142
2312,75568,16,0.9279999999999999,0.9279999999999999,1,0.0625
2313,75582,14,0.9369999999999999,0.9369999999999999,1,0.07142857142857142
2314,75596,14,0.9369999999999999,0.9369999999999999,1,0.07142857142857142
2315,75610,14,0.9369999999999999,0.9369999999999999,1,0.07142857142857142
2316,75624,14,0.9369999999999999,0.9369999999999999,1,0.07142857142857142
2317,75638,14,0.9369999999999999,0.9369999999999999,1,0.07142857142857142
2318,75652,14,0.9369999999999999,0.9369999999999999,1,0.07142857142857142
2319,75666,14,0.9369999999999999,0.9369999999999999,1,0.07142857142857142
2320,75680,14,0.9369999999999999,0.9369999999999999,1,0.07142857142857142
2321,75694,14,0.9369999999999999,0.9369999999999999,1,0.07142857142857142
2322,75712,18,0.919,0.919,1,0.05555555555555555
2323,75729,17,0.9235,0.9235,1,0.058823529411764705
2324,75743,14,0.9369999999999999,0.9369999999999999,1,0.07142857142857142
2325,75759,16,0.9279999999999999,0.9279999999999999,1,0.1875
2326,75775,16,0.9279999999999999,0.9279999999999999,1,0.0625
2327,75789,14,0.9369999999999999,0.9369999999999999,1,0.07142857142857142
2328,75805,16,0.9279999999999999,0.9279999999999999,1,0.0625
2329,75821,16,0.9279999999999999,0.9279999999999999,1,0.0625
2330,75835,14,0.9369999999999999,0.9369999999999999,1,0.07142857142857142
2331,75853,18,0.919,0.919,1,0.05555555555555555
2332,75867,14,0.9369999999999999,0.9369999999999999,1,0.07142857142857142
2333,75883,16,0.9279999999999999,0.9279999999999999,1,0.1875
2334,75897,14,0.9369999999999999,0.9369999999999999,1,0.07142857142857142
2335,75911,14,0.9369999999999999,0.9369999999999999,1,0.07142857142857142
2336,75925,14,0.9369999999999999,0.9369999999999999,1,0.07142857142857142
2337,75939,14,0.9369999999999999,0.9369999999999999,1,0.07142857142857142
2338,75953,14,0.9369999999999999,0.9369999999999999,1,0.07142857142857142
2339,75969,16,0.9279999999999999,0.9279999999999999,1,0.0625
2340,75983,14,0.9369999999999999,0.9369999999999999,1,0.07142857142857142
2341,75999,16,0.9279999999999999,0.9279999999999999,1,0.0625
2342,76013,14,0.9369999999999999,0.9369999999999999,1,0.07142857142857142
2343,76027,14,0.9369999999999999,0.9369999999999999,1,0.07142857142857142
2344,76041,14,0.9369999999999999,0.9369999999999999,1,0.07142857142857142
2345,76055,14,0.9369999999999999,0.9369999999999999,1,0.07142857142857142
2346,76069,14,0.9369999999999999,0.9369999999999999,1,0.07142857142857142
2347,76083,14,0.9369999999999999,0.9369999999999999,1,0.07142857142857142
2348,76097,14,0.9369999999999999,0.9369999999999999,1,0.07142857142857142
2349,76111,14,0.9369999999999999,0.9369999999999999,1,0.07142857142857142
2350,76131,20,0.91,0.91,1,0.05
2351,76145,14,0.9369999999999999,0.9369999999999999,1,0.07142857142857142
2352,76159,14,0.9369999999999999,0.9369999999999999,1,0.07142857142857142
2353,76173,14,0.9369999999999999,0.9369999999999999,1,0.07142857142857142
2354,76191,18,0.919,0.919,1,0.05555555555555555
2355,76211,20,0.91,0.91,1,0.15
2356,76225,14,0.9369999999999999,0.9369999999999999,1,0.07142857142857142
2357,76239,14,0.9369999999999999,0.9369999999999999,1,0.07142857142857142
2358,76253,14,0.9369999999999999,0.9369999999999999,1,0.07142857142857142
2359,76267,14,0.9369999999999999,0.9369999999999999,1,0.07142857142857142
2360,76281,14,0.9369999999999999,0.9369999999999999,1,0.07142857142857142
2361,76295,14,0.9369999999999999,0.9369999999999999,1,0.07142857142857142
2362,76309,14,0.9369999999999999,0.9369999999999999,1,0.07142857142857142
2363,76323,14,0.9369999999999999,0.9369999999999999,1,0.07142857142857142
2364,76337,14,0.9369999999999999,0.9369999999999999,1,0.07142857142857142
2365,76351,14,0.9369999999999999,0.9369999999999999,1,0.07142857142857142
2366,76365,14,0.9369999999999999,0.9369999999999999,1,0.07142857142857142
2367,76379,14,0.9369999999999999,0.9369999999999999,1,0.07142857142857142
2368,76395,16,0.9279999999999999,0.9279999999999999,1,0.0625
2369,76409,14,0.9369999999999999,0.9369999999999999,1,0.07142857142857142
2370,76427,18,0.919,0.919,1,0.05555555555555555
2371,76441,14,0.9369999999999999,0.9369999999999999,1,0.07142857142857142
2372,76455,14,0.9369999999999999,0.9369999999999999,1,0.07142857142857142
2373,76469,14,0.9369999999999999,0.9369999999999999,1,0.07142857142857142
2374,76487,18,0.919,0.919,1,0.05555555555555555
2375,76503,16,0.9279999999999999,0.9279999999999999,1,0.0625
2376,76519,16,0.9279999999999999,0.9279999999999999,1,0.0625
2377,76535,16,0.9279999999999999,0.9279999999999999,1,0.0625
2378,76549,14,0.9369999999999999,0.9369999999999999,1,0.07142857142857142
2379,76565,16,0.9279999999999999,0.9279999999999999,1,0.0625
2380,76579,14,0.9369999999999999,0.9369999999999999,1,0.07142857142857142
2381,76593,14,0.9369999999999999,0.9369999999999999,1,0.07142857142857142
2382,76607,14,0.9369999999999999,0.9369999999999999,1,0.07142857142857142
2383,76622,15,0.9325,0.9325,1,0.06666666666666667
2384,76636,14,0.9369999999999999,0.9369999999999999,1,0.07142857142857142
2385,76650,14,0.9369999999999999,0.9369999999999999,1,0.07142857142857142
2386,76664,14,0.9369999999999999,0.9369999999999999,1,0.07142857142857142
2387,76678,14,0.9369999999999999,0.9369999999999999,1,0.07142857142857142
2388,76706,28,0.874,0.874,1,0.03571428571428571
2389,76740,34,0.847,0.847,1,0.029411764705882353
2390,76758,18,0.919,0.919,1,0.16666666666666666
2391,76774,16,0.9279999999999999,0.9279999999999999,1,0.0625
2392,76790,16,0.9279999999999999,0.9279999999999999,1,0.1875
2393,76806,16,0.9279999999999999,0.9279999999999999,1,0.0625
2394,76824,18,0.919,0.919,1,0.05555555555555555
2395,76840,16,0.9279999999999999,0.9279999999999999,1,0.0625
2396,76854,14,0.9369999999999999,0.9369999999999999,1,0.07142857142857142
2397,76868,14,0.9369999999999999,0.9369999999999999,1,0.07142857142857142
2398,76882,14,0.9369999999999999,0.9369999999999999,1,0.07142857142857142
2399,76896,14,0.9369999999999999,0.9369999999999999,1,0.07142857142857142
2400,76910,14,0.9369999999999999,0.9369999999999999,1,0.07142857142857142
2401,76924,14,0.9369999999999999,0.9369999999999999,1,0.07142857142857142
2402,76941,17,0.9235,0.9235,1,0.058823529411764705
2403,76955,14,0.9369999999999999,0.9369999999999999,1,0.07142857142857142
2404,76969,14,0.9369999999999999,0.9369999999999999,1,0.07142857142857142
2405,76985,16,0.9279999999999999,0.9279999999999999,1,0.0625
2406,77005,20,0.91,0.91,1,0.15
2407,77021,16,0.9279999999999999,0.9279999999999999,1,0.1875
2408,77035,14,0.9369999999999999,0.9369999999999999,1,0.07142857142857142
2409,77049,14,0.9369999999999999,0.9369999999999999,1,0.07142857142857142
2410,77063,14,0.9369999999999999,0.9369999999999999,1,0.07142857142857142
2411,77079,16,0.9279999999999999,0.9279999999999999,1,0.0625
2412,77097,18,0.919,0.919,1,0.05555555555555555
2413,77111,14,0.9369999999999999,0.9369999999999999,1,0.07142857142857142
2414,77125,14,0.9369999999999999,0.9369999999999999,1,0.07142857142857142
2415,77141,16,0.9279999999999999,0.9279999999999999,1,0.0625
2416,77155,14,0.9369999999999999,0.9369999999999999,1,0.07142857142857142
2417,77173,18,0.919,0.919,1,0.05555555555555555
2418,77191,18,0.919,0.919,1,0.05555555555555555
2419,77205,14,0.9369999999999999,0.9369999999999999,1,0.07142857142857142
2420,77219,14,0.9369999999999999,0.9369999999999999,1,0.07142857142857142
2421,77233,14,0.9369999999999999,0.9369999999999999,1,0.07142857142857142
2422,77247,14,0.9369999999999999,0.9369999999999999,1,0.07142857142857142
2423,77271,24,0.892,0.892,1,0.041666666666666664
2424,77287,16,0.9279999999999999,0.9279999999999999,1,0.0625
2425,77301,14,0.9369999999999999,0.9369999999999999,1,0.07142857142857142
2426,77318,17,0.9235,0.9235,1,0.058823529411764705
2427,77332,14,0.9369999999999999,0.9369999999999999,1,0.07142857142857142
2428,77350,18,0.919,0.919,1,0.05555555555555555
2429,77366,16,0.9279999999999999,0.9279999999999999,1,0.0625
2430,77382,16,0.9279999999999999,0.9279999999999999,1,0.0625
2431,77398,16,0.9279999999999999,0.9279999999999999,1,0.1875
2432,77412,14,0.9369999999999999,0.9369999999999999,1,0.07142857142857142
2433,77430,18,0.919,0.919,1,0.16666666666666666
2434,77448,18,0.919,0.919,1,0.05555555555555555
2435,77472,24,0.892,0.892,1,0.041666666666666664
2436,77486,14,0.9369999999999999,0.9369999999999999,1,0.07142857142857142
2437,77500,14,0.9369999999999999,0.9369999999999999,1,0.07142857142857142
2438,77516,16,0.9279999999999999,0.9279999999999999,1,0.0625
2439,77530,14,0.9369999999999999,0.9369999999999999,1,0.07142857142857142
2440,77544,14,0.9369999999999999,0.9369999999999999,1,0.07142857142857142
2441,77558,14,0.9369999999999999,0.9369999999999999,1,0.07142857142857142
2442,77572,14,0.9369999999999999,0.9369999999999999,1,0.07142857142857142
2443,77588,16,0.9279999999999999,0.9279999999999999,1,0.0625
2444,77603,15,0.9325,0.9325,1,0.06666666666666667
2445,77620,17,0.9235,0.9235,1,0.058823529411764705
2446,77638,18,0.919,0.919,1,0.05555555555555555
2447,77652,14,0.9369999999999999,0.9369999999999999,1,0.07142857142857142
2448,77666,14,0.9369999999999999,0.9369999999999999,1,0.07142857142857142
2449,77680,14,0.9369999999999999,0.9369999999999999,1,0.07142857142857142
2450,77694,14,0.9369999999999999,0.9369999999999999,1,0.07142857142857142
2451,77708,14,0.9369999999999999,0.9369999999999999,1,0.07142857142857142
2452,77762,54,0.757,0.757,1,0.018518518518518517
2453,77776,14,0.9369999999999999,0.9369999999999999,1,0.07142857142857142
2454,77793,17,0.9235,0.9235,1,0.058823529411764705
2455,77817,24,0.892,0.892,1,0.041666666666666664
2456,77831,14,0.9369999999999999,0.9369999999999999,1,0.07142857142857142
2457,77847,16,0.9279999999999999,0.9279999999999999,1,0.0625
2458,77861,14,0.9369999999999999,0.9369999999999999,1,0.07142857142857142
2459,77877,16,0.9279999999999999,0.9279999999999999,1,0.0625
2460,77891,14,0.9369999999999999,0.9369999999999999,1,0.07142857142857142
2461,77907,16,0.9279999999999999,0.9279999999999999,1,0.0625
2462,77921,14,0.9369999999999999,0.9369999999999999,1,0.07142857142857142
2463,77937,16,0.9279999999999999,0.9279999999999999,1,0.0625
2464,77961,24,0.892,0.892,1,0.041666666666666664
2465,77975,14,0.9369999999999999,0.9369999999999999,1,0.07142857142857142
2466,77989,14,0.9369999999999999,0.9369999999999999,1,0.07142857142857142
2467,78003,14,0.9369999999999999,0.9369999999999999,1,0.07142857142857142
2468,78017,14,0.9369999999999999,0.9369999999999999,1,0.07142857142857142
2469,78033,16,0.9279999999999999,0.9279999999999999,1,0.0625
2470,78049,16,0.9279999999999999,0.9279999999999999,1,0.0625
2471,78063,14,0.9369999999999999,0.9369999999999999,1,0.07142857142857142
2472,78079,16,0.9279999999999999,0.9279999999999999,1,0.0625
2473,78095,16,0.9279999999999999,0.9279999999999999,1,0.0625
2474,78109,14,0.9369999999999999,0.9369999999999999,1,0.07142857142857142
2475,78123,14,0.9369999999999999,0.9369999999999999,1,0.07142857142857142
2476,78137,14,0.9369999999999999,0.9369999999999999,1,0.07142857142857142
2477,78151,14,0.9369999999999999,0.9369999999999999,1,0.07142857142857142
2478,78167,16,0.9279999999999999,0.9279999999999999,1,0.0625
2479,78183,16,0.9279999999999999,0.9279999999999999,1,0.1875
2480,78199,16,0.9279999999999999,0.9279999999999999,1,0.0625
2481,78213,14,0.9369999999999999,0.9369999999999999,1,0.07142857142857142
2482,78227,14,0.9369999999999999,0.9369999999999999,1,0.07142857142857142
2483,78241,14,0.9369999999999999,0.9369999999999999,1,0.07142857142857142
2484,78255,14,0.9369999999999999,0.9369999999999999,1,0.07142857142857142
2485,78273,18,0.919,0.919,1,0.16666666666666666
2486,78289,16,0.9279999999999999,0.9279999999999999,1,0.0625
2487,78303,14,0.9369999999999999,0.9369999999999999,1,0.07142857142857142
2488,78317,14,0.9369999999999999,0.9369999999999999,1,0.07142857142857142
2489,78331,14,0.9369999999999999,0.9369999999999999,1,0.07142857142857142
2490,78347,16,0.9279999999999999,0.9279999999999999,1,0.0625
2491,78365,18,0.919,0.919,1,0.05555555555555555
2492,78381,16,0.9279999999999999,0.9279999999999999,1,0.0625
2493,78397,16,0.9279999999999999,0.9279999999999999,1,0.0625
2494,78411,14,0.9369999999999999,0.9369999999999999,1,0.07142857142857142
2495,78427,16,0.9279999999999999,0.9279999999999999,1,0.0625
2496,78449,22,0.901,0.901,1,0.045454545454545456
2497,78463,14,0.9369999999999999,0.9369999999999999,1,0.07142857142857142
2498,78477,14,0.9369999999999999,0.9369999999999999,1,0.07142857142857142
2499,78491,14,0.9369999999999999,0.9369999999999999,1,0.07142857142857142
2500,78505,14,0.9369999999999999,0.9369999999999999,1,0.07142857142857142
2501,78519,14,0.9369999999999999,0.9369999999999999,1,0.07142857142857142
2502,78533,14,0.9369999999999999,0.9369999999999999,1,0.07142857142857142
2503,78549,16,0.9279999999999999,0.9279999999999999,1,0.0625
2504,78565,16,0.9279999999999999,0.9279999999999999,1,0.0625
2505,78581,16,0.9279999999999999,0.9279999999999999,1,0.0625
2506,78595,14,0.9369999999999999,0.9369999999999999,1,0.07142857142857142
2507,78613,18,0.919,0.919,1,0.05555555555555555
2508,78627,14,0.9369999999999999,0.9369999999999999,1,0.07142857142857142
2509,78643,16,0.9279999999999999,0.9279999999999999,1,0.0625
2510,78659,16,0.9279999999999999,0.9279999999999999,1,0.0625
2511,78673,14,0.9369999999999999,0.9369999999999999,1,0.07142857142857142
2512,78687,14,0.9369999999999999,0.9369999999999999,1,0.07142857142857142
2513,78701,14,0.9369999999999999,0.9369999999999999,1,0.07142857142857142
2514,78715,14,0.9369999999999999,0.9369999999999999,1,0.07142857142857142
2515,78729,14,0.9369999999999999,0.9369999999999999,1,0.07142857142857142
2516,78743,14,0.9369999999999999,0.9369999999999999,1,0.07142857142857142
2517,78757,14,0.9369999999999999,0.9369999999999999,1,0.07142857142857142
2518,78773,16,0.9279999999999999,0.9279999999999999,1,0.0625
2519,78793,20,0.91,0.91,1,0.05
2520,78809,16,0.9279999999999999,0.9279999999999999,1,0.0625
2521,78823,14,0.9369999999999999,0.9369999999999999,1,0.07142857142857142
2522,78837,14,0.9369999999999999,0.9369999999999999,1,0.07142857142857142
2523,78853,16,0.9279999999999999,0.9279999999999999,1,0.0625
2524,78867,14,0.9369999999999999,0.9369999999999999,1,0.07142857142857142
2525,78881,14,0.9369999999999999,0.9369999999999999,1,0.07142857142857142
2526,78895,14,0.9369999999999999,0.9369999999999999,1,0.07142857142857142
2527,78909,14,0.9369999999999999,0.9369999999999999,1,0.07142857142857142
2528,78923,14,0.9369999999999999,0.9369999999999999,1,0.07142857142857142
2529,78939,16,0.9279999999999999,0.9279999999999999,1,0.0625
2530,78953,14,0.9369999999999999,0.9369999999999999,1,0.07142857142857142
2531,78967,14,0.9369999999999999,0.9369999999999999,1,0.07142857142857142
2532,78981,14,0.9369999999999999,0.9369999999999999,1,0.07142857142857142
2533,78997,16,0.9279999999999999,0.9279999999999999,1,0.0625
2534,79017,20,0.91,0.91,1,0.05
2535,79040,23,0.8965,0.8965,1,0.043478260869565216
2536,79055,15,0.9325,0.9325,1,0.06666666666666667
2537,79069,14,0.9369999999999999,0.9369999999999999,1,0.07142857142857142
2538,79085,16,0.9279999999999999,0.9279999999999999,1,0.0625
2539,79103,18,0.919,0.919,1,0.05555555555555555
2540,79160,57,0.7435,0.7435,1,0.017543859649122806
2541,79179,19,0.9145,0.9145,1,0.05263157894736842
2542,79195,16,0.9279999999999999,0.9279999999999999,1,0.0625
2543,79211,16,0.9279999999999999,0.9279999999999999,1,0.0625
2544,79225,14,0.9369999999999999,0.9369999999999999,1,0.07142857142857142
2545,79243,18,0.919,0.919,1,0.05555555555555555
2546,79299,56,0.748,0.748,1,0.017857142857142856
2547,79313,14,0.9369999999999999,0.9369999999999999,1,0.07142857142857142
2548,79327,14,0.9369999999999999,0.9369999999999999,1,0.07142857142857142
2549,79343,16,0.9279999999999999,0.9279999999999999,1,0.0625
2550,79360,17,0.9235,0.9235,1,0.058823529411764705
2551,79374,14,0.9369999999999999,0.9369999999999999,1,0.07142857142857142
2552,79388,14,0.9369999999999999,0.9369999999999999,1,0.07142857142857142
2553,79406,18,0.919,0.919,1,0.05555555555555555
2554,79422,16,0.9279999999999999,0.9279999999999999,1,0.1875
2555,79436,14,0.9369999999999999,0.9369999999999999,1,0.07142857142857142
2556,79453,17,0.9235,0.9235,1,0.058823529411764705
2557,79467,14,0.9369999999999999,0.9369999999999999,1,0.07142857142857142
2558,79481,14,0.9369999999999999,0.9369999999999999,1,0.07142857142857142
2559,79495,14,0.9369999999999999,0.9369999999999999,1,0.07142857142857142
2560,79509,14,0.9369999999999999,0.9369999999999999,1,0.07142857142857142
2561,79523,14,0.9369999999999999,0.9369999999999999,1,0.07142857142857142
2562,79539,16,0.9279999999999999,0.9279999999999999,1,0.0625
2563,79557,18,0.919,0.919,1,0.05555555555555555
2564,79571,14,0.9369999999999999,0.9369999999999999,1,0.07142857142857142
2565,79585,14,0.9369999999999999,0.9369999999999999,1,0.07142857142857142
2566,79600,15,0.9325,0.9325,1,0.06666666666666667
2567,79614,14,0.9369999999999999,0.9369999999999999,1,0.07142857142857142
2568,79628,14,0.9369999999999999,0.9369999999999999,1,0.07142857142857142
2569,79644,16,0.9279999999999999,0.9279999999999999,1,0.0625
2570,79658,14,0.9369999999999999,0.9369999999999999,1,0.07142857142857142
2571,79676,18,0.919,0.919,1,0.05555555555555555
2572,79690,14,0.9369999999999999,0.9369999999999999,1,0.07142857142857142
2573,79704,14,0.9369999999999999,0.9369999999999999,1,0.07142857142857142
2574,79725,21,0.9055,0.9055,1,0.047619047619047616
2575,79741,16,0.9279999999999999,0.9279999999999999,1,0.1875
2576,79757,16,0.9279999999999999,0.9279999999999999,1,0.0625
2577,79771,14,0.9369999999999999,0.9369999999999999,1,0.07142857142857142
2578,79785,14,0.9369999999999999,0.9369999999999999,1,0.07142857142857142
2579,79801,16,0.9279999999999999,0.9279999999999999,1,0.0625
2580,79846,45,0.7975,0.7975,1,0.022222222222222223
2581,79862,16,0.9279999999999999,0.9279999999999999,1,0.0625
2582,79876,14,0.9369999999999999,0.9369999999999999,1,0.07142857142857142
2583,79911,35,0.8425,0.8425,1,0.02857142857142857
2584,79925,14,0.9369999999999999,0.9369999999999999,1,0.07142857142857142
2585,79939,14,0.9369999999999999,0.9369999999999999,1,0.07142857142857142
2586,79953,14,0.9369999999999999,0.9369999999999999,1,0.07142857142857142
2587,79967,14,0.9369999999999999,0.9369999999999999,1,0.07142857142857142
2588,79983,16,0.9279999999999999,0.9279999999999999,1,0.0625
2589,80001,18,0.919,0.919,1,0.05555555555555555
2590,80021,20,0.91,0.91,1,0.05
2591,80037,16,0.9279999999999999,0.9279999999999999,1,0.0625
2592,80051,14,0.9369999999999999,0.9369999999999999,1,0.07142857142857142
2593,80089,38,0.829,0.829,1,0.02631578947368421
2594,80105,16,0.9279999999999999,0.9279999999999999,1,0.0625
2595,80125,20,0.91,0.91,1,0.05
2596,80235,110,0.5049999999999999,0.5049999999999999,1,0.00909090909090909
2597,80253,18,0.919,0.919,1,0.05555555555555555
2598,80297,44,0.802,0.802,1,0.022727272727272728
2599,80313,16,0.9279999999999999,0.9279999999999999,1,0.0625
2600,80365,52,0.766,0.766,1,0.019230769230769232
2601,80425,60,0.73,0.73,1,0.016666666666666666
2602,80487,62,0.721,0.721,1,0.016129032258064516
2603,80555,68,0.694,0.694,1,0.5735294117647058
2604,80569,14,0.9369999999999999,0.9369999999999999,1,0.07142857142857142
2605,80736,167,0.24850000000000005,0.24850000000000005,1,0.005988023952095809
2606,80796,60,0.73,0.73,1,0.31666666666666665
2607,80818,22,0.901,0.901,1,0.045454545454545456
2608,80842,24,0.892,0.892,1,0.041666666666666664
2609,80882,40,0.82,0.82,1,0.025
2610,80938,56,0.748,0.748,1,0.16071428571428573
2611,80952,14,0.9369999999999999,0.9369999999999999,1,0.07142857142857142
2612,81018,66,0.703,0.703,1,0.015151515151515152
2613,81056,38,0.829,0.829,1,0.6578947368421053
2614,81092,36,0.838,0.838,1,0.6388888888888888
2615,81114,22,0.901,0.901,1,0.4090909090909091
2616,81152,38,0.829,0.829,1,0.6052631578947368
2617,81180,28,0.874,0.874,1,0.5357142857142857
2618,81194,14,0.9369999999999999,0.9369999999999999,1,0.07142857142857142
2619,81210,16,0.9279999999999999,0.9279999999999999,1,0.0625
2620,81248,38,0.829,0.829,1,0.02631578947368421
2621,81448,200,0.0,0.0,0,0.005
2622,81470,22,0.901,0.901,1,0.22727272727272727
2623,81626,156,0.29799999999999993,0.29799999999999993,1,0.5576923076923077
2624,81664,38,0.829,0.829,1,0.6578947368421053
2625,81680,16,0.9279999999999999,0.9279999999999999,1,0.1875
2626,81750,70,0.685,0.685,1,0.014285714285714285
2627,81768,18,0.919,0.919,1,0.2777777777777778
2628,81812,44,0.802,0.802,1,0.6590909090909091
2629,81832,20,0.91,0.91,1,0.35
2630,81896,64,0.712,0.712,1,0.515625
2631,81962,66,0.703,0.703,1,0.803030303030303
2632,82018,56,0.748,0.748,1,0.7678571428571429
2633,82032,14,0.9369999999999999,0.9369999999999999,1,0.07142857142857142
2634,82046,14,0.9369999999999999,0.9369999999999999,1,0.07142857142857142
2635,82060,14,0.9369999999999999,0.9369999999999999,1,0.07142857142857142
2636,82075,15,0.9325,0.9325,1,0.06666666666666667
2637,82151,76,0.6579999999999999,0.6579999999999999,1,0.013157894736842105
2638,82229,78,0.649,0.649,1,0.01282051282051282
2639,82334,105,0.5275,0.5275,1,0.02857142857142857
2640,82348,14,0.9369999999999999,0.9369999999999999,1,0.07142857142857142
2641,82362,14,0.9369999999999999,0.9369999999999999,1,0.07142857142857142
2642,82376,14,0.9369999999999999,0.9369999999999999,1,0.07142857142857142
2643,82390,14,0.9369999999999999,0.9369999999999999,1,0.07142857142857142
2644,82404,14,0.9369999999999999,0.9369999999999999,1,0.07142857142857142
2645,82466,62,0.721,0.721,1,0.016129032258064516
2646,82649,183,0.1765,0.1765,1,0.00546448087431694
2647,82663,14,0.9369999999999999,0.9369999999999999,1,0.07142857142857142
2648,82677,14,0.9369999999999999,0.9369999999999999,1,0.07142857142857142
2649,82691,14,0.9369999999999999,0.9369999999999999,1,0.07142857142857142
2650,82707,16,0.9279999999999999,0.9279999999999999,1,0.1875
2651,82721,14,0.9369999999999999,0.9369999999999999,1,0.07142857142857142
2652,82749,28,0.874,0.874,1,0.03571428571428571
2653,82949,200,0.0,0.0,0,0.005
2654,82992,43,0.8065,0.8065,1,0.023255813953488372
2655,83006,14,0.9369999999999999,0.9369999999999999,1,0.07142857142857142
2656,83020,14,0.9369999999999999,0.9369999999999999,1,0.07142857142857142
2657,83044,24,0.892,0.892,1,0.041666666666666664
2658,83060,16,0.9279999999999999,0.9279999999999999,1,0.0625
2659,83076,16,0.9279999999999999,0.9279999999999999,1,0.0625
2660,83090,14,0.9369999999999999,0.9369999999999999,1,0.07142857142857142
2661,83104,14,0.9369999999999999,0.9369999999999999,1,0.07142857142857142
2662,83124,20,0.91,0.91,1,0.05
2663,83138,14,0.9369999999999999,0.9369999999999999,1,0.07142857142857142
2664,83152,14,0.9369999999999999,0.9369999999999999,1,0.07142857142857142
2665,83168,16,0.9279999999999999,0.9279999999999999,1,0.0625
2666,83190,22,0.901,0.901,1,0.045454545454545456
2667,83204,14,0.9369999999999999,0.9369999999999999,1,0.07142857142857142
2668,83218,14,0.9369999999999999,0.9369999999999999,1,0.07142857142857142
2669,83232,14,0.9369999999999999,0.9369999999999999,1,0.07142857142857142
2670,83246,14,0.9369999999999999,0.9369999999999999,1,0.07142857142857142
2671,83260,14,0.9369999999999999,0.9369999999999999,1,0.07142857142857142
2672,83274,14,0.9369999999999999,0.9369999999999999,1,0.07142857142857142
2673,83288,14,0.9369999999999999,0.9369999999999999,1,0.07142857142857142
2674,83302,14,0.9369999999999999,0.9369999999999999,1,0.07142857142857142
2675,83316,14,0.9369999999999999,0.9369999999999999,1,0.07142857142857142
2676,83332,16,0.9279999999999999,0.9279999999999999,1,0.0625
2677,83348,16,0.9279999999999999,0.9279999999999999,1,0.0625
2678,83362,14,0.9369999999999999,0.9369999999999999,1,0.07142857142857142
2679,83378,16,0.9279999999999999,0.9279999999999999,1,0.1875
2680,83400,22,0.901,0.901,1,0.13636363636363635
2681,83447,47,0.7885,0.7885,1,0.02127659574468085
2682,83479,32,0.856,0.856,1,0.03125
2683,83493,14,0.9369999999999999,0.9369999999999999,1,0.07142857142857142
2684,83521,28,0.874,0.874,1,0.03571428571428571
2685,83537,16,0.9279999999999999,0.9279999999999999,1,0.0625
2686,83553,16,0.9279999999999999,0.9279999999999999,1,0.0625
2687,83571,18,0.919,0.919,1,0.05555555555555555
2688,83603,32,0.856,0.856,1,0.03125
2689,83633,30,0.865,0.865,1,0.03333333333333333
2690,83647,14,0.9369999999999999,0.9369999999999999,1,0.07142857142857142
2691,83662,15,0.9325,0.9325,1,0.06666666666666667
2692,83682,20,0.91,0.91,1,0.05
2693,83704,22,0.901,0.901,1,0.045454545454545456
2694,83723,19,0.9145,0.9145,1,0.05263157894736842
2695,83793,70,0.685,0.685,1,0.014285714285714285
2696,83809,16,0.9279999999999999,0.9279999999999999,1,0.1875
2697,83823,14,0.9369999999999999,0.9369999999999999,1,0.07142857142857142
2698,83837,14,0.9369999999999999,0.9369999999999999,1,0.07142857142857142
2699,83867,30,0.865,0.865,1,0.03333333333333333
2700,83885,18,0.919,0.919,1,0.05555555555555555
2701,83913,28,0.874,0.874,1,0.03571428571428571
2702,83987,74,0.667,0.667,1,0.013513513513513514
2703,84005,18,0.919,0.919,1,0.05555555555555555
2704,84019,14,0.9369999999999999,0.9369999999999999,1,0.07142857142857142
2705,84033,14,0.9369999999999999,0.9369999999999999,1,0.07142857142857142
2706,84047,14,0.9369999999999999,0.9369999999999999,1,0.07142857142857142
2707,84061,14,0.9369999999999999,0.9369999999999999,1,0.07142857142857142
2708,84079,18,0.919,0.919,1,0.16666666666666666
2709,84099,20,0.91,0.91,1,0.35
2710,84129,30,0.865,0.865,1,0.5666666666666667
2711,84151,22,0.901,0.901,1,0.4090909090909091
2712,84169,18,0.919,0.919,1,0.05555555555555555
2713,84205,36,0.838,0.838,1,0.25
2714,84219,14,0.9369999999999999,0.9369999999999999,1,0.07142857142857142
2715,84233,14,0.9369999999999999,0.9369999999999999,1,0.07142857142857142
2716,84249,16,0.9279999999999999,0.9279999999999999,1,0.0625
2717,84265,16,0.9279999999999999,0.9279999999999999,1,0.0625
2718,84279,14,0.9369999999999999,0.9369999999999999,1,0.07142857142857142
2719,84297,18,0.919,0.919,1,0.05555555555555555
2720,84311,14,0.9369999999999999,0.9369999999999999,1,0.07142857142857142
2721,84325,14,0.9369999999999999,0.9369999999999999,1,0.07142857142857142
2722,84339,14,0.9369999999999999,0.9369999999999999,1,0.07142857142857142
2723,84353,14,0.9369999999999999,0.9369999999999999,1,0.07142857142857142
2724,84373,20,0.91,0.91,1,0.05
2725,84399,26,0.883,0.883,1,0.038461538461538464
2726,84413,14,0.9369999999999999,0.9369999999999999,1,0.07142857142857142
2727,84429,16,0.9279999999999999,0.9279999999999999,1,0.0625
2728,84443,14,0.9369999999999999,0.9369999999999999,1,0.07142857142857142
2729,84461,18,0.919,0.919,1,0.05555555555555555
2730,84497,36,0.838,0.838,1,0.027777777777777776
2731,84527,30,0.865,0.865,1,0.03333333333333333
2732,84545,18,0.919,0.919,1,0.05555555555555555
2733,84563,18,0.919,0.919,1,0.05555555555555555
2734,84581,18,0.919,0.919,1,0.16666666666666666
2735,84599,18,0.919,0.919,1,0.16666666666666666
2736,84615,16,0.9279999999999999,0.9279999999999999,1,0.1875
2737,84632,17,0.9235,0.9235,1,0.058823529411764705
2738,84646,14,0.9369999999999999,0.9369999999999999,1,0.07142857142857142
2739,84662,16,0.9279999999999999,0.9279999999999999,1,0.0625
2740,84687,25,0.8875,0.8875,1,0.04
2741,84720,33,0.8514999999999999,0.8514999999999999,1,0.030303030303030304
2742,84754,34,0.847,0.847,1,0.029411764705882353
2743,84771,17,0.9235,0.9235,1,0.058823529411764705
2744,84785,14,0.9369999999999999,0.9369999999999999,1,0.07142857142857142
2745,84801,16,0.9279999999999999,0.9279999999999999,1,0.0625
2746,84815,14,0.9369999999999999,0.9369999999999999,1,0.07142857142857142
2747,84831,16,0.9279999999999999,0.9279999999999999,1,0.0625
2748,84845,14,0.9369999999999999,0.9369999999999999,1,0.07142857142857142
2749,84859,14,0.9369999999999999,0.9369999999999999,1,0.07142857142857142
2750,84879,20,0.91,0.91,1,0.05
2751,84905,26,0.883,0.883,1,0.038461538461538464
2752,84931,26,0.883,0.883,1,0.038461538461538464
2753,84961,30,0.865,0.865,1,0.03333333333333333
2754,84977,16,0.9279999999999999,0.9279999999999999,1,0.0625
2755,84997,20,0.91,0.91,1,0.05
2756,85025,28,0.874,0.874,1,0.03571428571428571
2757,85049,24,0.892,0.892,1,0.375
2758,85063,14,0.9369999999999999,0.9369999999999999,1,0.07142857142857142
2759,85080,17,0.9235,0.9235,1,0.058823529411764705
2760,85094,14,0.9369999999999999,0.9369999999999999,1,0.07142857142857142
2761,85108,14,0.9369999999999999,0.9369999999999999,1,0.07142857142857142
2762,85122,14,0.9369999999999999,0.9369999999999999,1,0.07142857142857142
2763,85136,14,0.9369999999999999,0.9369999999999999,1,0.07142857142857142
2764,85154,18,0.919,0.919,1,0.05555555555555555
2765,85170,16,0.9279999999999999,0.9279999999999999,1,0.0625
2766,85184,14,0.9369999999999999,0.9369999999999999,1,0.07142857142857142
2767,85204,20,0.91,0.91,1,0.05
2768,85220,16,0.9279999999999999,0.9279999999999999,1,0.0625
2769,85234,14,0.9369999999999999,0.9369999999999999,1,0.07142857142857142
2770,85249,15,0.9325,0.9325,1,0.06666666666666667
2771,85263,14,0.9369999999999999,0.9369999999999999,1,0.07142857142857142
2772,85277,14,0.9369999999999999,0.9369999999999999,1,0.07142857142857142
2773,85291,14,0.9369999999999999,0.9369999999999999,1,0.07142857142857142
2774,85309,18,0.919,0.919,1,0.05555555555555555
2775,85323,14,0.9369999999999999,0.9369999999999999,1,0.07142857142857142
2776,85339,16,0.9279999999999999,0.9279999999999999,1,0.0625
2777,85355,16,0.9279999999999999,0.9279999999999999,1,0.0625
2778,85371,16,0.9279999999999999,0.9279999999999999,1,0.0625
2779,85387,16,0.9279999999999999,0.9279999999999999,1,0.0625
2780,85430,43,0.8065,0.8065,1,0.11627906976744186
2781,85446,16,0.9279999999999999,0.9279999999999999,1,0.0625
2782,85464,18,0.919,0.919,1,0.05555555555555555
2783,85482,18,0.919,0.919,1,0.05555555555555555
2784,85499,17,0.9235,0.9235,1,0.058823529411764705
2785,85515,16,0.9279999999999999,0.9279999999999999,1,0.0625
2786,85533,18,0.919,0.919,1,0.16666666666666666
2787,85549,16,0.9279999999999999,0.9279999999999999,1,0.0625
2788,85563,14,0.9369999999999999,0.9369999999999999,1,0.07142857142857142
2789,85611,48,0.784,0.784,1,0.1875
2790,85627,16,0.9279999999999999,0.9279999999999999,1,0.0625
2791,85641,14,0.9369999999999999,0.9369999999999999,1,0.07142857142857142
2792,85661,20,0.91,0.91,1,0.15
2793,85677,16,0.9279999999999999,0.9279999999999999,1,0.0625
2794,85695,18,0.919,0.919,1,0.2777777777777778
2795,85713,18,0.919,0.919,1,0.16666666666666666
2796,85727,14,0.9369999999999999,0.9369999999999999,1,0.07142857142857142
2797,85741,14,0.9369999999999999,0.9369999999999999,1,0.07142857142857142
2798,85755,14,0.9369999999999999,0.9369999999999999,1,0.07142857142857142
2799,85769,14,0.9369999999999999,0.9369999999999999,1,0.07142857142857142
2800,85783,14,0.9369999999999999,0.9369999999999999,1,0.07142857142857142
2801,85804,21,0.9055,0.9055,1,0.047619047619047616
2802,85818,14,0.9369999999999999,0.9369999999999999,1,0.07142857142857142
2803,85834,16,0.9279999999999999,0.9279999999999999,1,0.0625
2804,85849,15,0.9325,0.9325,1,0.06666666666666667
2805,85863,14,0.9369999999999999,0.9369999999999999,1,0.07142857142857142
2806,85877,14,0.9369999999999999,0.9369999999999999,1,0.07142857142857142
2807,85891,14,0.9369999999999999,0.9369999999999999,1,0.07142857142857142
2808,85907,16,0.9279999999999999,0.9279999999999999,1,0.0625
2809,85921,14,0.9369999999999999,0.9369999999999999,1,0.07142857142857142
2810,85939,18,0.919,0.919,1,0.05555555555555555
2811,85953,14,0.9369999999999999,0.9369999999999999,1,0.07142857142857142
2812,85969,16,0.9279999999999999,0.9279999999999999,1,0.0625
2813,85994,25,0.8875,0.8875,1,0.28
2814,86008,14,0.9369999999999999,0.9369999999999999,1,0.07142857142857142
2815,86022,14,0.9369999999999999,0.9369999999999999,1,0.07142857142857142
2816,86073,51,0.7705,0.7705,1,0.0196078431372549
2817,86087,14,0.9369999999999999,0.9369999999999999,1,0.07142857142857142
2818,86101,14,0.9369999999999999,0.9369999999999999,1,0.07142857142857142
2819,86119,18,0.919,0.919,1,0.16666666666666666
2820,86136,17,0.9235,0.9235,1,0.058823529411764705
2821,86150,14,0.9369999999999999,0.9369999999999999,1,0.07142857142857142
2822,86186,36,0.838,0.838,1,0.08333333333333333
2823,86200,14,0.9369999999999999,0.9369999999999999,1,0.07142857142857142
2824,86214,14,0.9369999999999999,0.9369999999999999,1,0.07142857142857142
2825,86238,24,0.892,0.892,1,0.041666666666666664
2826,86254,16,0.9279999999999999,0.9279999999999999,1,0.0625
2827,86274,20,0.91,0.91,1,0.05
2828,86288,14,0.9369999999999999,0.9369999999999999,1,0.07142857142857142
2829,86304,16,0.9279999999999999,0.9279999999999999,1,0.1875
2830,86318,14,0.9369999999999999,0.9369999999999999,1,0.07142857142857142
2831,86362,44,0.802,0.802,1,0.022727272727272728
2832,86384,22,0.901,0.901,1,0.045454545454545456
2833,86410,26,0.883,0.883,1,0.038461538461538464
2834,86424,14,0.9369999999999999,0.9369999999999999,1,0.07142857142857142
2835,86442,18,0.919,0.919,1,0.05555555555555555
2836,86474,32,0.856,0.856,1,0.03125
2837,86494,20,0.91,0.91,1,0.05
2838,86510,16,0.9279999999999999,0.9279999999999999,1,0.0625
2839,86526,16,0.9279999999999999,0.9279999999999999,1,0.0625
2840,86550,24,0.892,0.892,1,0.041666666666666664
2841,86590,40,0.82,0.82,1,0.025
2842,86608,18,0.919,0.919,1,0.16666666666666666
2843,86622,14,0.9369999999999999,0.9369999999999999,1,0.07142857142857142
2844,86636,14,0.9369999999999999,0.9369999999999999,1,0.07142857142857142
2845,86650,14,0.9369999999999999,0.9369999999999999,1,0.07142857142857142
2846,86664,14,0.9369999999999999,0.9369999999999999,1,0.07142857142857142
2847,86680,16,0.9279999999999999,0.9279999999999999,1,0.1875
2848,86696,16,0.9279999999999999,0.9279999999999999,1,0.0625
2849,86710,14,0.9369999999999999,0.9369999999999999,1,0.07142857142857142
2850,86726,16,0.9279999999999999,0.9279999999999999,1,0.0625
2851,86780,54,0.757,0.757,1,0.018518518518518517
2852,86802,22,0.901,0.901,1,0.13636363636363635
2853,86856,54,0.757,0.757,1,0.018518518518518517
2854,86884,28,0.874,0.874,1,0.03571428571428571
2855,86906,22,0.901,0.901,1,0.045454545454545456
2856,86920,14,0.9369999999999999,0.9369999999999999,1,0.07142857142857142
2857,86958,38,0.829,0.829,1,0.02631578947368421
2858,86972,14,0.9369999999999999,0.9369999999999999,1,0.07142857142857142
2859,86986,14,0.9369999999999999,0.9369999999999999,1,0.07142857142857142
2860,87008,22,0.901,0.901,1,0.045454545454545456
2861,87024,16,0.9279999999999999,0.9279999999999999,1,0.1875
2862,87038,14,0.9369999999999999,0.9369999999999999,1,0.07142857142857142
2863,87061,23,0.8965,0.8965,1,0.043478260869565216
2864,87087,26,0.883,0.883,1,0.038461538461538464
2865,87106,19,0.9145,0.9145,1,0.05263157894736842
2866,87122,16,0.9279999999999999,0.9279999999999999,1,0.0625
2867,87157,35,0.8425,0.8425,1,0.02857142857142857
2868,87177,20,0.91,0.91,1,0.05
2869,87195,18,0.919,0.919,1,0.05555555555555555
2870,87217,22,0.901,0.901,1,0.045454545454545456
2871,87231,14,0.9369999999999999,0.9369999999999999,1,0.07142857142857142
2872,87249,18,0.919,0.919,1,0.05555555555555555
2873,87265,16,0.9279999999999999,0.9279999999999999,1,0.0625
2874,87282,17,0.9235,0.9235,1,0.058823529411764705
2875,87326,44,0.802,0.802,1,0.022727272727272728
2876,87340,14,0.9369999999999999,0.9369999999999999,1,0.07142857142857142
2877,87360,20,0.91,0.91,1,0.05
2878,87384,24,0.892,0.892,1,0.041666666666666664
2879,87398,14,0.9369999999999999,0.9369999999999999,1,0.07142857142857142
2880,87433,35,0.8425,0.8425,1,0.02857142857142857
2881,87456,23,0.8965,0.8965,1,0.043478260869565216
2882,87478,22,0.901,0.901,1,0.13636363636363635
2883,87494,16,0.9279999999999999,0.9279999999999999,1,0.1875
2884,87517,23,0.8965,0.8965,1,0.043478260869565216
2885,87555,38,0.829,0.829,1,0.02631578947368421
2886,87575,20,0.91,0.91,1,0.05
2887,87589,14,0.9369999999999999,0.9369999999999999,1,0.07142857142857142
2888,87616,27,0.8785,0.8785,1,0.037037037037037035
2889,87638,22,0.901,0.901,1,0.045454545454545456
2890,87654,16,0.9279999999999999,0.9279999999999999,1,0.0625
2891,87706,52,0.766,0.766,1,0.019230769230769232
2892,87739,33,0.8514999999999999,0.8514999999999999,1,0.030303030303030304
2893,87753,14,0.9369999999999999,0.9369999999999999,1,0.07142857142857142
2894,87768,15,0.9325,0.9325,1,0.06666666666666667
2895,87782,14,0.9369999999999999,0.9369999999999999,1,0.07142857142857142
2896,87798,16,0.9279999999999999,0.9279999999999999,1,0.0625
2897,87812,14,0.9369999999999999,0.9369999999999999,1,0.07142857142857142
2898,87843,31,0.8605,0.8605,1,0.03225806451612903
2899,87889,46,0.7929999999999999,0.7929999999999999,1,0.021739130434782608
2900,87919,30,0.865,0.865,1,0.03333333333333333
2901,87939,20,0.91,0.91,1,0.05
2902,87965,26,0.883,0.883,1,0.038461538461538464
2903,87989,24,0.892,0.892,1,0.125
2904,88005,16,0.9279999999999999,0.9279999999999999,1,0.0625
2905,88069,64,0.712,0.712,1,0.015625
2906,88091,22,0.901,0.901,1,0.045454545454545456
2907,88105,14,0.9369999999999999,0.9369999999999999,1,0.07142857142857142
2908,88119,14,0.9369999999999999,0.9369999999999999,1,0.07142857142857142
2909,88135,16,0.9279999999999999,0.9279999999999999,1,0.1875
2910,88149,14,0.9369999999999999,0.9369999999999999,1,0.07142857142857142
2911,88248,99,0.5545,0.5545,1,0.3838383838383838
2912,88274,26,0.883,0.883,1,0.5
2913,88290,16,0.9279999999999999,0.9279999999999999,1,0.0625
2914,88308,18,0.919,0.919,1,0.05555555555555555
2915,88368,60,0.73,0.73,1,0.25
2916,88488,120,0.45999999999999996,0.45999999999999996,1,0.13333333333333333
2917,88502,14,0.9369999999999999,0.9369999999999999,1,0.07142857142857142
2918,88522,20,0.91,0.91,1,0.35
2919,88546,24,0.892,0.892,1,0.375
2920,88578,32,0.856,0.856,1,0.03125
2921,88704,126,0.43299999999999994,0.43299999999999994,1,0.007936507936507936
2922,88726,22,0.901,0.901,1,0.3181818181818182
2923,88760,34,0.847,0.847,1,0.08823529411764706
2924,88880,120,0.45999999999999996,0.45999999999999996,1,0.008333333333333333
2925,88967,87,0.6085,0.6085,1,0.011494252873563218
2926,89011,44,0.802,0.802,1,0.022727272727272728
2927,89029,18,0.919,0.919,1,0.05555555555555555
2928,89110,81,0.6355,0.6355,1,0.012345679012345678
2929,89154,44,0.802,0.802,1,0.022727272727272728
2930,89216,62,0.721,0.721,1,0.016129032258064516
2931,89379,163,0.26650000000000007,0.26650000000000007,1,0.006134969325153374
2932,89421,42,0.8109999999999999,0.8109999999999999,1,0.023809523809523808
2933,89449,28,0.874,0.874,1,0.10714285714285714
2934,89495,46,0.7929999999999999,0.7929999999999999,1,0.021739130434782608
2935,89547,52,0.766,0.766,1,0.25
2936,89574,27,0.8785,0.8785,1,0.037037037037037035
2937,89616,42,0.8109999999999999,0.8109999999999999,1,0.023809523809523808
2938,89638,22,0.901,0.901,1,0.045454545454545456
2939,89686,48,0.784,0.784,1,0.020833333333333332
2940,89754,68,0.694,0.694,1,0.014705882352941176
2941,89772,18,0.919,0.919,1,0.05555555555555555
2942,89887,115,0.48250000000000004,0.48250000000000004,1,0.008695652173913044
2943,89906,19,0.9145,0.9145,1,0.05263157894736842
2944,89927,21,0.9055,0.9055,1,0.047619047619047616
2945,89947,20,0.91,0.91,1,0.05
2946,89976,29,0.8694999999999999,0.8694999999999999,1,0.034482758620689655
2947,90000,24,0.892,0.892,1,0.041666666666666664
2948,90026,26,0.883,0.883,1,0.038461538461538464
2949,90056,30,0.865,0.865,1,0.1
2950,90072,16,0.9279999999999999,0.9279999999999999,1,0.0625
2951,90088,16,0.9279999999999999,0.9279999999999999,1,0.0625
2952,90106,18,0.919,0.919,1,0.05555555555555555
2953,90122,16,0.9279999999999999,0.9279999999999999,1,0.0625
2954,90150,28,0.874,0.874,1,0.03571428571428571
2955,90174,24,0.892,0.892,1,0.041666666666666664
2956,90190,16,0.9279999999999999,0.9279999999999999,1,0.0625
2957,90206,16,0.9279999999999999,0.9279999999999999,1,0.0625
2958,90238,32,0.856,0.856,1,0.03125
2959,90256,18,0.919,0.919,1,0.05555555555555555
2960,90278,22,0.901,0.901,1,0.045454545454545456
2961,90294,16,0.9279999999999999,0.9279999999999999,1,0.0625
2962,90314,20,0.91,0.91,1,0.05
2963,90348,34,0.847,0.847,1,0.029411764705882353
2964,90364,16,0.9279999999999999,0.9279999999999999,1,0.0625
2965,90380,16,0.9279999999999999,0.9279999999999999,1,0.0625
2966,90398,18,0.919,0.919,1,0.05555555555555555
2967,90414,16,0.9279999999999999,0.9279999999999999,1,0.0625
2968,90438,24,0.892,0.892,1,0.041666666666666664
2969,90454,16,0.9279999999999999,0.9279999999999999,1,0.0625
2970,90470,16,0.9279999999999999,0.9279999999999999,1,0.0625
2971,90484,14,0.9369999999999999,0.9369999999999999,1,0.07142857142857142
2972,90500,16,0.9279999999999999,0.9279999999999999,1,0.0625
2973,90594,94,0.577,0.577,1,0.8404255319148937
2974,90682,88,0.604,0.604,1,0.8295454545454546
2975,90732,50,0.775,0.775,1,0.46
2976,90752,20,0.91,0.91,1,0.05
2977,90766,14,0.9369999999999999,0.9369999999999999,1,0.07142857142857142
2978,90780,14,0.9369999999999999,0.9369999999999999,1,0.07142857142857142
2979,90794,14,0.9369999999999999,0.9369999999999999,1,0.07142857142857142
2980,90821,27,0.8785,0.8785,1,0.037037037037037035
2981,90845,24,0.892,0.892,1,0.041666666666666664
2982,90861,16,0.9279999999999999,0.9279999999999999,1,0.0625
2983,90881,20,0.91,0.91,1,0.05
2984,90917,36,0.838,0.838,1,0.027777777777777776
2985,90961,44,0.802,0.802,1,0.022727272727272728
2986,90977,16,0.9279999999999999,0.9279999999999999,1,0.0625
2987,90993,16,0.9279999999999999,0.9279999999999999,1,0.0625
2988,91030,37,0.8335,0.8335,1,0.13513513513513514
2989,91108,78,0.649,0.649,1,0.8076923076923077
2990,91128,20,0.91,0.91,1,0.35
2991,91154,26,0.883,0.883,1,0.5
2992,91170,16,0.9279999999999999,0.9279999999999999,1,0.0625
2993,91184,14,0.9369999999999999,0.9369999999999999,1,0.07142857142857142
2994,91204,20,0.91,0.91,1,0.35
2995,91227,23,0.8965,0.8965,1,0.30434782608695654
2996,91241,14,0.9369999999999999,0.9369999999999999,1,0.07142857142857142
2997,91255,14,0.9369999999999999,0.9369999999999999,1,0.07142857142857142
2998,91275,20,0.91,0.91,1,0.15
2999,91307,32,0.856,0.856,1,0.59375
3000,91321,14,0.9369999999999999,0.9369999999999999,1,0.07142857142857142
3001,91339,18,0.919,0.919,1,0.2777777777777778
3002,91357,18,0.919,0.919,1,0.2777777777777778
3003,91377,20,0.91,0.91,1,0.35
3004,91391,14,0.9369999999999999,0.9369999999999999,1,0.07142857142857142
3005,91425,34,0.847,0.847,1,0.6176470588235294
3006,91445,20,0.91,0.91,1,0.25
3007,91463,18,0.919,0.919,1,0.16666666666666666
3008,91487,24,0.892,0.892,1,0.4583333333333333
3009,91507,20,0.91,0.91,1,0.35
3010,91641,134,0.3969999999999999,0.3969999999999999,1,0.8432835820895522
3011,91747,106,0.5229999999999999,0.5229999999999999,1,0.8773584905660378
3012,91761,14,0.9369999999999999,0.9369999999999999,1,0.07142857142857142
3013,91777,16,0.9279999999999999,0.9279999999999999,1,0.0625
3014,91797,20,0.91,0.91,1,0.15
3015,91814,17,0.9235,0.9235,1,0.058823529411764705
3016,91892,78,0.649,0.649,1,0.7948717948717948
3017,91906,14,0.9369999999999999,0.9369999999999999,1,0.07142857142857142
3018,91920,14,0.9369999999999999,0.9369999999999999,1,0.07142857142857142
3019,91940,20,0.91,0.91,1,0.35
3020,91974,34,0.847,0.847,1,0.6176470588235294
3021,91988,14,0.9369999999999999,0.9369999999999999,1,0.07142857142857142
3022,92008,20,0.91,0.91,1,0.05
3023,92022,14,0.9369999999999999,0.9369999999999999,1,0.07142857142857142
3024,92036,14,0.9369999999999999,0.9369999999999999,1,0.07142857142857142
3025,92052,16,0.9279999999999999,0.9279999999999999,1,0.1875
3026,92070,18,0.919,0.919,1,0.2777777777777778
3027,92084,14,0.9369999999999999,0.9369999999999999,1,0.07142857142857142
3028,92102,18,0.919,0.919,1,0.2777777777777778
3029,92132,30,0.865,0.865,1,0.36666666666666664
3030,92148,16,0.9279999999999999,0.9279999999999999,1,0.0625
3031,92162,14,0.9369999999999999,0.9369999999999999,1,0.07142857142857142
3032,92180,18,0.919,0.919,1,0.16666666666666666
3033,92196,16,0.9279999999999999,0.9279999999999999,1,0.1875
3034,92214,18,0.919,0.919,1,0.16666666666666666
3035,92230,16,0.9279999999999999,0.9279999999999999,1,0.0625
3036,92260,30,0.865,0.865,1,0.5666666666666667
3037,92274,14,0.9369999999999999,0.9369999999999999,1,0.07142857142857142
3038,92294,20,0.91,0.91,1,0.25
3039,92308,14,0.9369999999999999,0.9369999999999999,1,0.07142857142857142
3040,92336,28,0.874,0.874,1,0.5357142857142857
3041,92431,95,0.5725,0.5725,1,0.08421052631578947
3042,92445,14,0.9369999999999999,0.9369999999999999,1,0.07142857142857142
3043,92459,14,0.9369999999999999,0.9369999999999999,1,0.07142857142857142
3044,92475,16,0.9279999999999999,0.9279999999999999,1,0.0625
3045,92491,16,0.9279999999999999,0.9279999999999999,1,0.0625
3046,92506,15,0.9325,0.9325,1,0.06666666666666667
3047,92524,18,0.919,0.919,1,0.2777777777777778
3048,92538,14,0.9369999999999999,0.9369999999999999,1,0.07142857142857142
3049,92554,16,0.9279999999999999,0.9279999999999999,1,0.0625
3050,92568,14,0.9369999999999999,0.9369999999999999,1,0.07142857142857142
3051,92584,16,0.9279999999999999,0.9279999999999999,1,0.1875
3052,92606,22,0.901,0.901,1,0.4090909090909091
3053,92622,16,0.9279999999999999,0.9279999999999999,1,0.0625
3054,92638,16,0.9279999999999999,0.9279999999999999,1,0.1875
3055,92654,16,0.9279999999999999,0.9279999999999999,1,0.0625
3056,92668,14,0.9369999999999999,0.9369999999999999,1,0.07142857142857142
3057,92684,16,0.9279999999999999,0.9279999999999999,1,0.1875
3058,92702,18,0.919,0.919,1,0.2777777777777778
3059,92716,14,0.9369999999999999,0.9369999999999999,1,0.07142857142857142
3060,92730,14,0.9369999999999999,0.9369999999999999,1,0.07142857142857142
3061,92744,14,0.9369999999999999,0.9369999999999999,1,0.07142857142857142
3062,92758,14,0.9369999999999999,0.9369999999999999,1,0.07142857142857142
3063,92772,14,0.9369999999999999,0.9369999999999999,1,0.07142857142857142
3064,92786,14,0.9369999999999999,0.9369999999999999,1,0.07142857142857142
3065,92800,14,0.9369999999999999,0.9369999999999999,1,0.07142857142857142
3066,92818,18,0.919,0.919,1,0.2777777777777778
3067,92832,14,0.9369999999999999,0.9369999999999999,1,0.07142857142857142
3068,92846,14,0.9369999999999999,0.9369999999999999,1,0.07142857142857142
3069,92860,14,0.9369999999999999,0.9369999999999999,1,0.07142857142857142
3070,92878,18,0.919,0.919,1,0.16666666666666666
3071,92894,16,0.9279999999999999,0.9279999999999999,1,0.0625
3072,92910,16,0.9279999999999999,0.9279999999999999,1,0.0625
3073,92928,18,0.919,0.919,1,0.05555555555555555
3074,92944,16,0.9279999999999999,0.9279999999999999,1,0.0625
3075,92958,14,0.9369999999999999,0.9369999999999999,1,0.07142857142857142
3076,92972,14,0.9369999999999999,0.9369999999999999,1,0.07142857142857142
3077,92988,16,0.9279999999999999,0.9279999999999999,1,0.0625
3078,93002,14,0.9369999999999999,0.9369999999999999,1,0.07142857142857142
3079,93018,16,0.9279999999999999,0.9279999999999999,1,0.0625
3080,93040,22,0.901,0.901,1,0.045454545454545456
3081,93061,21,0.9055,0.9055,1,0.047619047619047616
3082,93077,16,0.9279999999999999,0.9279999999999999,1,0.0625
3083,93091,14,0.9369999999999999,0.9369999999999999,1,0.07142857142857142
3084,93107,16,0.9279999999999999,0.9279999999999999,1,0.1875
3085,93123,16,0.9279999999999999,0.9279999999999999,1,0.0625
3086,93137,14,0.9369999999999999,0.9369999999999999,1,0.07142857142857142
3087,93152,15,0.9325,0.9325,1,0.06666666666666667
3088,93168,16,0.9279999999999999,0.9279999999999999,1,0.0625
3089,93184,16,0.9279999999999999,0.9279999999999999,1,0.0625
3090,93198,14,0.9369999999999999,0.9369999999999999,1,0.07142857142857142
3091,93218,20,0.91,0.91,1,0.05
3092,93234,16,0.9279999999999999,0.9279999999999999,1,0.0625
3093,93250,16,0.9279999999999999,0.9279999999999999,1,0.1875
3094,93266,16,0.9279999999999999,0.9279999999999999,1,0.0625
3095,93280,14,0.9369999999999999,0.9369999999999999,1,0.07142857142857142
3096,93294,14,0.9369999999999999,0.9369999999999999,1,0.07142857142857142
3097,93312,18,0.919,0.919,1,0.05555555555555555
3098,93327,15,0.9325,0.9325,1,0.06666666666666667
3099,93347,20,0.91,0.91,1,0.05
3100,93361,14,0.9369999999999999,0.9369999999999999,1,0.07142857142857142
3101,93377,16,0.9279999999999999,0.9279999999999999,1,0.0625
3102,93393,16,0.9279999999999999,0.9279999999999999,1,0.0625
3103,93411,18,0.919,0.919,1,0.05555555555555555
3104,93425,14,0.9369999999999999,0.9369999999999999,1,0.07142857142857142
3105,93439,14,0.9369999999999999,0.9369999999999999,1,0.07142857142857142
3106,93455,16,0.9279999999999999,0.9279999999999999,1,0.0625
3107,93477,22,0.901,0.901,1,0.045454545454545456
3108,93503,26,0.883,0.883,1,0.038461538461538464
3109,93531,28,0.874,0.874,1,0.03571428571428571
3110,93545,14,0.9369999999999999,0.9369999999999999,1,0.07142857142857142
3111,93559,14,0.9369999999999999,0.9369999999999999,1,0.07142857142857142
3112,93573,14,0.9369999999999999,0.9369999999999999,1,0.07142857142857142
3113,93589,16,0.9279999999999999,0.9279999999999999,1,0.1875
3114,93603,14,0.9369999999999999,0.9369999999999999,1,0.07142857142857142
3115,93617,14,0.9369999999999999,0.9369999999999999,1,0.07142857142857142
3116,93631,14,0.9369999999999999,0.9369999999999999,1,0.07142857142857142
3117,93645,14,0.9369999999999999,0.9369999999999999,1,0.07142857142857142
3118,93659,14,0.9369999999999999,0.9369999999999999,1,0.07142857142857142
3119,93683,24,0.892,0.892,1,0.041666666666666664
3120,93700,17,0.9235,0.9235,1,0.058823529411764705
3121,93716,16,0.9279999999999999,0.9279999999999999,1,0.0625
3122,93730,14,0.9369999999999999,0.9369999999999999,1,0.07142857142857142
3123,93744,14,0.9369999999999999,0.9369999999999999,1,0.07142857142857142
3124,93760,16,0.9279999999999999,0.9279999999999999,1,0.0625
3125,93774,14,0.9369999999999999,0.9369999999999999,1,0.07142857142857142
3126,93792,18,0.919,0.919,1,0.05555555555555555
3127,93806,14,0.9369999999999999,0.9369999999999999,1,0.07142857142857142
3128,93828,22,0.901,0.901,1,0.045454545454545456
3129,93844,16,0.9279999999999999,0.9279999999999999,1,0.0625
3130,93860,16,0.9279999999999999,0.9279999999999999,1,0.0625
3131,93876,16,0.9279999999999999,0.9279999999999999,1,0.0625
3132,93890,14,0.9369999999999999,0.9369999999999999,1,0.07142857142857142
3133,93907,17,0.9235,0.9235,1,0.058823529411764705
3134,93924,17,0.9235,0.9235,1,0.058823529411764705
3135,93940,16,0.9279999999999999,0.9279999999999999,1,0.0625
3136,93954,14,0.9369999999999999,0.9369999999999999,1,0.07142857142857142
3137,93974,20,0.91,0.91,1,0.05
3138,93988,14,0.9369999999999999,0.9369999999999999,1,0.07142857142857142
3139,94004,16,0.9279999999999999,0.9279999999999999,1,0.0625
3140,94018,14,0.9369999999999999,0.9369999999999999,1,0.07142857142857142
3141,94032,14,0.9369999999999999,0.9369999999999999,1,0.07142857142857142
3142,94048,16,0.9279999999999999,0.9279999999999999,1,0.1875
3143,94062,14,0.9369999999999999,0.9369999999999999,1,0.07142857142857142
3144,94076,14,0.9369999999999999,0.9369999999999999,1,0.07142857142857142
3145,94090,14,0.9369999999999999,0.9369999999999999,1,0.07142857142857142
3146,94104,14,0.9369999999999999,0.9369999999999999,1,0.07142857142857142
3147,94120,16,0.9279999999999999,0.9279999999999999,1,0.1875
3148,94134,14,0.9369999999999999,0.9369999999999999,1,0.07142857142857142
3149,94148,14,0.9369999999999999,0.9369999999999999,1,0.07142857142857142
3150,94162,14,0.9369999999999999,0.9369999999999999,1,0.07142857142857142
3151,94176,14,0.9369999999999999,0.9369999999999999,1,0.07142857142857142
3152,94190,14,0.9369999999999999,0.9369999999999999,1,0.07142857142857142
3153,94206,16,0.9279999999999999,0.9279999999999999,1,0.0625
3154,94220,14,0.9369999999999999,0.9369999999999999,1,0.07142857142857142
3155,94234,14,0.9369999999999999,0.9369999999999999,1,0.07142857142857142
3156,94248,14,0.9369999999999999,0.9369999999999999,1,0.07142857142857142
3157,94265,17,0.9235,0.9235,1,0.058823529411764705
3158,94279,14,0.9369999999999999,0.9369999999999999,1,0.07142857142857142
3159,94295,16,0.9279999999999999,0.9279999999999999,1,0.0625
3160,94309,14,0.9369999999999999,0.9369999999999999,1,0.07142857142857142
3161,94323,14,0.9369999999999999,0.9369999999999999,1,0.07142857142857142
3162,94337,14,0.9369999999999999,0.9369999999999999,1,0.07142857142857142
3163,94351,14,0.9369999999999999,0.9369999999999999,1,0.07142857142857142
3164,94369,18,0.919,0.919,1,0.05555555555555555
3165,94387,18,0.919,0.919,1,0.05555555555555555
3166,94403,16,0.9279999999999999,0.9279999999999999,1,0.0625
3167,94417,14,0.9369999999999999,0.9369999999999999,1,0.07142857142857142
3168,94433,16,0.9279999999999999,0.9279999999999999,1,0.0625
3169,94449,16,0.9279999999999999,0.9279999999999999,1,0.0625
3170,94465,16,0.9279999999999999,0.9279999999999999,1,0.0625
3171,94481,16,0.9279999999999999,0.9279999999999999,1,0.0625
3172,94495,14,0.9369999999999999,0.9369999999999999,1,0.07142857142857142
3173,94509,14,0.9369999999999999,0.9369999999999999,1,0.07142857142857142
3174,94523,14,0.9369999999999999,0.9369999999999999,1,0.07142857142857142
3175,94537,14,0.9369999999999999,0.9369999999999999,1,0.07142857142857142
3176,94551,14,0.9369999999999999,0.9369999999999999,1,0.07142857142857142
3177,94565,14,0.9369999999999999,0.9369999999999999,1,0.07142857142857142
3178,94579,14,0.9369999999999999,0.9369999999999999,1,0.07142857142857142
3179,94593,14,0.9369999999999999,0.9369999999999999,1,0.07142857142857142
3180,94607,14,0.9369999999999999,0.9369999999999999,1,0.07142857142857142
3181,94621,14,0.9369999999999999,0.9369999999999999,1,0.07142857142857142
3182,94635,14,0.9369999999999999,0.9369999999999999,1,0.07142857142857142
3183,94649,14,0.9369999999999999,0.9369999999999999,1,0.07142857142857142
3184,94663,14,0.9369999999999999,0.9369999999999999,1,0.07142857142857142
3185,94679,16,0.9279999999999999,0.9279999999999999,1,0.0625
3186,94693,14,0.9369999999999999,0.9369999999999999,1,0.07142857142857142
3187,94709,16,0.9279999999999999,0.9279999999999999,1,0.0625
3188,94725,16,0.9279999999999999,0.9279999999999999,1,0.0625
3189,94741,16,0.9279999999999999,0.9279999999999999,1,0.0625
3190,94755,14,0.9369999999999999,0.9369999999999999,1,0.07142857142857142
3191,94769,14,0.9369999999999999,0.9369999999999999,1,0.07142857142857142
3192,94787,18,0.919,0.919,1,0.16666666666666666
3193,94802,15,0.9325,0.9325,1,0.06666666666666667
3194,94820,18,0.919,0.919,1,0.2777777777777778
3195,94836,16,0.9279999999999999,0.9279999999999999,1,0.0625
3196,94852,16,0.9279999999999999,0.9279999999999999,1,0.0625
3197,94866,14,0.9369999999999999,0.9369999999999999,1,0.07142857142857142
3198,94882,16,0.9279999999999999,0.9279999999999999,1,0.0625
3199,94896,14,0.9369999999999999,0.9369999999999999,1,0.07142857142857142
3200,94910,14,0.9369999999999999,0.9369999999999999,1,0.07142857142857142
3201,94928,18,0.919,0.919,1,0.05555555555555555
3202,94942,14,0.9369999999999999,0.9369999999999999,1,0.07142857142857142
3203,94956,14,0.9369999999999999,0.9369999999999999,1,0.07142857142857142
3204,94970,14,0.9369999999999999,0.9369999999999999,1,0.07142857142857142
3205,94988,18,0.919,0.919,1,0.05555555555555555
3206,95002,14,0.9369999999999999,0.9369999999999999,1,0.07142857142857142
3207,95026,24,0.892,0.892,1,0.041666666666666664
3208,95040,14,0.9369999999999999,0.9369999999999999,1,0.07142857142857142
3209,95056,16,0.9279999999999999,0.9279999999999999,1,0.0625
3210,95070,14,0.9369999999999999,0.9369999999999999,1,0.07142857142857142
3211,95086,16,0.9279999999999999,0.9279999999999999,1,0.0625
3212,95102,16,0.9279999999999999,0.9279999999999999,1,0.0625
3213,95116,14,0.9369999999999999,0.9369999999999999,1,0.07142857142857142
3214,95132,16,0.9279999999999999,0.9279999999999999,1,0.0625
3215,95148,16,0.9279999999999999,0.9279999999999999,1,0.0625
3216,95162,14,0.9369999999999999,0.9369999999999999,1,0.07142857142857142
3217,95178,16,0.9279999999999999,0.9279999999999999,1,0.0625
3218,95192,14,0.9369999999999999,0.9369999999999999,1,0.07142857142857142
3219,95206,14,0.9369999999999999,0.9369999999999999,1,0.07142857142857142
3220,95222,16,0.9279999999999999,0.9279999999999999,1,0.0625
3221,95238,16,0.9279999999999999,0.9279999999999999,1,0.0625
3222,95252,14,0.9369999999999999,0.9369999999999999,1,0.07142857142857142
3223,95266,14,0.9369999999999999,0.9369999999999999,1,0.07142857142857142
3224,95280,14,0.9369999999999999,0.9369999999999999,1,0.07142857142857142
3225,95296,16,0.9279999999999999,0.9279999999999999,1,0.0625
3226,95312,16,0.9279999999999999,0.9279999999999999,1,0.0625
3227,95326,14,0.9369999999999999,0.9369999999999999,1,0.07142857142857142
3228,95340,14,0.9369999999999999,0.9369999999999999,1,0.07142857142857142
3229,95354,14,0.9369999999999999,0.9369999999999999,1,0.07142857142857142
3230,95378,24,0.892,0.892,1,0.041666666666666664
3231,95396,18,0.919,0.919,1,0.05555555555555555
3232,95412,16,0.9279999999999999,0.9279999999999999,1,0.0625
3233,95428,16,0.9279999999999999,0.9279999999999999,1,0.0625
3234,95442,14,0.9369999999999999,0.9369999999999999,1,0.07142857142857142
3235,95458,16,0.9279999999999999,0.9279999999999999,1,0.1875
3236,95472,14,0.9369999999999999,0.9369999999999999,1,0.07142857142857142
3237,95488,16,0.9279999999999999,0.9279999999999999,1,0.0625
3238,95504,16,0.9279999999999999,0.9279999999999999,1,0.0625
3239,95518,14,0.9369999999999999,0.9369999999999999,1,0.07142857142857142
3240,95534,16,0.9279999999999999,0.9279999999999999,1,0.0625
3241,95550,16,0.9279999999999999,0.9279999999999999,1,0.0625
3242,95564,14,0.9369999999999999,0.9369999999999999,1,0.07142857142857142
3243,95578,14,0.9369999999999999,0.9369999999999999,1,0.07142857142857142
3244,95592,14,0.9369999999999999,0.9369999999999999,1,0.07142857142857142
3245,95606,14,0.9369999999999999,0.9369999999999999,1,0.07142857142857142
3246,95626,20,0.91,0.91,1,0.15
3247,95640,14,0.9369999999999999,0.9369999999999999,1,0.07142857142857142
3248,95654,14,0.9369999999999999,0.9369999999999999,1,0.07142857142857142
3249,95670,16,0.9279999999999999,0.9279999999999999,1,0.0625
3250,95684,14,0.9369999999999999,0.9369999999999999,1,0.07142857142857142
3251,95700,16,0.9279999999999999,0.9279999999999999,1,0.0625
3252,95714,14,0.9369999999999999,0.9369999999999999,1,0.07142857142857142
3253,95728,14,0.9369999999999999,0.9369999999999999,1,0.07142857142857142
3254,95742,14,0.9369999999999999,0.9369999999999999,1,0.07142857142857142
3255,95756,14,0.9369999999999999,0.9369999999999999,1,0.07142857142857142
3256,95776,20,0.91,0.91,1,0.15
3257,95790,14,0.9369999999999999,0.9369999999999999,1,0.07142857142857142
3258,95808,18,0.919,0.919,1,0.05555555555555555
3259,95824,16,0.9279999999999999,0.9279999999999999,1,0.1875
3260,95838,14,0.9369999999999999,0.9369999999999999,1,0.07142857142857142
3261,95852,14,0.9369999999999999,0.9369999999999999,1,0.07142857142857142
3262,95866,14,0.9369999999999999,0.9369999999999999,1,0.07142857142857142
3263,95880,14,0.9369999999999999,0.9369999999999999,1,0.07142857142857142
3264,95894,14,0.9369999999999999,0.9369999999999999,1,0.07142857142857142
3265,95908,14,0.9369999999999999,0.9369999999999999,1,0.07142857142857142
3266,95922,14,0.9369999999999999,0.9369999999999999,1,0.07142857142857142
3267,95938,16,0.9279999999999999,0.9279999999999999,1,0.0625
3268,95952,14,0.9369999999999999,0.9369999999999999,1,0.07142857142857142
3269,95966,14,0.9369999999999999,0.9369999999999999,1,0.07142857142857142
3270,95984,18,0.919,0.919,1,0.05555555555555555
3271,95998,14,0.9369999999999999,0.9369999999999999,1,0.07142857142857142
3272,96012,14,0.9369999999999999,0.9369999999999999,1,0.07142857142857142
3273,96030,18,0.919,0.919,1,0.05555555555555555
3274,96044,14,0.9369999999999999,0.9369999999999999,1,0.07142857142857142
3275,96062,18,0.919,0.919,1,0.05555555555555555
3276,96076,14,0.9369999999999999,0.9369999999999999,1,0.07142857142857142
3277,96101,25,0.8875,0.8875,1,0.04
3278,96117,16,0.9279999999999999,0.9279999999999999,1,0.0625
3279,96131,14,0.9369999999999999,0.9369999999999999,1,0.07142857142857142
3280,96149,18,0.919,0.919,1,0.05555555555555555
3281,96163,14,0.9369999999999999,0.9369999999999999,1,0.07142857142857142
3282,96177,14,0.9369999999999999,0.9369999999999999,1,0.07142857142857142
3283,96191,14,0.9369999999999999,0.9369999999999999,1,0.07142857142857142
3284,96207,16,0.9279999999999999,0.9279999999999999,1,0.0625
3285,96221,14,0.9369999999999999,0.9369999999999999,1,0.07142857142857142
3286,96242,21,0.9055,0.9055,1,0.047619047619047616
3287,96258,16,0.9279999999999999,0.9279999999999999,1,0.0625
3288,96274,16,0.9279999999999999,0.9279999999999999,1,0.1875
3289,96288,14,0.9369999999999999,0.9369999999999999,1,0.07142857142857142
3290,96302,14,0.9369999999999999,0.9369999999999999,1,0.07142857142857142
3291,96321,19,0.9145,0.9145,1,0.2631578947368421
3292,96337,16,0.9279999999999999,0.9279999999999999,1,0.0625
3293,96355,18,0.919,0.919,1,0.16666666666666666
3294,96369,14,0.9369999999999999,0.9369999999999999,1,0.07142857142857142
3295,96387,18,0.919,0.919,1,0.05555555555555555
3296,96401,14,0.9369999999999999,0.9369999999999999,1,0.07142857142857142
3297,96417,16,0.9279999999999999,0.9279999999999999,1,0.0625
3298,96431,14,0.9369999999999999,0.9369999999999999,1,0.07142857142857142
3299,96445,14,0.9369999999999999,0.9369999999999999,1,0.07142857142857142
3300,96459,14,0.9369999999999999,0.9369999999999999,1,0.07142857142857142
3301,96475,16,0.9279999999999999,0.9279999999999999,1,0.0625
3302,96489,14,0.9369999999999999,0.9369999999999999,1,0.07142857142857142
3303,96505,16,0.9279999999999999,0.9279999999999999,1,0.0625
3304,96519,14,0.9369999999999999,0.9369999999999999,1,0.07142857142857142
3305,96533,14,0.9369999999999999,0.9369999999999999,1,0.07142857142857142
3306,96547,14,0.9369999999999999,0.9369999999999999,1,0.07142857142857142
3307,96561,14,0.9369999999999999,0.9369999999999999,1,0.07142857142857142
3308,96575,14,0.9369999999999999,0.9369999999999999,1,0.07142857142857142
3309,96589,14,0.9369999999999999,0.9369999999999999,1,0.07142857142857142
3310,96603,14,0.9369999999999999,0.9369999999999999,1,0.07142857142857142
3311,96617,14,0.9369999999999999,0.9369999999999999,1,0.07142857142857142
3312,96631,14,0.9369999999999999,0.9369999999999999,1,0.07142857142857142
3313,96645,14,0.9369999999999999,0.9369999999999999,1,0.07142857142857142
3314,96661,16,0.9279999999999999,0.9279999999999999,1,0.0625
3315,96675,14,0.9369999999999999,0.9369999999999999,1,0.07142857142857142
3316,96690,15,0.9325,0.9325,1,0.06666666666666667
3317,96704,14,0.9369999999999999,0.9369999999999999,1,0.07142857142857142
3318,96718,14,0.9369999999999999,0.9369999999999999,1,0.07142857142857142
3319,96732,14,0.9369999999999999,0.9369999999999999,1,0.07142857142857142
3320,96746,14,0.9369999999999999,0.9369999999999999,1,0.07142857142857142
3321,96760,14,0.9369999999999999,0.9369999999999999,1,0.07142857142857142
3322,96774,14,0.9369999999999999,0.9369999999999999,1,0.07142857142857142
3323,96790,16,0.9279999999999999,0.9279999999999999,1,0.0625
3324,96804,14,0.9369999999999999,0.9369999999999999,1,0.07142857142857142
3325,96818,14,0.9369999999999999,0.9369999999999999,1,0.07142857142857142
3326,96836,18,0.919,0.919,1,0.16666666666666666
3327,96853,17,0.9235,0.9235,1,0.058823529411764705
3328,96869,16,0.9279999999999999,0.9279999999999999,1,0.0625
3329,96883,14,0.9369999999999999,0.9369999999999999,1,0.07142857142857142
3330,96899,16,0.9279999999999999,0.9279999999999999,1,0.0625
3331,96915,16,0.9279999999999999,0.9279999999999999,1,0.0625
3332,96929,14,0.9369999999999999,0.9369999999999999,1,0.07142857142857142
3333,96943,14,0.9369999999999999,0.9369999999999999,1,0.07142857142857142
3334,96957,14,0.9369999999999999,0.9369999999999999,1,0.07142857142857142
3335,96971,14,0.9369999999999999,0.9369999999999999,1,0.07142857142857142
3336,96985,14,0.9369999999999999,0.9369999999999999,1,0.07142857142857142
3337,96999,14,0.9369999999999999,0.9369999999999999,1,0.07142857142857142
3338,97017,18,0.919,0.919,1,0.05555555555555555
3339,97031,14,0.9369999999999999,0.9369999999999999,1,0.07142857142857142
3340,97045,14,0.9369999999999999,0.9369999999999999,1,0.07142857142857142
3341,97061,16,0.9279999999999999,0.9279999999999999,1,0.0625
3342,97079,18,0.919,0.919,1,0.16666666666666666
3343,97093,14,0.9369999999999999,0.9369999999999999,1,0.07142857142857142
3344,97111,18,0.919,0.919,1,0.16666666666666666
3345,97125,14,0.9369999999999999,0.9369999999999999,1,0.07142857142857142
3346,97140,15,0.9325,0.9325,1,0.06666666666666667
3347,97156,16,0.9279999999999999,0.9279999999999999,1,0.0625
3348,97172,16,0.9279999999999999,0.9279999999999999,1,0.0625
3349,97186,14,0.9369999999999999,0.9369999999999999,1,0.07142857142857142
3350,97202,16,0.9279999999999999,0.9279999999999999,1,0.0625
3351,97216,14,0.9369999999999999,0.9369999999999999,1,0.07142857142857142
3352,97232,16,0.9279999999999999,0.9279999999999999,1,0.0625
3353,97248,16,0.9279999999999999,0.9279999999999999,1,0.0625
3354,97264,16,0.9279999999999999,0.9279999999999999,1,0.0625
3355,97278,14,0.9369999999999999,0.9369999999999999,1,0.07142857142857142
3356,97292,14,0.9369999999999999,0.9369999999999999,1,0.07142857142857142
3357,97308,16,0.9279999999999999,0.9279999999999999,1,0.0625
3358,97322,14,0.9369999999999999,0.9369999999999999,1,0.07142857142857142
3359,97336,14,0.9369999999999999,0.9369999999999999,1,0.07142857142857142
3360,97350,14,0.9369999999999999,0.9369999999999999,1,0.07142857142857142
3361,97364,14,0.9369999999999999,0.9369999999999999,1,0.07142857142857142
3362,97378,14,0.9369999999999999,0.9369999999999999,1,0.07142857142857142
3363,97392,14,0.9369999999999999,0.9369999999999999,1,0.07142857142857142
3364,97410,18,0.919,0.919,1,0.16666666666666666
3365,97424,14,0.9369999999999999,0.9369999999999999,1,0.07142857142857142
3366,97438,14,0.9369999999999999,0.9369999999999999,1,0.07142857142857142
3367,97454,16,0.9279999999999999,0.9279999999999999,1,0.0625
3368,97468,14,0.9369999999999999,0.9369999999999999,1,0.07142857142857142
3369,97484,16,0.9279999999999999,0.9279999999999999,1,0.0625
3370,97498,14,0.9369999999999999,0.9369999999999999,1,0.07142857142857142
3371,97516,18,0.919,0.919,1,0.05555555555555555
3372,97530,14,0.9369999999999999,0.9369999999999999,1,0.07142857142857142
3373,97544,14,0.9369999999999999,0.9369999999999999,1,0.07142857142857142
3374,97558,14,0.9369999999999999,0.9369999999999999,1,0.07142857142857142
3375,97576,18,0.919,0.919,1,0.05555555555555555
3376,97592,16,0.9279999999999999,0.9279999999999999,1,0.0625
3377,97606,14,0.9369999999999999,0.9369999999999999,1,0.07142857142857142
3378,97620,14,0.9369999999999999,0.9369999999999999,1,0.07142857142857142
3379,97634,14,0.9369999999999999,0.9369999999999999,1,0.07142857142857142
3380,97650,16,0.9279999999999999,0.9279999999999999,1,0.0625
3381,97668,18,0.919,0.919,1,0.16666666666666666
3382,97684,16,0.9279999999999999,0.9279999999999999,1,0.0625
3383,97699,15,0.9325,0.9325,1,0.06666666666666667
3384,97713,14,0.9369999999999999,0.9369999999999999,1,0.07142857142857142
3385,97727,14,0.9369999999999999,0.9369999999999999,1,0.07142857142857142
3386,97741,14,0.9369999999999999,0.9369999999999999,1,0.07142857142857142
3387,97755,14,0.9369999999999999,0.9369999999999999,1,0.07142857142857142
3388,97769,14,0.9369999999999999,0.9369999999999999,1,0.07142857142857142
3389,97783,14,0.9369999999999999,0.9369999999999999,1,0.07142857142857142
3390,97797,14,0.9369999999999999,0.9369999999999999,1,0.07142857142857142
3391,97811,14,0.9369999999999999,0.9369999999999999,1,0.07142857142857142
3392,97825,14,0.9369999999999999,0.9369999999999999,1,0.07142857142857142
3393,97841,16,0.9279999999999999,0.9279999999999999,1,0.0625
3394,97855,14,0.9369999999999999,0.9369999999999999,1,0.07142857142857142
3395,97869,14,0.9369999999999999,0.9369999999999999,1,0.07142857142857142
3396,97883,14,0.9369999999999999,0.9369999999999999,1,0.07142857142857142
3397,97897,14,0.9369999999999999,0.9369999999999999,1,0.07142857142857142
3398,97911,14,0.9369999999999999,0.9369999999999999,1,0.07142857142857142
3399,97927,16,0.9279999999999999,0.9279999999999999,1,0.1875
3400,97941,14,0.9369999999999999,0.9369999999999999,1,0.07142857142857142
3401,97955,14,0.9369999999999999,0.9369999999999999,1,0.07142857142857142
3402,97969,14,0.9369999999999999,0.9369999999999999,1,0.07142857142857142
3403,97985,16,0.9279999999999999,0.9279999999999999,1,0.0625
3404,98001,16,0.9279999999999999,0.9279999999999999,1,0.0625
3405,98015,14,0.9369999999999999,0.9369999999999999,1,0.07142857142857142
3406,98031,16,0.9279999999999999,0.9279999999999999,1,0.0625
3407,98045,14,0.9369999999999999,0.9369999999999999,1,0.07142857142857142
3408,98059,14,0.9369999999999999,0.9369999999999999,1,0.07142857142857142
3409,98073,14,0.9369999999999999,0.9369999999999999,1,0.07142857142857142
3410,98087,14,0.9369999999999999,0.9369999999999999,1,0.07142857142857142
3411,98105,18,0.919,0.919,1,0.05555555555555555
3412,98121,16,0.9279999999999999,0.9279999999999999,1,0.0625
3413,98135,14,0.9369999999999999,0.9369999999999999,1,0.07142857142857142
3414,98149,14,0.9369999999999999,0.9369999999999999,1,0.07142857142857142
3415,98163,14,0.9369999999999999,0.9369999999999999,1,0.07142857142857142
3416,98177,14,0.9369999999999999,0.9369999999999999,1,0.07142857142857142
3417,98191,14,0.9369999999999999,0.9369999999999999,1,0.07142857142857142
3418,98205,14,0.9369999999999999,0.9369999999999999,1,0.07142857142857142
3419,98225,20,0.91,0.91,1,0.05
3420,98239,14,0.9369999999999999,0.9369999999999999,1,0.07142857142857142
3421,98255,16,0.9279999999999999,0.9279999999999999,1,0.0625
3422,98271,16,0.9279999999999999,0.9279999999999999,1,0.0625
3423,98287,16,0.9279999999999999,0.9279999999999999,1,0.0625
3424,98305,18,0.919,0.919,1,0.05555555555555555
3425,98319,14,0.9369999999999999,0.9369999999999999,1,0.07142857142857142
3426,98333,14,0.9369999999999999,0.9369999999999999,1,0.07142857142857142
3427,98347,14,0.9369999999999999,0.9369999999999999,1,0.07142857142857142
3428,98361,14,0.9369999999999999,0.9369999999999999,1,0.07142857142857142
3429,98375,14,0.9369999999999999,0.9369999999999999,1,0.07142857142857142
3430,98389,14,0.9369999999999999,0.9369999999999999,1,0.07142857142857142
3431,98405,16,0.9279999999999999,0.9279999999999999,1,0.0625
3432,98419,14,0.9369999999999999,0.9369999999999999,1,0.07142857142857142
3433,98433,14,0.9369999999999999,0.9369999999999999,1,0.07142857142857142
3434,98447,14,0.9369999999999999,0.9369999999999999,1,0.07142857142857142
3435,98461,14,0.9369999999999999,0.9369999999999999,1,0.07142857142857142
3436,98475,14,0.9369999999999999,0.9369999999999999,1,0.07142857142857142
3437,98489,14,0.9369999999999999,0.9369999999999999,1,0.07142857142857142
3438,98505,16,0.9279999999999999,0.9279999999999999,1,0.0625
3439,98519,14,0.9369999999999999,0.9369999999999999,1,0.07142857142857142
3440,98533,14,0.9369999999999999,0.9369999999999999,1,0.07142857142857142
3441,98549,16,0.9279999999999999,0.9279999999999999,1,0.0625
3442,98565,16,0.9279999999999999,0.9279999999999999,1,0.0625
3443,98579,14,0.9369999999999999,0.9369999999999999,1,0.07142857142857142
3444,98593,14,0.9369999999999999,0.9369999999999999,1,0.07142857142857142
3445,98607,14,0.9369999999999999,0.9369999999999999,1,0.07142857142857142
3446,98623,16,0.9279999999999999,0.9279999999999999,1,0.0625
3447,98639,16,0.9279999999999999,0.9279999999999999,1,0.1875
3448,98655,16,0.9279999999999999,0.9279999999999999,1,0.0625
3449,98675,20,0.91,0.91,1,0.05
3450,98689,14,0.9369999999999999,0.9369999999999999,1,0.07142857142857142
3451,98705,16,0.9279999999999999,0.9279999999999999,1,0.1875
3452,98721,16,0.9279999999999999,0.9279999999999999,1,0.1875
3453,98740,19,0.9145,0.9145,1,0.05263157894736842
3454,98754,14,0.9369999999999999,0.9369999999999999,1,0.07142857142857142
3455,98768,14,0.9369999999999999,0.9369999999999999,1,0.07142857142857142
3456,98784,16,0.9279999999999999,0.9279999999999999,1,0.0625
3457,98799,15,0.9325,0.9325,1,0.06666666666666667
3458,98813,14,0.9369999999999999,0.9369999999999999,1,0.07142857142857142
3459,98827,14,0.9369999999999999,0.9369999999999999,1,0.07142857142857142
3460,98841,14,0.9369999999999999,0.9369999999999999,1,0.07142857142857142
3461,98857,16,0.9279999999999999,0.9279999999999999,1,0.0625
3462,98873,16,0.9279999999999999,0.9279999999999999,1,0.0625
3463,98887,14,0.9369999999999999,0.9369999999999999,1,0.07142857142857142
3464,98901,14,0.9369999999999999,0.9369999999999999,1,0.07142857142857142
3465,98915,14,0.9369999999999999,0.9369999999999999,1,0.07142857142857142
3466,98929,14,0.9369999999999999,0.9369999999999999,1,0.07142857142857142
3467,98943,14,0.9369999999999999,0.9369999999999999,1,0.07142857142857142
3468,98957,14,0.9369999999999999,0.9369999999999999,1,0.07142857142857142
3469,98971,14,0.9369999999999999,0.9369999999999999,1,0.07142857142857142
3470,98987,16,0.9279999999999999,0.9279999999999999,1,0.0625
3471,99003,16,0.9279999999999999,0.9279999999999999,1,0.0625
3472,99019,16,0.9279999999999999,0.9279999999999999,1,0.0625
3473,99033,14,0.9369999999999999,0.9369999999999999,1,0.07142857142857142
3474,99047,14,0.9369999999999999,0.9369999999999999,1,0.07142857142857142
3475,99061,14,0.9369999999999999,0.9369999999999999,1,0.07142857142857142
3476,99075,14,0.9369999999999999,0.9369999999999999,1,0.07142857142857142
3477,99091,16,0.9279999999999999,0.9279999999999999,1,0.0625
3478,99105,14,0.9369999999999999,0.9369999999999999,1,0.07142857142857142
3479,99119,14,0.9369999999999999,0.9369999999999999,1,0.07142857142857142
3480,99133,14,0.9369999999999999,0.9369999999999999,1,0.07142857142857142
3481,99147,14,0.9369999999999999,0.9369999999999999,1,0.07142857142857142
3482,99161,14,0.9369999999999999,0.9369999999999999,1,0.07142857142857142
3483,99175,14,0.9369999999999999,0.9369999999999999,1,0.07142857142857142
3484,99191,16,0.9279999999999999,0.9279999999999999,1,0.0625
3485,99205,14,0.9369999999999999,0.9369999999999999,1,0.07142857142857142
3486,99221,16,0.9279999999999999,0.9279999999999999,1,0.0625
3487,99235,14,0.9369999999999999,0.9369999999999999,1,0.07142857142857142
3488,99249,14,0.9369999999999999,0.9369999999999999,1,0.07142857142857142
3489,99263,14,0.9369999999999999,0.9369999999999999,1,0.07142857142857142
3490,99279,16,0.9279999999999999,0.9279999999999999,1,0.0625
3491,99293,14,0.9369999999999999,0.9369999999999999,1,0.07142857142857142
3492,99309,16,0.9279999999999999,0.9279999999999999,1,0.0625
3493,99323,14,0.9369999999999999,0.9369999999999999,1,0.07142857142857142
3494,99339,16,0.9279999999999999,0.9279999999999999,1,0.0625
3495,99353,14,0.9369999999999999,0.9369999999999999,1,0.07142857142857142
3496,99367,14,0.9369999999999999,0.9369999999999999,1,0.07142857142857142
3497,99383,16,0.9279999999999999,0.9279999999999999,1,0.0625
3498,99397,14,0.9369999999999999,0.9369999999999999,1,0.07142857142857142
3499,99411,14,0.9369999999999999,0.9369999999999999,1,0.07142857142857142
3500,99425,14,0.9369999999999999,0.9369999999999999,1,0.07142857142857142
3501,99439,14,0.9369999999999999,0.9369999999999999,1,0.07142857142857142
3502,99457,18,0.919,0.919,1,0.05555555555555555
3503,99473,16,0.9279999999999999,0.9279999999999999,1,0.0625
3504,99487,14,0.9369999999999999,0.9369999999999999,1,0.07142857142857142
3505,99501,14,0.9369999999999999,0.9369999999999999,1,0.07142857142857142
3506,99515,14,0.9369999999999999,0.9369999999999999,1,0.07142857142857142
3507,99529,14,0.9369999999999999,0.9369999999999999,1,0.07142857142857142
3508,99543,14,0.9369999999999999,0.9369999999999999,1,0.07142857142857142
3509,99559,16,0.9279999999999999,0.9279999999999999,1,0.0625
3510,99573,14,0.9369999999999999,0.9369999999999999,1,0.07142857142857142
3511,99587,14,0.9369999999999999,0.9369999999999999,1,0.07142857142857142
3512,99603,16,0.9279999999999999,0.9279999999999999,1,0.0625
3513,99621,18,0.919,0.919,1,0.16666666666666666
3514,99635,14,0.9369999999999999,0.9369999999999999,1,0.07142857142857142
3515,99649,14,0.9369999999999999,0.9369999999999999,1,0.07142857142857142
3516,99663,14,0.9369999999999999,0.9369999999999999,1,0.07142857142857142
3517,99677,14,0.9369999999999999,0.9369999999999999,1,0.07142857142857142
3518,99691,14,0.9369999999999999,0.9369999999999999,1,0.07142857142857142
3519,99705,14,0.9369999999999999,0.9369999999999999,1,0.07142857142857142
3520,99719,14,0.9369999999999999,0.9369999999999999,1,0.07142857142857142
3521,99735,16,0.9279999999999999,0.9279999999999999,1,0.0625
3522,99751,16,0.9279999999999999,0.9279999999999999,1,0.0625
3523,99771,20,0.91,0.91,1,0.05
3524,99785,14,0.9369999999999999,0.9369999999999999,1,0.07142857142857142
3525,99801,16,0.9279999999999999,0.9279999999999999,1,0.0625
3526,99817,16,0.9279999999999999,0.9279999999999999,1,0.0625
3527,99833,16,0.9279999999999999,0.9279999999999999,1,0.0625
3528,99847,14,0.9369999999999999,0.9369999999999999,1,0.07142857142857142
3529,99861,14,0.9369999999999999,0.9369999999999999,1,0.07142857142857142
3530,99877,16,0.9279999999999999,0.9279999999999999,1,0.0625
3531,99893,16,0.9279999999999999,0.9279999999999999,1,0.1875
3532,99907,14,0.9369999999999999,0.9369999999999999,1,0.07142857142857142
3533,99921,14,0.9369999999999999,0.9369999999999999,1,0.07142857142857142
3534,99937,16,0.9279999999999999,0.9279999999999999,1,0.0625
3535,99951,14,0.9369999999999999,0.9369999999999999,1,0.07142857142857142
3536,99969,18,0.919,0.919,1,0.05555555555555555
3537,99983,14,0.9369999999999999,0.9369999999999999,1,0.07142857142857142
3538,99999,16,0.9279999999999999,0.9279999999999999,1,0.0625
