episode,end_step,length,extrinsic_return,shaped_return,success,tv_fraction
0,200,200,0.0,0.0,0,0.015
1,400,200,0.0,0.0,0,0.19
2,600,200,0.0,0.0,0,0.125
3,800,200,0.0,0.0,0,0.32
4,900,100,0.55,0.55,1,0.08
5,1100,200,0.0,0.0,0,0.28
6,1300,200,0.0,0.0,0,0.21
7,1500,200,0.0,0.0,0,0.275
8,1700,200,0.0,0.0,0,0.1
9,1900,200,0.0,0.0,0,0.155
10,2100,200,0.0,0.0,0,0.17
11,2253,153,0.3115,0.3115,1,0.0392156862745098
12,2453,200,0.0,0.0,0,0.155
13,2653,200,0.0,0.0,0,0.185
14,2853,200,0.0,0.0,0,0.025
15,3053,200,0.0,0.0,0,0.05
16,3253,200,0.0,0.0,0,0.185
17,3453,200,0.0,0.0,0,0.135
18,3653,200,0.0,0.0,0,0.13
19,3853,200,0.0,0.0,0,0.29
20,4053,200,0.0,0.0,0,0.23
21,4253,200,0.0,0.0,0,0.02
22,4453,200,0.0,0.0,0,0.095
23,4653,200,0.0,0.0,0,0.055
24,4853,200,0.0,0.0,0,0.205
25,5053,200,0.0,0.0,0,0.15
26,5253,200,0.0,0.0,0,0.05
27,5384,131,0.4105,0.4105,1,0.022900763358778626
28,5584,200,0.0,0.0,0,0.16
29,5784,200,0.0,0.0,0,0.06
30,5984,200,0.0,0.0,0,0.085
31,6184,200,0.0,0.0,0,0.1
32,6384,200,0.0,0.0,0,0.08
33,6584,200,0.0,0.0,0,0.205
34,6733,149,0.3295,0.3295,1,0.06711409395973154
35,6901,168,0.244,0.244,1,0.011904761904761904
36,7101,200,0.0,0.0,0,0.245
37,7301,200,0.0,0.0,0,0.11
38,7501,200,0.0,0.0,0,0.215
39,7701,200,0.0,0.0,0,0.08
40,7885,184,0.17199999999999993,0.17199999999999993,1,0.021739130434782608
41,8011,126,0.43299999999999994,0.43299999999999994,1,0.047619047619047616
42,8211,200,0.0,0.0,0,0.195
43,8411,200,0.0,0.0,0,0.125
44,8611,200,0.0,0.0,0,0.195
45,8811,200,0.0,0.0,0,0.15
46,8938,127,0.4285,0.4285,1,0.007874015748031496
47,9138,200,0.0,0.0,0,0.04
48,9236,98,0.5589999999999999,0.5589999999999999,1,0.02040816326530612
49,9436,200,0.0,0.0,0,0.17
50,9636,200,0.0,0.0,0,0.07
51,9722,86,0.613,0.613,1,0.03488372093023256
52,9777,55,0.7525,0.7525,1,0.16363636363636364
53,9841,64,0.712,0.712,1,0.015625
54,9932,91,0.5905,0.5905,1,0.08791208791208792
55,10132,200,0.0,0.0,0,0.16
56,10286,154,0.30699999999999994,0.30699999999999994,1,0.032467532467532464
57,10486,200,0.0,0.0,0,0.055
58,10686,200,0.0,0.0,0,0.06
59,10886,200,0.0,0.0,0,0.18
60,11086,200,0.0,0.0,0,0.005
61,11286,200,0.0,0.0,0,0.12
62,11478,192,0.136,0.136,1,0.13541666666666666
63,11584,106,0.5229999999999999,0.5229999999999999,1,0.02830188679245283
64,11762,178,0.19899999999999995,0.19899999999999995,1,0.05056179775280899
65,11869,107,0.5185,0.5185,1,0.08411214953271028
66,11985,116,0.478,0.478,1,0.1724137931034483
67,12122,137,0.38349999999999995,0.38349999999999995,1,0.08029197080291971
68,12226,104,0.532,0.532,1,0.009615384615384616
69,12258,32,0.856,0.856,1,0.03125
70,12329,71,0.6805,0.6805,1,0.07042253521126761
71,12433,104,0.532,0.532,1,0.04807692307692308
72,12498,65,0.7075,0.7075,1,0.1076923076923077
73,12638,140,0.37,0.37,1,0.14285714285714285
74,12838,200,0.0,0.0,0,0.02
75,12902,64,0.712,0.712,1,0.046875
76,13033,131,0.4105,0.4105,1,0.022900763358778626
77,13088,55,0.7525,0.7525,1,0.01818181818181818
78,13276,188,0.15400000000000003,0.15400000000000003,1,0.11702127659574468
79,13407,131,0.4105,0.4105,1,0.13740458015267176
80,13483,76,0.6579999999999999,0.6579999999999999,1,0.039473684210526314
81,13541,58,0.739,0.739,1,0.22413793103448276
82,13587,46,0.7929999999999999,0.7929999999999999,1,0.021739130434782608
83,13610,23,0.8965,0.8965,1,0.2608695652173913
84,13804,194,0.127,0.127,1,0.1134020618556701
85,13988,184,0.17199999999999993,0.17199999999999993,1,0.07608695652173914
86,14188,200,0.0,0.0,0,0.15
87,14309,121,0.4555,0.4555,1,0.0743801652892562
88,14367,58,0.739,0.739,1,0.1724137931034483
89,14537,170,0.235,0.235,1,0.06470588235294118
90,14609,72,0.6759999999999999,0.6759999999999999,1,0.06944444444444445
91,14751,142,0.361,0.361,1,0.007042253521126761
92,14825,74,0.667,0.667,1,0.05405405405405406
93,14919,94,0.577,0.577,1,0.13829787234042554
94,14973,54,0.757,0.757,1,0.037037037037037035
95,15085,112,0.4959999999999999,0.4959999999999999,1,0.008928571428571428
96,15135,50,0.775,0.775,1,0.02
97,15335,200,0.0,0.0,0,0.015
98,15386,51,0.7705,0.7705,1,0.17647058823529413
99,15498,112,0.4959999999999999,0.4959999999999999,1,0.125
100,15571,73,0.6715,0.6715,1,0.0273972602739726
101,15702,131,0.4105,0.4105,1,0.015267175572519083
102,15794,92,0.586,0.586,1,0.03260869565217391
103,15860,66,0.703,0.703,1,0.015151515151515152
104,16060,200,0.0,0.0,0,0.09
105,16108,48,0.784,0.784,1,0.020833333333333332
106,16214,106,0.5229999999999999,0.5229999999999999,1,0.03773584905660377
107,16276,62,0.721,0.721,1,0.016129032258064516
108,16343,67,0.6984999999999999,0.6984999999999999,1,0.1044776119402985
109,16513,170,0.235,0.235,1,0.0058823529411764705
110,16565,52,0.766,0.766,1,0.019230769230769232
111,16658,93,0.5814999999999999,0.5814999999999999,1,0.08602150537634409
112,16732,74,0.667,0.667,1,0.16216216216216217
113,16840,108,0.514,0.514,1,0.009259259259259259
114,16998,158,0.2889999999999999,0.2889999999999999,1,0.006329113924050633
115,17062,64,0.712,0.712,1,0.015625
116,17163,101,0.5455,0.5455,1,0.009900990099009901
117,17363,200,0.0,0.0,0,0.005
118,17496,133,0.40149999999999997,0.40149999999999997,1,0.08270676691729323
119,17530,34,0.847,0.847,1,0.029411764705882353
120,17600,70,0.685,0.685,1,0.1
121,17715,115,0.48250000000000004,0.48250000000000004,1,0.008695652173913044
122,17915,200,0.0,0.0,0,0.025
123,18075,160,0.2799999999999999,0.2799999999999999,1,0.03125
124,18251,176,0.20799999999999996,0.20799999999999996,1,0.017045454545454544
125,18335,84,0.622,0.622,1,0.27380952380952384
126,18391,56,0.748,0.748,1,0.017857142857142856
127,18550,159,0.2845,0.2845,1,0.0440251572327044
128,18649,99,0.5545,0.5545,1,0.030303030303030304
129,18746,97,0.5635,0.5635,1,0.010309278350515464
130,18795,49,0.7795,0.7795,1,0.02040816326530612
131,18896,101,0.5455,0.5455,1,0.009900990099009901
132,18945,49,0.7795,0.7795,1,0.061224489795918366
133,18977,32,0.856,0.856,1,0.03125
134,19160,183,0.1765,0.1765,1,0.01639344262295082
135,19207,47,0.7885,0.7885,1,0.1702127659574468
136,19267,60,0.73,0.73,1,0.03333333333333333
137,19316,49,0.7795,0.7795,1,0.061224489795918366
138,19472,156,0.29799999999999993,0.29799999999999993,1,0.1794871794871795
139,19523,51,0.7705,0.7705,1,0.09803921568627451
140,19582,59,0.7344999999999999,0.7344999999999999,1,0.05084745762711865
141,19626,44,0.802,0.802,1,0.1590909090909091
142,19658,32,0.856,0.856,1,0.03125
143,19715,57,0.7435,0.7435,1,0.12280701754385964
144,19800,85,0.6174999999999999,0.6174999999999999,1,0.03529411764705882
145,19827,27,0.8785,0.8785,1,0.037037037037037035
146,19927,100,0.55,0.55,1,0.01
147,19997,70,0.685,0.685,1,0.04285714285714286
148,20101,104,0.532,0.532,1,0.23076923076923078
149,20209,108,0.514,0.514,1,0.046296296296296294
150,20233,24,0.892,0.892,1,0.125
151,20320,87,0.6085,0.6085,1,0.09195402298850575
152,20391,71,0.6805,0.6805,1,0.11267605633802817
153,20490,99,0.5545,0.5545,1,0.12121212121212122
154,20542,52,0.766,0.766,1,0.11538461538461539
155,20606,64,0.712,0.712,1,0.015625
156,20668,62,0.721,0.721,1,0.08064516129032258
157,20698,30,0.865,0.865,1,0.16666666666666666
158,20728,30,0.865,0.865,1,0.23333333333333334
159,20792,64,0.712,0.712,1,0.203125
160,20837,45,0.7975,0.7975,1,0.15555555555555556
161,20891,54,0.757,0.757,1,0.37037037037037035
162,20913,22,0.901,0.901,1,0.13636363636363635
163,20937,24,0.892,0.892,1,0.041666666666666664
164,21001,64,0.712,0.712,1,0.015625
165,21056,55,0.7525,0.7525,1,0.2
166,21112,56,0.748,0.748,1,0.125
167,21146,34,0.847,0.847,1,0.029411764705882353
168,21186,40,0.82,0.82,1,0.025
169,21242,56,0.748,0.748,1,0.017857142857142856
170,21305,63,0.7164999999999999,0.7164999999999999,1,0.14285714285714285
171,21386,81,0.6355,0.6355,1,0.037037037037037035
172,21525,139,0.37450000000000006,0.37450000000000006,1,0.007194244604316547
173,21579,54,0.757,0.757,1,0.1111111111111111
174,21659,80,0.6399999999999999,0.6399999999999999,1,0.0125
175,21702,43,0.8065,0.8065,1,0.11627906976744186
176,21756,54,0.757,0.757,1,0.018518518518518517
177,21783,27,0.8785,0.8785,1,0.037037037037037035
178,21824,41,0.8155,0.8155,1,0.07317073170731707
179,21872,48,0.784,0.784,1,0.020833333333333332
180,21919,47,0.7885,0.7885,1,0.1276595744680851
181,21975,56,0.748,0.748,1,0.03571428571428571
182,22006,31,0.8605,0.8605,1,0.16129032258064516
183,22072,66,0.703,0.703,1,0.06060606060606061
184,22124,52,0.766,0.766,1,0.038461538461538464
185,22144,20,0.91,0.91,1,0.15
186,22176,32,0.856,0.856,1,0.0625
187,22228,52,0.766,0.766,1,0.1346153846153846
188,22258,30,0.865,0.865,1,0.1
189,22350,92,0.586,0.586,1,0.010869565217391304
190,22434,84,0.622,0.622,1,0.10714285714285714
191,22495,61,0.7255,0.7255,1,0.08196721311475409
192,22521,26,0.883,0.883,1,0.11538461538461539
193,22575,54,0.757,0.757,1,0.05555555555555555
194,22629,54,0.757,0.757,1,0.09259259259259259
195,22659,30,0.865,0.865,1,0.03333333333333333
196,22749,90,0.595,0.595,1,0.1
197,22794,45,0.7975,0.7975,1,0.022222222222222223
198,22839,45,0.7975,0.7975,1,0.022222222222222223
199,22880,41,0.8155,0.8155,1,0.17073170731707318
200,22944,64,0.712,0.712,1,0.296875
201,22988,44,0.802,0.802,1,0.022727272727272728
202,23059,71,0.6805,0.6805,1,0.028169014084507043
203,23143,84,0.622,0.622,1,0.07142857142857142
204,23187,44,0.802,0.802,1,0.022727272727272728
205,23241,54,0.757,0.757,1,0.16666666666666666
206,23273,32,0.856,0.856,1,0.28125
207,23306,33,0.8514999999999999,0.8514999999999999,1,0.09090909090909091
208,23359,53,0.7615,0.7615,1,0.018867924528301886
209,23400,41,0.8155,0.8155,1,0.07317073170731707
210,23424,24,0.892,0.892,1,0.2916666666666667
211,23482,58,0.739,0.739,1,0.05172413793103448
212,23550,68,0.694,0.694,1,0.014705882352941176
213,23588,38,0.829,0.829,1,0.13157894736842105
214,23647,59,0.7344999999999999,0.7344999999999999,1,0.1016949152542373
215,23686,39,0.8245,0.8245,1,0.07692307692307693
216,23731,45,0.7975,0.7975,1,0.022222222222222223
217,23760,29,0.8694999999999999,0.8694999999999999,1,0.1724137931034483
218,23796,36,0.838,0.838,1,0.1111111111111111
219,23832,36,0.838,0.838,1,0.19444444444444445
220,23894,62,0.721,0.721,1,0.11290322580645161
221,23918,24,0.892,0.892,1,0.041666666666666664
222,23959,41,0.8155,0.8155,1,0.07317073170731707
223,24025,66,0.703,0.703,1,0.12121212121212122
224,24107,82,0.631,0.631,1,0.012195121951219513
225,24144,37,0.8335,0.8335,1,0.13513513513513514
226,24190,46,0.7929999999999999,0.7929999999999999,1,0.10869565217391304
227,24231,41,0.8155,0.8155,1,0.024390243902439025
228,24263,32,0.856,0.856,1,0.21875
229,24300,37,0.8335,0.8335,1,0.02702702702702703
230,24322,22,0.901,0.901,1,0.045454545454545456
231,24404,82,0.631,0.631,1,0.06097560975609756
232,24443,39,0.8245,0.8245,1,0.28205128205128205
233,24481,38,0.829,0.829,1,0.02631578947368421
234,24503,22,0.901,0.901,1,0.045454545454545456
235,24547,44,0.802,0.802,1,0.18181818181818182
236,24573,26,0.883,0.883,1,0.11538461538461539
237,24642,69,0.6895,0.6895,1,0.014492753623188406
238,24662,20,0.91,0.91,1,0.05
239,24710,48,0.784,0.784,1,0.020833333333333332
240,24746,36,0.838,0.838,1,0.08333333333333333
241,24785,39,0.8245,0.8245,1,0.02564102564102564
242,24831,46,0.7929999999999999,0.7929999999999999,1,0.021739130434782608
243,24867,36,0.838,0.838,1,0.1388888888888889
244,24908,41,0.8155,0.8155,1,0.024390243902439025
245,24975,67,0.6984999999999999,0.6984999999999999,1,0.13432835820895522
246,24999,24,0.892,0.892,1,0.125
247,25029,30,0.865,0.865,1,0.03333333333333333
248,25093,64,0.712,0.712,1,0.078125
249,25117,24,0.892,0.892,1,0.041666666666666664
250,25189,72,0.6759999999999999,0.6759999999999999,1,0.2361111111111111
251,25226,37,0.8335,0.8335,1,0.02702702702702703
252,25249,23,0.8965,0.8965,1,0.043478260869565216
253,25281,32,0.856,0.856,1,0.21875
254,25309,28,0.874,0.874,1,0.03571428571428571
255,25350,41,0.8155,0.8155,1,0.17073170731707318
256,25382,32,0.856,0.856,1,0.09375
257,25464,82,0.631,0.631,1,0.04878048780487805
258,25495,31,0.8605,0.8605,1,0.16129032258064516
259,25579,84,0.622,0.622,1,0.047619047619047616
260,25603,24,0.892,0.892,1,0.041666666666666664
261,25653,50,0.775,0.775,1,0.02
262,25727,74,0.667,0.667,1,0.13513513513513514
263,25755,28,0.874,0.874,1,0.32142857142857145
264,25811,56,0.748,0.748,1,0.16071428571428573
265,25837,26,0.883,0.883,1,0.038461538461538464
266,25875,38,0.829,0.829,1,0.05263157894736842
267,25926,51,0.7705,0.7705,1,0.17647058823529413
268,25971,45,0.7975,0.7975,1,0.022222222222222223
269,26021,50,0.775,0.775,1,0.06
270,26073,52,0.766,0.766,1,0.057692307692307696
271,26119,46,0.7929999999999999,0.7929999999999999,1,0.06521739130434782
272,26161,42,0.8109999999999999,0.8109999999999999,1,0.14285714285714285
273,26193,32,0.856,0.856,1,0.03125
274,26228,35,0.8425,0.8425,1,0.14285714285714285
275,26258,30,0.865,0.865,1,0.03333333333333333
276,26290,32,0.856,0.856,1,0.15625
277,26323,33,0.8514999999999999,0.8514999999999999,1,0.030303030303030304
278,26359,36,0.838,0.838,1,0.027777777777777776
279,26423,64,0.712,0.712,1,0.046875
280,26468,45,0.7975,0.7975,1,0.06666666666666667
281,26542,74,0.667,0.667,1,0.22972972972972974
282,26617,75,0.6625,0.6625,1,0.05333333333333334
283,26654,37,0.8335,0.8335,1,0.02702702702702703
284,26688,34,0.847,0.847,1,0.14705882352941177
285,26714,26,0.883,0.883,1,0.11538461538461539
286,26744,30,0.865,0.865,1,0.16666666666666666
287,26782,38,0.829,0.829,1,0.02631578947368421
288,26820,38,0.829,0.829,1,0.07894736842105263
289,26842,22,0.901,0.901,1,0.13636363636363635
290,26862,20,0.91,0.91,1,0.05
291,26890,28,0.874,0.874,1,0.10714285714285714
292,26932,42,0.8109999999999999,0.8109999999999999,1,0.16666666666666666
293,27085,153,0.3115,0.3115,1,0.026143790849673203
294,27125,40,0.82,0.82,1,0.025
295,27161,36,0.838,0.838,1,0.08333333333333333
296,27210,49,0.7795,0.7795,1,0.061224489795918366
297,27285,75,0.6625,0.6625,1,0.06666666666666667
298,27332,47,0.7885,0.7885,1,0.10638297872340426
299,27363,31,0.8605,0.8605,1,0.03225806451612903
300,27390,27,0.8785,0.8785,1,0.25925925925925924
301,27436,46,0.7929999999999999,0.7929999999999999,1,0.06521739130434782
302,27454,18,0.919,0.919,1,0.05555555555555555
303,27495,41,0.8155,0.8155,1,0.2926829268292683
304,27540,45,0.7975,0.7975,1,0.022222222222222223
305,27569,29,0.8694999999999999,0.8694999999999999,1,0.034482758620689655
306,27587,18,0.919,0.919,1,0.05555555555555555
307,27610,23,0.8965,0.8965,1,0.043478260869565216
308,27652,42,0.8109999999999999,0.8109999999999999,1,0.19047619047619047
309,27739,87,0.6085,0.6085,1,0.11494252873563218
310,27785,46,0.7929999999999999,0.7929999999999999,1,0.021739130434782608
311,27823,38,0.829,0.829,1,0.10526315789473684
312,27897,74,0.667,0.667,1,0.22972972972972974
313,27919,22,0.901,0.901,1,0.045454545454545456
314,27945,26,0.883,0.883,1,0.19230769230769232
315,28002,57,0.7435,0.7435,1,0.2631578947368421
316,28045,43,0.8065,0.8065,1,0.046511627906976744
317,28067,22,0.901,0.901,1,0.13636363636363635
318,28108,41,0.8155,0.8155,1,0.024390243902439025
319,28147,39,0.8245,0.8245,1,0.1794871794871795
320,28175,28,0.874,0.874,1,0.21428571428571427
321,28193,18,0.919,0.919,1,0.16666666666666666
322,28217,24,0.892,0.892,1,0.041666666666666664
323,28247,30,0.865,0.865,1,0.1
324,28291,44,0.802,0.802,1,0.06818181818181818
325,28328,37,0.8335,0.8335,1,0.10810810810810811
326,28372,44,0.802,0.802,1,0.13636363636363635
327,28405,33,0.8514999999999999,0.8514999999999999,1,0.030303030303030304
328,28448,43,0.8065,0.8065,1,0.06976744186046512
329,28472,24,0.892,0.892,1,0.125
330,28502,30,0.865,0.865,1,0.03333333333333333
331,28520,18,0.919,0.919,1,0.05555555555555555
332,28560,40,0.82,0.82,1,0.175
333,28583,23,0.8965,0.8965,1,0.043478260869565216
334,28624,41,0.8155,0.8155,1,0.21951219512195122
335,28653,29,0.8694999999999999,0.8694999999999999,1,0.034482758620689655
336,28677,24,0.892,0.892,1,0.041666666666666664
337,28716,39,0.8245,0.8245,1,0.07692307692307693
338,28748,32,0.856,0.856,1,0.03125
339,28772,24,0.892,0.892,1,0.041666666666666664
340,28802,30,0.865,0.865,1,0.1
341,28847,45,0.7975,0.7975,1,0.022222222222222223
342,28881,34,0.847,0.847,1,0.14705882352941177
343,28906,25,0.8875,0.8875,1,0.04
344,28952,46,0.7929999999999999,0.7929999999999999,1,0.06521739130434782
345,28974,22,0.901,0.901,1,0.13636363636363635
346,29023,49,0.7795,0.7795,1,0.061224489795918366
347,29045,22,0.901,0.901,1,0.045454545454545456
348,29245,200,0.0,0.0,0,0.005
349,29267,22,0.901,0.901,1,0.045454545454545456
350,29292,25,0.8875,0.8875,1,0.04
351,29340,48,0.784,0.784,1,0.020833333333333332
352,29370,30,0.865,0.865,1,0.23333333333333334
353,29384,14,0.9369999999999999,0.9369999999999999,1,0.07142857142857142
354,29414,30,0.865,0.865,1,0.03333333333333333
355,29443,29,0.8694999999999999,0.8694999999999999,1,0.034482758620689655
356,29480,37,0.8335,0.8335,1,0.35135135135135137
357,29518,38,0.829,0.829,1,0.13157894736842105
358,29544,26,0.883,0.883,1,0.19230769230769232
359,29562,18,0.919,0.919,1,0.16666666666666666
360,29585,23,0.8965,0.8965,1,0.043478260869565216
361,29629,44,0.802,0.802,1,0.045454545454545456
362,29663,34,0.847,0.847,1,0.08823529411764706
363,29689,26,0.883,0.883,1,0.11538461538461539
364,29719,30,0.865,0.865,1,0.03333333333333333
365,29757,38,0.829,0.829,1,0.07894736842105263
366,29957,200,0.0,0.0,0,0.01
367,29975,18,0.919,0.919,1,0.05555555555555555
368,29996,21,0.9055,0.9055,1,0.14285714285714285
369,30110,114,0.487,0.487,1,0.03508771929824561
370,30190,80,0.6399999999999999,0.6399999999999999,1,0.275
371,30218,28,0.874,0.874,1,0.03571428571428571
372,30258,40,0.82,0.82,1,0.1
373,30280,22,0.901,0.901,1,0.045454545454545456
374,30325,45,0.7975,0.7975,1,0.15555555555555556
375,30429,104,0.532,0.532,1,0.07692307692307693
376,30566,137,0.38349999999999995,0.38349999999999995,1,0.072992700729927
377,30610,44,0.802,0.802,1,0.022727272727272728
378,30645,35,0.8425,0.8425,1,0.11428571428571428
379,30671,26,0.883,0.883,1,0.11538461538461539
380,30699,28,0.874,0.874,1,0.10714285714285714
381,30733,34,0.847,0.847,1,0.029411764705882353
382,30760,27,0.8785,0.8785,1,0.037037037037037035
383,30801,41,0.8155,0.8155,1,0.024390243902439025
384,30969,168,0.244,0.244,1,0.011904761904761904
385,30996,27,0.8785,0.8785,1,0.1111111111111111
386,31063,67,0.6984999999999999,0.6984999999999999,1,0.04477611940298507
387,31263,200,0.0,0.0,0,0.05
388,31295,32,0.856,0.856,1,0.03125
389,31333,38,0.829,0.829,1,0.02631578947368421
390,31365,32,0.856,0.856,1,0.03125
391,31391,26,0.883,0.883,1,0.038461538461538464
392,31409,18,0.919,0.919,1,0.05555555555555555
393,31439,30,0.865,0.865,1,0.03333333333333333
394,31460,21,0.9055,0.9055,1,0.14285714285714285
395,31482,22,0.901,0.901,1,0.13636363636363635
396,31511,29,0.8694999999999999,0.8694999999999999,1,0.10344827586206896
397,31580,69,0.6895,0.6895,1,0.028985507246376812
398,31653,73,0.6715,0.6715,1,0.0410958904109589
399,31689,36,0.838,0.838,1,0.1388888888888889
400,31719,30,0.865,0.865,1,0.1
401,31751,32,0.856,0.856,1,0.15625
402,31773,22,0.901,0.901,1,0.22727272727272727
403,31805,32,0.856,0.856,1,0.03125
404,31851,46,0.7929999999999999,0.7929999999999999,1,0.021739130434782608
405,31879,28,0.874,0.874,1,0.10714285714285714
406,31923,44,0.802,0.802,1,0.022727272727272728
407,31979,56,0.748,0.748,1,0.05357142857142857
408,32013,34,0.847,0.847,1,0.029411764705882353
409,32031,18,0.919,0.919,1,0.05555555555555555
410,32075,44,0.802,0.802,1,0.045454545454545456
411,32104,29,0.8694999999999999,0.8694999999999999,1,0.034482758620689655
412,32138,34,0.847,0.847,1,0.08823529411764706
413,32172,34,0.847,0.847,1,0.029411764705882353
414,32198,26,0.883,0.883,1,0.19230769230769232
415,32253,55,0.7525,0.7525,1,0.12727272727272726
416,32289,36,0.838,0.838,1,0.027777777777777776
417,32427,138,0.379,0.379,1,0.057971014492753624
418,32457,30,0.865,0.865,1,0.16666666666666666
419,32475,18,0.919,0.919,1,0.16666666666666666
420,32499,24,0.892,0.892,1,0.041666666666666664
421,32539,40,0.82,0.82,1,0.025
422,32565,26,0.883,0.883,1,0.11538461538461539
423,32587,22,0.901,0.901,1,0.045454545454545456
424,32621,34,0.847,0.847,1,0.17647058823529413
425,32661,40,0.82,0.82,1,0.1
426,32733,72,0.6759999999999999,0.6759999999999999,1,0.1388888888888889
427,32805,72,0.6759999999999999,0.6759999999999999,1,0.041666666666666664
428,32891,86,0.613,0.613,1,0.11627906976744186
429,33016,125,0.4375,0.4375,1,0.024
430,33089,73,0.6715,0.6715,1,0.0136986301369863
431,33115,26,0.883,0.883,1,0.11538461538461539
432,33193,78,0.649,0.649,1,0.01282051282051282
433,33239,46,0.7929999999999999,0.7929999999999999,1,0.021739130434782608
434,33282,43,0.8065,0.8065,1,0.046511627906976744
435,33324,42,0.8109999999999999,0.8109999999999999,1,0.023809523809523808
436,33353,29,0.8694999999999999,0.8694999999999999,1,0.034482758620689655
437,33381,28,0.874,0.874,1,0.10714285714285714
438,33443,62,0.721,0.721,1,0.06451612903225806
439,33464,21,0.9055,0.9055,1,0.047619047619047616
440,33531,67,0.6984999999999999,0.6984999999999999,1,0.04477611940298507
441,33597,66,0.703,0.703,1,0.015151515151515152
442,33630,33,0.8514999999999999,0.8514999999999999,1,0.030303030303030304
443,33677,47,0.7885,0.7885,1,0.06382978723404255
444,33752,75,0.6625,0.6625,1,0.06666666666666667
445,33839,87,0.6085,0.6085,1,0.011494252873563218
446,33861,22,0.901,0.901,1,0.045454545454545456
447,33885,24,0.892,0.892,1,0.125
448,33938,53,0.7615,0.7615,1,0.018867924528301886
449,34018,80,0.6399999999999999,0.6399999999999999,1,0.0125
450,34040,22,0.901,0.901,1,0.045454545454545456
451,34090,50,0.775,0.775,1,0.1
452,34126,36,0.838,0.838,1,0.1388888888888889
453,34147,21,0.9055,0.9055,1,0.047619047619047616
454,34173,26,0.883,0.883,1,0.11538461538461539
455,34310,137,0.38349999999999995,0.38349999999999995,1,0.058394160583941604
456,34328,18,0.919,0.919,1,0.05555555555555555
457,34366,38,0.829,0.829,1,0.02631578947368421
458,34389,23,0.8965,0.8965,1,0.043478260869565216
459,34409,20,0.91,0.91,1,0.05
460,34436,27,0.8785,0.8785,1,0.037037037037037035
461,34456,20,0.91,0.91,1,0.05
462,34484,28,0.874,0.874,1,0.03571428571428571
463,34502,18,0.919,0.919,1,0.05555555555555555
464,34526,24,0.892,0.892,1,0.125
465,34558,32,0.856,0.856,1,0.03125
466,34578,20,0.91,0.91,1,0.05
467,34601,23,0.8965,0.8965,1,0.13043478260869565
468,34651,50,0.775,0.775,1,0.06
469,34691,40,0.82,0.82,1,0.025
470,34730,39,0.8245,0.8245,1,0.1282051282051282
471,34764,34,0.847,0.847,1,0.029411764705882353
472,34782,18,0.919,0.919,1,0.05555555555555555
473,34804,22,0.901,0.901,1,0.22727272727272727
474,34830,26,0.883,0.883,1,0.038461538461538464
475,34866,36,0.838,0.838,1,0.2222222222222222
476,34893,27,0.8785,0.8785,1,0.037037037037037035
477,34919,26,0.883,0.883,1,0.11538461538461539
478,34937,18,0.919,0.919,1,0.05555555555555555
479,34960,23,0.8965,0.8965,1,0.043478260869565216
480,34988,28,0.874,0.874,1,0.14285714285714285
481,35017,29,0.8694999999999999,0.8694999999999999,1,0.10344827586206896
482,35057,40,0.82,0.82,1,0.15
483,35089,32,0.856,0.856,1,0.09375
484,35122,33,0.8514999999999999,0.8514999999999999,1,0.030303030303030304
485,35146,24,0.892,0.892,1,0.20833333333333334
486,35171,25,0.8875,0.8875,1,0.12
487,35190,19,0.9145,0.9145,1,0.05263157894736842
488,35218,28,0.874,0.874,1,0.03571428571428571
489,35286,68,0.694,0.694,1,0.014705882352941176
490,35306,20,0.91,0.91,1,0.05
491,35330,24,0.892,0.892,1,0.125
492,35350,20,0.91,0.91,1,0.05
493,35395,45,0.7975,0.7975,1,0.022222222222222223
494,35420,25,0.8875,0.8875,1,0.04
495,35461,41,0.8155,0.8155,1,0.07317073170731707
496,35531,70,0.685,0.685,1,0.014285714285714285
497,35572,41,0.8155,0.8155,1,0.024390243902439025
498,35702,130,0.4149999999999999,0.4149999999999999,1,0.007692307692307693
499,35726,24,0.892,0.892,1,0.041666666666666664
500,35772,46,0.7929999999999999,0.7929999999999999,1,0.13043478260869565
501,35796,24,0.892,0.892,1,0.041666666666666664
502,35873,77,0.6535,0.6535,1,0.012987012987012988
503,35909,36,0.838,0.838,1,0.027777777777777776
504,35931,22,0.901,0.901,1,0.045454545454545456
505,35959,28,0.874,0.874,1,0.17857142857142858
506,35987,28,0.874,0.874,1,0.10714285714285714
507,36037,50,0.775,0.775,1,0.02
508,36053,16,0.9279999999999999,0.9279999999999999,1,0.0625
509,36069,16,0.9279999999999999,0.9279999999999999,1,0.0625
510,36083,14,0.9369999999999999,0.9369999999999999,1,0.07142857142857142
511,36099,16,0.9279999999999999,0.9279999999999999,1,0.0625
512,36126,27,0.8785,0.8785,1,0.1111111111111111
513,36150,24,0.892,0.892,1,0.041666666666666664
514,36170,20,0.91,0.91,1,0.05
515,36186,16,0.9279999999999999,0.9279999999999999,1,0.0625
516,36205,19,0.9145,0.9145,1,0.05263157894736842
517,36261,56,0.748,0.748,1,0.08928571428571429
518,36277,16,0.9279999999999999,0.9279999999999999,1,0.0625
519,36307,30,0.865,0.865,1,0.03333333333333333
520,36364,57,0.7435,0.7435,1,0.017543859649122806
521,36400,36,0.838,0.838,1,0.08333333333333333
522,36442,42,0.8109999999999999,0.8109999999999999,1,0.023809523809523808
523,36472,30,0.865,0.865,1,0.1
524,36510,38,0.829,0.829,1,0.02631578947368421
525,36548,38,0.829,0.829,1,0.02631578947368421
526,36581,33,0.8514999999999999,0.8514999999999999,1,0.030303030303030304
527,36609,28,0.874,0.874,1,0.03571428571428571
528,36637,28,0.874,0.874,1,0.03571428571428571
529,36662,25,0.8875,0.8875,1,0.04
530,36680,18,0.919,0.919,1,0.16666666666666666
531,36706,26,0.883,0.883,1,0.19230769230769232
532,36730,24,0.892,0.892,1,0.041666666666666664
533,36765,35,0.8425,0.8425,1,0.02857142857142857
534,36781,16,0.9279999999999999,0.9279999999999999,1,0.1875
535,36801,20,0.91,0.91,1,0.05
536,36819,18,0.919,0.919,1,0.05555555555555555
537,36845,26,0.883,0.883,1,0.07692307692307693
538,36896,51,0.7705,0.7705,1,0.0196078431372549
539,36917,21,0.9055,0.9055,1,0.047619047619047616
540,36945,28,0.874,0.874,1,0.10714285714285714
541,36987,42,0.8109999999999999,0.8109999999999999,1,0.14285714285714285
542,37003,16,0.9279999999999999,0.9279999999999999,1,0.0625
543,37019,16,0.9279999999999999,0.9279999999999999,1,0.0625
544,37043,24,0.892,0.892,1,0.125
545,37068,25,0.8875,0.8875,1,0.04
546,37096,28,0.874,0.874,1,0.03571428571428571
547,37114,18,0.919,0.919,1,0.05555555555555555
548,37130,16,0.9279999999999999,0.9279999999999999,1,0.0625
549,37153,23,0.8965,0.8965,1,0.30434782608695654
550,37208,55,0.7525,0.7525,1,0.09090909090909091
551,37228,20,0.91,0.91,1,0.05
552,37256,28,0.874,0.874,1,0.03571428571428571
553,37303,47,0.7885,0.7885,1,0.02127659574468085
554,37403,100,0.55,0.55,1,0.01
555,37456,53,0.7615,0.7615,1,0.09433962264150944
556,37481,25,0.8875,0.8875,1,0.04
557,37503,22,0.901,0.901,1,0.045454545454545456
558,37527,24,0.892,0.892,1,0.041666666666666664
559,37541,14,0.9369999999999999,0.9369999999999999,1,0.07142857142857142
560,37562,21,0.9055,0.9055,1,0.047619047619047616
561,37605,43,0.8065,0.8065,1,0.06976744186046512
562,37637,32,0.856,0.856,1,0.03125
563,37673,36,0.838,0.838,1,0.08333333333333333
564,37710,37,0.8335,0.8335,1,0.02702702702702703
565,37737,27,0.8785,0.8785,1,0.1111111111111111
566,37799,62,0.721,0.721,1,0.016129032258064516
567,37837,38,0.829,0.829,1,0.13157894736842105
568,37870,33,0.8514999999999999,0.8514999999999999,1,0.030303030303030304
569,37911,41,0.8155,0.8155,1,0.024390243902439025
570,37942,31,0.8605,0.8605,1,0.03225806451612903
571,37975,33,0.8514999999999999,0.8514999999999999,1,0.030303030303030304
572,38006,31,0.8605,0.8605,1,0.03225806451612903
573,38044,38,0.829,0.829,1,0.02631578947368421
574,38077,33,0.8514999999999999,0.8514999999999999,1,0.030303030303030304
575,38097,20,0.91,0.91,1,0.05
576,38140,43,0.8065,0.8065,1,0.20930232558139536
577,38213,73,0.6715,0.6715,1,0.0136986301369863
578,38241,28,0.874,0.874,1,0.10714285714285714
579,38299,58,0.739,0.739,1,0.08620689655172414
580,38327,28,0.874,0.874,1,0.03571428571428571
581,38380,53,0.7615,0.7615,1,0.018867924528301886
582,38420,40,0.82,0.82,1,0.125
583,38438,18,0.919,0.919,1,0.05555555555555555
584,38490,52,0.766,0.766,1,0.17307692307692307
585,38582,92,0.586,0.586,1,0.03260869565217391
586,38600,18,0.919,0.919,1,0.05555555555555555
587,38626,26,0.883,0.883,1,0.038461538461538464
588,38661,35,0.8425,0.8425,1,0.02857142857142857
589,38715,54,0.757,0.757,1,0.018518518518518517
590,38739,24,0.892,0.892,1,0.20833333333333334
591,38759,20,0.91,0.91,1,0.05
592,38787,28,0.874,0.874,1,0.03571428571428571
593,38811,24,0.892,0.892,1,0.041666666666666664
594,38851,40,0.82,0.82,1,0.1
595,38908,57,0.7435,0.7435,1,0.017543859649122806
596,38939,31,0.8605,0.8605,1,0.0967741935483871
597,38986,47,0.7885,0.7885,1,0.02127659574468085
598,39014,28,0.874,0.874,1,0.10714285714285714
599,39064,50,0.775,0.775,1,0.02
600,39092,28,0.874,0.874,1,0.10714285714285714
601,39118,26,0.883,0.883,1,0.11538461538461539
602,39132,14,0.9369999999999999,0.9369999999999999,1,0.07142857142857142
603,39150,18,0.919,0.919,1,0.05555555555555555
604,39170,20,0.91,0.91,1,0.15
605,39208,38,0.829,0.829,1,0.13157894736842105
606,39228,20,0.91,0.91,1,0.05
607,39242,14,0.9369999999999999,0.9369999999999999,1,0.07142857142857142
608,39259,17,0.9235,0.9235,1,0.17647058823529413
609,39279,20,0.91,0.91,1,0.15
610,39305,26,0.883,0.883,1,0.038461538461538464
611,39330,25,0.8875,0.8875,1,0.12
612,39358,28,0.874,0.874,1,0.10714285714285714
613,39384,26,0.883,0.883,1,0.11538461538461539
614,39438,54,0.757,0.757,1,0.018518518518518517
615,39472,34,0.847,0.847,1,0.029411764705882353
616,39526,54,0.757,0.757,1,0.05555555555555555
617,39544,18,0.919,0.919,1,0.05555555555555555
618,39573,29,0.8694999999999999,0.8694999999999999,1,0.10344827586206896
619,39595,22,0.901,0.901,1,0.13636363636363635
620,39613,18,0.919,0.919,1,0.16666666666666666
621,39647,34,0.847,0.847,1,0.20588235294117646
622,39670,23,0.8965,0.8965,1,0.043478260869565216
623,39690,20,0.91,0.91,1,0.15
624,39712,22,0.901,0.901,1,0.045454545454545456
625,39730,18,0.919,0.919,1,0.16666666666666666
626,39762,32,0.856,0.856,1,0.03125
627,39803,41,0.8155,0.8155,1,0.07317073170731707
628,39826,23,0.8965,0.8965,1,0.13043478260869565
629,39842,16,0.9279999999999999,0.9279999999999999,1,0.0625
630,39883,41,0.8155,0.8155,1,0.024390243902439025
631,39912,29,0.8694999999999999,0.8694999999999999,1,0.034482758620689655
632,39930,18,0.919,0.919,1,0.05555555555555555
633,39948,18,0.919,0.919,1,0.05555555555555555
634,39962,14,0.9369999999999999,0.9369999999999999,1,0.07142857142857142
635,39980,18,0.919,0.919,1,0.05555555555555555
636,39998,18,0.919,0.919,1,0.05555555555555555
637,40014,16,0.9279999999999999,0.9279999999999999,1,0.1875
638,40043,29,0.8694999999999999,0.8694999999999999,1,0.10344827586206896
639,40061,18,0.919,0.919,1,0.05555555555555555
640,40099,38,0.829,0.829,1,0.07894736842105263
641,40125,26,0.883,0.883,1,0.038461538461538464
642,40143,18,0.919,0.919,1,0.05555555555555555
643,40211,68,0.694,0.694,1,0.014705882352941176
644,40230,19,0.9145,0.9145,1,0.15789473684210525
645,40266,36,0.838,0.838,1,0.027777777777777776
646,40302,36,0.838,0.838,1,0.027777777777777776
647,40324,22,0.901,0.901,1,0.045454545454545456
648,40391,67,0.6984999999999999,0.6984999999999999,1,0.014925373134328358
649,40410,19,0.9145,0.9145,1,0.15789473684210525
650,40428,18,0.919,0.919,1,0.05555555555555555
651,40445,17,0.9235,0.9235,1,0.058823529411764705
652,40468,23,0.8965,0.8965,1,0.13043478260869565
653,40484,16,0.9279999999999999,0.9279999999999999,1,0.1875
654,40521,37,0.8335,0.8335,1,0.21621621621621623
655,40535,14,0.9369999999999999,0.9369999999999999,1,0.07142857142857142
656,40557,22,0.901,0.901,1,0.045454545454545456
657,40580,23,0.8965,0.8965,1,0.043478260869565216
658,40597,17,0.9235,0.9235,1,0.17647058823529413
659,40634,37,0.8335,0.8335,1,0.02702702702702703
660,40663,29,0.8694999999999999,0.8694999999999999,1,0.034482758620689655
661,40682,19,0.9145,0.9145,1,0.05263157894736842
662,40696,14,0.9369999999999999,0.9369999999999999,1,0.07142857142857142
663,40730,34,0.847,0.847,1,0.029411764705882353
664,40804,74,0.667,0.667,1,0.013513513513513514
665,40820,16,0.9279999999999999,0.9279999999999999,1,0.0625
666,40836,16,0.9279999999999999,0.9279999999999999,1,0.0625
667,40854,18,0.919,0.919,1,0.05555555555555555
668,40884,30,0.865,0.865,1,0.03333333333333333
669,40906,22,0.901,0.901,1,0.045454545454545456
670,40926,20,0.91,0.91,1,0.05
671,40983,57,0.7435,0.7435,1,0.07017543859649122
672,41001,18,0.919,0.919,1,0.05555555555555555
673,41015,14,0.9369999999999999,0.9369999999999999,1,0.07142857142857142
674,41041,26,0.883,0.883,1,0.34615384615384615
675,41071,30,0.865,0.865,1,0.5
676,41096,25,0.8875,0.8875,1,0.04
677,41112,16,0.9279999999999999,0.9279999999999999,1,0.1875
678,41136,24,0.892,0.892,1,0.041666666666666664
679,41154,18,0.919,0.919,1,0.05555555555555555
680,41168,14,0.9369999999999999,0.9369999999999999,1,0.07142857142857142
681,41192,24,0.892,0.892,1,0.375
682,41209,17,0.9235,0.9235,1,0.058823529411764705
683,41229,20,0.91,0.91,1,0.05
684,41252,23,0.8965,0.8965,1,0.21739130434782608
685,41277,25,0.8875,0.8875,1,0.28
686,41295,18,0.919,0.919,1,0.05555555555555555
687,41311,16,0.9279999999999999,0.9279999999999999,1,0.1875
688,41327,16,0.9279999999999999,0.9279999999999999,1,0.1875
689,41347,20,0.91,0.91,1,0.15
690,41387,40,0.82,0.82,1,0.025
691,41401,14,0.9369999999999999,0.9369999999999999,1,0.07142857142857142
692,41427,26,0.883,0.883,1,0.11538461538461539
693,41486,59,0.7344999999999999,0.7344999999999999,1,0.01694915254237288
694,41514,28,0.874,0.874,1,0.5357142857142857
695,41539,25,0.8875,0.8875,1,0.2
696,41561,22,0.901,0.901,1,0.045454545454545456
697,41575,14,0.9369999999999999,0.9369999999999999,1,0.07142857142857142
698,41601,26,0.883,0.883,1,0.038461538461538464
699,41620,19,0.9145,0.9145,1,0.05263157894736842
700,41634,14,0.9369999999999999,0.9369999999999999,1,0.07142857142857142
701,41650,16,0.9279999999999999,0.9279999999999999,1,0.0625
702,41715,65,0.7075,0.7075,1,0.676923076923077
703,41739,24,0.892,0.892,1,0.041666666666666664
704,41763,24,0.892,0.892,1,0.041666666666666664
705,41779,16,0.9279999999999999,0.9279999999999999,1,0.0625
706,41797,18,0.919,0.919,1,0.16666666666666666
707,41817,20,0.91,0.91,1,0.05
708,41833,16,0.9279999999999999,0.9279999999999999,1,0.0625
709,41855,22,0.901,0.901,1,0.13636363636363635
710,41871,16,0.9279999999999999,0.9279999999999999,1,0.0625
711,41887,16,0.9279999999999999,0.9279999999999999,1,0.0625
712,41905,18,0.919,0.919,1,0.05555555555555555
713,41923,18,0.919,0.919,1,0.16666666666666666
714,41945,22,0.901,0.901,1,0.13636363636363635
715,41965,20,0.91,0.91,1,0.15
716,41981,16,0.9279999999999999,0.9279999999999999,1,0.0625
717,42014,33,0.8514999999999999,0.8514999999999999,1,0.3939393939393939
718,42093,79,0.6445,0.6445,1,0.012658227848101266
719,42121,28,0.874,0.874,1,0.03571428571428571
720,42145,24,0.892,0.892,1,0.375
721,42218,73,0.6715,0.6715,1,0.2054794520547945
722,42242,24,0.892,0.892,1,0.4583333333333333
723,42442,200,0.0,0.0,0,0.045
724,42520,78,0.649,0.649,1,0.2692307692307692
725,42536,16,0.9279999999999999,0.9279999999999999,1,0.1875
726,42558,22,0.901,0.901,1,0.22727272727272727
727,42669,111,0.5005,0.5005,1,0.04504504504504504
728,42723,54,0.757,0.757,1,0.09259259259259259
729,42763,40,0.82,0.82,1,0.025
730,42797,34,0.847,0.847,1,0.3235294117647059
731,42898,101,0.5455,0.5455,1,0.0297029702970297
732,42930,32,0.856,0.856,1,0.03125
733,42959,29,0.8694999999999999,0.8694999999999999,1,0.034482758620689655
734,43016,57,0.7435,0.7435,1,0.40350877192982454
735,43216,200,0.0,0.0,0,0.035
736,43416,200,0.0,0.0,0,0.005
737,43496,80,0.6399999999999999,0.6399999999999999,1,0.0125
738,43693,197,0.11350000000000005,0.11350000000000005,1,0.03553299492385787
739,43781,88,0.604,0.604,1,0.011363636363636364
740,43928,147,0.3385,0.3385,1,0.006802721088435374
741,43987,59,0.7344999999999999,0.7344999999999999,1,0.01694915254237288
742,44023,36,0.838,0.838,1,0.027777777777777776
743,44051,28,0.874,0.874,1,0.03571428571428571
744,44207,156,0.29799999999999993,0.29799999999999993,1,0.00641025641025641
745,44223,16,0.9279999999999999,0.9279999999999999,1,0.1875
746,44423,200,0.0,0.0,0,0.005
747,44506,83,0.6265000000000001,0.6265000000000001,1,0.012048192771084338
748,44649,143,0.35650000000000004,0.35650000000000004,1,0.006993006993006993
749,44781,132,0.4059999999999999,0.4059999999999999,1,0.007575757575757576
750,44981,200,0.0,0.0,0,0.005
751,45021,40,0.82,0.82,1,0.025
752,45118,97,0.5635,0.5635,1,0.030927835051546393
753,45164,46,0.7929999999999999,0.7929999999999999,1,0.06521739130434782
754,45191,27,0.8785,0.8785,1,0.037037037037037035
755,45342,151,0.3205,0.3205,1,0.006622516556291391
756,45412,70,0.685,0.685,1,0.014285714285714285
757,45458,46,0.7929999999999999,0.7929999999999999,1,0.021739130434782608
758,45475,17,0.9235,0.9235,1,0.058823529411764705
759,45493,18,0.919,0.919,1,0.16666666666666666
760,45599,106,0.5229999999999999,0.5229999999999999,1,0.009433962264150943
761,45664,65,0.7075,0.7075,1,0.015384615384615385
762,45712,48,0.784,0.784,1,0.10416666666666667
763,45802,90,0.595,0.595,1,0.03333333333333333
764,45842,40,0.82,0.82,1,0.025
765,46005,163,0.26650000000000007,0.26650000000000007,1,0.006134969325153374
766,46023,18,0.919,0.919,1,0.05555555555555555
767,46067,44,0.802,0.802,1,0.022727272727272728
768,46101,34,0.847,0.847,1,0.029411764705882353
769,46119,18,0.919,0.919,1,0.16666666666666666
770,46144,25,0.8875,0.8875,1,0.04
771,46160,16,0.9279999999999999,0.9279999999999999,1,0.0625
772,46179,19,0.9145,0.9145,1,0.05263157894736842
773,46209,30,0.865,0.865,1,0.03333333333333333
774,46225,16,0.9279999999999999,0.9279999999999999,1,0.0625
775,46249,24,0.892,0.892,1,0.125
776,46307,58,0.739,0.739,1,0.05172413793103448
777,46337,30,0.865,0.865,1,0.03333333333333333
778,46421,84,0.622,0.622,1,0.03571428571428571
779,46509,88,0.604,0.604,1,0.011363636363636364
780,46570,61,0.7255,0.7255,1,0.01639344262295082
781,46690,120,0.45999999999999996,0.45999999999999996,1,0.008333333333333333
782,46722,32,0.856,0.856,1,0.03125
783,46744,22,0.901,0.901,1,0.045454545454545456
784,46764,20,0.91,0.91,1,0.05
785,46792,28,0.874,0.874,1,0.10714285714285714
786,46814,22,0.901,0.901,1,0.045454545454545456
787,46841,27,0.8785,0.8785,1,0.037037037037037035
788,46873,32,0.856,0.856,1,0.03125
789,46891,18,0.919,0.919,1,0.16666666666666666
790,46909,18,0.919,0.919,1,0.05555555555555555
791,46929,20,0.91,0.91,1,0.05
792,46947,18,0.919,0.919,1,0.05555555555555555
793,46970,23,0.8965,0.8965,1,0.043478260869565216
794,46994,24,0.892,0.892,1,0.041666666666666664
795,47012,18,0.919,0.919,1,0.05555555555555555
796,47094,82,0.631,0.631,1,0.012195121951219513
797,47124,30,0.865,0.865,1,0.03333333333333333
798,47156,32,0.856,0.856,1,0.03125
799,47194,38,0.829,0.829,1,0.07894736842105263
800,47352,158,0.2889999999999999,0.2889999999999999,1,0.0189873417721519
801,47379,27,0.8785,0.8785,1,0.1111111111111111
802,47443,64,0.712,0.712,1,0.046875
803,47619,176,0.20799999999999996,0.20799999999999996,1,0.005681818181818182
804,47658,39,0.8245,0.8245,1,0.02564102564102564
805,47678,20,0.91,0.91,1,0.05
806,47788,110,0.5049999999999999,0.5049999999999999,1,0.00909090909090909
807,47836,48,0.784,0.784,1,0.020833333333333332
808,47921,85,0.6174999999999999,0.6174999999999999,1,0.011764705882352941
809,47993,72,0.6759999999999999,0.6759999999999999,1,0.013888888888888888
810,48029,36,0.838,0.838,1,0.08333333333333333
811,48045,16,0.9279999999999999,0.9279999999999999,1,0.0625
812,48061,16,0.9279999999999999,0.9279999999999999,1,0.0625
813,48079,18,0.919,0.919,1,0.05555555555555555
814,48095,16,0.9279999999999999,0.9279999999999999,1,0.0625
815,48113,18,0.919,0.919,1,0.16666666666666666
816,48130,17,0.9235,0.9235,1,0.058823529411764705
817,48150,20,0.91,0.91,1,0.05
818,48172,22,0.901,0.901,1,0.045454545454545456
819,48188,16,0.9279999999999999,0.9279999999999999,1,0.0625
820,48204,16,0.9279999999999999,0.9279999999999999,1,0.0625
821,48222,18,0.919,0.919,1,0.05555555555555555
822,48240,18,0.919,0.919,1,0.05555555555555555
823,48264,24,0.892,0.892,1,0.25
824,48284,20,0.91,0.91,1,0.05
825,48302,18,0.919,0.919,1,0.16666666666666666
826,48318,16,0.9279999999999999,0.9279999999999999,1,0.0625
827,48336,18,0.919,0.919,1,0.05555555555555555
828,48354,18,0.919,0.919,1,0.05555555555555555
829,48370,16,0.9279999999999999,0.9279999999999999,1,0.0625
830,48392,22,0.901,0.901,1,0.13636363636363635
831,48410,18,0.919,0.919,1,0.05555555555555555
832,48430,20,0.91,0.91,1,0.15
833,48446,16,0.9279999999999999,0.9279999999999999,1,0.0625
834,48462,16,0.9279999999999999,0.9279999999999999,1,0.0625
835,48478,16,0.9279999999999999,0.9279999999999999,1,0.0625
836,48494,16,0.9279999999999999,0.9279999999999999,1,0.0625
837,48514,20,0.91,0.91,1,0.15
838,48531,17,0.9235,0.9235,1,0.058823529411764705
839,48549,18,0.919,0.919,1,0.05555555555555555
840,48567,18,0.919,0.919,1,0.05555555555555555
841,48583,16,0.9279999999999999,0.9279999999999999,1,0.0625
842,48601,18,0.919,0.919,1,0.05555555555555555
843,48617,16,0.9279999999999999,0.9279999999999999,1,0.0625
844,48633,16,0.9279999999999999,0.9279999999999999,1,0.0625
845,48653,20,0.91,0.91,1,0.05
846,48671,18,0.919,0.919,1,0.05555555555555555
847,48687,16,0.9279999999999999,0.9279999999999999,1,0.0625
848,48703,16,0.9279999999999999,0.9279999999999999,1,0.0625
849,48719,16,0.9279999999999999,0.9279999999999999,1,0.0625
850,48739,20,0.91,0.91,1,0.05
851,48761,22,0.901,0.901,1,0.045454545454545456
852,48779,18,0.919,0.919,1,0.05555555555555555
853,48795,16,0.9279999999999999,0.9279999999999999,1,0.0625
854,48815,20,0.91,0.91,1,0.05
855,48835,20,0.91,0.91,1,0.05
856,48867,32,0.856,0.856,1,0.03125
857,48889,22,0.901,0.901,1,0.045454545454545456
858,48906,17,0.9235,0.9235,1,0.058823529411764705
859,48924,18,0.919,0.919,1,0.05555555555555555
860,48945,21,0.9055,0.9055,1,0.047619047619047616
861,48971,26,0.883,0.883,1,0.038461538461538464
862,48991,20,0.91,0.91,1,0.05
863,49027,36,0.838,0.838,1,0.027777777777777776
864,49051,24,0.892,0.892,1,0.041666666666666664
865,49084,33,0.8514999999999999,0.8514999999999999,1,0.09090909090909091
866,49120,36,0.838,0.838,1,0.027777777777777776
867,49138,18,0.919,0.919,1,0.05555555555555555
868,49154,16,0.9279999999999999,0.9279999999999999,1,0.0625
869,49174,20,0.91,0.91,1,0.05
870,49196,22,0.901,0.901,1,0.045454545454545456
871,49214,18,0.919,0.919,1,0.05555555555555555
872,49244,30,0.865,0.865,1,0.1
873,49262,18,0.919,0.919,1,0.05555555555555555
874,49280,18,0.919,0.919,1,0.05555555555555555
875,49308,28,0.874,0.874,1,0.03571428571428571
876,49326,18,0.919,0.919,1,0.16666666666666666
877,49352,26,0.883,0.883,1,0.038461538461538464
878,49368,16,0.9279999999999999,0.9279999999999999,1,0.0625
879,49386,18,0.919,0.919,1,0.05555555555555555
880,49402,16,0.9279999999999999,0.9279999999999999,1,0.0625
881,49426,24,0.892,0.892,1,0.041666666666666664
882,49444,18,0.919,0.919,1,0.05555555555555555
883,49460,16,0.9279999999999999,0.9279999999999999,1,0.0625
884,49478,18,0.919,0.919,1,0.05555555555555555
885,49522,44,0.802,0.802,1,0.022727272727272728
886,49541,19,0.9145,0.9145,1,0.05263157894736842
887,49557,16,0.9279999999999999,0.9279999999999999,1,0.0625
888,49593,36,0.838,0.838,1,0.027777777777777776
889,49611,18,0.919,0.919,1,0.05555555555555555
890,49639,28,0.874,0.874,1,0.03571428571428571
891,49655,16,0.9279999999999999,0.9279999999999999,1,0.0625
892,49671,16,0.9279999999999999,0.9279999999999999,1,0.0625
893,49689,18,0.919,0.919,1,0.16666666666666666
894,49707,18,0.919,0.919,1,0.05555555555555555
895,49725,18,0.919,0.919,1,0.05555555555555555
896,49759,34,0.847,0.847,1,0.029411764705882353
897,49799,40,0.82,0.82,1,0.025
898,49823,24,0.892,0.892,1,0.041666666666666664
899,49849,26,0.883,0.883,1,0.038461538461538464
900,49875,26,0.883,0.883,1,0.038461538461538464
901,49891,16,0.9279999999999999,0.9279999999999999,1,0.0625
902,49911,20,0.91,0.91,1,0.05
903,49935,24,0.892,0.892,1,0.041666666666666664
904,50017,82,0.631,0.631,1,0.012195121951219513
905,50036,19,0.9145,0.9145,1,0.05263157894736842
906,50052,16,0.9279999999999999,0.9279999999999999,1,0.0625
907,50078,26,0.883,0.883,1,0.038461538461538464
908,50103,25,0.8875,0.8875,1,0.04
909,50119,16,0.9279999999999999,0.9279999999999999,1,0.0625
910,50145,26,0.883,0.883,1,0.038461538461538464
911,50170,25,0.8875,0.8875,1,0.04
912,50186,16,0.9279999999999999,0.9279999999999999,1,0.0625
913,50216,30,0.865,0.865,1,0.03333333333333333
914,50240,24,0.892,0.892,1,0.125
915,50256,16,0.9279999999999999,0.9279999999999999,1,0.0625
916,50300,44,0.802,0.802,1,0.022727272727272728
917,50316,16,0.9279999999999999,0.9279999999999999,1,0.0625
918,50332,16,0.9279999999999999,0.9279999999999999,1,0.0625
919,50354,22,0.901,0.901,1,0.045454545454545456
920,50386,32,0.856,0.856,1,0.03125
921,50402,16,0.9279999999999999,0.9279999999999999,1,0.0625
922,50420,18,0.919,0.919,1,0.05555555555555555
923,50450,30,0.865,0.865,1,0.03333333333333333
924,50468,18,0.919,0.919,1,0.05555555555555555
925,50486,18,0.919,0.919,1,0.05555555555555555
926,50502,16,0.9279999999999999,0.9279999999999999,1,0.0625
927,50518,16,0.9279999999999999,0.9279999999999999,1,0.0625
928,50536,18,0.919,0.919,1,0.05555555555555555
929,50557,21,0.9055,0.9055,1,0.047619047619047616
930,50573,16,0.9279999999999999,0.9279999999999999,1,0.0625
931,50593,20,0.91,0.91,1,0.05
932,50609,16,0.9279999999999999,0.9279999999999999,1,0.0625
933,50654,45,0.7975,0.7975,1,0.022222222222222223
934,50670,16,0.9279999999999999,0.9279999999999999,1,0.0625
935,50688,18,0.919,0.919,1,0.05555555555555555
936,50704,16,0.9279999999999999,0.9279999999999999,1,0.0625
937,50728,24,0.892,0.892,1,0.041666666666666664
938,50755,27,0.8785,0.8785,1,0.037037037037037035
939,50773,18,0.919,0.919,1,0.05555555555555555
940,50793,20,0.91,0.91,1,0.05
941,50813,20,0.91,0.91,1,0.15
942,50835,22,0.901,0.901,1,0.045454545454545456
943,50851,16,0.9279999999999999,0.9279999999999999,1,0.0625
944,50897,46,0.7929999999999999,0.7929999999999999,1,0.021739130434782608
945,50916,19,0.9145,0.9145,1,0.15789473684210525
946,50936,20,0.91,0.91,1,0.05
947,50962,26,0.883,0.883,1,0.038461538461538464
948,50980,18,0.919,0.919,1,0.16666666666666666
949,51003,23,0.8965,0.8965,1,0.043478260869565216
950,51019,16,0.9279999999999999,0.9279999999999999,1,0.0625
951,51037,18,0.919,0.919,1,0.05555555555555555
952,51155,118,0.469,0.469,1,0.00847457627118644
953,51213,58,0.739,0.739,1,0.017241379310344827
954,51267,54,0.757,0.757,1,0.018518518518518517
955,51359,92,0.586,0.586,1,0.010869565217391304
956,51443,84,0.622,0.622,1,0.011904761904761904
957,51557,114,0.487,0.487,1,0.008771929824561403
958,51591,34,0.847,0.847,1,0.029411764705882353
959,51621,30,0.865,0.865,1,0.03333333333333333
960,51643,22,0.901,0.901,1,0.13636363636363635
961,51747,104,0.532,0.532,1,0.009615384615384616
962,51800,53,0.7615,0.7615,1,0.018867924528301886
963,51825,25,0.8875,0.8875,1,0.04
964,51875,50,0.775,0.775,1,0.02
965,52004,129,0.4195,0.4195,1,0.007751937984496124
966,52020,16,0.9279999999999999,0.9279999999999999,1,0.0625
967,52036,16,0.9279999999999999,0.9279999999999999,1,0.0625
968,52054,18,0.919,0.919,1,0.05555555555555555
969,52070,16,0.9279999999999999,0.9279999999999999,1,0.0625
970,52086,16,0.9279999999999999,0.9279999999999999,1,0.0625
971,52151,65,0.7075,0.7075,1,0.015384615384615385
972,52183,32,0.856,0.856,1,0.03125
973,52201,18,0.919,0.919,1,0.05555555555555555
974,52221,20,0.91,0.91,1,0.05
975,52237,16,0.9279999999999999,0.9279999999999999,1,0.0625
976,52257,20,0.91,0.91,1,0.05
977,52276,19,0.9145,0.9145,1,0.05263157894736842
978,52296,20,0.91,0.91,1,0.05
979,52315,19,0.9145,0.9145,1,0.05263157894736842
980,52337,22,0.901,0.901,1,0.045454545454545456
981,52355,18,0.919,0.919,1,0.05555555555555555
982,52377,22,0.901,0.901,1,0.13636363636363635
983,52395,18,0.919,0.919,1,0.05555555555555555
984,52415,20,0.91,0.91,1,0.05
985,52435,20,0.91,0.91,1,0.05
986,52457,22,0.901,0.901,1,0.045454545454545456
987,52477,20,0.91,0.91,1,0.05
988,52495,18,0.919,0.919,1,0.05555555555555555
989,52515,20,0.91,0.91,1,0.05
990,52535,20,0.91,0.91,1,0.05
991,52557,22,0.901,0.901,1,0.045454545454545456
992,52652,95,0.5725,0.5725,1,0.010526315789473684
993,52670,18,0.919,0.919,1,0.05555555555555555
994,52688,18,0.919,0.919,1,0.05555555555555555
995,52708,20,0.91,0.91,1,0.05
996,52902,194,0.127,0.127,1,0.005154639175257732
997,52924,22,0.901,0.901,1,0.13636363636363635
998,52942,18,0.919,0.919,1,0.05555555555555555
999,52960,18,0.919,0.919,1,0.05555555555555555
1000,52980,20,0.91,0.91,1,0.15
1001,52998,18,0.919,0.919,1,0.05555555555555555
1002,53016,18,0.919,0.919,1,0.05555555555555555
1003,53034,18,0.919,0.919,1,0.05555555555555555
1004,53052,18,0.919,0.919,1,0.05555555555555555
1005,53084,32,0.856,0.856,1,0.03125
1006,53104,20,0.91,0.91,1,0.05
1007,53122,18,0.919,0.919,1,0.05555555555555555
1008,53138,16,0.9279999999999999,0.9279999999999999,1,0.0625
1009,53158,20,0.91,0.91,1,0.15
1010,53181,23,0.8965,0.8965,1,0.043478260869565216
1011,53205,24,0.892,0.892,1,0.041666666666666664
1012,53221,16,0.9279999999999999,0.9279999999999999,1,0.0625
1013,53239,18,0.919,0.919,1,0.05555555555555555
1014,53257,18,0.919,0.919,1,0.05555555555555555
1015,53283,26,0.883,0.883,1,0.038461538461538464
1016,53308,25,0.8875,0.8875,1,0.04
1017,53326,18,0.919,0.919,1,0.05555555555555555
1018,53344,18,0.919,0.919,1,0.05555555555555555
1019,53370,26,0.883,0.883,1,0.038461538461538464
1020,53393,23,0.8965,0.8965,1,0.043478260869565216
1021,53409,16,0.9279999999999999,0.9279999999999999,1,0.0625
1022,53426,17,0.9235,0.9235,1,0.058823529411764705
1023,53444,18,0.919,0.919,1,0.05555555555555555
1024,53465,21,0.9055,0.9055,1,0.047619047619047616
1025,53483,18,0.919,0.919,1,0.05555555555555555
1026,53517,34,0.847,0.847,1,0.029411764705882353
1027,53558,41,0.8155,0.8155,1,0.024390243902439025
1028,53578,20,0.91,0.91,1,0.15
1029,53598,20,0.91,0.91,1,0.05
1030,53618,20,0.91,0.91,1,0.15
1031,53646,28,0.874,0.874,1,0.03571428571428571
1032,53692,46,0.7929999999999999,0.7929999999999999,1,0.06521739130434782
1033,53716,24,0.892,0.892,1,0.041666666666666664
1034,53745,29,0.8694999999999999,0.8694999999999999,1,0.034482758620689655
1035,53761,16,0.9279999999999999,0.9279999999999999,1,0.0625
1036,53777,16,0.9279999999999999,0.9279999999999999,1,0.0625
1037,53811,34,0.847,0.847,1,0.029411764705882353
1038,53830,19,0.9145,0.9145,1,0.15789473684210525
1039,53854,24,0.892,0.892,1,0.041666666666666664
1040,53871,17,0.9235,0.9235,1,0.058823529411764705
1041,53891,20,0.91,0.91,1,0.05
1042,53915,24,0.892,0.892,1,0.125
1043,53936,21,0.9055,0.9055,1,0.047619047619047616
1044,53952,16,0.9279999999999999,0.9279999999999999,1,0.0625
1045,53970,18,0.919,0.919,1,0.05555555555555555
1046,54024,54,0.757,0.757,1,0.018518518518518517
1047,54052,28,0.874,0.874,1,0.03571428571428571
1048,54088,36,0.838,0.838,1,0.027777777777777776
1049,54104,16,0.9279999999999999,0.9279999999999999,1,0.0625
1050,54120,16,0.9279999999999999,0.9279999999999999,1,0.0625
1051,54138,18,0.919,0.919,1,0.05555555555555555
1052,54154,16,0.9279999999999999,0.9279999999999999,1,0.0625
1053,54172,18,0.919,0.919,1,0.05555555555555555
1054,54190,18,0.919,0.919,1,0.16666666666666666
1055,54204,14,0.9369999999999999,0.9369999999999999,1,0.07142857142857142
1056,54226,22,0.901,0.901,1,0.045454545454545456
1057,54244,18,0.919,0.919,1,0.16666666666666666
1058,54260,16,0.9279999999999999,0.9279999999999999,1,0.0625
1059,54282,22,0.901,0.901,1,0.045454545454545456
1060,54300,18,0.919,0.919,1,0.16666666666666666
1061,54316,16,0.9279999999999999,0.9279999999999999,1,0.0625
1062,54336,20,0.91,0.91,1,0.05
1063,54352,16,0.9279999999999999,0.9279999999999999,1,0.0625
1064,54370,18,0.919,0.919,1,0.05555555555555555
1065,54392,22,0.901,0.901,1,0.13636363636363635
1066,54408,16,0.9279999999999999,0.9279999999999999,1,0.0625
1067,54424,16,0.9279999999999999,0.9279999999999999,1,0.0625
1068,54442,18,0.919,0.919,1,0.05555555555555555
1069,54458,16,0.9279999999999999,0.9279999999999999,1,0.0625
1070,54474,16,0.9279999999999999,0.9279999999999999,1,0.0625
1071,54494,20,0.91,0.91,1,0.05
1072,54510,16,0.9279999999999999,0.9279999999999999,1,0.0625
1073,54526,16,0.9279999999999999,0.9279999999999999,1,0.0625
1074,54542,16,0.9279999999999999,0.9279999999999999,1,0.0625
1075,54558,16,0.9279999999999999,0.9279999999999999,1,0.0625
1076,54574,16,0.9279999999999999,0.9279999999999999,1,0.0625
1077,54592,18,0.919,0.919,1,0.05555555555555555
1078,54608,16,0.9279999999999999,0.9279999999999999,1,0.0625
1079,54624,16,0.9279999999999999,0.9279999999999999,1,0.0625
1080,54640,16,0.9279999999999999,0.9279999999999999,1,0.0625
1081,54658,18,0.919,0.919,1,0.05555555555555555
1082,54674,16,0.9279999999999999,0.9279999999999999,1,0.0625
1083,54690,16,0.9279999999999999,0.9279999999999999,1,0.0625
1084,54709,19,0.9145,0.9145,1,0.05263157894736842
1085,54728,19,0.9145,0.9145,1,0.05263157894736842
1086,54748,20,0.91,0.91,1,0.05
1087,54764,16,0.9279999999999999,0.9279999999999999,1,0.0625
1088,54822,58,0.739,0.739,1,0.017241379310344827
1089,54843,21,0.9055,0.9055,1,0.047619047619047616
1090,54861,18,0.919,0.919,1,0.05555555555555555
1091,54885,24,0.892,0.892,1,0.041666666666666664
1092,54903,18,0.919,0.919,1,0.05555555555555555
1093,54919,16,0.9279999999999999,0.9279999999999999,1,0.0625
1094,54935,16,0.9279999999999999,0.9279999999999999,1,0.0625
1095,54951,16,0.9279999999999999,0.9279999999999999,1,0.0625
1096,54971,20,0.91,0.91,1,0.05
1097,55171,200,0.0,0.0,0,0.045
1098,55211,40,0.82,0.82,1,0.425
1099,55318,107,0.5185,0.5185,1,0.24299065420560748
1100,55518,200,0.0,0.0,0,0.045
1101,55718,200,0.0,0.0,0,0.705
1102,55861,143,0.35650000000000004,0.35650000000000004,1,0.17482517482517482
1103,56014,153,0.3115,0.3115,1,0.006535947712418301
1104,56032,18,0.919,0.919,1,0.05555555555555555
1105,56052,20,0.91,0.91,1,0.05
1106,56074,22,0.901,0.901,1,0.045454545454545456
1107,56090,16,0.9279999999999999,0.9279999999999999,1,0.0625
1108,56217,127,0.4285,0.4285,1,0.007874015748031496
1109,56231,14,0.9369999999999999,0.9369999999999999,1,0.07142857142857142
1110,56313,82,0.631,0.631,1,0.012195121951219513
1111,56472,159,0.2845,0.2845,1,0.006289308176100629
1112,56504,32,0.856,0.856,1,0.03125
1113,56518,14,0.9369999999999999,0.9369999999999999,1,0.07142857142857142
1114,56685,167,0.24850000000000005,0.24850000000000005,1,0.005988023952095809
1115,56699,14,0.9369999999999999,0.9369999999999999,1,0.07142857142857142
1116,56824,125,0.4375,0.4375,1,0.008
1117,56838,14,0.9369999999999999,0.9369999999999999,1,0.07142857142857142
1118,56948,110,0.5049999999999999,0.5049999999999999,1,0.00909090909090909
1119,57054,106,0.5229999999999999,0.5229999999999999,1,0.8773584905660378
1120,57170,116,0.478,0.478,1,0.07758620689655173
1121,57186,16,0.9279999999999999,0.9279999999999999,1,0.0625
1122,57386,200,0.0,0.0,0,0.005
1123,57582,196,0.118,0.118,1,0.00510204081632653
1124,57598,16,0.9279999999999999,0.9279999999999999,1,0.0625
1125,57744,146,0.34299999999999997,0.34299999999999997,1,0.00684931506849315
1126,57764,20,0.91,0.91,1,0.05
1127,57906,142,0.361,0.361,1,0.007042253521126761
1128,58058,152,0.31599999999999995,0.31599999999999995,1,0.006578947368421052
1129,58074,16,0.9279999999999999,0.9279999999999999,1,0.0625
1130,58088,14,0.9369999999999999,0.9369999999999999,1,0.07142857142857142
1131,58106,18,0.919,0.919,1,0.05555555555555555
1132,58122,16,0.9279999999999999,0.9279999999999999,1,0.0625
1133,58136,14,0.9369999999999999,0.9369999999999999,1,0.07142857142857142
1134,58150,14,0.9369999999999999,0.9369999999999999,1,0.07142857142857142
1135,58164,14,0.9369999999999999,0.9369999999999999,1,0.07142857142857142
1136,58182,18,0.919,0.919,1,0.05555555555555555
1137,58198,16,0.9279999999999999,0.9279999999999999,1,0.0625
1138,58216,18,0.919,0.919,1,0.05555555555555555
1139,58232,16,0.9279999999999999,0.9279999999999999,1,0.0625
1140,58248,16,0.9279999999999999,0.9279999999999999,1,0.0625
1141,58268,20,0.91,0.91,1,0.05
1142,58284,16,0.9279999999999999,0.9279999999999999,1,0.0625
1143,58302,18,0.919,0.919,1,0.05555555555555555
1144,58322,20,0.91,0.91,1,0.35
1145,58336,14,0.9369999999999999,0.9369999999999999,1,0.07142857142857142
1146,58354,18,0.919,0.919,1,0.05555555555555555
1147,58429,75,0.6625,0.6625,1,0.013333333333333334
1148,58443,14,0.9369999999999999,0.9369999999999999,1,0.07142857142857142
1149,58457,14,0.9369999999999999,0.9369999999999999,1,0.07142857142857142
1150,58500,43,0.8065,0.8065,1,0.023255813953488372
1151,58514,14,0.9369999999999999,0.9369999999999999,1,0.07142857142857142
1152,58530,16,0.9279999999999999,0.9279999999999999,1,0.0625
1153,58544,14,0.9369999999999999,0.9369999999999999,1,0.07142857142857142
1154,58558,14,0.9369999999999999,0.9369999999999999,1,0.07142857142857142
1155,58576,18,0.919,0.919,1,0.05555555555555555
1156,58590,14,0.9369999999999999,0.9369999999999999,1,0.07142857142857142
1157,58641,51,0.7705,0.7705,1,0.0196078431372549
1158,58655,14,0.9369999999999999,0.9369999999999999,1,0.07142857142857142
1159,58706,51,0.7705,0.7705,1,0.0196078431372549
1160,58766,60,0.73,0.73,1,0.016666666666666666
1161,58780,14,0.9369999999999999,0.9369999999999999,1,0.07142857142857142
1162,58796,16,0.9279999999999999,0.9279999999999999,1,0.1875
1163,58812,16,0.9279999999999999,0.9279999999999999,1,0.1875
1164,58885,73,0.6715,0.6715,1,0.0136986301369863
1165,59085,200,0.0,0.0,0,0.01
1166,59112,27,0.8785,0.8785,1,0.037037037037037035
1167,59130,18,0.919,0.919,1,0.05555555555555555
1168,59144,14,0.9369999999999999,0.9369999999999999,1,0.07142857142857142
1169,59158,14,0.9369999999999999,0.9369999999999999,1,0.07142857142857142
1170,59172,14,0.9369999999999999,0.9369999999999999,1,0.07142857142857142
1171,59194,22,0.901,0.901,1,0.045454545454545456
1172,59218,24,0.892,0.892,1,0.125
1173,59234,16,0.9279999999999999,0.9279999999999999,1,0.0625
1174,59258,24,0.892,0.892,1,0.041666666666666664
1175,59299,41,0.8155,0.8155,1,0.024390243902439025
1176,59317,18,0.919,0.919,1,0.05555555555555555
1177,59366,49,0.7795,0.7795,1,0.08163265306122448
1178,59430,64,0.712,0.712,1,0.015625
1179,59446,16,0.9279999999999999,0.9279999999999999,1,0.0625
1180,59470,24,0.892,0.892,1,0.041666666666666664
1181,59498,28,0.874,0.874,1,0.03571428571428571
1182,59579,81,0.6355,0.6355,1,0.012345679012345678
1183,59595,16,0.9279999999999999,0.9279999999999999,1,0.0625
1184,59709,114,0.487,0.487,1,0.008771929824561403
1185,59730,21,0.9055,0.9055,1,0.047619047619047616
1186,59758,28,0.874,0.874,1,0.03571428571428571
1187,59802,44,0.802,0.802,1,0.022727272727272728
1188,59849,47,0.7885,0.7885,1,0.02127659574468085
1189,59873,24,0.892,0.892,1,0.041666666666666664
1190,59893,20,0.91,0.91,1,0.05
1191,59909,16,0.9279999999999999,0.9279999999999999,1,0.0625
1192,59927,18,0.919,0.919,1,0.05555555555555555
1193,59944,17,0.9235,0.9235,1,0.058823529411764705
1194,59995,51,0.7705,0.7705,1,0.0196078431372549
1195,60011,16,0.9279999999999999,0.9279999999999999,1,0.0625
1196,60033,22,0.901,0.901,1,0.3181818181818182
1197,60049,16,0.9279999999999999,0.9279999999999999,1,0.0625
1198,60065,16,0.9279999999999999,0.9279999999999999,1,0.0625
1199,60129,64,0.712,0.712,1,0.015625
1200,60262,133,0.40149999999999997,0.40149999999999997,1,0.007518796992481203
1201,60355,93,0.5814999999999999,0.5814999999999999,1,0.010752688172043012
1202,60373,18,0.919,0.919,1,0.05555555555555555
1203,60411,38,0.829,0.829,1,0.02631578947368421
1204,60477,66,0.703,0.703,1,0.015151515151515152
1205,60495,18,0.919,0.919,1,0.05555555555555555
1206,60593,98,0.5589999999999999,0.5589999999999999,1,0.01020408163265306
1207,60620,27,0.8785,0.8785,1,0.037037037037037035
1208,60705,85,0.6174999999999999,0.6174999999999999,1,0.011764705882352941
1209,60721,16,0.9279999999999999,0.9279999999999999,1,0.0625
1210,60829,108,0.514,0.514,1,0.009259259259259259
1211,60871,42,0.8109999999999999,0.8109999999999999,1,0.023809523809523808
1212,60891,20,0.91,0.91,1,0.05
1213,60909,18,0.919,0.919,1,0.05555555555555555
1214,60985,76,0.6579999999999999,0.6579999999999999,1,0.013157894736842105
1215,61003,18,0.919,0.919,1,0.05555555555555555
1216,61070,67,0.6984999999999999,0.6984999999999999,1,0.014925373134328358
1217,61084,14,0.9369999999999999,0.9369999999999999,1,0.07142857142857142
1218,61284,200,0.0,0.0,0,0.005
1219,61345,61,0.7255,0.7255,1,0.01639344262295082
1220,61393,48,0.784,0.784,1,0.10416666666666667
1221,61475,82,0.631,0.631,1,0.012195121951219513
1222,61675,200,0.0,0.0,0,0.005
1223,61815,140,0.37,0.37,1,0.007142857142857143
1224,62015,200,0.0,0.0,0,0.145
1225,62031,16,0.9279999999999999,0.9279999999999999,1,0.0625
1226,62047,16,0.9279999999999999,0.9279999999999999,1,0.1875
1227,62065,18,0.919,0.919,1,0.05555555555555555
1228,62081,16,0.9279999999999999,0.9279999999999999,1,0.0625
1229,62103,22,0.901,0.901,1,0.045454545454545456
1230,62121,18,0.919,0.919,1,0.05555555555555555
1231,62141,20,0.91,0.91,1,0.05
1232,62167,26,0.883,0.883,1,0.038461538461538464
1233,62182,15,0.9325,0.9325,1,0.06666666666666667
1234,62198,16,0.9279999999999999,0.9279999999999999,1,0.0625
1235,62214,16,0.9279999999999999,0.9279999999999999,1,0.0625
1236,62232,18,0.919,0.919,1,0.05555555555555555
1237,62252,20,0.91,0.91,1,0.05
1238,62268,16,0.9279999999999999,0.9279999999999999,1,0.0625
1239,62286,18,0.919,0.919,1,0.05555555555555555
1240,62325,39,0.8245,0.8245,1,0.02564102564102564
1241,62355,30,0.865,0.865,1,0.1
1242,62375,20,0.91,0.91,1,0.05
1243,62397,22,0.901,0.901,1,0.045454545454545456
1244,62442,45,0.7975,0.7975,1,0.022222222222222223
1245,62458,16,0.9279999999999999,0.9279999999999999,1,0.0625
1246,62476,18,0.919,0.919,1,0.05555555555555555
1247,62494,18,0.919,0.919,1,0.05555555555555555
1248,62694,200,0.0,0.0,0,0.005
1249,62826,132,0.4059999999999999,0.4059999999999999,1,0.007575757575757576
1250,62855,29,0.8694999999999999,0.8694999999999999,1,0.034482758620689655
1251,62871,16,0.9279999999999999,0.9279999999999999,1,0.0625
1252,62939,68,0.694,0.694,1,0.014705882352941176
1253,62955,16,0.9279999999999999,0.9279999999999999,1,0.0625
1254,62971,16,0.9279999999999999,0.9279999999999999,1,0.0625
1255,62998,27,0.8785,0.8785,1,0.037037037037037035
1256,63016,18,0.919,0.919,1,0.05555555555555555
1257,63030,14,0.9369999999999999,0.9369999999999999,1,0.07142857142857142
1258,63046,16,0.9279999999999999,0.9279999999999999,1,0.1875
1259,63060,14,0.9369999999999999,0.9369999999999999,1,0.07142857142857142
1260,63074,14,0.9369999999999999,0.9369999999999999,1,0.07142857142857142
1261,63092,18,0.919,0.919,1,0.05555555555555555
1262,63106,14,0.9369999999999999,0.9369999999999999,1,0.07142857142857142
1263,63122,16,0.9279999999999999,0.9279999999999999,1,0.0625
1264,63136,14,0.9369999999999999,0.9369999999999999,1,0.07142857142857142
1265,63150,14,0.9369999999999999,0.9369999999999999,1,0.07142857142857142
1266,63170,20,0.91,0.91,1,0.15
1267,63188,18,0.919,0.919,1,0.05555555555555555
1268,63214,26,0.883,0.883,1,0.11538461538461539
1269,63230,16,0.9279999999999999,0.9279999999999999,1,0.0625
1270,63248,18,0.919,0.919,1,0.05555555555555555
1271,63264,16,0.9279999999999999,0.9279999999999999,1,0.0625
1272,63280,16,0.9279999999999999,0.9279999999999999,1,0.0625
1273,63298,18,0.919,0.919,1,0.05555555555555555
1274,63312,14,0.9369999999999999,0.9369999999999999,1,0.07142857142857142
1275,63328,16,0.9279999999999999,0.9279999999999999,1,0.0625
1276,63346,18,0.919,0.919,1,0.05555555555555555
1277,63362,16,0.9279999999999999,0.9279999999999999,1,0.0625
1278,63376,14,0.9369999999999999,0.9369999999999999,1,0.07142857142857142
1279,63392,16,0.9279999999999999,0.9279999999999999,1,0.0625
1280,63408,16,0.9279999999999999,0.9279999999999999,1,0.1875
1281,63428,20,0.91,0.91,1,0.05
1282,63444,16,0.9279999999999999,0.9279999999999999,1,0.0625
1283,63458,14,0.9369999999999999,0.9369999999999999,1,0.07142857142857142
1284,63474,16,0.9279999999999999,0.9279999999999999,1,0.0625
1285,63488,14,0.9369999999999999,0.9369999999999999,1,0.07142857142857142
1286,63506,18,0.919,0.919,1,0.05555555555555555
1287,63637,131,0.4105,0.4105,1,0.007633587786259542
1288,63655,18,0.919,0.919,1,0.05555555555555555
1289,63669,14,0.9369999999999999,0.9369999999999999,1,0.07142857142857142
1290,63685,16,0.9279999999999999,0.9279999999999999,1,0.0625
1291,63701,16,0.9279999999999999,0.9279999999999999,1,0.0625
1292,63717,16,0.9279999999999999,0.9279999999999999,1,0.0625
1293,63733,16,0.9279999999999999,0.9279999999999999,1,0.0625
1294,63749,16,0.9279999999999999,0.9279999999999999,1,0.0625
1295,63767,18,0.919,0.919,1,0.05555555555555555
1296,63787,20,0.91,0.91,1,0.05
1297,63807,20,0.91,0.91,1,0.05
1298,63825,18,0.919,0.919,1,0.05555555555555555
1299,63839,14,0.9369999999999999,0.9369999999999999,1,0.07142857142857142
1300,63853,14,0.9369999999999999,0.9369999999999999,1,0.07142857142857142
1301,63867,14,0.9369999999999999,0.9369999999999999,1,0.07142857142857142
1302,63881,14,0.9369999999999999,0.9369999999999999,1,0.07142857142857142
1303,63915,34,0.847,0.847,1,0.5
1304,63929,14,0.9369999999999999,0.9369999999999999,1,0.07142857142857142
1305,63947,18,0.919,0.919,1,0.05555555555555555
1306,63961,14,0.9369999999999999,0.9369999999999999,1,0.07142857142857142
1307,63985,24,0.892,0.892,1,0.4583333333333333
1308,63999,14,0.9369999999999999,0.9369999999999999,1,0.07142857142857142
1309,64015,16,0.9279999999999999,0.9279999999999999,1,0.0625
1310,64029,14,0.9369999999999999,0.9369999999999999,1,0.07142857142857142
1311,64045,16,0.9279999999999999,0.9279999999999999,1,0.0625
1312,64065,20,0.91,0.91,1,0.05
1313,64079,14,0.9369999999999999,0.9369999999999999,1,0.07142857142857142
1314,64097,18,0.919,0.919,1,0.05555555555555555
1315,64111,14,0.9369999999999999,0.9369999999999999,1,0.07142857142857142
1316,64125,14,0.9369999999999999,0.9369999999999999,1,0.07142857142857142
1317,64145,20,0.91,0.91,1,0.05
1318,64159,14,0.9369999999999999,0.9369999999999999,1,0.07142857142857142
1319,64173,14,0.9369999999999999,0.9369999999999999,1,0.07142857142857142
1320,64187,14,0.9369999999999999,0.9369999999999999,1,0.07142857142857142
1321,64201,14,0.9369999999999999,0.9369999999999999,1,0.07142857142857142
1322,64219,18,0.919,0.919,1,0.05555555555555555
1323,64233,14,0.9369999999999999,0.9369999999999999,1,0.07142857142857142
1324,64247,14,0.9369999999999999,0.9369999999999999,1,0.07142857142857142
1325,64261,14,0.9369999999999999,0.9369999999999999,1,0.07142857142857142
1326,64281,20,0.91,0.91,1,0.05
1327,64307,26,0.883,0.883,1,0.038461538461538464
1328,64321,14,0.9369999999999999,0.9369999999999999,1,0.07142857142857142
1329,64339,18,0.919,0.919,1,0.05555555555555555
1330,64353,14,0.9369999999999999,0.9369999999999999,1,0.07142857142857142
1331,64371,18,0.919,0.919,1,0.05555555555555555
1332,64385,14,0.9369999999999999,0.9369999999999999,1,0.07142857142857142
1333,64399,14,0.9369999999999999,0.9369999999999999,1,0.07142857142857142
1334,64417,18,0.919,0.919,1,0.05555555555555555
1335,64431,14,0.9369999999999999,0.9369999999999999,1,0.07142857142857142
1336,64447,16,0.9279999999999999,0.9279999999999999,1,0.0625
1337,64471,24,0.892,0.892,1,0.041666666666666664
1338,64489,18,0.919,0.919,1,0.05555555555555555
1339,64505,16,0.9279999999999999,0.9279999999999999,1,0.0625
1340,64525,20,0.91,0.91,1,0.15
1341,64541,16,0.9279999999999999,0.9279999999999999,1,0.0625
1342,64561,20,0.91,0.91,1,0.05
1343,64575,14,0.9369999999999999,0.9369999999999999,1,0.07142857142857142
1344,64612,37,0.8335,0.8335,1,0.02702702702702703
1345,64628,16,0.9279999999999999,0.9279999999999999,1,0.1875
1346,64646,18,0.919,0.919,1,0.05555555555555555
1347,64663,17,0.9235,0.9235,1,0.058823529411764705
1348,64677,14,0.9369999999999999,0.9369999999999999,1,0.07142857142857142
1349,64691,14,0.9369999999999999,0.9369999999999999,1,0.07142857142857142
1350,64721,30,0.865,0.865,1,0.03333333333333333
1351,64737,16,0.9279999999999999,0.9279999999999999,1,0.0625
1352,64751,14,0.9369999999999999,0.9369999999999999,1,0.07142857142857142
1353,64769,18,0.919,0.919,1,0.16666666666666666
1354,64791,22,0.901,0.901,1,0.045454545454545456
1355,64805,14,0.9369999999999999,0.9369999999999999,1,0.07142857142857142
1356,64839,34,0.847,0.847,1,0.029411764705882353
1357,64884,45,0.7975,0.7975,1,0.022222222222222223
1358,64930,46,0.7929999999999999,0.7929999999999999,1,0.021739130434782608
1359,64958,28,0.874,0.874,1,0.03571428571428571
1360,64984,26,0.883,0.883,1,0.038461538461538464
1361,65009,25,0.8875,0.8875,1,0.04
1362,65025,16,0.9279999999999999,0.9279999999999999,1,0.1875
1363,65039,14,0.9369999999999999,0.9369999999999999,1,0.07142857142857142
1364,65055,16,0.9279999999999999,0.9279999999999999,1,0.0625
1365,65071,16,0.9279999999999999,0.9279999999999999,1,0.0625
1366,65085,14,0.9369999999999999,0.9369999999999999,1,0.07142857142857142
1367,65103,18,0.919,0.919,1,0.05555555555555555
1368,65117,14,0.9369999999999999,0.9369999999999999,1,0.07142857142857142
1369,65131,14,0.9369999999999999,0.9369999999999999,1,0.07142857142857142
1370,65145,14,0.9369999999999999,0.9369999999999999,1,0.07142857142857142
1371,65161,16,0.9279999999999999,0.9279999999999999,1,0.1875
1372,65177,16,0.9279999999999999,0.9279999999999999,1,0.0625
1373,65195,18,0.919,0.919,1,0.16666666666666666
1374,65211,16,0.9279999999999999,0.9279999999999999,1,0.0625
1375,65227,16,0.9279999999999999,0.9279999999999999,1,0.0625
1376,65241,14,0.9369999999999999,0.9369999999999999,1,0.07142857142857142
1377,65259,18,0.919,0.919,1,0.05555555555555555
1378,65273,14,0.9369999999999999,0.9369999999999999,1,0.07142857142857142
1379,65293,20,0.91,0.91,1,0.05
1380,65311,18,0.919,0.919,1,0.05555555555555555
1381,65325,14,0.9369999999999999,0.9369999999999999,1,0.07142857142857142
1382,65341,16,0.9279999999999999,0.9279999999999999,1,0.0625
1383,65355,14,0.9369999999999999,0.9369999999999999,1,0.07142857142857142
1384,65369,14,0.9369999999999999,0.9369999999999999,1,0.07142857142857142
1385,65383,14,0.9369999999999999,0.9369999999999999,1,0.07142857142857142
1386,65399,16,0.9279999999999999,0.9279999999999999,1,0.0625
1387,65413,14,0.9369999999999999,0.9369999999999999,1,0.07142857142857142
1388,65427,14,0.9369999999999999,0.9369999999999999,1,0.07142857142857142
1389,65441,14,0.9369999999999999,0.9369999999999999,1,0.07142857142857142
1390,65455,14,0.9369999999999999,0.9369999999999999,1,0.07142857142857142
1391,65471,16,0.9279999999999999,0.9279999999999999,1,0.0625
1392,65485,14,0.9369999999999999,0.9369999999999999,1,0.07142857142857142
1393,65503,18,0.919,0.919,1,0.16666666666666666
1394,65517,14,0.9369999999999999,0.9369999999999999,1,0.07142857142857142
1395,65531,14,0.9369999999999999,0.9369999999999999,1,0.07142857142857142
1396,65547,16,0.9279999999999999,0.9279999999999999,1,0.0625
1397,65561,14,0.9369999999999999,0.9369999999999999,1,0.07142857142857142
1398,65579,18,0.919,0.919,1,0.05555555555555555
1399,65593,14,0.9369999999999999,0.9369999999999999,1,0.07142857142857142
1400,65609,16,0.9279999999999999,0.9279999999999999,1,0.0625
1401,65625,16,0.9279999999999999,0.9279999999999999,1,0.0625
1402,65639,14,0.9369999999999999,0.9369999999999999,1,0.07142857142857142
1403,65657,18,0.919,0.919,1,0.05555555555555555
1404,65673,16,0.9279999999999999,0.9279999999999999,1,0.1875
1405,65691,18,0.919,0.919,1,0.16666666666666666
1406,65705,14,0.9369999999999999,0.9369999999999999,1,0.07142857142857142
1407,65721,16,0.9279999999999999,0.9279999999999999,1,0.0625
1408,65735,14,0.9369999999999999,0.9369999999999999,1,0.07142857142857142
1409,65749,14,0.9369999999999999,0.9369999999999999,1,0.07142857142857142
1410,65763,14,0.9369999999999999,0.9369999999999999,1,0.07142857142857142
1411,65779,16,0.9279999999999999,0.9279999999999999,1,0.0625
1412,65797,18,0.919,0.919,1,0.05555555555555555
1413,65813,16,0.9279999999999999,0.9279999999999999,1,0.0625
1414,65829,16,0.9279999999999999,0.9279999999999999,1,0.0625
1415,65843,14,0.9369999999999999,0.9369999999999999,1,0.07142857142857142
1416,65857,14,0.9369999999999999,0.9369999999999999,1,0.07142857142857142
1417,65871,14,0.9369999999999999,0.9369999999999999,1,0.07142857142857142
1418,65885,14,0.9369999999999999,0.9369999999999999,1,0.07142857142857142
1419,65899,14,0.9369999999999999,0.9369999999999999,1,0.07142857142857142
1420,65913,14,0.9369999999999999,0.9369999999999999,1,0.07142857142857142
1421,65929,16,0.9279999999999999,0.9279999999999999,1,0.0625
1422,65957,28,0.874,0.874,1,0.03571428571428571
1423,65971,14,0.9369999999999999,0.9369999999999999,1,0.07142857142857142
1424,65985,14,0.9369999999999999,0.9369999999999999,1,0.07142857142857142
1425,65999,14,0.9369999999999999,0.9369999999999999,1,0.07142857142857142
1426,66013,14,0.9369999999999999,0.9369999999999999,1,0.07142857142857142
1427,66029,16,0.9279999999999999,0.9279999999999999,1,0.0625
1428,66043,14,0.9369999999999999,0.9369999999999999,1,0.07142857142857142
1429,66061,18,0.919,0.919,1,0.2777777777777778
1430,66075,14,0.9369999999999999,0.9369999999999999,1,0.07142857142857142
1431,66091,16,0.9279999999999999,0.9279999999999999,1,0.1875
1432,66109,18,0.919,0.919,1,0.05555555555555555
1433,66126,17,0.9235,0.9235,1,0.17647058823529413
1434,66153,27,0.8785,0.8785,1,0.037037037037037035
1435,66167,14,0.9369999999999999,0.9369999999999999,1,0.07142857142857142
1436,66183,16,0.9279999999999999,0.9279999999999999,1,0.0625
1437,66201,18,0.919,0.919,1,0.05555555555555555
1438,66217,16,0.9279999999999999,0.9279999999999999,1,0.0625
1439,66235,18,0.919,0.919,1,0.05555555555555555
1440,66251,16,0.9279999999999999,0.9279999999999999,1,0.0625
1441,66271,20,0.91,0.91,1,0.15
1442,66287,16,0.9279999999999999,0.9279999999999999,1,0.1875
1443,66301,14,0.9369999999999999,0.9369999999999999,1,0.07142857142857142
1444,66345,44,0.802,0.802,1,0.022727272727272728
1445,66363,18,0.919,0.919,1,0.05555555555555555
1446,66379,16,0.9279999999999999,0.9279999999999999,1,0.0625
1447,66394,15,0.9325,0.9325,1,0.06666666666666667
1448,66408,14,0.9369999999999999,0.9369999999999999,1,0.07142857142857142
1449,66422,14,0.9369999999999999,0.9369999999999999,1,0.07142857142857142
1450,66438,16,0.9279999999999999,0.9279999999999999,1,0.1875
1451,66459,21,0.9055,0.9055,1,0.047619047619047616
1452,66473,14,0.9369999999999999,0.9369999999999999,1,0.07142857142857142
1453,66493,20,0.91,0.91,1,0.05
1454,66507,14,0.9369999999999999,0.9369999999999999,1,0.07142857142857142
1455,66548,41,0.8155,0.8155,1,0.024390243902439025
1456,66564,16,0.9279999999999999,0.9279999999999999,1,0.0625
1457,66578,14,0.9369999999999999,0.9369999999999999,1,0.07142857142857142
1458,66598,20,0.91,0.91,1,0.05
1459,66616,18,0.919,0.919,1,0.16666666666666666
1460,66636,20,0.91,0.91,1,0.05
1461,66655,19,0.9145,0.9145,1,0.05263157894736842
1462,66694,39,0.8245,0.8245,1,0.02564102564102564
1463,66740,46,0.7929999999999999,0.7929999999999999,1,0.06521739130434782
1464,66754,14,0.9369999999999999,0.9369999999999999,1,0.07142857142857142
1465,66772,18,0.919,0.919,1,0.05555555555555555
1466,66792,20,0.91,0.91,1,0.15
1467,66813,21,0.9055,0.9055,1,0.047619047619047616
1468,66827,14,0.9369999999999999,0.9369999999999999,1,0.07142857142857142
1469,66845,18,0.919,0.919,1,0.05555555555555555
1470,66861,16,0.9279999999999999,0.9279999999999999,1,0.0625
1471,66903,42,0.8109999999999999,0.8109999999999999,1,0.023809523809523808
1472,66917,14,0.9369999999999999,0.9369999999999999,1,0.07142857142857142
1473,66936,19,0.9145,0.9145,1,0.05263157894736842
1474,66951,15,0.9325,0.9325,1,0.06666666666666667
1475,66965,14,0.9369999999999999,0.9369999999999999,1,0.07142857142857142
1476,66981,16,0.9279999999999999,0.9279999999999999,1,0.0625
1477,66995,14,0.9369999999999999,0.9369999999999999,1,0.07142857142857142
1478,67009,14,0.9369999999999999,0.9369999999999999,1,0.07142857142857142
1479,67025,16,0.9279999999999999,0.9279999999999999,1,0.0625
1480,67039,14,0.9369999999999999,0.9369999999999999,1,0.07142857142857142
1481,67053,14,0.9369999999999999,0.9369999999999999,1,0.07142857142857142
1482,67067,14,0.9369999999999999,0.9369999999999999,1,0.07142857142857142
1483,67081,14,0.9369999999999999,0.9369999999999999,1,0.07142857142857142
1484,67095,14,0.9369999999999999,0.9369999999999999,1,0.07142857142857142
1485,67109,14,0.9369999999999999,0.9369999999999999,1,0.07142857142857142
1486,67129,20,0.91,0.91,1,0.05
1487,67143,14,0.9369999999999999,0.9369999999999999,1,0.07142857142857142
1488,67157,14,0.9369999999999999,0.9369999999999999,1,0.07142857142857142
1489,67175,18,0.919,0.919,1,0.05555555555555555
1490,67189,14,0.9369999999999999,0.9369999999999999,1,0.07142857142857142
1491,67208,19,0.9145,0.9145,1,0.05263157894736842
1492,67257,49,0.7795,0.7795,1,0.02040816326530612
1493,67271,14,0.9369999999999999,0.9369999999999999,1,0.07142857142857142
1494,67285,14,0.9369999999999999,0.9369999999999999,1,0.07142857142857142
1495,67311,26,0.883,0.883,1,0.038461538461538464
1496,67343,32,0.856,0.856,1,0.59375
1497,67379,36,0.838,0.838,1,0.4166666666666667
1498,67430,51,0.7705,0.7705,1,0.0196078431372549
1499,67444,14,0.9369999999999999,0.9369999999999999,1,0.07142857142857142
1500,67458,14,0.9369999999999999,0.9369999999999999,1,0.07142857142857142
1501,67478,20,0.91,0.91,1,0.15
1502,67494,16,0.9279999999999999,0.9279999999999999,1,0.0625
1503,67510,16,0.9279999999999999,0.9279999999999999,1,0.0625
1504,67544,34,0.847,0.847,1,0.08823529411764706
1505,67570,26,0.883,0.883,1,0.11538461538461539
1506,67602,32,0.856,0.856,1,0.03125
1507,67620,18,0.919,0.919,1,0.16666666666666666
1508,67634,14,0.9369999999999999,0.9369999999999999,1,0.07142857142857142
1509,67652,18,0.919,0.919,1,0.05555555555555555
1510,67666,14,0.9369999999999999,0.9369999999999999,1,0.07142857142857142
1511,67705,39,0.8245,0.8245,1,0.02564102564102564
1512,67719,14,0.9369999999999999,0.9369999999999999,1,0.07142857142857142
1513,67737,18,0.919,0.919,1,0.05555555555555555
1514,67761,24,0.892,0.892,1,0.041666666666666664
1515,67777,16,0.9279999999999999,0.9279999999999999,1,0.0625
1516,67795,18,0.919,0.919,1,0.16666666666666666
1517,67809,14,0.9369999999999999,0.9369999999999999,1,0.07142857142857142
1518,67857,48,0.784,0.784,1,0.020833333333333332
1519,67873,16,0.9279999999999999,0.9279999999999999,1,0.0625
1520,67934,61,0.7255,0.7255,1,0.04918032786885246
1521,67950,16,0.9279999999999999,0.9279999999999999,1,0.0625
1522,67964,14,0.9369999999999999,0.9369999999999999,1,0.07142857142857142
1523,67982,18,0.919,0.919,1,0.05555555555555555
1524,67996,14,0.9369999999999999,0.9369999999999999,1,0.07142857142857142
1525,68010,14,0.9369999999999999,0.9369999999999999,1,0.07142857142857142
1526,68024,14,0.9369999999999999,0.9369999999999999,1,0.07142857142857142
1527,68038,14,0.9369999999999999,0.9369999999999999,1,0.07142857142857142
1528,68058,20,0.91,0.91,1,0.25
1529,68100,42,0.8109999999999999,0.8109999999999999,1,0.6428571428571429
1530,68114,14,0.9369999999999999,0.9369999999999999,1,0.07142857142857142
1531,68128,14,0.9369999999999999,0.9369999999999999,1,0.07142857142857142
1532,68148,20,0.91,0.91,1,0.35
1533,68162,14,0.9369999999999999,0.9369999999999999,1,0.07142857142857142
1534,68176,14,0.9369999999999999,0.9369999999999999,1,0.07142857142857142
1535,68198,22,0.901,0.901,1,0.4090909090909091
1536,68220,22,0.901,0.901,1,0.4090909090909091
1537,68246,26,0.883,0.883,1,0.5
1538,68260,14,0.9369999999999999,0.9369999999999999,1,0.07142857142857142
1539,68274,14,0.9369999999999999,0.9369999999999999,1,0.07142857142857142
1540,68288,14,0.9369999999999999,0.9369999999999999,1,0.07142857142857142
1541,68302,14,0.9369999999999999,0.9369999999999999,1,0.07142857142857142
1542,68316,14,0.9369999999999999,0.9369999999999999,1,0.07142857142857142
1543,68338,22,0.901,0.901,1,0.13636363636363635
1544,68356,18,0.919,0.919,1,0.05555555555555555
1545,68370,14,0.9369999999999999,0.9369999999999999,1,0.07142857142857142
1546,68407,37,0.8335,0.8335,1,0.02702702702702703
1547,68421,14,0.9369999999999999,0.9369999999999999,1,0.07142857142857142
1548,68439,18,0.919,0.919,1,0.05555555555555555
1549,68459,20,0.91,0.91,1,0.35
1550,68473,14,0.9369999999999999,0.9369999999999999,1,0.07142857142857142
1551,68490,17,0.9235,0.9235,1,0.058823529411764705
1552,68506,16,0.9279999999999999,0.9279999999999999,1,0.1875
1553,68524,18,0.919,0.919,1,0.16666666666666666
1554,68538,14,0.9369999999999999,0.9369999999999999,1,0.07142857142857142
1555,68570,32,0.856,0.856,1,0.03125
1556,68584,14,0.9369999999999999,0.9369999999999999,1,0.07142857142857142
1557,68598,14,0.9369999999999999,0.9369999999999999,1,0.07142857142857142
1558,68612,14,0.9369999999999999,0.9369999999999999,1,0.07142857142857142
1559,68626,14,0.9369999999999999,0.9369999999999999,1,0.07142857142857142
1560,68640,14,0.9369999999999999,0.9369999999999999,1,0.07142857142857142
1561,68654,14,0.9369999999999999,0.9369999999999999,1,0.07142857142857142
1562,68670,16,0.9279999999999999,0.9279999999999999,1,0.0625
1563,68686,16,0.9279999999999999,0.9279999999999999,1,0.0625
1564,68700,14,0.9369999999999999,0.9369999999999999,1,0.07142857142857142
1565,68716,16,0.9279999999999999,0.9279999999999999,1,0.0625
1566,68736,20,0.91,0.91,1,0.05
1567,68752,16,0.9279999999999999,0.9279999999999999,1,0.0625
1568,68772,20,0.91,0.91,1,0.05
1569,68786,14,0.9369999999999999,0.9369999999999999,1,0.07142857142857142
1570,68804,18,0.919,0.919,1,0.05555555555555555
1571,68818,14,0.9369999999999999,0.9369999999999999,1,0.07142857142857142
1572,68834,16,0.9279999999999999,0.9279999999999999,1,0.0625
1573,68848,14,0.9369999999999999,0.9369999999999999,1,0.07142857142857142
1574,68862,14,0.9369999999999999,0.9369999999999999,1,0.07142857142857142
1575,68876,14,0.9369999999999999,0.9369999999999999,1,0.07142857142857142
1576,68890,14,0.9369999999999999,0.9369999999999999,1,0.07142857142857142
1577,68906,16,0.9279999999999999,0.9279999999999999,1,0.0625
1578,68920,14,0.9369999999999999,0.9369999999999999,1,0.07142857142857142
1579,68944,24,0.892,0.892,1,0.041666666666666664
1580,68964,20,0.91,0.91,1,0.05
1581,68978,14,0.9369999999999999,0.9369999999999999,1,0.07142857142857142
1582,68998,20,0.91,0.91,1,0.05
1583,69012,14,0.9369999999999999,0.9369999999999999,1,0.07142857142857142
1584,69032,20,0.91,0.91,1,0.05
1585,69048,16,0.9279999999999999,0.9279999999999999,1,0.1875
1586,69062,14,0.9369999999999999,0.9369999999999999,1,0.07142857142857142
1587,69076,14,0.9369999999999999,0.9369999999999999,1,0.07142857142857142
1588,69094,18,0.919,0.919,1,0.05555555555555555
1589,69108,14,0.9369999999999999,0.9369999999999999,1,0.07142857142857142
1590,69122,14,0.9369999999999999,0.9369999999999999,1,0.07142857142857142
1591,69142,20,0.91,0.91,1,0.15
1592,69156,14,0.9369999999999999,0.9369999999999999,1,0.07142857142857142
1593,69170,14,0.9369999999999999,0.9369999999999999,1,0.07142857142857142
1594,69184,14,0.9369999999999999,0.9369999999999999,1,0.07142857142857142
1595,69200,16,0.9279999999999999,0.9279999999999999,1,0.0625
1596,69214,14,0.9369999999999999,0.9369999999999999,1,0.07142857142857142
1597,69404,190,0.14500000000000002,0.14500000000000002,1,0.005263157894736842
1598,69438,34,0.847,0.847,1,0.029411764705882353
1599,69462,24,0.892,0.892,1,0.041666666666666664
1600,69476,14,0.9369999999999999,0.9369999999999999,1,0.07142857142857142
1601,69496,20,0.91,0.91,1,0.15
1602,69510,14,0.9369999999999999,0.9369999999999999,1,0.07142857142857142
1603,69525,15,0.9325,0.9325,1,0.06666666666666667
1604,69539,14,0.9369999999999999,0.9369999999999999,1,0.07142857142857142
1605,69553,14,0.9369999999999999,0.9369999999999999,1,0.07142857142857142
1606,69567,14,0.9369999999999999,0.9369999999999999,1,0.07142857142857142
1607,69583,16,0.9279999999999999,0.9279999999999999,1,0.0625
1608,69601,18,0.919,0.919,1,0.05555555555555555
1609,69619,18,0.919,0.919,1,0.05555555555555555
1610,69646,27,0.8785,0.8785,1,0.14814814814814814
1611,69664,18,0.919,0.919,1,0.05555555555555555
1612,69678,14,0.9369999999999999,0.9369999999999999,1,0.07142857142857142
1613,69694,16,0.9279999999999999,0.9279999999999999,1,0.0625
1614,69712,18,0.919,0.919,1,0.05555555555555555
1615,69728,16,0.9279999999999999,0.9279999999999999,1,0.1875
1616,69746,18,0.919,0.919,1,0.05555555555555555
1617,69760,14,0.9369999999999999,0.9369999999999999,1,0.07142857142857142
1618,69774,14,0.9369999999999999,0.9369999999999999,1,0.07142857142857142
1619,69790,16,0.9279999999999999,0.9279999999999999,1,0.0625
1620,69804,14,0.9369999999999999,0.9369999999999999,1,0.07142857142857142
1621,69820,16,0.9279999999999999,0.9279999999999999,1,0.0625
1622,69836,16,0.9279999999999999,0.9279999999999999,1,0.1875
1623,69850,14,0.9369999999999999,0.9369999999999999,1,0.07142857142857142
1624,69866,16,0.9279999999999999,0.9279999999999999,1,0.0625
1625,69880,14,0.9369999999999999,0.9369999999999999,1,0.07142857142857142
1626,69896,16,0.9279999999999999,0.9279999999999999,1,0.0625
1627,69910,14,0.9369999999999999,0.9369999999999999,1,0.07142857142857142
1628,69924,14,0.9369999999999999,0.9369999999999999,1,0.07142857142857142
1629,69938,14,0.9369999999999999,0.9369999999999999,1,0.07142857142857142
1630,69954,16,0.9279999999999999,0.9279999999999999,1,0.0625
1631,69970,16,0.9279999999999999,0.9279999999999999,1,0.0625
1632,69988,18,0.919,0.919,1,0.16666666666666666
1633,70004,16,0.9279999999999999,0.9279999999999999,1,0.0625
1634,70018,14,0.9369999999999999,0.9369999999999999,1,0.07142857142857142
1635,70032,14,0.9369999999999999,0.9369999999999999,1,0.07142857142857142
1636,70050,18,0.919,0.919,1,0.05555555555555555
1637,70069,19,0.9145,0.9145,1,0.05263157894736842
1638,70083,14,0.9369999999999999,0.9369999999999999,1,0.07142857142857142
1639,70100,17,0.9235,0.9235,1,0.17647058823529413
1640,70116,16,0.9279999999999999,0.9279999999999999,1,0.0625
1641,70165,49,0.7795,0.7795,1,0.02040816326530612
1642,70191,26,0.883,0.883,1,0.038461538461538464
1643,70221,30,0.865,0.865,1,0.03333333333333333
1644,70239,18,0.919,0.919,1,0.05555555555555555
1645,70253,14,0.9369999999999999,0.9369999999999999,1,0.07142857142857142
1646,70290,37,0.8335,0.8335,1,0.08108108108108109
1647,70304,14,0.9369999999999999,0.9369999999999999,1,0.07142857142857142
1648,70318,14,0.9369999999999999,0.9369999999999999,1,0.07142857142857142
1649,70334,16,0.9279999999999999,0.9279999999999999,1,0.0625
1650,70396,62,0.721,0.721,1,0.016129032258064516
1651,70410,14,0.9369999999999999,0.9369999999999999,1,0.07142857142857142
1652,70454,44,0.802,0.802,1,0.022727272727272728
1653,70468,14,0.9369999999999999,0.9369999999999999,1,0.07142857142857142
1654,70482,14,0.9369999999999999,0.9369999999999999,1,0.07142857142857142
1655,70498,16,0.9279999999999999,0.9279999999999999,1,0.0625
1656,70514,16,0.9279999999999999,0.9279999999999999,1,0.0625
1657,70558,44,0.802,0.802,1,0.022727272727272728
1658,70596,38,0.829,0.829,1,0.02631578947368421
1659,70729,133,0.40149999999999997,0.40149999999999997,1,0.007518796992481203
1660,70752,23,0.8965,0.8965,1,0.043478260869565216
1661,70766,14,0.9369999999999999,0.9369999999999999,1,0.07142857142857142
1662,70788,22,0.901,0.901,1,0.045454545454545456
1663,70857,69,0.6895,0.6895,1,0.014492753623188406
1664,71041,184,0.17199999999999993,0.17199999999999993,1,0.005434782608695652
1665,71059,18,0.919,0.919,1,0.05555555555555555
1666,71073,14,0.9369999999999999,0.9369999999999999,1,0.07142857142857142
1667,71097,24,0.892,0.892,1,0.041666666666666664
1668,71111,14,0.9369999999999999,0.9369999999999999,1,0.07142857142857142
1669,71125,14,0.9369999999999999,0.9369999999999999,1,0.07142857142857142
1670,71145,20,0.91,0.91,1,0.05
1671,71159,14,0.9369999999999999,0.9369999999999999,1,0.07142857142857142
1672,71175,16,0.9279999999999999,0.9279999999999999,1,0.0625
1673,71189,14,0.9369999999999999,0.9369999999999999,1,0.07142857142857142
1674,71203,14,0.9369999999999999,0.9369999999999999,1,0.07142857142857142
1675,71219,16,0.9279999999999999,0.9279999999999999,1,0.0625
1676,71233,14,0.9369999999999999,0.9369999999999999,1,0.07142857142857142
1677,71257,24,0.892,0.892,1,0.041666666666666664
1678,71273,16,0.9279999999999999,0.9279999999999999,1,0.0625
1679,71289,16,0.9279999999999999,0.9279999999999999,1,0.0625
1680,71305,16,0.9279999999999999,0.9279999999999999,1,0.0625
1681,71322,17,0.9235,0.9235,1,0.058823529411764705
1682,71338,16,0.9279999999999999,0.9279999999999999,1,0.0625
1683,71354,16,0.9279999999999999,0.9279999999999999,1,0.0625
1684,71368,14,0.9369999999999999,0.9369999999999999,1,0.07142857142857142
1685,71382,14,0.9369999999999999,0.9369999999999999,1,0.07142857142857142
1686,71396,14,0.9369999999999999,0.9369999999999999,1,0.07142857142857142
1687,71424,28,0.874,0.874,1,0.03571428571428571
1688,71452,28,0.874,0.874,1,0.03571428571428571
1689,71466,14,0.9369999999999999,0.9369999999999999,1,0.07142857142857142
1690,71534,68,0.694,0.694,1,0.014705882352941176
1691,71548,14,0.9369999999999999,0.9369999999999999,1,0.07142857142857142
1692,71562,14,0.9369999999999999,0.9369999999999999,1,0.07142857142857142
1693,71578,16,0.9279999999999999,0.9279999999999999,1,0.0625
1694,71594,16,0.9279999999999999,0.9279999999999999,1,0.0625
1695,71610,16,0.9279999999999999,0.9279999999999999,1,0.0625
1696,71624,14,0.9369999999999999,0.9369999999999999,1,0.07142857142857142
1697,71638,14,0.9369999999999999,0.9369999999999999,1,0.07142857142857142
1698,71652,14,0.9369999999999999,0.9369999999999999,1,0.07142857142857142
1699,71668,16,0.9279999999999999,0.9279999999999999,1,0.1875
1700,71686,18,0.919,0.919,1,0.05555555555555555
1701,71700,14,0.9369999999999999,0.9369999999999999,1,0.07142857142857142
1702,71714,14,0.9369999999999999,0.9369999999999999,1,0.07142857142857142
1703,71732,18,0.919,0.919,1,0.05555555555555555
1704,71746,14,0.9369999999999999,0.9369999999999999,1,0.07142857142857142
1705,71762,16,0.9279999999999999,0.9279999999999999,1,0.0625
1706,71799,37,0.8335,0.8335,1,0.02702702702702703
1707,71815,16,0.9279999999999999,0.9279999999999999,1,0.0625
1708,71837,22,0.901,0.901,1,0.045454545454545456
1709,71853,16,0.9279999999999999,0.9279999999999999,1,0.1875
1710,71867,14,0.9369999999999999,0.9369999999999999,1,0.07142857142857142
1711,71881,14,0.9369999999999999,0.9369999999999999,1,0.07142857142857142
1712,71917,36,0.838,0.838,1,0.027777777777777776
1713,71937,20,0.91,0.91,1,0.05
1714,71965,28,0.874,0.874,1,0.03571428571428571
1715,71979,14,0.9369999999999999,0.9369999999999999,1,0.07142857142857142
1716,71993,14,0.9369999999999999,0.9369999999999999,1,0.07142857142857142
1717,72023,30,0.865,0.865,1,0.03333333333333333
1718,72044,21,0.9055,0.9055,1,0.047619047619047616
1719,72080,36,0.838,0.838,1,0.027777777777777776
1720,72104,24,0.892,0.892,1,0.041666666666666664
1721,72125,21,0.9055,0.9055,1,0.047619047619047616
1722,72145,20,0.91,0.91,1,0.15
1723,72163,18,0.919,0.919,1,0.16666666666666666
1724,72183,20,0.91,0.91,1,0.05
1725,72215,32,0.856,0.856,1,0.03125
1726,72237,22,0.901,0.901,1,0.045454545454545456
1727,72251,14,0.9369999999999999,0.9369999999999999,1,0.07142857142857142
1728,72265,14,0.9369999999999999,0.9369999999999999,1,0.07142857142857142
1729,72279,14,0.9369999999999999,0.9369999999999999,1,0.07142857142857142
1730,72293,14,0.9369999999999999,0.9369999999999999,1,0.07142857142857142
1731,72307,14,0.9369999999999999,0.9369999999999999,1,0.07142857142857142
1732,72321,14,0.9369999999999999,0.9369999999999999,1,0.07142857142857142
1733,72347,26,0.883,0.883,1,0.038461538461538464
1734,72368,21,0.9055,0.9055,1,0.047619047619047616
1735,72384,16,0.9279999999999999,0.9279999999999999,1,0.0625
1736,72400,16,0.9279999999999999,0.9279999999999999,1,0.0625
1737,72420,20,0.91,0.91,1,0.05
1738,72448,28,0.874,0.874,1,0.03571428571428571
1739,72462,14,0.9369999999999999,0.9369999999999999,1,0.07142857142857142
1740,72482,20,0.91,0.91,1,0.15
1741,72496,14,0.9369999999999999,0.9369999999999999,1,0.07142857142857142
1742,72510,14,0.9369999999999999,0.9369999999999999,1,0.07142857142857142
1743,72530,20,0.91,0.91,1,0.15
1744,72544,14,0.9369999999999999,0.9369999999999999,1,0.07142857142857142
1745,72560,16,0.9279999999999999,0.9279999999999999,1,0.0625
1746,72582,22,0.901,0.901,1,0.13636363636363635
1747,72604,22,0.901,0.901,1,0.13636363636363635
1748,72622,18,0.919,0.919,1,0.05555555555555555
1749,72636,14,0.9369999999999999,0.9369999999999999,1,0.07142857142857142
1750,72652,16,0.9279999999999999,0.9279999999999999,1,0.0625
1751,72666,14,0.9369999999999999,0.9369999999999999,1,0.07142857142857142
1752,72684,18,0.919,0.919,1,0.05555555555555555
1753,72708,24,0.892,0.892,1,0.041666666666666664
1754,72740,32,0.856,0.856,1,0.03125
1755,72770,30,0.865,0.865,1,0.03333333333333333
1756,72788,18,0.919,0.919,1,0.05555555555555555
1757,72802,14,0.9369999999999999,0.9369999999999999,1,0.07142857142857142
1758,72816,14,0.9369999999999999,0.9369999999999999,1,0.07142857142857142
1759,72830,14,0.9369999999999999,0.9369999999999999,1,0.07142857142857142
1760,72844,14,0.9369999999999999,0.9369999999999999,1,0.07142857142857142
1761,72858,14,0.9369999999999999,0.9369999999999999,1,0.07142857142857142
1762,72872,14,0.9369999999999999,0.9369999999999999,1,0.07142857142857142
1763,72888,16,0.9279999999999999,0.9279999999999999,1,0.0625
1764,72902,14,0.9369999999999999,0.9369999999999999,1,0.07142857142857142
1765,72916,14,0.9369999999999999,0.9369999999999999,1,0.07142857142857142
1766,72932,16,0.9279999999999999,0.9279999999999999,1,0.0625
1767,72946,14,0.9369999999999999,0.9369999999999999,1,0.07142857142857142
1768,72992,46,0.7929999999999999,0.7929999999999999,1,0.021739130434782608
1769,73026,34,0.847,0.847,1,0.029411764705882353
1770,73040,14,0.9369999999999999,0.9369999999999999,1,0.07142857142857142
1771,73054,14,0.9369999999999999,0.9369999999999999,1,0.07142857142857142
1772,73068,14,0.9369999999999999,0.9369999999999999,1,0.07142857142857142
1773,73086,18,0.919,0.919,1,0.05555555555555555
1774,73100,14,0.9369999999999999,0.9369999999999999,1,0.07142857142857142
1775,73114,14,0.9369999999999999,0.9369999999999999,1,0.07142857142857142
1776,73132,18,0.919,0.919,1,0.16666666666666666
1777,73150,18,0.919,0.919,1,0.05555555555555555
1778,73166,16,0.9279999999999999,0.9279999999999999,1,0.0625
1779,73180,14,0.9369999999999999,0.9369999999999999,1,0.07142857142857142
1780,73194,14,0.9369999999999999,0.9369999999999999,1,0.07142857142857142
1781,73208,14,0.9369999999999999,0.9369999999999999,1,0.07142857142857142
1782,73222,14,0.9369999999999999,0.9369999999999999,1,0.07142857142857142
1783,73240,18,0.919,0.919,1,0.2777777777777778
1784,73254,14,0.9369999999999999,0.9369999999999999,1,0.07142857142857142
1785,73268,14,0.9369999999999999,0.9369999999999999,1,0.07142857142857142
1786,73282,14,0.9369999999999999,0.9369999999999999,1,0.07142857142857142
1787,73296,14,0.9369999999999999,0.9369999999999999,1,0.07142857142857142
1788,73310,14,0.9369999999999999,0.9369999999999999,1,0.07142857142857142
1789,73324,14,0.9369999999999999,0.9369999999999999,1,0.07142857142857142
1790,73340,16,0.9279999999999999,0.9279999999999999,1,0.0625
1791,73356,16,0.9279999999999999,0.9279999999999999,1,0.1875
1792,73371,15,0.9325,0.9325,1,0.06666666666666667
1793,73385,14,0.9369999999999999,0.9369999999999999,1,0.07142857142857142
1794,73402,17,0.9235,0.9235,1,0.058823529411764705
1795,73418,16,0.9279999999999999,0.9279999999999999,1,0.0625
1796,73432,14,0.9369999999999999,0.9369999999999999,1,0.07142857142857142
1797,73446,14,0.9369999999999999,0.9369999999999999,1,0.07142857142857142
1798,73462,16,0.9279999999999999,0.9279999999999999,1,0.0625
1799,73478,16,0.9279999999999999,0.9279999999999999,1,0.0625
1800,73492,14,0.9369999999999999,0.9369999999999999,1,0.07142857142857142
1801,73506,14,0.9369999999999999,0.9369999999999999,1,0.07142857142857142
1802,73520,14,0.9369999999999999,0.9369999999999999,1,0.07142857142857142
1803,73534,14,0.9369999999999999,0.9369999999999999,1,0.07142857142857142
1804,73550,16,0.9279999999999999,0.9279999999999999,1,0.0625
1805,73566,16,0.9279999999999999,0.9279999999999999,1,0.0625
1806,73580,14,0.9369999999999999,0.9369999999999999,1,0.07142857142857142
1807,73596,16,0.9279999999999999,0.9279999999999999,1,0.0625
1808,73610,14,0.9369999999999999,0.9369999999999999,1,0.07142857142857142
1809,73624,14,0.9369999999999999,0.9369999999999999,1,0.07142857142857142
1810,73638,14,0.9369999999999999,0.9369999999999999,1,0.07142857142857142
1811,73652,14,0.9369999999999999,0.9369999999999999,1,0.07142857142857142
1812,73668,16,0.9279999999999999,0.9279999999999999,1,0.0625
1813,73682,14,0.9369999999999999,0.9369999999999999,1,0.07142857142857142
1814,73696,14,0.9369999999999999,0.9369999999999999,1,0.07142857142857142
1815,73712,16,0.9279999999999999,0.9279999999999999,1,0.0625
1816,73728,16,0.9279999999999999,0.9279999999999999,1,0.0625
1817,73742,14,0.9369999999999999,0.9369999999999999,1,0.07142857142857142
1818,73756,14,0.9369999999999999,0.9369999999999999,1,0.07142857142857142
1819,73772,16,0.9279999999999999,0.9279999999999999,1,0.1875
1820,73786,14,0.9369999999999999,0.9369999999999999,1,0.07142857142857142
1821,73800,14,0.9369999999999999,0.9369999999999999,1,0.07142857142857142
1822,73814,14,0.9369999999999999,0.9369999999999999,1,0.07142857142857142
1823,73828,14,0.9369999999999999,0.9369999999999999,1,0.07142857142857142
1824,73844,16,0.9279999999999999,0.9279999999999999,1,0.0625
1825,73860,16,0.9279999999999999,0.9279999999999999,1,0.0625
1826,73876,16,0.9279999999999999,0.9279999999999999,1,0.0625
1827,73892,16,0.9279999999999999,0.9279999999999999,1,0.0625
1828,73908,16,0.9279999999999999,0.9279999999999999,1,0.0625
1829,73922,14,0.9369999999999999,0.9369999999999999,1,0.07142857142857142
1830,73936,14,0.9369999999999999,0.9369999999999999,1,0.07142857142857142
1831,73950,14,0.9369999999999999,0.9369999999999999,1,0.07142857142857142
1832,73964,14,0.9369999999999999,0.9369999999999999,1,0.07142857142857142
1833,73980,16,0.9279999999999999,0.9279999999999999,1,0.0625
1834,73996,16,0.9279999999999999,0.9279999999999999,1,0.0625
1835,74010,14,0.9369999999999999,0.9369999999999999,1,0.07142857142857142
1836,74024,14,0.9369999999999999,0.9369999999999999,1,0.07142857142857142
1837,74042,18,0.919,0.919,1,0.05555555555555555
1838,74058,16,0.9279999999999999,0.9279999999999999,1,0.0625
1839,74074,16,0.9279999999999999,0.9279999999999999,1,0.0625
1840,74092,18,0.919,0.919,1,0.05555555555555555
1841,74112,20,0.91,0.91,1,0.15
1842,74134,22,0.901,0.901,1,0.13636363636363635
1843,74155,21,0.9055,0.9055,1,0.047619047619047616
1844,74171,16,0.9279999999999999,0.9279999999999999,1,0.0625
1845,74191,20,0.91,0.91,1,0.15
1846,74205,14,0.9369999999999999,0.9369999999999999,1,0.07142857142857142
1847,74225,20,0.91,0.91,1,0.15
1848,74248,23,0.8965,0.8965,1,0.043478260869565216
1849,74272,24,0.892,0.892,1,0.041666666666666664
1850,74291,19,0.9145,0.9145,1,0.05263157894736842
1851,74309,18,0.919,0.919,1,0.05555555555555555
1852,74323,14,0.9369999999999999,0.9369999999999999,1,0.07142857142857142
1853,74339,16,0.9279999999999999,0.9279999999999999,1,0.0625
1854,74355,16,0.9279999999999999,0.9279999999999999,1,0.0625
1855,74369,14,0.9369999999999999,0.9369999999999999,1,0.07142857142857142
1856,74387,18,0.919,0.919,1,0.05555555555555555
1857,74406,19,0.9145,0.9145,1,0.05263157894736842
1858,74430,24,0.892,0.892,1,0.041666666666666664
1859,74446,16,0.9279999999999999,0.9279999999999999,1,0.0625
1860,74462,16,0.9279999999999999,0.9279999999999999,1,0.0625
1861,74476,14,0.9369999999999999,0.9369999999999999,1,0.07142857142857142
1862,74494,18,0.919,0.919,1,0.05555555555555555
1863,74512,18,0.919,0.919,1,0.05555555555555555
1864,74528,16,0.9279999999999999,0.9279999999999999,1,0.0625
1865,74600,72,0.6759999999999999,0.6759999999999999,1,0.013888888888888888
1866,74616,16,0.9279999999999999,0.9279999999999999,1,0.0625
1867,74646,30,0.865,0.865,1,0.03333333333333333
1868,74673,27,0.8785,0.8785,1,0.037037037037037035
1869,74689,16,0.9279999999999999,0.9279999999999999,1,0.0625
1870,74705,16,0.9279999999999999,0.9279999999999999,1,0.0625
1871,74721,16,0.9279999999999999,0.9279999999999999,1,0.0625
1872,74737,16,0.9279999999999999,0.9279999999999999,1,0.0625
1873,74753,16,0.9279999999999999,0.9279999999999999,1,0.0625
1874,74767,14,0.9369999999999999,0.9369999999999999,1,0.07142857142857142
1875,74781,14,0.9369999999999999,0.9369999999999999,1,0.07142857142857142
1876,74799,18,0.919,0.919,1,0.05555555555555555
1877,74815,16,0.9279999999999999,0.9279999999999999,1,0.0625
1878,74837,22,0.901,0.901,1,0.18181818181818182
1879,74851,14,0.9369999999999999,0.9369999999999999,1,0.07142857142857142
1880,74873,22,0.901,0.901,1,0.045454545454545456
1881,74893,20,0.91,0.91,1,0.05
1882,74925,32,0.856,0.856,1,0.03125
1883,74947,22,0.901,0.901,1,0.045454545454545456
1884,74963,16,0.9279999999999999,0.9279999999999999,1,0.0625
1885,74977,14,0.9369999999999999,0.9369999999999999,1,0.07142857142857142
1886,74993,16,0.9279999999999999,0.9279999999999999,1,0.0625
1887,75011,18,0.919,0.919,1,0.05555555555555555
1888,75027,16,0.9279999999999999,0.9279999999999999,1,0.0625
1889,75041,14,0.9369999999999999,0.9369999999999999,1,0.07142857142857142
1890,75059,18,0.919,0.919,1,0.16666666666666666
1891,75075,16,0.9279999999999999,0.9279999999999999,1,0.0625
1892,75096,21,0.9055,0.9055,1,0.047619047619047616
1893,75124,28,0.874,0.874,1,0.03571428571428571
1894,75140,16,0.9279999999999999,0.9279999999999999,1,0.0625
1895,75156,16,0.9279999999999999,0.9279999999999999,1,0.0625
1896,75170,14,0.9369999999999999,0.9369999999999999,1,0.07142857142857142
1897,75188,18,0.919,0.919,1,0.05555555555555555
1898,75202,14,0.9369999999999999,0.9369999999999999,1,0.07142857142857142
1899,75237,35,0.8425,0.8425,1,0.08571428571428572
1900,75257,20,0.91,0.91,1,0.05
1901,75271,14,0.9369999999999999,0.9369999999999999,1,0.07142857142857142
1902,75295,24,0.892,0.892,1,0.041666666666666664
1903,75330,35,0.8425,0.8425,1,0.02857142857142857
1904,75355,25,0.8875,0.8875,1,0.04
1905,75369,14,0.9369999999999999,0.9369999999999999,1,0.07142857142857142
1906,75385,16,0.9279999999999999,0.9279999999999999,1,0.0625
1907,75399,14,0.9369999999999999,0.9369999999999999,1,0.07142857142857142
1908,75432,33,0.8514999999999999,0.8514999999999999,1,0.030303030303030304
1909,75456,24,0.892,0.892,1,0.041666666666666664
1910,75477,21,0.9055,0.9055,1,0.047619047619047616
1911,75495,18,0.919,0.919,1,0.05555555555555555
1912,75513,18,0.919,0.919,1,0.05555555555555555
1913,75533,20,0.91,0.91,1,0.05
1914,75547,14,0.9369999999999999,0.9369999999999999,1,0.07142857142857142
1915,75585,38,0.829,0.829,1,0.2894736842105263
1916,75600,15,0.9325,0.9325,1,0.06666666666666667
1917,75622,22,0.901,0.901,1,0.13636363636363635
1918,75640,18,0.919,0.919,1,0.05555555555555555
1919,75670,30,0.865,0.865,1,0.1
1920,75695,25,0.8875,0.8875,1,0.04
1921,75727,32,0.856,0.856,1,0.09375
1922,75741,14,0.9369999999999999,0.9369999999999999,1,0.07142857142857142
1923,75755,14,0.9369999999999999,0.9369999999999999,1,0.07142857142857142
1924,75769,14,0.9369999999999999,0.9369999999999999,1,0.07142857142857142
1925,75791,22,0.901,0.901,1,0.045454545454545456
1926,75805,14,0.9369999999999999,0.9369999999999999,1,0.07142857142857142
1927,75819,14,0.9369999999999999,0.9369999999999999,1,0.07142857142857142
1928,75840,21,0.9055,0.9055,1,0.14285714285714285
1929,75866,26,0.883,0.883,1,0.038461538461538464
1930,75882,16,0.9279999999999999,0.9279999999999999,1,0.0625
1931,75898,16,0.9279999999999999,0.9279999999999999,1,0.0625
1932,75914,16,0.9279999999999999,0.9279999999999999,1,0.0625
1933,75942,28,0.874,0.874,1,0.03571428571428571
1934,75962,20,0.91,0.91,1,0.05
1935,75976,14,0.9369999999999999,0.9369999999999999,1,0.07142857142857142
1936,75990,14,0.9369999999999999,0.9369999999999999,1,0.07142857142857142
1937,76006,16,0.9279999999999999,0.9279999999999999,1,0.0625
1938,76020,14,0.9369999999999999,0.9369999999999999,1,0.07142857142857142
1939,76036,16,0.9279999999999999,0.9279999999999999,1,0.0625
1940,76052,16,0.9279999999999999,0.9279999999999999,1,0.0625
1941,76066,14,0.9369999999999999,0.9369999999999999,1,0.07142857142857142
1942,76182,116,0.478,0.478,1,0.8879310344827587
1943,76206,24,0.892,0.892,1,0.375
1944,76238,32,0.856,0.856,1,0.53125
1945,76258,20,0.91,0.91,1,0.35
1946,76272,14,0.9369999999999999,0.9369999999999999,1,0.07142857142857142
1947,76286,14,0.9369999999999999,0.9369999999999999,1,0.07142857142857142
1948,76318,32,0.856,0.856,1,0.34375
1949,76344,26,0.883,0.883,1,0.038461538461538464
1950,76400,56,0.748,0.748,1,0.05357142857142857
1951,76432,32,0.856,0.856,1,0.46875
1952,76446,14,0.9369999999999999,0.9369999999999999,1,0.07142857142857142
1953,76462,16,0.9279999999999999,0.9279999999999999,1,0.0625
1954,76480,18,0.919,0.919,1,0.2777777777777778
1955,76514,34,0.847,0.847,1,0.029411764705882353
1956,76536,22,0.901,0.901,1,0.045454545454545456
1957,76552,16,0.9279999999999999,0.9279999999999999,1,0.1875
1958,76568,16,0.9279999999999999,0.9279999999999999,1,0.0625
1959,76582,14,0.9369999999999999,0.9369999999999999,1,0.07142857142857142
1960,76604,22,0.901,0.901,1,0.22727272727272727
1961,76622,18,0.919,0.919,1,0.2777777777777778
1962,76640,18,0.919,0.919,1,0.05555555555555555
1963,76654,14,0.9369999999999999,0.9369999999999999,1,0.07142857142857142
1964,76672,18,0.919,0.919,1,0.05555555555555555
1965,76692,20,0.91,0.91,1,0.15
1966,76706,14,0.9369999999999999,0.9369999999999999,1,0.07142857142857142
1967,76724,18,0.919,0.919,1,0.05555555555555555
1968,76738,14,0.9369999999999999,0.9369999999999999,1,0.07142857142857142
1969,76754,16,0.9279999999999999,0.9279999999999999,1,0.0625
1970,76770,16,0.9279999999999999,0.9279999999999999,1,0.0625
1971,76808,38,0.829,0.829,1,0.23684210526315788
1972,76822,14,0.9369999999999999,0.9369999999999999,1,0.07142857142857142
1973,76838,16,0.9279999999999999,0.9279999999999999,1,0.0625
1974,76860,22,0.901,0.901,1,0.045454545454545456
1975,76882,22,0.901,0.901,1,0.045454545454545456
1976,76922,40,0.82,0.82,1,0.025
1977,76936,14,0.9369999999999999,0.9369999999999999,1,0.07142857142857142
1978,76966,30,0.865,0.865,1,0.03333333333333333
1979,76982,16,0.9279999999999999,0.9279999999999999,1,0.0625
1980,76996,14,0.9369999999999999,0.9369999999999999,1,0.07142857142857142
1981,77014,18,0.919,0.919,1,0.05555555555555555
1982,77030,16,0.9279999999999999,0.9279999999999999,1,0.0625
1983,77044,14,0.9369999999999999,0.9369999999999999,1,0.07142857142857142
1984,77058,14,0.9369999999999999,0.9369999999999999,1,0.07142857142857142
1985,77072,14,0.9369999999999999,0.9369999999999999,1,0.07142857142857142
1986,77088,16,0.9279999999999999,0.9279999999999999,1,0.1875
1987,77104,16,0.9279999999999999,0.9279999999999999,1,0.0625
1988,77120,16,0.9279999999999999,0.9279999999999999,1,0.0625
1989,77134,14,0.9369999999999999,0.9369999999999999,1,0.07142857142857142
1990,77152,18,0.919,0.919,1,0.05555555555555555
1991,77166,14,0.9369999999999999,0.9369999999999999,1,0.07142857142857142
1992,77180,14,0.9369999999999999,0.9369999999999999,1,0.07142857142857142
1993,77196,16,0.9279999999999999,0.9279999999999999,1,0.1875
1994,77210,14,0.9369999999999999,0.9369999999999999,1,0.07142857142857142
1995,77226,16,0.9279999999999999,0.9279999999999999,1,0.0625
1996,77245,19,0.9145,0.9145,1,0.15789473684210525
1997,77261,16,0.9279999999999999,0.9279999999999999,1,0.0625
1998,77279,18,0.919,0.919,1,0.16666666666666666
1999,77293,14,0.9369999999999999,0.9369999999999999,1,0.07142857142857142
2000,77311,18,0.919,0.919,1,0.05555555555555555
2001,77325,14,0.9369999999999999,0.9369999999999999,1,0.07142857142857142
2002,77339,14,0.9369999999999999,0.9369999999999999,1,0.07142857142857142
2003,77353,14,0.9369999999999999,0.9369999999999999,1,0.07142857142857142
2004,77369,16,0.9279999999999999,0.9279999999999999,1,0.0625
2005,77383,14,0.9369999999999999,0.9369999999999999,1,0.07142857142857142
2006,77401,18,0.919,0.919,1,0.16666666666666666
2007,77429,28,0.874,0.874,1,0.5357142857142857
2008,77445,16,0.9279999999999999,0.9279999999999999,1,0.0625
2009,77461,16,0.9279999999999999,0.9279999999999999,1,0.0625
2010,77475,14,0.9369999999999999,0.9369999999999999,1,0.07142857142857142
2011,77489,14,0.9369999999999999,0.9369999999999999,1,0.07142857142857142
2012,77505,16,0.9279999999999999,0.9279999999999999,1,0.0625
2013,77519,14,0.9369999999999999,0.9369999999999999,1,0.07142857142857142
2014,77533,14,0.9369999999999999,0.9369999999999999,1,0.07142857142857142
2015,77555,22,0.901,0.901,1,0.3181818181818182
2016,77571,16,0.9279999999999999,0.9279999999999999,1,0.0625
2017,77593,22,0.901,0.901,1,0.4090909090909091
2018,77607,14,0.9369999999999999,0.9369999999999999,1,0.07142857142857142
2019,77621,14,0.9369999999999999,0.9369999999999999,1,0.07142857142857142
2020,77635,14,0.9369999999999999,0.9369999999999999,1,0.07142857142857142
2021,77651,16,0.9279999999999999,0.9279999999999999,1,0.0625
2022,77665,14,0.9369999999999999,0.9369999999999999,1,0.07142857142857142
2023,77679,14,0.9369999999999999,0.9369999999999999,1,0.07142857142857142
2024,77697,18,0.919,0.919,1,0.05555555555555555
2025,77712,15,0.9325,0.9325,1,0.06666666666666667
2026,77728,16,0.9279999999999999,0.9279999999999999,1,0.0625
2027,77742,14,0.9369999999999999,0.9369999999999999,1,0.07142857142857142
2028,77762,20,0.91,0.91,1,0.25
2029,77776,14,0.9369999999999999,0.9369999999999999,1,0.07142857142857142
2030,77790,14,0.9369999999999999,0.9369999999999999,1,0.07142857142857142
2031,77826,36,0.838,0.838,1,0.5833333333333334
2032,77840,14,0.9369999999999999,0.9369999999999999,1,0.07142857142857142
2033,77858,18,0.919,0.919,1,0.05555555555555555
2034,77872,14,0.9369999999999999,0.9369999999999999,1,0.07142857142857142
2035,77958,86,0.613,0.613,1,0.29069767441860467
2036,77972,14,0.9369999999999999,0.9369999999999999,1,0.07142857142857142
2037,77988,16,0.9279999999999999,0.9279999999999999,1,0.0625
2038,78002,14,0.9369999999999999,0.9369999999999999,1,0.07142857142857142
2039,78018,16,0.9279999999999999,0.9279999999999999,1,0.0625
2040,78033,15,0.9325,0.9325,1,0.06666666666666667
2041,78047,14,0.9369999999999999,0.9369999999999999,1,0.07142857142857142
2042,78061,14,0.9369999999999999,0.9369999999999999,1,0.07142857142857142
2043,78075,14,0.9369999999999999,0.9369999999999999,1,0.07142857142857142
2044,78089,14,0.9369999999999999,0.9369999999999999,1,0.07142857142857142
2045,78103,14,0.9369999999999999,0.9369999999999999,1,0.07142857142857142
2046,78117,14,0.9369999999999999,0.9369999999999999,1,0.07142857142857142
2047,78133,16,0.9279999999999999,0.9279999999999999,1,0.0625
2048,78149,16,0.9279999999999999,0.9279999999999999,1,0.0625
2049,78165,16,0.9279999999999999,0.9279999999999999,1,0.0625
2050,78199,34,0.847,0.847,1,0.029411764705882353
2051,78213,14,0.9369999999999999,0.9369999999999999,1,0.07142857142857142
2052,78227,14,0.9369999999999999,0.9369999999999999,1,0.07142857142857142
2053,78245,18,0.919,0.919,1,0.05555555555555555
2054,78263,18,0.919,0.919,1,0.05555555555555555
2055,78281,18,0.919,0.919,1,0.05555555555555555
2056,78297,16,0.9279999999999999,0.9279999999999999,1,0.0625
2057,78311,14,0.9369999999999999,0.9369999999999999,1,0.07142857142857142
2058,78327,16,0.9279999999999999,0.9279999999999999,1,0.0625
2059,78341,14,0.9369999999999999,0.9369999999999999,1,0.07142857142857142
2060,78355,14,0.9369999999999999,0.9369999999999999,1,0.07142857142857142
2061,78371,16,0.9279999999999999,0.9279999999999999,1,0.0625
2062,78385,14,0.9369999999999999,0.9369999999999999,1,0.07142857142857142
2063,78401,16,0.9279999999999999,0.9279999999999999,1,0.0625
2064,78417,16,0.9279999999999999,0.9279999999999999,1,0.1875
2065,78431,14,0.9369999999999999,0.9369999999999999,1,0.07142857142857142
2066,78445,14,0.9369999999999999,0.9369999999999999,1,0.07142857142857142
2067,78461,16,0.9279999999999999,0.9279999999999999,1,0.0625
2068,78477,16,0.9279999999999999,0.9279999999999999,1,0.0625
2069,78493,16,0.9279999999999999,0.9279999999999999,1,0.1875
2070,78507,14,0.9369999999999999,0.9369999999999999,1,0.07142857142857142
2071,78523,16,0.9279999999999999,0.9279999999999999,1,0.0625
2072,78537,14,0.9369999999999999,0.9369999999999999,1,0.07142857142857142
2073,78553,16,0.9279999999999999,0.9279999999999999,1,0.0625
2074,78567,14,0.9369999999999999,0.9369999999999999,1,0.07142857142857142
2075,78581,14,0.9369999999999999,0.9369999999999999,1,0.07142857142857142
2076,78595,14,0.9369999999999999,0.9369999999999999,1,0.07142857142857142
2077,78609,14,0.9369999999999999,0.9369999999999999,1,0.07142857142857142
2078,78625,16,0.9279999999999999,0.9279999999999999,1,0.0625
2079,78641,16,0.9279999999999999,0.9279999999999999,1,0.0625
2080,78655,14,0.9369999999999999,0.9369999999999999,1,0.07142857142857142
2081,78669,14,0.9369999999999999,0.9369999999999999,1,0.07142857142857142
2082,78683,14,0.9369999999999999,0.9369999999999999,1,0.07142857142857142
2083,78697,14,0.9369999999999999,0.9369999999999999,1,0.07142857142857142
2084,78711,14,0.9369999999999999,0.9369999999999999,1,0.07142857142857142
2085,78727,16,0.9279999999999999,0.9279999999999999,1,0.0625
2086,78743,16,0.9279999999999999,0.9279999999999999,1,0.0625
2087,78759,16,0.9279999999999999,0.9279999999999999,1,0.1875
2088,78775,16,0.9279999999999999,0.9279999999999999,1,0.0625
2089,78791,16,0.9279999999999999,0.9279999999999999,1,0.0625
2090,78807,16,0.9279999999999999,0.9279999999999999,1,0.0625
2091,78823,16,0.9279999999999999,0.9279999999999999,1,0.0625
2092,78837,14,0.9369999999999999,0.9369999999999999,1,0.07142857142857142
2093,78851,14,0.9369999999999999,0.9369999999999999,1,0.07142857142857142
2094,78865,14,0.9369999999999999,0.9369999999999999,1,0.07142857142857142
2095,78881,16,0.9279999999999999,0.9279999999999999,1,0.0625
2096,78897,16,0.9279999999999999,0.9279999999999999,1,0.0625
2097,78911,14,0.9369999999999999,0.9369999999999999,1,0.07142857142857142
2098,78929,18,0.919,0.919,1,0.05555555555555555
2099,78947,18,0.919,0.919,1,0.05555555555555555
2100,78964,17,0.9235,0.9235,1,0.058823529411764705
2101,78978,14,0.9369999999999999,0.9369999999999999,1,0.07142857142857142
2102,78998,20,0.91,0.91,1,0.15
2103,79012,14,0.9369999999999999,0.9369999999999999,1,0.07142857142857142
2104,79026,14,0.9369999999999999,0.9369999999999999,1,0.07142857142857142
2105,79083,57,0.7435,0.7435,1,0.017543859649122806
2106,79107,24,0.892,0.892,1,0.041666666666666664
2107,79121,14,0.9369999999999999,0.9369999999999999,1,0.07142857142857142
2108,79137,16,0.9279999999999999,0.9279999999999999,1,0.1875
2109,79159,22,0.901,0.901,1,0.045454545454545456
2110,79177,18,0.919,0.919,1,0.05555555555555555
2111,79191,14,0.9369999999999999,0.9369999999999999,1,0.07142857142857142
2112,79217,26,0.883,0.883,1,0.038461538461538464
2113,79239,22,0.901,0.901,1,0.045454545454545456
2114,79271,32,0.856,0.856,1,0.03125
2115,79354,83,0.6265000000000001,0.6265000000000001,1,0.012048192771084338
2116,79368,14,0.9369999999999999,0.9369999999999999,1,0.07142857142857142
2117,79382,14,0.9369999999999999,0.9369999999999999,1,0.07142857142857142
2118,79410,28,0.874,0.874,1,0.03571428571428571
2119,79424,14,0.9369999999999999,0.9369999999999999,1,0.07142857142857142
2120,79440,16,0.9279999999999999,0.9279999999999999,1,0.0625
2121,79466,26,0.883,0.883,1,0.038461538461538464
2122,79516,50,0.775,0.775,1,0.06
2123,79540,24,0.892,0.892,1,0.041666666666666664
2124,79572,32,0.856,0.856,1,0.03125
2125,79614,42,0.8109999999999999,0.8109999999999999,1,0.023809523809523808
2126,79695,81,0.6355,0.6355,1,0.012345679012345678
2127,79709,14,0.9369999999999999,0.9369999999999999,1,0.07142857142857142
2128,79731,22,0.901,0.901,1,0.045454545454545456
2129,79797,66,0.703,0.703,1,0.015151515151515152
2130,79819,22,0.901,0.901,1,0.18181818181818182
2131,79833,14,0.9369999999999999,0.9369999999999999,1,0.07142857142857142
2132,79851,18,0.919,0.919,1,0.2777777777777778
2133,79907,56,0.748,0.748,1,0.017857142857142856
2134,79950,43,0.8065,0.8065,1,0.06976744186046512
2135,79964,14,0.9369999999999999,0.9369999999999999,1,0.07142857142857142
2136,79978,14,0.9369999999999999,0.9369999999999999,1,0.07142857142857142
2137,79992,14,0.9369999999999999,0.9369999999999999,1,0.07142857142857142
2138,80090,98,0.5589999999999999,0.5589999999999999,1,0.01020408163265306
2139,80110,20,0.91,0.91,1,0.05
2140,80126,16,0.9279999999999999,0.9279999999999999,1,0.0625
2141,80140,14,0.9369999999999999,0.9369999999999999,1,0.07142857142857142
2142,80158,18,0.919,0.919,1,0.05555555555555555
2143,80176,18,0.919,0.919,1,0.16666666666666666
2144,80212,36,0.838,0.838,1,0.027777777777777776
2145,80266,54,0.757,0.757,1,0.018518518518518517
2146,80352,86,0.613,0.613,1,0.011627906976744186
2147,80408,56,0.748,0.748,1,0.017857142857142856
2148,80463,55,0.7525,0.7525,1,0.01818181818181818
2149,80477,14,0.9369999999999999,0.9369999999999999,1,0.07142857142857142
2150,80507,30,0.865,0.865,1,0.03333333333333333
2151,80573,66,0.703,0.703,1,0.015151515151515152
2152,80688,115,0.48250000000000004,0.48250000000000004,1,0.008695652173913044
2153,80704,16,0.9279999999999999,0.9279999999999999,1,0.0625
2154,80718,14,0.9369999999999999,0.9369999999999999,1,0.07142857142857142
2155,80826,108,0.514,0.514,1,0.037037037037037035
2156,80844,18,0.919,0.919,1,0.05555555555555555
2157,80876,32,0.856,0.856,1,0.03125
2158,80890,14,0.9369999999999999,0.9369999999999999,1,0.07142857142857142
2159,80907,17,0.9235,0.9235,1,0.17647058823529413
2160,80945,38,0.829,0.829,1,0.02631578947368421
2161,81021,76,0.6579999999999999,0.6579999999999999,1,0.013157894736842105
2162,81039,18,0.919,0.919,1,0.05555555555555555
2163,81053,14,0.9369999999999999,0.9369999999999999,1,0.07142857142857142
2164,81067,14,0.9369999999999999,0.9369999999999999,1,0.07142857142857142
2165,81083,16,0.9279999999999999,0.9279999999999999,1,0.0625
2166,81103,20,0.91,0.91,1,0.15
2167,81119,16,0.9279999999999999,0.9279999999999999,1,0.1875
2168,81149,30,0.865,0.865,1,0.5666666666666667
2169,81173,24,0.892,0.892,1,0.375
2170,81189,16,0.9279999999999999,0.9279999999999999,1,0.0625
2171,81209,20,0.91,0.91,1,0.05
2172,81223,14,0.9369999999999999,0.9369999999999999,1,0.07142857142857142
2173,81243,20,0.91,0.91,1,0.05
2174,81267,24,0.892,0.892,1,0.041666666666666664
2175,81281,14,0.9369999999999999,0.9369999999999999,1,0.07142857142857142
2176,81297,16,0.9279999999999999,0.9279999999999999,1,0.0625
2177,81311,14,0.9369999999999999,0.9369999999999999,1,0.07142857142857142
2178,81335,24,0.892,0.892,1,0.4583333333333333
2179,81351,16,0.9279999999999999,0.9279999999999999,1,0.0625
2180,81365,14,0.9369999999999999,0.9369999999999999,1,0.07142857142857142
2181,81381,16,0.9279999999999999,0.9279999999999999,1,0.1875
2182,81395,14,0.9369999999999999,0.9369999999999999,1,0.07142857142857142
2183,81409,14,0.9369999999999999,0.9369999999999999,1,0.07142857142857142
2184,81425,16,0.9279999999999999,0.9279999999999999,1,0.0625
2185,81439,14,0.9369999999999999,0.9369999999999999,1,0.07142857142857142
2186,81467,28,0.874,0.874,1,0.39285714285714285
2187,81495,28,0.874,0.874,1,0.32142857142857145
2188,81509,14,0.9369999999999999,0.9369999999999999,1,0.07142857142857142
2189,81523,14,0.9369999999999999,0.9369999999999999,1,0.07142857142857142
2190,81537,14,0.9369999999999999,0.9369999999999999,1,0.07142857142857142
2191,81559,22,0.901,0.901,1,0.3181818181818182
2192,81575,16,0.9279999999999999,0.9279999999999999,1,0.0625
2193,81589,14,0.9369999999999999,0.9369999999999999,1,0.07142857142857142
2194,81605,16,0.9279999999999999,0.9279999999999999,1,0.0625
2195,81629,24,0.892,0.892,1,0.041666666666666664
2196,81647,18,0.919,0.919,1,0.05555555555555555
2197,81665,18,0.919,0.919,1,0.05555555555555555
2198,81679,14,0.9369999999999999,0.9369999999999999,1,0.07142857142857142
2199,81703,24,0.892,0.892,1,0.4583333333333333
2200,81727,24,0.892,0.892,1,0.375
2201,81741,14,0.9369999999999999,0.9369999999999999,1,0.07142857142857142
2202,81755,14,0.9369999999999999,0.9369999999999999,1,0.07142857142857142
2203,81771,16,0.9279999999999999,0.9279999999999999,1,0.1875
2204,81785,14,0.9369999999999999,0.9369999999999999,1,0.07142857142857142
2205,81805,20,0.91,0.91,1,0.05
2206,81819,14,0.9369999999999999,0.9369999999999999,1,0.07142857142857142
2207,81839,20,0.91,0.91,1,0.05
2208,81853,14,0.9369999999999999,0.9369999999999999,1,0.07142857142857142
2209,81869,16,0.9279999999999999,0.9279999999999999,1,0.0625
2210,81883,14,0.9369999999999999,0.9369999999999999,1,0.07142857142857142
2211,81897,14,0.9369999999999999,0.9369999999999999,1,0.07142857142857142
2212,81915,18,0.919,0.919,1,0.05555555555555555
2213,81929,14,0.9369999999999999,0.9369999999999999,1,0.07142857142857142
2214,81943,14,0.9369999999999999,0.9369999999999999,1,0.07142857142857142
2215,81957,14,0.9369999999999999,0.9369999999999999,1,0.07142857142857142
2216,81977,20,0.91,0.91,1,0.05
2217,81991,14,0.9369999999999999,0.9369999999999999,1,0.07142857142857142
2218,82007,16,0.9279999999999999,0.9279999999999999,1,0.0625
2219,82025,18,0.919,0.919,1,0.2777777777777778
2220,82039,14,0.9369999999999999,0.9369999999999999,1,0.07142857142857142
2221,82053,14,0.9369999999999999,0.9369999999999999,1,0.07142857142857142
2222,82069,16,0.9279999999999999,0.9279999999999999,1,0.0625
2223,82083,14,0.9369999999999999,0.9369999999999999,1,0.07142857142857142
2224,82099,16,0.9279999999999999,0.9279999999999999,1,0.1875
2225,82115,16,0.9279999999999999,0.9279999999999999,1,0.0625
2226,82129,14,0.9369999999999999,0.9369999999999999,1,0.07142857142857142
2227,82147,18,0.919,0.919,1,0.16666666666666666
2228,82161,14,0.9369999999999999,0.9369999999999999,1,0.07142857142857142
2229,82175,14,0.9369999999999999,0.9369999999999999,1,0.07142857142857142
2230,82189,14,0.9369999999999999,0.9369999999999999,1,0.07142857142857142
2231,82203,14,0.9369999999999999,0.9369999999999999,1,0.07142857142857142
2232,82219,16,0.9279999999999999,0.9279999999999999,1,0.0625
2233,82233,14,0.9369999999999999,0.9369999999999999,1,0.07142857142857142
2234,82247,14,0.9369999999999999,0.9369999999999999,1,0.07142857142857142
2235,82283,36,0.838,0.838,1,0.027777777777777776
2236,82297,14,0.9369999999999999,0.9369999999999999,1,0.07142857142857142
2237,82311,14,0.9369999999999999,0.9369999999999999,1,0.07142857142857142
2238,82327,16,0.9279999999999999,0.9279999999999999,1,0.1875
2239,82341,14,0.9369999999999999,0.9369999999999999,1,0.07142857142857142
2240,82355,14,0.9369999999999999,0.9369999999999999,1,0.07142857142857142
2241,82371,16,0.9279999999999999,0.9279999999999999,1,0.0625
2242,82389,18,0.919,0.919,1,0.05555555555555555
2243,82403,14,0.9369999999999999,0.9369999999999999,1,0.07142857142857142
2244,82417,14,0.9369999999999999,0.9369999999999999,1,0.07142857142857142
2245,82433,16,0.9279999999999999,0.9279999999999999,1,0.0625
2246,82447,14,0.9369999999999999,0.9369999999999999,1,0.07142857142857142
2247,82461,14,0.9369999999999999,0.9369999999999999,1,0.07142857142857142
2248,82475,14,0.9369999999999999,0.9369999999999999,1,0.07142857142857142
2249,82491,16,0.9279999999999999,0.9279999999999999,1,0.0625
2250,82507,16,0.9279999999999999,0.9279999999999999,1,0.0625
2251,82521,14,0.9369999999999999,0.9369999999999999,1,0.07142857142857142
2252,82535,14,0.9369999999999999,0.9369999999999999,1,0.07142857142857142
2253,82551,16,0.9279999999999999,0.9279999999999999,1,0.0625
2254,82567,16,0.9279999999999999,0.9279999999999999,1,0.0625
2255,82581,14,0.9369999999999999,0.9369999999999999,1,0.07142857142857142
2256,82595,14,0.9369999999999999,0.9369999999999999,1,0.07142857142857142
2257,82613,18,0.919,0.919,1,0.2777777777777778
2258,82627,14,0.9369999999999999,0.9369999999999999,1,0.07142857142857142
2259,82641,14,0.9369999999999999,0.9369999999999999,1,0.07142857142857142
2260,82657,16,0.9279999999999999,0.9279999999999999,1,0.0625
2261,82675,18,0.919,0.919,1,0.16666666666666666
2262,82691,16,0.9279999999999999,0.9279999999999999,1,0.0625
2263,82705,14,0.9369999999999999,0.9369999999999999,1,0.07142857142857142
2264,82719,14,0.9369999999999999,0.9369999999999999,1,0.07142857142857142
2265,82733,14,0.9369999999999999,0.9369999999999999,1,0.07142857142857142
2266,82747,14,0.9369999999999999,0.9369999999999999,1,0.07142857142857142
2267,82761,14,0.9369999999999999,0.9369999999999999,1,0.07142857142857142
2268,82777,16,0.9279999999999999,0.9279999999999999,1,0.1875
2269,82791,14,0.9369999999999999,0.9369999999999999,1,0.07142857142857142
2270,82805,14,0.9369999999999999,0.9369999999999999,1,0.07142857142857142
2271,82819,14,0.9369999999999999,0.9369999999999999,1,0.07142857142857142
2272,82839,20,0.91,0.91,1,0.25
2273,82853,14,0.9369999999999999,0.9369999999999999,1,0.07142857142857142
2274,82867,14,0.9369999999999999,0.9369999999999999,1,0.07142857142857142
2275,82881,14,0.9369999999999999,0.9369999999999999,1,0.07142857142857142
2276,82897,16,0.9279999999999999,0.9279999999999999,1,0.0625
2277,82911,14,0.9369999999999999,0.9369999999999999,1,0.07142857142857142
2278,82927,16,0.9279999999999999,0.9279999999999999,1,0.0625
2279,82943,16,0.9279999999999999,0.9279999999999999,1,0.0625
2280,82961,18,0.919,0.919,1,0.05555555555555555
2281,82975,14,0.9369999999999999,0.9369999999999999,1,0.07142857142857142
2282,82991,16,0.9279999999999999,0.9279999999999999,1,0.0625
2283,83005,14,0.9369999999999999,0.9369999999999999,1,0.07142857142857142
2284,83019,14,0.9369999999999999,0.9369999999999999,1,0.07142857142857142
2285,83033,14,0.9369999999999999,0.9369999999999999,1,0.07142857142857142
2286,83049,16,0.9279999999999999,0.9279999999999999,1,0.0625
2287,83063,14,0.9369999999999999,0.9369999999999999,1,0.07142857142857142
2288,83077,14,0.9369999999999999,0.9369999999999999,1,0.07142857142857142
2289,83093,16,0.9279999999999999,0.9279999999999999,1,0.0625
2290,83109,16,0.9279999999999999,0.9279999999999999,1,0.0625
2291,83138,29,0.8694999999999999,0.8694999999999999,1,0.034482758620689655
2292,83156,18,0.919,0.919,1,0.05555555555555555
2293,83170,14,0.9369999999999999,0.9369999999999999,1,0.07142857142857142
2294,83192,22,0.901,0.901,1,0.045454545454545456
2295,83206,14,0.9369999999999999,0.9369999999999999,1,0.07142857142857142
2296,83241,35,0.8425,0.8425,1,0.02857142857142857
2297,83265,24,0.892,0.892,1,0.041666666666666664
2298,83280,15,0.9325,0.9325,1,0.06666666666666667
2299,83296,16,0.9279999999999999,0.9279999999999999,1,0.0625
2300,83312,16,0.9279999999999999,0.9279999999999999,1,0.0625
2301,83328,16,0.9279999999999999,0.9279999999999999,1,0.0625
2302,83348,20,0.91,0.91,1,0.05
2303,83364,16,0.9279999999999999,0.9279999999999999,1,0.0625
2304,83378,14,0.9369999999999999,0.9369999999999999,1,0.07142857142857142
2305,83392,14,0.9369999999999999,0.9369999999999999,1,0.07142857142857142
2306,83421,29,0.8694999999999999,0.8694999999999999,1,0.034482758620689655
2307,83437,16,0.9279999999999999,0.9279999999999999,1,0.0625
2308,83453,16,0.9279999999999999,0.9279999999999999,1,0.0625
2309,83467,14,0.9369999999999999,0.9369999999999999,1,0.07142857142857142
2310,83481,14,0.9369999999999999,0.9369999999999999,1,0.07142857142857142
2311,83507,26,0.883,0.883,1,0.038461538461538464
2312,83521,14,0.9369999999999999,0.9369999999999999,1,0.07142857142857142
2313,83539,18,0.919,0.919,1,0.05555555555555555
2314,83553,14,0.9369999999999999,0.9369999999999999,1,0.07142857142857142
2315,83597,44,0.802,0.802,1,0.022727272727272728
2316,83613,16,0.9279999999999999,0.9279999999999999,1,0.0625
2317,83627,14,0.9369999999999999,0.9369999999999999,1,0.07142857142857142
2318,83643,16,0.9279999999999999,0.9279999999999999,1,0.0625
2319,83666,23,0.8965,0.8965,1,0.043478260869565216
2320,83680,14,0.9369999999999999,0.9369999999999999,1,0.07142857142857142
2321,83696,16,0.9279999999999999,0.9279999999999999,1,0.1875
2322,83730,34,0.847,0.847,1,0.029411764705882353
2323,83744,14,0.9369999999999999,0.9369999999999999,1,0.07142857142857142
2324,83768,24,0.892,0.892,1,0.041666666666666664
2325,83805,37,0.8335,0.8335,1,0.02702702702702703
2326,83828,23,0.8965,0.8965,1,0.043478260869565216
2327,83842,14,0.9369999999999999,0.9369999999999999,1,0.07142857142857142
2328,83879,37,0.8335,0.8335,1,0.02702702702702703
2329,83895,16,0.9279999999999999,0.9279999999999999,1,0.1875
2330,83909,14,0.9369999999999999,0.9369999999999999,1,0.07142857142857142
2331,83923,14,0.9369999999999999,0.9369999999999999,1,0.07142857142857142
2332,83939,16,0.9279999999999999,0.9279999999999999,1,0.0625
2333,83975,36,0.838,0.838,1,0.027777777777777776
2334,83991,16,0.9279999999999999,0.9279999999999999,1,0.1875
2335,84005,14,0.9369999999999999,0.9369999999999999,1,0.07142857142857142
2336,84024,19,0.9145,0.9145,1,0.15789473684210525
2337,84040,16,0.9279999999999999,0.9279999999999999,1,0.0625
2338,84054,14,0.9369999999999999,0.9369999999999999,1,0.07142857142857142
2339,84070,16,0.9279999999999999,0.9279999999999999,1,0.0625
2340,84090,20,0.91,0.91,1,0.05
2341,84107,17,0.9235,0.9235,1,0.058823529411764705
2342,84131,24,0.892,0.892,1,0.041666666666666664
2343,84145,14,0.9369999999999999,0.9369999999999999,1,0.07142857142857142
2344,84166,21,0.9055,0.9055,1,0.047619047619047616
2345,84182,16,0.9279999999999999,0.9279999999999999,1,0.0625
2346,84196,14,0.9369999999999999,0.9369999999999999,1,0.07142857142857142
2347,84217,21,0.9055,0.9055,1,0.047619047619047616
2348,84231,14,0.9369999999999999,0.9369999999999999,1,0.07142857142857142
2349,84251,20,0.91,0.91,1,0.05
2350,84265,14,0.9369999999999999,0.9369999999999999,1,0.07142857142857142
2351,84287,22,0.901,0.901,1,0.045454545454545456
2352,84307,20,0.91,0.91,1,0.05
2353,84325,18,0.919,0.919,1,0.05555555555555555
2354,84344,19,0.9145,0.9145,1,0.05263157894736842
2355,84358,14,0.9369999999999999,0.9369999999999999,1,0.07142857142857142
2356,84372,14,0.9369999999999999,0.9369999999999999,1,0.07142857142857142
2357,84391,19,0.9145,0.9145,1,0.05263157894736842
2358,84410,19,0.9145,0.9145,1,0.05263157894736842
2359,84424,14,0.9369999999999999,0.9369999999999999,1,0.07142857142857142
2360,84446,22,0.901,0.901,1,0.045454545454545456
2361,84464,18,0.919,0.919,1,0.16666666666666666
2362,84495,31,0.8605,0.8605,1,0.03225806451612903
2363,84513,18,0.919,0.919,1,0.05555555555555555
2364,84537,24,0.892,0.892,1,0.041666666666666664
2365,84552,15,0.9325,0.9325,1,0.06666666666666667
2366,84570,18,0.919,0.919,1,0.05555555555555555
2367,84584,14,0.9369999999999999,0.9369999999999999,1,0.07142857142857142
2368,84600,16,0.9279999999999999,0.9279999999999999,1,0.1875
2369,84614,14,0.9369999999999999,0.9369999999999999,1,0.07142857142857142
2370,84639,25,0.8875,0.8875,1,0.04
2371,84653,14,0.9369999999999999,0.9369999999999999,1,0.07142857142857142
2372,84671,18,0.919,0.919,1,0.05555555555555555
2373,84685,14,0.9369999999999999,0.9369999999999999,1,0.07142857142857142
2374,84699,14,0.9369999999999999,0.9369999999999999,1,0.07142857142857142
2375,84714,15,0.9325,0.9325,1,0.06666666666666667
2376,84730,16,0.9279999999999999,0.9279999999999999,1,0.1875
2377,84750,20,0.91,0.91,1,0.05
2378,84764,14,0.9369999999999999,0.9369999999999999,1,0.07142857142857142
2379,84781,17,0.9235,0.9235,1,0.058823529411764705
2380,84795,14,0.9369999999999999,0.9369999999999999,1,0.07142857142857142
2381,84820,25,0.8875,0.8875,1,0.04
2382,84841,21,0.9055,0.9055,1,0.047619047619047616
2383,84855,14,0.9369999999999999,0.9369999999999999,1,0.07142857142857142
2384,84879,24,0.892,0.892,1,0.041666666666666664
2385,84893,14,0.9369999999999999,0.9369999999999999,1,0.07142857142857142
2386,84911,18,0.919,0.919,1,0.16666666666666666
2387,84930,19,0.9145,0.9145,1,0.05263157894736842
2388,84947,17,0.9235,0.9235,1,0.058823529411764705
2389,84961,14,0.9369999999999999,0.9369999999999999,1,0.07142857142857142
2390,84985,24,0.892,0.892,1,0.041666666666666664
2391,85009,24,0.892,0.892,1,0.041666666666666664
2392,85023,14,0.9369999999999999,0.9369999999999999,1,0.07142857142857142
2393,85041,18,0.919,0.919,1,0.05555555555555555
2394,85057,16,0.9279999999999999,0.9279999999999999,1,0.0625
2395,85075,18,0.919,0.919,1,0.05555555555555555
2396,85089,14,0.9369999999999999,0.9369999999999999,1,0.07142857142857142
2397,85105,16,0.9279999999999999,0.9279999999999999,1,0.0625
2398,85119,14,0.9369999999999999,0.9369999999999999,1,0.07142857142857142
2399,85133,14,0.9369999999999999,0.9369999999999999,1,0.07142857142857142
2400,85149,16,0.9279999999999999,0.9279999999999999,1,0.0625
2401,85165,16,0.9279999999999999,0.9279999999999999,1,0.0625
2402,85181,16,0.9279999999999999,0.9279999999999999,1,0.0625
2403,85195,14,0.9369999999999999,0.9369999999999999,1,0.07142857142857142
2404,85217,22,0.901,0.901,1,0.045454545454545456
2405,85233,16,0.9279999999999999,0.9279999999999999,1,0.0625
2406,85247,14,0.9369999999999999,0.9369999999999999,1,0.07142857142857142
2407,85261,14,0.9369999999999999,0.9369999999999999,1,0.07142857142857142
2408,85279,18,0.919,0.919,1,0.05555555555555555
2409,85295,16,0.9279999999999999,0.9279999999999999,1,0.0625
2410,85317,22,0.901,0.901,1,0.045454545454545456
2411,85339,22,0.901,0.901,1,0.045454545454545456
2412,85355,16,0.9279999999999999,0.9279999999999999,1,0.0625
2413,85369,14,0.9369999999999999,0.9369999999999999,1,0.07142857142857142
2414,85433,64,0.712,0.712,1,0.015625
2415,85449,16,0.9279999999999999,0.9279999999999999,1,0.0625
2416,85463,14,0.9369999999999999,0.9369999999999999,1,0.07142857142857142
2417,85477,14,0.9369999999999999,0.9369999999999999,1,0.07142857142857142
2418,85507,30,0.865,0.865,1,0.03333333333333333
2419,85523,16,0.9279999999999999,0.9279999999999999,1,0.0625
2420,85547,24,0.892,0.892,1,0.125
2421,85563,16,0.9279999999999999,0.9279999999999999,1,0.0625
2422,85582,19,0.9145,0.9145,1,0.05263157894736842
2423,85598,16,0.9279999999999999,0.9279999999999999,1,0.0625
2424,85614,16,0.9279999999999999,0.9279999999999999,1,0.0625
2425,85630,16,0.9279999999999999,0.9279999999999999,1,0.0625
2426,85648,18,0.919,0.919,1,0.16666666666666666
2427,85664,16,0.9279999999999999,0.9279999999999999,1,0.0625
2428,85684,20,0.91,0.91,1,0.05
2429,85700,16,0.9279999999999999,0.9279999999999999,1,0.0625
2430,85714,14,0.9369999999999999,0.9369999999999999,1,0.07142857142857142
2431,85740,26,0.883,0.883,1,0.038461538461538464
2432,85796,56,0.748,0.748,1,0.017857142857142856
2433,85826,30,0.865,0.865,1,0.03333333333333333
2434,85844,18,0.919,0.919,1,0.05555555555555555
2435,85860,16,0.9279999999999999,0.9279999999999999,1,0.0625
2436,85887,27,0.8785,0.8785,1,0.037037037037037035
2437,85903,16,0.9279999999999999,0.9279999999999999,1,0.0625
2438,85923,20,0.91,0.91,1,0.05
2439,85944,21,0.9055,0.9055,1,0.047619047619047616
2440,85960,16,0.9279999999999999,0.9279999999999999,1,0.0625
2441,85976,16,0.9279999999999999,0.9279999999999999,1,0.0625
2442,85994,18,0.919,0.919,1,0.05555555555555555
2443,86016,22,0.901,0.901,1,0.045454545454545456
2444,86216,200,0.0,0.0,0,0.005
2445,86275,59,0.7344999999999999,0.7344999999999999,1,0.01694915254237288
2446,86337,62,0.721,0.721,1,0.016129032258064516
2447,86472,135,0.39249999999999996,0.39249999999999996,1,0.007407407407407408
2448,86510,38,0.829,0.829,1,0.07894736842105263
2449,86606,96,0.5680000000000001,0.5680000000000001,1,0.010416666666666666
2450,86622,16,0.9279999999999999,0.9279999999999999,1,0.0625
2451,86745,123,0.4465,0.4465,1,0.008130081300813009
2452,86790,45,0.7975,0.7975,1,0.022222222222222223
2453,86804,14,0.9369999999999999,0.9369999999999999,1,0.07142857142857142
2454,86940,136,0.3879999999999999,0.3879999999999999,1,0.007352941176470588
2455,86987,47,0.7885,0.7885,1,0.02127659574468085
2456,87168,181,0.1855,0.1855,1,0.0055248618784530384
2457,87182,14,0.9369999999999999,0.9369999999999999,1,0.07142857142857142
2458,87196,14,0.9369999999999999,0.9369999999999999,1,0.07142857142857142
2459,87212,16,0.9279999999999999,0.9279999999999999,1,0.0625
2460,87227,15,0.9325,0.9325,1,0.06666666666666667
2461,87241,14,0.9369999999999999,0.9369999999999999,1,0.07142857142857142
2462,87259,18,0.919,0.919,1,0.05555555555555555
2463,87289,30,0.865,0.865,1,0.03333333333333333
2464,87331,42,0.8109999999999999,0.8109999999999999,1,0.023809523809523808
2465,87389,58,0.739,0.739,1,0.017241379310344827
2466,87479,90,0.595,0.595,1,0.011111111111111112
2467,87545,66,0.703,0.703,1,0.015151515151515152
2468,87651,106,0.5229999999999999,0.5229999999999999,1,0.009433962264150943
2469,87680,29,0.8694999999999999,0.8694999999999999,1,0.034482758620689655
2470,87714,34,0.847,0.847,1,0.029411764705882353
2471,87848,134,0.3969999999999999,0.3969999999999999,1,0.007462686567164179
2472,87984,136,0.3879999999999999,0.3879999999999999,1,0.007352941176470588
2473,88054,70,0.685,0.685,1,0.014285714285714285
2474,88068,14,0.9369999999999999,0.9369999999999999,1,0.07142857142857142
2475,88084,16,0.9279999999999999,0.9279999999999999,1,0.0625
2476,88098,14,0.9369999999999999,0.9369999999999999,1,0.07142857142857142
2477,88114,16,0.9279999999999999,0.9279999999999999,1,0.0625
2478,88136,22,0.901,0.901,1,0.045454545454545456
2479,88150,14,0.9369999999999999,0.9369999999999999,1,0.07142857142857142
2480,88166,16,0.9279999999999999,0.9279999999999999,1,0.0625
2481,88182,16,0.9279999999999999,0.9279999999999999,1,0.0625
2482,88199,17,0.9235,0.9235,1,0.058823529411764705
2483,88224,25,0.8875,0.8875,1,0.04
2484,88240,16,0.9279999999999999,0.9279999999999999,1,0.0625
2485,88254,14,0.9369999999999999,0.9369999999999999,1,0.07142857142857142
2486,88270,16,0.9279999999999999,0.9279999999999999,1,0.0625
2487,88288,18,0.919,0.919,1,0.16666666666666666
2488,88302,14,0.9369999999999999,0.9369999999999999,1,0.07142857142857142
2489,88318,16,0.9279999999999999,0.9279999999999999,1,0.0625
2490,88347,29,0.8694999999999999,0.8694999999999999,1,0.034482758620689655
2491,88369,22,0.901,0.901,1,0.045454545454545456
2492,88383,14,0.9369999999999999,0.9369999999999999,1,0.07142857142857142
2493,88403,20,0.91,0.91,1,0.05
2494,88417,14,0.9369999999999999,0.9369999999999999,1,0.07142857142857142
2495,88431,14,0.9369999999999999,0.9369999999999999,1,0.07142857142857142
2496,88445,14,0.9369999999999999,0.9369999999999999,1,0.07142857142857142
2497,88461,16,0.9279999999999999,0.9279999999999999,1,0.0625
2498,88477,16,0.9279999999999999,0.9279999999999999,1,0.0625
2499,88493,16,0.9279999999999999,0.9279999999999999,1,0.0625
2500,88509,16,0.9279999999999999,0.9279999999999999,1,0.0625
2501,88523,14,0.9369999999999999,0.9369999999999999,1,0.07142857142857142
2502,88537,14,0.9369999999999999,0.9369999999999999,1,0.07142857142857142
2503,88551,14,0.9369999999999999,0.9369999999999999,1,0.07142857142857142
2504,88567,16,0.9279999999999999,0.9279999999999999,1,0.1875
2505,88586,19,0.9145,0.9145,1,0.05263157894736842
2506,88600,14,0.9369999999999999,0.9369999999999999,1,0.07142857142857142
2507,88616,16,0.9279999999999999,0.9279999999999999,1,0.0625
2508,88630,14,0.9369999999999999,0.9369999999999999,1,0.07142857142857142
2509,88644,14,0.9369999999999999,0.9369999999999999,1,0.07142857142857142
2510,88660,16,0.9279999999999999,0.9279999999999999,1,0.1875
2511,88674,14,0.9369999999999999,0.9369999999999999,1,0.07142857142857142
2512,88691,17,0.9235,0.9235,1,0.17647058823529413
2513,88706,15,0.9325,0.9325,1,0.06666666666666667
2514,88724,18,0.919,0.919,1,0.05555555555555555
2515,88738,14,0.9369999999999999,0.9369999999999999,1,0.07142857142857142
2516,88754,16,0.9279999999999999,0.9279999999999999,1,0.0625
2517,88768,14,0.9369999999999999,0.9369999999999999,1,0.07142857142857142
2518,88784,16,0.9279999999999999,0.9279999999999999,1,0.0625
2519,88798,14,0.9369999999999999,0.9369999999999999,1,0.07142857142857142
2520,88812,14,0.9369999999999999,0.9369999999999999,1,0.07142857142857142
2521,88826,14,0.9369999999999999,0.9369999999999999,1,0.07142857142857142
2522,88851,25,0.8875,0.8875,1,0.04
2523,88865,14,0.9369999999999999,0.9369999999999999,1,0.07142857142857142
2524,88881,16,0.9279999999999999,0.9279999999999999,1,0.0625
2525,88897,16,0.9279999999999999,0.9279999999999999,1,0.0625
2526,88915,18,0.919,0.919,1,0.05555555555555555
2527,88931,16,0.9279999999999999,0.9279999999999999,1,0.0625
2528,88945,14,0.9369999999999999,0.9369999999999999,1,0.07142857142857142
2529,88961,16,0.9279999999999999,0.9279999999999999,1,0.0625
2530,88979,18,0.919,0.919,1,0.05555555555555555
2531,88997,18,0.919,0.919,1,0.2777777777777778
2532,89011,14,0.9369999999999999,0.9369999999999999,1,0.07142857142857142
2533,89031,20,0.91,0.91,1,0.05
2534,89045,14,0.9369999999999999,0.9369999999999999,1,0.07142857142857142
2535,89067,22,0.901,0.901,1,0.045454545454545456
2536,89092,25,0.8875,0.8875,1,0.12
2537,89112,20,0.91,0.91,1,0.05
2538,89152,40,0.82,0.82,1,0.025
2539,89172,20,0.91,0.91,1,0.05
2540,89233,61,0.7255,0.7255,1,0.01639344262295082
2541,89259,26,0.883,0.883,1,0.038461538461538464
2542,89459,200,0.0,0.0,0,0.005
2543,89477,18,0.919,0.919,1,0.05555555555555555
2544,89677,200,0.0,0.0,0,0.005
2545,89695,18,0.919,0.919,1,0.05555555555555555
2546,89737,42,0.8109999999999999,0.8109999999999999,1,0.023809523809523808
2547,89751,14,0.9369999999999999,0.9369999999999999,1,0.07142857142857142
2548,89781,30,0.865,0.865,1,0.03333333333333333
2549,89965,184,0.17199999999999993,0.17199999999999993,1,0.005434782608695652
2550,90020,55,0.7525,0.7525,1,0.05454545454545454
2551,90034,14,0.9369999999999999,0.9369999999999999,1,0.07142857142857142
2552,90050,16,0.9279999999999999,0.9279999999999999,1,0.0625
2553,90066,16,0.9279999999999999,0.9279999999999999,1,0.1875
2554,90122,56,0.748,0.748,1,0.05357142857142857
2555,90142,20,0.91,0.91,1,0.05
2556,90237,95,0.5725,0.5725,1,0.010526315789473684
2557,90363,126,0.43299999999999994,0.43299999999999994,1,0.007936507936507936
2558,90405,42,0.8109999999999999,0.8109999999999999,1,0.023809523809523808
2559,90469,64,0.712,0.712,1,0.015625
2560,90599,130,0.4149999999999999,0.4149999999999999,1,0.007692307692307693
2561,90661,62,0.721,0.721,1,0.016129032258064516
2562,90788,127,0.4285,0.4285,1,0.007874015748031496
2563,90810,22,0.901,0.901,1,0.045454545454545456
2564,90992,182,0.18099999999999994,0.18099999999999994,1,0.016483516483516484
2565,91015,23,0.8965,0.8965,1,0.043478260869565216
2566,91032,17,0.9235,0.9235,1,0.058823529411764705
2567,91054,22,0.901,0.901,1,0.045454545454545456
2568,91072,18,0.919,0.919,1,0.05555555555555555
2569,91088,16,0.9279999999999999,0.9279999999999999,1,0.0625
2570,91126,38,0.829,0.829,1,0.02631578947368421
2571,91140,14,0.9369999999999999,0.9369999999999999,1,0.07142857142857142
2572,91154,14,0.9369999999999999,0.9369999999999999,1,0.07142857142857142
2573,91170,16,0.9279999999999999,0.9279999999999999,1,0.0625
2574,91186,16,0.9279999999999999,0.9279999999999999,1,0.0625
2575,91202,16,0.9279999999999999,0.9279999999999999,1,0.1875
2576,91218,16,0.9279999999999999,0.9279999999999999,1,0.0625
2577,91242,24,0.892,0.892,1,0.041666666666666664
2578,91260,18,0.919,0.919,1,0.05555555555555555
2579,91280,20,0.91,0.91,1,0.25
2580,91296,16,0.9279999999999999,0.9279999999999999,1,0.0625
2581,91310,14,0.9369999999999999,0.9369999999999999,1,0.07142857142857142
2582,91326,16,0.9279999999999999,0.9279999999999999,1,0.0625
2583,91342,16,0.9279999999999999,0.9279999999999999,1,0.0625
2584,91356,14,0.9369999999999999,0.9369999999999999,1,0.07142857142857142
2585,91378,22,0.901,0.901,1,0.045454545454545456
2586,91394,16,0.9279999999999999,0.9279999999999999,1,0.0625
2587,91414,20,0.91,0.91,1,0.15
2588,91430,16,0.9279999999999999,0.9279999999999999,1,0.0625
2589,91446,16,0.9279999999999999,0.9279999999999999,1,0.0625
2590,91462,16,0.9279999999999999,0.9279999999999999,1,0.0625
2591,91478,16,0.9279999999999999,0.9279999999999999,1,0.0625
2592,91500,22,0.901,0.901,1,0.045454545454545456
2593,91516,16,0.9279999999999999,0.9279999999999999,1,0.0625
2594,91532,16,0.9279999999999999,0.9279999999999999,1,0.0625
2595,91548,16,0.9279999999999999,0.9279999999999999,1,0.0625
2596,91564,16,0.9279999999999999,0.9279999999999999,1,0.0625
2597,91580,16,0.9279999999999999,0.9279999999999999,1,0.0625
2598,91598,18,0.919,0.919,1,0.05555555555555555
2599,91614,16,0.9279999999999999,0.9279999999999999,1,0.0625
2600,91630,16,0.9279999999999999,0.9279999999999999,1,0.0625
2601,91646,16,0.9279999999999999,0.9279999999999999,1,0.0625
2602,91662,16,0.9279999999999999,0.9279999999999999,1,0.0625
2603,91680,18,0.919,0.919,1,0.05555555555555555
2604,91696,16,0.9279999999999999,0.9279999999999999,1,0.0625
2605,91710,14,0.9369999999999999,0.9369999999999999,1,0.07142857142857142
2606,91730,20,0.91,0.91,1,0.05
2607,91746,16,0.9279999999999999,0.9279999999999999,1,0.0625
2608,91764,18,0.919,0.919,1,0.05555555555555555
2609,91778,14,0.9369999999999999,0.9369999999999999,1,0.07142857142857142
2610,91794,16,0.9279999999999999,0.9279999999999999,1,0.0625
2611,91810,16,0.9279999999999999,0.9279999999999999,1,0.0625
2612,91826,16,0.9279999999999999,0.9279999999999999,1,0.0625
2613,91844,18,0.919,0.919,1,0.16666666666666666
2614,91866,22,0.901,0.901,1,0.045454545454545456
2615,91890,24,0.892,0.892,1,0.041666666666666664
2616,91908,18,0.919,0.919,1,0.05555555555555555
2617,91926,18,0.919,0.919,1,0.05555555555555555
2618,91942,16,0.9279999999999999,0.9279999999999999,1,0.0625
2619,91960,18,0.919,0.919,1,0.16666666666666666
2620,91988,28,0.874,0.874,1,0.03571428571428571
2621,92014,26,0.883,0.883,1,0.038461538461538464
2622,92028,14,0.9369999999999999,0.9369999999999999,1,0.07142857142857142
2623,92042,14,0.9369999999999999,0.9369999999999999,1,0.07142857142857142
2624,92056,14,0.9369999999999999,0.9369999999999999,1,0.07142857142857142
2625,92070,14,0.9369999999999999,0.9369999999999999,1,0.07142857142857142
2626,92084,14,0.9369999999999999,0.9369999999999999,1,0.07142857142857142
2627,92098,14,0.9369999999999999,0.9369999999999999,1,0.07142857142857142
2628,92113,15,0.9325,0.9325,1,0.06666666666666667
2629,92127,14,0.9369999999999999,0.9369999999999999,1,0.07142857142857142
2630,92148,21,0.9055,0.9055,1,0.047619047619047616
2631,92162,14,0.9369999999999999,0.9369999999999999,1,0.07142857142857142
2632,92183,21,0.9055,0.9055,1,0.047619047619047616
2633,92197,14,0.9369999999999999,0.9369999999999999,1,0.07142857142857142
2634,92211,14,0.9369999999999999,0.9369999999999999,1,0.07142857142857142
2635,92225,14,0.9369999999999999,0.9369999999999999,1,0.07142857142857142
2636,92239,14,0.9369999999999999,0.9369999999999999,1,0.07142857142857142
2637,92255,16,0.9279999999999999,0.9279999999999999,1,0.1875
2638,92271,16,0.9279999999999999,0.9279999999999999,1,0.0625
2639,92285,14,0.9369999999999999,0.9369999999999999,1,0.07142857142857142
2640,92299,14,0.9369999999999999,0.9369999999999999,1,0.07142857142857142
2641,92313,14,0.9369999999999999,0.9369999999999999,1,0.07142857142857142
2642,92327,14,0.9369999999999999,0.9369999999999999,1,0.07142857142857142
2643,92347,20,0.91,0.91,1,0.05
2644,92363,16,0.9279999999999999,0.9279999999999999,1,0.0625
2645,92377,14,0.9369999999999999,0.9369999999999999,1,0.07142857142857142
2646,92395,18,0.919,0.919,1,0.16666666666666666
2647,92411,16,0.9279999999999999,0.9279999999999999,1,0.0625
2648,92425,14,0.9369999999999999,0.9369999999999999,1,0.07142857142857142
2649,92439,14,0.9369999999999999,0.9369999999999999,1,0.07142857142857142
2650,92453,14,0.9369999999999999,0.9369999999999999,1,0.07142857142857142
2651,92467,14,0.9369999999999999,0.9369999999999999,1,0.07142857142857142
2652,92481,14,0.9369999999999999,0.9369999999999999,1,0.07142857142857142
2653,92495,14,0.9369999999999999,0.9369999999999999,1,0.07142857142857142
2654,92509,14,0.9369999999999999,0.9369999999999999,1,0.07142857142857142
2655,92523,14,0.9369999999999999,0.9369999999999999,1,0.07142857142857142
2656,92539,16,0.9279999999999999,0.9279999999999999,1,0.1875
2657,92553,14,0.9369999999999999,0.9369999999999999,1,0.07142857142857142
2658,92569,16,0.9279999999999999,0.9279999999999999,1,0.0625
2659,92583,14,0.9369999999999999,0.9369999999999999,1,0.07142857142857142
2660,92597,14,0.9369999999999999,0.9369999999999999,1,0.07142857142857142
2661,92611,14,0.9369999999999999,0.9369999999999999,1,0.07142857142857142
2662,92625,14,0.9369999999999999,0.9369999999999999,1,0.07142857142857142
2663,92639,14,0.9369999999999999,0.9369999999999999,1,0.07142857142857142
2664,92653,14,0.9369999999999999,0.9369999999999999,1,0.07142857142857142
2665,92667,14,0.9369999999999999,0.9369999999999999,1,0.07142857142857142
2666,92687,20,0.91,0.91,1,0.15
2667,92701,14,0.9369999999999999,0.9369999999999999,1,0.07142857142857142
2668,92715,14,0.9369999999999999,0.9369999999999999,1,0.07142857142857142
2669,92729,14,0.9369999999999999,0.9369999999999999,1,0.07142857142857142
2670,92745,16,0.9279999999999999,0.9279999999999999,1,0.1875
2671,92759,14,0.9369999999999999,0.9369999999999999,1,0.07142857142857142
2672,92775,16,0.9279999999999999,0.9279999999999999,1,0.0625
2673,92789,14,0.9369999999999999,0.9369999999999999,1,0.07142857142857142
2674,92803,14,0.9369999999999999,0.9369999999999999,1,0.07142857142857142
2675,92817,14,0.9369999999999999,0.9369999999999999,1,0.07142857142857142
2676,92835,18,0.919,0.919,1,0.16666666666666666
2677,92849,14,0.9369999999999999,0.9369999999999999,1,0.07142857142857142
2678,92865,16,0.9279999999999999,0.9279999999999999,1,0.0625
2679,92879,14,0.9369999999999999,0.9369999999999999,1,0.07142857142857142
2680,92893,14,0.9369999999999999,0.9369999999999999,1,0.07142857142857142
2681,92907,14,0.9369999999999999,0.9369999999999999,1,0.07142857142857142
2682,92921,14,0.9369999999999999,0.9369999999999999,1,0.07142857142857142
2683,92935,14,0.9369999999999999,0.9369999999999999,1,0.07142857142857142
2684,92949,14,0.9369999999999999,0.9369999999999999,1,0.07142857142857142
2685,92963,14,0.9369999999999999,0.9369999999999999,1,0.07142857142857142
2686,92981,18,0.919,0.919,1,0.05555555555555555
2687,92995,14,0.9369999999999999,0.9369999999999999,1,0.07142857142857142
2688,93009,14,0.9369999999999999,0.9369999999999999,1,0.07142857142857142
2689,93023,14,0.9369999999999999,0.9369999999999999,1,0.07142857142857142
2690,93037,14,0.9369999999999999,0.9369999999999999,1,0.07142857142857142
2691,93059,22,0.901,0.901,1,0.045454545454545456
2692,93075,16,0.9279999999999999,0.9279999999999999,1,0.0625
2693,93091,16,0.9279999999999999,0.9279999999999999,1,0.0625
2694,93105,14,0.9369999999999999,0.9369999999999999,1,0.07142857142857142
2695,93121,16,0.9279999999999999,0.9279999999999999,1,0.1875
2696,93135,14,0.9369999999999999,0.9369999999999999,1,0.07142857142857142
2697,93149,14,0.9369999999999999,0.9369999999999999,1,0.07142857142857142
2698,93171,22,0.901,0.901,1,0.045454545454545456
2699,93185,14,0.9369999999999999,0.9369999999999999,1,0.07142857142857142
2700,93199,14,0.9369999999999999,0.9369999999999999,1,0.07142857142857142
2701,93215,16,0.9279999999999999,0.9279999999999999,1,0.0625
2702,93231,16,0.9279999999999999,0.9279999999999999,1,0.0625
2703,93247,16,0.9279999999999999,0.9279999999999999,1,0.0625
2704,93263,16,0.9279999999999999,0.9279999999999999,1,0.0625
2705,93287,24,0.892,0.892,1,0.125
2706,93303,16,0.9279999999999999,0.9279999999999999,1,0.0625
2707,93317,14,0.9369999999999999,0.9369999999999999,1,0.07142857142857142
2708,93338,21,0.9055,0.9055,1,0.14285714285714285
2709,93352,14,0.9369999999999999,0.9369999999999999,1,0.07142857142857142
2710,93366,14,0.9369999999999999,0.9369999999999999,1,0.07142857142857142
2711,93380,14,0.9369999999999999,0.9369999999999999,1,0.07142857142857142
2712,93398,18,0.919,0.919,1,0.05555555555555555
2713,93412,14,0.9369999999999999,0.9369999999999999,1,0.07142857142857142
2714,93428,16,0.9279999999999999,0.9279999999999999,1,0.0625
2715,93442,14,0.9369999999999999,0.9369999999999999,1,0.07142857142857142
2716,93456,14,0.9369999999999999,0.9369999999999999,1,0.07142857142857142
2717,93470,14,0.9369999999999999,0.9369999999999999,1,0.07142857142857142
2718,93492,22,0.901,0.901,1,0.13636363636363635
2719,93511,19,0.9145,0.9145,1,0.05263157894736842
2720,93531,20,0.91,0.91,1,0.05
2721,93546,15,0.9325,0.9325,1,0.06666666666666667
2722,93573,27,0.8785,0.8785,1,0.037037037037037035
2723,93587,14,0.9369999999999999,0.9369999999999999,1,0.07142857142857142
2724,93601,14,0.9369999999999999,0.9369999999999999,1,0.07142857142857142
2725,93615,14,0.9369999999999999,0.9369999999999999,1,0.07142857142857142
2726,93641,26,0.883,0.883,1,0.038461538461538464
2727,93657,16,0.9279999999999999,0.9279999999999999,1,0.0625
2728,93671,14,0.9369999999999999,0.9369999999999999,1,0.07142857142857142
2729,93685,14,0.9369999999999999,0.9369999999999999,1,0.07142857142857142
2730,93701,16,0.9279999999999999,0.9279999999999999,1,0.0625
2731,93716,15,0.9325,0.9325,1,0.06666666666666667
2732,93732,16,0.9279999999999999,0.9279999999999999,1,0.0625
2733,93746,14,0.9369999999999999,0.9369999999999999,1,0.07142857142857142
2734,93762,16,0.9279999999999999,0.9279999999999999,1,0.0625
2735,93778,16,0.9279999999999999,0.9279999999999999,1,0.0625
2736,93794,16,0.9279999999999999,0.9279999999999999,1,0.1875
2737,93810,16,0.9279999999999999,0.9279999999999999,1,0.0625
2738,93824,14,0.9369999999999999,0.9369999999999999,1,0.07142857142857142
2739,93840,16,0.9279999999999999,0.9279999999999999,1,0.0625
2740,93854,14,0.9369999999999999,0.9369999999999999,1,0.07142857142857142
2741,93868,14,0.9369999999999999,0.9369999999999999,1,0.07142857142857142
2742,93883,15,0.9325,0.9325,1,0.06666666666666667
2743,93907,24,0.892,0.892,1,0.041666666666666664
2744,93923,16,0.9279999999999999,0.9279999999999999,1,0.0625
2745,93949,26,0.883,0.883,1,0.038461538461538464
2746,93963,14,0.9369999999999999,0.9369999999999999,1,0.07142857142857142
2747,93979,16,0.9279999999999999,0.9279999999999999,1,0.0625
2748,93993,14,0.9369999999999999,0.9369999999999999,1,0.07142857142857142
2749,94007,14,0.9369999999999999,0.9369999999999999,1,0.07142857142857142
2750,94021,14,0.9369999999999999,0.9369999999999999,1,0.07142857142857142
2751,94035,14,0.9369999999999999,0.9369999999999999,1,0.07142857142857142
2752,94050,15,0.9325,0.9325,1,0.06666666666666667
2753,94064,14,0.9369999999999999,0.9369999999999999,1,0.07142857142857142
2754,94078,14,0.9369999999999999,0.9369999999999999,1,0.07142857142857142
2755,94092,14,0.9369999999999999,0.9369999999999999,1,0.07142857142857142
2756,94106,14,0.9369999999999999,0.9369999999999999,1,0.07142857142857142
2757,94122,16,0.9279999999999999,0.9279999999999999,1,0.0625
2758,94136,14,0.9369999999999999,0.9369999999999999,1,0.07142857142857142
2759,94152,16,0.9279999999999999,0.9279999999999999,1,0.0625
2760,94166,14,0.9369999999999999,0.9369999999999999,1,0.07142857142857142
2761,94180,14,0.9369999999999999,0.9369999999999999,1,0.07142857142857142
2762,94198,18,0.919,0.919,1,0.16666666666666666
2763,94214,16,0.9279999999999999,0.9279999999999999,1,0.0625
2764,94230,16,0.9279999999999999,0.9279999999999999,1,0.0625
2765,94244,14,0.9369999999999999,0.9369999999999999,1,0.07142857142857142
2766,94260,16,0.9279999999999999,0.9279999999999999,1,0.1875
2767,94274,14,0.9369999999999999,0.9369999999999999,1,0.07142857142857142
2768,94290,16,0.9279999999999999,0.9279999999999999,1,0.0625
2769,94304,14,0.9369999999999999,0.9369999999999999,1,0.07142857142857142
2770,94322,18,0.919,0.919,1,0.05555555555555555
2771,94336,14,0.9369999999999999,0.9369999999999999,1,0.07142857142857142
2772,94352,16,0.9279999999999999,0.9279999999999999,1,0.0625
2773,94366,14,0.9369999999999999,0.9369999999999999,1,0.07142857142857142
2774,94384,18,0.919,0.919,1,0.2777777777777778
2775,94398,14,0.9369999999999999,0.9369999999999999,1,0.07142857142857142
2776,94414,16,0.9279999999999999,0.9279999999999999,1,0.0625
2777,94428,14,0.9369999999999999,0.9369999999999999,1,0.07142857142857142
2778,94442,14,0.9369999999999999,0.9369999999999999,1,0.07142857142857142
2779,94456,14,0.9369999999999999,0.9369999999999999,1,0.07142857142857142
2780,94472,16,0.9279999999999999,0.9279999999999999,1,0.0625
2781,94486,14,0.9369999999999999,0.9369999999999999,1,0.07142857142857142
2782,94500,14,0.9369999999999999,0.9369999999999999,1,0.07142857142857142
2783,94514,14,0.9369999999999999,0.9369999999999999,1,0.07142857142857142
2784,94530,16,0.9279999999999999,0.9279999999999999,1,0.0625
2785,94546,16,0.9279999999999999,0.9279999999999999,1,0.0625
2786,94560,14,0.9369999999999999,0.9369999999999999,1,0.07142857142857142
2787,94576,16,0.9279999999999999,0.9279999999999999,1,0.0625
2788,94590,14,0.9369999999999999,0.9369999999999999,1,0.07142857142857142
2789,94604,14,0.9369999999999999,0.9369999999999999,1,0.07142857142857142
2790,94618,14,0.9369999999999999,0.9369999999999999,1,0.07142857142857142
2791,94634,16,0.9279999999999999,0.9279999999999999,1,0.1875
2792,94650,16,0.9279999999999999,0.9279999999999999,1,0.0625
2793,94666,16,0.9279999999999999,0.9279999999999999,1,0.0625
2794,94680,14,0.9369999999999999,0.9369999999999999,1,0.07142857142857142
2795,94694,14,0.9369999999999999,0.9369999999999999,1,0.07142857142857142
2796,94708,14,0.9369999999999999,0.9369999999999999,1,0.07142857142857142
2797,94724,16,0.9279999999999999,0.9279999999999999,1,0.0625
2798,94738,14,0.9369999999999999,0.9369999999999999,1,0.07142857142857142
2799,94752,14,0.9369999999999999,0.9369999999999999,1,0.07142857142857142
2800,94766,14,0.9369999999999999,0.9369999999999999,1,0.07142857142857142
2801,94781,15,0.9325,0.9325,1,0.06666666666666667
2802,94797,16,0.9279999999999999,0.9279999999999999,1,0.0625
2803,94811,14,0.9369999999999999,0.9369999999999999,1,0.07142857142857142
2804,94825,14,0.9369999999999999,0.9369999999999999,1,0.07142857142857142
2805,94839,14,0.9369999999999999,0.9369999999999999,1,0.07142857142857142
2806,94853,14,0.9369999999999999,0.9369999999999999,1,0.07142857142857142
2807,94867,14,0.9369999999999999,0.9369999999999999,1,0.07142857142857142
2808,94881,14,0.9369999999999999,0.9369999999999999,1,0.07142857142857142
2809,94895,14,0.9369999999999999,0.9369999999999999,1,0.07142857142857142
2810,94909,14,0.9369999999999999,0.9369999999999999,1,0.07142857142857142
2811,94927,18,0.919,0.919,1,0.05555555555555555
2812,94943,16,0.9279999999999999,0.9279999999999999,1,0.0625
2813,94957,14,0.9369999999999999,0.9369999999999999,1,0.07142857142857142
2814,94973,16,0.9279999999999999,0.9279999999999999,1,0.0625
2815,94987,14,0.9369999999999999,0.9369999999999999,1,0.07142857142857142
2816,95005,18,0.919,0.919,1,0.16666666666666666
2817,95019,14,0.9369999999999999,0.9369999999999999,1,0.07142857142857142
2818,95033,14,0.9369999999999999,0.9369999999999999,1,0.07142857142857142
2819,95049,16,0.9279999999999999,0.9279999999999999,1,0.0625
2820,95065,16,0.9279999999999999,0.9279999999999999,1,0.0625
2821,95079,14,0.9369999999999999,0.9369999999999999,1,0.07142857142857142
2822,95093,14,0.9369999999999999,0.9369999999999999,1,0.07142857142857142
2823,95109,16,0.9279999999999999,0.9279999999999999,1,0.0625
2824,95123,14,0.9369999999999999,0.9369999999999999,1,0.07142857142857142
2825,95139,16,0.9279999999999999,0.9279999999999999,1,0.0625
2826,95155,16,0.9279999999999999,0.9279999999999999,1,0.0625
2827,95169,14,0.9369999999999999,0.9369999999999999,1,0.07142857142857142
2828,95185,16,0.9279999999999999,0.9279999999999999,1,0.0625
2829,95199,14,0.9369999999999999,0.9369999999999999,1,0.07142857142857142
2830,95215,16,0.9279999999999999,0.9279999999999999,1,0.0625
2831,95229,14,0.9369999999999999,0.9369999999999999,1,0.07142857142857142
2832,95245,16,0.9279999999999999,0.9279999999999999,1,0.0625
2833,95262,17,0.9235,0.9235,1,0.058823529411764705
2834,95276,14,0.9369999999999999,0.9369999999999999,1,0.07142857142857142
2835,95290,14,0.9369999999999999,0.9369999999999999,1,0.07142857142857142
2836,95304,14,0.9369999999999999,0.9369999999999999,1,0.07142857142857142
2837,95318,14,0.9369999999999999,0.9369999999999999,1,0.07142857142857142
2838,95332,14,0.9369999999999999,0.9369999999999999,1,0.07142857142857142
2839,95348,16,0.9279999999999999,0.9279999999999999,1,0.1875
2840,95364,16,0.9279999999999999,0.9279999999999999,1,0.1875
2841,95378,14,0.9369999999999999,0.9369999999999999,1,0.07142857142857142
2842,95396,18,0.919,0.919,1,0.05555555555555555
2843,95412,16,0.9279999999999999,0.9279999999999999,1,0.0625
2844,95432,20,0.91,0.91,1,0.05
2845,95448,16,0.9279999999999999,0.9279999999999999,1,0.0625
2846,95462,14,0.9369999999999999,0.9369999999999999,1,0.07142857142857142
2847,95476,14,0.9369999999999999,0.9369999999999999,1,0.07142857142857142
2848,95490,14,0.9369999999999999,0.9369999999999999,1,0.07142857142857142
2849,95508,18,0.919,0.919,1,0.05555555555555555
2850,95522,14,0.9369999999999999,0.9369999999999999,1,0.07142857142857142
2851,95538,16,0.9279999999999999,0.9279999999999999,1,0.0625
2852,95554,16,0.9279999999999999,0.9279999999999999,1,0.1875
2853,95568,14,0.9369999999999999,0.9369999999999999,1,0.07142857142857142
2854,95584,16,0.9279999999999999,0.9279999999999999,1,0.1875
2855,95613,29,0.8694999999999999,0.8694999999999999,1,0.034482758620689655
2856,95627,14,0.9369999999999999,0.9369999999999999,1,0.07142857142857142
2857,95641,14,0.9369999999999999,0.9369999999999999,1,0.07142857142857142
2858,95655,14,0.9369999999999999,0.9369999999999999,1,0.07142857142857142
2859,95671,16,0.9279999999999999,0.9279999999999999,1,0.0625
2860,95685,14,0.9369999999999999,0.9369999999999999,1,0.07142857142857142
2861,95699,14,0.9369999999999999,0.9369999999999999,1,0.07142857142857142
2862,95713,14,0.9369999999999999,0.9369999999999999,1,0.07142857142857142
2863,95727,14,0.9369999999999999,0.9369999999999999,1,0.07142857142857142
2864,95741,14,0.9369999999999999,0.9369999999999999,1,0.07142857142857142
2865,95757,16,0.9279999999999999,0.9279999999999999,1,0.0625
2866,95771,14,0.9369999999999999,0.9369999999999999,1,0.07142857142857142
2867,95785,14,0.9369999999999999,0.9369999999999999,1,0.07142857142857142
2868,95801,16,0.9279999999999999,0.9279999999999999,1,0.1875
2869,95815,14,0.9369999999999999,0.9369999999999999,1,0.07142857142857142
2870,95829,14,0.9369999999999999,0.9369999999999999,1,0.07142857142857142
2871,95845,16,0.9279999999999999,0.9279999999999999,1,0.1875
2872,95861,16,0.9279999999999999,0.9279999999999999,1,0.1875
2873,95877,16,0.9279999999999999,0.9279999999999999,1,0.0625
2874,95891,14,0.9369999999999999,0.9369999999999999,1,0.07142857142857142
2875,95905,14,0.9369999999999999,0.9369999999999999,1,0.07142857142857142
2876,95919,14,0.9369999999999999,0.9369999999999999,1,0.07142857142857142
2877,95933,14,0.9369999999999999,0.9369999999999999,1,0.07142857142857142
2878,95947,14,0.9369999999999999,0.9369999999999999,1,0.07142857142857142
2879,95963,16,0.9279999999999999,0.9279999999999999,1,0.0625
2880,95977,14,0.9369999999999999,0.9369999999999999,1,0.07142857142857142
2881,95991,14,0.9369999999999999,0.9369999999999999,1,0.07142857142857142
2882,96007,16,0.9279999999999999,0.9279999999999999,1,0.1875
2883,96021,14,0.9369999999999999,0.9369999999999999,1,0.07142857142857142
2884,96037,16,0.9279999999999999,0.9279999999999999,1,0.0625
2885,96055,18,0.919,0.919,1,0.05555555555555555
2886,96071,16,0.9279999999999999,0.9279999999999999,1,0.0625
2887,96087,16,0.9279999999999999,0.9279999999999999,1,0.0625
2888,96101,14,0.9369999999999999,0.9369999999999999,1,0.07142857142857142
2889,96115,14,0.9369999999999999,0.9369999999999999,1,0.07142857142857142
2890,96129,14,0.9369999999999999,0.9369999999999999,1,0.07142857142857142
2891,96143,14,0.9369999999999999,0.9369999999999999,1,0.07142857142857142
2892,96157,14,0.9369999999999999,0.9369999999999999,1,0.07142857142857142
2893,96175,18,0.919,0.919,1,0.05555555555555555
2894,96189,14,0.9369999999999999,0.9369999999999999,1,0.07142857142857142
2895,96207,18,0.919,0.919,1,0.05555555555555555
2896,96221,14,0.9369999999999999,0.9369999999999999,1,0.07142857142857142
2897,96235,14,0.9369999999999999,0.9369999999999999,1,0.07142857142857142
2898,96249,14,0.9369999999999999,0.9369999999999999,1,0.07142857142857142
2899,96265,16,0.9279999999999999,0.9279999999999999,1,0.0625
2900,96279,14,0.9369999999999999,0.9369999999999999,1,0.07142857142857142
2901,96295,16,0.9279999999999999,0.9279999999999999,1,0.0625
2902,96309,14,0.9369999999999999,0.9369999999999999,1,0.07142857142857142
2903,96323,14,0.9369999999999999,0.9369999999999999,1,0.07142857142857142
2904,96337,14,0.9369999999999999,0.9369999999999999,1,0.07142857142857142
2905,96355,18,0.919,0.919,1,0.05555555555555555
2906,96371,16,0.9279999999999999,0.9279999999999999,1,0.0625
2907,96385,14,0.9369999999999999,0.9369999999999999,1,0.07142857142857142
2908,96399,14,0.9369999999999999,0.9369999999999999,1,0.07142857142857142
2909,96414,15,0.9325,0.9325,1,0.06666666666666667
2910,96428,14,0.9369999999999999,0.9369999999999999,1,0.07142857142857142
2911,96442,14,0.9369999999999999,0.9369999999999999,1,0.07142857142857142
2912,96456,14,0.9369999999999999,0.9369999999999999,1,0.07142857142857142
2913,96470,14,0.9369999999999999,0.9369999999999999,1,0.07142857142857142
2914,96484,14,0.9369999999999999,0.9369999999999999,1,0.07142857142857142
2915,96498,14,0.9369999999999999,0.9369999999999999,1,0.07142857142857142
2916,96512,14,0.9369999999999999,0.9369999999999999,1,0.07142857142857142
2917,96526,14,0.9369999999999999,0.9369999999999999,1,0.07142857142857142
2918,96540,14,0.9369999999999999,0.9369999999999999,1,0.07142857142857142
2919,96554,14,0.9369999999999999,0.9369999999999999,1,0.07142857142857142
2920,96570,16,0.9279999999999999,0.9279999999999999,1,0.0625
2921,96586,16,0.9279999999999999,0.9279999999999999,1,0.0625
2922,96600,14,0.9369999999999999,0.9369999999999999,1,0.07142857142857142
2923,96616,16,0.9279999999999999,0.9279999999999999,1,0.0625
2924,96630,14,0.9369999999999999,0.9369999999999999,1,0.07142857142857142
2925,96644,14,0.9369999999999999,0.9369999999999999,1,0.07142857142857142
2926,96660,16,0.9279999999999999,0.9279999999999999,1,0.0625
2927,96678,18,0.919,0.919,1,0.05555555555555555
2928,96694,16,0.9279999999999999,0.9279999999999999,1,0.0625
2929,96708,14,0.9369999999999999,0.9369999999999999,1,0.07142857142857142
2930,96722,14,0.9369999999999999,0.9369999999999999,1,0.07142857142857142
2931,96738,16,0.9279999999999999,0.9279999999999999,1,0.0625
2932,96756,18,0.919,0.919,1,0.05555555555555555
2933,96770,14,0.9369999999999999,0.9369999999999999,1,0.07142857142857142
2934,96785,15,0.9325,0.9325,1,0.06666666666666667
2935,96799,14,0.9369999999999999,0.9369999999999999,1,0.07142857142857142
2936,96813,14,0.9369999999999999,0.9369999999999999,1,0.07142857142857142
2937,96827,14,0.9369999999999999,0.9369999999999999,1,0.07142857142857142
2938,96843,16,0.9279999999999999,0.9279999999999999,1,0.0625
2939,96859,16,0.9279999999999999,0.9279999999999999,1,0.0625
2940,96877,18,0.919,0.919,1,0.2777777777777778
2941,96893,16,0.9279999999999999,0.9279999999999999,1,0.0625
2942,96907,14,0.9369999999999999,0.9369999999999999,1,0.07142857142857142
2943,96921,14,0.9369999999999999,0.9369999999999999,1,0.07142857142857142
2944,96937,16,0.9279999999999999,0.9279999999999999,1,0.0625
2945,96953,16,0.9279999999999999,0.9279999999999999,1,0.0625
2946,96967,14,0.9369999999999999,0.9369999999999999,1,0.07142857142857142
2947,96981,14,0.9369999999999999,0.9369999999999999,1,0.07142857142857142
2948,96995,14,0.9369999999999999,0.9369999999999999,1,0.07142857142857142
2949,97009,14,0.9369999999999999,0.9369999999999999,1,0.07142857142857142
2950,97029,20,0.91,0.91,1,0.05
2951,97045,16,0.9279999999999999,0.9279999999999999,1,0.0625
2952,97059,14,0.9369999999999999,0.9369999999999999,1,0.07142857142857142
2953,97073,14,0.9369999999999999,0.9369999999999999,1,0.07142857142857142
2954,97087,14,0.9369999999999999,0.9369999999999999,1,0.07142857142857142
2955,97101,14,0.9369999999999999,0.9369999999999999,1,0.07142857142857142
2956,97115,14,0.9369999999999999,0.9369999999999999,1,0.07142857142857142
2957,97129,14,0.9369999999999999,0.9369999999999999,1,0.07142857142857142
2958,97143,14,0.9369999999999999,0.9369999999999999,1,0.07142857142857142
2959,97157,14,0.9369999999999999,0.9369999999999999,1,0.07142857142857142
2960,97171,14,0.9369999999999999,0.9369999999999999,1,0.07142857142857142
2961,97185,14,0.9369999999999999,0.9369999999999999,1,0.07142857142857142
2962,97199,14,0.9369999999999999,0.9369999999999999,1,0.07142857142857142
2963,97213,14,0.9369999999999999,0.9369999999999999,1,0.07142857142857142
2964,97227,14,0.9369999999999999,0.9369999999999999,1,0.07142857142857142
2965,97245,18,0.919,0.919,1,0.05555555555555555
2966,97261,16,0.9279999999999999,0.9279999999999999,1,0.0625
2967,97275,14,0.9369999999999999,0.9369999999999999,1,0.07142857142857142
2968,97293,18,0.919,0.919,1,0.05555555555555555
2969,97309,16,0.9279999999999999,0.9279999999999999,1,0.0625
2970,97323,14,0.9369999999999999,0.9369999999999999,1,0.07142857142857142
2971,97339,16,0.9279999999999999,0.9279999999999999,1,0.0625
2972,97355,16,0.9279999999999999,0.9279999999999999,1,0.0625
2973,97373,18,0.919,0.919,1,0.05555555555555555
2974,97387,14,0.9369999999999999,0.9369999999999999,1,0.07142857142857142
2975,97403,16,0.9279999999999999,0.9279999999999999,1,0.0625
2976,97417,14,0.9369999999999999,0.9369999999999999,1,0.07142857142857142
2977,97431,14,0.9369999999999999,0.9369999999999999,1,0.07142857142857142
2978,97445,14,0.9369999999999999,0.9369999999999999,1,0.07142857142857142
2979,97459,14,0.9369999999999999,0.9369999999999999,1,0.07142857142857142
2980,97475,16,0.9279999999999999,0.9279999999999999,1,0.0625
2981,97489,14,0.9369999999999999,0.9369999999999999,1,0.07142857142857142
2982,97505,16,0.9279999999999999,0.9279999999999999,1,0.0625
2983,97519,14,0.9369999999999999,0.9369999999999999,1,0.07142857142857142
2984,97533,14,0.9369999999999999,0.9369999999999999,1,0.07142857142857142
2985,97547,14,0.9369999999999999,0.9369999999999999,1,0.07142857142857142
2986,97563,16,0.9279999999999999,0.9279999999999999,1,0.0625
2987,97577,14,0.9369999999999999,0.9369999999999999,1,0.07142857142857142
2988,97593,16,0.9279999999999999,0.9279999999999999,1,0.1875
2989,97609,16,0.9279999999999999,0.9279999999999999,1,0.0625
2990,97624,15,0.9325,0.9325,1,0.06666666666666667
2991,97644,20,0.91,0.91,1,0.05
2992,97658,14,0.9369999999999999,0.9369999999999999,1,0.07142857142857142
2993,97672,14,0.9369999999999999,0.9369999999999999,1,0.07142857142857142
2994,97686,14,0.9369999999999999,0.9369999999999999,1,0.07142857142857142
2995,97706,20,0.91,0.91,1,0.35
2996,97720,14,0.9369999999999999,0.9369999999999999,1,0.07142857142857142
2997,97735,15,0.9325,0.9325,1,0.06666666666666667
2998,97749,14,0.9369999999999999,0.9369999999999999,1,0.07142857142857142
2999,97763,14,0.9369999999999999,0.9369999999999999,1,0.07142857142857142
3000,97777,14,0.9369999999999999,0.9369999999999999,1,0.07142857142857142
3001,97793,16,0.9279999999999999,0.9279999999999999,1,0.0625
3002,97807,14,0.9369999999999999,0.9369999999999999,1,0.07142857142857142
3003,97821,14,0.9369999999999999,0.9369999999999999,1,0.07142857142857142
3004,97835,14,0.9369999999999999,0.9369999999999999,1,0.07142857142857142
3005,97851,16,0.9279999999999999,0.9279999999999999,1,0.0625
3006,97865,14,0.9369999999999999,0.9369999999999999,1,0.07142857142857142
3007,97879,14,0.9369999999999999,0.9369999999999999,1,0.07142857142857142
3008,97893,14,0.9369999999999999,0.9369999999999999,1,0.07142857142857142
3009,97907,14,0.9369999999999999,0.9369999999999999,1,0.07142857142857142
3010,97921,14,0.9369999999999999,0.9369999999999999,1,0.07142857142857142
3011,97935,14,0.9369999999999999,0.9369999999999999,1,0.07142857142857142
3012,97949,14,0.9369999999999999,0.9369999999999999,1,0.07142857142857142
3013,97963,14,0.9369999999999999,0.9369999999999999,1,0.07142857142857142
3014,97977,14,0.9369999999999999,0.9369999999999999,1,0.07142857142857142
3015,97991,14,0.9369999999999999,0.9369999999999999,1,0.07142857142857142
3016,98007,16,0.9279999999999999,0.9279999999999999,1,0.0625
3017,98023,16,0.9279999999999999,0.9279999999999999,1,0.1875
3018,98041,18,0.919,0.919,1,0.05555555555555555
3019,98057,16,0.9279999999999999,0.9279999999999999,1,0.0625
3020,98071,14,0.9369999999999999,0.9369999999999999,1,0.07142857142857142
3021,98085,14,0.9369999999999999,0.9369999999999999,1,0.07142857142857142
3022,98100,15,0.9325,0.9325,1,0.06666666666666667
3023,98116,16,0.9279999999999999,0.9279999999999999,1,0.0625
3024,98134,18,0.919,0.919,1,0.16666666666666666
3025,98148,14,0.9369999999999999,0.9369999999999999,1,0.07142857142857142
3026,98166,18,0.919,0.919,1,0.05555555555555555
3027,98180,14,0.9369999999999999,0.9369999999999999,1,0.07142857142857142
3028,98194,14,0.9369999999999999,0.9369999999999999,1,0.07142857142857142
3029,98208,14,0.9369999999999999,0.9369999999999999,1,0.07142857142857142
3030,98224,16,0.9279999999999999,0.9279999999999999,1,0.0625
3031,98238,14,0.9369999999999999,0.9369999999999999,1,0.07142857142857142
3032,98254,16,0.9279999999999999,0.9279999999999999,1,0.0625
3033,98268,14,0.9369999999999999,0.9369999999999999,1,0.07142857142857142
3034,98282,14,0.9369999999999999,0.9369999999999999,1,0.07142857142857142
3035,98296,14,0.9369999999999999,0.9369999999999999,1,0.07142857142857142
3036,98312,16,0.9279999999999999,0.9279999999999999,1,0.0625
3037,98326,14,0.9369999999999999,0.9369999999999999,1,0.07142857142857142
3038,98344,18,0.919,0.919,1,0.05555555555555555
3039,98358,14,0.9369999999999999,0.9369999999999999,1,0.07142857142857142
3040,98372,14,0.9369999999999999,0.9369999999999999,1,0.07142857142857142
3041,98390,18,0.919,0.919,1,0.05555555555555555
3042,98404,14,0.9369999999999999,0.9369999999999999,1,0.07142857142857142
3043,98418,14,0.9369999999999999,0.9369999999999999,1,0.07142857142857142
3044,98434,16,0.9279999999999999,0.9279999999999999,1,0.0625
3045,98453,19,0.9145,0.9145,1,0.05263157894736842
3046,98469,16,0.9279999999999999,0.9279999999999999,1,0.0625
3047,98487,18,0.919,0.919,1,0.16666666666666666
3048,98501,14,0.9369999999999999,0.9369999999999999,1,0.07142857142857142
3049,98516,15,0.9325,0.9325,1,0.06666666666666667
3050,98530,14,0.9369999999999999,0.9369999999999999,1,0.07142857142857142
3051,98544,14,0.9369999999999999,0.9369999999999999,1,0.07142857142857142
3052,98558,14,0.9369999999999999,0.9369999999999999,1,0.07142857142857142
3053,98576,18,0.919,0.919,1,0.05555555555555555
3054,98596,20,0.91,0.91,1,0.15
3055,98610,14,0.9369999999999999,0.9369999999999999,1,0.07142857142857142
3056,98626,16,0.9279999999999999,0.9279999999999999,1,0.0625
3057,98640,14,0.9369999999999999,0.9369999999999999,1,0.07142857142857142
3058,98656,16,0.9279999999999999,0.9279999999999999,1,0.1875
3059,98670,14,0.9369999999999999,0.9369999999999999,1,0.07142857142857142
3060,98686,16,0.9279999999999999,0.9279999999999999,1,0.1875
3061,98700,14,0.9369999999999999,0.9369999999999999,1,0.07142857142857142
3062,98716,16,0.9279999999999999,0.9279999999999999,1,0.0625
3063,98730,14,0.9369999999999999,0.9369999999999999,1,0.07142857142857142
3064,98744,14,0.9369999999999999,0.9369999999999999,1,0.07142857142857142
3065,98762,18,0.919,0.919,1,0.05555555555555555
3066,98776,14,0.9369999999999999,0.9369999999999999,1,0.07142857142857142
3067,98792,16,0.9279999999999999,0.9279999999999999,1,0.0625
3068,98806,14,0.9369999999999999,0.9369999999999999,1,0.07142857142857142
3069,98826,20,0.91,0.91,1,0.15
3070,98844,18,0.919,0.919,1,0.05555555555555555
3071,98858,14,0.9369999999999999,0.9369999999999999,1,0.07142857142857142
3072,98872,14,0.9369999999999999,0.9369999999999999,1,0.07142857142857142
3073,98890,18,0.919,0.919,1,0.05555555555555555
3074,98904,14,0.9369999999999999,0.9369999999999999,1,0.07142857142857142
3075,98918,14,0.9369999999999999,0.9369999999999999,1,0.07142857142857142
3076,98932,14,0.9369999999999999,0.9369999999999999,1,0.07142857142857142
3077,98946,14,0.9369999999999999,0.9369999999999999,1,0.07142857142857142
3078,98960,14,0.9369999999999999,0.9369999999999999,1,0.07142857142857142
3079,98980,20,0.91,0.91,1,0.05
3080,98994,14,0.9369999999999999,0.9369999999999999,1,0.07142857142857142
3081,99008,14,0.9369999999999999,0.9369999999999999,1,0.07142857142857142
3082,99024,16,0.9279999999999999,0.9279999999999999,1,0.0625
3083,99040,16,0.9279999999999999,0.9279999999999999,1,0.0625
3084,99054,14,0.9369999999999999,0.9369999999999999,1,0.07142857142857142
3085,99069,15,0.9325,0.9325,1,0.06666666666666667
3086,99083,14,0.9369999999999999,0.9369999999999999,1,0.07142857142857142
3087,99099,16,0.9279999999999999,0.9279999999999999,1,0.0625
3088,99113,14,0.9369999999999999,0.9369999999999999,1,0.07142857142857142
3089,99129,16,0.9279999999999999,0.9279999999999999,1,0.0625
3090,99145,16,0.9279999999999999,0.9279999999999999,1,0.0625
3091,99167,22,0.901,0.901,1,0.045454545454545456
3092,99181,14,0.9369999999999999,0.9369999999999999,1,0.07142857142857142
3093,99197,16,0.9279999999999999,0.9279999999999999,1,0.0625
3094,99211,14,0.9369999999999999,0.9369999999999999,1,0.07142857142857142
3095,99225,14,0.9369999999999999,0.9369999999999999,1,0.07142857142857142
3096,99241,16,0.9279999999999999,0.9279999999999999,1,0.0625
3097,99255,14,0.9369999999999999,0.9369999999999999,1,0.07142857142857142
3098,99273,18,0.919,0.919,1,0.2777777777777778
3099,99287,14,0.9369999999999999,0.9369999999999999,1,0.07142857142857142
3100,99301,14,0.9369999999999999,0.9369999999999999,1,0.07142857142857142
3101,99315,14,0.9369999999999999,0.9369999999999999,1,0.07142857142857142
3102,99331,16,0.9279999999999999,0.9279999999999999,1,0.0625
3103,99345,14,0.9369999999999999,0.9369999999999999,1,0.07142857142857142
3104,99359,14,0.9369999999999999,0.9369999999999999,1,0.07142857142857142
3105,99377,18,0.919,0.919,1,0.05555555555555555
3106,99391,14,0.9369999999999999,0.9369999999999999,1,0.07142857142857142
3107,99407,16,0.9279999999999999,0.9279999999999999,1,0.0625
3108,99422,15,0.9325,0.9325,1,0.06666666666666667
3109,99436,14,0.9369999999999999,0.9369999999999999,1,0.07142857142857142
3110,99450,14,0.9369999999999999,0.9369999999999999,1,0.07142857142857142
3111,99464,14,0.9369999999999999,0.9369999999999999,1,0.07142857142857142
3112,99478,14,0.9369999999999999,0.9369999999999999,1,0.07142857142857142
3113,99499,21,0.9055,0.9055,1,0.047619047619047616
3114,99517,18,0.919,0.919,1,0.05555555555555555
3115,99536,19,0.9145,0.9145,1,0.05263157894736842
3116,99550,14,0.9369999999999999,0.9369999999999999,1,0.07142857142857142
3117,99564,14,0.9369999999999999,0.9369999999999999,1,0.07142857142857142
3118,99584,20,0.91,0.91,1,0.05
3119,99598,14,0.9369999999999999,0.9369999999999999,1,0.07142857142857142
3120,99612,14,0.9369999999999999,0.9369999999999999,1,0.07142857142857142
3121,99626,14,0.9369999999999999,0.9369999999999999,1,0.07142857142857142
3122,99640,14,0.9369999999999999,0.9369999999999999,1,0.07142857142857142
3123,99660,20,0.91,0.91,1,0.05
3124,99674,14,0.9369999999999999,0.9369999999999999,1,0.07142857142857142
3125,99688,14,0.9369999999999999,0.9369999999999999,1,0.07142857142857142
3126,99704,16,0.9279999999999999,0.9279999999999999,1,0.0625
3127,99718,14,0.9369999999999999,0.9369999999999999,1,0.07142857142857142
3128,99734,16,0.9279999999999999,0.9279999999999999,1,0.0625
3129,99748,14,0.9369999999999999,0.9369999999999999,1,0.07142857142857142
3130,99762,14,0.9369999999999999,0.9369999999999999,1,0.07142857142857142
3131,99776,14,0.9369999999999999,0.9369999999999999,1,0.07142857142857142
3132,99792,16,0.9279999999999999,0.9279999999999999,1,0.0625
3133,99808,16,0.9279999999999999,0.9279999999999999,1,0.0625
3134,99822,14,0.9369999999999999,0.9369999999999999,1,0.07142857142857142
3135,99836,14,0.9369999999999999,0.9369999999999999,1,0.07142857142857142
3136,99850,14,0.9369999999999999,0.9369999999999999,1,0.07142857142857142
3137,99866,16,0.9279999999999999,0.9279999999999999,1,0.0625
3138,99880,14,0.9369999999999999,0.9369999999999999,1,0.07142857142857142
3139,99894,14,0.9369999999999999,0.9369999999999999,1,0.07142857142857142
3140,99908,14,0.9369999999999999,0.9369999999999999,1,0.07142857142857142
3141,99924,16,0.9279999999999999,0.9279999999999999,1,0.0625
3142,99938,14,0.9369999999999999,0.9369999999999999,1,0.07142857142857142
3143,99954,16,0.9279999999999999,0.9279999999999999,1,0.1875
3144,99969,15,0.9325,0.9325,1,0.06666666666666667
3145,99985,16,0.9279999999999999,0.9279999999999999,1,0.0625
3146,99999,14,0.9369999999999999,0.9369999999999999,1,0.07142857142857142
