episode,end_step,length,extrinsic_return,shaped_return,success,tv_fraction
0,200,200,0.0,0.0,0,0.29
1,400,200,0.0,0.0,0,0.12
2,600,200,0.0,0.0,0,0.155
3,800,200,0.0,0.0,0,0.085
4,1000,200,0.0,0.0,0,0.285
5,1200,200,0.0,8.212322589433379,0,0.14
6,1400,200,0.0,5.27901679591401,0,0.235
7,1600,200,0.0,4.449554629788723,0,0.07
8,1800,200,0.0,4.187591251870938,0,0.1
9,1909,109,0.5095,2.672766378200768,1,0.03669724770642202
10,2109,200,0.0,1.8375733833344967,0,0.115
11,2309,200,0.0,0.005142887821913624,0,0.185
12,2509,200,0.0,0.01071272454050403,0,0.1
13,2709,200,0.0,0.023316956263840873,0,0.1
14,2909,200,0.0,0.027608377177625373,0,0.035
15,3109,200,0.0,0.007673289454025002,0,0.35
16,3309,200,0.0,0.0022690819485322376,0,0.07
17,3509,200,0.0,0.003019617046479669,0,0.085
18,3709,200,0.0,0.0024089509906227184,0,0.13
19,3909,200,0.0,0.008006688339130829,0,0.095
20,4109,200,0.0,0.0016340675912494933,0,0.15
21,4276,167,0.24850000000000005,0.2501536008380011,1,0.1497005988023952
22,4476,200,0.0,0.00203068580990054,0,0.23
23,4676,200,0.0,0.0009796775401016138,0,0.11
24,4876,200,0.0,0.0019966013604027677,0,0.17
25,5076,200,0.0,0.003481030830074715,0,0.04
26,5276,200,0.0,0.00017190709378244655,0,0.21
27,5476,200,0.0,0.0019456703848180316,0,0.225
28,5676,200,0.0,0.0016149517273905142,0,0.21
29,5876,200,0.0,0.002106179254164297,0,0.065
30,6076,200,0.0,0.005271380013414664,0,0.005
31,6196,120,0.45999999999999996,0.4610735714397559,1,0.08333333333333333
32,6396,200,0.0,0.00020138800669534146,0,0.21
33,6596,200,0.0,0.0031625388154543177,0,0.055
34,6796,200,0.0,0.000732814274649025,0,0.2
35,6996,200,0.0,0.0002900971910557407,0,0.09
36,7196,200,0.0,0.0004551684398317226,0,0.03
37,7396,200,0.0,0.0022018873690835368,0,0.015
38,7596,200,0.0,0.00026196101315450164,0,0.25
39,7796,200,0.0,0.006430627063521713,0,0.065
40,7996,200,0.0,0.00020905106743258252,0,0.135
41,8196,200,0.0,0.00032664036515982296,0,0.025
42,8396,200,0.0,0.00011997220996438905,0,0.275
43,8596,200,0.0,0.00015243249953748829,0,0.125
44,8796,200,0.0,0.0002447066071224643,0,0.165
45,8996,200,0.0,0.002309278889918098,0,0.005
46,9196,200,0.0,0.00024376325263040296,0,0.065
47,9396,200,0.0,0.0013020289846961172,0,0.025
48,9596,200,0.0,0.0014921921612552084,0,0.055
49,9796,200,0.0,0.000577642618753242,0,0.01
50,9996,200,0.0,0.00015390043812428685,0,0.11
51,10196,200,0.0,5.5939204098700784e-05,0,0.175
52,10396,200,0.0,0.00021921191402920895,0,0.04
53,10596,200,0.0,0.00010234620102143233,0,0.16
54,10660,64,0.712,0.7122795322605295,1,0.046875
55,10860,200,0.0,9.543274656968131e-05,0,0.14
56,11060,200,0.0,9.106128614791455e-05,0,0.19
57,11260,200,0.0,1.824536790384757e-05,0,0.04
58,11374,114,0.487,0.4871609942129703,1,0.03508771929824561
59,11574,200,0.0,0.0009982938381756532,0,0.02
60,11762,188,0.15400000000000003,0.15434194391669195,1,0.02127659574468085
61,11961,199,0.10450000000000004,0.10516022246517294,1,0.09045226130653267
62,12099,138,0.379,0.37931705711418207,1,0.08695652173913043
63,12206,107,0.5185,0.5185624518255483,1,0.009345794392523364
64,12272,66,0.703,0.7030576295862735,1,0.045454545454545456
65,12472,200,0.0,0.00010215136137345754,0,0.13
66,12543,71,0.6805,0.6805688847992459,1,0.07042253521126761
67,12743,200,0.0,8.710933429645e-05,0,0.035
68,12943,200,0.0,6.681867616095063e-05,0,0.095
69,13143,200,0.0,0.00034703630841243464,0,0.135
70,13243,100,0.55,0.5501054358527693,1,0.17
71,13433,190,0.14500000000000002,0.1454654704961297,1,0.015789473684210527
72,13486,53,0.7615,0.761579664472038,1,0.1320754716981132
73,13651,165,0.25750000000000006,0.25777336700803327,1,0.1393939393939394
74,13675,24,0.892,0.8920267062693862,1,0.125
75,13791,116,0.478,0.4784190298809707,1,0.02586206896551724
76,13836,45,0.7975,0.7977135439925565,1,0.06666666666666667
77,13883,47,0.7885,0.7885415719580299,1,0.14893617021276595
78,13956,73,0.6715,0.6716328477765383,1,0.1095890410958904
79,14066,110,0.5049999999999999,0.505029841228466,1,0.03636363636363636
80,14146,80,0.6399999999999999,0.6400779312334214,1,0.3
81,14197,51,0.7705,0.7705387460447454,1,0.0196078431372549
82,14306,109,0.5095,0.5095949966487018,1,0.027522935779816515
83,14506,200,0.0,7.083688929040822e-05,0,0.31
84,14560,54,0.757,0.7570389672278827,1,0.24074074074074073
85,14586,26,0.883,0.883035185319705,1,0.19230769230769232
86,14631,45,0.7975,0.7976136447850525,1,0.24444444444444444
87,14738,107,0.5185,0.5186490935002634,1,0.056074766355140186
88,14857,119,0.4645,0.4650911635763705,1,0.008403361344537815
89,14983,126,0.43299999999999994,0.4331945719678489,1,0.07142857142857142
90,15043,60,0.73,0.7300290495943225,1,0.016666666666666666
91,15112,69,0.6895,0.6895221220342046,1,0.014492753623188406
92,15140,28,0.874,0.8740118777982846,1,0.03571428571428571
93,15202,62,0.721,0.7210224381939334,1,0.27419354838709675
94,15308,106,0.5229999999999999,0.523122690308123,1,0.009433962264150943
95,15368,60,0.73,0.7300638612569469,1,0.08333333333333333
96,15429,61,0.7255,0.7255871897296253,1,0.08196721311475409
97,15492,63,0.7164999999999999,0.7165777144874879,1,0.015873015873015872
98,15553,61,0.7255,0.7256271407089825,1,0.08196721311475409
99,15616,63,0.7164999999999999,0.7165853548111099,1,0.1111111111111111
100,15722,106,0.5229999999999999,0.5234863217005443,1,0.04716981132075472
101,15864,142,0.361,0.3611345257371412,1,0.29577464788732394
102,16021,157,0.2935,0.29360272381503055,1,0.3057324840764331
103,16178,157,0.2935,0.2935310690272251,1,0.1464968152866242
104,16219,41,0.8155,0.8155270820790758,1,0.07317073170731707
105,16240,21,0.9055,0.9055058654725366,1,0.047619047619047616
106,16280,40,0.82,0.8200194338816039,1,0.025
107,16359,79,0.6445,0.6445527221598935,1,0.012658227848101266
108,16433,74,0.667,0.6670341093227468,1,0.1891891891891892
109,16532,99,0.5545,0.5545436018404482,1,0.16161616161616163
110,16640,108,0.514,0.5141132152800525,1,0.05555555555555555
111,16685,45,0.7975,0.7975199697762044,1,0.022222222222222223
112,16751,66,0.703,0.7030873846868673,1,0.12121212121212122
113,16787,36,0.838,0.8380633623442317,1,0.19444444444444445
114,16819,32,0.856,0.856024240491132,1,0.28125
115,16904,85,0.6174999999999999,0.6176513836283608,1,0.03529411764705882
116,16927,23,0.8965,0.8965180121162492,1,0.043478260869565216
117,16997,70,0.685,0.6852042738093355,1,0.08571428571428572
118,17099,102,0.5409999999999999,0.5410306624290456,1,0.00980392156862745
119,17261,162,0.2709999999999999,0.2711430047071601,1,0.08024691358024691
120,17303,42,0.8109999999999999,0.8110103050624429,1,0.11904761904761904
121,17398,95,0.5725,0.5725461270496921,1,0.12631578947368421
122,17478,80,0.6399999999999999,0.6400609718601806,1,0.0125
123,17620,142,0.361,0.36133136682125566,1,0.08450704225352113
124,17702,82,0.631,0.6311002795571855,1,0.0975609756097561
125,17806,104,0.532,0.5320725615833708,1,0.28846153846153844
126,17884,78,0.649,0.6490811365897327,1,0.1282051282051282
127,17985,101,0.5455,0.5455998704149096,1,0.019801980198019802
128,18175,190,0.14500000000000002,0.14520925027334303,1,0.18421052631578946
129,18317,142,0.361,0.3610714330704554,1,0.007042253521126761
130,18401,84,0.622,0.622038933723213,1,0.14285714285714285
131,18545,144,0.352,0.3523916019990214,1,0.013888888888888888
132,18682,137,0.38349999999999995,0.3836831109616307,1,0.0948905109489051
133,18742,60,0.73,0.7300388109460682,1,0.08333333333333333
134,18779,37,0.8335,0.8335209379077546,1,0.02702702702702703
135,18833,54,0.757,0.7570301840838295,1,0.05555555555555555
136,18939,106,0.5229999999999999,0.5230671364485192,1,0.04716981132075472
137,19035,96,0.5680000000000001,0.5680746441106355,1,0.08333333333333333
138,19122,87,0.6085,0.6085126611827727,1,0.19540229885057472
139,19223,101,0.5455,0.5455215067162152,1,0.04950495049504951
140,19284,61,0.7255,0.7255183079460858,1,0.01639344262295082
141,19342,58,0.739,0.739020384645705,1,0.017241379310344827
142,19382,40,0.82,0.8200198734917977,1,0.025
143,19458,76,0.6579999999999999,0.6580239050069957,1,0.2631578947368421
144,19552,94,0.577,0.5770323317064897,1,0.3829787234042553
145,19616,64,0.712,0.712033503343594,1,0.046875
146,19652,36,0.838,0.8380241521214579,1,0.1388888888888889
147,19833,181,0.1855,0.1855620459525237,1,0.022099447513812154
148,19963,130,0.4149999999999999,0.41527699954766545,1,0.08461538461538462
149,20097,134,0.3969999999999999,0.3970176364043984,1,0.13432835820895522
150,20198,101,0.5455,0.5455687140946825,1,0.1188118811881188
151,20256,58,0.739,0.7390036863741376,1,0.1724137931034483
152,20351,95,0.5725,0.5725481564057956,1,0.05263157894736842
153,20409,58,0.739,0.7390104421816791,1,0.017241379310344827
154,20467,58,0.739,0.739005892982227,1,0.017241379310344827
155,20556,89,0.5994999999999999,0.5995425608207157,1,0.033707865168539325
156,20646,90,0.595,0.5950094532832214,1,0.07777777777777778
157,20715,69,0.6895,0.6895913544901169,1,0.057971014492753624
158,20830,115,0.48250000000000004,0.4830654754169222,1,0.008695652173913044
159,20913,83,0.6265000000000001,0.6265388943754433,1,0.060240963855421686
160,21036,123,0.4465,0.44652961259162505,1,0.08130081300813008
161,21086,50,0.775,0.7750074937781058,1,0.02
162,21153,67,0.6984999999999999,0.6985038150029391,1,0.16417910447761194
163,21218,65,0.7075,0.7075103546786303,1,0.015384615384615385
164,21273,55,0.7525,0.7525042855392048,1,0.10909090909090909
165,21299,26,0.883,0.8830037602951707,1,0.038461538461538464
166,21364,65,0.7075,0.7075134668151011,1,0.18461538461538463
167,21401,37,0.8335,0.8335091722423532,1,0.02702702702702703
168,21467,66,0.703,0.7030237742253634,1,0.015151515151515152
169,21582,115,0.48250000000000004,0.48254001282891656,1,0.02608695652173913
170,21700,118,0.469,0.4690646957098894,1,0.09322033898305085
171,21732,32,0.856,0.856007986270429,1,0.09375
172,21756,24,0.892,0.8920085870118403,1,0.041666666666666664
173,21778,22,0.901,0.901014035669735,1,0.13636363636363635
174,21854,76,0.6579999999999999,0.6583560948777366,1,0.07894736842105263
175,21901,47,0.7885,0.7885103099934915,1,0.06382978723404255
176,21953,52,0.766,0.7660094730479561,1,0.019230769230769232
177,21981,28,0.874,0.8740075890923545,1,0.25
178,22017,36,0.838,0.838004496819163,1,0.4166666666666667
179,22145,128,0.42399999999999993,0.42401799086547926,1,0.1484375
180,22205,60,0.73,0.7300018921340388,1,0.016666666666666666
181,22256,51,0.7705,0.7705063369930294,1,0.0196078431372549
182,22351,95,0.5725,0.5725203782597839,1,0.010526315789473684
183,22517,166,0.253,0.2530325785406344,1,0.04216867469879518
184,22569,52,0.766,0.7660202631497757,1,0.019230769230769232
185,22618,49,0.7795,0.779501914476163,1,0.1836734693877551
186,22672,54,0.757,0.7570058795728882,1,0.2777777777777778
187,22726,54,0.757,0.7570157589451122,1,0.018518518518518517
188,22817,91,0.5905,0.5905206122682641,1,0.18681318681318682
189,22942,125,0.4375,0.43752866076313573,1,0.008
190,23037,95,0.5725,0.5725199504462596,1,0.031578947368421054
191,23069,32,0.856,0.8560051182169286,1,0.03125
192,23101,32,0.856,0.8560039326448425,1,0.15625
193,23138,37,0.8335,0.833507596341496,1,0.13513513513513514
194,23205,67,0.6984999999999999,0.6985161603208332,1,0.014925373134328358
195,23250,45,0.7975,0.7975124185931446,1,0.022222222222222223
196,23320,70,0.685,0.6850173096880029,1,0.014285714285714285
197,23351,31,0.8605,0.8605095922049435,1,0.03225806451612903
198,23396,45,0.7975,0.7975263071172878,1,0.022222222222222223
199,23452,56,0.748,0.7480114520374589,1,0.05357142857142857
200,23508,56,0.748,0.7480248407698818,1,0.017857142857142856
201,23554,46,0.7929999999999999,0.7930127401616643,1,0.10869565217391304
202,23607,53,0.7615,0.7615093163679624,1,0.018867924528301886
203,23714,107,0.5185,0.5185386714171517,1,0.009345794392523364
204,23774,60,0.73,0.7300230502155229,1,0.08333333333333333
205,23792,18,0.919,0.9190060315355705,1,0.05555555555555555
206,23849,57,0.7435,0.7435311967805617,1,0.017543859649122806
207,23913,64,0.712,0.7121172312917874,1,0.203125
208,24040,127,0.4285,0.42853944540765315,1,0.2283464566929134
209,24079,39,0.8245,0.8245014055069715,1,0.02564102564102564
210,24111,32,0.856,0.8560008935073449,1,0.03125
211,24141,30,0.865,0.8650024039744716,1,0.3
212,24168,27,0.8785,0.8785017462663345,1,0.037037037037037035
213,24203,35,0.8425,0.8425005197516756,1,0.02857142857142857
214,24231,28,0.874,0.8740020794977011,1,0.03571428571428571
215,24275,44,0.802,0.8020006218293625,1,0.1590909090909091
216,24375,100,0.55,0.5500135086271573,1,0.02
217,24407,32,0.856,0.8560044064766752,1,0.21875
218,24434,27,0.8785,0.8785037154915795,1,0.037037037037037035
219,24477,43,0.8065,0.8065009085200362,1,0.16279069767441862
220,24543,66,0.703,0.7030111547263626,1,0.015151515151515152
221,24576,33,0.8514999999999999,0.8515019716207465,1,0.030303030303030304
222,24601,25,0.8875,0.8875006797621394,1,0.04
223,24639,38,0.829,0.8290732368114635,1,0.02631578947368421
224,24716,77,0.6535,0.6535151076413762,1,0.06493506493506493
225,24754,38,0.829,0.8290021200363263,1,0.23684210526315788
226,24829,75,0.6625,0.6625088698375491,1,0.013333333333333334
227,24895,66,0.703,0.7030290762023997,1,0.045454545454545456
228,24954,59,0.7344999999999999,0.7345142374386917,1,0.01694915254237288
229,25014,60,0.73,0.7300142249936301,1,0.016666666666666666
230,25064,50,0.775,0.7750032533815567,1,0.02
231,25111,47,0.7885,0.7885057546231398,1,0.02127659574468085
232,25166,55,0.7525,0.7525056915470663,1,0.05454545454545454
233,25245,79,0.6445,0.6445230127897661,1,0.012658227848101266
234,25384,139,0.37450000000000006,0.3745382526644134,1,0.007194244604316547
235,25531,147,0.3385,0.3385295503707857,1,0.08843537414965986
236,25594,63,0.7164999999999999,0.7165302185059594,1,0.015873015873015872
237,25634,40,0.82,0.820013344419227,1,0.025
238,25681,47,0.7885,0.7885125162103451,1,0.06382978723404255
239,25787,106,0.5229999999999999,0.5230208643375512,1,0.10377358490566038
240,25817,30,0.865,0.8650060176800779,1,0.3333333333333333
241,25880,63,0.7164999999999999,0.7165438544439379,1,0.23809523809523808
242,25926,46,0.7929999999999999,0.7930095006845435,1,0.021739130434782608
243,26065,139,0.37450000000000006,0.37459712237969883,1,0.08633093525179857
244,26099,34,0.847,0.8470087646297326,1,0.029411764705882353
245,26195,96,0.5680000000000001,0.5680058324916046,1,0.010416666666666666
246,26395,200,0.0,1.7085688914639944e-05,0,0.39
247,26492,97,0.5635,0.5635195874515366,1,0.010309278350515464
248,26575,83,0.6265000000000001,0.6265763669381084,1,0.060240963855421686
249,26650,75,0.6625,0.6626064691820651,1,0.05333333333333334
250,26725,75,0.6625,0.6625087226332035,1,0.41333333333333333
251,26783,58,0.739,0.7390063004006662,1,0.4482758620689655
252,26862,79,0.6445,0.644506948222932,1,0.06329113924050633
253,26964,102,0.5409999999999999,0.5410096297085517,1,0.5
254,26995,31,0.8605,0.8605034964458215,1,0.03225806451612903
255,27036,41,0.8155,0.8155019169994537,1,0.12195121951219512
256,27070,34,0.847,0.8470033589874573,1,0.08823529411764706
257,27138,68,0.694,0.6940073392753001,1,0.10294117647058823
258,27266,128,0.42399999999999993,0.4241358856151066,1,0.15625
259,27347,81,0.6355,0.6355146649208968,1,0.3950617283950617
260,27431,84,0.622,0.6220100354746468,1,0.38095238095238093
261,27513,82,0.631,0.6310009326012621,1,0.4146341463414634
262,27713,200,0.0,1.4598065091633623e-05,0,0.49
263,27832,119,0.4645,0.46467316086164906,1,0.05042016806722689
264,27915,83,0.6265000000000001,0.6265760815173561,1,0.08433734939759036
265,28044,129,0.4195,0.419513152715553,1,0.3953488372093023
266,28157,113,0.49150000000000005,0.49162818639956,1,0.05309734513274336
267,28217,60,0.73,0.7300019583718761,1,0.18333333333333332
268,28239,22,0.901,0.9010018589548461,1,0.045454545454545456
269,28290,51,0.7705,0.7705028304796694,1,0.29411764705882354
270,28338,48,0.784,0.7840050470075631,1,0.020833333333333332
271,28444,106,0.5229999999999999,0.5230347536001289,1,0.19811320754716982
272,28506,62,0.721,0.72100151330161,1,0.04838709677419355
273,28528,22,0.901,0.9010015579884267,1,0.045454545454545456
274,28550,22,0.901,0.9010007853151806,1,0.045454545454545456
275,28585,35,0.8425,0.842501854538108,1,0.2571428571428571
276,28622,37,0.8335,0.8335046181577466,1,0.02702702702702703
277,28640,18,0.919,0.9190012219032777,1,0.05555555555555555
278,28675,35,0.8425,0.8425044041888451,1,0.2
279,28727,52,0.766,0.766003535708708,1,0.38461538461538464
280,28789,62,0.721,0.721006371551318,1,0.14516129032258066
281,28837,48,0.784,0.784002922858936,1,0.0625
282,28871,34,0.847,0.8470039963630339,1,0.14705882352941177
283,28929,58,0.739,0.7390036323112159,1,0.017241379310344827
284,28960,31,0.8605,0.8605386503986739,1,0.03225806451612903
285,28999,39,0.8245,0.8245157487525422,1,0.1794871794871795
286,29060,61,0.7255,0.7255138539586348,1,0.03278688524590164
287,29118,58,0.739,0.739006195310429,1,0.20689655172413793
288,29227,109,0.5095,0.5095098892869884,1,0.07339449541284404
289,29418,191,0.14050000000000007,0.1405124677879565,1,0.015706806282722512
290,29432,14,0.9369999999999999,0.9370010353738778,1,0.07142857142857142
291,29543,111,0.5005,0.5005236945358312,1,0.009009009009009009
292,29592,49,0.7795,0.7795065648704956,1,0.02040816326530612
293,29612,20,0.91,0.9100013265713529,1,0.15
294,29668,56,0.748,0.7480065285848991,1,0.23214285714285715
295,29768,100,0.55,0.5500525722382534,1,0.03
296,29786,18,0.919,0.9190010633492343,1,0.05555555555555555
297,29853,67,0.6984999999999999,0.6985078880942677,1,0.16417910447761194
298,29934,81,0.6355,0.6355044985220253,1,0.012345679012345678
299,29995,61,0.7255,0.7255099299545774,1,0.01639344262295082
300,30140,145,0.34750000000000003,0.3475050888046178,1,0.020689655172413793
301,30158,18,0.919,0.9190010153071616,1,0.16666666666666666
302,30286,128,0.42399999999999993,0.42401908545927863,1,0.0078125
303,30300,14,0.9369999999999999,0.9370008636769319,1,0.07142857142857142
304,30314,14,0.9369999999999999,0.9370012708733102,1,0.07142857142857142
305,30354,40,0.82,0.8200038946636284,1,0.025
306,30400,46,0.7929999999999999,0.7930027854641165,1,0.06521739130434782
307,30439,39,0.8245,0.8245038856208097,1,0.07692307692307693
308,30524,85,0.6174999999999999,0.6175086815054319,1,0.03529411764705882
309,30566,42,0.8109999999999999,0.811002903560922,1,0.023809523809523808
310,30607,41,0.8155,0.8155035563888318,1,0.024390243902439025
311,30719,112,0.4959999999999999,0.49600898871437105,1,0.008928571428571428
312,30822,103,0.5365,0.5365064791589227,1,0.06796116504854369
313,30847,25,0.8875,0.8875013742615766,1,0.04
314,30937,90,0.595,0.5950312055418536,1,0.05555555555555555
315,30994,57,0.7435,0.7435065690232903,1,0.017543859649122806
316,31042,48,0.784,0.7840009854455138,1,0.020833333333333332
317,31084,42,0.8109999999999999,0.8110014793580309,1,0.023809523809523808
318,31104,20,0.91,0.9100000895393241,1,0.15
319,31140,36,0.838,0.838000780000237,1,0.1388888888888889
320,31168,28,0.874,0.8740004833108087,1,0.17857142857142858
321,31238,70,0.685,0.6850132387935697,1,0.014285714285714285
322,31261,23,0.8965,0.8965003355762529,1,0.043478260869565216
323,31282,21,0.9055,0.9055001317765361,1,0.14285714285714285
324,31300,18,0.919,0.919000122473635,1,0.05555555555555555
325,31333,33,0.8514999999999999,0.8515013588589226,1,0.030303030303030304
326,31380,47,0.7885,0.7885018850377448,1,0.10638297872340426
327,31426,46,0.7929999999999999,0.7930014650746939,1,0.1956521739130435
328,31452,26,0.883,0.8830001875309684,1,0.19230769230769232
329,31484,32,0.856,0.8560001031609589,1,0.09375
330,31518,34,0.847,0.8470016633735462,1,0.20588235294117646
331,31537,19,0.9145,0.9145,1,0.05263157894736842
332,31570,33,0.8514999999999999,0.8515000627586508,1,0.030303030303030304
333,31608,38,0.829,0.8290003711314624,1,0.02631578947368421
334,31646,38,0.829,0.8290012000206054,1,0.02631578947368421
335,31684,38,0.829,0.8290004237623154,1,0.07894736842105263
336,31742,58,0.739,0.7390026076142798,1,0.08620689655172414
337,31787,45,0.7975,0.7975008417144107,1,0.15555555555555556
338,31825,38,0.829,0.829001802052724,1,0.07894736842105263
339,31929,104,0.532,0.5320029516006509,1,0.028846153846153848
340,31950,21,0.9055,0.9055011635951002,1,0.047619047619047616
341,32026,76,0.6579999999999999,0.6580036674386115,1,0.15789473684210525
342,32055,29,0.8694999999999999,0.8695010246997446,1,0.2413793103448276
343,32081,26,0.883,0.883001060344232,1,0.038461538461538464
344,32113,32,0.856,0.8560017606485391,1,0.25
345,32143,30,0.865,0.8650010356714973,1,0.1
346,32167,24,0.892,0.8920012413061608,1,0.041666666666666664
347,32191,24,0.892,0.8920005309474187,1,0.375
348,32218,27,0.8785,0.8785010713879574,1,0.037037037037037035
349,32244,26,0.883,0.8830005335967909,1,0.038461538461538464
350,32288,44,0.802,0.8020022681474684,1,0.06818181818181818
351,32306,18,0.919,0.9190010438384973,1,0.05555555555555555
352,32322,16,0.9279999999999999,0.9280009516516201,1,0.0625
353,32354,32,0.856,0.8560028743885147,1,0.09375
354,32382,28,0.874,0.8740007548409734,1,0.17857142857142858
355,32404,22,0.901,0.9010018914421882,1,0.13636363636363635
356,32431,27,0.8785,0.8785006511680256,1,0.1111111111111111
357,32474,43,0.8065,0.806505248201985,1,0.11627906976744186
358,32505,31,0.8605,0.8605010955524864,1,0.03225806451612903
359,32540,35,0.8425,0.842500382553193,1,0.02857142857142857
360,32579,39,0.8245,0.8245005532826588,1,0.02564102564102564
361,32625,46,0.7929999999999999,0.7930006557099541,1,0.15217391304347827
362,32657,32,0.856,0.8560011274039362,1,0.03125
363,32679,22,0.901,0.9010013753328885,1,0.045454545454545456
364,32697,18,0.919,0.9190010421379782,1,0.05555555555555555
365,32720,23,0.8965,0.8965013003900902,1,0.043478260869565216
366,32817,97,0.5635,0.5635048518443156,1,0.07216494845360824
367,32837,20,0.91,0.9100009033472839,1,0.05
368,32855,18,0.919,0.9190005067577998,1,0.05555555555555555
369,32883,28,0.874,0.874000692186681,1,0.03571428571428571
370,32916,33,0.8514999999999999,0.8515008967855976,1,0.09090909090909091
371,32936,20,0.91,0.9100010387855706,1,0.05
372,33063,127,0.4285,0.4285169502309916,1,0.015748031496062992
373,33097,34,0.847,0.8470019669628324,1,0.029411764705882353
374,33142,45,0.7975,0.7975087455763045,1,0.06666666666666667
375,33163,21,0.9055,0.9055003202658981,1,0.047619047619047616
376,33189,26,0.883,0.8830021539425299,1,0.2692307692307692
377,33214,25,0.8875,0.8875017535259193,1,0.04
378,33232,18,0.919,0.919000537352697,1,0.16666666666666666
379,33259,27,0.8785,0.8785025377890688,1,0.037037037037037035
380,33277,18,0.919,0.9190008249146561,1,0.05555555555555555
381,33307,30,0.865,0.8650019205932241,1,0.16666666666666666
382,33378,71,0.6805,0.6805043144917643,1,0.1267605633802817
383,33394,16,0.9279999999999999,0.928000474528696,1,0.0625
384,33408,14,0.9369999999999999,0.937000655181539,1,0.07142857142857142
385,33442,34,0.847,0.847001884590771,1,0.08823529411764706
386,33469,27,0.8785,0.8785017520335899,1,0.037037037037037035
387,33487,18,0.919,0.9190014332155664,1,0.16666666666666666
388,33505,18,0.919,0.9190011686380006,1,0.05555555555555555
389,33531,26,0.883,0.8830026985858854,1,0.038461538461538464
390,33557,26,0.883,0.8830009964867714,1,0.038461538461538464
391,33584,27,0.8785,0.8785023580523101,1,0.037037037037037035
392,33608,24,0.892,0.8920015650675025,1,0.041666666666666664
393,33636,28,0.874,0.874001529621207,1,0.03571428571428571
394,33682,46,0.7929999999999999,0.7930039087329602,1,0.021739130434782608
395,33704,22,0.901,0.9010017200738537,1,0.045454545454545456
396,33730,26,0.883,0.8830019869696194,1,0.2692307692307692
397,33757,27,0.8785,0.8785015042177119,1,0.18518518518518517
398,33783,26,0.883,0.8830030765927899,1,0.038461538461538464
399,33803,20,0.91,0.9100007684317364,1,0.05
400,33874,71,0.6805,0.6805052933640006,1,0.014084507042253521
401,33911,37,0.8335,0.8335214118936946,1,0.05405405405405406
402,34003,92,0.586,0.5860062907015835,1,0.043478260869565216
403,34044,41,0.8155,0.8155087379693903,1,0.07317073170731707
404,34060,16,0.9279999999999999,0.928000388353083,1,0.0625
405,34094,34,0.847,0.8470019165772699,1,0.029411764705882353
406,34120,26,0.883,0.8830009728477439,1,0.038461538461538464
407,34146,26,0.883,0.8830030778311392,1,0.038461538461538464
408,34172,26,0.883,0.8830016529931778,1,0.23076923076923078
409,34245,73,0.6715,0.6715057047378411,1,0.0821917808219178
410,34302,57,0.7435,0.7435183017950011,1,0.017543859649122806
411,34328,26,0.883,0.8830019790508575,1,0.038461538461538464
412,34422,94,0.577,0.577007723585907,1,0.031914893617021274
413,34449,27,0.8785,0.8785022396731496,1,0.1111111111111111
414,34477,28,0.874,0.8740020232130711,1,0.17857142857142858
415,34543,66,0.703,0.7030066087891548,1,0.09090909090909091
416,34594,51,0.7705,0.7705064070394514,1,0.0196078431372549
417,34764,170,0.235,0.2350091920757496,1,0.0058823529411764705
418,34810,46,0.7929999999999999,0.7930021206504361,1,0.021739130434782608
419,34868,58,0.739,0.7390052766204359,1,0.15517241379310345
420,34903,35,0.8425,0.8425019010088424,1,0.14285714285714285
421,34929,26,0.883,0.8830026070230078,1,0.038461538461538464
422,34961,32,0.856,0.8560043465223155,1,0.09375
423,35007,46,0.7929999999999999,0.7930035553382829,1,0.06521739130434782
424,35027,20,0.91,0.9100001421405997,1,0.15
425,35044,17,0.9235,0.9235001186712755,1,0.058823529411764705
426,35077,33,0.8514999999999999,0.8515004777324049,1,0.3333333333333333
427,35101,24,0.892,0.892,1,0.041666666666666664
428,35117,16,0.9279999999999999,0.9279999999999999,1,0.0625
429,35144,27,0.8785,0.8785000626672892,1,0.25925925925925924
430,35187,43,0.8065,0.8065009542985141,1,0.16279069767441862
431,35209,22,0.901,0.9010003169684994,1,0.045454545454545456
432,35231,22,0.901,0.9010000888701258,1,0.13636363636363635
433,35249,18,0.919,0.919,1,0.16666666666666666
434,35265,16,0.9279999999999999,0.9280001701555302,1,0.0625
435,35294,29,0.8694999999999999,0.869501827041402,1,0.034482758620689655
436,35322,28,0.874,0.8740000972526931,1,0.03571428571428571
437,35374,52,0.766,0.7660018813964065,1,0.19230769230769232
438,35401,27,0.8785,0.8785001131901807,1,0.037037037037037035
439,35421,20,0.91,0.9100000709194931,1,0.05
440,35444,23,0.8965,0.8965002366675154,1,0.043478260869565216
441,35470,26,0.883,0.8830001838076873,1,0.038461538461538464
442,35490,20,0.91,0.9100000802268972,1,0.05
443,35508,18,0.919,0.919000198510737,1,0.16666666666666666
444,35527,19,0.9145,0.9145000752264786,1,0.05263157894736842
445,35554,27,0.8785,0.8785000351545094,1,0.037037037037037035
446,35578,24,0.892,0.8920001491425933,1,0.2916666666666667
447,35602,24,0.892,0.8920001678224336,1,0.041666666666666664
448,35636,34,0.847,0.8470037477965479,1,0.058823529411764705
449,35652,16,0.9279999999999999,0.9280000901682494,1,0.1875
450,35670,18,0.919,0.9190002498292638,1,0.05555555555555555
451,35690,20,0.91,0.910000362784623,1,0.05
452,35706,16,0.9279999999999999,0.928000164204242,1,0.0625
453,35722,16,0.9279999999999999,0.9280000813602485,1,0.0625
454,35748,26,0.883,0.8830001659612989,1,0.038461538461538464
455,35774,26,0.883,0.8830000486948127,1,0.11538461538461539
456,35811,37,0.8335,0.8335002234961291,1,0.13513513513513514
457,35833,22,0.901,0.9010001758588004,1,0.045454545454545456
458,35855,22,0.901,0.9010000665097088,1,0.045454545454545456
459,35873,18,0.919,0.9190001600382878,1,0.05555555555555555
460,35904,31,0.8605,0.8605001992675533,1,0.4838709677419355
461,35932,28,0.874,0.8740001961815316,1,0.03571428571428571
462,35970,38,0.829,0.8290001513063803,1,0.21052631578947367
463,36006,36,0.838,0.838001603707623,1,0.19444444444444445
464,36027,21,0.9055,0.905501208662514,1,0.047619047619047616
465,36059,32,0.856,0.8560017823376385,1,0.09375
466,36096,37,0.8335,0.8335143707368793,1,0.10810810810810811
467,36122,26,0.883,0.8830027642862369,1,0.11538461538461539
468,36140,18,0.919,0.9190014781688485,1,0.05555555555555555
469,36184,44,0.802,0.8020051001821443,1,0.06818181818181818
470,36200,16,0.9279999999999999,0.9280013578119981,1,0.1875
471,36220,20,0.91,0.9100008645587662,1,0.05
472,36240,20,0.91,0.9100007652968938,1,0.05
473,36280,40,0.82,0.8200031738401429,1,0.15
474,36302,22,0.901,0.9010011081053855,1,0.22727272727272727
475,36322,20,0.91,0.9100008645951676,1,0.05
476,36386,64,0.712,0.7120100067032287,1,0.046875
477,36423,37,0.8335,0.8335032890780468,1,0.13513513513513514
478,36453,30,0.865,0.8650178652880272,1,0.13333333333333333
479,36485,32,0.856,0.8560017451807078,1,0.03125
480,36501,16,0.9279999999999999,0.9280005374561511,1,0.1875
481,36539,38,0.829,0.829003189144059,1,0.13157894736842105
482,36562,23,0.8965,0.8965012910872938,1,0.043478260869565216
483,36580,18,0.919,0.9190009384894059,1,0.05555555555555555
484,36602,22,0.901,0.9010008273728086,1,0.045454545454545456
485,36624,22,0.901,0.9010009470590522,1,0.13636363636363635
486,36640,16,0.9279999999999999,0.928000753112508,1,0.1875
487,36662,22,0.901,0.9010026196594169,1,0.045454545454545456
488,36697,35,0.8425,0.84250240087114,1,0.02857142857142857
489,36719,22,0.901,0.901001278701167,1,0.22727272727272727
490,36737,18,0.919,0.9190010283848945,1,0.16666666666666666
491,36764,27,0.8785,0.8785015083975471,1,0.3333333333333333
492,36796,32,0.856,0.8560033270075682,1,0.15625
493,36814,18,0.919,0.9190009031103235,1,0.05555555555555555
494,36836,22,0.901,0.9010014410445994,1,0.4090909090909091
495,36871,35,0.8425,0.8425030473479076,1,0.02857142857142857
496,36906,35,0.8425,0.8425031199933254,1,0.2
497,36928,22,0.901,0.9010016491462438,1,0.045454545454545456
498,36964,36,0.838,0.8380025290792821,1,0.08333333333333333
499,36980,16,0.9279999999999999,0.9280020075440136,1,0.0625
500,37004,24,0.892,0.892001336024926,1,0.041666666666666664
501,37058,54,0.757,0.7570011955328622,1,0.018518518518518517
502,37076,18,0.919,0.9190007078968127,1,0.05555555555555555
503,37133,57,0.7435,0.7435026139666573,1,0.45614035087719296
504,37162,29,0.8694999999999999,0.8695008210783217,1,0.034482758620689655
505,37198,36,0.838,0.8380009128700425,1,0.08333333333333333
506,37284,86,0.613,0.6130011390716436,1,0.5
507,37327,43,0.8065,0.8065001693499211,1,0.023255813953488372
508,37391,64,0.712,0.7120012935548252,1,0.03125
509,37418,27,0.8785,0.8785003692384817,1,0.25925925925925924
510,37440,22,0.901,0.9010001573220537,1,0.045454545454545456
511,37470,30,0.865,0.8650004935236879,1,0.16666666666666666
512,37589,119,0.4645,0.46450196625526385,1,0.1092436974789916
513,37645,56,0.748,0.7480014679480923,1,0.10714285714285714
514,37665,20,0.91,0.9100004996941662,1,0.35
515,37700,35,0.8425,0.8425006309598433,1,0.02857142857142857
516,37769,69,0.6895,0.6895019312794056,1,0.014492753623188406
517,37797,28,0.874,0.8740005539200085,1,0.25
518,37845,48,0.784,0.7840016389960058,1,0.25
519,37891,46,0.7929999999999999,0.7930026999230547,1,0.34782608695652173
520,37916,25,0.8875,0.8875006235313331,1,0.28
521,38004,88,0.604,0.6040045976244376,1,0.22727272727272727
522,38025,21,0.9055,0.9055003549287102,1,0.3333333333333333
523,38045,20,0.91,0.9100004462681365,1,0.05
524,38061,16,0.9279999999999999,0.9280000522363099,1,0.0625
525,38128,67,0.6984999999999999,0.6985005523991098,1,0.1044776119402985
526,38158,30,0.865,0.8650021589694127,1,0.06666666666666667
527,38176,18,0.919,0.9190004197340567,1,0.05555555555555555
528,38194,18,0.919,0.9190004080914652,1,0.05555555555555555
529,38210,16,0.9279999999999999,0.9279999999999999,1,0.0625
530,38232,22,0.901,0.9010002396653227,1,0.045454545454545456
531,38250,18,0.919,0.9190002685840624,1,0.05555555555555555
532,38274,24,0.892,0.892001395988471,1,0.041666666666666664
533,38302,28,0.874,0.8740001243293106,1,0.03571428571428571
534,38316,14,0.9369999999999999,0.9370000483739834,1,0.07142857142857142
535,38331,15,0.9325,0.9325003298579311,1,0.06666666666666667
536,38357,26,0.883,0.8830007374529353,1,0.11538461538461539
537,38379,22,0.901,0.9010003784260278,1,0.13636363636363635
538,38397,18,0.919,0.9190001660302811,1,0.05555555555555555
539,38438,41,0.8155,0.8155036502355024,1,0.024390243902439025
540,38463,25,0.8875,0.8875004791381622,1,0.04
541,38477,14,0.9369999999999999,0.9370001942429611,1,0.07142857142857142
542,38493,16,0.9279999999999999,0.9280001238777068,1,0.0625
543,38522,29,0.8694999999999999,0.8695005959253181,1,0.034482758620689655
544,38552,30,0.865,0.8650006625607882,1,0.03333333333333333
545,38600,48,0.784,0.7840025804307866,1,0.08333333333333333
546,38614,14,0.9369999999999999,0.937000166041685,1,0.07142857142857142
547,38687,73,0.6715,0.6715041637296618,1,0.0136986301369863
548,38705,18,0.919,0.9190002478278672,1,0.05555555555555555
549,38726,21,0.9055,0.9055001979966929,1,0.047619047619047616
550,38742,16,0.9279999999999999,0.9279999999999999,1,0.0625
551,38760,18,0.919,0.9190002912120487,1,0.05555555555555555
552,38782,22,0.901,0.9010002583200417,1,0.13636363636363635
553,38798,16,0.9279999999999999,0.9280000713129374,1,0.0625
554,38820,22,0.901,0.9010001867312767,1,0.045454545454545456
555,38840,20,0.91,0.9100000179118719,1,0.05
556,38858,18,0.919,0.9190001750813707,1,0.2777777777777778
557,38878,20,0.91,0.9100005487462317,1,0.05
558,38898,20,0.91,0.9100007919998457,1,0.05
559,38918,20,0.91,0.9100003822747142,1,0.15
560,38938,20,0.91,0.9100001868337774,1,0.05
561,39084,146,0.34299999999999997,0.34301293964565666,1,0.0273972602739726
562,39102,18,0.919,0.9190008859338759,1,0.05555555555555555
563,39116,14,0.9369999999999999,0.9370007601090745,1,0.07142857142857142
564,39132,16,0.9279999999999999,0.928000617809809,1,0.0625
565,39155,23,0.8965,0.896501990487034,1,0.043478260869565216
566,39193,38,0.829,0.8290021211759108,1,0.13157894736842105
567,39217,24,0.892,0.8920006144357681,1,0.041666666666666664
568,39237,20,0.91,0.9100021348977066,1,0.05
569,39269,32,0.856,0.856002621044965,1,0.03125
570,39292,23,0.8965,0.8965007390875964,1,0.043478260869565216
571,39326,34,0.847,0.847002023678411,1,0.14705882352941177
572,39475,149,0.3295,0.3295139056851522,1,0.006711409395973154
573,39494,19,0.9145,0.9145014705326427,1,0.05263157894736842
574,39509,15,0.9325,0.9325007446225926,1,0.06666666666666667
575,39531,22,0.901,0.9010007355501924,1,0.045454545454545456
576,39554,23,0.8965,0.8965026397543998,1,0.043478260869565216
577,39578,24,0.892,0.8920019610491359,1,0.041666666666666664
578,39598,20,0.91,0.9100023585562473,1,0.15
579,39633,35,0.8425,0.8425028469089029,1,0.08571428571428572
580,39652,19,0.9145,0.9145012323664242,1,0.15789473684210525
581,39674,22,0.901,0.9010016184868853,1,0.13636363636363635
582,39704,30,0.865,0.8650009789968112,1,0.03333333333333333
583,39733,29,0.8694999999999999,0.8695005361842004,1,0.034482758620689655
584,39755,22,0.901,0.9010013512594185,1,0.045454545454545456
585,39779,24,0.892,0.8920020005165327,1,0.125
586,39795,16,0.9279999999999999,0.9280009873201467,1,0.0625
587,39828,33,0.8514999999999999,0.8515017179692886,1,0.06060606060606061
588,39846,18,0.919,0.9190004390360417,1,0.05555555555555555
589,39864,18,0.919,0.919000821735117,1,0.05555555555555555
590,39878,14,0.9369999999999999,0.9370006914992018,1,0.07142857142857142
591,39898,20,0.91,0.9100014897860451,1,0.15
592,39918,20,0.91,0.9100008057443979,1,0.05
593,39947,29,0.8694999999999999,0.8695005207862018,1,0.034482758620689655
594,39969,22,0.901,0.9010020827143468,1,0.13636363636363635
595,39989,20,0.91,0.9100011683851142,1,0.05
596,40189,200,0.0,6.020557886050607e-06,0,0.005
597,40207,18,0.919,0.9190004428525146,1,0.05555555555555555
598,40225,18,0.919,0.9190012212657667,1,0.2777777777777778
599,40241,16,0.9279999999999999,0.9280006381784156,1,0.0625
600,40259,18,0.919,0.9190003483916802,1,0.05555555555555555
601,40275,16,0.9279999999999999,0.9280005506362295,1,0.1875
602,40291,16,0.9279999999999999,0.928000779363211,1,0.0625
603,40313,22,0.901,0.9010011485773227,1,0.045454545454545456
604,40331,18,0.919,0.919001268419925,1,0.05555555555555555
605,40347,16,0.9279999999999999,0.9280006522251611,1,0.0625
606,40373,26,0.883,0.883001010172245,1,0.038461538461538464
607,40389,16,0.9279999999999999,0.9280008791939304,1,0.1875
608,40409,20,0.91,0.9100015015461016,1,0.25
609,40423,14,0.9369999999999999,0.9370004553693376,1,0.07142857142857142
610,40437,14,0.9369999999999999,0.9370006143465381,1,0.07142857142857142
611,40455,18,0.919,0.9190003097385189,1,0.05555555555555555
612,40473,18,0.919,0.9190009898484176,1,0.05555555555555555
613,40491,18,0.919,0.9190012511993819,1,0.16666666666666666
614,40509,18,0.919,0.9190010105472859,1,0.16666666666666666
615,40529,20,0.91,0.9100007809292459,1,0.15
616,40543,14,0.9369999999999999,0.9370003359921112,1,0.07142857142857142
617,40559,16,0.9279999999999999,0.9280004914775858,1,0.0625
618,40581,22,0.901,0.9010002296807819,1,0.045454545454545456
619,40597,16,0.9279999999999999,0.9280004955698388,1,0.0625
620,40617,20,0.91,0.9100007477558507,1,0.15
621,40637,20,0.91,0.9100007196296881,1,0.05
622,40672,35,0.8425,0.8425011691445904,1,0.02857142857142857
623,40686,14,0.9369999999999999,0.9370003212082533,1,0.07142857142857142
624,40705,19,0.9145,0.9145008625127431,1,0.05263157894736842
625,40729,24,0.892,0.8920011152757691,1,0.041666666666666664
626,40745,16,0.9279999999999999,0.9280006278941177,1,0.0625
627,40763,18,0.919,0.9190012841052242,1,0.16666666666666666
628,40789,26,0.883,0.8830012336988845,1,0.11538461538461539
629,40813,24,0.892,0.8920010164973975,1,0.125
630,40833,20,0.91,0.9100001995796999,1,0.05
631,40849,16,0.9279999999999999,0.928000095390557,1,0.0625
632,40865,16,0.9279999999999999,0.9280004894975169,1,0.0625
633,40885,20,0.91,0.9100007843587535,1,0.15
634,40900,15,0.9325,0.9325008158953028,1,0.06666666666666667
635,40926,26,0.883,0.8830017675691247,1,0.11538461538461539
636,40977,51,0.7705,0.7705024124830194,1,0.0196078431372549
637,41008,31,0.8605,0.8605012001141809,1,0.0967741935483871
638,41022,14,0.9369999999999999,0.9370004098398642,1,0.07142857142857142
639,41041,19,0.9145,0.9145004336671853,1,0.05263157894736842
640,41057,16,0.9279999999999999,0.9280009156712802,1,0.0625
641,41081,24,0.892,0.8920009011078682,1,0.20833333333333334
642,41097,16,0.9279999999999999,0.9280007084563807,1,0.0625
643,41118,21,0.9055,0.9055002013850918,1,0.047619047619047616
644,41132,14,0.9369999999999999,0.9370000462658328,1,0.07142857142857142
645,41148,16,0.9279999999999999,0.9280000498302008,1,0.1875
646,41172,24,0.892,0.8920007448067261,1,0.125
647,41188,16,0.9279999999999999,0.9280002187950638,1,0.0625
648,41207,19,0.9145,0.9145004884831952,1,0.05263157894736842
649,41223,16,0.9279999999999999,0.9280005478695454,1,0.1875
650,41246,23,0.8965,0.8965007183811322,1,0.043478260869565216
651,41260,14,0.9369999999999999,0.9370004789030415,1,0.07142857142857142
652,41280,20,0.91,0.9100003998763613,1,0.05
653,41294,14,0.9369999999999999,0.9370004325994334,1,0.07142857142857142
654,41310,16,0.9279999999999999,0.9280007506118901,1,0.0625
655,41330,20,0.91,0.9100008480761589,1,0.15
656,41352,22,0.901,0.9010010996664632,1,0.045454545454545456
657,41379,27,0.8785,0.8785019776469882,1,0.1111111111111111
658,41399,20,0.91,0.9100007376668946,1,0.05
659,41418,19,0.9145,0.9145004568790298,1,0.15789473684210525
660,41434,16,0.9279999999999999,0.9280004021115834,1,0.0625
661,41454,20,0.91,0.9100007655224869,1,0.05
662,41476,22,0.901,0.9010008008614006,1,0.045454545454545456
663,41492,16,0.9279999999999999,0.9280000898127572,1,0.0625
664,41512,20,0.91,0.9100000475056015,1,0.15
665,41530,18,0.919,0.9190008990285098,1,0.05555555555555555
666,41548,18,0.919,0.9190006079952268,1,0.05555555555555555
667,41577,29,0.8694999999999999,0.8695011834710804,1,0.034482758620689655
668,41591,14,0.9369999999999999,0.9370009563294192,1,0.07142857142857142
669,41613,22,0.901,0.9010011109932536,1,0.045454545454545456
670,41639,26,0.883,0.8830017475629299,1,0.2692307692307692
671,41657,18,0.919,0.9190002674810732,1,0.05555555555555555
672,41675,18,0.919,0.9190004271774332,1,0.16666666666666666
673,41689,14,0.9369999999999999,0.9370006729819184,1,0.07142857142857142
674,41707,18,0.919,0.9190007732688177,1,0.05555555555555555
675,41721,14,0.9369999999999999,0.9370004862824498,1,0.07142857142857142
676,41735,14,0.9369999999999999,0.9370006143148951,1,0.07142857142857142
677,41751,16,0.9279999999999999,0.9280012349652558,1,0.0625
678,41777,26,0.883,0.8830016652580379,1,0.11538461538461539
679,41795,18,0.919,0.9190008098939086,1,0.16666666666666666
680,41809,14,0.9369999999999999,0.9370008224273935,1,0.07142857142857142
681,41832,23,0.8965,0.8965004581346292,1,0.043478260869565216
682,41852,20,0.91,0.9100010247904669,1,0.35
683,41870,18,0.919,0.9190003922002659,1,0.05555555555555555
684,41884,14,0.9369999999999999,0.9370003294621992,1,0.07142857142857142
685,41906,22,0.901,0.9010007113448969,1,0.13636363636363635
686,41922,16,0.9279999999999999,0.928000335530982,1,0.0625
687,41938,16,0.9279999999999999,0.9280005029938977,1,0.0625
688,41960,22,0.901,0.9010017163199,1,0.045454545454545456
689,41982,22,0.901,0.9010014904336209,1,0.045454545454545456
690,42001,19,0.9145,0.9145005355815691,1,0.05263157894736842
691,42017,16,0.9279999999999999,0.9280012674709733,1,0.0625
692,42031,14,0.9369999999999999,0.937000859522579,1,0.07142857142857142
693,42056,25,0.8875,0.887500689281491,1,0.12
694,42070,14,0.9369999999999999,0.9370002784805646,1,0.07142857142857142
695,42090,20,0.91,0.9100007114306249,1,0.15
696,42110,20,0.91,0.9100009211153696,1,0.05
697,42146,36,0.838,0.8380020316276674,1,0.16666666666666666
698,42172,26,0.883,0.8830026650535072,1,0.15384615384615385
699,42202,30,0.865,0.865002110402115,1,0.16666666666666666
700,42216,14,0.9369999999999999,0.9370009363263933,1,0.07142857142857142
701,42237,21,0.9055,0.9055030850420499,1,0.047619047619047616
702,42257,20,0.91,0.9100023112666967,1,0.15
703,42273,16,0.9279999999999999,0.9280010077336105,1,0.0625
704,42305,32,0.856,0.856003583333344,1,0.09375
705,42327,22,0.901,0.9010027570642273,1,0.18181818181818182
706,42341,14,0.9369999999999999,0.9370010863962283,1,0.07142857142857142
707,42361,20,0.91,0.9100010225893556,1,0.05
708,42381,20,0.91,0.9100019568141477,1,0.05
709,42401,20,0.91,0.9100025450269302,1,0.05
710,42423,22,0.901,0.9010014593382729,1,0.045454545454545456
711,42437,14,0.9369999999999999,0.9370012470666226,1,0.07142857142857142
712,42451,14,0.9369999999999999,0.9370011720584546,1,0.07142857142857142
713,42465,14,0.9369999999999999,0.937000608009658,1,0.07142857142857142
714,42489,24,0.892,0.8920020994964208,1,0.041666666666666664
715,42503,14,0.9369999999999999,0.9370013136634175,1,0.07142857142857142
716,42525,22,0.901,0.9010022780980607,1,0.13636363636363635
717,42548,23,0.8965,0.896501673054921,1,0.043478260869565216
718,42565,17,0.9235,0.9235009158185619,1,0.058823529411764705
719,42579,14,0.9369999999999999,0.9370007298796262,1,0.07142857142857142
720,42593,14,0.9369999999999999,0.9370009659255821,1,0.07142857142857142
721,42616,23,0.8965,0.8965016630720993,1,0.043478260869565216
722,42632,16,0.9279999999999999,0.9280008381101535,1,0.0625
723,42652,20,0.91,0.9100011198842626,1,0.05
724,42669,17,0.9235,0.9235013556785693,1,0.058823529411764705
725,42683,14,0.9369999999999999,0.9370011398451265,1,0.07142857142857142
726,42701,18,0.919,0.91900132035517,1,0.05555555555555555
727,42717,16,0.9279999999999999,0.9280016661721114,1,0.0625
728,42735,18,0.919,0.9190014232836609,1,0.05555555555555555
729,42753,18,0.919,0.919001803479836,1,0.05555555555555555
730,42769,16,0.9279999999999999,0.9280016098482126,1,0.0625
731,42790,21,0.9055,0.9055021230575504,1,0.047619047619047616
732,42810,20,0.91,0.9100020996058629,1,0.05
733,42826,16,0.9279999999999999,0.9280012464886562,1,0.0625
734,42842,16,0.9279999999999999,0.9280008874399339,1,0.0625
735,42857,15,0.9325,0.9325010911504766,1,0.06666666666666667
736,42877,20,0.91,0.9100010787989531,1,0.15
737,42893,16,0.9279999999999999,0.928001026201991,1,0.0625
738,42909,16,0.9279999999999999,0.9280008666405214,1,0.0625
739,42929,20,0.91,0.9100018872669541,1,0.05
740,42947,18,0.919,0.919002229340143,1,0.05555555555555555
741,42965,18,0.919,0.9190017207102411,1,0.05555555555555555
742,42981,16,0.9279999999999999,0.9280018031742846,1,0.1875
743,42997,16,0.9279999999999999,0.9280014970179261,1,0.1875
744,43015,18,0.919,0.9190008786073152,1,0.05555555555555555
745,43040,25,0.8875,0.8875010189273573,1,0.04
746,43068,28,0.874,0.8740012045246149,1,0.03571428571428571
747,43082,14,0.9369999999999999,0.9370001913940065,1,0.07142857142857142
748,43096,14,0.9369999999999999,0.9370001956042722,1,0.07142857142857142
749,43110,14,0.9369999999999999,0.9370002728171105,1,0.07142857142857142
750,43130,20,0.91,0.91000046999815,1,0.05
751,43144,14,0.9369999999999999,0.9370006363390831,1,0.07142857142857142
752,43164,20,0.91,0.9100015665698529,1,0.15
753,43184,20,0.91,0.9100006752233196,1,0.05
754,43202,18,0.919,0.9190008595180308,1,0.05555555555555555
755,43220,18,0.919,0.9190010089587339,1,0.16666666666666666
756,43238,18,0.919,0.9190007621430011,1,0.05555555555555555
757,43252,14,0.9369999999999999,0.9370000216158698,1,0.07142857142857142
758,43274,22,0.901,0.9010003236577088,1,0.13636363636363635
759,43293,19,0.9145,0.914500292084159,1,0.05263157894736842
760,43309,16,0.9279999999999999,0.9280001741898868,1,0.0625
761,43339,30,0.865,0.865000159101345,1,0.16666666666666666
762,43355,16,0.9279999999999999,0.9280000556212823,1,0.0625
763,43369,14,0.9369999999999999,0.9370002260299277,1,0.07142857142857142
764,43385,16,0.9279999999999999,0.9280004868433165,1,0.0625
765,43399,14,0.9369999999999999,0.9370002488746477,1,0.07142857142857142
766,43413,14,0.9369999999999999,0.9370004603619276,1,0.07142857142857142
767,43431,18,0.919,0.9190005050327524,1,0.05555555555555555
768,43451,20,0.91,0.9100011288463707,1,0.05
769,43465,14,0.9369999999999999,0.9370000842548726,1,0.07142857142857142
770,43479,14,0.9369999999999999,0.9370001837859462,1,0.07142857142857142
771,43499,20,0.91,0.9100005613594782,1,0.05
772,43517,18,0.919,0.9190009433385077,1,0.05555555555555555
773,43545,28,0.874,0.8740011274907814,1,0.17857142857142858
774,43563,18,0.919,0.9190004180518917,1,0.05555555555555555
775,43581,18,0.919,0.9190004674361985,1,0.05555555555555555
776,43599,18,0.919,0.919000677750802,1,0.05555555555555555
777,43641,42,0.8109999999999999,0.8110058115975551,1,0.023809523809523808
778,43659,18,0.919,0.9190006331149306,1,0.05555555555555555
779,43673,14,0.9369999999999999,0.9370003982666382,1,0.07142857142857142
780,43687,14,0.9369999999999999,0.9370005813132026,1,0.07142857142857142
781,43704,17,0.9235,0.923501189325817,1,0.058823529411764705
782,43724,20,0.91,0.9100022571382903,1,0.05
783,43738,14,0.9369999999999999,0.9370006722754481,1,0.07142857142857142
784,43756,18,0.919,0.9190006478763451,1,0.05555555555555555
785,43774,18,0.919,0.9190004836497334,1,0.05555555555555555
786,43792,18,0.919,0.9190004879139464,1,0.16666666666666666
787,43808,16,0.9279999999999999,0.9280003993339864,1,0.0625
788,43824,16,0.9279999999999999,0.9280003039543652,1,0.0625
789,43838,14,0.9369999999999999,0.9370002927942462,1,0.07142857142857142
790,43858,20,0.91,0.9100000496906896,1,0.15
791,43878,20,0.91,0.9100004844430266,1,0.05
792,43898,20,0.91,0.9100009355550158,1,0.05
793,43920,22,0.901,0.9010015685777043,1,0.045454545454545456
794,43934,14,0.9369999999999999,0.9370008664561018,1,0.07142857142857142
795,43952,18,0.919,0.9190005468037099,1,0.05555555555555555
796,43987,35,0.8425,0.8425018923731439,1,0.02857142857142857
797,44001,14,0.9369999999999999,0.9370005131316063,1,0.07142857142857142
798,44022,21,0.9055,0.9055003198654806,1,0.047619047619047616
799,44039,17,0.9235,0.9235002477469415,1,0.058823529411764705
800,44057,18,0.919,0.9190002728454569,1,0.05555555555555555
801,44075,18,0.919,0.919000258505204,1,0.05555555555555555
802,44095,20,0.91,0.910000439353709,1,0.05
803,44116,21,0.9055,0.90550067269837,1,0.047619047619047616
804,44140,24,0.892,0.8920005871143396,1,0.16666666666666666
805,44156,16,0.9279999999999999,0.9280000661194917,1,0.0625
806,44172,16,0.9279999999999999,0.9280002829496684,1,0.0625
807,44188,16,0.9279999999999999,0.9280001997875585,1,0.0625
808,44204,16,0.9279999999999999,0.9280002997900808,1,0.0625
809,44220,16,0.9279999999999999,0.9280002336694428,1,0.0625
810,44234,14,0.9369999999999999,0.9370002432330735,1,0.07142857142857142
811,44248,14,0.9369999999999999,0.9370002919090173,1,0.07142857142857142
812,44267,19,0.9145,0.9145005665746895,1,0.15789473684210525
813,44283,16,0.9279999999999999,0.9280002973696776,1,0.0625
814,44301,18,0.919,0.9190004361859965,1,0.05555555555555555
815,44345,44,0.802,0.802000734754685,1,0.06818181818181818
816,44422,77,0.6535,0.6535020975818888,1,0.012987012987012988
817,44436,14,0.9369999999999999,0.9370001765143695,1,0.07142857142857142
818,44454,18,0.919,0.9190007161193368,1,0.05555555555555555
819,44468,14,0.9369999999999999,0.9370003293325591,1,0.07142857142857142
820,44482,14,0.9369999999999999,0.9370003657580706,1,0.07142857142857142
821,44498,16,0.9279999999999999,0.9280001264088902,1,0.0625
822,44513,15,0.9325,0.9325000006940924,1,0.06666666666666667
823,44529,16,0.9279999999999999,0.928000239858349,1,0.0625
824,44545,16,0.9279999999999999,0.9280002022458449,1,0.0625
825,44559,14,0.9369999999999999,0.9370002337621428,1,0.07142857142857142
826,44573,14,0.9369999999999999,0.9370002759401688,1,0.07142857142857142
827,44601,28,0.874,0.8740008873384599,1,0.10714285714285714
828,44623,22,0.901,0.9010008484213434,1,0.045454545454545456
829,44641,18,0.919,0.9190004370326966,1,0.05555555555555555
830,44657,16,0.9279999999999999,0.9280005877669685,1,0.0625
831,44675,18,0.919,0.9190004005686621,1,0.05555555555555555
832,44693,18,0.919,0.9190003146306779,1,0.16666666666666666
833,44707,14,0.9369999999999999,0.9370000704108241,1,0.07142857142857142
834,44723,16,0.9279999999999999,0.9280001873645706,1,0.0625
835,44742,19,0.9145,0.9145000119760194,1,0.05263157894736842
836,44762,20,0.91,0.9100001223246938,1,0.05
837,44780,18,0.919,0.9190002090147336,1,0.05555555555555555
838,44798,18,0.919,0.9190001633675021,1,0.05555555555555555
839,44814,16,0.9279999999999999,0.9280000535091847,1,0.0625
840,44838,24,0.892,0.8920009904457491,1,0.041666666666666664
841,44854,16,0.9279999999999999,0.9280007130193184,1,0.1875
842,44870,16,0.9279999999999999,0.928000286679324,1,0.0625
843,44894,24,0.892,0.8920022244134237,1,0.041666666666666664
844,44908,14,0.9369999999999999,0.9370002311199769,1,0.07142857142857142
845,44930,22,0.901,0.901000442790132,1,0.045454545454545456
846,44944,14,0.9369999999999999,0.9370001030592545,1,0.07142857142857142
847,44966,22,0.901,0.9010006681190164,1,0.4090909090909091
848,44980,14,0.9369999999999999,0.9370001878631304,1,0.07142857142857142
849,45000,20,0.91,0.910000585308802,1,0.25
850,45014,14,0.9369999999999999,0.9370004033182822,1,0.07142857142857142
851,45042,28,0.874,0.8740005300221431,1,0.03571428571428571
852,45060,18,0.919,0.9190001714083145,1,0.05555555555555555
853,45076,16,0.9279999999999999,0.9280000723002046,1,0.0625
854,45154,78,0.649,0.6490007097939441,1,0.01282051282051282
855,45172,18,0.919,0.919000511351998,1,0.05555555555555555
856,45191,19,0.9145,0.9145006849259603,1,0.05263157894736842
857,45222,31,0.8605,0.860500596138061,1,0.03225806451612903
858,45262,40,0.82,0.8200016479710933,1,0.025
859,45280,18,0.919,0.9190008023605823,1,0.05555555555555555
860,45320,40,0.82,0.8200004301463593,1,0.025
861,45340,20,0.91,0.9100006967207075,1,0.05
862,45356,16,0.9279999999999999,0.9280002789029086,1,0.0625
863,45421,65,0.7075,0.7075010221569487,1,0.015384615384615385
864,45441,20,0.91,0.9100002279078718,1,0.15
865,45455,14,0.9369999999999999,0.9370001080698065,1,0.07142857142857142
866,45481,26,0.883,0.8830000417583642,1,0.038461538461538464
867,45497,16,0.9279999999999999,0.9280000397360568,1,0.1875
868,45572,75,0.6625,0.6625003517680268,1,0.013333333333333334
869,45590,18,0.919,0.9190003093974327,1,0.05555555555555555
870,45610,20,0.91,0.91000053556229,1,0.05
871,45626,16,0.9279999999999999,0.9280004058178499,1,0.0625
872,45642,16,0.9279999999999999,0.9280006919716168,1,0.0625
873,45658,16,0.9279999999999999,0.928000661403172,1,0.0625
874,45674,16,0.9279999999999999,0.9280004304686681,1,0.0625
875,45688,14,0.9369999999999999,0.9370005732591142,1,0.07142857142857142
876,45702,14,0.9369999999999999,0.9370005708178819,1,0.07142857142857142
877,45716,14,0.9369999999999999,0.9370003890712079,1,0.07142857142857142
878,45730,14,0.9369999999999999,0.937000742195475,1,0.07142857142857142
879,45744,14,0.9369999999999999,0.9370009074528001,1,0.07142857142857142
880,45773,29,0.8694999999999999,0.8695016696727424,1,0.034482758620689655
881,45793,20,0.91,0.9100012929710657,1,0.25
882,45809,16,0.9279999999999999,0.9280009300577855,1,0.0625
883,45823,14,0.9369999999999999,0.9370006951053996,1,0.07142857142857142
884,45841,18,0.919,0.9190004720026116,1,0.05555555555555555
885,45859,18,0.919,0.9190010191339507,1,0.16666666666666666
886,45912,53,0.7615,0.7615005499643555,1,0.09433962264150944
887,45936,24,0.892,0.8920010848379767,1,0.041666666666666664
888,45954,18,0.919,0.9190008569903098,1,0.16666666666666666
889,45980,26,0.883,0.8830004213858845,1,0.038461538461538464
890,45996,16,0.9279999999999999,0.9280002734256858,1,0.0625
891,46012,16,0.9279999999999999,0.9280003222706907,1,0.0625
892,46028,16,0.9279999999999999,0.9280003532784565,1,0.0625
893,46092,64,0.712,0.7120024510471419,1,0.015625
894,46118,26,0.883,0.8830008417486332,1,0.038461538461538464
895,46158,40,0.82,0.820001282308958,1,0.025
896,46247,89,0.5994999999999999,0.5995031577199862,1,0.011235955056179775
897,46297,50,0.775,0.7750033591355812,1,0.02
898,46335,38,0.829,0.8290021616735107,1,0.02631578947368421
899,46353,18,0.919,0.919000539931726,1,0.05555555555555555
900,46383,30,0.865,0.8650008316664961,1,0.03333333333333333
901,46407,24,0.892,0.8920009391256651,1,0.041666666666666664
902,46447,40,0.82,0.8200034868991437,1,0.025
903,46463,16,0.9279999999999999,0.9280010939173217,1,0.0625
904,46479,16,0.9279999999999999,0.9280008231640078,1,0.0625
905,46527,48,0.784,0.7840029703849563,1,0.0625
906,46541,14,0.9369999999999999,0.9370001481537805,1,0.07142857142857142
907,46585,44,0.802,0.8020007529657928,1,0.022727272727272728
908,46623,38,0.829,0.8290021358754895,1,0.02631578947368421
909,46637,14,0.9369999999999999,0.9370005122551698,1,0.07142857142857142
910,46688,51,0.7705,0.7705035603487242,1,0.0196078431372549
911,46704,16,0.9279999999999999,0.9280009250025264,1,0.0625
912,46718,14,0.9369999999999999,0.9370001816046059,1,0.07142857142857142
913,46802,84,0.622,0.6220067132492205,1,0.011904761904761904
914,46842,40,0.82,0.8200020904517952,1,0.025
915,46868,26,0.883,0.8830006647051677,1,0.038461538461538464
916,46883,15,0.9325,0.9325000732603966,1,0.06666666666666667
917,46899,16,0.9279999999999999,0.9280001083086117,1,0.0625
918,46955,56,0.748,0.7480032865235032,1,0.05357142857142857
919,46971,16,0.9279999999999999,0.9280005378569248,1,0.0625
920,46999,28,0.874,0.8740017021459915,1,0.17857142857142858
921,47019,20,0.91,0.9100003561848481,1,0.05
922,47033,14,0.9369999999999999,0.937000028907025,1,0.07142857142857142
923,47049,16,0.9279999999999999,0.9280003896158185,1,0.0625
924,47065,16,0.9279999999999999,0.9280007149067929,1,0.0625
925,47079,14,0.9369999999999999,0.9370003259299295,1,0.07142857142857142
926,47095,16,0.9279999999999999,0.9280004694249243,1,0.1875
927,47109,14,0.9369999999999999,0.9370004485982307,1,0.07142857142857142
928,47141,32,0.856,0.8560012853371011,1,0.03125
929,47155,14,0.9369999999999999,0.9370001828737895,1,0.07142857142857142
930,47185,30,0.865,0.8650004973541587,1,0.1
931,47201,16,0.9279999999999999,0.9280003143696285,1,0.0625
932,47227,26,0.883,0.8830005979144196,1,0.038461538461538464
933,47251,24,0.892,0.8920006357499546,1,0.041666666666666664
934,47265,14,0.9369999999999999,0.9370003845285579,1,0.07142857142857142
935,47283,18,0.919,0.9190005036986522,1,0.16666666666666666
936,47303,20,0.91,0.9100006813248339,1,0.05
937,47323,20,0.91,0.9100004905708429,1,0.05
938,47339,16,0.9279999999999999,0.9280006650803873,1,0.0625
939,47357,18,0.919,0.9190005616217143,1,0.05555555555555555
940,47371,14,0.9369999999999999,0.9370004730610888,1,0.07142857142857142
941,47387,16,0.9279999999999999,0.9280003886741214,1,0.0625
942,47401,14,0.9369999999999999,0.9370003302229895,1,0.07142857142857142
943,47417,16,0.9279999999999999,0.9280006748044103,1,0.0625
944,47431,14,0.9369999999999999,0.9370004434479798,1,0.07142857142857142
945,47449,18,0.919,0.9190005440238317,1,0.05555555555555555
946,47465,16,0.9279999999999999,0.9280002719008178,1,0.0625
947,47479,14,0.9369999999999999,0.9370001276702479,1,0.07142857142857142
948,47506,27,0.8785,0.8785003881335105,1,0.1111111111111111
949,47524,18,0.919,0.9190002398864145,1,0.05555555555555555
950,47540,16,0.9279999999999999,0.9280000449643888,1,0.0625
951,47556,16,0.9279999999999999,0.9280005821598343,1,0.0625
952,47570,14,0.9369999999999999,0.9370002035269165,1,0.07142857142857142
953,47588,18,0.919,0.9190001256569511,1,0.05555555555555555
954,47606,18,0.919,0.9190005679152912,1,0.16666666666666666
955,47622,16,0.9279999999999999,0.928000250402268,1,0.1875
956,47636,14,0.9369999999999999,0.937000142866581,1,0.07142857142857142
957,47654,18,0.919,0.9190003290581089,1,0.05555555555555555
958,47668,14,0.9369999999999999,0.9370005240809632,1,0.07142857142857142
959,47682,14,0.9369999999999999,0.9370002571170667,1,0.07142857142857142
960,47704,22,0.901,0.9010007034060075,1,0.13636363636363635
961,47718,14,0.9369999999999999,0.9370006747804646,1,0.07142857142857142
962,47734,16,0.9279999999999999,0.9280009370354871,1,0.0625
963,47767,33,0.8514999999999999,0.851500851703814,1,0.030303030303030304
964,47781,14,0.9369999999999999,0.9370004748823344,1,0.07142857142857142
965,47795,14,0.9369999999999999,0.9370002354898411,1,0.07142857142857142
966,47813,18,0.919,0.9190003303369825,1,0.16666666666666666
967,47829,16,0.9279999999999999,0.9280006831136158,1,0.0625
968,47849,20,0.91,0.910000820558735,1,0.15
969,47867,18,0.919,0.9190009012280252,1,0.05555555555555555
970,47883,16,0.9279999999999999,0.9280005013540615,1,0.1875
971,47897,14,0.9369999999999999,0.9370002336648559,1,0.07142857142857142
972,47913,16,0.9279999999999999,0.9280002313195457,1,0.0625
973,47929,16,0.9279999999999999,0.9280000909189732,1,0.0625
974,47943,14,0.9369999999999999,0.9370001568425868,1,0.07142857142857142
975,47971,28,0.874,0.8740010065187723,1,0.03571428571428571
976,47985,14,0.9369999999999999,0.9370005170961555,1,0.07142857142857142
977,47999,14,0.9369999999999999,0.937000525856747,1,0.07142857142857142
978,48013,14,0.9369999999999999,0.9370000892925576,1,0.07142857142857142
979,48027,14,0.9369999999999999,0.9370000906976843,1,0.07142857142857142
980,48045,18,0.919,0.9190003085476499,1,0.05555555555555555
981,48063,18,0.919,0.9190001033199634,1,0.05555555555555555
982,48077,14,0.9369999999999999,0.9370000750140971,1,0.07142857142857142
983,48100,23,0.8965,0.8965,1,0.043478260869565216
984,48120,20,0.91,0.9100002307563387,1,0.05
985,48136,16,0.9279999999999999,0.9280001126738335,1,0.0625
986,48154,18,0.919,0.919000051892678,1,0.05555555555555555
987,48172,18,0.919,0.919000214014628,1,0.05555555555555555
988,48194,22,0.901,0.9010001151057652,1,0.045454545454545456
989,48226,32,0.856,0.8560003496898472,1,0.09375
990,48244,18,0.919,0.919000158519858,1,0.05555555555555555
991,48272,28,0.874,0.8740001709107103,1,0.03571428571428571
992,48288,16,0.9279999999999999,0.9280001666671565,1,0.0625
993,48304,16,0.9279999999999999,0.928000531096173,1,0.0625
994,48320,16,0.9279999999999999,0.9280002814184366,1,0.0625
995,48336,16,0.9279999999999999,0.9280002645525748,1,0.0625
996,48354,18,0.919,0.9190001535931867,1,0.05555555555555555
997,48377,23,0.8965,0.8965000597363568,1,0.043478260869565216
998,48403,26,0.883,0.8830001206219217,1,0.038461538461538464
999,48424,21,0.9055,0.9055001798200811,1,0.14285714285714285
1000,48440,16,0.9279999999999999,0.9280001528204164,1,0.0625
1001,48456,16,0.9279999999999999,0.9280001488319009,1,0.0625
1002,48474,18,0.919,0.9190000564076072,1,0.16666666666666666
1003,48490,16,0.9279999999999999,0.928000025139087,1,0.0625
1004,48508,18,0.919,0.9190000041292915,1,0.05555555555555555
1005,48526,18,0.919,0.919,1,0.05555555555555555
1006,48542,16,0.9279999999999999,0.9280000486562766,1,0.1875
1007,48562,20,0.91,0.9100006109572528,1,0.05
1008,48588,26,0.883,0.883000142201671,1,0.038461538461538464
1009,48602,14,0.9369999999999999,0.9370003967686545,1,0.07142857142857142
1010,48618,16,0.9279999999999999,0.9280002090974877,1,0.0625
1011,48632,14,0.9369999999999999,0.937000053585026,1,0.07142857142857142
1012,48659,27,0.8785,0.8785001054875302,1,0.037037037037037035
1013,48680,21,0.9055,0.9055001082224136,1,0.047619047619047616
1014,48694,14,0.9369999999999999,0.9370000535935878,1,0.07142857142857142
1015,48734,40,0.82,0.8200001075035512,1,0.025
1016,48783,49,0.7795,0.7795003391388878,1,0.02040816326530612
1017,48798,15,0.9325,0.9325000453806632,1,0.06666666666666667
1018,48818,20,0.91,0.9100002337191471,1,0.05
1019,48836,18,0.919,0.9190001678915471,1,0.05555555555555555
1020,48868,32,0.856,0.8560006533989722,1,0.03125
1021,48900,32,0.856,0.8560003618167519,1,0.03125
1022,48917,17,0.9235,0.9235000044471194,1,0.058823529411764705
1023,48931,14,0.9369999999999999,0.9369999999999999,1,0.07142857142857142
1024,48955,24,0.892,0.892000006547239,1,0.041666666666666664
1025,48990,35,0.8425,0.8425000726653958,1,0.02857142857142857
1026,49010,20,0.91,0.910001384084409,1,0.15
1027,49028,18,0.919,0.9190013651719001,1,0.05555555555555555
1028,49046,18,0.919,0.9190014131373124,1,0.05555555555555555
1029,49062,16,0.9279999999999999,0.9280020534089911,1,0.0625
1030,49076,14,0.9369999999999999,0.9370015223325217,1,0.07142857142857142
1031,49090,14,0.9369999999999999,0.9370015911931087,1,0.07142857142857142
1032,49104,14,0.9369999999999999,0.9370013102208429,1,0.07142857142857142
1033,49122,18,0.919,0.9190024538568272,1,0.05555555555555555
1034,49138,16,0.9279999999999999,0.9280012723150483,1,0.0625
1035,49152,14,0.9369999999999999,0.9370013944009943,1,0.07142857142857142
1036,49166,14,0.9369999999999999,0.9370016892986307,1,0.07142857142857142
1037,49180,14,0.9369999999999999,0.9370019004190736,1,0.07142857142857142
1038,49194,14,0.9369999999999999,0.9370015594378385,1,0.07142857142857142
1039,49208,14,0.9369999999999999,0.9370015565777224,1,0.07142857142857142
1040,49222,14,0.9369999999999999,0.9370016794523912,1,0.07142857142857142
1041,49240,18,0.919,0.9190022632046844,1,0.05555555555555555
1042,49254,14,0.9369999999999999,0.9370023788916662,1,0.07142857142857142
1043,49270,16,0.9279999999999999,0.9280022525655988,1,0.0625
1044,49286,16,0.9279999999999999,0.928001991471096,1,0.0625
1045,49301,15,0.9325,0.9325023672153974,1,0.06666666666666667
1046,49315,14,0.9369999999999999,0.9370022153335595,1,0.07142857142857142
1047,49335,20,0.91,0.9100028802893324,1,0.05
1048,49349,14,0.9369999999999999,0.9370022491415652,1,0.07142857142857142
1049,49375,26,0.883,0.8830044884693826,1,0.038461538461538464
1050,49392,17,0.9235,0.9235022599796403,1,0.058823529411764705
1051,49408,16,0.9279999999999999,0.9280022701587165,1,0.0625
1052,49422,14,0.9369999999999999,0.9370018965041598,1,0.07142857142857142
1053,49436,14,0.9369999999999999,0.9370017685932008,1,0.07142857142857142
1054,49454,18,0.919,0.9190023263071807,1,0.05555555555555555
1055,49470,16,0.9279999999999999,0.9280020181952565,1,0.0625
1056,49488,18,0.919,0.9190028633272462,1,0.05555555555555555
1057,49504,16,0.9279999999999999,0.9280021009768852,1,0.0625
1058,49520,16,0.9279999999999999,0.9280026379278657,1,0.0625
1059,49536,16,0.9279999999999999,0.928002551734791,1,0.0625
1060,49562,26,0.883,0.8830044927178651,1,0.038461538461538464
1061,49578,16,0.9279999999999999,0.9280018398166759,1,0.0625
1062,49594,16,0.9279999999999999,0.9280023717994367,1,0.0625
1063,49614,20,0.91,0.910003320152455,1,0.05
1064,49630,16,0.9279999999999999,0.9280028599930569,1,0.0625
1065,49646,16,0.9279999999999999,0.928003028533794,1,0.0625
1066,49660,14,0.9369999999999999,0.9370025104170416,1,0.07142857142857142
1067,49678,18,0.919,0.9190031219652934,1,0.05555555555555555
1068,49694,16,0.9279999999999999,0.9280026862353737,1,0.0625
1069,49712,18,0.919,0.9190025310542611,1,0.05555555555555555
1070,49730,18,0.919,0.9190024344293726,1,0.05555555555555555
1071,49750,20,0.91,0.9100027825671956,1,0.05
1072,49766,16,0.9279999999999999,0.9280023159917892,1,0.0625
1073,49780,14,0.9369999999999999,0.9370020347103849,1,0.07142857142857142
1074,49794,14,0.9369999999999999,0.9370018253237353,1,0.07142857142857142
1075,49808,14,0.9369999999999999,0.9370017620849185,1,0.07142857142857142
1076,49822,14,0.9369999999999999,0.93700167478213,1,0.07142857142857142
1077,49839,17,0.9235,0.9235019752982679,1,0.058823529411764705
1078,49853,14,0.9369999999999999,0.9370022866905012,1,0.07142857142857142
1079,49869,16,0.9279999999999999,0.9280024413555056,1,0.0625
1080,49885,16,0.9279999999999999,0.9280025282770578,1,0.0625
1081,49899,14,0.9369999999999999,0.9370025347732227,1,0.07142857142857142
1082,49913,14,0.9369999999999999,0.9370024246443857,1,0.07142857142857142
1083,49929,16,0.9279999999999999,0.9280022814946047,1,0.0625
1084,49952,23,0.8965,0.896502845973231,1,0.043478260869565216
1085,49974,22,0.901,0.9010015399363266,1,0.13636363636363635
1086,49990,16,0.9279999999999999,0.9280010127251339,1,0.0625
1087,50004,14,0.9369999999999999,0.9370008166123771,1,0.07142857142857142
1088,50024,20,0.91,0.9100007357861968,1,0.05
1089,50129,105,0.5275,0.5275033244775769,1,0.009523809523809525
1090,50143,14,0.9369999999999999,0.9370008610060954,1,0.07142857142857142
1091,50211,68,0.694,0.6940054824007873,1,0.014705882352941176
1092,50233,22,0.901,0.9010004526810069,1,0.045454545454545456
1093,50259,26,0.883,0.8830011390754593,1,0.038461538461538464
1094,50273,14,0.9369999999999999,0.9370012874972244,1,0.07142857142857142
1095,50306,33,0.8514999999999999,0.8515038071535281,1,0.030303030303030304
1096,50322,16,0.9279999999999999,0.9280011248220542,1,0.0625
1097,50336,14,0.9369999999999999,0.9370008133620937,1,0.07142857142857142
1098,50366,30,0.865,0.8650032361099113,1,0.03333333333333333
1099,50474,108,0.514,0.5140079599499738,1,0.009259259259259259
1100,50604,130,0.4149999999999999,0.4150060389975335,1,0.007692307692307693
1101,50722,118,0.469,0.4690130959492099,1,0.00847457627118644
1102,50754,32,0.856,0.8560008304972118,1,0.03125
1103,50768,14,0.9369999999999999,0.9370009870838802,1,0.07142857142857142
1104,50792,24,0.892,0.8920023470175612,1,0.041666666666666664
1105,50848,56,0.748,0.7480040327769241,1,0.017857142857142856
1106,50895,47,0.7885,0.7885071935693885,1,0.02127659574468085
1107,50919,24,0.892,0.892001913226243,1,0.041666666666666664
1108,50933,14,0.9369999999999999,0.9370011142995133,1,0.07142857142857142
1109,50990,57,0.7435,0.7435062091000726,1,0.017543859649122806
1110,51046,56,0.748,0.748000606740006,1,0.017857142857142856
1111,51062,16,0.9279999999999999,0.9280004143301077,1,0.0625
1112,51078,16,0.9279999999999999,0.92800071252772,1,0.0625
1113,51092,14,0.9369999999999999,0.9370005010736919,1,0.07142857142857142
1114,51108,16,0.9279999999999999,0.9280007725196313,1,0.0625
1115,51184,76,0.6579999999999999,0.6580021647800626,1,0.013157894736842105
1116,51289,105,0.5275,0.527504354249728,1,0.009523809523809525
1117,51303,14,0.9369999999999999,0.9370008701497006,1,0.07142857142857142
1118,51317,14,0.9369999999999999,0.9370007671482149,1,0.07142857142857142
1119,51393,76,0.6579999999999999,0.6580048311847579,1,0.013157894736842105
1120,51482,89,0.5994999999999999,0.5995024264578026,1,0.011235955056179775
1121,51498,16,0.9279999999999999,0.9280001373473538,1,0.0625
1122,51514,16,0.9279999999999999,0.9280002881829604,1,0.1875
1123,51530,16,0.9279999999999999,0.9280002701150307,1,0.0625
1124,51545,15,0.9325,0.932500484874636,1,0.06666666666666667
1125,51561,16,0.9279999999999999,0.9280004249112515,1,0.0625
1126,51575,14,0.9369999999999999,0.9370001345206134,1,0.07142857142857142
1127,51597,22,0.901,0.9010004258041261,1,0.045454545454545456
1128,51615,18,0.919,0.919000359459626,1,0.05555555555555555
1129,51629,14,0.9369999999999999,0.9370001550996632,1,0.07142857142857142
1130,51643,14,0.9369999999999999,0.9370002375450497,1,0.07142857142857142
1131,51660,17,0.9235,0.923500178043356,1,0.058823529411764705
1132,51676,16,0.9279999999999999,0.9280004188609718,1,0.0625
1133,51692,16,0.9279999999999999,0.9280002388792032,1,0.0625
1134,51708,16,0.9279999999999999,0.9280001555259283,1,0.1875
1135,51722,14,0.9369999999999999,0.9370001368651396,1,0.07142857142857142
1136,51736,14,0.9369999999999999,0.9370001636391775,1,0.07142857142857142
1137,51750,14,0.9369999999999999,0.9370002802485564,1,0.07142857142857142
1138,51768,18,0.919,0.9190000393210551,1,0.16666666666666666
1139,51782,14,0.9369999999999999,0.9370000537308909,1,0.07142857142857142
1140,51796,14,0.9369999999999999,0.9370000831374983,1,0.07142857142857142
1141,51814,18,0.919,0.9190003391662906,1,0.05555555555555555
1142,51828,14,0.9369999999999999,0.9370001116883954,1,0.07142857142857142
1143,51894,66,0.703,0.7030005230943661,1,0.015151515151515152
1144,51908,14,0.9369999999999999,0.937000180573938,1,0.07142857142857142
1145,51922,14,0.9369999999999999,0.9370002858878448,1,0.07142857142857142
1146,51936,14,0.9369999999999999,0.9370000951355472,1,0.07142857142857142
1147,51950,14,0.9369999999999999,0.9370003634164611,1,0.07142857142857142
1148,52013,63,0.7164999999999999,0.7165029436683845,1,0.015873015873015872
1149,52104,91,0.5905,0.5905020000548878,1,0.01098901098901099
1150,52207,103,0.5365,0.5365050395713907,1,0.009708737864077669
1151,52263,56,0.748,0.7480028273306076,1,0.017857142857142856
1152,52277,14,0.9369999999999999,0.9370004165259668,1,0.07142857142857142
1153,52291,14,0.9369999999999999,0.9370001821549476,1,0.07142857142857142
1154,52305,14,0.9369999999999999,0.9370001558717694,1,0.07142857142857142
1155,52373,68,0.694,0.6940021691412325,1,0.014705882352941176
1156,52389,16,0.9279999999999999,0.9280006195431122,1,0.0625
1157,52404,15,0.9325,0.9325003913497792,1,0.06666666666666667
1158,52418,14,0.9369999999999999,0.937000739513998,1,0.07142857142857142
1159,52432,14,0.9369999999999999,0.9370004605389815,1,0.07142857142857142
1160,52482,50,0.775,0.7750012781600019,1,0.02
1161,52496,14,0.9369999999999999,0.9370002945802268,1,0.07142857142857142
1162,52510,14,0.9369999999999999,0.9370006133499106,1,0.07142857142857142
1163,52526,16,0.9279999999999999,0.9280006480172828,1,0.1875
1164,52542,16,0.9279999999999999,0.9280008391321497,1,0.0625
1165,52557,15,0.9325,0.9325008722305916,1,0.06666666666666667
1166,52571,14,0.9369999999999999,0.9370008219273229,1,0.07142857142857142
1167,52585,14,0.9369999999999999,0.937000757086954,1,0.07142857142857142
1168,52602,17,0.9235,0.9235008446906243,1,0.058823529411764705
1169,52617,15,0.9325,0.9325004465465535,1,0.06666666666666667
1170,52633,16,0.9279999999999999,0.9280007288436938,1,0.0625
1171,52649,16,0.9279999999999999,0.9280004918265014,1,0.0625
1172,52663,14,0.9369999999999999,0.9370004125374776,1,0.07142857142857142
1173,52677,14,0.9369999999999999,0.9370008137081038,1,0.07142857142857142
1174,52691,14,0.9369999999999999,0.9370006140234771,1,0.07142857142857142
1175,52705,14,0.9369999999999999,0.9370009311883438,1,0.07142857142857142
1176,52719,14,0.9369999999999999,0.9370004703135607,1,0.07142857142857142
1177,52736,17,0.9235,0.9235004835206462,1,0.058823529411764705
1178,52752,16,0.9279999999999999,0.9280007575251312,1,0.0625
1179,52768,16,0.9279999999999999,0.928000558484015,1,0.0625
1180,52793,25,0.8875,0.8875006598408132,1,0.12
1181,52811,18,0.919,0.9190003780391015,1,0.05555555555555555
1182,52825,14,0.9369999999999999,0.9370002399982567,1,0.07142857142857142
1183,52839,14,0.9369999999999999,0.937000386624417,1,0.07142857142857142
1184,52853,14,0.9369999999999999,0.9370003834882312,1,0.07142857142857142
1185,52873,20,0.91,0.910000695676206,1,0.05
1186,52887,14,0.9369999999999999,0.9370002431835951,1,0.07142857142857142
1187,52903,16,0.9279999999999999,0.9280002002030979,1,0.1875
1188,52917,14,0.9369999999999999,0.9370001763293029,1,0.07142857142857142
1189,52931,14,0.9369999999999999,0.9370003423136439,1,0.07142857142857142
1190,52945,14,0.9369999999999999,0.9370002400120784,1,0.07142857142857142
1191,52959,14,0.9369999999999999,0.9370001805464128,1,0.07142857142857142
1192,52973,14,0.9369999999999999,0.9370001573965557,1,0.07142857142857142
1193,52987,14,0.9369999999999999,0.9370002503398113,1,0.07142857142857142
1194,53001,14,0.9369999999999999,0.9370006917658312,1,0.07142857142857142
1195,53017,16,0.9279999999999999,0.9280002463981107,1,0.0625
1196,53217,200,0.0,1.3620289390265552e-06,0,0.005
1197,53271,54,0.757,0.7570001830974914,1,0.018518518518518517
1198,53340,69,0.6895,0.6895000089434513,1,0.014492753623188406
1199,53540,200,0.0,3.24054784457046e-06,0,0.005
1200,53604,64,0.712,0.7120016071419037,1,0.015625
1201,53799,195,0.12250000000000005,0.12250230946292301,1,0.005128205128205128
1202,53999,200,0.0,2.5526899896229124e-06,0,0.005
1203,54021,22,0.901,0.9010002891306008,1,0.045454545454545456
1204,54207,186,0.16299999999999992,0.16300098528587345,1,0.005376344086021506
1205,54288,81,0.6355,0.6355006653883684,1,0.012345679012345678
1206,54311,23,0.8965,0.896500043307389,1,0.043478260869565216
1207,54353,42,0.8109999999999999,0.8110002962807064,1,0.023809523809523808
1208,54377,24,0.892,0.8920002377641884,1,0.041666666666666664
1209,54406,29,0.8694999999999999,0.8695002994159166,1,0.034482758620689655
1210,54420,14,0.9369999999999999,0.9370000538355382,1,0.07142857142857142
1211,54435,15,0.9325,0.9325,1,0.06666666666666667
1212,54506,71,0.6805,0.6805010739141343,1,0.014084507042253521
1213,54524,18,0.919,0.9190002570140275,1,0.05555555555555555
1214,54540,16,0.9279999999999999,0.9280002372505317,1,0.0625
1215,54641,101,0.5455,0.5455021931768287,1,0.009900990099009901
1216,54659,18,0.919,0.9190002958893921,1,0.05555555555555555
1217,54675,16,0.9279999999999999,0.9280000411698505,1,0.0625
1218,54689,14,0.9369999999999999,0.9370001045590141,1,0.07142857142857142
1219,54703,14,0.9369999999999999,0.9370000993810229,1,0.07142857142857142
1220,54717,14,0.9369999999999999,0.937000137080873,1,0.07142857142857142
1221,54733,16,0.9279999999999999,0.9280001570122962,1,0.0625
1222,54771,38,0.829,0.8290011850876612,1,0.02631578947368421
1223,54789,18,0.919,0.9190002366883115,1,0.05555555555555555
1224,54811,22,0.901,0.9010004491804486,1,0.045454545454545456
1225,54891,80,0.6399999999999999,0.640001263911704,1,0.0125
1226,54911,20,0.91,0.9100002659757015,1,0.05
1227,54931,20,0.91,0.9100003226641642,1,0.05
1228,54947,16,0.9279999999999999,0.9280001950415063,1,0.0625
1229,54961,14,0.9369999999999999,0.9370000661972832,1,0.07142857142857142
1230,54975,14,0.9369999999999999,0.9370000990254904,1,0.07142857142857142
1231,54989,14,0.9369999999999999,0.9370000542186627,1,0.07142857142857142
1232,55007,18,0.919,0.9190000529189584,1,0.05555555555555555
1233,55023,16,0.9279999999999999,0.9280006461267255,1,0.0625
1234,55039,16,0.9279999999999999,0.92800071785149,1,0.0625
1235,55059,20,0.91,0.9100007094495328,1,0.05
1236,55075,16,0.9279999999999999,0.9280006114559889,1,0.0625
1237,55214,139,0.37450000000000006,0.3745419429843181,1,0.02158273381294964
1238,55230,16,0.9279999999999999,0.9280011644958536,1,0.0625
1239,55293,63,0.7164999999999999,0.7165021318341098,1,0.015873015873015872
1240,55453,160,0.2799999999999999,0.2800172794730625,1,0.00625
1241,55476,23,0.8965,0.8965007070687676,1,0.043478260869565216
1242,55511,35,0.8425,0.8425023068069026,1,0.02857142857142857
1243,55531,20,0.91,0.9100011738006425,1,0.05
1244,55731,200,0.0,2.4714427701341704e-05,0,0.005
1245,55931,200,0.0,1.0147785998095873e-05,0,0.005
1246,56019,88,0.604,0.6040079473149316,1,0.011363636363636364
1247,56066,47,0.7885,0.7885007284502632,1,0.02127659574468085
1248,56160,94,0.577,0.5770017394177,1,0.010638297872340425
1249,56304,144,0.352,0.35200368566477513,1,0.020833333333333332
1250,56504,200,0.09999999999999998,0.10000503745560714,1,0.005
1251,56559,55,0.7525,0.7525007166955171,1,0.01818181818181818
1252,56759,200,0.0,7.83982489516354e-06,0,0.005
1253,56818,59,0.7344999999999999,0.7345029533037097,1,0.01694915254237288
1254,56964,146,0.34299999999999997,0.34300333442578884,1,0.00684931506849315
1255,57015,51,0.7705,0.7705020864781403,1,0.0196078431372549
1256,57029,14,0.9369999999999999,0.9370001848498087,1,0.07142857142857142
1257,57045,16,0.9279999999999999,0.9280005215354075,1,0.0625
1258,57093,48,0.784,0.7840008896166284,1,0.020833333333333332
1259,57119,26,0.883,0.8830006916130116,1,0.038461538461538464
1260,57140,21,0.9055,0.9055002640672984,1,0.047619047619047616
1261,57206,66,0.703,0.7030005463447346,1,0.015151515151515152
1262,57262,56,0.748,0.7480009703638307,1,0.017857142857142856
1263,57298,36,0.838,0.8380013677971325,1,0.027777777777777776
1264,57388,90,0.595,0.5950025567069986,1,0.011111111111111112
1265,57542,154,0.30699999999999994,0.3070055352751243,1,0.006493506493506494
1266,57562,20,0.91,0.9100008846167426,1,0.15
1267,57662,100,0.55,0.5500043119166286,1,0.01
1268,57768,106,0.5229999999999999,0.5230022688589088,1,0.009433962264150943
1269,57922,154,0.30699999999999994,0.30700279985233153,1,0.006493506493506494
1270,57950,28,0.874,0.8740018376629057,1,0.03571428571428571
1271,58012,62,0.721,0.7210021519323697,1,0.016129032258064516
1272,58030,18,0.919,0.9190011668196609,1,0.05555555555555555
1273,58230,200,0.0,6.180485385260335e-06,0,0.035
1274,58262,32,0.856,0.856001427718966,1,0.09375
1275,58286,24,0.892,0.8920015630468916,1,0.25
1276,58387,101,0.5455,0.5455017375791229,1,0.2376237623762376
1277,58587,200,0.0,7.080691566721534e-06,0,0.415
1278,58722,135,0.39249999999999996,0.3925062466264381,1,0.31851851851851853
1279,58922,200,0.0,6.219279176096048e-06,0,0.395
1280,59122,200,0.0,1.1873561990323119e-06,0,0.005
1281,59227,105,0.5275,0.5275007686477268,1,0.009523809523809525
1282,59243,16,0.9279999999999999,0.9280000154298927,1,0.0625
1283,59341,98,0.5589999999999999,0.5590006400156754,1,0.01020408163265306
1284,59412,71,0.6805,0.6805006268440401,1,0.014084507042253521
1285,59476,64,0.712,0.7120001047509557,1,0.015625
1286,59522,46,0.7929999999999999,0.7930001716501571,1,0.021739130434782608
1287,59544,22,0.901,0.9010007610085261,1,0.045454545454545456
1288,59610,66,0.703,0.7030001342610462,1,0.015151515151515152
1289,59634,24,0.892,0.8920000080596624,1,0.041666666666666664
1290,59704,70,0.685,0.685000358896901,1,0.014285714285714285
1291,59732,28,0.874,0.8740007492661206,1,0.03571428571428571
1292,59932,200,0.0,8.642482395845261e-07,0,0.005
1293,60132,200,0.0,7.4954974871860435e-06,0,0.005
1294,60332,200,0.0,1.298296080142364e-05,0,0.005
1295,60465,133,0.40149999999999997,0.40150826892330904,1,0.007518796992481203
1296,60614,149,0.3295,0.32951274396412955,1,0.006711409395973154
1297,60814,200,0.0,1.0258397110045885e-05,0,0.005
1298,61014,200,0.0,1.7870435197613068e-05,0,0.005
1299,61058,44,0.802,0.8020015009575755,1,0.6590909090909091
1300,61074,16,0.9279999999999999,0.9280004924309674,1,0.0625
1301,61090,16,0.9279999999999999,0.9280012882643063,1,0.0625
1302,61114,24,0.892,0.8920014612987377,1,0.041666666666666664
1303,61130,16,0.9279999999999999,0.928000980867238,1,0.0625
1304,61168,38,0.829,0.829002432020116,1,0.5
1305,61206,38,0.829,0.8290016675447421,1,0.6052631578947368
1306,61242,36,0.838,0.8380005437826573,1,0.3055555555555556
1307,61304,62,0.721,0.7210013521681725,1,0.20967741935483872
1308,61346,42,0.8109999999999999,0.8110007942361479,1,0.5476190476190477
1309,61401,55,0.7525,0.7525010602827782,1,0.5818181818181818
1310,61530,129,0.4195,0.41950733312859156,1,0.3023255813953488
1311,61607,77,0.6535,0.6535036217473804,1,0.012987012987012988
1312,61659,52,0.766,0.7660055984549602,1,0.019230769230769232
1313,61673,14,0.9369999999999999,0.9370009323983112,1,0.07142857142857142
1314,61701,28,0.874,0.874000926052026,1,0.4642857142857143
1315,61779,78,0.649,0.6490025855611882,1,0.01282051282051282
1316,61805,26,0.883,0.8830011221490414,1,0.038461538461538464
1317,61938,133,0.40149999999999997,0.4015066910710236,1,0.007518796992481203
1318,61966,28,0.874,0.8740008622537724,1,0.03571428571428571
1319,61982,16,0.9279999999999999,0.9280007529839867,1,0.0625
1320,61996,14,0.9369999999999999,0.9370004672377715,1,0.07142857142857142
1321,62016,20,0.91,0.910000520705251,1,0.35
1322,62030,14,0.9369999999999999,0.9370004290839409,1,0.07142857142857142
1323,62044,14,0.9369999999999999,0.9370007344793191,1,0.07142857142857142
1324,62058,14,0.9369999999999999,0.9370008772870322,1,0.07142857142857142
1325,62204,146,0.34299999999999997,0.34301224095493865,1,0.00684931506849315
1326,62404,200,0.0,9.160133612801137e-06,0,0.005
1327,62487,83,0.6265000000000001,0.6265010896367567,1,0.03614457831325301
1328,62539,52,0.766,0.7660007278330541,1,0.5192307692307693
1329,62570,31,0.8605,0.8605005355629995,1,0.2903225806451613
1330,62689,119,0.4645,0.4645071940438376,1,0.008403361344537815
1331,62819,130,0.4149999999999999,0.4150044999825394,1,0.038461538461538464
1332,62957,138,0.379,0.3790024209087573,1,0.007246376811594203
1333,63038,81,0.6355,0.6355022840174887,1,0.2839506172839506
1334,63052,14,0.9369999999999999,0.9370007814055209,1,0.07142857142857142
1335,63068,16,0.9279999999999999,0.928000748996644,1,0.0625
1336,63082,14,0.9369999999999999,0.9370002410675591,1,0.07142857142857142
1337,63098,16,0.9279999999999999,0.9280005419274973,1,0.0625
1338,63112,14,0.9369999999999999,0.9370006748440202,1,0.07142857142857142
1339,63128,16,0.9279999999999999,0.9280009259373919,1,0.0625
1340,63148,20,0.91,0.9100011868524052,1,0.15
1341,63162,14,0.9369999999999999,0.9370009995948057,1,0.07142857142857142
1342,63176,14,0.9369999999999999,0.9370008840734,1,0.07142857142857142
1343,63190,14,0.9369999999999999,0.9370007709582158,1,0.07142857142857142
1344,63206,16,0.9279999999999999,0.9280011137756115,1,0.0625
1345,63220,14,0.9369999999999999,0.9370009008487611,1,0.07142857142857142
1346,63236,16,0.9279999999999999,0.9280008288625462,1,0.0625
1347,63252,16,0.9279999999999999,0.9280009780135946,1,0.0625
1348,63312,60,0.73,0.73000296516212,1,0.016666666666666666
1349,63332,20,0.91,0.9100003435981976,1,0.05
1350,63352,20,0.91,0.9100009716424734,1,0.05
1351,63372,20,0.91,0.910000431616671,1,0.05
1352,63388,16,0.9279999999999999,0.9280005342042559,1,0.0625
1353,63402,14,0.9369999999999999,0.9370002896991501,1,0.07142857142857142
1354,63418,16,0.9279999999999999,0.9280003067995521,1,0.1875
1355,63436,18,0.919,0.9190005070743101,1,0.05555555555555555
1356,63472,36,0.838,0.838000702239702,1,0.027777777777777776
1357,63486,14,0.9369999999999999,0.9370005649695545,1,0.07142857142857142
1358,63502,16,0.9279999999999999,0.9280005920965415,1,0.0625
1359,63526,24,0.892,0.8920002022057009,1,0.041666666666666664
1360,63540,14,0.9369999999999999,0.937000263230145,1,0.07142857142857142
1361,63554,14,0.9369999999999999,0.9370000753546229,1,0.07142857142857142
1362,63568,14,0.9369999999999999,0.9369999999999999,1,0.07142857142857142
1363,63586,18,0.919,0.9190000077336065,1,0.05555555555555555
1364,63600,14,0.9369999999999999,0.937000298653707,1,0.07142857142857142
1365,63614,14,0.9369999999999999,0.9370003197365353,1,0.07142857142857142
1366,63636,22,0.901,0.9010005008457108,1,0.13636363636363635
1367,63652,16,0.9279999999999999,0.9280008664267919,1,0.0625
1368,63666,14,0.9369999999999999,0.9370006197834083,1,0.07142857142857142
1369,63680,14,0.9369999999999999,0.9370005716947785,1,0.07142857142857142
1370,63696,16,0.9279999999999999,0.9280002649314614,1,0.0625
1371,63712,16,0.9279999999999999,0.9280002677980844,1,0.0625
1372,63726,14,0.9369999999999999,0.9370003273024113,1,0.07142857142857142
1373,63740,14,0.9369999999999999,0.9370001491587024,1,0.07142857142857142
1374,63766,26,0.883,0.8830001297363381,1,0.038461538461538464
1375,63828,62,0.721,0.7210037181869752,1,0.016129032258064516
1376,63850,22,0.901,0.9010001790078854,1,0.045454545454545456
1377,63876,26,0.883,0.8830003385164947,1,0.038461538461538464
1378,63892,16,0.9279999999999999,0.9280004461393893,1,0.1875
1379,63910,18,0.919,0.9190003863402302,1,0.16666666666666666
1380,63924,14,0.9369999999999999,0.937000215110905,1,0.07142857142857142
1381,63946,22,0.901,0.9010002476310688,1,0.045454545454545456
1382,63962,16,0.9279999999999999,0.9280006144979209,1,0.0625
1383,63980,18,0.919,0.9190006292212353,1,0.16666666666666666
1384,64018,38,0.829,0.8290013300300246,1,0.02631578947368421
1385,64066,48,0.784,0.7840000430128717,1,0.020833333333333332
1386,64220,154,0.30699999999999994,0.30700066239989415,1,0.006493506493506494
1387,64301,81,0.6355,0.6355013615826821,1,0.012345679012345678
1388,64501,200,0.0,1.7825777899785904e-06,0,0.005
1389,64605,104,0.532,0.5320009417978036,1,0.009615384615384616
1390,64666,61,0.7255,0.7255001892203197,1,0.01639344262295082
1391,64686,20,0.91,0.9100001798512187,1,0.05
1392,64700,14,0.9369999999999999,0.9370000514927482,1,0.07142857142857142
1393,64760,60,0.73,0.7300013633671961,1,0.016666666666666666
1394,64784,24,0.892,0.8920002300920934,1,0.125
1395,64845,61,0.7255,0.7255002041124359,1,0.01639344262295082
1396,64941,96,0.5680000000000001,0.5680032048599994,1,0.010416666666666666
1397,64959,18,0.919,0.9190000626373329,1,0.05555555555555555
1398,65013,54,0.757,0.7570007486457198,1,0.018518518518518517
1399,65055,42,0.8109999999999999,0.8110009851751822,1,0.023809523809523808
1400,65081,26,0.883,0.8830008063745499,1,0.038461538461538464
1401,65191,110,0.5049999999999999,0.5050037312517197,1,0.00909090909090909
1402,65251,60,0.73,0.7300002502580913,1,0.15
1403,65291,40,0.82,0.8200008309621105,1,0.025
1404,65311,20,0.91,0.9100007640176205,1,0.05
1405,65345,34,0.847,0.8470024553402122,1,0.029411764705882353
1406,65455,110,0.5049999999999999,0.5050040908698563,1,0.00909090909090909
1407,65481,26,0.883,0.8830036569199265,1,0.038461538461538464
1408,65591,110,0.5049999999999999,0.5050109158049795,1,0.00909090909090909
1409,65638,47,0.7885,0.7885029466960736,1,0.02127659574468085
1410,65750,112,0.4959999999999999,0.4960015045032606,1,0.0625
1411,65887,137,0.38349999999999995,0.3835061818735401,1,0.0072992700729927005
1412,65905,18,0.919,0.919001073928905,1,0.05555555555555555
1413,65939,34,0.847,0.8470018735107048,1,0.029411764705882353
1414,66014,75,0.6625,0.662504819077025,1,0.013333333333333334
1415,66070,56,0.748,0.748000079826783,1,0.017857142857142856
1416,66086,16,0.9279999999999999,0.9279999999999999,1,0.0625
1417,66100,14,0.9369999999999999,0.9369999999999999,1,0.07142857142857142
1418,66120,20,0.91,0.91,1,0.05
1419,66134,14,0.9369999999999999,0.9369999999999999,1,0.07142857142857142
1420,66148,14,0.9369999999999999,0.9369999999999999,1,0.07142857142857142
1421,66164,16,0.9279999999999999,0.9279999999999999,1,0.0625
1422,66178,14,0.9369999999999999,0.9369999999999999,1,0.07142857142857142
1423,66192,14,0.9369999999999999,0.9369999999999999,1,0.07142857142857142
1424,66208,16,0.9279999999999999,0.9279999999999999,1,0.0625
1425,66222,14,0.9369999999999999,0.9369999999999999,1,0.07142857142857142
1426,66236,14,0.9369999999999999,0.9369999999999999,1,0.07142857142857142
1427,66250,14,0.9369999999999999,0.9370000552328713,1,0.07142857142857142
1428,66266,16,0.9279999999999999,0.9280000755044568,1,0.0625
1429,66280,14,0.9369999999999999,0.9370000636750462,1,0.07142857142857142
1430,66303,23,0.8965,0.8965001162435737,1,0.391304347826087
1431,66317,14,0.9369999999999999,0.9370001253580725,1,0.07142857142857142
1432,66333,16,0.9279999999999999,0.9280000960219057,1,0.0625
1433,66347,14,0.9369999999999999,0.9370000843872988,1,0.07142857142857142
1434,66361,14,0.9369999999999999,0.9369999999999999,1,0.07142857142857142
1435,66379,18,0.919,0.9190000466086734,1,0.16666666666666666
1436,66393,14,0.9369999999999999,0.937000046215025,1,0.07142857142857142
1437,66407,14,0.9369999999999999,0.9370000434985798,1,0.07142857142857142
1438,66421,14,0.9369999999999999,0.9370000769116225,1,0.07142857142857142
1439,66439,18,0.919,0.9190000363419131,1,0.16666666666666666
1440,66511,72,0.6759999999999999,0.6760002164194356,1,0.18055555555555555
1441,66525,14,0.9369999999999999,0.937000131650124,1,0.07142857142857142
1442,66540,15,0.9325,0.9325002130034798,1,0.06666666666666667
1443,66554,14,0.9369999999999999,0.9370000655981879,1,0.07142857142857142
1444,66568,14,0.9369999999999999,0.9370000600775629,1,0.07142857142857142
1445,66584,16,0.9279999999999999,0.9280000819464822,1,0.1875
1446,66598,14,0.9369999999999999,0.9370000563556532,1,0.07142857142857142
1447,66614,16,0.9279999999999999,0.9280000107260562,1,0.0625
1448,66628,14,0.9369999999999999,0.9370000063899372,1,0.07142857142857142
1449,66644,16,0.9279999999999999,0.9280000541597615,1,0.0625
1450,66658,14,0.9369999999999999,0.9370000397222338,1,0.07142857142857142
1451,66672,14,0.9369999999999999,0.9369999999999999,1,0.07142857142857142
1452,66686,14,0.9369999999999999,0.9370000475563861,1,0.07142857142857142
1453,66704,18,0.919,0.919,1,0.05555555555555555
1454,66720,16,0.9279999999999999,0.9279999999999999,1,0.1875
1455,66734,14,0.9369999999999999,0.9369999999999999,1,0.07142857142857142
1456,66748,14,0.9369999999999999,0.9369999999999999,1,0.07142857142857142
1457,66762,14,0.9369999999999999,0.9369999999999999,1,0.07142857142857142
1458,66778,16,0.9279999999999999,0.9279999999999999,1,0.0625
1459,66792,14,0.9369999999999999,0.9370000126304487,1,0.07142857142857142
1460,66815,23,0.8965,0.8965,1,0.043478260869565216
1461,66847,32,0.856,0.8560000466267019,1,0.53125
1462,66869,22,0.901,0.901,1,0.4090909090909091
1463,66883,14,0.9369999999999999,0.9369999999999999,1,0.07142857142857142
1464,66899,16,0.9279999999999999,0.9280000724979517,1,0.0625
1465,66925,26,0.883,0.8830000684664105,1,0.19230769230769232
1466,66955,30,0.865,0.8650000490135449,1,0.5666666666666667
1467,66969,14,0.9369999999999999,0.9370001066560535,1,0.07142857142857142
1468,66985,16,0.9279999999999999,0.9280000602240358,1,0.0625
1469,66999,14,0.9369999999999999,0.9370000094074494,1,0.07142857142857142
1470,67019,20,0.91,0.9100004247010482,1,0.35
1471,67037,18,0.919,0.9190005695941043,1,0.2777777777777778
1472,67051,14,0.9369999999999999,0.9370004144205892,1,0.07142857142857142
1473,67065,14,0.9369999999999999,0.9370004980048053,1,0.07142857142857142
1474,67080,15,0.9325,0.9325003631743013,1,0.06666666666666667
1475,67253,173,0.22150000000000003,0.22150302041746098,1,0.005780346820809248
1476,67274,21,0.9055,0.905500717271621,1,0.14285714285714285
1477,67321,47,0.7885,0.7885002131742318,1,0.02127659574468085
1478,67480,159,0.2845,0.28450040760572803,1,0.006289308176100629
1479,67622,142,0.361,0.36100287185513685,1,0.007042253521126761
1480,67636,14,0.9369999999999999,0.937000686654638,1,0.07142857142857142
1481,67650,14,0.9369999999999999,0.9370003316032034,1,0.07142857142857142
1482,67704,54,0.757,0.7570023414499252,1,0.018518518518518517
1483,67729,25,0.8875,0.8875007339593779,1,0.04
1484,67792,63,0.7164999999999999,0.7165005907053369,1,0.015873015873015872
1485,67808,16,0.9279999999999999,0.9280001928595192,1,0.0625
1486,67996,188,0.15400000000000003,0.15441423534182813,1,0.010638297872340425
1487,68046,50,0.775,0.7750007390450026,1,0.02
1488,68062,16,0.9279999999999999,0.9280001236749507,1,0.0625
1489,68076,14,0.9369999999999999,0.9370001529597282,1,0.07142857142857142
1490,68102,26,0.883,0.883000127695069,1,0.038461538461538464
1491,68124,22,0.901,0.9010001173094624,1,0.045454545454545456
1492,68140,16,0.9279999999999999,0.9280000010686741,1,0.0625
1493,68154,14,0.9369999999999999,0.9369999999999999,1,0.07142857142857142
1494,68168,14,0.9369999999999999,0.9369999999999999,1,0.07142857142857142
1495,68182,14,0.9369999999999999,0.93700000064365,1,0.07142857142857142
1496,68196,14,0.9369999999999999,0.9369999999999999,1,0.07142857142857142
1497,68216,20,0.91,0.9100000060501243,1,0.05
1498,68237,21,0.9055,0.905500001842616,1,0.047619047619047616
1499,68251,14,0.9369999999999999,0.9369999999999999,1,0.07142857142857142
1500,68265,14,0.9369999999999999,0.9369999999999999,1,0.07142857142857142
1501,68279,14,0.9369999999999999,0.9369999999999999,1,0.07142857142857142
1502,68297,18,0.919,0.9190000592671002,1,0.05555555555555555
1503,68315,18,0.919,0.9190000150575197,1,0.05555555555555555
1504,68329,14,0.9369999999999999,0.937000079423213,1,0.07142857142857142
1505,68365,36,0.838,0.8380002304252165,1,0.027777777777777776
1506,68388,23,0.8965,0.896500423771227,1,0.043478260869565216
1507,68404,16,0.9279999999999999,0.9280003815592874,1,0.0625
1508,68476,72,0.6759999999999999,0.6760012450846692,1,0.013888888888888888
1509,68490,14,0.9369999999999999,0.9370000624180251,1,0.07142857142857142
1510,68506,16,0.9279999999999999,0.9280002295102512,1,0.0625
1511,68520,14,0.9369999999999999,0.9370001218223529,1,0.07142857142857142
1512,68534,14,0.9369999999999999,0.9370000917808894,1,0.07142857142857142
1513,68552,18,0.919,0.9190000366795007,1,0.05555555555555555
1514,68566,14,0.9369999999999999,0.937000157643044,1,0.07142857142857142
1515,68584,18,0.919,0.9190000593492277,1,0.05555555555555555
1516,68600,16,0.9279999999999999,0.9280000438511669,1,0.0625
1517,68616,16,0.9279999999999999,0.928000039585837,1,0.0625
1518,68630,14,0.9369999999999999,0.9370000288123874,1,0.07142857142857142
1519,68644,14,0.9369999999999999,0.937000113154881,1,0.07142857142857142
1520,68658,14,0.9369999999999999,0.937000403599768,1,0.07142857142857142
1521,68672,14,0.9369999999999999,0.937000552727357,1,0.07142857142857142
1522,68686,14,0.9369999999999999,0.9370004938233383,1,0.07142857142857142
1523,68702,16,0.9279999999999999,0.9280005515980742,1,0.0625
1524,68718,16,0.9279999999999999,0.9280003963874895,1,0.1875
1525,68732,14,0.9369999999999999,0.9370002313106647,1,0.07142857142857142
1526,68750,18,0.919,0.9190003158315824,1,0.05555555555555555
1527,68768,18,0.919,0.9190003757008077,1,0.05555555555555555
1528,68782,14,0.9369999999999999,0.9370004140492451,1,0.07142857142857142
1529,68796,14,0.9369999999999999,0.9370002509486596,1,0.07142857142857142
1530,68810,14,0.9369999999999999,0.9370002643439632,1,0.07142857142857142
1531,68828,18,0.919,0.9190002221518963,1,0.16666666666666666
1532,68842,14,0.9369999999999999,0.9370003227474089,1,0.07142857142857142
1533,68856,14,0.9369999999999999,0.9370001974846032,1,0.07142857142857142
1534,68890,34,0.847,0.8470002451082226,1,0.029411764705882353
1535,68906,16,0.9279999999999999,0.9280000652245829,1,0.0625
1536,68971,65,0.7075,0.7075000438992854,1,0.046153846153846156
1537,68985,14,0.9369999999999999,0.9370001587496415,1,0.07142857142857142
1538,68999,14,0.9369999999999999,0.9370000973215787,1,0.07142857142857142
1539,69013,14,0.9369999999999999,0.9370000466150006,1,0.07142857142857142
1540,69059,46,0.7929999999999999,0.793000129339231,1,0.021739130434782608
1541,69073,14,0.9369999999999999,0.9369999999999999,1,0.07142857142857142
1542,69091,18,0.919,0.919,1,0.05555555555555555
1543,69107,16,0.9279999999999999,0.9279999999999999,1,0.0625
1544,69123,16,0.9279999999999999,0.9280000063257088,1,0.0625
1545,69147,24,0.892,0.892000007131941,1,0.125
1546,69161,14,0.9369999999999999,0.937000011421163,1,0.07142857142857142
1547,69177,16,0.9279999999999999,0.9280000584806097,1,0.0625
1548,69191,14,0.9369999999999999,0.9370001231169327,1,0.07142857142857142
1549,69205,14,0.9369999999999999,0.9370002203224853,1,0.07142857142857142
1550,69219,14,0.9369999999999999,0.9370003407950005,1,0.07142857142857142
1551,69233,14,0.9369999999999999,0.9370004088604794,1,0.07142857142857142
1552,69247,14,0.9369999999999999,0.9370006693318699,1,0.07142857142857142
1553,69261,14,0.9369999999999999,0.9370006189828886,1,0.07142857142857142
1554,69275,14,0.9369999999999999,0.9370004153572752,1,0.07142857142857142
1555,69289,14,0.9369999999999999,0.9370005548684374,1,0.07142857142857142
1556,69303,14,0.9369999999999999,0.9370006667030442,1,0.07142857142857142
1557,69317,14,0.9369999999999999,0.9370002638108249,1,0.07142857142857142
1558,69331,14,0.9369999999999999,0.9370001971628359,1,0.07142857142857142
1559,69345,14,0.9369999999999999,0.9370004452220404,1,0.07142857142857142
1560,69363,18,0.919,0.9190007522094958,1,0.05555555555555555
1561,69377,14,0.9369999999999999,0.9370003282345919,1,0.07142857142857142
1562,69393,16,0.9279999999999999,0.9280005146967422,1,0.0625
1563,69407,14,0.9369999999999999,0.9370004279738476,1,0.07142857142857142
1564,69425,18,0.919,0.9190006957985507,1,0.05555555555555555
1565,69441,16,0.9279999999999999,0.9280005753812581,1,0.0625
1566,69455,14,0.9369999999999999,0.9370005998999577,1,0.07142857142857142
1567,69473,18,0.919,0.9190009478275037,1,0.05555555555555555
1568,69539,66,0.703,0.7030034328528164,1,0.015151515151515152
1569,69553,14,0.9369999999999999,0.9370000046750228,1,0.07142857142857142
1570,69567,14,0.9369999999999999,0.9370000011193719,1,0.07142857142857142
1571,69583,16,0.9279999999999999,0.9279999999999999,1,0.1875
1572,69597,14,0.9369999999999999,0.9370000228080124,1,0.07142857142857142
1573,69611,14,0.9369999999999999,0.9369999999999999,1,0.07142857142857142
1574,69625,14,0.9369999999999999,0.9370000353764338,1,0.07142857142857142
1575,69639,14,0.9369999999999999,0.9369999999999999,1,0.07142857142857142
1576,69657,18,0.919,0.919,1,0.2777777777777778
1577,69671,14,0.9369999999999999,0.9369999999999999,1,0.07142857142857142
1578,69685,14,0.9369999999999999,0.9369999999999999,1,0.07142857142857142
1579,69699,14,0.9369999999999999,0.937000012890399,1,0.07142857142857142
1580,69715,16,0.9279999999999999,0.9280000923699534,1,0.0625
1581,69729,14,0.9369999999999999,0.937000109899147,1,0.07142857142857142
1582,69743,14,0.9369999999999999,0.937000237723617,1,0.07142857142857142
1583,69761,18,0.919,0.9190006049070544,1,0.05555555555555555
1584,69775,14,0.9369999999999999,0.9370007077383193,1,0.07142857142857142
1585,69789,14,0.9369999999999999,0.9370005627098791,1,0.07142857142857142
1586,69803,14,0.9369999999999999,0.9370006925565928,1,0.07142857142857142
1587,69817,14,0.9369999999999999,0.9370007976758703,1,0.07142857142857142
1588,69837,20,0.91,0.9100007116572348,1,0.15
1589,69853,16,0.9279999999999999,0.9280005252336253,1,0.0625
1590,69867,14,0.9369999999999999,0.9370003478616019,1,0.07142857142857142
1591,69885,18,0.919,0.9190001238527322,1,0.05555555555555555
1592,69911,26,0.883,0.8830002104486463,1,0.038461538461538464
1593,69925,14,0.9369999999999999,0.9370000197296884,1,0.07142857142857142
1594,69939,14,0.9369999999999999,0.9370001019204415,1,0.07142857142857142
1595,69955,16,0.9279999999999999,0.9280001249539043,1,0.0625
1596,69969,14,0.9369999999999999,0.9370001321586806,1,0.07142857142857142
1597,69983,14,0.9369999999999999,0.9370004645992327,1,0.07142857142857142
1598,69997,14,0.9369999999999999,0.937000318714173,1,0.07142857142857142
1599,70017,20,0.91,0.9100002599746804,1,0.05
1600,70033,16,0.9279999999999999,0.9280001482440711,1,0.0625
1601,70095,62,0.721,0.721,1,0.016129032258064516
1602,70119,24,0.892,0.892,1,0.041666666666666664
1603,70171,52,0.766,0.766,1,0.019230769230769232
1604,70251,80,0.6399999999999999,0.640000953682731,1,0.0125
1605,70377,126,0.43299999999999994,0.4330064044331185,1,0.007936507936507936
1606,70391,14,0.9369999999999999,0.9370005789642873,1,0.07142857142857142
1607,70421,30,0.865,0.865000803314536,1,0.03333333333333333
1608,70439,18,0.919,0.91900060823087,1,0.05555555555555555
1609,70501,62,0.721,0.7210019074723402,1,0.016129032258064516
1610,70517,16,0.9279999999999999,0.9280006122123474,1,0.0625
1611,70531,14,0.9369999999999999,0.9370004934256955,1,0.07142857142857142
1612,70547,16,0.9279999999999999,0.9280004017462803,1,0.0625
1613,70566,19,0.9145,0.9145006832300187,1,0.05263157894736842
1614,70584,18,0.919,0.9190003524316674,1,0.05555555555555555
1615,70680,96,0.5680000000000001,0.5680018398909736,1,0.010416666666666666
1616,70694,14,0.9369999999999999,0.9370000530626506,1,0.07142857142857142
1617,70743,49,0.7795,0.7795000144752074,1,0.02040816326530612
1618,70761,18,0.919,0.919,1,0.05555555555555555
1619,70790,29,0.8694999999999999,0.8694999999999999,1,0.034482758620689655
1620,70811,21,0.9055,0.9055000342676542,1,0.047619047619047616
1621,70825,14,0.9369999999999999,0.9370000300278509,1,0.07142857142857142
1622,70889,64,0.712,0.7120003528396008,1,0.015625
1623,70911,22,0.901,0.9010006457306681,1,0.045454545454545456
1624,71055,144,0.352,0.35200398781294007,1,0.006944444444444444
1625,71255,200,0.0,3.34700404511879e-06,0,0.005
1626,71455,200,0.0,1.2202199122199256e-07,0,0.055
1627,71655,200,0.0,7.706523273529305e-06,0,0.275
1628,71855,200,0.0,3.1036880135334906e-05,0,0.01
1629,72019,164,0.262,0.262000591902963,1,0.006097560975609756
1630,72033,14,0.9369999999999999,0.9370003309498002,1,0.07142857142857142
1631,72049,16,0.9279999999999999,0.9280005219765539,1,0.0625
1632,72249,200,0.0,2.637172504896331e-05,0,0.01
1633,72437,188,0.15400000000000003,0.1540111196566253,1,0.015957446808510637
1634,72637,200,0.0,6.477121031388416e-06,0,0.005
1635,72795,158,0.2889999999999999,0.2890102754121464,1,0.006329113924050633
1636,72995,200,0.0,6.110365147143195e-06,0,0.005
1637,73082,87,0.6085,0.6085025930939257,1,0.011494252873563218
1638,73282,200,0.0,5.008330480542433e-06,0,0.005
1639,73412,130,0.4149999999999999,0.41500045263889457,1,0.007692307692307693
1640,73449,37,0.8335,0.8335000898648087,1,0.02702702702702703
1641,73501,52,0.766,0.7660003506290967,1,0.019230769230769232
1642,73701,200,0.0,9.036895809492186e-06,0,0.005
1643,73901,200,0.0,3.8024066095157896e-06,0,0.005
1644,74017,116,0.478,0.4780027205238752,1,0.008620689655172414
1645,74217,200,0.0,1.2768822851156586e-05,0,0.005
1646,74235,18,0.919,0.9190013580210292,1,0.05555555555555555
1647,74435,200,0.0,7.268243777994159e-06,0,0.005
1648,74635,200,0.0,2.7328087138464096e-06,0,0.005
1649,74835,200,0.0,9.511399020156838e-07,0,0.015
1650,75035,200,0.0,1.0871833506234399e-06,0,0.005
1651,75051,16,0.9279999999999999,0.9280004879469745,1,0.0625
1652,75182,131,0.4105,0.4105121316743193,1,0.007633587786259542
1653,75244,62,0.721,0.7210052895491468,1,0.016129032258064516
1654,75334,90,0.595,0.5950068192215501,1,0.011111111111111112
1655,75354,20,0.91,0.9100011278741836,1,0.05
1656,75372,18,0.919,0.9190021979962928,1,0.05555555555555555
1657,75420,48,0.784,0.7840045822834371,1,0.020833333333333332
1658,75585,165,0.25750000000000006,0.25751174682769795,1,0.006060606060606061
1659,75722,137,0.38349999999999995,0.3835087038033679,1,0.0072992700729927005
1660,75738,16,0.9279999999999999,0.9280007602444523,1,0.0625
1661,75780,42,0.8109999999999999,0.8110024695623528,1,0.07142857142857142
1662,75829,49,0.7795,0.7795025884914845,1,0.02040816326530612
1663,75849,20,0.91,0.9100007633249951,1,0.05
1664,75883,34,0.847,0.8470009984323493,1,0.029411764705882353
1665,75932,49,0.7795,0.779501035256038,1,0.02040816326530612
1666,75950,18,0.919,0.9190010472306239,1,0.05555555555555555
1667,75969,19,0.9145,0.9145004728933986,1,0.05263157894736842
1668,76021,52,0.766,0.7660067042883612,1,0.019230769230769232
1669,76221,200,0.0,0.00011706184524219673,0,0.005
1670,76247,26,0.883,0.8830116416769552,1,0.038461538461538464
1671,76315,68,0.694,0.6940347502667071,1,0.014705882352941176
1672,76406,91,0.5905,0.5905408219940352,1,0.01098901098901099
1673,76586,180,0.18999999999999995,0.19007654215972988,1,0.005555555555555556
1674,76640,54,0.757,0.7570162019185207,1,0.05555555555555555
1675,76706,66,0.703,0.7030346936511885,1,0.015151515151515152
1676,76906,200,0.0,7.942714248142874e-05,0,0.005
1677,76991,85,0.6174999999999999,0.6175292328932829,1,0.011764705882352941
1678,77026,35,0.8425,0.8425035476082176,1,0.02857142857142857
1679,77070,44,0.802,0.8020009138509105,1,0.022727272727272728
1680,77086,16,0.9279999999999999,0.9280004525786456,1,0.0625
1681,77116,30,0.865,0.8650013083286081,1,0.03333333333333333
1682,77316,200,0.0,8.345910539487139e-06,0,0.005
1683,77358,42,0.8109999999999999,0.8110004276856686,1,0.023809523809523808
1684,77424,66,0.703,0.7030012237462141,1,0.015151515151515152
1685,77506,82,0.631,0.6310052300100499,1,0.012195121951219513
1686,77706,200,0.0,1.577990768463655e-06,0,0.005
1687,77855,149,0.3295,0.32950761852847654,1,0.006711409395973154
1688,78055,200,0.0,3.079336906680365e-06,0,0.005
1689,78255,200,0.0,1.4900910739264883e-05,0,0.38
1690,78455,200,0.0,2.6705856118183347e-05,0,0.385
1691,78655,200,0.0,4.948349754830944e-05,0,0.4
1692,78855,200,0.0,1.55863755665341e-05,0,0.145
1693,79055,200,0.0,7.1155819526451535e-06,0,0.675
1694,79117,62,0.721,0.7210137344076398,1,0.7419354838709677
1695,79317,200,0.0,5.0592309485598925e-05,0,0.75
1696,79517,200,0.0,3.466838673116476e-05,0,1.0
1697,79663,146,0.34299999999999997,0.3430219390479315,1,0.8972602739726028
1698,79801,138,0.379,0.37902137646217543,1,0.7536231884057971
1699,79979,178,0.19899999999999995,0.19902868210272373,1,0.5955056179775281
1700,80179,200,0.0,5.4493991675696165e-05,0,0.97
1701,80379,200,0.0,0.00012936394205075342,0,0.545
1702,80579,200,0.0,6.912502496578247e-05,0,0.235
1703,80632,53,0.7615,0.7615134152681,1,0.24528301886792453
1704,80763,131,0.4105,0.4105246367193718,1,0.05343511450381679
1705,80963,200,0.0,7.082633467272828e-05,0,0.13
1706,81022,59,0.7344999999999999,0.7345158975293912,1,0.7288135593220338
1707,81038,16,0.9279999999999999,0.9280000932073234,1,0.1875
1708,81086,48,0.784,0.7840003240255067,1,0.020833333333333332
1709,81191,105,0.5275,0.5275000516688675,1,0.6
1710,81381,190,0.14500000000000002,0.14500616369205394,1,0.8894736842105263
1711,81581,200,0.0,8.802218739161636e-06,0,1.0
1712,81603,22,0.901,0.9010005052727156,1,0.22727272727272727
1713,81753,150,0.32499999999999996,0.3250013998135003,1,0.9133333333333333
1714,81802,49,0.7795,0.7795000252982529,1,0.673469387755102
1715,82002,200,0.0,4.4701606790754014e-05,0,0.27
1716,82032,30,0.865,0.8650001246691487,1,0.5666666666666667
1717,82066,34,0.847,0.8470001439845444,1,0.5
1718,82102,36,0.838,0.8380000772396174,1,0.027777777777777776
1719,82163,61,0.7255,0.7255001575316905,1,0.01639344262295082
1720,82179,16,0.9279999999999999,0.9280000969865132,1,0.0625
1721,82213,34,0.847,0.8470002291133024,1,0.20588235294117646
1722,82227,14,0.9369999999999999,0.937000047558906,1,0.07142857142857142
1723,82251,24,0.892,0.892000048035128,1,0.041666666666666664
1724,82265,14,0.9369999999999999,0.9370000067415837,1,0.07142857142857142
1725,82282,17,0.9235,0.9235000013060304,1,0.058823529411764705
1726,82296,14,0.9369999999999999,0.93700001437266,1,0.07142857142857142
1727,82310,14,0.9369999999999999,0.9369999999999999,1,0.07142857142857142
1728,82326,16,0.9279999999999999,0.9279999999999999,1,0.0625
1729,82344,18,0.919,0.919,1,0.05555555555555555
1730,82360,16,0.9279999999999999,0.9279999999999999,1,0.0625
1731,82374,14,0.9369999999999999,0.9369999999999999,1,0.07142857142857142
1732,82394,20,0.91,0.91,1,0.15
1733,82408,14,0.9369999999999999,0.9369999999999999,1,0.07142857142857142
1734,82462,54,0.757,0.757,1,0.018518518518518517
1735,82477,15,0.9325,0.9325,1,0.06666666666666667
1736,82491,14,0.9369999999999999,0.9369999999999999,1,0.07142857142857142
1737,82507,16,0.9279999999999999,0.9279999999999999,1,0.0625
1738,82528,21,0.9055,0.9055,1,0.047619047619047616
1739,82563,35,0.8425,0.8425,1,0.02857142857142857
1740,82581,18,0.919,0.919,1,0.05555555555555555
1741,82651,70,0.685,0.685,1,0.04285714285714286
1742,82665,14,0.9369999999999999,0.9369999999999999,1,0.07142857142857142
1743,82685,20,0.91,0.91,1,0.05
1744,82723,38,0.829,0.829,1,0.02631578947368421
1745,82795,72,0.6759999999999999,0.6759999999999999,1,0.013888888888888888
1746,82809,14,0.9369999999999999,0.9369999999999999,1,0.07142857142857142
1747,82829,20,0.91,0.91,1,0.05
1748,82855,26,0.883,0.8830000035414272,1,0.038461538461538464
1749,82869,14,0.9369999999999999,0.9370000018620225,1,0.07142857142857142
1750,82897,28,0.874,0.8740000260076745,1,0.03571428571428571
1751,82917,20,0.91,0.9100000166919541,1,0.05
1752,82931,14,0.9369999999999999,0.9370000250366832,1,0.07142857142857142
1753,82957,26,0.883,0.8830000127957004,1,0.038461538461538464
1754,82977,20,0.91,0.9100000313720947,1,0.05
1755,83007,30,0.865,0.8650000386790181,1,0.03333333333333333
1756,83087,80,0.6399999999999999,0.6400008241682352,1,0.0125
1757,83105,18,0.919,0.91900012582401,1,0.16666666666666666
1758,83119,14,0.9369999999999999,0.9370000147611174,1,0.07142857142857142
1759,83139,20,0.91,0.9100000250519344,1,0.35
1760,83233,94,0.577,0.5770001137373922,1,0.35106382978723405
1761,83249,16,0.9279999999999999,0.9279999999999999,1,0.1875
1762,83275,26,0.883,0.883,1,0.5
1763,83421,146,0.34299999999999997,0.34299999999999997,1,0.22602739726027396
1764,83441,20,0.91,0.9100000068204245,1,0.15
1765,83641,200,0.0,4.725370644373842e-05,0,0.09
1766,83841,200,0.0,1.7868806345065556e-05,0,0.05
1767,84029,188,0.15400000000000003,0.1540021033577283,1,0.9308510638297872
1768,84063,34,0.847,0.8470046999367509,1,0.029411764705882353
1769,84115,52,0.766,0.7660044814207976,1,0.019230769230769232
1770,84131,16,0.9279999999999999,0.9280016261917328,1,0.0625
1771,84171,40,0.82,0.8200091558696364,1,0.025
1772,84199,28,0.874,0.8740045454839688,1,0.03571428571428571
1773,84215,16,0.9279999999999999,0.9280021663340535,1,0.1875
1774,84243,28,0.874,0.874004957990449,1,0.03571428571428571
1775,84327,84,0.622,0.6220247810411751,1,0.011904761904761904
1776,84345,18,0.919,0.9190031033188094,1,0.05555555555555555
1777,84361,16,0.9279999999999999,0.9280028961346293,1,0.0625
1778,84445,84,0.622,0.6220274823285966,1,0.011904761904761904
1779,84547,102,0.5409999999999999,0.5410167118850121,1,0.00980392156862745
1780,84561,14,0.9369999999999999,0.9370009499138114,1,0.07142857142857142
1781,84579,18,0.919,0.9190013774921596,1,0.05555555555555555
1782,84597,18,0.919,0.9190006637395847,1,0.16666666666666666
1783,84615,18,0.919,0.9190008547087938,1,0.05555555555555555
1784,84666,51,0.7705,0.7705050994637305,1,0.0196078431372549
1785,84706,40,0.82,0.8200042315881837,1,0.025
1786,84733,27,0.8785,0.8785037700272383,1,0.037037037037037035
1787,84749,16,0.9279999999999999,0.9280024551464778,1,0.0625
1788,84765,16,0.9279999999999999,0.9280020409525023,1,0.0625
1789,84785,20,0.91,0.9100024252315603,1,0.05
1790,84861,76,0.6579999999999999,0.6580130368724375,1,0.013157894736842105
1791,84875,14,0.9369999999999999,0.9370020666414957,1,0.07142857142857142
1792,84893,18,0.919,0.9190023808972033,1,0.05555555555555555
1793,84941,48,0.784,0.7840082856463444,1,0.020833333333333332
1794,84991,50,0.775,0.7750046167614898,1,0.06
1795,85023,32,0.856,0.8560016640255269,1,0.03125
1796,85041,18,0.919,0.9190001064026224,1,0.05555555555555555
1797,85055,14,0.9369999999999999,0.9370003236337178,1,0.07142857142857142
1798,85077,22,0.901,0.901001087215541,1,0.045454545454545456
1799,85091,14,0.9369999999999999,0.9370006447392522,1,0.07142857142857142
1800,85105,14,0.9369999999999999,0.9370009711286591,1,0.07142857142857142
1801,85119,14,0.9369999999999999,0.9370012119644752,1,0.07142857142857142
1802,85137,18,0.919,0.9190015657260908,1,0.05555555555555555
1803,85151,14,0.9369999999999999,0.9370010480395875,1,0.07142857142857142
1804,85169,18,0.919,0.9190015896483784,1,0.05555555555555555
1805,85187,18,0.919,0.9190017019552381,1,0.05555555555555555
1806,85207,20,0.91,0.9100011914602905,1,0.05
1807,85229,22,0.901,0.9010004549534606,1,0.13636363636363635
1808,85243,14,0.9369999999999999,0.937000594553442,1,0.07142857142857142
1809,85285,42,0.8109999999999999,0.8110006059638244,1,0.023809523809523808
1810,85301,16,0.9279999999999999,0.9279999999999999,1,0.0625
1811,85317,16,0.9279999999999999,0.9279999999999999,1,0.0625
1812,85335,18,0.919,0.919,1,0.05555555555555555
1813,85349,14,0.9369999999999999,0.9369999999999999,1,0.07142857142857142
1814,85363,14,0.9369999999999999,0.9369999999999999,1,0.07142857142857142
1815,85379,16,0.9279999999999999,0.9280000091846828,1,0.0625
1816,85395,16,0.9279999999999999,0.928000337266809,1,0.0625
1817,85409,14,0.9369999999999999,0.9370006784428133,1,0.07142857142857142
1818,85431,22,0.901,0.9010018415831802,1,0.045454545454545456
1819,85445,14,0.9369999999999999,0.9370008603206802,1,0.07142857142857142
1820,85459,14,0.9369999999999999,0.9370009057941467,1,0.07142857142857142
1821,85475,16,0.9279999999999999,0.9280012363385166,1,0.0625
1822,85493,18,0.919,0.9190016309594408,1,0.05555555555555555
1823,85594,101,0.5455,0.5455195620164218,1,0.009900990099009901
1824,85608,14,0.9369999999999999,0.9370016473460839,1,0.07142857142857142
1825,85637,29,0.8694999999999999,0.8695032034844108,1,0.034482758620689655
1826,85654,17,0.9235,0.9235022333162701,1,0.058823529411764705
1827,85674,20,0.91,0.9100020265719913,1,0.05
1828,85692,18,0.919,0.9190017082711887,1,0.05555555555555555
1829,85715,23,0.8965,0.8965012196467256,1,0.043478260869565216
1830,85733,18,0.919,0.9190000933026434,1,0.05555555555555555
1831,85753,20,0.91,0.91,1,0.05
1832,85777,24,0.892,0.892,1,0.041666666666666664
1833,85804,27,0.8785,0.8785,1,0.037037037037037035
1834,85831,27,0.8785,0.8785000994667816,1,0.037037037037037035
1835,85847,16,0.9279999999999999,0.9280003514208409,1,0.0625
1836,85867,20,0.91,0.9100011245923798,1,0.05
1837,85883,16,0.9279999999999999,0.9280027783183025,1,0.0625
1838,85903,20,0.91,0.9100036029358145,1,0.05
1839,85950,47,0.7885,0.7885061666908716,1,0.02127659574468085
1840,85984,34,0.847,0.8470057694392926,1,0.029411764705882353
1841,86002,18,0.919,0.9190021191894996,1,0.05555555555555555
1842,86023,21,0.9055,0.9055000302576144,1,0.047619047619047616
1843,86037,14,0.9369999999999999,0.9370000279956547,1,0.07142857142857142
1844,86051,14,0.9369999999999999,0.9370000225439457,1,0.07142857142857142
1845,86071,20,0.91,0.910000023467702,1,0.05
1846,86085,14,0.9369999999999999,0.9370000348493043,1,0.07142857142857142
1847,86105,20,0.91,0.910000044868082,1,0.15
1848,86122,17,0.9235,0.9235000536353795,1,0.058823529411764705
1849,86147,25,0.8875,0.887500015851604,1,0.04
1850,86163,16,0.9279999999999999,0.9280000026631849,1,0.0625
1851,86190,27,0.8785,0.8785000099792153,1,0.037037037037037035
1852,86206,16,0.9279999999999999,0.9280000519690269,1,0.0625
1853,86224,18,0.919,0.9190000409230249,1,0.05555555555555555
1854,86242,18,0.919,0.9190000151891873,1,0.05555555555555555
1855,86268,26,0.883,0.88300028250246,1,0.038461538461538464
1856,86286,18,0.919,0.9190000378359937,1,0.05555555555555555
1857,86304,18,0.919,0.9190000567874248,1,0.05555555555555555
1858,86329,25,0.8875,0.8875000052343489,1,0.04
1859,86345,16,0.9279999999999999,0.9280000163674347,1,0.0625
1860,86361,16,0.9279999999999999,0.9279999999999999,1,0.0625
1861,86377,16,0.9279999999999999,0.9279999999999999,1,0.0625
1862,86393,16,0.9279999999999999,0.9279999999999999,1,0.0625
1863,86410,17,0.9235,0.9235,1,0.058823529411764705
1864,86430,20,0.91,0.91,1,0.05
1865,86446,16,0.9279999999999999,0.9279999999999999,1,0.0625
1866,86462,16,0.9279999999999999,0.9279999999999999,1,0.0625
1867,86481,19,0.9145,0.9145,1,0.05263157894736842
1868,86501,20,0.91,0.91,1,0.05
1869,86517,16,0.9279999999999999,0.9279999999999999,1,0.0625
1870,86537,20,0.91,0.91,1,0.05
1871,86555,18,0.919,0.919,1,0.05555555555555555
1872,86571,16,0.9279999999999999,0.9279999999999999,1,0.0625
1873,86589,18,0.919,0.919,1,0.05555555555555555
1874,86605,16,0.9279999999999999,0.9279999999999999,1,0.0625
1875,86623,18,0.919,0.9190000309782086,1,0.05555555555555555
1876,86641,18,0.919,0.919,1,0.05555555555555555
1877,86657,16,0.9279999999999999,0.9279999999999999,1,0.0625
1878,86673,16,0.9279999999999999,0.9279999999999999,1,0.0625
1879,86689,16,0.9279999999999999,0.9279999999999999,1,0.0625
1880,86713,24,0.892,0.892,1,0.125
1881,86737,24,0.892,0.892,1,0.041666666666666664
1882,86757,20,0.91,0.91,1,0.05
1883,86779,22,0.901,0.9010000248959539,1,0.045454545454545456
1884,86797,18,0.919,0.919,1,0.05555555555555555
1885,86813,16,0.9279999999999999,0.9279999999999999,1,0.0625
1886,86831,18,0.919,0.919,1,0.05555555555555555
1887,86847,16,0.9279999999999999,0.9279999999999999,1,0.0625
1888,86863,16,0.9279999999999999,0.9279999999999999,1,0.0625
1889,86879,16,0.9279999999999999,0.9279999999999999,1,0.0625
1890,86895,16,0.9279999999999999,0.9279999999999999,1,0.0625
1891,86913,18,0.919,0.919,1,0.16666666666666666
1892,86929,16,0.9279999999999999,0.9279999999999999,1,0.0625
1893,86945,16,0.9279999999999999,0.9279999999999999,1,0.0625
1894,86961,16,0.9279999999999999,0.9279999999999999,1,0.0625
1895,86977,16,0.9279999999999999,0.9279999999999999,1,0.0625
1896,86993,16,0.9279999999999999,0.9279999999999999,1,0.0625
1897,87009,16,0.9279999999999999,0.9280001281945625,1,0.0625
1898,87025,16,0.9279999999999999,0.9280001039042108,1,0.0625
1899,87043,18,0.919,0.9190001016294138,1,0.05555555555555555
1900,87057,14,0.9369999999999999,0.9370001217867836,1,0.07142857142857142
1901,87071,14,0.9369999999999999,0.9370000906316699,1,0.07142857142857142
1902,87087,16,0.9279999999999999,0.9279999999999999,1,0.0625
1903,87103,16,0.9279999999999999,0.9280000279583791,1,0.0625
1904,87117,14,0.9369999999999999,0.9370000362748604,1,0.07142857142857142
1905,87133,16,0.9279999999999999,0.9279999999999999,1,0.0625
1906,87147,14,0.9369999999999999,0.9369999999999999,1,0.07142857142857142
1907,87161,14,0.9369999999999999,0.9370000187650344,1,0.07142857142857142
1908,87177,16,0.9279999999999999,0.9280000016021797,1,0.0625
1909,87191,14,0.9369999999999999,0.9370001328957424,1,0.07142857142857142
1910,87205,14,0.9369999999999999,0.9370000362238914,1,0.07142857142857142
1911,87219,14,0.9369999999999999,0.9370001689950745,1,0.07142857142857142
1912,87233,14,0.9369999999999999,0.9370000900395997,1,0.07142857142857142
1913,87247,14,0.9369999999999999,0.937000028367514,1,0.07142857142857142
1914,87265,18,0.919,0.9190000329946538,1,0.05555555555555555
1915,87279,14,0.9369999999999999,0.9370000597897066,1,0.07142857142857142
1916,87295,16,0.9279999999999999,0.9280001780577968,1,0.0625
1917,87310,15,0.9325,0.932500084374202,1,0.06666666666666667
1918,87326,16,0.9279999999999999,0.9280000482571121,1,0.1875
1919,87342,16,0.9279999999999999,0.9280000565685342,1,0.0625
1920,87356,14,0.9369999999999999,0.9370000633181316,1,0.07142857142857142
1921,87370,14,0.9369999999999999,0.9370001907847142,1,0.07142857142857142
1922,87384,14,0.9369999999999999,0.937000376710229,1,0.07142857142857142
1923,87406,22,0.901,0.901000646411956,1,0.045454545454545456
1924,87424,18,0.919,0.9190007639871113,1,0.05555555555555555
1925,87440,16,0.9279999999999999,0.9280008469843276,1,0.0625
1926,87456,16,0.9279999999999999,0.9280010182687944,1,0.0625
1927,87470,14,0.9369999999999999,0.9370007996840464,1,0.07142857142857142
1928,87486,16,0.9279999999999999,0.9280003922025983,1,0.1875
1929,87501,15,0.9325,0.9325005344496958,1,0.06666666666666667
1930,87515,14,0.9369999999999999,0.9370005451326102,1,0.07142857142857142
1931,87529,14,0.9369999999999999,0.9370003880669081,1,0.07142857142857142
1932,87547,18,0.919,0.9190003250897734,1,0.05555555555555555
1933,87569,22,0.901,0.9010000240728907,1,0.045454545454545456
1934,87587,18,0.919,0.9190001482080391,1,0.05555555555555555
1935,87601,14,0.9369999999999999,0.9370001060373936,1,0.07142857142857142
1936,87615,14,0.9369999999999999,0.9370000751869613,1,0.07142857142857142
1937,87629,14,0.9369999999999999,0.9370001299142257,1,0.07142857142857142
1938,87643,14,0.9369999999999999,0.9370001695606148,1,0.07142857142857142
1939,87659,16,0.9279999999999999,0.928000148189844,1,0.0625
1940,87677,18,0.919,0.9190005321542174,1,0.05555555555555555
1941,87691,14,0.9369999999999999,0.9370003569632636,1,0.07142857142857142
1942,87707,16,0.9279999999999999,0.9280005790609082,1,0.0625
1943,87721,14,0.9369999999999999,0.9370004358494411,1,0.07142857142857142
1944,87735,14,0.9369999999999999,0.9370004614312321,1,0.07142857142857142
1945,87751,16,0.9279999999999999,0.9280002761930483,1,0.0625
1946,87765,14,0.9369999999999999,0.9370002185086246,1,0.07142857142857142
1947,87779,14,0.9369999999999999,0.9370003796629696,1,0.07142857142857142
1948,87795,16,0.9279999999999999,0.9280003852750904,1,0.0625
1949,87811,16,0.9279999999999999,0.9280006591878268,1,0.0625
1950,87835,24,0.892,0.8920009459394149,1,0.4583333333333333
1951,87849,14,0.9369999999999999,0.9370007084652525,1,0.07142857142857142
1952,87863,14,0.9369999999999999,0.9370006852435062,1,0.07142857142857142
1953,87877,14,0.9369999999999999,0.9370004651644324,1,0.07142857142857142
1954,87891,14,0.9369999999999999,0.9370002679028226,1,0.07142857142857142
1955,87905,14,0.9369999999999999,0.9370002047998519,1,0.07142857142857142
1956,87919,14,0.9369999999999999,0.9369999999999999,1,0.07142857142857142
1957,87935,16,0.9279999999999999,0.9280000234677743,1,0.1875
1958,87949,14,0.9369999999999999,0.9370000099329326,1,0.07142857142857142
1959,87963,14,0.9369999999999999,0.9369999999999999,1,0.07142857142857142
1960,87979,16,0.9279999999999999,0.9280000098280966,1,0.0625
1961,87993,14,0.9369999999999999,0.9369999999999999,1,0.07142857142857142
1962,88009,16,0.9279999999999999,0.9280001768667603,1,0.0625
1963,88023,14,0.9369999999999999,0.937000864435338,1,0.07142857142857142
1964,88041,18,0.919,0.9190013138141129,1,0.05555555555555555
1965,88055,14,0.9369999999999999,0.9370011671723727,1,0.07142857142857142
1966,88069,14,0.9369999999999999,0.9370013983061729,1,0.07142857142857142
1967,88083,14,0.9369999999999999,0.9370015027587262,1,0.07142857142857142
1968,88097,14,0.9369999999999999,0.9370015255770445,1,0.07142857142857142
1969,88111,14,0.9369999999999999,0.9370014153298017,1,0.07142857142857142
1970,88127,16,0.9279999999999999,0.9280012806541986,1,0.0625
1971,88143,16,0.9279999999999999,0.928001513817716,1,0.0625
1972,88157,14,0.9369999999999999,0.9370013986230786,1,0.07142857142857142
1973,88175,18,0.919,0.9190024159884653,1,0.16666666666666666
1974,88191,16,0.9279999999999999,0.9280017836430333,1,0.0625
1975,88205,14,0.9369999999999999,0.9370009706124515,1,0.07142857142857142
1976,88219,14,0.9369999999999999,0.9370012778787595,1,0.07142857142857142
1977,88235,16,0.9279999999999999,0.9280017904973641,1,0.0625
1978,88249,14,0.9369999999999999,0.9370015768793211,1,0.07142857142857142
1979,88267,18,0.919,0.9190017934799428,1,0.05555555555555555
1980,88285,18,0.919,0.9190019743335621,1,0.05555555555555555
1981,88299,14,0.9369999999999999,0.9370016232271442,1,0.07142857142857142
1982,88315,16,0.9279999999999999,0.928001930667906,1,0.0625
1983,88329,14,0.9369999999999999,0.9370015405700274,1,0.07142857142857142
1984,88347,18,0.919,0.9190019164578811,1,0.05555555555555555
1985,88362,15,0.9325,0.9325013139632985,1,0.06666666666666667
1986,88376,14,0.9369999999999999,0.9370013069799054,1,0.07142857142857142
1987,88390,14,0.9369999999999999,0.9370009217738453,1,0.07142857142857142
1988,88404,14,0.9369999999999999,0.9370009377318953,1,0.07142857142857142
1989,88418,14,0.9369999999999999,0.9370011545177164,1,0.07142857142857142
1990,88434,16,0.9279999999999999,0.9280013511752622,1,0.0625
1991,88448,14,0.9369999999999999,0.9370009558659487,1,0.07142857142857142
1992,88462,14,0.9369999999999999,0.9370005608378004,1,0.07142857142857142
1993,88476,14,0.9369999999999999,0.9370002118981264,1,0.07142857142857142
1994,88506,30,0.865,0.8650002448019702,1,0.1
1995,88520,14,0.9369999999999999,0.9370000792517779,1,0.07142857142857142
1996,88534,14,0.9369999999999999,0.9370003213263197,1,0.07142857142857142
1997,88550,16,0.9279999999999999,0.9280007161446436,1,0.0625
1998,88564,14,0.9369999999999999,0.9370006067186744,1,0.07142857142857142
1999,88578,14,0.9369999999999999,0.9370007467244659,1,0.07142857142857142
2000,88594,16,0.9279999999999999,0.9280011395372916,1,0.0625
2001,88610,16,0.9279999999999999,0.9280007350241609,1,0.0625
2002,88628,18,0.919,0.9190007037505084,1,0.05555555555555555
2003,88642,14,0.9369999999999999,0.9370006199282401,1,0.07142857142857142
2004,88656,14,0.9369999999999999,0.9370010204678085,1,0.07142857142857142
2005,88670,14,0.9369999999999999,0.9370010479181141,1,0.07142857142857142
2006,88688,18,0.919,0.9190018635491071,1,0.05555555555555555
2007,88704,16,0.9279999999999999,0.9280016893811049,1,0.0625
2008,88720,16,0.9279999999999999,0.9280017558802747,1,0.0625
2009,88734,14,0.9369999999999999,0.937001475337988,1,0.07142857142857142
2010,88748,14,0.9369999999999999,0.9370011513457792,1,0.07142857142857142
2011,88762,14,0.9369999999999999,0.9370012876225913,1,0.07142857142857142
2012,88776,14,0.9369999999999999,0.9370016173699275,1,0.07142857142857142
2013,88790,14,0.9369999999999999,0.9370014759330443,1,0.07142857142857142
2014,88804,14,0.9369999999999999,0.9370014386719436,1,0.07142857142857142
2015,88818,14,0.9369999999999999,0.9370014643820366,1,0.07142857142857142
2016,88832,14,0.9369999999999999,0.9370011297929621,1,0.07142857142857142
2017,88846,14,0.9369999999999999,0.9370011560107322,1,0.07142857142857142
2018,88860,14,0.9369999999999999,0.9370012954345983,1,0.07142857142857142
2019,88874,14,0.9369999999999999,0.9370008539751937,1,0.07142857142857142
2020,88888,14,0.9369999999999999,0.9370006776568162,1,0.07142857142857142
2021,88902,14,0.9369999999999999,0.9370011971513749,1,0.07142857142857142
2022,88916,14,0.9369999999999999,0.9370012262389278,1,0.07142857142857142
2023,88932,16,0.9279999999999999,0.9280012057201183,1,0.0625
2024,88950,18,0.919,0.9190011689522364,1,0.05555555555555555
2025,88968,18,0.919,0.9190010352047876,1,0.05555555555555555
2026,88982,14,0.9369999999999999,0.9370003928402989,1,0.07142857142857142
2027,88996,14,0.9369999999999999,0.9370002019278623,1,0.07142857142857142
2028,89013,17,0.9235,0.9235019358362802,1,0.058823529411764705
2029,89029,16,0.9279999999999999,0.928002174362466,1,0.0625
2030,89045,16,0.9279999999999999,0.9280031109478218,1,0.1875
2031,89059,14,0.9369999999999999,0.9370029222198041,1,0.07142857142857142
2032,89083,24,0.892,0.8920044196486129,1,0.041666666666666664
2033,89099,16,0.9279999999999999,0.9280037799594043,1,0.0625
2034,89129,30,0.865,0.8650069995826618,1,0.03333333333333333
2035,89144,15,0.9325,0.9325042072669991,1,0.06666666666666667
2036,89160,16,0.9279999999999999,0.9280056841181245,1,0.1875
2037,89186,26,0.883,0.8830087432436633,1,0.038461538461538464
2038,89214,28,0.874,0.8740111903162973,1,0.03571428571428571
2039,89230,16,0.9279999999999999,0.9280062396658151,1,0.0625
2040,89244,14,0.9369999999999999,0.937005719246856,1,0.07142857142857142
2041,89258,14,0.9369999999999999,0.9370058012938598,1,0.07142857142857142
2042,89278,20,0.91,0.9100084154444507,1,0.05
2043,89294,16,0.9279999999999999,0.9280068356436961,1,0.1875
2044,89329,35,0.8425,0.8425133305502787,1,0.02857142857142857
2045,89345,16,0.9279999999999999,0.928006632206301,1,0.0625
2046,89367,22,0.901,0.9010087449781788,1,0.045454545454545456
2047,89385,18,0.919,0.9190073412219618,1,0.05555555555555555
2048,89407,22,0.901,0.9010087863521998,1,0.045454545454545456
2049,89426,19,0.9145,0.9145073147869615,1,0.05263157894736842
2050,89440,14,0.9369999999999999,0.937005484416032,1,0.07142857142857142
2051,89470,30,0.865,0.8650110744026142,1,0.03333333333333333
2052,89486,16,0.9279999999999999,0.9280054576368041,1,0.0625
2053,89500,14,0.9369999999999999,0.9370049397592854,1,0.07142857142857142
2054,89520,20,0.91,0.9100065332140737,1,0.05
2055,89534,14,0.9369999999999999,0.9370047587051746,1,0.07142857142857142
2056,89587,53,0.7615,0.7615162272628863,1,0.018867924528301886
2057,89625,38,0.829,0.8290113795605969,1,0.02631578947368421
2058,89650,25,0.8875,0.8875077880074593,1,0.04
2059,89666,16,0.9279999999999999,0.9280047008392648,1,0.0625
2060,89688,22,0.901,0.9010053370693839,1,0.045454545454545456
2061,89708,20,0.91,0.9100034831454855,1,0.05
2062,89734,26,0.883,0.8830025574632501,1,0.038461538461538464
2063,89750,16,0.9279999999999999,0.9280030967028047,1,0.0625
2064,89766,16,0.9279999999999999,0.9280032881218322,1,0.0625
2065,89780,14,0.9369999999999999,0.9370031101571179,1,0.07142857142857142
2066,89798,18,0.919,0.9190026245594998,1,0.05555555555555555
2067,89820,22,0.901,0.9010024815483344,1,0.045454545454545456
2068,89838,18,0.919,0.919004072382624,1,0.05555555555555555
2069,89862,24,0.892,0.8920057222711902,1,0.041666666666666664
2070,89883,21,0.9055,0.9055068573690397,1,0.047619047619047616
2071,89912,29,0.8694999999999999,0.8695102187392046,1,0.034482758620689655
2072,89926,14,0.9369999999999999,0.9370052079591099,1,0.07142857142857142
2073,89946,20,0.91,0.9100066132221923,1,0.05
2074,89972,26,0.883,0.8830099276697989,1,0.038461538461538464
2075,90001,29,0.8694999999999999,0.8695080994170311,1,0.10344827586206896
2076,90017,16,0.9279999999999999,0.9280005621784967,1,0.0625
2077,90031,14,0.9369999999999999,0.9370008948191969,1,0.07142857142857142
2078,90045,14,0.9369999999999999,0.9370009597623261,1,0.07142857142857142
2079,90061,16,0.9279999999999999,0.9280013432636158,1,0.1875
2080,90077,16,0.9279999999999999,0.9280013706878504,1,0.1875
2081,90091,14,0.9369999999999999,0.9370011446700102,1,0.07142857142857142
2082,90107,16,0.9279999999999999,0.928001186255413,1,0.0625
2083,90121,14,0.9369999999999999,0.9370009877463485,1,0.07142857142857142
2084,90135,14,0.9369999999999999,0.9370010331415229,1,0.07142857142857142
2085,90149,14,0.9369999999999999,0.9370010872938735,1,0.07142857142857142
2086,90163,14,0.9369999999999999,0.9370005984623696,1,0.07142857142857142
2087,90177,14,0.9369999999999999,0.9370008972803585,1,0.07142857142857142
2088,90195,18,0.919,0.9190012120953074,1,0.05555555555555555
2089,90209,14,0.9369999999999999,0.9370006773215244,1,0.07142857142857142
2090,90225,16,0.9279999999999999,0.9280006302164729,1,0.0625
2091,90239,14,0.9369999999999999,0.9370004403802247,1,0.07142857142857142
2092,90255,16,0.9279999999999999,0.9280005473056842,1,0.0625
2093,90269,14,0.9369999999999999,0.9370003184642773,1,0.07142857142857142
2094,90283,14,0.9369999999999999,0.9370001823121931,1,0.07142857142857142
2095,90305,22,0.901,0.901,1,0.045454545454545456
2096,90319,14,0.9369999999999999,0.9369999999999999,1,0.07142857142857142
2097,90337,18,0.919,0.919,1,0.05555555555555555
2098,90353,16,0.9279999999999999,0.9279999999999999,1,0.1875
2099,90368,15,0.9325,0.9325,1,0.06666666666666667
2100,90384,16,0.9279999999999999,0.9280000899893632,1,0.0625
2101,90398,14,0.9369999999999999,0.9370001505434379,1,0.07142857142857142
2102,90412,14,0.9369999999999999,0.9370002019497742,1,0.07142857142857142
2103,90426,14,0.9369999999999999,0.93700033696437,1,0.07142857142857142
2104,90442,16,0.9279999999999999,0.9280003622386335,1,0.0625
2105,90457,15,0.9325,0.9325006816915737,1,0.06666666666666667
2106,90471,14,0.9369999999999999,0.9370006903094026,1,0.07142857142857142
2107,90487,16,0.9279999999999999,0.9280006678922982,1,0.0625
2108,90505,18,0.919,0.9190012604354809,1,0.05555555555555555
2109,90519,14,0.9369999999999999,0.9370009636075023,1,0.07142857142857142
2110,90533,14,0.9369999999999999,0.9370008163342495,1,0.07142857142857142
2111,90549,16,0.9279999999999999,0.928001237493861,1,0.0625
2112,90563,14,0.9369999999999999,0.9370010436326628,1,0.07142857142857142
2113,90577,14,0.9369999999999999,0.9370010494999321,1,0.07142857142857142
2114,90591,14,0.9369999999999999,0.9370010989359188,1,0.07142857142857142
2115,90607,16,0.9279999999999999,0.9280013298432853,1,0.0625
2116,90621,14,0.9369999999999999,0.9370011691702758,1,0.07142857142857142
2117,90637,16,0.9279999999999999,0.9280012592704673,1,0.0625
2118,90651,14,0.9369999999999999,0.9370011094611052,1,0.07142857142857142
2119,90665,14,0.9369999999999999,0.9370011432102852,1,0.07142857142857142
2120,90679,14,0.9369999999999999,0.9370010580919299,1,0.07142857142857142
2121,90704,25,0.8875,0.8875019217219327,1,0.04
2122,90720,16,0.9279999999999999,0.9280012020998232,1,0.1875
2123,90734,14,0.9369999999999999,0.9370009736994146,1,0.07142857142857142
2124,90748,14,0.9369999999999999,0.9370009487487428,1,0.07142857142857142
2125,90766,18,0.919,0.9190011845390273,1,0.05555555555555555
2126,90782,16,0.9279999999999999,0.9280007168573867,1,0.0625
2127,90809,27,0.8785,0.8785003605725026,1,0.037037037037037035
2128,90823,14,0.9369999999999999,0.9370000209221419,1,0.07142857142857142
2129,90837,14,0.9369999999999999,0.9369999999999999,1,0.07142857142857142
2130,90851,14,0.9369999999999999,0.9369999999999999,1,0.07142857142857142
2131,90865,14,0.9369999999999999,0.9370000070204333,1,0.07142857142857142
2132,90879,14,0.9369999999999999,0.9370000550252061,1,0.07142857142857142
2133,90893,14,0.9369999999999999,0.9370001923567958,1,0.07142857142857142
2134,90907,14,0.9369999999999999,0.937000033612528,1,0.07142857142857142
2135,90921,14,0.9369999999999999,0.93700030380203,1,0.07142857142857142
2136,90937,16,0.9279999999999999,0.9280002180287823,1,0.0625
2137,90951,14,0.9369999999999999,0.9370002105903366,1,0.07142857142857142
2138,90965,14,0.9369999999999999,0.9369999999999999,1,0.07142857142857142
2139,90979,14,0.9369999999999999,0.9370000130811336,1,0.07142857142857142
2140,90993,14,0.9369999999999999,0.9370000440377589,1,0.07142857142857142
2141,91007,14,0.9369999999999999,0.9370005171612295,1,0.07142857142857142
2142,91021,14,0.9369999999999999,0.9370004845095078,1,0.07142857142857142
2143,91035,14,0.9369999999999999,0.9370004118967448,1,0.07142857142857142
2144,91049,14,0.9369999999999999,0.9370004113523371,1,0.07142857142857142
2145,91063,14,0.9369999999999999,0.9370004088667351,1,0.07142857142857142
2146,91089,26,0.883,0.8830020790119973,1,0.038461538461538464
2147,91103,14,0.9369999999999999,0.9370002921046988,1,0.07142857142857142
2148,91121,18,0.919,0.9190008285253826,1,0.05555555555555555
2149,91139,18,0.919,0.9190011761691292,1,0.05555555555555555
2150,91155,16,0.9279999999999999,0.9280010383674732,1,0.0625
2151,91169,14,0.9369999999999999,0.9370009499327433,1,0.07142857142857142
2152,91185,16,0.9279999999999999,0.9280007860712648,1,0.0625
2153,91199,14,0.9369999999999999,0.9370010214129416,1,0.07142857142857142
2154,91213,14,0.9369999999999999,0.9370009691312925,1,0.07142857142857142
2155,91229,16,0.9279999999999999,0.9280007545725184,1,0.0625
2156,91243,14,0.9369999999999999,0.9370008961380948,1,0.07142857142857142
2157,91261,18,0.919,0.9190007372068227,1,0.05555555555555555
2158,91275,14,0.9369999999999999,0.937000565486612,1,0.07142857142857142
2159,91299,24,0.892,0.8920026977934965,1,0.041666666666666664
2160,91324,25,0.8875,0.8875012576344987,1,0.04
2161,91338,14,0.9369999999999999,0.9370011426349819,1,0.07142857142857142
2162,91361,23,0.8965,0.8965018150517314,1,0.043478260869565216
2163,91375,14,0.9369999999999999,0.9370011093321778,1,0.07142857142857142
2164,91389,14,0.9369999999999999,0.9370012690276741,1,0.07142857142857142
2165,91403,14,0.9369999999999999,0.9370012619899584,1,0.07142857142857142
2166,91419,16,0.9279999999999999,0.9280011087059233,1,0.0625
2167,91433,14,0.9369999999999999,0.9370009964877267,1,0.07142857142857142
2168,91447,14,0.9369999999999999,0.9370012787577318,1,0.07142857142857142
2169,91464,17,0.9235,0.9235016340516791,1,0.058823529411764705
2170,91478,14,0.9369999999999999,0.9370014237650484,1,0.07142857142857142
2171,91497,19,0.9145,0.914501896882261,1,0.05263157894736842
2172,91511,14,0.9369999999999999,0.9370014635986383,1,0.07142857142857142
2173,91525,14,0.9369999999999999,0.9370014347004528,1,0.07142857142857142
2174,91545,20,0.91,0.9100030022666483,1,0.05
2175,91561,16,0.9279999999999999,0.9280015799925617,1,0.1875
2176,91581,20,0.91,0.9100014418924466,1,0.15
2177,91597,16,0.9279999999999999,0.9280003836504945,1,0.0625
2178,91611,14,0.9369999999999999,0.9370002362445148,1,0.07142857142857142
2179,91630,19,0.9145,0.9145003783941276,1,0.05263157894736842
2180,91644,14,0.9369999999999999,0.9370001310925345,1,0.07142857142857142
2181,91660,16,0.9279999999999999,0.9280001333498,1,0.1875
2182,91674,14,0.9369999999999999,0.9370000425450854,1,0.07142857142857142
2183,91688,14,0.9369999999999999,0.9370001164837708,1,0.07142857142857142
2184,91702,14,0.9369999999999999,0.9370001885605942,1,0.07142857142857142
2185,91718,16,0.9279999999999999,0.9280005129544744,1,0.0625
2186,91732,14,0.9369999999999999,0.9370003456186117,1,0.07142857142857142
2187,91746,14,0.9369999999999999,0.9370005201334816,1,0.07142857142857142
2188,91764,18,0.919,0.9190009323996302,1,0.05555555555555555
2189,91782,18,0.919,0.9190010490771596,1,0.05555555555555555
2190,91796,14,0.9369999999999999,0.937000899810094,1,0.07142857142857142
2191,91810,14,0.9369999999999999,0.9370010639054195,1,0.07142857142857142
2192,91826,16,0.9279999999999999,0.9280008442147746,1,0.0625
2193,91842,16,0.9279999999999999,0.9280007910696305,1,0.1875
2194,91857,15,0.9325,0.9325008033235445,1,0.06666666666666667
2195,91873,16,0.9279999999999999,0.9280007435376518,1,0.0625
2196,91887,14,0.9369999999999999,0.9370000763758433,1,0.07142857142857142
2197,91910,23,0.8965,0.8965000302817345,1,0.043478260869565216
2198,91928,18,0.919,0.9190001364452486,1,0.05555555555555555
2199,91942,14,0.9369999999999999,0.9369999999999999,1,0.07142857142857142
2200,91957,15,0.9325,0.9325,1,0.06666666666666667
2201,91971,14,0.9369999999999999,0.9370001304031155,1,0.07142857142857142
2202,91987,16,0.9279999999999999,0.9280002366793975,1,0.0625
2203,92018,31,0.8605,0.860500606723646,1,0.03225806451612903
2204,92038,20,0.91,0.9100005677561686,1,0.05
2205,92054,16,0.9279999999999999,0.9280010303100065,1,0.1875
2206,92069,15,0.9325,0.932501181941491,1,0.06666666666666667
2207,92083,14,0.9369999999999999,0.9370011385216992,1,0.07142857142857142
2208,92097,14,0.9369999999999999,0.9370012482843338,1,0.07142857142857142
2209,92119,22,0.901,0.9010022800630927,1,0.3181818181818182
2210,92137,18,0.919,0.9190018482941287,1,0.05555555555555555
2211,92151,14,0.9369999999999999,0.9370012335816333,1,0.07142857142857142
2212,92165,14,0.9369999999999999,0.9370009486354312,1,0.07142857142857142
2213,92196,31,0.8605,0.8605044876245487,1,0.03225806451612903
2214,92210,14,0.9369999999999999,0.9370011654857933,1,0.07142857142857142
2215,92226,16,0.9279999999999999,0.9280013837407348,1,0.0625
2216,92240,14,0.9369999999999999,0.9370007668885456,1,0.07142857142857142
2217,92254,14,0.9369999999999999,0.9370004756658195,1,0.07142857142857142
2218,92270,16,0.9279999999999999,0.9280009450022367,1,0.0625
2219,92292,22,0.901,0.901001470439309,1,0.045454545454545456
2220,92306,14,0.9369999999999999,0.9370005328725561,1,0.07142857142857142
2221,92322,16,0.9279999999999999,0.92800084827028,1,0.0625
2222,92350,28,0.874,0.87400245102646,1,0.17857142857142858
2223,92364,14,0.9369999999999999,0.9370012860647895,1,0.07142857142857142
2224,92378,14,0.9369999999999999,0.9370006296248995,1,0.07142857142857142
2225,92392,14,0.9369999999999999,0.9370009483235162,1,0.07142857142857142
2226,92406,14,0.9369999999999999,0.9370007330603002,1,0.07142857142857142
2227,92422,16,0.9279999999999999,0.9280009650492735,1,0.0625
2228,92440,18,0.919,0.9190011961593385,1,0.05555555555555555
2229,92454,14,0.9369999999999999,0.9370011975746364,1,0.07142857142857142
2230,92468,14,0.9369999999999999,0.9370012052506547,1,0.07142857142857142
2231,92482,14,0.9369999999999999,0.9370011503908234,1,0.07142857142857142
2232,92501,19,0.9145,0.9145020477885649,1,0.05263157894736842
2233,92517,16,0.9279999999999999,0.9280013840794757,1,0.1875
2234,92533,16,0.9279999999999999,0.9280013709014658,1,0.0625
2235,92551,18,0.919,0.9190011337854994,1,0.16666666666666666
2236,92567,16,0.9279999999999999,0.9280013227615898,1,0.0625
2237,92581,14,0.9369999999999999,0.9370002363073813,1,0.07142857142857142
2238,92595,14,0.9369999999999999,0.9370003328695652,1,0.07142857142857142
2239,92609,14,0.9369999999999999,0.9370004195988333,1,0.07142857142857142
2240,92623,14,0.9369999999999999,0.9370003211278606,1,0.07142857142857142
2241,92715,92,0.586,0.5860019335942026,1,0.043478260869565216
2242,92731,16,0.9279999999999999,0.9280002920372888,1,0.0625
2243,92749,18,0.919,0.9190004527013357,1,0.05555555555555555
2244,92763,14,0.9369999999999999,0.9370002499936223,1,0.07142857142857142
2245,92787,24,0.892,0.8920004582237239,1,0.041666666666666664
2246,92801,14,0.9369999999999999,0.9370003121479441,1,0.07142857142857142
2247,92817,16,0.9279999999999999,0.9280006433566037,1,0.0625
2248,92831,14,0.9369999999999999,0.9370003492105743,1,0.07142857142857142
2249,92845,14,0.9369999999999999,0.9370005293934892,1,0.07142857142857142
2250,92861,16,0.9279999999999999,0.9280005377435953,1,0.1875
2251,92877,16,0.9279999999999999,0.9280005810719743,1,0.0625
2252,92891,14,0.9369999999999999,0.9370004269889154,1,0.07142857142857142
2253,92909,18,0.919,0.9190006909686539,1,0.16666666666666666
2254,92923,14,0.9369999999999999,0.9370005543469389,1,0.07142857142857142
2255,92939,16,0.9279999999999999,0.9280010102818674,1,0.0625
2256,92953,14,0.9369999999999999,0.9370012025785919,1,0.07142857142857142
2257,92967,14,0.9369999999999999,0.9370007021695836,1,0.07142857142857142
2258,92983,16,0.9279999999999999,0.9280007455065965,1,0.0625
2259,92997,14,0.9369999999999999,0.9370003160338942,1,0.07142857142857142
2260,93011,14,0.9369999999999999,0.9370004153267919,1,0.07142857142857142
2261,93025,14,0.9369999999999999,0.9370003639102955,1,0.07142857142857142
2262,93041,16,0.9279999999999999,0.9280003811375671,1,0.1875
2263,93055,14,0.9369999999999999,0.9370001660360051,1,0.07142857142857142
2264,93069,14,0.9369999999999999,0.9370001718351899,1,0.07142857142857142
2265,93083,14,0.9369999999999999,0.9370002390885801,1,0.07142857142857142
2266,93097,14,0.9369999999999999,0.9370002420298621,1,0.07142857142857142
2267,93113,16,0.9279999999999999,0.9280007115161627,1,0.1875
2268,93127,14,0.9369999999999999,0.9370007564583801,1,0.07142857142857142
2269,93141,14,0.9369999999999999,0.9370010888071253,1,0.07142857142857142
2270,93157,16,0.9279999999999999,0.9280011526746125,1,0.0625
2271,93171,14,0.9369999999999999,0.9370013992393822,1,0.07142857142857142
2272,93187,16,0.9279999999999999,0.9280026989255792,1,0.1875
2273,93201,14,0.9369999999999999,0.9370018198076677,1,0.07142857142857142
2274,93215,14,0.9369999999999999,0.9370016540185833,1,0.07142857142857142
2275,93229,14,0.9369999999999999,0.9370015667739202,1,0.07142857142857142
2276,93243,14,0.9369999999999999,0.937001736650335,1,0.07142857142857142
2277,93257,14,0.9369999999999999,0.9370018758056987,1,0.07142857142857142
2278,93271,14,0.9369999999999999,0.9370019226430565,1,0.07142857142857142
2279,93289,18,0.919,0.919002852641835,1,0.05555555555555555
2280,93303,14,0.9369999999999999,0.93700204494937,1,0.07142857142857142
2281,93319,16,0.9279999999999999,0.9280026658386936,1,0.0625
2282,93333,14,0.9369999999999999,0.9370020886860629,1,0.07142857142857142
2283,93347,14,0.9369999999999999,0.9370021312733324,1,0.07142857142857142
2284,93365,18,0.919,0.9190027744217628,1,0.05555555555555555
2285,93379,14,0.9369999999999999,0.9370020714676357,1,0.07142857142857142
2286,93393,14,0.9369999999999999,0.9370021013157378,1,0.07142857142857142
2287,93411,18,0.919,0.9190035016548214,1,0.16666666666666666
2288,93425,14,0.9369999999999999,0.9370021330296875,1,0.07142857142857142
2289,93445,20,0.91,0.9100037956004788,1,0.15
2290,93459,14,0.9369999999999999,0.9370019486388522,1,0.07142857142857142
2291,93473,14,0.9369999999999999,0.9370018579089837,1,0.07142857142857142
2292,93489,16,0.9279999999999999,0.9280018497106999,1,0.0625
2293,93503,14,0.9369999999999999,0.9370016866668832,1,0.07142857142857142
2294,93519,16,0.9279999999999999,0.9280017331359396,1,0.0625
2295,93537,18,0.919,0.9190016160558875,1,0.05555555555555555
2296,93556,19,0.9145,0.9145015106700662,1,0.05263157894736842
2297,93570,14,0.9369999999999999,0.9370003772567804,1,0.07142857142857142
2298,93584,14,0.9369999999999999,0.9370001213636012,1,0.07142857142857142
2299,93598,14,0.9369999999999999,0.9370001453029543,1,0.07142857142857142
2300,93614,16,0.9279999999999999,0.9280001456016899,1,0.0625
2301,93632,18,0.919,0.9190003545768307,1,0.05555555555555555
2302,93646,14,0.9369999999999999,0.9370000496963626,1,0.07142857142857142
2303,93660,14,0.9369999999999999,0.9369999999999999,1,0.07142857142857142
2304,93674,14,0.9369999999999999,0.9370001600750852,1,0.07142857142857142
2305,93690,16,0.9279999999999999,0.928000159404141,1,0.0625
2306,93704,14,0.9369999999999999,0.9370002535019805,1,0.07142857142857142
2307,93718,14,0.9369999999999999,0.9370001008218397,1,0.07142857142857142
2308,93735,17,0.9235,0.9235,1,0.058823529411764705
2309,93753,18,0.919,0.919,1,0.05555555555555555
2310,93767,14,0.9369999999999999,0.9370000330488238,1,0.07142857142857142
2311,93781,14,0.9369999999999999,0.9369999999999999,1,0.07142857142857142
2312,93799,18,0.919,0.9190000547609222,1,0.05555555555555555
2313,93815,16,0.9279999999999999,0.9280002113169922,1,0.0625
2314,93831,16,0.9279999999999999,0.9280006077759902,1,0.0625
2315,93845,14,0.9369999999999999,0.9370010715280787,1,0.07142857142857142
2316,93859,14,0.9369999999999999,0.9370014077897848,1,0.07142857142857142
2317,93877,18,0.919,0.9190023672538985,1,0.05555555555555555
2318,93891,14,0.9369999999999999,0.9370018616697318,1,0.07142857142857142
2319,93907,16,0.9279999999999999,0.9280022025530681,1,0.0625
2320,93923,16,0.9279999999999999,0.9280024413854119,1,0.1875
2321,93939,16,0.9279999999999999,0.9280023988846163,1,0.0625
2322,93955,16,0.9279999999999999,0.9280024276455993,1,0.1875
2323,93969,14,0.9369999999999999,0.9370021445462282,1,0.07142857142857142
2324,93987,18,0.919,0.9190028767105796,1,0.05555555555555555
2325,94001,14,0.9369999999999999,0.9370021187835853,1,0.07142857142857142
2326,94015,14,0.9369999999999999,0.9370000080503771,1,0.07142857142857142
2327,94029,14,0.9369999999999999,0.9370000105994909,1,0.07142857142857142
2328,94043,14,0.9369999999999999,0.9370000072420654,1,0.07142857142857142
2329,94057,14,0.9369999999999999,0.9370000104201271,1,0.07142857142857142
2330,94071,14,0.9369999999999999,0.9370000091453075,1,0.07142857142857142
2331,94113,42,0.8109999999999999,0.8110000180507597,1,0.023809523809523808
2332,94141,28,0.874,0.8740000081463551,1,0.03571428571428571
2333,94157,16,0.9279999999999999,0.928000006206278,1,0.0625
2334,94173,16,0.9279999999999999,0.9280000022999121,1,0.0625
2335,94189,16,0.9279999999999999,0.9280000017379642,1,0.0625
2336,94207,18,0.919,0.9190000010391183,1,0.05555555555555555
2337,94221,14,0.9369999999999999,0.9369999999999999,1,0.07142857142857142
2338,94235,14,0.9369999999999999,0.9369999999999999,1,0.07142857142857142
2339,94255,20,0.91,0.91,1,0.05
2340,94277,22,0.901,0.901,1,0.045454545454545456
2341,94305,28,0.874,0.874,1,0.03571428571428571
2342,94319,14,0.9369999999999999,0.9369999999999999,1,0.07142857142857142
2343,94333,14,0.9369999999999999,0.9369999999999999,1,0.07142857142857142
2344,94356,23,0.8965,0.8965,1,0.043478260869565216
2345,94379,23,0.8965,0.8965,1,0.043478260869565216
2346,94400,21,0.9055,0.9055,1,0.047619047619047616
2347,94438,38,0.829,0.829,1,0.02631578947368421
2348,94467,29,0.8694999999999999,0.8694999999999999,1,0.034482758620689655
2349,94489,22,0.901,0.901,1,0.045454545454545456
2350,94513,24,0.892,0.892,1,0.041666666666666664
2351,94527,14,0.9369999999999999,0.9369999999999999,1,0.07142857142857142
2352,94561,34,0.847,0.847,1,0.08823529411764706
2353,94593,32,0.856,0.856,1,0.03125
2354,94791,198,0.10899999999999999,0.10900002696364094,1,0.23737373737373738
2355,94813,22,0.901,0.901,1,0.045454545454545456
2356,94831,18,0.919,0.919,1,0.05555555555555555
2357,94953,122,0.45099999999999996,0.4510000060911596,1,0.00819672131147541
2358,95036,83,0.6265000000000001,0.6265006484429575,1,0.6867469879518072
2359,95052,16,0.9279999999999999,0.9280000295934784,1,0.1875
2360,95070,18,0.919,0.919000133843787,1,0.16666666666666666
2361,95084,14,0.9369999999999999,0.937000028355366,1,0.07142857142857142
2362,95098,14,0.9369999999999999,0.9370000112257776,1,0.07142857142857142
2363,95114,16,0.9279999999999999,0.9280000232006851,1,0.0625
2364,95128,14,0.9369999999999999,0.937000045728475,1,0.07142857142857142
2365,95148,20,0.91,0.91,1,0.05
2366,95164,16,0.9279999999999999,0.9279999999999999,1,0.1875
2367,95178,14,0.9369999999999999,0.9369999999999999,1,0.07142857142857142
2368,95194,16,0.9279999999999999,0.9279999999999999,1,0.0625
2369,95210,16,0.9279999999999999,0.9279999999999999,1,0.0625
2370,95226,16,0.9279999999999999,0.9280000022284824,1,0.1875
2371,95240,14,0.9369999999999999,0.9370000469694197,1,0.07142857142857142
2372,95254,14,0.9369999999999999,0.9370001219641898,1,0.07142857142857142
2373,95268,14,0.9369999999999999,0.9370001463371046,1,0.07142857142857142
2374,95282,14,0.9369999999999999,0.937000222572292,1,0.07142857142857142
2375,95300,18,0.919,0.9190006395863409,1,0.05555555555555555
2376,95314,14,0.9369999999999999,0.937000476609104,1,0.07142857142857142
2377,95330,16,0.9279999999999999,0.9280005221890509,1,0.0625
2378,95348,18,0.919,0.9190007830629792,1,0.05555555555555555
2379,95362,14,0.9369999999999999,0.9370006590060402,1,0.07142857142857142
2380,95376,14,0.9369999999999999,0.9370002195899935,1,0.07142857142857142
2381,95390,14,0.9369999999999999,0.9370000732642126,1,0.07142857142857142
2382,95404,14,0.9369999999999999,0.9370001189434913,1,0.07142857142857142
2383,95418,14,0.9369999999999999,0.9370000887336711,1,0.07142857142857142
2384,95434,16,0.9279999999999999,0.9280000117217782,1,0.0625
2385,95452,18,0.919,0.9190000776713994,1,0.2777777777777778
2386,95466,14,0.9369999999999999,0.9369999999999999,1,0.07142857142857142
2387,95480,14,0.9369999999999999,0.9369999999999999,1,0.07142857142857142
2388,95500,20,0.91,0.9100000323817392,1,0.05
2389,95520,20,0.91,0.9100000370907797,1,0.05
2390,95534,14,0.9369999999999999,0.9370000319646048,1,0.07142857142857142
2391,95554,20,0.91,0.9100000836545534,1,0.05
2392,95568,14,0.9369999999999999,0.9370001416881908,1,0.07142857142857142
2393,95582,14,0.9369999999999999,0.9370001541193169,1,0.07142857142857142
2394,95596,14,0.9369999999999999,0.9370001560687736,1,0.07142857142857142
2395,95610,14,0.9369999999999999,0.9370001007778197,1,0.07142857142857142
2396,95624,14,0.9369999999999999,0.9370001339545375,1,0.07142857142857142
2397,95640,16,0.9279999999999999,0.9280001493684888,1,0.1875
2398,95654,14,0.9369999999999999,0.9369999999999999,1,0.07142857142857142
2399,95668,14,0.9369999999999999,0.9369999999999999,1,0.07142857142857142
2400,95682,14,0.9369999999999999,0.9369999999999999,1,0.07142857142857142
2401,95696,14,0.9369999999999999,0.9370001003850856,1,0.07142857142857142
2402,95710,14,0.9369999999999999,0.937000164591908,1,0.07142857142857142
2403,95732,22,0.901,0.9010013129386817,1,0.4090909090909091
2404,95748,16,0.9279999999999999,0.9280005018453874,1,0.0625
2405,95762,14,0.9369999999999999,0.9370003542008787,1,0.07142857142857142
2406,95776,14,0.9369999999999999,0.9370005085416611,1,0.07142857142857142
2407,95790,14,0.9369999999999999,0.9370004030465976,1,0.07142857142857142
2408,95804,14,0.9369999999999999,0.9370001951664916,1,0.07142857142857142
2409,95820,16,0.9279999999999999,0.9280003863604964,1,0.0625
2410,95834,14,0.9369999999999999,0.9370002185480321,1,0.07142857142857142
2411,95852,18,0.919,0.9190002246132115,1,0.2777777777777778
2412,95868,16,0.9279999999999999,0.9280001309430868,1,0.0625
2413,95884,16,0.9279999999999999,0.9280000081413288,1,0.0625
2414,95898,14,0.9369999999999999,0.9370000144219903,1,0.07142857142857142
2415,95916,18,0.919,0.9190000348228126,1,0.05555555555555555
2416,95930,14,0.9369999999999999,0.9370000449392704,1,0.07142857142857142
2417,95946,16,0.9279999999999999,0.9280000443844186,1,0.1875
2418,95960,14,0.9369999999999999,0.9369999999999999,1,0.07142857142857142
2419,95974,14,0.9369999999999999,0.9369999999999999,1,0.07142857142857142
2420,95988,14,0.9369999999999999,0.9369999999999999,1,0.07142857142857142
2421,96002,14,0.9369999999999999,0.9370000614336517,1,0.07142857142857142
2422,96018,16,0.9279999999999999,0.9280007677496,1,0.1875
2423,96032,14,0.9369999999999999,0.937000248764002,1,0.07142857142857142
2424,96048,16,0.9279999999999999,0.9280001768427129,1,0.0625
2425,96062,14,0.9369999999999999,0.9370005094103704,1,0.07142857142857142
2426,96076,14,0.9369999999999999,0.9370004325550427,1,0.07142857142857142
2427,96092,16,0.9279999999999999,0.9280006396526957,1,0.0625
2428,96106,14,0.9369999999999999,0.9370012683129005,1,0.07142857142857142
2429,96124,18,0.919,0.9190021803112924,1,0.16666666666666666
2430,96140,16,0.9279999999999999,0.9280030312310471,1,0.0625
2431,96158,18,0.919,0.9190025254177835,1,0.05555555555555555
2432,96172,14,0.9369999999999999,0.9370020569447796,1,0.07142857142857142
2433,96188,16,0.9279999999999999,0.9280023244069121,1,0.0625
2434,96204,16,0.9279999999999999,0.9280023236659258,1,0.0625
2435,96220,16,0.9279999999999999,0.9280021684876906,1,0.0625
2436,96236,16,0.9279999999999999,0.9280037159517079,1,0.0625
2437,96250,14,0.9369999999999999,0.9370020389798202,1,0.07142857142857142
2438,96264,14,0.9369999999999999,0.9370020120060699,1,0.07142857142857142
2439,96278,14,0.9369999999999999,0.937001995318002,1,0.07142857142857142
2440,96294,16,0.9279999999999999,0.9280024121482292,1,0.0625
2441,96310,16,0.9279999999999999,0.9280024769910962,1,0.0625
2442,96324,14,0.9369999999999999,0.9370022151714411,1,0.07142857142857142
2443,96338,14,0.9369999999999999,0.9370020485596119,1,0.07142857142857142
2444,96354,16,0.9279999999999999,0.928002068423068,1,0.0625
2445,96370,16,0.9279999999999999,0.9280022259791734,1,0.0625
2446,96384,14,0.9369999999999999,0.9370020031929934,1,0.07142857142857142
2447,96400,16,0.9279999999999999,0.9280020583858899,1,0.0625
2448,96418,18,0.919,0.9190025635224405,1,0.05555555555555555
2449,96434,16,0.9279999999999999,0.9280022579261982,1,0.0625
2450,96453,19,0.9145,0.9145029116214053,1,0.05263157894736842
2451,96467,14,0.9369999999999999,0.9370020888914292,1,0.07142857142857142
2452,96481,14,0.9369999999999999,0.9370021017850528,1,0.07142857142857142
2453,96495,14,0.9369999999999999,0.9370021389646858,1,0.07142857142857142
2454,96511,16,0.9279999999999999,0.9280026397484024,1,0.0625
2455,96527,16,0.9279999999999999,0.9280040696406374,1,0.0625
2456,96543,16,0.9279999999999999,0.9280025304912433,1,0.0625
2457,96559,16,0.9279999999999999,0.9280024209234776,1,0.1875
2458,96575,16,0.9279999999999999,0.9280026274751512,1,0.0625
2459,96589,14,0.9369999999999999,0.9370020782649332,1,0.07142857142857142
2460,96605,16,0.9279999999999999,0.9280025984619376,1,0.0625
2461,96621,16,0.9279999999999999,0.9280018305826234,1,0.0625
2462,96635,14,0.9369999999999999,0.9370017650365283,1,0.07142857142857142
2463,96649,14,0.9369999999999999,0.9370009695456332,1,0.07142857142857142
2464,96665,16,0.9279999999999999,0.9280009414969848,1,0.0625
2465,96679,14,0.9369999999999999,0.937000047774858,1,0.07142857142857142
2466,96693,14,0.9369999999999999,0.9370000437046458,1,0.07142857142857142
2467,96709,16,0.9279999999999999,0.9279999999999999,1,0.0625
2468,96723,14,0.9369999999999999,0.9370000025041777,1,0.07142857142857142
2469,96737,14,0.9369999999999999,0.9370000487017033,1,0.07142857142857142
2470,96751,14,0.9369999999999999,0.9369999999999999,1,0.07142857142857142
2471,96765,14,0.9369999999999999,0.9369999999999999,1,0.07142857142857142
2472,96779,14,0.9369999999999999,0.9370000386309328,1,0.07142857142857142
2473,96793,14,0.9369999999999999,0.9369999999999999,1,0.07142857142857142
2474,96809,16,0.9279999999999999,0.9280000325647336,1,0.0625
2475,96823,14,0.9369999999999999,0.9370003914599645,1,0.07142857142857142
2476,96839,16,0.9279999999999999,0.9280007703088826,1,0.0625
2477,96857,18,0.919,0.9190016871757407,1,0.05555555555555555
2478,96871,14,0.9369999999999999,0.9370010073666731,1,0.07142857142857142
2479,96887,16,0.9279999999999999,0.9280013888297852,1,0.0625
2480,96901,14,0.9369999999999999,0.9370002298625854,1,0.07142857142857142
2481,96927,26,0.883,0.8830007601420836,1,0.038461538461538464
2482,96941,14,0.9369999999999999,0.9370007611032876,1,0.07142857142857142
2483,96959,18,0.919,0.9190015293267993,1,0.05555555555555555
2484,96973,14,0.9369999999999999,0.937001486488377,1,0.07142857142857142
2485,96989,16,0.9279999999999999,0.9280024598481575,1,0.0625
2486,97005,16,0.9279999999999999,0.9280015346708531,1,0.0625
2487,97023,18,0.919,0.9190003760441824,1,0.05555555555555555
2488,97037,14,0.9369999999999999,0.9370002465493016,1,0.07142857142857142
2489,97051,14,0.9369999999999999,0.93700020591005,1,0.07142857142857142
2490,97065,14,0.9369999999999999,0.9370002463541621,1,0.07142857142857142
2491,97079,14,0.9369999999999999,0.9370002301082156,1,0.07142857142857142
2492,97095,16,0.9279999999999999,0.928000342522612,1,0.0625
2493,97109,14,0.9369999999999999,0.9370002671778632,1,0.07142857142857142
2494,97126,17,0.9235,0.9235003997885052,1,0.058823529411764705
2495,97144,18,0.919,0.9190005313144253,1,0.05555555555555555
2496,97162,18,0.919,0.9190005787540063,1,0.05555555555555555
2497,97178,16,0.9279999999999999,0.9280005371567124,1,0.0625
2498,97194,16,0.9279999999999999,0.9280004404127995,1,0.0625
2499,97210,16,0.9279999999999999,0.9280004623903255,1,0.0625
2500,97224,14,0.9369999999999999,0.937000457373446,1,0.07142857142857142
2501,97238,14,0.9369999999999999,0.9370004465377184,1,0.07142857142857142
2502,97252,14,0.9369999999999999,0.937000462246198,1,0.07142857142857142
2503,97268,16,0.9279999999999999,0.9280005744259865,1,0.0625
2504,97282,14,0.9369999999999999,0.9370005190666483,1,0.07142857142857142
2505,97298,16,0.9279999999999999,0.9280004632767962,1,0.0625
2506,97314,16,0.9279999999999999,0.928000596944958,1,0.0625
2507,97328,14,0.9369999999999999,0.9370004565493879,1,0.07142857142857142
2508,97342,14,0.9369999999999999,0.9370004001458178,1,0.07142857142857142
2509,97356,14,0.9369999999999999,0.9370003647342341,1,0.07142857142857142
2510,97392,36,0.838,0.8380003358119426,1,0.027777777777777776
2511,97408,16,0.9279999999999999,0.9280000783228003,1,0.0625
2512,97423,15,0.9325,0.9325000550001564,1,0.06666666666666667
2513,97437,14,0.9369999999999999,0.9370000471551003,1,0.07142857142857142
2514,97453,16,0.9279999999999999,0.9280000295034868,1,0.0625
2515,97467,14,0.9369999999999999,0.9369999999999999,1,0.07142857142857142
2516,97481,14,0.9369999999999999,0.937000043517286,1,0.07142857142857142
2517,97495,14,0.9369999999999999,0.9370000033817043,1,0.07142857142857142
2518,97509,14,0.9369999999999999,0.9369999999999999,1,0.07142857142857142
2519,97525,16,0.9279999999999999,0.9279999999999999,1,0.0625
2520,97539,14,0.9369999999999999,0.9369999999999999,1,0.07142857142857142
2521,97555,16,0.9279999999999999,0.9279999999999999,1,0.0625
2522,97573,18,0.919,0.919,1,0.05555555555555555
2523,97587,14,0.9369999999999999,0.9369999999999999,1,0.07142857142857142
2524,97603,16,0.9279999999999999,0.9279999999999999,1,0.0625
2525,97617,14,0.9369999999999999,0.9369999999999999,1,0.07142857142857142
2526,97637,20,0.91,0.91,1,0.05
2527,97652,15,0.9325,0.9325000185193184,1,0.06666666666666667
2528,97670,18,0.919,0.9190000090553051,1,0.05555555555555555
2529,97684,14,0.9369999999999999,0.9370001080626317,1,0.07142857142857142
2530,97702,18,0.919,0.919000124610026,1,0.05555555555555555
2531,97716,14,0.9369999999999999,0.9370001657610748,1,0.07142857142857142
2532,97730,14,0.9369999999999999,0.9370002163902634,1,0.07142857142857142
2533,97744,14,0.9369999999999999,0.9370001813327041,1,0.07142857142857142
2534,97758,14,0.9369999999999999,0.9370000943866705,1,0.07142857142857142
2535,97772,14,0.9369999999999999,0.93700009053045,1,0.07142857142857142
2536,97786,14,0.9369999999999999,0.9370000895074476,1,0.07142857142857142
2537,97802,16,0.9279999999999999,0.9280001496095427,1,0.0625
2538,97816,14,0.9369999999999999,0.9369999999999999,1,0.07142857142857142
2539,97830,14,0.9369999999999999,0.9370000029021309,1,0.07142857142857142
2540,97873,43,0.8065,0.8065003732189999,1,0.11627906976744186
2541,97889,16,0.9279999999999999,0.9280000361819614,1,0.0625
2542,97913,24,0.892,0.8920000337680563,1,0.041666666666666664
2543,97927,14,0.9369999999999999,0.9369999999999999,1,0.07142857142857142
2544,98012,85,0.6174999999999999,0.6175009771135408,1,0.011764705882352941
2545,98026,14,0.9369999999999999,0.9370005963197497,1,0.07142857142857142
2546,98040,14,0.9369999999999999,0.9370004214962763,1,0.07142857142857142
2547,98056,16,0.9279999999999999,0.9280005113260148,1,0.0625
2548,98070,14,0.9369999999999999,0.9370002878541623,1,0.07142857142857142
2549,98084,14,0.9369999999999999,0.9370002717094194,1,0.07142857142857142
2550,98100,16,0.9279999999999999,0.9280002796119026,1,0.0625
2551,98116,16,0.9279999999999999,0.9280005395069197,1,0.0625
2552,98130,14,0.9369999999999999,0.9370008971044314,1,0.07142857142857142
2553,98174,44,0.802,0.8020032101534988,1,0.022727272727272728
2554,98188,14,0.9369999999999999,0.9370012086331901,1,0.07142857142857142
2555,98202,14,0.9369999999999999,0.9370013949659833,1,0.07142857142857142
2556,98216,14,0.9369999999999999,0.9370012873174371,1,0.07142857142857142
2557,98230,14,0.9369999999999999,0.9370012693218185,1,0.07142857142857142
2558,98246,16,0.9279999999999999,0.928001659338944,1,0.0625
2559,98260,14,0.9369999999999999,0.9370016844296868,1,0.07142857142857142
2560,98274,14,0.9369999999999999,0.9370016823135544,1,0.07142857142857142
2561,98292,18,0.919,0.919002395028169,1,0.05555555555555555
2562,98308,16,0.9279999999999999,0.9280022534376783,1,0.0625
2563,98322,14,0.9369999999999999,0.9370017883115282,1,0.07142857142857142
2564,98336,14,0.9369999999999999,0.9370016544405418,1,0.07142857142857142
2565,98350,14,0.9369999999999999,0.9370011131747413,1,0.07142857142857142
2566,98364,14,0.9369999999999999,0.9370007441955397,1,0.07142857142857142
2567,98388,24,0.892,0.892000905651956,1,0.041666666666666664
2568,98402,14,0.9369999999999999,0.9370002150210162,1,0.07142857142857142
2569,98416,14,0.9369999999999999,0.9370000017511477,1,0.07142857142857142
2570,98430,14,0.9369999999999999,0.9369999999999999,1,0.07142857142857142
2571,98446,16,0.9279999999999999,0.9280003322622813,1,0.0625
2572,98462,16,0.9279999999999999,0.9280003871765417,1,0.1875
2573,98484,22,0.901,0.901000593377978,1,0.045454545454545456
2574,98526,42,0.8109999999999999,0.8110019237366443,1,0.023809523809523808
2575,98540,14,0.9369999999999999,0.9370009697931319,1,0.07142857142857142
2576,98560,20,0.91,0.9100005904287893,1,0.05
2577,98574,14,0.9369999999999999,0.9370004149425538,1,0.07142857142857142
2578,98588,14,0.9369999999999999,0.9370001803672472,1,0.07142857142857142
2579,98604,16,0.9279999999999999,0.9280003859205294,1,0.0625
2580,98618,14,0.9369999999999999,0.9370000419428425,1,0.07142857142857142
2581,98632,14,0.9369999999999999,0.9370000417998765,1,0.07142857142857142
2582,98646,14,0.9369999999999999,0.9370002644467188,1,0.07142857142857142
2583,98660,14,0.9369999999999999,0.9370003657502274,1,0.07142857142857142
2584,98676,16,0.9279999999999999,0.9280003282218321,1,0.0625
2585,98690,14,0.9369999999999999,0.9370002549358343,1,0.07142857142857142
2586,98706,16,0.9279999999999999,0.9280008382285022,1,0.0625
2587,98720,14,0.9369999999999999,0.9370013046086536,1,0.07142857142857142
2588,98750,30,0.865,0.8650015299069427,1,0.03333333333333333
2589,98766,16,0.9279999999999999,0.9280009709792507,1,0.0625
2590,98790,24,0.892,0.8920010975819164,1,0.041666666666666664
2591,98804,14,0.9369999999999999,0.9370012690779914,1,0.07142857142857142
2592,98824,20,0.91,0.9100016616316821,1,0.15
2593,98840,16,0.9279999999999999,0.9280009162076874,1,0.0625
2594,98856,16,0.9279999999999999,0.9280015801743633,1,0.0625
2595,98874,18,0.919,0.9190019838365641,1,0.16666666666666666
2596,98890,16,0.9279999999999999,0.9280020172553866,1,0.0625
2597,98904,14,0.9369999999999999,0.9370018264109571,1,0.07142857142857142
2598,98918,14,0.9369999999999999,0.937001902758933,1,0.07142857142857142
2599,98934,16,0.9279999999999999,0.9280022465688801,1,0.0625
2600,98954,20,0.91,0.9100025785835152,1,0.05
2601,98968,14,0.9369999999999999,0.9370020098809101,1,0.07142857142857142
2602,98990,22,0.901,0.9010032483556821,1,0.045454545454545456
2603,99007,17,0.9235,0.923501319409106,1,0.058823529411764705
2604,99035,28,0.874,0.8740002571174953,1,0.03571428571428571
2605,99051,16,0.9279999999999999,0.9280000737875977,1,0.0625
2606,99083,32,0.856,0.8560002196300586,1,0.03125
2607,99115,32,0.856,0.8560003077539982,1,0.03125
2608,99145,30,0.865,0.865000279644138,1,0.03333333333333333
2609,99159,14,0.9369999999999999,0.937000000972551,1,0.07142857142857142
2610,99194,35,0.8425,0.8425002045868224,1,0.08571428571428572
2611,99212,18,0.919,0.919,1,0.05555555555555555
2612,99240,28,0.874,0.874,1,0.03571428571428571
2613,99278,38,0.829,0.829,1,0.02631578947368421
2614,99292,14,0.9369999999999999,0.9369999999999999,1,0.07142857142857142
2615,99316,24,0.892,0.892,1,0.041666666666666664
2616,99356,40,0.82,0.82,1,0.025
2617,99394,38,0.829,0.829,1,0.02631578947368421
2618,99418,24,0.892,0.892,1,0.041666666666666664
2619,99442,24,0.892,0.892,1,0.041666666666666664
2620,99484,42,0.8109999999999999,0.8109999999999999,1,0.023809523809523808
2621,99498,14,0.9369999999999999,0.9369999999999999,1,0.07142857142857142
2622,99512,14,0.9369999999999999,0.9369999999999999,1,0.07142857142857142
2623,99546,34,0.847,0.8470000322563871,1,0.029411764705882353
2624,99560,14,0.9369999999999999,0.9370000082331409,1,0.07142857142857142
2625,99582,22,0.901,0.9010001116406439,1,0.045454545454545456
2626,99600,18,0.919,0.9190000958960989,1,0.05555555555555555
2627,99641,41,0.8155,0.8155003667476198,1,0.024390243902439025
2628,99671,30,0.865,0.8650004183942768,1,0.1
2629,99685,14,0.9369999999999999,0.9370001274961005,1,0.07142857142857142
2630,99721,36,0.838,0.8380008006897859,1,0.027777777777777776
2631,99797,76,0.6579999999999999,0.6580012139073548,1,0.013157894736842105
2632,99821,24,0.892,0.8920000932964123,1,0.041666666666666664
2633,99865,44,0.802,0.8020002294186028,1,0.022727272727272728
2634,99887,22,0.901,0.901,1,0.045454545454545456
2635,99901,14,0.9369999999999999,0.9369999999999999,1,0.07142857142857142
2636,99925,24,0.892,0.892,1,0.041666666666666664
2637,99953,28,0.874,0.874,1,0.03571428571428571
2638,99969,16,0.9279999999999999,0.9279999999999999,1,0.0625
2639,99991,22,0.901,0.901,1,0.045454545454545456
