episode,end_step,length,extrinsic_return,shaped_return,success,tv_fraction
0,200,200,0.0,0.0,0,0.29
1,400,200,0.0,0.0,0,0.12
2,600,200,0.0,0.0,0,0.155
3,800,200,0.0,0.0,0,0.085
4,1000,200,0.0,0.0,0,0.285
5,1200,200,0.0,8.055535488867768,0,0.14
6,1400,200,0.0,5.142159656963863,0,0.03
7,1600,200,0.0,4.375263187062829,0,0.03
8,1782,182,0.18099999999999994,3.954132634529197,1,0.07692307692307693
9,1982,200,0.0,4.0334850929704,0,0.04
10,2182,200,0.0,0.4116040777067138,0,0.075
11,2382,200,0.0,0.01094876013296893,0,0.155
12,2574,192,0.136,0.14604744350429097,1,0.036458333333333336
13,2774,200,0.0,0.016880918552579723,0,0.17
14,2974,200,0.0,0.023502067211088117,0,0.015
15,3174,200,0.0,0.0032848188018164753,0,0.345
16,3374,200,0.0,0.0048597285846511485,0,0.09
17,3574,200,0.0,0.0035997597558013743,0,0.03
18,3774,200,0.0,0.004919953990224255,0,0.02
19,3974,200,0.0,0.012420046201226921,0,0.03
20,4174,200,0.0,0.002485288050567044,0,0.175
21,4374,200,0.0,0.0015996431999675488,0,0.22
22,4574,200,0.0,0.0036955620443890748,0,0.13
23,4774,200,0.0,0.004529517831932806,0,0.045
24,4974,200,0.0,0.006115336903310166,0,0.005
25,5174,200,0.0,0.0008140074652353084,0,0.155
26,5374,200,0.0,0.001197039577001242,0,0.355
27,5574,200,0.0,0.0012118781773312146,0,0.1
28,5774,200,0.0,0.002259174329825865,0,0.21
29,5974,200,0.0,0.0034471481231496477,0,0.065
30,6174,200,0.0,0.0005814609602498319,0,0.16
31,6374,200,0.0,0.0007321050412720643,0,0.13
32,6574,200,0.0,0.0018039911518666438,0,0.11
33,6774,200,0.0,0.0012597130187635846,0,0.17
34,6974,200,0.0,0.002265844746981898,0,0.06
35,7174,200,0.0,0.0005835568750728674,0,0.385
36,7354,180,0.18999999999999995,0.19101042890480824,1,0.07222222222222222
37,7554,200,0.0,0.00108383773386701,0,0.365
38,7754,200,0.0,0.0011707838532620202,0,0.33
39,7954,200,0.0,0.0012469346363983753,0,0.065
40,8154,200,0.0,0.00033811091180804424,0,0.13
41,8354,200,0.0,0.0007014662458030229,0,0.335
42,8554,200,0.0,0.0010827431651591144,0,0.56
43,8754,200,0.0,0.002556562889424313,0,0.095
44,8935,181,0.1855,0.18732615426768734,1,0.11049723756906077
45,9135,200,0.0,0.0007580031688861822,0,0.265
46,9335,200,0.0,0.0005858303485796352,0,0.42
47,9404,69,0.6895,0.6900111174506096,1,0.07246376811594203
48,9604,200,0.0,0.0005977847298232828,0,0.205
49,9766,162,0.2709999999999999,0.2734632744913144,1,0.09259259259259259
50,9966,200,0.0,0.0006700051976475808,0,0.135
51,10166,200,0.0,0.0005986772107704435,0,0.075
52,10366,200,0.0,0.00046878605717743874,0,0.175
53,10442,76,0.6579999999999999,0.658584256225741,1,0.15789473684210525
54,10642,200,0.0,0.0007214031014340966,0,0.195
55,10805,163,0.26650000000000007,0.2678351695001719,1,0.0736196319018405
56,11005,200,0.0,0.001679084797218878,0,0.14
57,11097,92,0.586,0.5861172672414874,1,0.07608695652173914
58,11297,200,0.0,0.0009189855073692617,0,0.035
59,11497,200,0.0,0.0005529411724726572,0,0.105
60,11697,200,0.0,0.0003947037218926569,0,0.285
61,11897,200,0.0,0.000596247433614849,0,0.375
62,12097,200,0.0,0.0003090047227385592,0,0.145
63,12155,58,0.739,0.7391167137393398,1,0.034482758620689655
64,12355,200,0.0,0.00026224193254140133,0,0.205
65,12555,200,0.0,0.0005293032646030582,0,0.145
66,12755,200,0.0,0.0009773900052190007,0,0.06
67,12955,200,0.0,0.000850745093200561,0,0.005
68,13096,141,0.36550000000000005,0.36585542070295546,1,0.0070921985815602835
69,13296,200,0.0,0.00039401997188899426,0,0.26
70,13496,200,0.0,0.00042395038389080926,0,0.35
71,13536,40,0.82,0.8201036175434118,1,0.025
72,13736,200,0.0,0.0006036887016207349,0,0.39
73,13936,200,0.0,0.0008129210998321439,0,0.18
74,14136,200,0.0,0.0004698976787810904,0,0.065
75,14336,200,0.0,0.0004697443254693868,0,0.05
76,14536,200,0.0,0.0004961905552756953,0,0.155
77,14736,200,0.0,0.0006301280280748152,0,0.03
78,14790,54,0.757,0.7570866266472276,1,0.018518518518518517
79,14990,200,0.0,0.0008743398255337628,0,0.205
80,15190,200,0.0,0.0002401027864452355,0,0.04
81,15390,200,0.0,0.00036083753240032774,0,0.205
82,15434,44,0.802,0.8020655733897378,1,0.38636363636363635
83,15557,123,0.4465,0.4468522571488901,1,0.04878048780487805
84,15722,165,0.25750000000000006,0.25845005082856015,1,0.01818181818181818
85,15862,140,0.37,0.3704872523272676,1,0.14285714285714285
86,16062,200,0.0,0.0006093406116113336,0,0.45
87,16187,125,0.4375,0.4377520382373163,1,0.024
88,16281,94,0.577,0.5771982960745079,1,0.02127659574468085
89,16403,122,0.45099999999999996,0.4511029442425022,1,0.08196721311475409
90,16463,60,0.73,0.7302801404014154,1,0.03333333333333333
91,16502,39,0.8245,0.8245815205050665,1,0.10256410256410256
92,16590,88,0.604,0.6041550603409578,1,0.03409090909090909
93,16790,200,0.0,0.00028925582384059273,0,0.24
94,16922,132,0.4059999999999999,0.4062980054189596,1,0.12878787878787878
95,17000,78,0.649,0.6491013356179639,1,0.038461538461538464
96,17133,133,0.40149999999999997,0.40166258039691904,1,0.007518796992481203
97,17242,109,0.5095,0.5098228669870872,1,0.08256880733944955
98,17394,152,0.31599999999999995,0.31616693866872525,1,0.039473684210526314
99,17508,114,0.487,0.4872661034838959,1,0.3508771929824561
100,17552,44,0.802,0.8021675583685088,1,0.06818181818181818
101,17623,71,0.6805,0.6807466095341187,1,0.1267605633802817
102,17702,79,0.6445,0.6449249653870152,1,0.10126582278481013
103,17819,117,0.47350000000000003,0.47404694231308164,1,0.15384615384615385
104,17849,30,0.865,0.8652107937528425,1,0.03333333333333333
105,17883,34,0.847,0.8472035307990801,1,0.14705882352941177
106,17934,51,0.7705,0.7705908510550863,1,0.058823529411764705
107,18051,117,0.47350000000000003,0.4736313097973027,1,0.13675213675213677
108,18183,132,0.4059999999999999,0.4060932446702906,1,0.045454545454545456
109,18256,73,0.6715,0.6715746487105138,1,0.0684931506849315
110,18290,34,0.847,0.8470642022722183,1,0.20588235294117646
111,18398,108,0.514,0.5142267427311632,1,0.18518518518518517
112,18515,117,0.47350000000000003,0.4737089678457155,1,0.15384615384615385
113,18609,94,0.577,0.5772655773296524,1,0.0425531914893617
114,18689,80,0.6399999999999999,0.6402549203721462,1,0.125
115,18759,70,0.685,0.6855293640878658,1,0.07142857142857142
116,18809,50,0.775,0.775154668866651,1,0.1
117,18846,37,0.8335,0.8335507287880242,1,0.08108108108108109
118,18957,111,0.5005,0.5009686899326413,1,0.036036036036036036
119,19019,62,0.721,0.7210963751525706,1,0.0967741935483871
120,19142,123,0.4465,0.4467103092808755,1,0.14634146341463414
121,19227,85,0.6174999999999999,0.6175655303602733,1,0.047058823529411764
122,19346,119,0.4645,0.464642909016171,1,0.24369747899159663
123,19428,82,0.631,0.6311130759298763,1,0.2073170731707317
124,19530,102,0.5409999999999999,0.5415276808906143,1,0.029411764705882353
125,19711,181,0.1855,0.18571666675614182,1,0.11602209944751381
126,19801,90,0.595,0.5958473310443159,1,0.06666666666666667
127,19965,164,0.262,0.2631422854123911,1,0.04878048780487805
128,20093,128,0.42399999999999993,0.42408218402581926,1,0.015625
129,20118,25,0.8875,0.8875281550866618,1,0.08
130,20202,84,0.622,0.6221846088075411,1,0.011904761904761904
131,20278,76,0.6579999999999999,0.658067336434582,1,0.039473684210526314
132,20330,52,0.766,0.7660779289243939,1,0.11538461538461539
133,20398,68,0.694,0.694240598097847,1,0.11764705882352941
134,20476,78,0.649,0.6491366029683951,1,0.11538461538461539
135,20556,80,0.6399999999999999,0.6400947695179666,1,0.0375
136,20626,70,0.685,0.6851297869530077,1,0.1
137,20683,57,0.7435,0.7435762664739008,1,0.03508771929824561
138,20767,84,0.622,0.622164455858028,1,0.09523809523809523
139,20828,61,0.7255,0.7257810865912903,1,0.11475409836065574
140,20875,47,0.7885,0.7886058761578182,1,0.06382978723404255
141,20914,39,0.8245,0.8246432725602311,1,0.05128205128205128
142,20987,73,0.6715,0.6720587775439292,1,0.0821917808219178
143,21113,126,0.43299999999999994,0.4331647865092189,1,0.007936507936507936
144,21261,148,0.33399999999999996,0.3341858640425081,1,0.0945945945945946
145,21292,31,0.8605,0.8605786174693116,1,0.03225806451612903
146,21325,33,0.8514999999999999,0.8515287680710073,1,0.09090909090909091
147,21364,39,0.8245,0.8245701241178286,1,0.3076923076923077
148,21420,56,0.748,0.748052919960811,1,0.017857142857142856
149,21526,106,0.5229999999999999,0.5231290148445145,1,0.16981132075471697
150,21580,54,0.757,0.7571043609064122,1,0.037037037037037035
151,21662,82,0.631,0.6312961037748742,1,0.036585365853658534
152,21732,70,0.685,0.6851204200890326,1,0.22857142857142856
153,21853,121,0.4555,0.455828850545063,1,0.2231404958677686
154,21903,50,0.775,0.7751188697727326,1,0.02
155,21962,59,0.7344999999999999,0.734678418530433,1,0.11864406779661017
156,21985,23,0.8965,0.8965153018524731,1,0.043478260869565216
157,22106,121,0.4555,0.45575107527310293,1,0.2396694214876033
158,22146,40,0.82,0.8200450928531644,1,0.075
159,22187,41,0.8155,0.8155892368954777,1,0.0975609756097561
160,22274,87,0.6085,0.6086401031340547,1,0.12643678160919541
161,22322,48,0.784,0.7840468295634697,1,0.020833333333333332
162,22348,26,0.883,0.8830087995852518,1,0.11538461538461539
163,22406,58,0.739,0.7390188983300278,1,0.017241379310344827
164,22435,29,0.8694999999999999,0.8695527731205722,1,0.20689655172413793
165,22481,46,0.7929999999999999,0.7930949379403268,1,0.06521739130434782
166,22510,29,0.8694999999999999,0.8695271951589059,1,0.20689655172413793
167,22710,200,0.0,0.0001583132100690092,0,0.11
168,22805,95,0.5725,0.5726402905675786,1,0.17894736842105263
169,22874,69,0.6895,0.6896163886733695,1,0.08695652173913043
170,22987,113,0.49150000000000005,0.4917023990072199,1,0.21238938053097345
171,23173,186,0.16299999999999992,0.16313341030727208,1,0.04838709677419355
172,23217,44,0.802,0.8020406940754486,1,0.09090909090909091
173,23253,36,0.838,0.8380249937116262,1,0.027777777777777776
174,23314,61,0.7255,0.72553676936577,1,0.04918032786885246
175,23353,39,0.8245,0.8245236551964361,1,0.07692307692307693
176,23396,43,0.8065,0.806555496615664,1,0.046511627906976744
177,23451,55,0.7525,0.7525430081122474,1,0.05454545454545454
178,23486,35,0.8425,0.8425141793181896,1,0.02857142857142857
179,23520,34,0.847,0.8470339149640137,1,0.029411764705882353
180,23720,200,0.0,0.00022201639021018029,0,0.135
181,23753,33,0.8514999999999999,0.851571247262357,1,0.24242424242424243
182,23953,200,0.0,9.045030119875573e-05,0,0.015
183,24053,100,0.55,0.5500274707605185,1,0.01
184,24076,23,0.8965,0.8965216145564456,1,0.043478260869565216
185,24128,52,0.766,0.7660052957273095,1,0.019230769230769232
186,24168,40,0.82,0.820019231086276,1,0.025
187,24203,35,0.8425,0.8425456814367341,1,0.02857142857142857
188,24243,40,0.82,0.820022689211443,1,0.025
189,24394,151,0.3205,0.3206184238876403,1,0.09933774834437085
190,24433,39,0.8245,0.8245142916462344,1,0.07692307692307693
191,24474,41,0.8155,0.8155418282750223,1,0.024390243902439025
192,24548,74,0.667,0.6670497491350993,1,0.04054054054054054
193,24582,34,0.847,0.8470412704669336,1,0.17647058823529413
194,24677,95,0.5725,0.5725933973244592,1,0.021052631578947368
195,24716,39,0.8245,0.8245324984650007,1,0.07692307692307693
196,24749,33,0.8514999999999999,0.8515545106755827,1,0.12121212121212122
197,24809,60,0.73,0.730022251948874,1,0.016666666666666666
198,24909,100,0.55,0.5501222057201735,1,0.04
199,25014,105,0.5275,0.5275649576457122,1,0.009523809523809525
200,25050,36,0.838,0.8380305508850967,1,0.027777777777777776
201,25120,70,0.685,0.6850756432750769,1,0.22857142857142856
202,25168,48,0.784,0.7840408417339964,1,0.020833333333333332
203,25221,53,0.7615,0.7616009849475581,1,0.018867924528301886
204,25264,43,0.8065,0.8065382415417616,1,0.023255813953488372
205,25290,26,0.883,0.883103501575003,1,0.34615384615384615
206,25308,18,0.919,0.9190215589712964,1,0.05555555555555555
207,25361,53,0.7615,0.7615877285888644,1,0.07547169811320754
208,25417,56,0.748,0.7480622592442351,1,0.03571428571428571
209,25483,66,0.703,0.7030820854039267,1,0.09090909090909091
210,25531,48,0.784,0.7840343717428673,1,0.020833333333333332
211,25572,41,0.8155,0.8155597196123618,1,0.024390243902439025
212,25638,66,0.703,0.7030581824254546,1,0.015151515151515152
213,25671,33,0.8514999999999999,0.8515699336266661,1,0.21212121212121213
214,25716,45,0.7975,0.7975877757054278,1,0.022222222222222223
215,25792,76,0.6579999999999999,0.6581384198715623,1,0.11842105263157894
216,25862,70,0.685,0.6850488619165089,1,0.014285714285714285
217,25908,46,0.7929999999999999,0.7930397079216915,1,0.043478260869565216
218,25963,55,0.7525,0.7525404218334182,1,0.01818181818181818
219,26093,130,0.4149999999999999,0.41526246371077297,1,0.33076923076923076
220,26148,55,0.7525,0.7525120176729012,1,0.05454545454545454
221,26198,50,0.775,0.7750297868961934,1,0.06
222,26266,68,0.694,0.6941048820551449,1,0.19117647058823528
223,26294,28,0.874,0.8740099823957866,1,0.03571428571428571
224,26445,151,0.3205,0.3206321468247346,1,0.039735099337748346
225,26475,30,0.865,0.8650428229456578,1,0.03333333333333333
226,26516,41,0.8155,0.8155383069471379,1,0.024390243902439025
227,26559,43,0.8065,0.8065455965196808,1,0.11627906976744186
228,26583,24,0.892,0.8920529481402922,1,0.08333333333333333
229,26637,54,0.757,0.7570983852645229,1,0.018518518518518517
230,26660,23,0.8965,0.8965255845896318,1,0.043478260869565216
231,26696,36,0.838,0.8380112742644523,1,0.027777777777777776
232,26758,62,0.721,0.7211197804430277,1,0.06451612903225806
233,26958,200,0.0,0.0003716300329478115,0,0.03
234,27021,63,0.7164999999999999,0.7165938777224913,1,0.015873015873015872
235,27087,66,0.703,0.7030211438591779,1,0.015151515151515152
236,27138,51,0.7705,0.7705409649879686,1,0.09803921568627451
237,27168,30,0.865,0.8650355474029393,1,0.1
238,27209,41,0.8155,0.8155409500531403,1,0.12195121951219512
239,27241,32,0.856,0.8560129560052605,1,0.03125
240,27285,44,0.802,0.8020470907253203,1,0.06818181818181818
241,27325,40,0.82,0.8200315844416077,1,0.175
242,27383,58,0.739,0.7390314301978635,1,0.1206896551724138
243,27417,34,0.847,0.8470206355149279,1,0.029411764705882353
244,27444,27,0.8785,0.8785121374643564,1,0.1111111111111111
245,27458,14,0.9369999999999999,0.9370129192379885,1,0.07142857142857142
246,27513,55,0.7525,0.7525269319240263,1,0.01818181818181818
247,27537,24,0.892,0.8920247955801368,1,0.041666666666666664
248,27608,71,0.6805,0.6807148118549758,1,0.056338028169014086
249,27649,41,0.8155,0.8155550410345616,1,0.0975609756097561
250,27680,31,0.8605,0.8605434545384057,1,0.03225806451612903
251,27712,32,0.856,0.8560195630974639,1,0.03125
252,27740,28,0.874,0.8740364078893943,1,0.10714285714285714
253,27851,111,0.5005,0.500589523833461,1,0.0990990990990991
254,27881,30,0.865,0.8650250771297591,1,0.1
255,27921,40,0.82,0.8200187754815327,1,0.025
256,28014,93,0.5814999999999999,0.5819365970430086,1,0.021505376344086023
257,28172,158,0.2889999999999999,0.2890414565080989,1,0.006329113924050633
258,28218,46,0.7929999999999999,0.793027612405483,1,0.021739130434782608
259,28418,200,0.0,9.376575123738417e-05,0,0.005
260,28499,81,0.6355,0.6355783999174683,1,0.012345679012345678
261,28653,154,0.30699999999999994,0.3071151009053333,1,0.006493506493506494
262,28709,56,0.748,0.7480514587710394,1,0.05357142857142857
263,28756,47,0.7885,0.7885433871737615,1,0.06382978723404255
264,28789,33,0.8514999999999999,0.8515392023743455,1,0.06060606060606061
265,28877,88,0.604,0.6040735652730188,1,0.03409090909090909
266,28914,37,0.8335,0.8335281621520101,1,0.02702702702702703
267,28950,36,0.838,0.8380337310978129,1,0.08333333333333333
268,29026,76,0.6579999999999999,0.6580573139629483,1,0.05263157894736842
269,29086,60,0.73,0.7300211593445269,1,0.08333333333333333
270,29174,88,0.604,0.6040656749331961,1,0.19318181818181818
271,29331,157,0.2935,0.2936079429211543,1,0.07006369426751592
272,29399,68,0.694,0.6940944975701041,1,0.2647058823529412
273,29574,175,0.21250000000000002,0.21268428753138055,1,0.22857142857142856
274,29626,52,0.766,0.7660365090412211,1,0.1346153846153846
275,29798,172,0.22599999999999998,0.2261565735556687,1,0.2441860465116279
276,29831,33,0.8514999999999999,0.8515387516213064,1,0.09090909090909091
277,29931,100,0.55,0.5501016985969535,1,0.13
278,29962,31,0.8605,0.8605200750044446,1,0.0967741935483871
279,30025,63,0.7164999999999999,0.7165193539897367,1,0.015873015873015872
280,30089,64,0.712,0.712037101013627,1,0.109375
281,30128,39,0.8245,0.8245107794171633,1,0.02564102564102564
282,30221,93,0.5814999999999999,0.5815792341787885,1,0.010752688172043012
283,30265,44,0.802,0.8020787544747962,1,0.1590909090909091
284,30279,14,0.9369999999999999,0.9370017271678387,1,0.07142857142857142
285,30327,48,0.784,0.7840413430023199,1,0.0625
286,30358,31,0.8605,0.8605200243375785,1,0.03225806451612903
287,30405,47,0.7885,0.7886063164772567,1,0.23404255319148937
288,30477,72,0.6759999999999999,0.676056180174555,1,0.013888888888888888
289,30542,65,0.7075,0.7075614339594574,1,0.12307692307692308
290,30569,27,0.8785,0.8785200621727737,1,0.1111111111111111
291,30594,25,0.8875,0.8875186902290292,1,0.04
292,30612,18,0.919,0.9190162091486793,1,0.05555555555555555
293,30648,36,0.838,0.8380390910488172,1,0.08333333333333333
294,30697,49,0.7795,0.7795181503625611,1,0.02040816326530612
295,30737,40,0.82,0.8200349122093968,1,0.025
296,30836,99,0.5545,0.5545877033526077,1,0.050505050505050504
297,30935,99,0.5545,0.5546618802809925,1,0.010101010101010102
298,30995,60,0.73,0.7300224843833423,1,0.016666666666666666
299,31068,73,0.6715,0.6715392238714177,1,0.0136986301369863
300,31114,46,0.7929999999999999,0.793059767823469,1,0.4782608695652174
301,31152,38,0.829,0.829027054503982,1,0.05263157894736842
302,31182,30,0.865,0.8650403001165472,1,0.23333333333333334
303,31266,84,0.622,0.6221992420908098,1,0.15476190476190477
304,31372,106,0.5229999999999999,0.5231882680724605,1,0.009433962264150943
305,31466,94,0.577,0.5771137319166482,1,0.14893617021276595
306,31502,36,0.838,0.8380295016283972,1,0.19444444444444445
307,31572,70,0.685,0.6850301550133399,1,0.014285714285714285
308,31602,30,0.865,0.8650395151590928,1,0.23333333333333334
309,31638,36,0.838,0.838054010964628,1,0.1388888888888889
310,31662,24,0.892,0.8920122993756018,1,0.041666666666666664
311,31781,119,0.4645,0.4647891738164188,1,0.3697478991596639
312,31838,57,0.7435,0.7436141776124011,1,0.2631578947368421
313,31862,24,0.892,0.8920295530385506,1,0.2916666666666667
314,31890,28,0.874,0.8740296301993723,1,0.10714285714285714
315,32027,137,0.38349999999999995,0.38369555467161626,1,0.15328467153284672
316,32065,38,0.829,0.8290106073077808,1,0.10526315789473684
317,32100,35,0.8425,0.8425142318393813,1,0.08571428571428572
318,32129,29,0.8694999999999999,0.8695311405350139,1,0.1724137931034483
319,32162,33,0.8514999999999999,0.8515213277759534,1,0.18181818181818182
320,32186,24,0.892,0.8920102258598634,1,0.041666666666666664
321,32226,40,0.82,0.8200304492195405,1,0.225
322,32291,65,0.7075,0.7075322941394045,1,0.09230769230769231
323,32310,19,0.9145,0.9145148433469578,1,0.05263157894736842
324,32328,18,0.919,0.919002583744232,1,0.05555555555555555
325,32360,32,0.856,0.8560459446112387,1,0.03125
326,32382,22,0.901,0.9010011852483178,1,0.045454545454545456
327,32404,22,0.901,0.9010193249485167,1,0.13636363636363635
328,32426,22,0.901,0.9010026456964948,1,0.13636363636363635
329,32457,31,0.8605,0.860569432003239,1,0.3225806451612903
330,32657,200,0.0,5.9820014855207674e-05,0,0.01
331,32693,36,0.838,0.8380513776309514,1,0.027777777777777776
332,32711,18,0.919,0.9190250930514655,1,0.05555555555555555
333,32737,26,0.883,0.8830271051411368,1,0.038461538461538464
334,32755,18,0.919,0.9190120575369651,1,0.05555555555555555
335,32801,46,0.7929999999999999,0.7930985363513536,1,0.32608695652173914
336,32826,25,0.8875,0.88751933821268,1,0.12
337,32855,29,0.8694999999999999,0.8695075386837582,1,0.034482758620689655
338,32923,68,0.694,0.6942447818336823,1,0.014705882352941176
339,32971,48,0.784,0.7840217297591584,1,0.020833333333333332
340,32996,25,0.8875,0.8875059431253648,1,0.04
341,33046,50,0.775,0.7750313566241569,1,0.06
342,33086,40,0.82,0.8200332810516222,1,0.225
343,33144,58,0.739,0.7390149855030763,1,0.017241379310344827
344,33182,38,0.829,0.8290050163838681,1,0.02631578947368421
345,33208,26,0.883,0.8830050445466487,1,0.038461538461538464
346,33230,22,0.901,0.9010016952580306,1,0.045454545454545456
347,33263,33,0.8514999999999999,0.8515096866330991,1,0.030303030303030304
348,33279,16,0.9279999999999999,0.9280066741232567,1,0.1875
349,33379,100,0.55,0.5500991211471101,1,0.04
350,33397,18,0.919,0.9190039064141716,1,0.05555555555555555
351,33430,33,0.8514999999999999,0.8515124469849655,1,0.030303030303030304
352,33454,24,0.892,0.892023941449298,1,0.125
353,33478,24,0.892,0.8920290100610171,1,0.041666666666666664
354,33500,22,0.901,0.9010069219636778,1,0.045454545454545456
355,33700,200,0.0,8.303600723848563e-05,0,0.01
356,33729,29,0.8694999999999999,0.8695166863888917,1,0.034482758620689655
357,33763,34,0.847,0.8470099995281843,1,0.029411764705882353
358,33799,36,0.838,0.8380255477413648,1,0.027777777777777776
359,33821,22,0.901,0.9010048693624203,1,0.045454545454545456
360,33940,119,0.4645,0.4646200109345831,1,0.025210084033613446
361,33985,45,0.7975,0.7975171053434632,1,0.022222222222222223
362,34030,45,0.7975,0.7975239790131445,1,0.022222222222222223
363,34046,16,0.9279999999999999,0.9280193390566679,1,0.0625
364,34060,14,0.9369999999999999,0.9370169944523158,1,0.07142857142857142
365,34094,34,0.847,0.8470318130884371,1,0.029411764705882353
366,34140,46,0.7929999999999999,0.7930436019193261,1,0.021739130434782608
367,34167,27,0.8785,0.8785284885579441,1,0.037037037037037035
368,34259,92,0.586,0.5860803844771708,1,0.010869565217391304
369,34290,31,0.8605,0.860518426271245,1,0.03225806451612903
370,34379,89,0.5994999999999999,0.5996459159647268,1,0.12359550561797752
371,34425,46,0.7929999999999999,0.7930324702836361,1,0.06521739130434782
372,34448,23,0.8965,0.8965591582551379,1,0.13043478260869565
373,34502,54,0.757,0.7570672579633025,1,0.05555555555555555
374,34600,98,0.5589999999999999,0.5591480634226591,1,0.10204081632653061
375,34633,33,0.8514999999999999,0.8515855258438347,1,0.36363636363636365
376,34725,92,0.586,0.5861508658458473,1,0.11956521739130435
377,34766,41,0.8155,0.8155574631737801,1,0.04878048780487805
378,34814,48,0.784,0.7840742223934681,1,0.020833333333333332
379,34846,32,0.856,0.8560330278776918,1,0.125
380,34895,49,0.7795,0.7795802228814128,1,0.10204081632653061
381,34917,22,0.901,0.9010266568286659,1,0.13636363636363635
382,34961,44,0.802,0.8020522854265889,1,0.022727272727272728
383,35011,50,0.775,0.7750677113283075,1,0.04
384,35072,61,0.7255,0.7255494682051273,1,0.03278688524590164
385,35088,16,0.9279999999999999,0.9280050358375627,1,0.0625
386,35132,44,0.802,0.8020344050659443,1,0.13636363636363635
387,35184,52,0.766,0.7660509972695921,1,0.21153846153846154
388,35207,23,0.8965,0.896524542800325,1,0.08695652173913043
389,35237,30,0.865,0.8650187291624054,1,0.06666666666666667
390,35256,19,0.9145,0.9145605659649706,1,0.10526315789473684
391,35323,67,0.6984999999999999,0.6985613459077693,1,0.029850746268656716
392,35379,56,0.748,0.7481436725699775,1,0.14285714285714285
393,35419,40,0.82,0.8200615488912896,1,0.1
394,35442,23,0.8965,0.8965296723657566,1,0.08695652173913043
395,35470,28,0.874,0.8740205163229128,1,0.07142857142857142
396,35491,21,0.9055,0.9055145178649587,1,0.09523809523809523
397,35655,164,0.262,0.2621421231007036,1,0.024390243902439025
398,35728,73,0.6715,0.6715588712737258,1,0.0547945205479452
399,35824,96,0.5680000000000001,0.5681440254313677,1,0.10416666666666667
400,35895,71,0.6805,0.6806684401881846,1,0.056338028169014086
401,35969,74,0.667,0.6671098706078233,1,0.02702702702702703
402,36012,43,0.8065,0.8066173553340397,1,0.18604651162790697
403,36034,22,0.901,0.9010064187817005,1,0.045454545454545456
404,36073,39,0.8245,0.8245119059860859,1,0.05128205128205128
405,36219,146,0.34299999999999997,0.3430723961174654,1,0.0136986301369863
406,36292,73,0.6715,0.6715445988116218,1,0.0273972602739726
407,36341,49,0.7795,0.7795873547211981,1,0.08163265306122448
408,36540,199,0.10450000000000004,0.10553961362693329,1,0.010050251256281407
409,36740,200,0.0,0.00463574409626404,0,0.01
410,36790,50,0.775,0.7750671984792694,1,0.12
411,36813,23,0.8965,0.8965283899170207,1,0.13043478260869565
412,36870,57,0.7435,0.7436065235455885,1,0.19298245614035087
413,36923,53,0.7615,0.7615652053551873,1,0.1509433962264151
414,37081,158,0.2889999999999999,0.2901422705274375,1,0.02531645569620253
415,37110,29,0.8694999999999999,0.8695114049449642,1,0.034482758620689655
416,37158,48,0.784,0.7840783733309319,1,0.20833333333333334
417,37296,138,0.379,0.3791185840831256,1,0.16666666666666666
418,37371,75,0.6625,0.6625607570164782,1,0.13333333333333333
419,37565,194,0.127,0.1272179818243355,1,0.23195876288659795
420,37765,200,0.0,0.000402677864794759,0,0.365
421,37779,14,0.9369999999999999,0.9370036404514156,1,0.07142857142857142
422,37801,22,0.901,0.9010058957338553,1,0.045454545454545456
423,37851,50,0.775,0.7750261265101542,1,0.02
424,37918,67,0.6984999999999999,0.6987110847447215,1,0.3880597014925373
425,38085,167,0.24850000000000005,0.248682749455185,1,0.23353293413173654
426,38103,18,0.919,0.9190040594602322,1,0.16666666666666666
427,38150,47,0.7885,0.7886476984860372,1,0.3404255319148936
428,38166,16,0.9279999999999999,0.9280031161033859,1,0.0625
429,38182,16,0.9279999999999999,0.9280096363203587,1,0.1875
430,38200,18,0.919,0.9190037831380228,1,0.05555555555555555
431,38223,23,0.8965,0.8965034793892921,1,0.043478260869565216
432,38245,22,0.901,0.9010188383694819,1,0.045454545454545456
433,38270,25,0.8875,0.88751124943652,1,0.04
434,38290,20,0.91,0.9100140287810319,1,0.05
435,38318,28,0.874,0.874040269588449,1,0.5357142857142857
436,38334,16,0.9279999999999999,0.9280020610514153,1,0.0625
437,38360,26,0.883,0.8830206579870695,1,0.11538461538461539
438,38380,20,0.91,0.9100122602927097,1,0.05
439,38398,18,0.919,0.9190032018396455,1,0.05555555555555555
440,38428,30,0.865,0.8650096849819282,1,0.03333333333333333
441,38476,48,0.784,0.7841937815721142,1,0.4375
442,38492,16,0.9279999999999999,0.9280035723229179,1,0.0625
443,38516,24,0.892,0.8920088808590989,1,0.041666666666666664
444,38536,20,0.91,0.910017685363733,1,0.15
445,38576,40,0.82,0.8200548288727356,1,0.05
446,38590,14,0.9369999999999999,0.9370038410486484,1,0.07142857142857142
447,38610,20,0.91,0.9100357753919829,1,0.15
448,38626,16,0.9279999999999999,0.9280059759468776,1,0.0625
449,38652,26,0.883,0.8830389273873456,1,0.11538461538461539
450,38670,18,0.919,0.9190154919524516,1,0.16666666666666666
451,38686,16,0.9279999999999999,0.9280201217075386,1,0.0625
452,38704,18,0.919,0.9190115216866098,1,0.05555555555555555
453,38718,14,0.9369999999999999,0.9370219813994872,1,0.07142857142857142
454,38738,20,0.91,0.9100481446701603,1,0.25
455,38756,18,0.919,0.9190153808864862,1,0.05555555555555555
456,38774,18,0.919,0.9190039944327881,1,0.05555555555555555
457,38792,18,0.919,0.9190135741293337,1,0.05555555555555555
458,38821,29,0.8694999999999999,0.8695103484832664,1,0.034482758620689655
459,38841,20,0.91,0.9100170035496492,1,0.05
460,38893,52,0.766,0.7662873860355621,1,0.6153846153846154
461,38917,24,0.892,0.8920193370892278,1,0.20833333333333334
462,38937,20,0.91,0.9100170536455428,1,0.05
463,38957,20,0.91,0.9100031548883246,1,0.15
464,38992,35,0.8425,0.8425646289503218,1,0.2
465,39021,29,0.8694999999999999,0.8695050836189413,1,0.034482758620689655
466,39037,16,0.9279999999999999,0.9280049786087241,1,0.0625
467,39059,22,0.901,0.9010078324471891,1,0.22727272727272727
468,39081,22,0.901,0.901005526382051,1,0.045454545454545456
469,39095,14,0.9369999999999999,0.9370247292788728,1,0.07142857142857142
470,39113,18,0.919,0.9190154451162739,1,0.2777777777777778
471,39133,20,0.91,0.9100099971260113,1,0.05
472,39155,22,0.901,0.9010077459795465,1,0.045454545454545456
473,39173,18,0.919,0.9190105963447848,1,0.2777777777777778
474,39197,24,0.892,0.8920052393851856,1,0.041666666666666664
475,39217,20,0.91,0.9100058273388525,1,0.05
476,39237,20,0.91,0.9100034820344847,1,0.05
477,39279,42,0.8109999999999999,0.8110304751654792,1,0.023809523809523808
478,39311,32,0.856,0.8560168962880893,1,0.03125
479,39335,24,0.892,0.8920082178638776,1,0.041666666666666664
480,39349,14,0.9369999999999999,0.9370070786404069,1,0.07142857142857142
481,39371,22,0.901,0.901057120998359,1,0.22727272727272727
482,39387,16,0.9279999999999999,0.9280036850500699,1,0.0625
483,39407,20,0.91,0.9100402401477586,1,0.25
484,39428,21,0.9055,0.905526361821481,1,0.23809523809523808
485,39446,18,0.919,0.9190421405419064,1,0.2777777777777778
486,39474,28,0.874,0.8740299004336599,1,0.32142857142857145
487,39492,18,0.919,0.9190018166034237,1,0.05555555555555555
488,39508,16,0.9279999999999999,0.928018299914125,1,0.0625
489,39532,24,0.892,0.8920050660780829,1,0.041666666666666664
490,39556,24,0.892,0.8920059540844604,1,0.041666666666666664
491,39582,26,0.883,0.8830079206351088,1,0.038461538461538464
492,39602,20,0.91,0.9100159923555237,1,0.05
493,39630,28,0.874,0.8740232737850155,1,0.10714285714285714
494,39655,25,0.8875,0.8875146891092118,1,0.04
495,39684,29,0.8694999999999999,0.8695140435621417,1,0.034482758620689655
496,39705,21,0.9055,0.9055080229290994,1,0.047619047619047616
497,39731,26,0.883,0.8830343185253714,1,0.11538461538461539
498,39753,22,0.901,0.9010319551928538,1,0.045454545454545456
499,39775,22,0.901,0.9010063665465732,1,0.045454545454545456
500,39793,18,0.919,0.9190089481935625,1,0.16666666666666666
501,39828,35,0.8425,0.8425060478904937,1,0.02857142857142857
502,39858,30,0.865,0.865033511156352,1,0.36666666666666664
503,39872,14,0.9369999999999999,0.9370174392905158,1,0.07142857142857142
504,39892,20,0.91,0.9100053401953612,1,0.05
505,39909,17,0.9235,0.9235056282897259,1,0.058823529411764705
506,39927,18,0.919,0.9190319988704823,1,0.16666666666666666
507,39945,18,0.919,0.9190087639385118,1,0.05555555555555555
508,39967,22,0.901,0.9010086305166365,1,0.045454545454545456
509,39987,20,0.91,0.9100047190075375,1,0.05
510,40013,26,0.883,0.8830081256833285,1,0.19230769230769232
511,40033,20,0.91,0.9100034484700005,1,0.05
512,40057,24,0.892,0.8920118722051272,1,0.041666666666666664
513,40077,20,0.91,0.9100097965436522,1,0.05
514,40101,24,0.892,0.8920099307177847,1,0.041666666666666664
515,40122,21,0.9055,0.9055086578675199,1,0.047619047619047616
516,40138,16,0.9279999999999999,0.9280104880545053,1,0.0625
517,40158,20,0.91,0.9100089906759598,1,0.05
518,40176,18,0.919,0.9190114443743023,1,0.05555555555555555
519,40192,16,0.9279999999999999,0.9280078091449534,1,0.0625
520,40214,22,0.901,0.9010309049153107,1,0.22727272727272727
521,40228,14,0.9369999999999999,0.9370062385841875,1,0.07142857142857142
522,40244,16,0.9279999999999999,0.9280093928433879,1,0.0625
523,40262,18,0.919,0.9190360736539355,1,0.05555555555555555
524,40276,14,0.9369999999999999,0.9370100451965232,1,0.07142857142857142
525,40292,16,0.9279999999999999,0.9280111975869032,1,0.0625
526,40314,22,0.901,0.9010122792324021,1,0.045454545454545456
527,40332,18,0.919,0.9190138454382588,1,0.05555555555555555
528,40348,16,0.9279999999999999,0.928023455388843,1,0.0625
529,40376,28,0.874,0.8740219621642645,1,0.03571428571428571
530,40392,16,0.9279999999999999,0.9280162918530216,1,0.0625
531,40410,18,0.919,0.9190263484415006,1,0.16666666666666666
532,40424,14,0.9369999999999999,0.9370176177801265,1,0.07142857142857142
533,40438,14,0.9369999999999999,0.9370301429376952,1,0.07142857142857142
534,40456,18,0.919,0.9190200348641111,1,0.05555555555555555
535,40474,18,0.919,0.9190218242778063,1,0.05555555555555555
536,40512,38,0.829,0.8290534227477747,1,0.05263157894736842
537,40531,19,0.9145,0.9145297905131128,1,0.05263157894736842
538,40545,14,0.9369999999999999,0.9370421337414045,1,0.07142857142857142
539,40561,16,0.9279999999999999,0.9280065716128604,1,0.0625
540,40583,22,0.901,0.9010103273896207,1,0.13636363636363635
541,40603,20,0.91,0.9100475723540746,1,0.15
542,40623,20,0.91,0.9100233648966355,1,0.15
543,40639,16,0.9279999999999999,0.9280190855385708,1,0.0625
544,40679,40,0.82,0.8200367185708268,1,0.175
545,40695,16,0.9279999999999999,0.9280182772252318,1,0.0625
546,40725,30,0.865,0.865019314084952,1,0.03333333333333333
547,40741,16,0.9279999999999999,0.928019532180537,1,0.1875
548,40761,20,0.91,0.9100323591510375,1,0.15
549,40782,21,0.9055,0.9055129440980882,1,0.047619047619047616
550,40812,30,0.865,0.8650325738598125,1,0.1
551,40834,22,0.901,0.9010210861450938,1,0.045454545454545456
552,40850,16,0.9279999999999999,0.9280076013274113,1,0.0625
553,40866,16,0.9279999999999999,0.928007314045843,1,0.0625
554,40886,20,0.91,0.9100160642751388,1,0.15
555,40900,14,0.9369999999999999,0.9370281226040409,1,0.07142857142857142
556,40926,26,0.883,0.8830281503425625,1,0.11538461538461539
557,40966,40,0.82,0.8200229264787497,1,0.025
558,40986,20,0.91,0.9100312720922573,1,0.05
559,41009,23,0.8965,0.8965155190188068,1,0.13043478260869565
560,41023,14,0.9369999999999999,0.9370013551080152,1,0.07142857142857142
561,41042,19,0.9145,0.9145031344202962,1,0.05263157894736842
562,41063,21,0.9055,0.9055030669960542,1,0.047619047619047616
563,41083,20,0.91,0.9100015942957184,1,0.05
564,41099,16,0.9279999999999999,0.9280050032626773,1,0.0625
565,41121,22,0.901,0.9010224968770619,1,0.2727272727272727
566,41144,23,0.8965,0.8965019406966137,1,0.043478260869565216
567,41164,20,0.91,0.9100017388589234,1,0.05
568,41184,20,0.91,0.9100183931765193,1,0.25
569,41200,16,0.9279999999999999,0.9280109357817546,1,0.0625
570,41258,58,0.739,0.739005109933195,1,0.034482758620689655
571,41278,20,0.91,0.9100052811185982,1,0.05
572,41292,14,0.9369999999999999,0.9369999999999999,1,0.07142857142857142
573,41310,18,0.919,0.9190012917547099,1,0.05555555555555555
574,41330,20,0.91,0.91003784349897,1,0.15
575,41352,22,0.901,0.9010221327321647,1,0.045454545454545456
576,41379,27,0.8785,0.878507227937626,1,0.1111111111111111
577,41403,24,0.892,0.892005028811245,1,0.041666666666666664
578,41419,16,0.9279999999999999,0.9280031217405403,1,0.0625
579,41435,16,0.9279999999999999,0.928002412157404,1,0.0625
580,41455,20,0.91,0.9100059273148313,1,0.05
581,41475,20,0.91,0.9100040648097537,1,0.05
582,41491,16,0.9279999999999999,0.9280038669068317,1,0.0625
583,41511,20,0.91,0.9100071715808657,1,0.05
584,41527,16,0.9279999999999999,0.9280020078891257,1,0.0625
585,41547,20,0.91,0.9100187272513101,1,0.15
586,41570,23,0.8965,0.8965019627662026,1,0.043478260869565216
587,41668,98,0.5589999999999999,0.5590240162566346,1,0.04081632653061224
588,41684,16,0.9279999999999999,0.9280152349581481,1,0.1875
589,41700,16,0.9279999999999999,0.9280008916237006,1,0.0625
590,41718,18,0.919,0.9190098407133916,1,0.2777777777777778
591,41732,14,0.9369999999999999,0.9370018298295641,1,0.07142857142857142
592,41749,17,0.9235,0.9235000608259549,1,0.058823529411764705
593,41774,25,0.8875,0.8875154163651477,1,0.04
594,41790,16,0.9279999999999999,0.9280011055630664,1,0.0625
595,41806,16,0.9279999999999999,0.9280196993012806,1,0.1875
596,41828,22,0.901,0.9010093829091416,1,0.045454545454545456
597,41848,20,0.91,0.9100063898908938,1,0.05
598,41866,18,0.919,0.9190031884933,1,0.05555555555555555
599,41880,14,0.9369999999999999,0.9370013282925812,1,0.07142857142857142
600,41900,20,0.91,0.9100081006947811,1,0.05
601,41918,18,0.919,0.9190200171669755,1,0.05555555555555555
602,41935,17,0.9235,0.9235013522429013,1,0.058823529411764705
603,41969,34,0.847,0.8470216335120572,1,0.058823529411764705
604,41989,20,0.91,0.9100028848996388,1,0.05
605,42015,26,0.883,0.8830072852261359,1,0.038461538461538464
606,42029,14,0.9369999999999999,0.9370126616491182,1,0.07142857142857142
607,42049,20,0.91,0.910010760453145,1,0.05
608,42069,20,0.91,0.9100247867926369,1,0.25
609,42089,20,0.91,0.9100169548740245,1,0.05
610,42109,20,0.91,0.9100033110674679,1,0.05
611,42157,48,0.784,0.7840215174361593,1,0.0625
612,42173,16,0.9279999999999999,0.9280056174254016,1,0.0625
613,42206,33,0.8514999999999999,0.8515301391042267,1,0.15151515151515152
614,42237,31,0.8605,0.8605080797915299,1,0.03225806451612903
615,42257,20,0.91,0.9100131348846056,1,0.15
616,42273,16,0.9279999999999999,0.9280051794599895,1,0.0625
617,42321,48,0.784,0.7840174817789377,1,0.0625
618,42335,14,0.9369999999999999,0.9370034879727067,1,0.07142857142857142
619,42351,16,0.9279999999999999,0.9280103128849607,1,0.0625
620,42373,22,0.901,0.9010014362315092,1,0.045454545454545456
621,42413,40,0.82,0.8200307461440421,1,0.125
622,42433,20,0.91,0.9100176293773029,1,0.15
623,42447,14,0.9369999999999999,0.9370084116800024,1,0.07142857142857142
624,42495,48,0.784,0.7840185365801337,1,0.020833333333333332
625,42519,24,0.892,0.8920062208760703,1,0.041666666666666664
626,42550,31,0.8605,0.860506625835692,1,0.03225806451612903
627,42566,16,0.9279999999999999,0.9280044844518213,1,0.0625
628,42580,14,0.9369999999999999,0.9370042354739435,1,0.07142857142857142
629,42614,34,0.847,0.8470226442315542,1,0.029411764705882353
630,42630,16,0.9279999999999999,0.9280038745484984,1,0.0625
631,42670,40,0.82,0.8200312212391754,1,0.025
632,42684,14,0.9369999999999999,0.9370026990920085,1,0.07142857142857142
633,42702,18,0.919,0.919004347496862,1,0.05555555555555555
634,42724,22,0.901,0.9010182062803906,1,0.045454545454545456
635,42760,36,0.838,0.8380172988969422,1,0.027777777777777776
636,42776,16,0.9279999999999999,0.9280219100176704,1,0.0625
637,42794,18,0.919,0.9190032428812344,1,0.05555555555555555
638,42828,34,0.847,0.8470164159901251,1,0.08823529411764706
639,42914,86,0.613,0.6131535307492159,1,0.18604651162790697
640,42970,56,0.748,0.7480343588043057,1,0.017857142857142856
641,42987,17,0.9235,0.923511531974263,1,0.058823529411764705
642,43013,26,0.883,0.8830138827364749,1,0.038461538461538464
643,43033,20,0.91,0.9100029763304412,1,0.05
644,43058,25,0.8875,0.8875099899889668,1,0.04
645,43078,20,0.91,0.910005317512416,1,0.25
646,43092,14,0.9369999999999999,0.9370019895882038,1,0.07142857142857142
647,43106,14,0.9369999999999999,0.9370054040471207,1,0.07142857142857142
648,43124,18,0.919,0.9190023277533065,1,0.05555555555555555
649,43142,18,0.919,0.9190020089244889,1,0.16666666666666666
650,43160,18,0.919,0.9190074485868526,1,0.05555555555555555
651,43176,16,0.9279999999999999,0.9280069666854718,1,0.0625
652,43198,22,0.901,0.9010021666493789,1,0.13636363636363635
653,43214,16,0.9279999999999999,0.9280029217854294,1,0.0625
654,43233,19,0.9145,0.9145171288168673,1,0.15789473684210525
655,43247,14,0.9369999999999999,0.9370015949971818,1,0.07142857142857142
656,43267,20,0.91,0.9100062073398282,1,0.05
657,43285,18,0.919,0.919023977110345,1,0.16666666666666666
658,43301,16,0.9279999999999999,0.9280026282047346,1,0.0625
659,43326,25,0.8875,0.8875027795637286,1,0.12
660,43348,22,0.901,0.9010102385909545,1,0.13636363636363635
661,43363,15,0.9325,0.9325019053815308,1,0.06666666666666667
662,43377,14,0.9369999999999999,0.9370025453270974,1,0.07142857142857142
663,43393,16,0.9279999999999999,0.9280031161858233,1,0.1875
664,43407,14,0.9369999999999999,0.9370018334955362,1,0.07142857142857142
665,43423,16,0.9279999999999999,0.9280144690415362,1,0.0625
666,43446,23,0.8965,0.8965050450029777,1,0.043478260869565216
667,43460,14,0.9369999999999999,0.9370011676998804,1,0.07142857142857142
668,43474,14,0.9369999999999999,0.9370021052284121,1,0.07142857142857142
669,43488,14,0.9369999999999999,0.9370018287393586,1,0.07142857142857142
670,43506,18,0.919,0.9190256208102965,1,0.16666666666666666
671,43528,22,0.901,0.9010255825612975,1,0.045454545454545456
672,43554,26,0.883,0.8830909409213876,1,0.38461538461538464
673,43570,16,0.9279999999999999,0.9280112254105345,1,0.0625
674,43588,18,0.919,0.919003868274544,1,0.05555555555555555
675,43610,22,0.901,0.9010055641700492,1,0.045454545454545456
676,43630,20,0.91,0.9100008925131041,1,0.05
677,43658,28,0.874,0.8740903749763201,1,0.32142857142857145
678,43672,14,0.9369999999999999,0.9370116009355267,1,0.07142857142857142
679,43686,14,0.9369999999999999,0.9370017969716059,1,0.07142857142857142
680,43702,16,0.9279999999999999,0.9280052620830196,1,0.0625
681,43722,20,0.91,0.9100134192538633,1,0.05
682,43736,14,0.9369999999999999,0.9370014361030582,1,0.07142857142857142
683,43754,18,0.919,0.9190035635225747,1,0.05555555555555555
684,43772,18,0.919,0.9190070350358108,1,0.05555555555555555
685,43790,18,0.919,0.9190028739679877,1,0.05555555555555555
686,43804,14,0.9369999999999999,0.9370060621666992,1,0.07142857142857142
687,43822,18,0.919,0.9190193765988494,1,0.16666666666666666
688,43838,16,0.9279999999999999,0.9280024505573009,1,0.0625
689,43858,20,0.91,0.9100023733171851,1,0.15
690,43882,24,0.892,0.8920071185344424,1,0.041666666666666664
691,43906,24,0.892,0.8920036836758897,1,0.041666666666666664
692,43924,18,0.919,0.9190036698105098,1,0.05555555555555555
693,43938,14,0.9369999999999999,0.9370105544864202,1,0.07142857142857142
694,43954,16,0.9279999999999999,0.928002177590563,1,0.0625
695,43974,20,0.91,0.9100159216739913,1,0.15
696,43990,16,0.9279999999999999,0.9280217627571761,1,0.0625
697,44006,16,0.9279999999999999,0.9280097572486079,1,0.0625
698,44026,20,0.91,0.9100107111075155,1,0.05
699,44040,14,0.9369999999999999,0.937001139772155,1,0.07142857142857142
700,44058,18,0.919,0.9190020054117832,1,0.05555555555555555
701,44074,16,0.9279999999999999,0.9280075322496996,1,0.0625
702,44090,16,0.9279999999999999,0.9280060664738441,1,0.0625
703,44110,20,0.91,0.9100091469285069,1,0.05
704,44126,16,0.9279999999999999,0.9280091872686193,1,0.0625
705,44142,16,0.9279999999999999,0.9280027110697017,1,0.0625
706,44158,16,0.9279999999999999,0.9280015225115886,1,0.0625
707,44174,16,0.9279999999999999,0.928006387519105,1,0.0625
708,44191,17,0.9235,0.9235006496739684,1,0.058823529411764705
709,44207,16,0.9279999999999999,0.9280012199893138,1,0.0625
710,44223,16,0.9279999999999999,0.9280012424951138,1,0.0625
711,44237,14,0.9369999999999999,0.9370020262272936,1,0.07142857142857142
712,44255,18,0.919,0.9190010281950936,1,0.05555555555555555
713,44269,14,0.9369999999999999,0.9370008803528057,1,0.07142857142857142
714,44291,22,0.901,0.901023480895745,1,0.3181818181818182
715,44307,16,0.9279999999999999,0.9280004069821931,1,0.0625
716,44329,22,0.901,0.9010169416214922,1,0.045454545454545456
717,44353,24,0.892,0.8920037899011521,1,0.041666666666666664
718,44367,14,0.9369999999999999,0.9370122697480875,1,0.07142857142857142
719,44385,18,0.919,0.9190018654104903,1,0.05555555555555555
720,44403,18,0.919,0.91901021413489,1,0.05555555555555555
721,44421,18,0.919,0.9190131951016772,1,0.05555555555555555
722,44435,14,0.9369999999999999,0.9370024906617687,1,0.07142857142857142
723,44453,18,0.919,0.9190163702070951,1,0.05555555555555555
724,44467,14,0.9369999999999999,0.9370035605085818,1,0.07142857142857142
725,44481,14,0.9369999999999999,0.9370069424111503,1,0.07142857142857142
726,44497,16,0.9279999999999999,0.9280130084259028,1,0.0625
727,44511,14,0.9369999999999999,0.9370206197687643,1,0.07142857142857142
728,44527,16,0.9279999999999999,0.928009518458325,1,0.0625
729,44545,18,0.919,0.9190169590405884,1,0.05555555555555555
730,44563,18,0.919,0.9190279863564919,1,0.2777777777777778
731,44583,20,0.91,0.91000312081166,1,0.05
732,44611,28,0.874,0.8740064793448517,1,0.03571428571428571
733,44629,18,0.919,0.9190290514745234,1,0.2777777777777778
734,44643,14,0.9369999999999999,0.9370019665204076,1,0.07142857142857142
735,44663,20,0.91,0.9100242413211349,1,0.05
736,44683,20,0.91,0.9100491656487999,1,0.25
737,44699,16,0.9279999999999999,0.9280029485768624,1,0.1875
738,44715,16,0.9279999999999999,0.9280011892927996,1,0.0625
739,44733,18,0.919,0.9190028959929742,1,0.05555555555555555
740,44759,26,0.883,0.8830421708376878,1,0.19230769230769232
741,44779,20,0.91,0.9100076509457198,1,0.15
742,44799,20,0.91,0.9100435091388469,1,0.15
743,44815,16,0.9279999999999999,0.9280018971686967,1,0.0625
744,44847,32,0.856,0.8560229769243562,1,0.09375
745,44863,16,0.9279999999999999,0.9280241725175976,1,0.0625
746,44885,22,0.901,0.9010085762495343,1,0.045454545454545456
747,44901,16,0.9279999999999999,0.9280276667872212,1,0.1875
748,44917,16,0.9279999999999999,0.9280040841377758,1,0.0625
749,44935,18,0.919,0.9190100408438615,1,0.16666666666666666
750,44963,28,0.874,0.8740297475419571,1,0.25
751,44977,14,0.9369999999999999,0.9370237750711062,1,0.07142857142857142
752,44997,20,0.91,0.9100192334957111,1,0.05
753,45013,16,0.9279999999999999,0.9280257019080604,1,0.1875
754,45042,29,0.8694999999999999,0.8695081050897807,1,0.034482758620689655
755,45058,16,0.9279999999999999,0.9280030337667576,1,0.0625
756,45072,14,0.9369999999999999,0.9370041638065154,1,0.07142857142857142
757,45094,22,0.901,0.9010147942365339,1,0.13636363636363635
758,45110,16,0.9279999999999999,0.928022023481973,1,0.1875
759,45128,18,0.919,0.9190139480277383,1,0.05555555555555555
760,45142,14,0.9369999999999999,0.9370026815001934,1,0.07142857142857142
761,45164,22,0.901,0.9010077837227543,1,0.045454545454545456
762,45182,18,0.919,0.9190150941340345,1,0.05555555555555555
763,45197,15,0.9325,0.9325051797878623,1,0.06666666666666667
764,45217,20,0.91,0.9100096523209326,1,0.05
765,45235,18,0.919,0.9190106060997076,1,0.05555555555555555
766,45251,16,0.9279999999999999,0.9280079810585153,1,0.0625
767,45269,18,0.919,0.9190159050260728,1,0.05555555555555555
768,45285,16,0.9279999999999999,0.9280041089104606,1,0.0625
769,45303,18,0.919,0.9190075498287954,1,0.05555555555555555
770,45323,20,0.91,0.91001557920774,1,0.05
771,45337,14,0.9369999999999999,0.9370090793362778,1,0.07142857142857142
772,45353,16,0.9279999999999999,0.9280458588895015,1,0.1875
773,45369,16,0.9279999999999999,0.9280088801916871,1,0.0625
774,45389,20,0.91,0.9100169443632224,1,0.05
775,45405,16,0.9279999999999999,0.9280041304425874,1,0.0625
776,45425,20,0.91,0.910010751016238,1,0.05
777,45443,18,0.919,0.9190041235941906,1,0.05555555555555555
778,45459,16,0.9279999999999999,0.9280069748158541,1,0.0625
779,45475,16,0.9279999999999999,0.9280029407272596,1,0.0625
780,45493,18,0.919,0.9190181782350042,1,0.16666666666666666
781,45512,19,0.9145,0.9145107197471808,1,0.05263157894736842
782,45528,16,0.9279999999999999,0.9280124755049783,1,0.1875
783,45542,14,0.9369999999999999,0.9370044425877396,1,0.07142857142857142
784,45558,16,0.9279999999999999,0.928007058699793,1,0.0625
785,45572,14,0.9369999999999999,0.9370076242988701,1,0.07142857142857142
786,45590,18,0.919,0.9190076047058494,1,0.05555555555555555
787,45610,20,0.91,0.9100098947881748,1,0.05
788,45626,16,0.9279999999999999,0.9280203513947537,1,0.0625
789,45642,16,0.9279999999999999,0.9280112224568942,1,0.0625
790,45658,16,0.9279999999999999,0.9280097326249687,1,0.0625
791,45676,18,0.919,0.9190048676712027,1,0.05555555555555555
792,45690,14,0.9369999999999999,0.937017208760468,1,0.07142857142857142
793,45704,14,0.9369999999999999,0.9370082254374954,1,0.07142857142857142
794,45718,14,0.9369999999999999,0.9370146774755468,1,0.07142857142857142
795,45732,14,0.9369999999999999,0.9370051820699447,1,0.07142857142857142
796,45746,14,0.9369999999999999,0.937004197324256,1,0.07142857142857142
797,45762,16,0.9279999999999999,0.9280100251090276,1,0.1875
798,45784,22,0.901,0.9010083052083923,1,0.045454545454545456
799,45798,14,0.9369999999999999,0.9370055804954085,1,0.07142857142857142
800,45814,16,0.9279999999999999,0.9280089586658139,1,0.0625
801,45828,14,0.9369999999999999,0.9370076938771059,1,0.07142857142857142
802,45850,22,0.901,0.9010129065186416,1,0.045454545454545456
803,45868,18,0.919,0.9190199406411103,1,0.05555555555555555
804,45884,16,0.9279999999999999,0.9280195287346477,1,0.0625
805,45904,20,0.91,0.9100146497615401,1,0.05
806,45927,23,0.8965,0.8965080424834415,1,0.043478260869565216
807,45945,18,0.919,0.9190055474575938,1,0.16666666666666666
808,45972,27,0.8785,0.8785246937935498,1,0.037037037037037035
809,45986,14,0.9369999999999999,0.9370063057029644,1,0.07142857142857142
810,46002,16,0.9279999999999999,0.9280212049127202,1,0.0625
811,46020,18,0.919,0.9190037861591527,1,0.05555555555555555
812,46036,16,0.9279999999999999,0.928007058614207,1,0.0625
813,46062,26,0.883,0.8830125770213437,1,0.038461538461538464
814,46076,14,0.9369999999999999,0.9370029490140669,1,0.07142857142857142
815,46094,18,0.919,0.9190039801529364,1,0.05555555555555555
816,46112,18,0.919,0.9190079649986294,1,0.05555555555555555
817,46132,20,0.91,0.910002138931413,1,0.15
818,46152,20,0.91,0.9100091654787077,1,0.15
819,46177,25,0.8875,0.8875008014574013,1,0.04
820,46191,14,0.9369999999999999,0.9370025391152778,1,0.07142857142857142
821,46220,29,0.8694999999999999,0.8695035703369801,1,0.034482758620689655
822,46244,24,0.892,0.8920121812936019,1,0.041666666666666664
823,46260,16,0.9279999999999999,0.9280191082012995,1,0.1875
824,46274,14,0.9369999999999999,0.9370022625786131,1,0.07142857142857142
825,46292,18,0.919,0.9190456293871517,1,0.16666666666666666
826,46308,16,0.9279999999999999,0.9280031822202113,1,0.0625
827,46326,18,0.919,0.9190209513026572,1,0.16666666666666666
828,46348,22,0.901,0.9010099870628578,1,0.045454545454545456
829,46364,16,0.9279999999999999,0.9280072873183005,1,0.0625
830,46378,14,0.9369999999999999,0.9370157170643815,1,0.07142857142857142
831,46392,14,0.9369999999999999,0.9370097302475722,1,0.07142857142857142
832,46411,19,0.9145,0.9145097817662229,1,0.15789473684210525
833,46461,50,0.775,0.775036067450796,1,0.02
834,46477,16,0.9279999999999999,0.9280071184887446,1,0.0625
835,46497,20,0.91,0.9100062790161834,1,0.05
836,46531,34,0.847,0.8470168930038966,1,0.029411764705882353
837,46545,14,0.9369999999999999,0.9370074428451325,1,0.07142857142857142
838,46559,14,0.9369999999999999,0.9370032097659344,1,0.07142857142857142
839,46573,14,0.9369999999999999,0.9370028597747319,1,0.07142857142857142
840,46587,14,0.9369999999999999,0.9370016495657544,1,0.07142857142857142
841,46634,47,0.7885,0.7885137844890743,1,0.02127659574468085
842,46650,16,0.9279999999999999,0.9280114081302362,1,0.0625
843,46669,19,0.9145,0.9145010313019313,1,0.05263157894736842
844,46683,14,0.9369999999999999,0.9370070123107574,1,0.07142857142857142
845,46754,71,0.6805,0.6805532795583001,1,0.014084507042253521
846,46772,18,0.919,0.9190591520852864,1,0.16666666666666666
847,46786,14,0.9369999999999999,0.9370173891848208,1,0.07142857142857142
848,46802,16,0.9279999999999999,0.92801016384877,1,0.0625
849,46851,49,0.7795,0.7795191124335841,1,0.02040816326530612
850,46871,20,0.91,0.9100060111642027,1,0.05
851,46903,32,0.856,0.8560136477644671,1,0.03125
852,46941,38,0.829,0.829023783013516,1,0.02631578947368421
853,46957,16,0.9279999999999999,0.9280055959049706,1,0.0625
854,46977,20,0.91,0.9100057214720655,1,0.15
855,47000,23,0.8965,0.8965107882350047,1,0.043478260869565216
856,47022,22,0.901,0.9010073098329741,1,0.045454545454545456
857,47036,14,0.9369999999999999,0.9370041775652658,1,0.07142857142857142
858,47074,38,0.829,0.8290017191158042,1,0.02631578947368421
859,47090,16,0.9279999999999999,0.9280028048637728,1,0.0625
860,47104,14,0.9369999999999999,0.9370101556068416,1,0.07142857142857142
861,47216,112,0.4959999999999999,0.4960103719891005,1,0.008928571428571428
862,47338,122,0.45099999999999996,0.4510147899929679,1,0.00819672131147541
863,47394,56,0.748,0.74804436328849,1,0.017857142857142856
864,47408,14,0.9369999999999999,0.937001868894307,1,0.07142857142857142
865,47455,47,0.7885,0.7885029034923301,1,0.02127659574468085
866,47471,16,0.9279999999999999,0.9280191019668395,1,0.0625
867,47563,92,0.586,0.5860112329682005,1,0.010869565217391304
868,47608,45,0.7975,0.797513430878134,1,0.022222222222222223
869,47628,20,0.91,0.910001958316312,1,0.05
870,47723,95,0.5725,0.5725129037905041,1,0.031578947368421054
871,47746,23,0.8965,0.8965226684196124,1,0.13043478260869565
872,47798,52,0.766,0.7660204094413297,1,0.019230769230769232
873,47814,16,0.9279999999999999,0.928001460509602,1,0.0625
874,47834,20,0.91,0.910003729555106,1,0.05
875,47850,16,0.9279999999999999,0.9280290525555692,1,0.1875
876,47866,16,0.9279999999999999,0.9280067083233515,1,0.0625
877,47888,22,0.901,0.9010104113853034,1,0.045454545454545456
878,47909,21,0.9055,0.9055008223301669,1,0.047619047619047616
879,47925,16,0.9279999999999999,0.9280034104955428,1,0.0625
880,47939,14,0.9369999999999999,0.9370010644732357,1,0.07142857142857142
881,47953,14,0.9369999999999999,0.937005813385459,1,0.07142857142857142
882,47974,21,0.9055,0.9055036365657856,1,0.047619047619047616
883,48020,46,0.7929999999999999,0.7930073145522379,1,0.021739130434782608
884,48036,16,0.9279999999999999,0.9280125678546614,1,0.0625
885,48056,20,0.91,0.910004235719035,1,0.05
886,48084,28,0.874,0.8740827338357121,1,0.42857142857142855
887,48100,16,0.9279999999999999,0.9280084481548466,1,0.0625
888,48120,20,0.91,0.9100108881545714,1,0.05
889,48136,16,0.9279999999999999,0.9280035685461392,1,0.0625
890,48176,40,0.82,0.8201275839084741,1,0.575
891,48191,15,0.9325,0.9325031867198128,1,0.06666666666666667
892,48211,20,0.91,0.9100180032362009,1,0.35
893,48227,16,0.9279999999999999,0.9280079255770946,1,0.1875
894,48249,22,0.901,0.9011046686234682,1,0.4090909090909091
895,48277,28,0.874,0.8740450873335346,1,0.39285714285714285
896,48297,20,0.91,0.910006967091513,1,0.05
897,48311,14,0.9369999999999999,0.9370195305858949,1,0.07142857142857142
898,48327,16,0.9279999999999999,0.9280071588278814,1,0.1875
899,48345,18,0.919,0.9190205240252916,1,0.05555555555555555
900,48369,24,0.892,0.892015668236685,1,0.041666666666666664
901,48385,16,0.9279999999999999,0.9280080877872723,1,0.0625
902,48407,22,0.901,0.9010158591690155,1,0.13636363636363635
903,48433,26,0.883,0.883007081012517,1,0.038461538461538464
904,48447,14,0.9369999999999999,0.9370038890964653,1,0.07142857142857142
905,48517,70,0.685,0.6850838949813667,1,0.38571428571428573
906,48547,30,0.865,0.8650154766777037,1,0.1
907,48567,20,0.91,0.9100148788704439,1,0.2
908,48589,22,0.901,0.9010226445218256,1,0.3181818181818182
909,48609,20,0.91,0.9100518168825341,1,0.35
910,48627,18,0.919,0.9190297580324854,1,0.2777777777777778
911,48647,20,0.91,0.9100412618798757,1,0.35
912,48666,19,0.9145,0.9145618757309936,1,0.2631578947368421
913,48680,14,0.9369999999999999,0.9370056311187944,1,0.07142857142857142
914,48706,26,0.883,0.8830072593992437,1,0.038461538461538464
915,48724,18,0.919,0.9190059299134442,1,0.05555555555555555
916,48744,20,0.91,0.910077270121064,1,0.35
917,48760,16,0.9279999999999999,0.9280089015025167,1,0.1875
918,48782,22,0.901,0.9010213665918786,1,0.13636363636363635
919,48820,38,0.829,0.8290076514790423,1,0.02631578947368421
920,48834,14,0.9369999999999999,0.9370103791512777,1,0.07142857142857142
921,48848,14,0.9369999999999999,0.9370132004309606,1,0.07142857142857142
922,48866,18,0.919,0.9190020449685921,1,0.05555555555555555
923,48888,22,0.901,0.9010042319668353,1,0.045454545454545456
924,48902,14,0.9369999999999999,0.9370084775474243,1,0.07142857142857142
925,48920,18,0.919,0.9190084814910486,1,0.16666666666666666
926,48934,14,0.9369999999999999,0.9370035809395971,1,0.07142857142857142
927,48952,18,0.919,0.9190125292880583,1,0.2777777777777778
928,48978,26,0.883,0.883089422511864,1,0.5
929,48998,20,0.91,0.910020694402912,1,0.25
930,49013,15,0.9325,0.932515597130208,1,0.06666666666666667
931,49033,20,0.91,0.9100111601960886,1,0.05
932,49049,16,0.9279999999999999,0.9280056787775159,1,0.0625
933,49065,16,0.9279999999999999,0.9280094892081427,1,0.0625
934,49133,68,0.694,0.6940463663505403,1,0.014705882352941176
935,49161,28,0.874,0.8740151215215467,1,0.03571428571428571
936,49230,69,0.6895,0.6895395719320137,1,0.014492753623188406
937,49246,16,0.9279999999999999,0.9280042008348244,1,0.0625
938,49260,14,0.9369999999999999,0.9370059771206705,1,0.07142857142857142
939,49276,16,0.9279999999999999,0.928005148343818,1,0.0625
940,49292,16,0.9279999999999999,0.9280065397911288,1,0.0625
941,49306,14,0.9369999999999999,0.9370046712266734,1,0.07142857142857142
942,49322,16,0.9279999999999999,0.928003825336031,1,0.0625
943,49338,16,0.9279999999999999,0.9280116130090409,1,0.0625
944,49352,14,0.9369999999999999,0.9370056213619836,1,0.07142857142857142
945,49368,16,0.9279999999999999,0.9280078723455583,1,0.0625
946,49386,18,0.919,0.9190177454338423,1,0.16666666666666666
947,49404,18,0.919,0.9190063133792598,1,0.05555555555555555
948,49426,22,0.901,0.901011447098624,1,0.045454545454545456
949,49440,14,0.9369999999999999,0.9370056040235769,1,0.07142857142857142
950,49528,88,0.604,0.6040394388736202,1,0.011363636363636364
951,49543,15,0.9325,0.9325118803558676,1,0.06666666666666667
952,49557,14,0.9369999999999999,0.9370077424372076,1,0.07142857142857142
953,49573,16,0.9279999999999999,0.9280074463110368,1,0.0625
954,49589,16,0.9279999999999999,0.928004784587321,1,0.0625
955,49621,32,0.856,0.856021786648086,1,0.03125
956,49637,16,0.9279999999999999,0.928009721686533,1,0.0625
957,49653,16,0.9279999999999999,0.9280367615760128,1,0.1875
958,49667,14,0.9369999999999999,0.9370051540928379,1,0.07142857142857142
959,49683,16,0.9279999999999999,0.9280117596018617,1,0.0625
960,49697,14,0.9369999999999999,0.937017469371267,1,0.07142857142857142
961,49781,84,0.622,0.6221184669318547,1,0.20238095238095238
962,49795,14,0.9369999999999999,0.9370133809890668,1,0.07142857142857142
963,49809,14,0.9369999999999999,0.9370280503769582,1,0.07142857142857142
964,49823,14,0.9369999999999999,0.9370124299692191,1,0.07142857142857142
965,49837,14,0.9369999999999999,0.9370063707545645,1,0.07142857142857142
966,49909,72,0.6759999999999999,0.6760495393177879,1,0.013888888888888888
967,49923,14,0.9369999999999999,0.9370048910947224,1,0.07142857142857142
968,49937,14,0.9369999999999999,0.9370044760357034,1,0.07142857142857142
969,49971,34,0.847,0.8470197723873495,1,0.029411764705882353
970,49987,16,0.9279999999999999,0.9280268545632676,1,0.1875
971,50015,28,0.874,0.8740177730450716,1,0.03571428571428571
972,50030,15,0.9325,0.9325060770278717,1,0.06666666666666667
973,50046,16,0.9279999999999999,0.9280107305720647,1,0.0625
974,50060,14,0.9369999999999999,0.9370193785605203,1,0.07142857142857142
975,50076,16,0.9279999999999999,0.9280130798416026,1,0.1875
976,50090,14,0.9369999999999999,0.9370061047208216,1,0.07142857142857142
977,50241,151,0.3205,0.3205679198387533,1,0.006622516556291391
978,50255,14,0.9369999999999999,0.9370061367371284,1,0.07142857142857142
979,50269,14,0.9369999999999999,0.937009581072591,1,0.07142857142857142
980,50283,14,0.9369999999999999,0.9370145702328138,1,0.07142857142857142
981,50297,14,0.9369999999999999,0.9370050067597676,1,0.07142857142857142
982,50311,14,0.9369999999999999,0.9370073988656374,1,0.07142857142857142
983,50325,14,0.9369999999999999,0.937004274535302,1,0.07142857142857142
984,50339,14,0.9369999999999999,0.9370142674117399,1,0.07142857142857142
985,50361,22,0.901,0.9010087416152899,1,0.045454545454545456
986,50375,14,0.9369999999999999,0.9370133329465409,1,0.07142857142857142
987,50393,18,0.919,0.9190561484725701,1,0.2777777777777778
988,50407,14,0.9369999999999999,0.9370059293713013,1,0.07142857142857142
989,50421,14,0.9369999999999999,0.9370073372831444,1,0.07142857142857142
990,50435,14,0.9369999999999999,0.9370058895337714,1,0.07142857142857142
991,50449,14,0.9369999999999999,0.9370136830721771,1,0.07142857142857142
992,50463,14,0.9369999999999999,0.937004373908636,1,0.07142857142857142
993,50477,14,0.9369999999999999,0.9370030292606002,1,0.07142857142857142
994,50491,14,0.9369999999999999,0.9370182612811045,1,0.07142857142857142
995,50505,14,0.9369999999999999,0.9370080620963402,1,0.07142857142857142
996,50521,16,0.9279999999999999,0.9280081435745221,1,0.0625
997,50535,14,0.9369999999999999,0.9370035673772539,1,0.07142857142857142
998,50549,14,0.9369999999999999,0.9370111107961128,1,0.07142857142857142
999,50563,14,0.9369999999999999,0.937030467687102,1,0.07142857142857142
1000,50579,16,0.9279999999999999,0.9280077646371448,1,0.0625
1001,50593,14,0.9369999999999999,0.9370050975556012,1,0.07142857142857142
1002,50609,16,0.9279999999999999,0.9280190360668098,1,0.0625
1003,50623,14,0.9369999999999999,0.9370053895198266,1,0.07142857142857142
1004,50637,14,0.9369999999999999,0.9370032874229426,1,0.07142857142857142
1005,50651,14,0.9369999999999999,0.9370071897021445,1,0.07142857142857142
1006,50665,14,0.9369999999999999,0.937007179624496,1,0.07142857142857142
1007,50679,14,0.9369999999999999,0.9370070011191093,1,0.07142857142857142
1008,50695,16,0.9279999999999999,0.9280033303830185,1,0.0625
1009,50709,14,0.9369999999999999,0.9370073811020339,1,0.07142857142857142
1010,50723,14,0.9369999999999999,0.9370086198852977,1,0.07142857142857142
1011,50737,14,0.9369999999999999,0.9370049940049933,1,0.07142857142857142
1012,50751,14,0.9369999999999999,0.9370047635193045,1,0.07142857142857142
1013,50765,14,0.9369999999999999,0.937007658652728,1,0.07142857142857142
1014,50779,14,0.9369999999999999,0.9370046199563402,1,0.07142857142857142
1015,50795,16,0.9279999999999999,0.9280071461054924,1,0.0625
1016,50815,20,0.91,0.9100297542466702,1,0.15
1017,50831,16,0.9279999999999999,0.9280239872249663,1,0.0625
1018,50847,16,0.9279999999999999,0.9280092058961315,1,0.0625
1019,50861,14,0.9369999999999999,0.9370141572196689,1,0.07142857142857142
1020,50877,16,0.9279999999999999,0.9280084543108275,1,0.0625
1021,50925,48,0.784,0.7840497392207896,1,0.020833333333333332
1022,50941,16,0.9279999999999999,0.928011942362128,1,0.0625
1023,50961,20,0.91,0.9100074280191134,1,0.05
1024,50979,18,0.919,0.9190072482428484,1,0.16666666666666666
1025,50999,20,0.91,0.910006692227222,1,0.05
1026,51017,18,0.919,0.9190005867266912,1,0.05555555555555555
1027,51031,14,0.9369999999999999,0.937001264159521,1,0.07142857142857142
1028,51049,18,0.919,0.919023057382816,1,0.2777777777777778
1029,51065,16,0.9279999999999999,0.9280007925610007,1,0.0625
1030,51079,14,0.9369999999999999,0.9370036645552217,1,0.07142857142857142
1031,51093,14,0.9369999999999999,0.9370022333118618,1,0.07142857142857142
1032,51107,14,0.9369999999999999,0.937002524147511,1,0.07142857142857142
1033,51123,16,0.9279999999999999,0.9280028663906601,1,0.0625
1034,51137,14,0.9369999999999999,0.9370064045219614,1,0.07142857142857142
1035,51155,18,0.919,0.9190016025490562,1,0.05555555555555555
1036,51169,14,0.9369999999999999,0.9370048244150074,1,0.07142857142857142
1037,51185,16,0.9279999999999999,0.9280027324140706,1,0.0625
1038,51199,14,0.9369999999999999,0.9370082622867111,1,0.07142857142857142
1039,51215,16,0.9279999999999999,0.9280025786339144,1,0.0625
1040,51233,18,0.919,0.9190084173056838,1,0.05555555555555555
1041,51292,59,0.7344999999999999,0.7345498011334236,1,0.05084745762711865
1042,51310,18,0.919,0.9190038192095765,1,0.05555555555555555
1043,51324,14,0.9369999999999999,0.9370019660280782,1,0.07142857142857142
1044,51340,16,0.9279999999999999,0.9280040337714559,1,0.0625
1045,51356,16,0.9279999999999999,0.9280063171937184,1,0.0625
1046,51370,14,0.9369999999999999,0.9370023561155849,1,0.07142857142857142
1047,51386,16,0.9279999999999999,0.9280037805888655,1,0.0625
1048,51400,14,0.9369999999999999,0.9370015487650206,1,0.07142857142857142
1049,51414,14,0.9369999999999999,0.9370076848740203,1,0.07142857142857142
1050,51428,14,0.9369999999999999,0.9370011785738298,1,0.07142857142857142
1051,51442,14,0.9369999999999999,0.9370008039922447,1,0.07142857142857142
1052,51456,14,0.9369999999999999,0.937001166203026,1,0.07142857142857142
1053,51470,14,0.9369999999999999,0.9370020176049639,1,0.07142857142857142
1054,51488,18,0.919,0.9190030511898138,1,0.05555555555555555
1055,51504,16,0.9279999999999999,0.9280024767762012,1,0.0625
1056,51518,14,0.9369999999999999,0.9370121055866598,1,0.07142857142857142
1057,51534,16,0.9279999999999999,0.9280133556415906,1,0.0625
1058,51548,14,0.9369999999999999,0.9370140489447659,1,0.07142857142857142
1059,51562,14,0.9369999999999999,0.9370020194554238,1,0.07142857142857142
1060,51576,14,0.9369999999999999,0.9370036132663607,1,0.07142857142857142
1061,51592,16,0.9279999999999999,0.9280027001980523,1,0.0625
1062,51606,14,0.9369999999999999,0.9370028875567364,1,0.07142857142857142
1063,51622,16,0.9279999999999999,0.9280057001174714,1,0.1875
1064,51636,14,0.9369999999999999,0.9370025356354073,1,0.07142857142857142
1065,51650,14,0.9369999999999999,0.9370277114867013,1,0.07142857142857142
1066,51666,16,0.9279999999999999,0.9280028334787742,1,0.0625
1067,51682,16,0.9279999999999999,0.9280131830737657,1,0.0625
1068,51700,18,0.919,0.9190027207028927,1,0.05555555555555555
1069,51714,14,0.9369999999999999,0.9370007123582386,1,0.07142857142857142
1070,51728,14,0.9369999999999999,0.937002022485562,1,0.07142857142857142
1071,51742,14,0.9369999999999999,0.937007577587487,1,0.07142857142857142
1072,51760,18,0.919,0.9190062533760164,1,0.05555555555555555
1073,51774,14,0.9369999999999999,0.937000677564908,1,0.07142857142857142
1074,51788,14,0.9369999999999999,0.9370130164196478,1,0.07142857142857142
1075,51802,14,0.9369999999999999,0.9370013686500074,1,0.07142857142857142
1076,51829,27,0.8785,0.8785042202705845,1,0.037037037037037035
1077,51848,19,0.9145,0.9145125482944731,1,0.05263157894736842
1078,51866,18,0.919,0.9190041451367658,1,0.05555555555555555
1079,51880,14,0.9369999999999999,0.9370040012931993,1,0.07142857142857142
1080,51896,16,0.9279999999999999,0.9280016782900696,1,0.0625
1081,51910,14,0.9369999999999999,0.9370109852462004,1,0.07142857142857142
1082,51924,14,0.9369999999999999,0.9370075739417718,1,0.07142857142857142
1083,51938,14,0.9369999999999999,0.9370022066818531,1,0.07142857142857142
1084,51952,14,0.9369999999999999,0.9370017616222652,1,0.07142857142857142
1085,51966,14,0.9369999999999999,0.93700011044965,1,0.07142857142857142
1086,51980,14,0.9369999999999999,0.9370191130288532,1,0.07142857142857142
1087,51996,16,0.9279999999999999,0.928005388772884,1,0.0625
1088,52010,14,0.9369999999999999,0.937004248075404,1,0.07142857142857142
1089,52024,14,0.9369999999999999,0.937005508528121,1,0.07142857142857142
1090,52040,16,0.9279999999999999,0.9280076773234195,1,0.1875
1091,52054,14,0.9369999999999999,0.9370096358590256,1,0.07142857142857142
1092,52070,16,0.9279999999999999,0.928008185524921,1,0.0625
1093,52084,14,0.9369999999999999,0.9370022256529817,1,0.07142857142857142
1094,52102,18,0.919,0.9190095738932391,1,0.16666666666666666
1095,52118,16,0.9279999999999999,0.9280094080920309,1,0.0625
1096,52132,14,0.9369999999999999,0.937005152577782,1,0.07142857142857142
1097,52148,16,0.9279999999999999,0.9280058544180968,1,0.0625
1098,52166,18,0.919,0.9190046107909493,1,0.05555555555555555
1099,52182,16,0.9279999999999999,0.9280048211127137,1,0.0625
1100,52202,20,0.91,0.9100107470328375,1,0.05
1101,52218,16,0.9279999999999999,0.9280091901871189,1,0.0625
1102,52232,14,0.9369999999999999,0.9370108015352203,1,0.07142857142857142
1103,52248,16,0.9279999999999999,0.9280054484237488,1,0.0625
1104,52264,16,0.9279999999999999,0.9280080889452672,1,0.0625
1105,52280,16,0.9279999999999999,0.9280076863074815,1,0.0625
1106,52294,14,0.9369999999999999,0.9370160205078426,1,0.07142857142857142
1107,52308,14,0.9369999999999999,0.9370042691206615,1,0.07142857142857142
1108,52322,14,0.9369999999999999,0.9370037420078833,1,0.07142857142857142
1109,52336,14,0.9369999999999999,0.9370074885414191,1,0.07142857142857142
1110,52350,14,0.9369999999999999,0.9370059629133335,1,0.07142857142857142
1111,52364,14,0.9369999999999999,0.937005210826571,1,0.07142857142857142
1112,52380,16,0.9279999999999999,0.9280056221154492,1,0.0625
1113,52394,14,0.9369999999999999,0.9370136103123116,1,0.07142857142857142
1114,52408,14,0.9369999999999999,0.9370037135906245,1,0.07142857142857142
1115,52422,14,0.9369999999999999,0.9370047703380902,1,0.07142857142857142
1116,52436,14,0.9369999999999999,0.9370039091452828,1,0.07142857142857142
1117,52450,14,0.9369999999999999,0.937013992341174,1,0.07142857142857142
1118,52464,14,0.9369999999999999,0.9370059762234281,1,0.07142857142857142
1119,52478,14,0.9369999999999999,0.9370031036102084,1,0.07142857142857142
1120,52494,16,0.9279999999999999,0.928004230267491,1,0.1875
1121,52509,15,0.9325,0.9325074528957258,1,0.06666666666666667
1122,52527,18,0.919,0.919003973311406,1,0.05555555555555555
1123,52543,16,0.9279999999999999,0.9280102366897892,1,0.0625
1124,52557,14,0.9369999999999999,0.9370213806914091,1,0.07142857142857142
1125,52571,14,0.9369999999999999,0.937011275927295,1,0.07142857142857142
1126,52585,14,0.9369999999999999,0.9370077832832521,1,0.07142857142857142
1127,52602,17,0.9235,0.9235040319007287,1,0.058823529411764705
1128,52617,15,0.9325,0.9325062300092046,1,0.06666666666666667
1129,52633,16,0.9279999999999999,0.9280062077025887,1,0.0625
1130,52657,24,0.892,0.8920120072099091,1,0.041666666666666664
1131,52675,18,0.919,0.9190110520841661,1,0.05555555555555555
1132,52715,40,0.82,0.8200715851277197,1,0.025
1133,52729,14,0.9369999999999999,0.9370034241398555,1,0.07142857142857142
1134,52743,14,0.9369999999999999,0.9370130611127805,1,0.07142857142857142
1135,52759,16,0.9279999999999999,0.928018791617119,1,0.0625
1136,52777,18,0.919,0.9190045110835848,1,0.05555555555555555
1137,52791,14,0.9369999999999999,0.9370036557957463,1,0.07142857142857142
1138,52805,14,0.9369999999999999,0.93700555498824,1,0.07142857142857142
1139,52823,18,0.919,0.9190190273275494,1,0.2777777777777778
1140,52837,14,0.9369999999999999,0.9370086850988929,1,0.07142857142857142
1141,52851,14,0.9369999999999999,0.9370072197685394,1,0.07142857142857142
1142,52871,20,0.91,0.9100104939453404,1,0.05
1143,52935,64,0.712,0.7121030753900686,1,0.015625
1144,52966,31,0.8605,0.8605413881364605,1,0.03225806451612903
1145,52980,14,0.9369999999999999,0.9370049565365508,1,0.07142857142857142
1146,52996,16,0.9279999999999999,0.9280218202529882,1,0.1875
1147,53110,114,0.487,0.48702665103087617,1,0.008771929824561403
1148,53124,14,0.9369999999999999,0.9370092007508916,1,0.07142857142857142
1149,53140,16,0.9279999999999999,0.928005772714119,1,0.0625
1150,53156,16,0.9279999999999999,0.9280066309022602,1,0.1875
1151,53170,14,0.9369999999999999,0.9370268160337564,1,0.07142857142857142
1152,53196,26,0.883,0.8830057585944605,1,0.038461538461538464
1153,53212,16,0.9279999999999999,0.92801314110317,1,0.0625
1154,53226,14,0.9369999999999999,0.9370049417910631,1,0.07142857142857142
1155,53240,14,0.9369999999999999,0.9370033866148066,1,0.07142857142857142
1156,53256,16,0.9279999999999999,0.9280123286478149,1,0.0625
1157,53272,16,0.9279999999999999,0.9280341410977491,1,0.1875
1158,53286,14,0.9369999999999999,0.9370204016907437,1,0.07142857142857142
1159,53302,16,0.9279999999999999,0.9280030146741713,1,0.0625
1160,53316,14,0.9369999999999999,0.9370064251073951,1,0.07142857142857142
1161,53330,14,0.9369999999999999,0.9370125105350672,1,0.07142857142857142
1162,53346,16,0.9279999999999999,0.9280195442834431,1,0.1875
1163,53360,14,0.9369999999999999,0.9370014131625819,1,0.07142857142857142
1164,53374,14,0.9369999999999999,0.9370008576057738,1,0.07142857142857142
1165,53388,14,0.9369999999999999,0.937000401221353,1,0.07142857142857142
1166,53402,14,0.9369999999999999,0.9370124045480258,1,0.07142857142857142
1167,53416,14,0.9369999999999999,0.9370022194201719,1,0.07142857142857142
1168,53432,16,0.9279999999999999,0.928038893387614,1,0.0625
1169,53450,18,0.919,0.9190028464406452,1,0.05555555555555555
1170,53464,14,0.9369999999999999,0.9370161502085259,1,0.07142857142857142
1171,53478,14,0.9369999999999999,0.9370012603574339,1,0.07142857142857142
1172,53502,24,0.892,0.892032932075301,1,0.125
1173,53520,18,0.919,0.9190024579451314,1,0.05555555555555555
1174,53534,14,0.9369999999999999,0.9370154432125385,1,0.07142857142857142
1175,53550,16,0.9279999999999999,0.9280031624028284,1,0.0625
1176,53564,14,0.9369999999999999,0.9370039805295346,1,0.07142857142857142
1177,53580,16,0.9279999999999999,0.9280017943650603,1,0.0625
1178,53594,14,0.9369999999999999,0.9370019609532301,1,0.07142857142857142
1179,53610,16,0.9279999999999999,0.9280181665650917,1,0.0625
1180,53624,14,0.9369999999999999,0.9370106408088203,1,0.07142857142857142
1181,53638,14,0.9369999999999999,0.9370056179623959,1,0.07142857142857142
1182,53656,18,0.919,0.9190075371347471,1,0.05555555555555555
1183,53670,14,0.9369999999999999,0.9370011455729959,1,0.07142857142857142
1184,53684,14,0.9369999999999999,0.9370028892416093,1,0.07142857142857142
1185,53702,18,0.919,0.9190157557940706,1,0.05555555555555555
1186,53730,28,0.874,0.8740121456066001,1,0.17857142857142858
1187,53744,14,0.9369999999999999,0.9370052850006204,1,0.07142857142857142
1188,53760,16,0.9279999999999999,0.9280013307055077,1,0.0625
1189,53774,14,0.9369999999999999,0.9370204205708323,1,0.07142857142857142
1190,53790,16,0.9279999999999999,0.9280026472208244,1,0.0625
1191,53804,14,0.9369999999999999,0.937019203204026,1,0.07142857142857142
1192,53818,14,0.9369999999999999,0.9370015936307426,1,0.07142857142857142
1193,53838,20,0.91,0.9100008461074776,1,0.05
1194,53852,14,0.9369999999999999,0.9370097600197556,1,0.07142857142857142
1195,53866,14,0.9369999999999999,0.9370012335092446,1,0.07142857142857142
1196,53882,16,0.9279999999999999,0.9280384842465563,1,0.0625
1197,53898,16,0.9279999999999999,0.9280018233949205,1,0.0625
1198,53912,14,0.9369999999999999,0.9370234796047171,1,0.07142857142857142
1199,53926,14,0.9369999999999999,0.9370043079905003,1,0.07142857142857142
1200,53960,34,0.847,0.8470076551577563,1,0.029411764705882353
1201,53974,14,0.9369999999999999,0.9370130687825917,1,0.07142857142857142
1202,53988,14,0.9369999999999999,0.9370179195245806,1,0.07142857142857142
1203,54002,14,0.9369999999999999,0.9370149915184608,1,0.07142857142857142
1204,54018,16,0.9279999999999999,0.928002861731687,1,0.0625
1205,54032,14,0.9369999999999999,0.9370142348008416,1,0.07142857142857142
1206,54046,14,0.9369999999999999,0.9370115245837067,1,0.07142857142857142
1207,54060,14,0.9369999999999999,0.9370020900692128,1,0.07142857142857142
1208,54076,16,0.9279999999999999,0.9280133027446057,1,0.1875
1209,54092,16,0.9279999999999999,0.928001866338342,1,0.0625
1210,54106,14,0.9369999999999999,0.9370082160577698,1,0.07142857142857142
1211,54122,16,0.9279999999999999,0.9280049049292097,1,0.0625
1212,54136,14,0.9369999999999999,0.9370018722793979,1,0.07142857142857142
1213,54150,14,0.9369999999999999,0.9370088977179849,1,0.07142857142857142
1214,54168,18,0.919,0.9190028349289675,1,0.05555555555555555
1215,54184,16,0.9279999999999999,0.9280057278351574,1,0.0625
1216,54198,14,0.9369999999999999,0.9370028422071928,1,0.07142857142857142
1217,54212,14,0.9369999999999999,0.9370012130457247,1,0.07142857142857142
1218,54228,16,0.9279999999999999,0.9280050394252862,1,0.0625
1219,54248,20,0.91,0.9100075669929626,1,0.05
1220,54270,22,0.901,0.9010058873952296,1,0.045454545454545456
1221,54286,16,0.9279999999999999,0.9280151629396919,1,0.0625
1222,54305,19,0.9145,0.914517216458339,1,0.05263157894736842
1223,54321,16,0.9279999999999999,0.9280143520998323,1,0.0625
1224,54339,18,0.919,0.9190057799435146,1,0.05555555555555555
1225,54353,14,0.9369999999999999,0.937001440073828,1,0.07142857142857142
1226,54367,14,0.9369999999999999,0.9370019841908808,1,0.07142857142857142
1227,54389,22,0.901,0.9010180678775608,1,0.045454545454545456
1228,54413,24,0.892,0.8920025244717612,1,0.041666666666666664
1229,54427,14,0.9369999999999999,0.9370017555604897,1,0.07142857142857142
1230,54443,16,0.9279999999999999,0.9280008957923926,1,0.0625
1231,54459,16,0.9279999999999999,0.9280100470949321,1,0.0625
1232,54473,14,0.9369999999999999,0.9370142751084544,1,0.07142857142857142
1233,54489,16,0.9279999999999999,0.9280146090037144,1,0.0625
1234,54511,22,0.901,0.9010151084199507,1,0.045454545454545456
1235,54525,14,0.9369999999999999,0.9370068370233255,1,0.07142857142857142
1236,54541,16,0.9279999999999999,0.9280144496923903,1,0.0625
1237,54555,14,0.9369999999999999,0.9370010487107814,1,0.07142857142857142
1238,54571,16,0.9279999999999999,0.9280034076750078,1,0.0625
1239,54614,43,0.8065,0.8065191567561,1,0.023255813953488372
1240,54632,18,0.919,0.9190033170323745,1,0.05555555555555555
1241,54646,14,0.9369999999999999,0.9370160624538669,1,0.07142857142857142
1242,54662,16,0.9279999999999999,0.9280069960383487,1,0.0625
1243,54678,16,0.9279999999999999,0.9280112732850453,1,0.0625
1244,54692,14,0.9369999999999999,0.9370088660255688,1,0.07142857142857142
1245,54706,14,0.9369999999999999,0.9370042158938894,1,0.07142857142857142
1246,54720,14,0.9369999999999999,0.9370010729667401,1,0.07142857142857142
1247,54736,16,0.9279999999999999,0.9280011062896281,1,0.0625
1248,54750,14,0.9369999999999999,0.9370002785706374,1,0.07142857142857142
1249,54766,16,0.9279999999999999,0.9280355036985047,1,0.1875
1250,54786,20,0.91,0.9100066058912517,1,0.05
1251,54808,22,0.901,0.9010079331431415,1,0.045454545454545456
1252,54822,14,0.9369999999999999,0.9370035955981401,1,0.07142857142857142
1253,54852,30,0.865,0.8650141492384809,1,0.03333333333333333
1254,54870,18,0.919,0.9190017054074753,1,0.05555555555555555
1255,54884,14,0.9369999999999999,0.9370169255905582,1,0.07142857142857142
1256,54898,14,0.9369999999999999,0.9370044923264046,1,0.07142857142857142
1257,54914,16,0.9279999999999999,0.9280111964040441,1,0.0625
1258,54930,16,0.9279999999999999,0.9280026550330301,1,0.0625
1259,54944,14,0.9369999999999999,0.9370113065879704,1,0.07142857142857142
1260,54958,14,0.9369999999999999,0.9370099144648302,1,0.07142857142857142
1261,54976,18,0.919,0.9190114935171949,1,0.05555555555555555
1262,54990,14,0.9369999999999999,0.9370036399970129,1,0.07142857142857142
1263,55006,16,0.9279999999999999,0.9280017596287904,1,0.0625
1264,55020,14,0.9369999999999999,0.9370013348756202,1,0.07142857142857142
1265,55034,14,0.9369999999999999,0.937002378249143,1,0.07142857142857142
1266,55048,14,0.9369999999999999,0.9370003803735973,1,0.07142857142857142
1267,55064,16,0.9279999999999999,0.9280040878690694,1,0.0625
1268,55082,18,0.919,0.9190094159589658,1,0.05555555555555555
1269,55096,14,0.9369999999999999,0.9370067139131488,1,0.07142857142857142
1270,55110,14,0.9369999999999999,0.9370035735258597,1,0.07142857142857142
1271,55124,14,0.9369999999999999,0.9370021093290266,1,0.07142857142857142
1272,55138,14,0.9369999999999999,0.9370109596302725,1,0.07142857142857142
1273,55152,14,0.9369999999999999,0.9370006149151154,1,0.07142857142857142
1274,55168,16,0.9279999999999999,0.928003415308702,1,0.0625
1275,55182,14,0.9369999999999999,0.9370003985924216,1,0.07142857142857142
1276,55198,16,0.9279999999999999,0.9280006717929117,1,0.0625
1277,55212,14,0.9369999999999999,0.937001840612369,1,0.07142857142857142
1278,55226,14,0.9369999999999999,0.9370040301169273,1,0.07142857142857142
1279,55240,14,0.9369999999999999,0.9370021195805401,1,0.07142857142857142
1280,55258,18,0.919,0.9190049715762214,1,0.05555555555555555
1281,55272,14,0.9369999999999999,0.9370006231406789,1,0.07142857142857142
1282,55287,15,0.9325,0.9325062635999564,1,0.06666666666666667
1283,55303,16,0.9279999999999999,0.9280016201476305,1,0.0625
1284,55317,14,0.9369999999999999,0.9370067896296126,1,0.07142857142857142
1285,55331,14,0.9369999999999999,0.9370088473344688,1,0.07142857142857142
1286,55345,14,0.9369999999999999,0.9370015736600569,1,0.07142857142857142
1287,55359,14,0.9369999999999999,0.9370126932805172,1,0.07142857142857142
1288,55373,14,0.9369999999999999,0.9370025914507567,1,0.07142857142857142
1289,55389,16,0.9279999999999999,0.9280117656831323,1,0.0625
1290,55405,16,0.9279999999999999,0.9280087033481902,1,0.0625
1291,55419,14,0.9369999999999999,0.937000944636734,1,0.07142857142857142
1292,55433,14,0.9369999999999999,0.9370094948860601,1,0.07142857142857142
1293,55483,50,0.775,0.7750215503875443,1,0.02
1294,55497,14,0.9369999999999999,0.9370023617727019,1,0.07142857142857142
1295,55513,16,0.9279999999999999,0.9280042055328394,1,0.0625
1296,55529,16,0.9279999999999999,0.9280050685166331,1,0.0625
1297,55543,14,0.9369999999999999,0.9370010411061902,1,0.07142857142857142
1298,55557,14,0.9369999999999999,0.9370007715443788,1,0.07142857142857142
1299,55571,14,0.9369999999999999,0.9370009716775534,1,0.07142857142857142
1300,55585,14,0.9369999999999999,0.9370078926479823,1,0.07142857142857142
1301,55599,14,0.9369999999999999,0.9370022481810698,1,0.07142857142857142
1302,55613,14,0.9369999999999999,0.9370057970265192,1,0.07142857142857142
1303,55627,14,0.9369999999999999,0.9370007526638033,1,0.07142857142857142
1304,55641,14,0.9369999999999999,0.9370042715098453,1,0.07142857142857142
1305,55655,14,0.9369999999999999,0.9370107514515538,1,0.07142857142857142
1306,55669,14,0.9369999999999999,0.9370013398040293,1,0.07142857142857142
1307,55683,14,0.9369999999999999,0.9370007683638825,1,0.07142857142857142
1308,55699,16,0.9279999999999999,0.9280229359872859,1,0.0625
1309,55713,14,0.9369999999999999,0.9370224684793189,1,0.07142857142857142
1310,55727,14,0.9369999999999999,0.9370089181714227,1,0.07142857142857142
1311,55741,14,0.9369999999999999,0.9370089632999509,1,0.07142857142857142
1312,55755,14,0.9369999999999999,0.9370032151447806,1,0.07142857142857142
1313,55773,18,0.919,0.9190345029627379,1,0.16666666666666666
1314,55787,14,0.9369999999999999,0.9370039205418698,1,0.07142857142857142
1315,55801,14,0.9369999999999999,0.937011890159362,1,0.07142857142857142
1316,55815,14,0.9369999999999999,0.937001598537794,1,0.07142857142857142
1317,55877,62,0.721,0.7210395427456204,1,0.016129032258064516
1318,55893,16,0.9279999999999999,0.9280072269847612,1,0.0625
1319,55907,14,0.9369999999999999,0.9370018745950199,1,0.07142857142857142
1320,55923,16,0.9279999999999999,0.9280130704213378,1,0.0625
1321,55939,16,0.9279999999999999,0.9280036476040842,1,0.0625
1322,55953,14,0.9369999999999999,0.9370015082381424,1,0.07142857142857142
1323,55967,14,0.9369999999999999,0.93700912454911,1,0.07142857142857142
1324,55991,24,0.892,0.8920058613639663,1,0.041666666666666664
1325,56009,18,0.919,0.9190096158258302,1,0.05555555555555555
1326,56023,14,0.9369999999999999,0.9370077599327292,1,0.07142857142857142
1327,56039,16,0.9279999999999999,0.9280127183572067,1,0.0625
1328,56054,15,0.9325,0.932505515692618,1,0.06666666666666667
1329,56068,14,0.9369999999999999,0.9370066348142653,1,0.07142857142857142
1330,56082,14,0.9369999999999999,0.9370303636402275,1,0.07142857142857142
1331,56098,16,0.9279999999999999,0.9280177309670218,1,0.0625
1332,56168,70,0.685,0.6850666827941927,1,0.014285714285714285
1333,56190,22,0.901,0.9010079579882898,1,0.045454545454545456
1334,56208,18,0.919,0.9190070576412218,1,0.05555555555555555
1335,56224,16,0.9279999999999999,0.9280104186511213,1,0.0625
1336,56238,14,0.9369999999999999,0.9370083054740224,1,0.07142857142857142
1337,56254,16,0.9279999999999999,0.9280099177586401,1,0.0625
1338,56354,100,0.55,0.5500781860770959,1,0.01
1339,56368,14,0.9369999999999999,0.9370079811314493,1,0.07142857142857142
1340,56441,73,0.6715,0.6715622023322895,1,0.0136986301369863
1341,56455,14,0.9369999999999999,0.9370078436506772,1,0.07142857142857142
1342,56469,14,0.9369999999999999,0.9370076574439363,1,0.07142857142857142
1343,56503,34,0.847,0.8470214143931093,1,0.029411764705882353
1344,56517,14,0.9369999999999999,0.9370044377783147,1,0.07142857142857142
1345,56531,14,0.9369999999999999,0.9370049671860857,1,0.07142857142857142
1346,56547,16,0.9279999999999999,0.9280165641664245,1,0.1875
1347,56561,14,0.9369999999999999,0.9370047855677095,1,0.07142857142857142
1348,56575,14,0.9369999999999999,0.9370062081652052,1,0.07142857142857142
1349,56589,14,0.9369999999999999,0.9370054384854433,1,0.07142857142857142
1350,56603,14,0.9369999999999999,0.9370036470271496,1,0.07142857142857142
1351,56669,66,0.703,0.7030310465819666,1,0.015151515151515152
1352,56683,14,0.9369999999999999,0.9370190572721341,1,0.07142857142857142
1353,56727,44,0.802,0.8020264758510831,1,0.022727272727272728
1354,56741,14,0.9369999999999999,0.9370160225209814,1,0.07142857142857142
1355,56755,14,0.9369999999999999,0.9370052513737643,1,0.07142857142857142
1356,56769,14,0.9369999999999999,0.937002793626906,1,0.07142857142857142
1357,56849,80,0.6399999999999999,0.6400873596203488,1,0.0125
1358,56863,14,0.9369999999999999,0.9370073544844943,1,0.07142857142857142
1359,56877,14,0.9369999999999999,0.9370121657259737,1,0.07142857142857142
1360,56891,14,0.9369999999999999,0.9370037243050934,1,0.07142857142857142
1361,56905,14,0.9369999999999999,0.9370168029224885,1,0.07142857142857142
1362,56919,14,0.9369999999999999,0.9370061148833384,1,0.07142857142857142
1363,56933,14,0.9369999999999999,0.9370046512476838,1,0.07142857142857142
1364,56947,14,0.9369999999999999,0.9370139436769024,1,0.07142857142857142
1365,56963,16,0.9279999999999999,0.9280188478078941,1,0.0625
1366,56979,16,0.9279999999999999,0.9280092321507615,1,0.0625
1367,56993,14,0.9369999999999999,0.9370052985390096,1,0.07142857142857142
1368,57020,27,0.8785,0.8785249994882461,1,0.037037037037037035
1369,57034,14,0.9369999999999999,0.9370112136079635,1,0.07142857142857142
1370,57048,14,0.9369999999999999,0.9370056530750701,1,0.07142857142857142
1371,57068,20,0.91,0.9100039095594354,1,0.05
1372,57084,16,0.9279999999999999,0.9280060849821565,1,0.0625
1373,57098,14,0.9369999999999999,0.9370080417959346,1,0.07142857142857142
1374,57136,38,0.829,0.8290092956852002,1,0.02631578947368421
1375,57160,24,0.892,0.8920050396054877,1,0.041666666666666664
1376,57176,16,0.9279999999999999,0.9280113675018475,1,0.0625
1377,57192,16,0.9279999999999999,0.9280073691504028,1,0.0625
1378,57206,14,0.9369999999999999,0.9370129427328353,1,0.07142857142857142
1379,57224,18,0.919,0.91900491718366,1,0.05555555555555555
1380,57241,17,0.9235,0.9235028386970909,1,0.058823529411764705
1381,57257,16,0.9279999999999999,0.9280055867968617,1,0.0625
1382,57271,14,0.9369999999999999,0.9370062245010661,1,0.07142857142857142
1383,57289,18,0.919,0.9190037215132781,1,0.05555555555555555
1384,57303,14,0.9369999999999999,0.9370035569071417,1,0.07142857142857142
1385,57383,80,0.6399999999999999,0.6400227594460922,1,0.0125
1386,57397,14,0.9369999999999999,0.9370022314447609,1,0.07142857142857142
1387,57413,16,0.9279999999999999,0.9280186900969304,1,0.0625
1388,57427,14,0.9369999999999999,0.9370098637492291,1,0.07142857142857142
1389,57443,16,0.9279999999999999,0.9280015484941639,1,0.1875
1390,57457,14,0.9369999999999999,0.9370148628165644,1,0.07142857142857142
1391,57479,22,0.901,0.9010059662560822,1,0.045454545454545456
1392,57525,46,0.7929999999999999,0.7930205366097894,1,0.021739130434782608
1393,57541,16,0.9279999999999999,0.9280088534695736,1,0.0625
1394,57558,17,0.9235,0.9235035892644069,1,0.058823529411764705
1395,57572,14,0.9369999999999999,0.9370039043483763,1,0.07142857142857142
1396,57606,34,0.847,0.8470108437721712,1,0.029411764705882353
1397,57626,20,0.91,0.9100086605104152,1,0.05
1398,57642,16,0.9279999999999999,0.9280027913334451,1,0.0625
1399,57660,18,0.919,0.9190058907381907,1,0.05555555555555555
1400,57674,14,0.9369999999999999,0.937004873100973,1,0.07142857142857142
1401,57688,14,0.9369999999999999,0.9370134031338677,1,0.07142857142857142
1402,57704,16,0.9279999999999999,0.9280039002393288,1,0.0625
1403,57720,16,0.9279999999999999,0.9280303139660717,1,0.1875
1404,57734,14,0.9369999999999999,0.9370026754363877,1,0.07142857142857142
1405,57748,14,0.9369999999999999,0.9370108264867445,1,0.07142857142857142
1406,57762,14,0.9369999999999999,0.9370017073264368,1,0.07142857142857142
1407,57780,18,0.919,0.9190026381964671,1,0.05555555555555555
1408,57800,20,0.91,0.9100108392337096,1,0.05
1409,57820,20,0.91,0.9100125341034164,1,0.05
1410,57834,14,0.9369999999999999,0.9370033727372371,1,0.07142857142857142
1411,57848,14,0.9369999999999999,0.9370032499018284,1,0.07142857142857142
1412,57863,15,0.9325,0.9325034554978112,1,0.06666666666666667
1413,57877,14,0.9369999999999999,0.9370036369557811,1,0.07142857142857142
1414,57901,24,0.892,0.8920043697493641,1,0.041666666666666664
1415,57986,85,0.6174999999999999,0.617530350155879,1,0.011764705882352941
1416,58002,16,0.9279999999999999,0.928002202213898,1,0.0625
1417,58022,20,0.91,0.910002416147745,1,0.05
1418,58042,20,0.91,0.9100075705198178,1,0.05
1419,58066,24,0.892,0.8920116550868139,1,0.041666666666666664
1420,58082,16,0.9279999999999999,0.9280006278238366,1,0.0625
1421,58145,63,0.7164999999999999,0.7165447590021012,1,0.015873015873015872
1422,58159,14,0.9369999999999999,0.9370031041002469,1,0.07142857142857142
1423,58177,18,0.919,0.9190028513013366,1,0.05555555555555555
1424,58193,16,0.9279999999999999,0.9280082637295284,1,0.1875
1425,58207,14,0.9369999999999999,0.9370051921419332,1,0.07142857142857142
1426,58223,16,0.9279999999999999,0.92800259453305,1,0.0625
1427,58237,14,0.9369999999999999,0.937001295565532,1,0.07142857142857142
1428,58251,14,0.9369999999999999,0.9370044931411096,1,0.07142857142857142
1429,58267,16,0.9279999999999999,0.9280046559758544,1,0.0625
1430,58281,14,0.9369999999999999,0.9370044226547625,1,0.07142857142857142
1431,58295,14,0.9369999999999999,0.9370193643817857,1,0.07142857142857142
1432,58309,14,0.9369999999999999,0.9370004588700578,1,0.07142857142857142
1433,58323,14,0.9369999999999999,0.9370040623711803,1,0.07142857142857142
1434,58345,22,0.901,0.9010130935657119,1,0.13636363636363635
1435,58365,20,0.91,0.9100042431089727,1,0.05
1436,58379,14,0.9369999999999999,0.9370009601596654,1,0.07142857142857142
1437,58409,30,0.865,0.8650281960152051,1,0.03333333333333333
1438,58427,18,0.919,0.9190026178331043,1,0.05555555555555555
1439,58455,28,0.874,0.8740198640496113,1,0.03571428571428571
1440,58469,14,0.9369999999999999,0.9370140001849372,1,0.07142857142857142
1441,58483,14,0.9369999999999999,0.9370039955934882,1,0.07142857142857142
1442,58503,20,0.91,0.9100073143264581,1,0.05
1443,58525,22,0.901,0.9010288591940878,1,0.045454545454545456
1444,58549,24,0.892,0.8920094872230662,1,0.041666666666666664
1445,58563,14,0.9369999999999999,0.9370012882526342,1,0.07142857142857142
1446,58585,22,0.901,0.9010105797331858,1,0.045454545454545456
1447,58607,22,0.901,0.9010122775168451,1,0.045454545454545456
1448,58623,16,0.9279999999999999,0.9280128596225408,1,0.0625
1449,58643,20,0.91,0.9100127919508866,1,0.15
1450,58675,32,0.856,0.8560203814329989,1,0.03125
1451,58693,18,0.919,0.9190047929897397,1,0.05555555555555555
1452,58719,26,0.883,0.8830158904517055,1,0.038461538461538464
1453,58735,16,0.9279999999999999,0.9280029447233749,1,0.0625
1454,58749,14,0.9369999999999999,0.9370032991060293,1,0.07142857142857142
1455,58769,20,0.91,0.9100051001890042,1,0.05
1456,58791,22,0.901,0.9010114715290393,1,0.045454545454545456
1457,58829,38,0.829,0.8290377435108535,1,0.02631578947368421
1458,58859,30,0.865,0.8650261750102752,1,0.03333333333333333
1459,58875,16,0.9279999999999999,0.9280046446198696,1,0.0625
1460,58891,16,0.9279999999999999,0.9280015918704955,1,0.0625
1461,58913,22,0.901,0.9010112199939222,1,0.045454545454545456
1462,58939,26,0.883,0.8830246744923371,1,0.038461538461538464
1463,58953,14,0.9369999999999999,0.9370078547465247,1,0.07142857142857142
1464,58967,14,0.9369999999999999,0.9370100551467886,1,0.07142857142857142
1465,58984,17,0.9235,0.923501831020043,1,0.058823529411764705
1466,59004,20,0.91,0.9100104825820984,1,0.05
1467,59018,14,0.9369999999999999,0.9370095225521605,1,0.07142857142857142
1468,59037,19,0.9145,0.9145024315321275,1,0.05263157894736842
1469,59053,16,0.9279999999999999,0.9280018161819985,1,0.0625
1470,59069,16,0.9279999999999999,0.928001737492907,1,0.0625
1471,59087,18,0.919,0.9190013925732046,1,0.05555555555555555
1472,59101,14,0.9369999999999999,0.9370011020969012,1,0.07142857142857142
1473,59117,16,0.9279999999999999,0.9279999999999999,1,0.1875
1474,59143,26,0.883,0.8830040268058853,1,0.038461538461538464
1475,59157,14,0.9369999999999999,0.9370033433645769,1,0.07142857142857142
1476,59171,14,0.9369999999999999,0.9370019018540051,1,0.07142857142857142
1477,59185,14,0.9369999999999999,0.9370014215127522,1,0.07142857142857142
1478,59203,18,0.919,0.9190003146717811,1,0.05555555555555555
1479,59217,14,0.9369999999999999,0.9369999999999999,1,0.07142857142857142
1480,59235,18,0.919,0.9190184179970403,1,0.05555555555555555
1481,59249,14,0.9369999999999999,0.937006928353938,1,0.07142857142857142
1482,59267,18,0.919,0.9190000273783064,1,0.05555555555555555
1483,59289,22,0.901,0.9010008992429962,1,0.045454545454545456
1484,59305,16,0.9279999999999999,0.9280001421565762,1,0.0625
1485,59319,14,0.9369999999999999,0.9370006114090119,1,0.07142857142857142
1486,59350,31,0.8605,0.8605010122553614,1,0.03225806451612903
1487,59370,20,0.91,0.9100026280338279,1,0.05
1488,59398,28,0.874,0.8740176417865322,1,0.03571428571428571
1489,59414,16,0.9279999999999999,0.9280133575623631,1,0.1875
1490,59436,22,0.901,0.9010017235712837,1,0.045454545454545456
1491,59470,34,0.847,0.8470097945789128,1,0.029411764705882353
1492,59484,14,0.9369999999999999,0.9370071157299206,1,0.07142857142857142
1493,59500,16,0.9279999999999999,0.9280042893283322,1,0.0625
1494,59514,14,0.9369999999999999,0.9370065199340774,1,0.07142857142857142
1495,59539,25,0.8875,0.8875009102600421,1,0.04
1496,59567,28,0.874,0.8740044240343341,1,0.03571428571428571
1497,59583,16,0.9279999999999999,0.9280251401484975,1,0.1875
1498,59601,18,0.919,0.9190093366761297,1,0.05555555555555555
1499,59615,14,0.9369999999999999,0.9370004598729144,1,0.07142857142857142
1500,59639,24,0.892,0.8920094842502064,1,0.041666666666666664
1501,59655,16,0.9279999999999999,0.9280070253023829,1,0.0625
1502,59679,24,0.892,0.8920024868676809,1,0.041666666666666664
1503,59693,14,0.9369999999999999,0.9370069524891425,1,0.07142857142857142
1504,59709,16,0.9279999999999999,0.9280030911252329,1,0.0625
1505,59731,22,0.901,0.9010061141860062,1,0.045454545454545456
1506,59745,14,0.9369999999999999,0.9370014658802067,1,0.07142857142857142
1507,59769,24,0.892,0.8920179125390714,1,0.041666666666666664
1508,59785,16,0.9279999999999999,0.9280156460874285,1,0.0625
1509,59801,16,0.9279999999999999,0.9280024544801568,1,0.0625
1510,59836,35,0.8425,0.8425116339809937,1,0.08571428571428572
1511,59850,14,0.9369999999999999,0.937009899749312,1,0.07142857142857142
1512,59904,54,0.757,0.7570258663700083,1,0.018518518518518517
1513,59920,16,0.9279999999999999,0.9280039229134129,1,0.1875
1514,59940,20,0.91,0.9100124843515367,1,0.05
1515,59998,58,0.739,0.7390107160116086,1,0.017241379310344827
1516,60012,14,0.9369999999999999,0.9370033369904951,1,0.07142857142857142
1517,60026,14,0.9369999999999999,0.9370079601204633,1,0.07142857142857142
1518,60040,14,0.9369999999999999,0.9370047719524021,1,0.07142857142857142
1519,60056,16,0.9279999999999999,0.9280061646100777,1,0.0625
1520,60070,14,0.9369999999999999,0.9370079660084562,1,0.07142857142857142
1521,60084,14,0.9369999999999999,0.9370042247371919,1,0.07142857142857142
1522,60100,16,0.9279999999999999,0.9280059380189194,1,0.0625
1523,60114,14,0.9369999999999999,0.9370036999873282,1,0.07142857142857142
1524,60148,34,0.847,0.8470199318383245,1,0.029411764705882353
1525,60162,14,0.9369999999999999,0.9370022358314929,1,0.07142857142857142
1526,60176,14,0.9369999999999999,0.9370032689367658,1,0.07142857142857142
1527,60190,14,0.9369999999999999,0.9370057782548731,1,0.07142857142857142
1528,60204,14,0.9369999999999999,0.9370032354025642,1,0.07142857142857142
1529,60250,46,0.7929999999999999,0.7930179559029434,1,0.021739130434782608
1530,60268,18,0.919,0.9190063655407232,1,0.16666666666666666
1531,60286,18,0.919,0.919025704485068,1,0.05555555555555555
1532,60300,14,0.9369999999999999,0.9370046710291476,1,0.07142857142857142
1533,60317,17,0.9235,0.9235041098933034,1,0.058823529411764705
1534,60331,14,0.9369999999999999,0.9370111858431568,1,0.07142857142857142
1535,60345,14,0.9369999999999999,0.9370071155611245,1,0.07142857142857142
1536,60359,14,0.9369999999999999,0.9370029435302997,1,0.07142857142857142
1537,60373,14,0.9369999999999999,0.9370237831895631,1,0.07142857142857142
1538,60387,14,0.9369999999999999,0.93700554303229,1,0.07142857142857142
1539,60401,14,0.9369999999999999,0.9370101457434146,1,0.07142857142857142
1540,60417,16,0.9279999999999999,0.9280089090195087,1,0.0625
1541,60435,18,0.919,0.9190158962987193,1,0.16666666666666666
1542,60454,19,0.9145,0.9145108809670346,1,0.05263157894736842
1543,60468,14,0.9369999999999999,0.9370068516749805,1,0.07142857142857142
1544,60482,14,0.9369999999999999,0.9370055921082706,1,0.07142857142857142
1545,60496,14,0.9369999999999999,0.9370053745998085,1,0.07142857142857142
1546,60512,16,0.9279999999999999,0.9280180819065937,1,0.1875
1547,60528,16,0.9279999999999999,0.9280065955764701,1,0.0625
1548,60542,14,0.9369999999999999,0.9370049916920196,1,0.07142857142857142
1549,60558,16,0.9279999999999999,0.9280380672996397,1,0.1875
1550,60572,14,0.9369999999999999,0.9370061962039213,1,0.07142857142857142
1551,60586,14,0.9369999999999999,0.9370030971220771,1,0.07142857142857142
1552,60601,15,0.9325,0.9325035853062805,1,0.06666666666666667
1553,60618,17,0.9235,0.9235103233063362,1,0.058823529411764705
1554,60632,14,0.9369999999999999,0.9370148735845695,1,0.07142857142857142
1555,60646,14,0.9369999999999999,0.9370046316954104,1,0.07142857142857142
1556,60660,14,0.9369999999999999,0.9370086836084538,1,0.07142857142857142
1557,60674,14,0.9369999999999999,0.9370049079119123,1,0.07142857142857142
1558,60692,18,0.919,0.9190046325448894,1,0.16666666666666666
1559,60706,14,0.9369999999999999,0.9370160722170939,1,0.07142857142857142
1560,60724,18,0.919,0.9190066244387654,1,0.05555555555555555
1561,60740,16,0.9279999999999999,0.9280104533224549,1,0.0625
1562,60756,16,0.9279999999999999,0.9280107132313501,1,0.0625
1563,60774,18,0.919,0.9190114107893955,1,0.05555555555555555
1564,60790,16,0.9279999999999999,0.9280047568867524,1,0.0625
1565,60804,14,0.9369999999999999,0.9370048291595968,1,0.07142857142857142
1566,60820,16,0.9279999999999999,0.9280070955475267,1,0.0625
1567,60836,16,0.9279999999999999,0.9280186640155698,1,0.0625
1568,60857,21,0.9055,0.9055104372416276,1,0.047619047619047616
1569,60871,14,0.9369999999999999,0.9370034171225291,1,0.07142857142857142
1570,60885,14,0.9369999999999999,0.937006897470009,1,0.07142857142857142
1571,60901,16,0.9279999999999999,0.9280051439714242,1,0.0625
1572,60915,14,0.9369999999999999,0.937003923688652,1,0.07142857142857142
1573,60929,14,0.9369999999999999,0.9370047456589287,1,0.07142857142857142
1574,60943,14,0.9369999999999999,0.9370074067744523,1,0.07142857142857142
1575,60959,16,0.9279999999999999,0.9280192585722479,1,0.1875
1576,60973,14,0.9369999999999999,0.9370043369617584,1,0.07142857142857142
1577,60987,14,0.9369999999999999,0.9370076151467238,1,0.07142857142857142
1578,61001,14,0.9369999999999999,0.9370139553983053,1,0.07142857142857142
1579,61015,14,0.9369999999999999,0.9370009389291291,1,0.07142857142857142
1580,61037,22,0.901,0.901,1,0.045454545454545456
1581,61161,124,0.44199999999999995,0.4421156815887036,1,0.25806451612903225
1582,61225,64,0.712,0.7121194633094161,1,0.546875
1583,61241,16,0.9279999999999999,0.9280004313965421,1,0.0625
1584,61269,28,0.874,0.8740132015510726,1,0.03571428571428571
1585,61313,44,0.802,0.802003768755831,1,0.022727272727272728
1586,61327,14,0.9369999999999999,0.9370005353583901,1,0.07142857142857142
1587,61341,14,0.9369999999999999,0.9370020029125414,1,0.07142857142857142
1588,61355,14,0.9369999999999999,0.9370058608377142,1,0.07142857142857142
1589,61395,40,0.82,0.8200131201601962,1,0.025
1590,61409,14,0.9369999999999999,0.9370001345460828,1,0.07142857142857142
1591,61423,14,0.9369999999999999,0.937013653583559,1,0.07142857142857142
1592,61445,22,0.901,0.9010241539285637,1,0.045454545454545456
1593,61571,126,0.43299999999999994,0.4335069083392155,1,0.8809523809523809
1594,61590,19,0.9145,0.9145215046635985,1,0.05263157894736842
1595,61606,16,0.9279999999999999,0.928012792698538,1,0.0625
1596,61620,14,0.9369999999999999,0.9370006600055008,1,0.07142857142857142
1597,61634,14,0.9369999999999999,0.9370096662386714,1,0.07142857142857142
1598,61650,16,0.9279999999999999,0.9280150449017284,1,0.0625
1599,61735,85,0.6174999999999999,0.617532629171719,1,0.15294117647058825
1600,61751,16,0.9279999999999999,0.9280002484651673,1,0.0625
1601,61765,14,0.9369999999999999,0.9370007775500572,1,0.07142857142857142
1602,61882,117,0.47350000000000003,0.4735149067275781,1,0.008547008547008548
1603,61896,14,0.9369999999999999,0.9370000348829548,1,0.07142857142857142
1604,61914,18,0.919,0.9190014224679657,1,0.05555555555555555
1605,61928,14,0.9369999999999999,0.9370002835195311,1,0.07142857142857142
1606,62024,96,0.5680000000000001,0.5680065374432787,1,0.010416666666666666
1607,62038,14,0.9369999999999999,0.9370034395194898,1,0.07142857142857142
1608,62068,30,0.865,0.8650160507559361,1,0.03333333333333333
1609,62082,14,0.9369999999999999,0.9370069528354731,1,0.07142857142857142
1610,62103,21,0.9055,0.9055048866155136,1,0.047619047619047616
1611,62121,18,0.919,0.9190090371656828,1,0.16666666666666666
1612,62227,106,0.5229999999999999,0.5230088058193721,1,0.009433962264150943
1613,62277,50,0.775,0.7750088614881885,1,0.02
1614,62291,14,0.9369999999999999,0.9370015168635786,1,0.07142857142857142
1615,62441,150,0.32499999999999996,0.3250468528686595,1,0.006666666666666667
1616,62462,21,0.9055,0.9055020488191063,1,0.047619047619047616
1617,62478,16,0.9279999999999999,0.9280062071977135,1,0.0625
1618,62500,22,0.901,0.9010411081908115,1,0.4090909090909091
1619,62582,82,0.631,0.631009134689622,1,0.012195121951219513
1620,62601,19,0.9145,0.9145004448388665,1,0.05263157894736842
1621,62741,140,0.37,0.3701036572677335,1,0.10714285714285714
1622,62851,110,0.5049999999999999,0.5050164448900502,1,0.00909090909090909
1623,62869,18,0.919,0.9190066246130416,1,0.05555555555555555
1624,62893,24,0.892,0.8920010806471784,1,0.041666666666666664
1625,62907,14,0.9369999999999999,0.9370028594359153,1,0.07142857142857142
1626,62925,18,0.919,0.919015565634899,1,0.05555555555555555
1627,62939,14,0.9369999999999999,0.9370010085815321,1,0.07142857142857142
1628,62957,18,0.919,0.9190040135454011,1,0.05555555555555555
1629,63018,61,0.7255,0.7255066997863941,1,0.01639344262295082
1630,63032,14,0.9369999999999999,0.9370052549457526,1,0.07142857142857142
1631,63046,14,0.9369999999999999,0.9370021725164979,1,0.07142857142857142
1632,63062,16,0.9279999999999999,0.928003625473237,1,0.0625
1633,63076,14,0.9369999999999999,0.9370075381914694,1,0.07142857142857142
1634,63090,14,0.9369999999999999,0.9370080153753937,1,0.07142857142857142
1635,63106,16,0.9279999999999999,0.9280002102096124,1,0.1875
1636,63122,16,0.9279999999999999,0.9280004229191019,1,0.0625
1637,63140,18,0.919,0.9190015118761429,1,0.05555555555555555
1638,63156,16,0.9279999999999999,0.9280024528559584,1,0.0625
1639,63189,33,0.8514999999999999,0.8515236586661685,1,0.030303030303030304
1640,63223,34,0.847,0.8470123667640351,1,0.029411764705882353
1641,63270,47,0.7885,0.7885153795583835,1,0.06382978723404255
1642,63310,40,0.82,0.8200122666366839,1,0.025
1643,63332,22,0.901,0.901003309842674,1,0.045454545454545456
1644,63348,16,0.9279999999999999,0.9280015757285962,1,0.0625
1645,63380,32,0.856,0.8560133149291917,1,0.03125
1646,63408,28,0.874,0.8740126710616098,1,0.03571428571428571
1647,63428,20,0.91,0.9100187065696475,1,0.05
1648,63484,56,0.748,0.7480410753671501,1,0.017857142857142856
1649,63510,26,0.883,0.8830180525275535,1,0.038461538461538464
1650,63530,20,0.91,0.9100106231096144,1,0.05
1651,63546,16,0.9279999999999999,0.9280023459485471,1,0.0625
1652,63562,16,0.9279999999999999,0.9280120103615586,1,0.0625
1653,63584,22,0.901,0.901007933152031,1,0.045454545454545456
1654,63610,26,0.883,0.8830154968627358,1,0.038461538461538464
1655,63640,30,0.865,0.8650145774682118,1,0.03333333333333333
1656,63720,80,0.6399999999999999,0.6401230050614776,1,0.0125
1657,63738,18,0.919,0.9190006075767441,1,0.05555555555555555
1658,63752,14,0.9369999999999999,0.9370070206225636,1,0.07142857142857142
1659,63796,44,0.802,0.8021178880746298,1,0.022727272727272728
1660,63842,46,0.7929999999999999,0.7931448365570782,1,0.021739130434782608
1661,63858,16,0.9279999999999999,0.9280067228202591,1,0.0625
1662,63874,16,0.9279999999999999,0.9280142805343923,1,0.0625
1663,63892,18,0.919,0.9190050926572112,1,0.05555555555555555
1664,63943,51,0.7705,0.7705184975215842,1,0.058823529411764705
1665,63975,32,0.856,0.8560036284672966,1,0.03125
1666,64009,34,0.847,0.8470228630560244,1,0.029411764705882353
1667,64027,18,0.919,0.9190014228744994,1,0.05555555555555555
1668,64227,200,0.0,9.08705208509516e-06,0,0.005
1669,64323,96,0.5680000000000001,0.5680058472214414,1,0.010416666666666666
1670,64417,94,0.577,0.577008631142506,1,0.010638297872340425
1671,64440,23,0.8965,0.8965039443389318,1,0.043478260869565216
1672,64576,136,0.3879999999999999,0.3880105143103112,1,0.007352941176470588
1673,64596,20,0.91,0.9100061071204298,1,0.05
1674,64622,26,0.883,0.8830067429491506,1,0.038461538461538464
1675,64717,95,0.5725,0.5725195155386384,1,0.010526315789473684
1676,64739,22,0.901,0.901009008607685,1,0.045454545454545456
1677,64797,58,0.739,0.7390064348043583,1,0.017241379310344827
1678,64970,173,0.22150000000000003,0.22153544840212375,1,0.005780346820809248
1679,65027,57,0.7435,0.7435230667080062,1,0.05263157894736842
1680,65063,36,0.838,0.8380022335237072,1,0.027777777777777776
1681,65121,58,0.739,0.7390191557161624,1,0.017241379310344827
1682,65170,49,0.7795,0.7795031536173832,1,0.061224489795918366
1683,65370,200,0.0,1.7051731207085095e-05,0,0.005
1684,65559,189,0.14950000000000008,0.14951416969974635,1,0.005291005291005291
1685,65661,102,0.5409999999999999,0.5410203652173824,1,0.00980392156862745
1686,65704,43,0.8065,0.8065186783947923,1,0.023255813953488372
1687,65743,39,0.8245,0.8245121817300383,1,0.02564102564102564
1688,65810,67,0.6984999999999999,0.6985101537768836,1,0.014925373134328358
1689,65871,61,0.7255,0.7255144720793923,1,0.01639344262295082
1690,66016,145,0.34750000000000003,0.3475096687841316,1,0.006896551724137931
1691,66107,91,0.5905,0.5905048283259372,1,0.01098901098901099
1692,66181,74,0.667,0.6670015391078575,1,0.013513513513513514
1693,66299,118,0.469,0.4690007350178067,1,0.00847457627118644
1694,66499,200,0.0,2.3259923401563115e-05,0,0.005
1695,66613,114,0.487,0.48700895450400805,1,0.008771929824561403
1696,66813,200,0.09999999999999998,0.1000149774418442,1,0.005
1697,67013,200,0.0,1.4657073750677972e-05,0,0.005
1698,67027,14,0.9369999999999999,0.9370034429197407,1,0.07142857142857142
1699,67095,68,0.694,0.694004599296645,1,0.014705882352941176
1700,67168,73,0.6715,0.6715082167575334,1,0.0136986301369863
1701,67188,20,0.91,0.9100015188842822,1,0.05
1702,67216,28,0.874,0.8740050454363787,1,0.03571428571428571
1703,67371,155,0.3025,0.30253904225941586,1,0.0064516129032258064
1704,67390,19,0.9145,0.9145026121546816,1,0.05263157894736842
1705,67555,165,0.25750000000000006,0.2575343208094942,1,0.006060606060606061
1706,67755,200,0.0,6.296898611198331e-05,0,0.005
1707,67771,16,0.9279999999999999,0.9280011353270434,1,0.0625
1708,67791,20,0.91,0.9100039788652527,1,0.05
1709,67991,200,0.0,7.199913356414908e-05,0,0.005
1710,68065,74,0.667,0.6670511004284623,1,0.0945945945945946
1711,68265,200,0.0,5.431700747821738e-05,0,0.005
1712,68465,200,0.0,2.1977157517088406e-05,0,0.005
1713,68665,200,0.0,5.006131045478965e-05,0,0.005
1714,68854,189,0.14950000000000008,0.14956069039535214,1,0.015873015873015872
1715,68907,53,0.7615,0.7615046981283419,1,0.018867924528301886
1716,69081,174,0.21699999999999997,0.21705673655206956,1,0.017241379310344827
1717,69241,160,0.2799999999999999,0.28002286561639234,1,0.00625
1718,69421,180,0.18999999999999995,0.1900094062210164,1,0.005555555555555556
1719,69530,109,0.5095,0.5095891115268654,1,0.027522935779816515
1720,69730,200,0.0,8.093813632278793e-06,0,0.005
1721,69760,30,0.865,0.8650154549438817,1,0.16666666666666666
1722,69839,79,0.6445,0.6445205679989453,1,0.0379746835443038
1723,69947,108,0.514,0.5140115059716784,1,0.009259259259259259
1724,70029,82,0.631,0.6310153455294487,1,0.012195121951219513
1725,70045,16,0.9279999999999999,0.928005076607306,1,0.0625
1726,70084,39,0.8245,0.8245286570578598,1,0.02564102564102564
1727,70102,18,0.919,0.9190061263974336,1,0.05555555555555555
1728,70120,18,0.919,0.9190096611969938,1,0.05555555555555555
1729,70141,21,0.9055,0.9055112059817948,1,0.047619047619047616
1730,70157,16,0.9279999999999999,0.9280264211273184,1,0.0625
1731,70173,16,0.9279999999999999,0.9280086142274949,1,0.0625
1732,70191,18,0.919,0.9190114375104204,1,0.05555555555555555
1733,70207,16,0.9279999999999999,0.9280116501510821,1,0.0625
1734,70230,23,0.8965,0.8965119581236805,1,0.043478260869565216
1735,70258,28,0.874,0.874010210406725,1,0.03571428571428571
1736,70285,27,0.8785,0.8785149719168421,1,0.037037037037037035
1737,70301,16,0.9279999999999999,0.9280114629450674,1,0.0625
1738,70317,16,0.9279999999999999,0.9280074796994315,1,0.0625
1739,70338,21,0.9055,0.9055109479906975,1,0.047619047619047616
1740,70357,19,0.9145,0.914506274261226,1,0.05263157894736842
1741,70375,18,0.919,0.9190057300770695,1,0.05555555555555555
1742,70419,44,0.802,0.8020250469258893,1,0.022727272727272728
1743,70435,16,0.9279999999999999,0.9280198748028228,1,0.0625
1744,70454,19,0.9145,0.9145133135942238,1,0.05263157894736842
1745,70470,16,0.9279999999999999,0.9280075790298843,1,0.0625
1746,70493,23,0.8965,0.8965211826367626,1,0.043478260869565216
1747,70511,18,0.919,0.9190149906237554,1,0.05555555555555555
1748,70532,21,0.9055,0.9055247132050652,1,0.047619047619047616
1749,70558,26,0.883,0.8830199192953302,1,0.11538461538461539
1750,70610,52,0.766,0.766024214625188,1,0.057692307692307696
1751,70646,36,0.838,0.8380266072730912,1,0.027777777777777776
1752,70698,52,0.766,0.7660137524507716,1,0.019230769230769232
1753,70716,18,0.919,0.9190060039653143,1,0.05555555555555555
1754,70734,18,0.919,0.9190263834724586,1,0.16666666666666666
1755,70762,28,0.874,0.8740123061059821,1,0.03571428571428571
1756,70793,31,0.8605,0.8605278639330579,1,0.03225806451612903
1757,70813,20,0.91,0.9100067437037529,1,0.05
1758,70834,21,0.9055,0.9055090929182146,1,0.047619047619047616
1759,70886,52,0.766,0.7660190455839685,1,0.019230769230769232
1760,70924,38,0.829,0.8290229515055252,1,0.02631578947368421
1761,70942,18,0.919,0.9190119876237751,1,0.05555555555555555
1762,70961,19,0.9145,0.9145227511678077,1,0.05263157894736842
1763,70996,35,0.8425,0.8425133968753857,1,0.02857142857142857
1764,71038,42,0.8109999999999999,0.811017537584345,1,0.07142857142857142
1765,71054,16,0.9279999999999999,0.9280047128081832,1,0.0625
1766,71070,16,0.9279999999999999,0.9280014698467568,1,0.0625
1767,71088,18,0.919,0.9190060469037975,1,0.16666666666666666
1768,71122,34,0.847,0.8470332147755271,1,0.029411764705882353
1769,71167,45,0.7975,0.7975327244559587,1,0.022222222222222223
1770,71337,170,0.235,0.2353332591390719,1,0.0058823529411764705
1771,71353,16,0.9279999999999999,0.9280040765616488,1,0.0625
1772,71430,77,0.6535,0.6535277665989339,1,0.012987012987012988
1773,71448,18,0.919,0.9190045345013428,1,0.05555555555555555
1774,71466,18,0.919,0.9190210253474764,1,0.05555555555555555
1775,71533,67,0.6984999999999999,0.6985315374620484,1,0.014925373134328358
1776,71600,67,0.6984999999999999,0.6985186306327533,1,0.014925373134328358
1777,71702,102,0.5409999999999999,0.5410569021534144,1,0.00980392156862745
1778,71720,18,0.919,0.9190276405311456,1,0.05555555555555555
1779,71763,43,0.8065,0.8065404969390872,1,0.023255813953488372
1780,71947,184,0.17199999999999993,0.17255291800123532,1,0.005434782608695652
1781,71978,31,0.8605,0.8605179948216303,1,0.03225806451612903
1782,72021,43,0.8065,0.8065173954685065,1,0.023255813953488372
1783,72057,36,0.838,0.8380238587317416,1,0.027777777777777776
1784,72085,28,0.874,0.8740140464137994,1,0.03571428571428571
1785,72237,152,0.31599999999999995,0.3160565629883804,1,0.006578947368421052
1786,72437,200,0.0,9.227210385702617e-05,0,0.015
1787,72571,134,0.3969999999999999,0.39704437396582926,1,0.007462686567164179
1788,72593,22,0.901,0.9010044756833028,1,0.045454545454545456
1789,72793,200,0.09999999999999998,0.1004748314148201,1,0.185
1790,72993,200,0.0,7.81716821421323e-05,0,0.025
1791,73032,39,0.8245,0.8245331746258145,1,0.23076923076923078
1792,73075,43,0.8065,0.8065076684849027,1,0.023255813953488372
1793,73093,18,0.919,0.9190036741192048,1,0.05555555555555555
1794,73117,24,0.892,0.892030139510432,1,0.125
1795,73135,18,0.919,0.9190022460313116,1,0.05555555555555555
1796,73335,200,0.0,7.096022894956052e-05,0,0.035
1797,73411,76,0.6579999999999999,0.6580150946376626,1,0.013157894736842105
1798,73463,52,0.766,0.7662407211282246,1,0.6730769230769231
1799,73518,55,0.7525,0.7525231508774713,1,0.05454545454545454
1800,73588,70,0.685,0.6852350552636076,1,0.4
1801,73604,16,0.9279999999999999,0.9280010186906468,1,0.0625
1802,73622,18,0.919,0.9190022538205429,1,0.16666666666666666
1803,73642,20,0.91,0.9100008395232883,1,0.05
1804,73660,18,0.919,0.9190005631729851,1,0.05555555555555555
1805,73676,16,0.9279999999999999,0.9280118808949817,1,0.0625
1806,73710,34,0.847,0.8470734739431449,1,0.5
1807,73728,18,0.919,0.9190154980136351,1,0.05555555555555555
1808,73752,24,0.892,0.8920819710868702,1,0.375
1809,73774,22,0.901,0.901023553135192,1,0.22727272727272727
1810,73826,52,0.766,0.7660402392701033,1,0.1346153846153846
1811,73864,38,0.829,0.8290452511292646,1,0.18421052631578946
1812,73882,18,0.919,0.9190005238030656,1,0.16666666666666666
1813,73914,32,0.856,0.8560014147580088,1,0.03125
1814,73936,22,0.901,0.9010392702286094,1,0.3181818181818182
1815,73966,30,0.865,0.8650833203348686,1,0.5
1816,73986,20,0.91,0.9100802779765554,1,0.25
1817,74007,21,0.9055,0.9055440358287747,1,0.23809523809523808
1818,74021,14,0.9369999999999999,0.9370298030948829,1,0.07142857142857142
1819,74035,14,0.9369999999999999,0.9370063655871058,1,0.07142857142857142
1820,74051,16,0.9279999999999999,0.9280259083982416,1,0.1875
1821,74065,14,0.9369999999999999,0.9370066405248495,1,0.07142857142857142
1822,74079,14,0.9369999999999999,0.9369999999999999,1,0.07142857142857142
1823,74093,14,0.9369999999999999,0.9370000584848788,1,0.07142857142857142
1824,74141,48,0.784,0.7840086186415539,1,0.020833333333333332
1825,74155,14,0.9369999999999999,0.937000260744334,1,0.07142857142857142
1826,74171,16,0.9279999999999999,0.9280089088032827,1,0.0625
1827,74185,14,0.9369999999999999,0.9370000420522022,1,0.07142857142857142
1828,74199,14,0.9369999999999999,0.9370005175051995,1,0.07142857142857142
1829,74213,14,0.9369999999999999,0.9369999999999999,1,0.07142857142857142
1830,74227,14,0.9369999999999999,0.9370057623611115,1,0.07142857142857142
1831,74241,14,0.9369999999999999,0.9370005657808977,1,0.07142857142857142
1832,74255,14,0.9369999999999999,0.9370114533664179,1,0.07142857142857142
1833,74269,14,0.9369999999999999,0.937000314666728,1,0.07142857142857142
1834,74283,14,0.9369999999999999,0.9370029043406473,1,0.07142857142857142
1835,74297,14,0.9369999999999999,0.9370256428255771,1,0.07142857142857142
1836,74315,18,0.919,0.9190176262893057,1,0.05555555555555555
1837,74331,16,0.9279999999999999,0.9279999999999999,1,0.0625
1838,74345,14,0.9369999999999999,0.9370113984955903,1,0.07142857142857142
1839,74359,14,0.9369999999999999,0.9370089599242167,1,0.07142857142857142
1840,74373,14,0.9369999999999999,0.937002060502071,1,0.07142857142857142
1841,74387,14,0.9369999999999999,0.9370263721607924,1,0.07142857142857142
1842,74401,14,0.9369999999999999,0.9370001547118553,1,0.07142857142857142
1843,74417,16,0.9279999999999999,0.9280029776260269,1,0.0625
1844,74431,14,0.9369999999999999,0.9369999999999999,1,0.07142857142857142
1845,74445,14,0.9369999999999999,0.9370117912282326,1,0.07142857142857142
1846,74459,14,0.9369999999999999,0.9370201643798044,1,0.07142857142857142
1847,74477,18,0.919,0.9190007257216984,1,0.05555555555555555
1848,74491,14,0.9369999999999999,0.9369999999999999,1,0.07142857142857142
1849,74505,14,0.9369999999999999,0.9370151945583551,1,0.07142857142857142
1850,74519,14,0.9369999999999999,0.9370148257022275,1,0.07142857142857142
1851,74545,26,0.883,0.883003007274265,1,0.038461538461538464
1852,74563,18,0.919,0.9190000848075424,1,0.05555555555555555
1853,74583,20,0.91,0.9100064931219392,1,0.05
1854,74603,20,0.91,0.9100557133872159,1,0.35
1855,74619,16,0.9279999999999999,0.928021392980539,1,0.0625
1856,74633,14,0.9369999999999999,0.9369999999999999,1,0.07142857142857142
1857,74649,16,0.9279999999999999,0.9280073251045192,1,0.0625
1858,74663,14,0.9369999999999999,0.9370268207713897,1,0.07142857142857142
1859,74677,14,0.9369999999999999,0.9369999999999999,1,0.07142857142857142
1860,74693,16,0.9279999999999999,0.9280000996193517,1,0.0625
1861,74707,14,0.9369999999999999,0.9370003442590528,1,0.07142857142857142
1862,74721,14,0.9369999999999999,0.9370087323347263,1,0.07142857142857142
1863,74735,14,0.9369999999999999,0.9370023936200867,1,0.07142857142857142
1864,74749,14,0.9369999999999999,0.937005643301918,1,0.07142857142857142
1865,74763,14,0.9369999999999999,0.937030342664808,1,0.07142857142857142
1866,74777,14,0.9369999999999999,0.937006483506585,1,0.07142857142857142
1867,74791,14,0.9369999999999999,0.9370079406589726,1,0.07142857142857142
1868,74805,14,0.9369999999999999,0.9370156078460665,1,0.07142857142857142
1869,74819,14,0.9369999999999999,0.9370160010234653,1,0.07142857142857142
1870,74835,16,0.9279999999999999,0.92803315076427,1,0.0625
1871,74897,62,0.721,0.7210113564602625,1,0.016129032258064516
1872,74913,16,0.9279999999999999,0.9280055629355529,1,0.0625
1873,74929,16,0.9279999999999999,0.9280276513272637,1,0.1875
1874,74943,14,0.9369999999999999,0.9370059938546492,1,0.07142857142857142
1875,74957,14,0.9369999999999999,0.9370083220042839,1,0.07142857142857142
1876,74971,14,0.9369999999999999,0.9370003620650188,1,0.07142857142857142
1877,74985,14,0.9369999999999999,0.9370118085401966,1,0.07142857142857142
1878,74999,14,0.9369999999999999,0.9370279378075571,1,0.07142857142857142
1879,75013,14,0.9369999999999999,0.9370026359966469,1,0.07142857142857142
1880,75027,14,0.9369999999999999,0.9370034473861498,1,0.07142857142857142
1881,75041,14,0.9369999999999999,0.9370020977724091,1,0.07142857142857142
1882,75057,16,0.9279999999999999,0.9280026027486544,1,0.1875
1883,75071,14,0.9369999999999999,0.9370034194880462,1,0.07142857142857142
1884,75089,18,0.919,0.9190250965254205,1,0.16666666666666666
1885,75117,28,0.874,0.8740385633779819,1,0.10714285714285714
1886,75137,20,0.91,0.9100038312287237,1,0.05
1887,75164,27,0.8785,0.8785060356910968,1,0.037037037037037035
1888,75178,14,0.9369999999999999,0.9370019775927012,1,0.07142857142857142
1889,75192,14,0.9369999999999999,0.9370173386589692,1,0.07142857142857142
1890,75250,58,0.739,0.7390175234403925,1,0.017241379310344827
1891,75264,14,0.9369999999999999,0.937004209583673,1,0.07142857142857142
1892,75322,58,0.739,0.7390218349186789,1,0.017241379310344827
1893,75342,20,0.91,0.9100032897447731,1,0.05
1894,75358,16,0.9279999999999999,0.9280036280756302,1,0.0625
1895,75384,26,0.883,0.883009792134975,1,0.038461538461538464
1896,75402,18,0.919,0.9190138730282201,1,0.05555555555555555
1897,75416,14,0.9369999999999999,0.9370156835490574,1,0.07142857142857142
1898,75432,16,0.9279999999999999,0.9280041778110989,1,0.0625
1899,75540,108,0.514,0.5140238289196801,1,0.009259259259259259
1900,75598,58,0.739,0.7390165509672902,1,0.017241379310344827
1901,75612,14,0.9369999999999999,0.9370048321217797,1,0.07142857142857142
1902,75632,20,0.91,0.9100046173095472,1,0.05
1903,75646,14,0.9369999999999999,0.9370028121983177,1,0.07142857142857142
1904,75697,51,0.7705,0.7705127509117405,1,0.0196078431372549
1905,75717,20,0.91,0.9100270391515443,1,0.05
1906,75731,14,0.9369999999999999,0.9370091752481978,1,0.07142857142857142
1907,75747,16,0.9279999999999999,0.9280030164987151,1,0.0625
1908,75771,24,0.892,0.8920171592814723,1,0.041666666666666664
1909,75791,20,0.91,0.9100148694645334,1,0.15
1910,75813,22,0.901,0.901007195843363,1,0.045454545454545456
1911,75837,24,0.892,0.8920114788642959,1,0.041666666666666664
1912,75853,16,0.9279999999999999,0.928012917297933,1,0.0625
1913,75867,14,0.9369999999999999,0.9370021219291561,1,0.07142857142857142
1914,75933,66,0.703,0.7030186967924139,1,0.015151515151515152
1915,75955,22,0.901,0.9010100427522186,1,0.045454545454545456
1916,76013,58,0.739,0.73901904116433,1,0.017241379310344827
1917,76027,14,0.9369999999999999,0.9370144308758437,1,0.07142857142857142
1918,76077,50,0.775,0.7750039257511828,1,0.02
1919,76123,46,0.7929999999999999,0.7930347659960526,1,0.06521739130434782
1920,76151,28,0.874,0.8740001750231947,1,0.03571428571428571
1921,76233,82,0.631,0.631000718928795,1,0.012195121951219513
1922,76353,120,0.45999999999999996,0.46000594672323664,1,0.008333333333333333
1923,76367,14,0.9369999999999999,0.9370001994336972,1,0.07142857142857142
1924,76383,16,0.9279999999999999,0.9279999999999999,1,0.0625
1925,76474,91,0.5905,0.5905225621906368,1,0.01098901098901099
1926,76590,116,0.478,0.47800053614835375,1,0.008620689655172414
1927,76759,169,0.23950000000000005,0.23950201025636841,1,0.005917159763313609
1928,76787,28,0.874,0.874000551759629,1,0.03571428571428571
1929,76852,65,0.7075,0.7075079593713149,1,0.015384615384615385
1930,76898,46,0.7929999999999999,0.7930039177743232,1,0.021739130434782608
1931,76912,14,0.9369999999999999,0.9370030171771254,1,0.07142857142857142
1932,76930,18,0.919,0.919000583430714,1,0.05555555555555555
1933,76946,16,0.9279999999999999,0.9280013712083108,1,0.0625
1934,76960,14,0.9369999999999999,0.9370139592279068,1,0.07142857142857142
1935,76981,21,0.9055,0.9055116792475424,1,0.047619047619047616
1936,77010,29,0.8694999999999999,0.8695006771785979,1,0.034482758620689655
1937,77029,19,0.9145,0.9145095837853866,1,0.05263157894736842
1938,77047,18,0.919,0.9190126870029052,1,0.2777777777777778
1939,77226,179,0.1945,0.1945068375286917,1,0.01675977653631285
1940,77274,48,0.784,0.7840093187366338,1,0.020833333333333332
1941,77295,21,0.9055,0.9055026945086101,1,0.047619047619047616
1942,77485,190,0.14500000000000002,0.1450194441450932,1,0.03684210526315789
1943,77546,61,0.7255,0.7255177969386843,1,0.01639344262295082
1944,77676,130,0.4149999999999999,0.41501242882312367,1,0.007692307692307693
1945,77728,52,0.766,0.7660035734356457,1,0.019230769230769232
1946,77754,26,0.883,0.8830036288823209,1,0.038461538461538464
1947,77832,78,0.649,0.6490219011878621,1,0.038461538461538464
1948,77869,37,0.8335,0.8335093114628108,1,0.02702702702702703
1949,77885,16,0.9279999999999999,0.9280126508021138,1,0.0625
1950,77996,111,0.5005,0.5005072888944826,1,0.009009009009009009
1951,78014,18,0.919,0.9190265144843421,1,0.05555555555555555
1952,78032,18,0.919,0.9190038239745216,1,0.05555555555555555
1953,78060,28,0.874,0.8740100620448364,1,0.03571428571428571
1954,78076,16,0.9279999999999999,0.9280245442985147,1,0.1875
1955,78090,14,0.9369999999999999,0.937001803482992,1,0.07142857142857142
1956,78106,16,0.9279999999999999,0.9280034107688874,1,0.1875
1957,78120,14,0.9369999999999999,0.9370020549140063,1,0.07142857142857142
1958,78134,14,0.9369999999999999,0.9370042385083742,1,0.07142857142857142
1959,78148,14,0.9369999999999999,0.937001142442369,1,0.07142857142857142
1960,78162,14,0.9369999999999999,0.9370048596361347,1,0.07142857142857142
1961,78176,14,0.9369999999999999,0.9370038796249024,1,0.07142857142857142
1962,78190,14,0.9369999999999999,0.9370010337223444,1,0.07142857142857142
1963,78204,14,0.9369999999999999,0.9370072896440762,1,0.07142857142857142
1964,78220,16,0.9279999999999999,0.9280082643624814,1,0.0625
1965,78234,14,0.9369999999999999,0.9370154356593516,1,0.07142857142857142
1966,78248,14,0.9369999999999999,0.9370020599089484,1,0.07142857142857142
1967,78268,20,0.91,0.910004843002503,1,0.05
1968,78282,14,0.9369999999999999,0.9370001220067485,1,0.07142857142857142
1969,78296,14,0.9369999999999999,0.937008339251813,1,0.07142857142857142
1970,78310,14,0.9369999999999999,0.9370004424868942,1,0.07142857142857142
1971,78324,14,0.9369999999999999,0.9370092726951491,1,0.07142857142857142
1972,78340,16,0.9279999999999999,0.9280014761953749,1,0.0625
1973,78354,14,0.9369999999999999,0.9370028162785689,1,0.07142857142857142
1974,78368,14,0.9369999999999999,0.9370008979384665,1,0.07142857142857142
1975,78382,14,0.9369999999999999,0.937001809260461,1,0.07142857142857142
1976,78398,16,0.9279999999999999,0.9280051545093282,1,0.1875
1977,78412,14,0.9369999999999999,0.9370173024585889,1,0.07142857142857142
1978,78426,14,0.9369999999999999,0.9370013912608025,1,0.07142857142857142
1979,78440,14,0.9369999999999999,0.9370068929487722,1,0.07142857142857142
1980,78456,16,0.9279999999999999,0.9280084536763452,1,0.0625
1981,78470,14,0.9369999999999999,0.9370029869972465,1,0.07142857142857142
1982,78484,14,0.9369999999999999,0.9370034962497169,1,0.07142857142857142
1983,78502,18,0.919,0.919001919046662,1,0.05555555555555555
1984,78516,14,0.9369999999999999,0.9370027103856923,1,0.07142857142857142
1985,78532,16,0.9279999999999999,0.9280071896686549,1,0.0625
1986,78546,14,0.9369999999999999,0.9370008761522164,1,0.07142857142857142
1987,78560,14,0.9369999999999999,0.9370007503444596,1,0.07142857142857142
1988,78576,16,0.9279999999999999,0.9280018037632642,1,0.0625
1989,78590,14,0.9369999999999999,0.9370113369273616,1,0.07142857142857142
1990,78604,14,0.9369999999999999,0.9370001798867127,1,0.07142857142857142
1991,78644,40,0.82,0.8200110331252433,1,0.025
1992,78658,14,0.9369999999999999,0.9370007435075248,1,0.07142857142857142
1993,78672,14,0.9369999999999999,0.9370007711385602,1,0.07142857142857142
1994,78686,14,0.9369999999999999,0.9370008811458342,1,0.07142857142857142
1995,78702,16,0.9279999999999999,0.9280018035526629,1,0.0625
1996,78716,14,0.9369999999999999,0.9370027718430152,1,0.07142857142857142
1997,78730,14,0.9369999999999999,0.9370004747282044,1,0.07142857142857142
1998,78746,16,0.9279999999999999,0.9280020774739259,1,0.0625
1999,78763,17,0.9235,0.9235054406924716,1,0.058823529411764705
2000,78781,18,0.919,0.9190153211779287,1,0.16666666666666666
2001,78795,14,0.9369999999999999,0.9370056059093049,1,0.07142857142857142
2002,78811,16,0.9279999999999999,0.9280177808692224,1,0.1875
2003,78825,14,0.9369999999999999,0.9370078433067153,1,0.07142857142857142
2004,78839,14,0.9369999999999999,0.9370011476302078,1,0.07142857142857142
2005,78855,16,0.9279999999999999,0.9280007315124951,1,0.0625
2006,78869,14,0.9369999999999999,0.9370014175657807,1,0.07142857142857142
2007,78885,16,0.9279999999999999,0.9280030703112039,1,0.0625
2008,78899,14,0.9369999999999999,0.937007250170296,1,0.07142857142857142
2009,78913,14,0.9369999999999999,0.9370090755978007,1,0.07142857142857142
2010,78927,14,0.9369999999999999,0.937000127840131,1,0.07142857142857142
2011,78941,14,0.9369999999999999,0.9370003650117726,1,0.07142857142857142
2012,78955,14,0.9369999999999999,0.9370015115323828,1,0.07142857142857142
2013,78971,16,0.9279999999999999,0.9280034896713166,1,0.0625
2014,78999,28,0.874,0.8740088211890372,1,0.03571428571428571
2015,79015,16,0.9279999999999999,0.9280007783914048,1,0.0625
2016,79031,16,0.9279999999999999,0.9280037373927154,1,0.0625
2017,79045,14,0.9369999999999999,0.9370017123118636,1,0.07142857142857142
2018,79059,14,0.9369999999999999,0.9370045181062341,1,0.07142857142857142
2019,79073,14,0.9369999999999999,0.9370134144173228,1,0.07142857142857142
2020,79175,102,0.5409999999999999,0.5410015201256232,1,0.029411764705882353
2021,79191,16,0.9279999999999999,0.9279999999999999,1,0.0625
2022,79205,14,0.9369999999999999,0.9370018731325971,1,0.07142857142857142
2023,79231,26,0.883,0.8830006881084203,1,0.038461538461538464
2024,79261,30,0.865,0.8650002983517077,1,0.03333333333333333
2025,79421,160,0.2799999999999999,0.2800014392028487,1,0.00625
2026,79435,14,0.9369999999999999,0.9370077209479714,1,0.07142857142857142
2027,79455,20,0.91,0.9100001608036957,1,0.05
2028,79471,16,0.9279999999999999,0.928001604310069,1,0.0625
2029,79485,14,0.9369999999999999,0.9370007525829267,1,0.07142857142857142
2030,79554,69,0.6895,0.6895018353181308,1,0.014492753623188406
2031,79570,16,0.9279999999999999,0.9280086577485093,1,0.0625
2032,79584,14,0.9369999999999999,0.937008525908592,1,0.07142857142857142
2033,79598,14,0.9369999999999999,0.9369999999999999,1,0.07142857142857142
2034,79612,14,0.9369999999999999,0.9370149100773018,1,0.07142857142857142
2035,79644,32,0.856,0.8560057794809586,1,0.03125
2036,79661,17,0.9235,0.9235037182222262,1,0.058823529411764705
2037,79675,14,0.9369999999999999,0.9370078209836544,1,0.07142857142857142
2038,79837,162,0.2709999999999999,0.27101880099855286,1,0.006172839506172839
2039,79851,14,0.9369999999999999,0.9370078343495971,1,0.07142857142857142
2040,79867,16,0.9279999999999999,0.9280016441869529,1,0.0625
2041,79887,20,0.91,0.9100547824903061,1,0.25
2042,79921,34,0.847,0.8470007074824889,1,0.029411764705882353
2043,80019,98,0.5589999999999999,0.559001828491024,1,0.01020408163265306
2044,80219,200,0.0,0.00015291366966789204,0,0.11
2045,80389,170,0.235,0.23508486158944428,1,0.029411764705882353
2046,80589,200,0.0,8.972699133982533e-05,0,0.03
2047,80789,200,0.0,5.650628104193298e-05,0,0.005
2048,80803,14,0.9369999999999999,0.9370019754436674,1,0.07142857142857142
2049,81003,200,0.0,0.00010242909262004582,0,0.015
2050,81095,92,0.586,0.5860529593987217,1,0.03260869565217391
2051,81109,14,0.9369999999999999,0.9370034873218734,1,0.07142857142857142
2052,81309,200,0.0,0.00020119638640624004,0,0.01
2053,81327,18,0.919,0.9190076315390118,1,0.05555555555555555
2054,81361,34,0.847,0.847033909418239,1,0.08823529411764706
2055,81375,14,0.9369999999999999,0.9370038168168094,1,0.07142857142857142
2056,81389,14,0.9369999999999999,0.9370022328532541,1,0.07142857142857142
2057,81405,16,0.9279999999999999,0.9280065208065853,1,0.0625
2058,81419,14,0.9369999999999999,0.9370059969725679,1,0.07142857142857142
2059,81437,18,0.919,0.9190037461016348,1,0.05555555555555555
2060,81467,30,0.865,0.8650132885497206,1,0.03333333333333333
2061,81499,32,0.856,0.8560204098139869,1,0.03125
2062,81513,14,0.9369999999999999,0.9370301247699692,1,0.07142857142857142
2063,81527,14,0.9369999999999999,0.93700309029831,1,0.07142857142857142
2064,81563,36,0.838,0.8380192535801965,1,0.027777777777777776
2065,81579,16,0.9279999999999999,0.9280061742600483,1,0.0625
2066,81595,16,0.9279999999999999,0.9280098129922535,1,0.0625
2067,81609,14,0.9369999999999999,0.9370035509153042,1,0.07142857142857142
2068,81623,14,0.9369999999999999,0.9370197738862943,1,0.07142857142857142
2069,81637,14,0.9369999999999999,0.9370037869247141,1,0.07142857142857142
2070,81666,29,0.8694999999999999,0.8695142287852689,1,0.034482758620689655
2071,81680,14,0.9369999999999999,0.9370055296878917,1,0.07142857142857142
2072,81760,80,0.6399999999999999,0.6400234735267184,1,0.0125
2073,81774,14,0.9369999999999999,0.9370052131446466,1,0.07142857142857142
2074,81788,14,0.9369999999999999,0.9370050674621092,1,0.07142857142857142
2075,81804,16,0.9279999999999999,0.928016949310648,1,0.0625
2076,82004,200,0.0,0.00043039234761965933,0,0.005
2077,82204,200,0.0,4.846903704009714e-05,0,0.01
2078,82218,14,0.9369999999999999,0.9370095480206537,1,0.07142857142857142
2079,82232,14,0.9369999999999999,0.9370181831447277,1,0.07142857142857142
2080,82246,14,0.9369999999999999,0.9370113004329105,1,0.07142857142857142
2081,82260,14,0.9369999999999999,0.9370096899249565,1,0.07142857142857142
2082,82274,14,0.9369999999999999,0.937009217346612,1,0.07142857142857142
2083,82288,14,0.9369999999999999,0.9370096031751239,1,0.07142857142857142
2084,82302,14,0.9369999999999999,0.9370094931453451,1,0.07142857142857142
2085,82316,14,0.9369999999999999,0.9370088330081314,1,0.07142857142857142
2086,82336,20,0.91,0.9100127584660891,1,0.05
2087,82350,14,0.9369999999999999,0.9370099380042817,1,0.07142857142857142
2088,82364,14,0.9369999999999999,0.9370075895839287,1,0.07142857142857142
2089,82386,22,0.901,0.9010185702502705,1,0.045454545454545456
2090,82400,14,0.9369999999999999,0.9370136260073493,1,0.07142857142857142
2091,82414,14,0.9369999999999999,0.9370220622341329,1,0.07142857142857142
2092,82428,14,0.9369999999999999,0.937008458700959,1,0.07142857142857142
2093,82442,14,0.9369999999999999,0.9370099171205023,1,0.07142857142857142
2094,82466,24,0.892,0.8920198246078463,1,0.16666666666666666
2095,82480,14,0.9369999999999999,0.9370194344043252,1,0.07142857142857142
2096,82496,16,0.9279999999999999,0.9280088816574923,1,0.0625
2097,82510,14,0.9369999999999999,0.9370149898821937,1,0.07142857142857142
2098,82524,14,0.9369999999999999,0.9370103125428668,1,0.07142857142857142
2099,82538,14,0.9369999999999999,0.9370173609257575,1,0.07142857142857142
2100,82552,14,0.9369999999999999,0.9370093909828754,1,0.07142857142857142
2101,82574,22,0.901,0.9010176930075112,1,0.045454545454545456
2102,82588,14,0.9369999999999999,0.937006336575169,1,0.07142857142857142
2103,82602,14,0.9369999999999999,0.9370073505304635,1,0.07142857142857142
2104,82623,21,0.9055,0.9055153213390317,1,0.047619047619047616
2105,82637,14,0.9369999999999999,0.9370095091714842,1,0.07142857142857142
2106,82651,14,0.9369999999999999,0.9370047020522667,1,0.07142857142857142
2107,82665,14,0.9369999999999999,0.9370096097485056,1,0.07142857142857142
2108,82681,16,0.9279999999999999,0.9280095569022395,1,0.0625
2109,82695,14,0.9369999999999999,0.9370070790596433,1,0.07142857142857142
2110,82709,14,0.9369999999999999,0.9370073080592829,1,0.07142857142857142
2111,82723,14,0.9369999999999999,0.9370152275894186,1,0.07142857142857142
2112,82739,16,0.9279999999999999,0.9280105803948464,1,0.0625
2113,82760,21,0.9055,0.905513533787033,1,0.047619047619047616
2114,82774,14,0.9369999999999999,0.9370089802207765,1,0.07142857142857142
2115,82788,14,0.9369999999999999,0.9370121542602496,1,0.07142857142857142
2116,82802,14,0.9369999999999999,0.9370075814773855,1,0.07142857142857142
2117,82816,14,0.9369999999999999,0.937009031832864,1,0.07142857142857142
2118,82832,16,0.9279999999999999,0.9280208241817687,1,0.0625
2119,82852,20,0.91,0.9100136448844077,1,0.05
2120,82866,14,0.9369999999999999,0.9370089993156734,1,0.07142857142857142
2121,82880,14,0.9369999999999999,0.9370271284498443,1,0.07142857142857142
2122,82896,16,0.9279999999999999,0.9280149921774931,1,0.1875
2123,82916,20,0.91,0.9100131049726573,1,0.05
2124,82930,14,0.9369999999999999,0.9370196108191736,1,0.07142857142857142
2125,82945,15,0.9325,0.9325068376041392,1,0.06666666666666667
2126,82959,14,0.9369999999999999,0.9370075388575295,1,0.07142857142857142
2127,82979,20,0.91,0.9100216030476891,1,0.05
2128,82997,18,0.919,0.919010840853825,1,0.05555555555555555
2129,83011,14,0.9369999999999999,0.9370076361185411,1,0.07142857142857142
2130,83025,14,0.9369999999999999,0.9370072471880445,1,0.07142857142857142
2131,83039,14,0.9369999999999999,0.9370065689273024,1,0.07142857142857142
2132,83053,14,0.9369999999999999,0.9370147564317923,1,0.07142857142857142
2133,83067,14,0.9369999999999999,0.9370034355908721,1,0.07142857142857142
2134,83085,18,0.919,0.9190181301816355,1,0.05555555555555555
2135,83099,14,0.9369999999999999,0.9370039465281094,1,0.07142857142857142
2136,83113,14,0.9369999999999999,0.9370056878246844,1,0.07142857142857142
2137,83127,14,0.9369999999999999,0.9370024969898144,1,0.07142857142857142
2138,83141,14,0.9369999999999999,0.9370017755121984,1,0.07142857142857142
2139,83167,26,0.883,0.8830097562069834,1,0.038461538461538464
2140,83181,14,0.9369999999999999,0.9370180968549104,1,0.07142857142857142
2141,83195,14,0.9369999999999999,0.9370092483166297,1,0.07142857142857142
2142,83211,16,0.9279999999999999,0.928006389939496,1,0.0625
2143,83225,14,0.9369999999999999,0.9370062719914932,1,0.07142857142857142
2144,83239,14,0.9369999999999999,0.937018450809698,1,0.07142857142857142
2145,83255,16,0.9279999999999999,0.9280041932041614,1,0.0625
2146,83269,14,0.9369999999999999,0.937005764331186,1,0.07142857142857142
2147,83283,14,0.9369999999999999,0.9370060591089221,1,0.07142857142857142
2148,83299,16,0.9279999999999999,0.9280044372385888,1,0.0625
2149,83313,14,0.9369999999999999,0.9370089779945128,1,0.07142857142857142
2150,83327,14,0.9369999999999999,0.9370059319040083,1,0.07142857142857142
2151,83341,14,0.9369999999999999,0.9370069934508354,1,0.07142857142857142
2152,83355,14,0.9369999999999999,0.9370173509267278,1,0.07142857142857142
2153,83371,16,0.9279999999999999,0.9280319323810712,1,0.1875
2154,83385,14,0.9369999999999999,0.937005919602112,1,0.07142857142857142
2155,83401,16,0.9279999999999999,0.9280079378605339,1,0.0625
2156,83417,16,0.9279999999999999,0.9280391251822221,1,0.1875
2157,83433,16,0.9279999999999999,0.9280075772147667,1,0.0625
2158,83449,16,0.9279999999999999,0.928004727524999,1,0.0625
2159,83463,14,0.9369999999999999,0.9370057882340003,1,0.07142857142857142
2160,83477,14,0.9369999999999999,0.937003415401373,1,0.07142857142857142
2161,83491,14,0.9369999999999999,0.937002959669923,1,0.07142857142857142
2162,83505,14,0.9369999999999999,0.9370095873954856,1,0.07142857142857142
2163,83519,14,0.9369999999999999,0.9370038407714293,1,0.07142857142857142
2164,83533,14,0.9369999999999999,0.9370082983658506,1,0.07142857142857142
2165,83547,14,0.9369999999999999,0.9370220347357165,1,0.07142857142857142
2166,83563,16,0.9279999999999999,0.9280070243161518,1,0.0625
2167,83577,14,0.9369999999999999,0.9370093829594308,1,0.07142857142857142
2168,83593,16,0.9279999999999999,0.9280039763236648,1,0.0625
2169,83609,16,0.9279999999999999,0.928005358201791,1,0.0625
2170,83623,14,0.9369999999999999,0.9370040431571725,1,0.07142857142857142
2171,83637,14,0.9369999999999999,0.9370112720592587,1,0.07142857142857142
2172,83653,16,0.9279999999999999,0.9280072159998027,1,0.0625
2173,83667,14,0.9369999999999999,0.9370079676595366,1,0.07142857142857142
2174,83687,20,0.91,0.9100094450075982,1,0.05
2175,83701,14,0.9369999999999999,0.9370052907545127,1,0.07142857142857142
2176,83715,14,0.9369999999999999,0.9370094298735712,1,0.07142857142857142
2177,83729,14,0.9369999999999999,0.9370065414991332,1,0.07142857142857142
2178,83743,14,0.9369999999999999,0.9370122678173533,1,0.07142857142857142
2179,83785,42,0.8109999999999999,0.8110096599175055,1,0.023809523809523808
2180,83801,16,0.9279999999999999,0.9280168485818076,1,0.0625
2181,83870,69,0.6895,0.6895205143224862,1,0.014492753623188406
2182,83886,16,0.9279999999999999,0.9280032044467752,1,0.0625
2183,83902,16,0.9279999999999999,0.928010581403508,1,0.1875
2184,83918,16,0.9279999999999999,0.9280219129744333,1,0.1875
2185,83932,14,0.9369999999999999,0.9370047303988651,1,0.07142857142857142
2186,83946,14,0.9369999999999999,0.9370071099268217,1,0.07142857142857142
2187,83962,16,0.9279999999999999,0.9280057793670917,1,0.0625
2188,83978,16,0.9279999999999999,0.9280045388342987,1,0.0625
2189,83992,14,0.9369999999999999,0.9370053702173127,1,0.07142857142857142
2190,84008,16,0.9279999999999999,0.9280069584069972,1,0.1875
2191,84026,18,0.919,0.9190092777074259,1,0.05555555555555555
2192,84040,14,0.9369999999999999,0.9370064677476919,1,0.07142857142857142
2193,84060,20,0.91,0.9100022162245002,1,0.05
2194,84074,14,0.9369999999999999,0.93700364100346,1,0.07142857142857142
2195,84094,20,0.91,0.910005277281486,1,0.05
2196,84110,16,0.9279999999999999,0.9280011177676517,1,0.0625
2197,84126,16,0.9279999999999999,0.9280010557997841,1,0.0625
2198,84142,16,0.9279999999999999,0.9280005985015111,1,0.0625
2199,84166,24,0.892,0.8920121753653126,1,0.041666666666666664
2200,84186,20,0.91,0.9100036787567656,1,0.05
2201,84200,14,0.9369999999999999,0.9370011742209985,1,0.07142857142857142
2202,84218,18,0.919,0.9190197458023657,1,0.16666666666666666
2203,84234,16,0.9279999999999999,0.9280053988830439,1,0.0625
2204,84252,18,0.919,0.9190103057947849,1,0.05555555555555555
2205,84272,20,0.91,0.9100006118233638,1,0.05
2206,84286,14,0.9369999999999999,0.9370054333914034,1,0.07142857142857142
2207,84302,16,0.9279999999999999,0.9280117129187077,1,0.0625
2208,84318,16,0.9279999999999999,0.9280049567666482,1,0.0625
2209,84332,14,0.9369999999999999,0.9370004625475675,1,0.07142857142857142
2210,84348,16,0.9279999999999999,0.9280134406977242,1,0.0625
2211,84362,14,0.9369999999999999,0.9370004434671161,1,0.07142857142857142
2212,84378,16,0.9279999999999999,0.9280093172345139,1,0.0625
2213,84394,16,0.9279999999999999,0.9280040693831384,1,0.0625
2214,84414,20,0.91,0.9100106921722351,1,0.15
2215,84432,18,0.919,0.9190031821303727,1,0.05555555555555555
2216,84446,14,0.9369999999999999,0.9370008416620946,1,0.07142857142857142
2217,84460,14,0.9369999999999999,0.9370030104332349,1,0.07142857142857142
2218,84474,14,0.9369999999999999,0.937010633528238,1,0.07142857142857142
2219,84488,14,0.9369999999999999,0.9370012089987249,1,0.07142857142857142
2220,84502,14,0.9369999999999999,0.9369999999999999,1,0.07142857142857142
2221,84518,16,0.9279999999999999,0.9280006137889408,1,0.0625
2222,84532,14,0.9369999999999999,0.9370012494325055,1,0.07142857142857142
2223,84546,14,0.9369999999999999,0.9370037229179742,1,0.07142857142857142
2224,84560,14,0.9369999999999999,0.9370005214348532,1,0.07142857142857142
2225,84574,14,0.9369999999999999,0.9370011063825364,1,0.07142857142857142
2226,84592,18,0.919,0.9190161068168717,1,0.05555555555555555
2227,84608,16,0.9279999999999999,0.9280095309792277,1,0.0625
2228,84622,14,0.9369999999999999,0.9370087830230107,1,0.07142857142857142
2229,84636,14,0.9369999999999999,0.9370003485071902,1,0.07142857142857142
2230,84667,31,0.8605,0.8605039014210986,1,0.03225806451612903
2231,84681,14,0.9369999999999999,0.9370002230201196,1,0.07142857142857142
2232,84719,38,0.829,0.8290059525212956,1,0.02631578947368421
2233,84735,16,0.9279999999999999,0.9280000413016171,1,0.0625
2234,84751,16,0.9279999999999999,0.9280237701455545,1,0.1875
2235,84767,16,0.9279999999999999,0.9280230336541727,1,0.1875
2236,84783,16,0.9279999999999999,0.928000460464282,1,0.0625
2237,84797,14,0.9369999999999999,0.9370007624942939,1,0.07142857142857142
2238,84819,22,0.901,0.9010070630462416,1,0.045454545454545456
2239,84837,18,0.919,0.9190006140137589,1,0.05555555555555555
2240,84853,16,0.9279999999999999,0.9280003486919235,1,0.0625
2241,84867,14,0.9369999999999999,0.9370022762500199,1,0.07142857142857142
2242,84881,14,0.9369999999999999,0.9370004750865146,1,0.07142857142857142
2243,84899,18,0.919,0.9190011981206946,1,0.05555555555555555
2244,84927,28,0.874,0.8740018761730128,1,0.03571428571428571
2245,84945,18,0.919,0.9190183870381702,1,0.05555555555555555
2246,84965,20,0.91,0.9100017508431993,1,0.05
2247,84981,16,0.9279999999999999,0.9280007627893986,1,0.0625
2248,85033,52,0.766,0.7660244088261938,1,0.019230769230769232
2249,85185,152,0.31599999999999995,0.31602090837236035,1,0.006578947368421052
2250,85291,106,0.5229999999999999,0.5230067304688734,1,0.009433962264150943
2251,85487,196,0.118,0.11807116047325322,1,0.00510204081632653
2252,85570,83,0.6265000000000001,0.6265228768327222,1,0.012048192771084338
2253,85660,90,0.595,0.5950217063146513,1,0.011111111111111112
2254,85695,35,0.8425,0.8425182438719085,1,0.08571428571428572
2255,85751,56,0.748,0.748013080006446,1,0.017857142857142856
2256,85849,98,0.5589999999999999,0.5590100816106536,1,0.01020408163265306
2257,85877,28,0.874,0.8740070825367194,1,0.03571428571428571
2258,85901,24,0.892,0.8920119162463563,1,0.041666666666666664
2259,85929,28,0.874,0.8740077515646892,1,0.03571428571428571
2260,86011,82,0.631,0.6310174109603736,1,0.012195121951219513
2261,86102,91,0.5905,0.5905338906694252,1,0.01098901098901099
2262,86176,74,0.667,0.6670285432273351,1,0.013513513513513514
2263,86242,66,0.703,0.7030327618702179,1,0.015151515151515152
2264,86442,200,0.0,5.3076564111453734e-05,0,0.005
2265,86642,200,0.0,5.5674438022930545e-05,0,0.005
2266,86842,200,0.0,3.8532629640399955e-05,0,0.005
2267,86890,48,0.784,0.7840103733972914,1,0.020833333333333332
2268,87047,157,0.2935,0.29352709007071975,1,0.006369426751592357
2269,87113,66,0.703,0.7030077999690892,1,0.015151515151515152
2270,87149,36,0.838,0.8380135141633598,1,0.027777777777777776
2271,87253,104,0.532,0.5322244849360234,1,0.2692307692307692
2272,87423,170,0.235,0.23507807037647735,1,0.07647058823529412
2273,87505,82,0.631,0.6312380888944349,1,0.7439024390243902
2274,87635,130,0.4149999999999999,0.4151307839687092,1,0.2230769230769231
2275,87825,190,0.14500000000000002,0.14511603750533486,1,0.18421052631578946
2276,87873,48,0.784,0.7842096799634476,1,0.4791666666666667
2277,87945,72,0.6759999999999999,0.676135625177964,1,0.4027777777777778
2278,88024,79,0.6445,0.6448697874015975,1,0.6455696202531646
2279,88164,140,0.37,0.3701382751424142,1,0.007142857142857143
2280,88182,18,0.919,0.9190042716659177,1,0.05555555555555555
2281,88198,16,0.9279999999999999,0.9280086842276781,1,0.0625
2282,88214,16,0.9279999999999999,0.9280080917859138,1,0.0625
2283,88230,16,0.9279999999999999,0.9280032584136261,1,0.0625
2284,88246,16,0.9279999999999999,0.9280035884274974,1,0.0625
2285,88268,22,0.901,0.9010161679032521,1,0.045454545454545456
2286,88300,32,0.856,0.8560134719300385,1,0.03125
2287,88354,54,0.757,0.7571024451330985,1,0.018518518518518517
2288,88370,16,0.9279999999999999,0.9280099152790785,1,0.0625
2289,88386,16,0.9279999999999999,0.9280106690904241,1,0.0625
2290,88402,16,0.9279999999999999,0.9280050675280416,1,0.0625
2291,88418,16,0.9279999999999999,0.9280144102617781,1,0.0625
2292,88436,18,0.919,0.9190042774305609,1,0.05555555555555555
2293,88486,50,0.775,0.775034787295648,1,0.02
2294,88500,14,0.9369999999999999,0.937010652908567,1,0.07142857142857142
2295,88514,14,0.9369999999999999,0.9370233317889297,1,0.07142857142857142
2296,88528,14,0.9369999999999999,0.9370022774386643,1,0.07142857142857142
2297,88546,18,0.919,0.9190080578582519,1,0.05555555555555555
2298,88562,16,0.9279999999999999,0.9280027228992547,1,0.0625
2299,88588,26,0.883,0.8830228556090084,1,0.038461538461538464
2300,88606,18,0.919,0.9190071983186614,1,0.05555555555555555
2301,88622,16,0.9279999999999999,0.9280099135660004,1,0.0625
2302,88636,14,0.9369999999999999,0.9370086286093096,1,0.07142857142857142
2303,88652,16,0.9279999999999999,0.9280048761340498,1,0.0625
2304,88666,14,0.9369999999999999,0.9370055159401899,1,0.07142857142857142
2305,88682,16,0.9279999999999999,0.9280136177221707,1,0.0625
2306,88700,18,0.919,0.9190070482534736,1,0.05555555555555555
2307,88714,14,0.9369999999999999,0.9370105126915614,1,0.07142857142857142
2308,88730,16,0.9279999999999999,0.9280111967660376,1,0.0625
2309,88746,16,0.9279999999999999,0.928012728493095,1,0.0625
2310,88762,16,0.9279999999999999,0.9280089042287151,1,0.0625
2311,88778,16,0.9279999999999999,0.9280059203580266,1,0.0625
2312,88798,20,0.91,0.9100087170862374,1,0.05
2313,88816,18,0.919,0.9190058311887386,1,0.05555555555555555
2314,88832,16,0.9279999999999999,0.9280038566801826,1,0.0625
2315,88848,16,0.9279999999999999,0.9280086749811235,1,0.0625
2316,88862,14,0.9369999999999999,0.9370043186627334,1,0.07142857142857142
2317,88876,14,0.9369999999999999,0.937002294723687,1,0.07142857142857142
2318,88890,14,0.9369999999999999,0.9370029252978713,1,0.07142857142857142
2319,88904,14,0.9369999999999999,0.9370044818899055,1,0.07142857142857142
2320,88920,16,0.9279999999999999,0.9280096328275339,1,0.0625
2321,88940,20,0.91,0.9100105486160605,1,0.05
2322,88958,18,0.919,0.9190152363049391,1,0.05555555555555555
2323,88974,16,0.9279999999999999,0.9280094994956267,1,0.0625
2324,88997,23,0.8965,0.8965138849599352,1,0.043478260869565216
2325,89029,32,0.856,0.8560058607277553,1,0.03125
2326,89049,20,0.91,0.9100213765537793,1,0.15
2327,89071,22,0.901,0.901002388707183,1,0.045454545454545456
2328,89103,32,0.856,0.8560047738754104,1,0.03125
2329,89173,70,0.685,0.6850076557098148,1,0.014285714285714285
2330,89201,28,0.874,0.8740012783874639,1,0.03571428571428571
2331,89229,28,0.874,0.8740098590222093,1,0.03571428571428571
2332,89405,176,0.20799999999999996,0.2080201127164129,1,0.005681818181818182
2333,89605,200,0.0,1.2166130562391173e-05,0,0.005
2334,89805,200,0.0,3.76920223059642e-06,0,0.005
2335,89825,20,0.91,0.9100005537030526,1,0.05
2336,89879,54,0.757,0.7570198389415257,1,0.09259259259259259
2337,89919,40,0.82,0.8200059488096758,1,0.025
2338,89976,57,0.7435,0.7435063231426556,1,0.017543859649122806
2339,90050,74,0.667,0.6670114759618363,1,0.013513513513513514
2340,90066,16,0.9279999999999999,0.9280051353856149,1,0.0625
2341,90080,14,0.9369999999999999,0.9370063909274485,1,0.07142857142857142
2342,90096,16,0.9279999999999999,0.9280051284114401,1,0.0625
2343,90110,14,0.9369999999999999,0.9370041020295324,1,0.07142857142857142
2344,90310,200,0.09999999999999998,0.10004224492594521,1,0.005
2345,90456,146,0.34299999999999997,0.3430260820855202,1,0.00684931506849315
2346,90656,200,0.0,4.951502994653749e-05,0,0.005
2347,90831,175,0.21250000000000002,0.21252938000764188,1,0.005714285714285714
2348,91031,200,0.09999999999999998,0.10004111699891012,1,0.005
2349,91045,14,0.9369999999999999,0.9370095414242101,1,0.07142857142857142
2350,91059,14,0.9369999999999999,0.9370041168911281,1,0.07142857142857142
2351,91095,36,0.838,0.8381300734145607,1,0.6388888888888888
2352,91113,18,0.919,0.9190111756386667,1,0.05555555555555555
2353,91131,18,0.919,0.9190101329476217,1,0.05555555555555555
2354,91149,18,0.919,0.9190602419768339,1,0.16666666666666666
2355,91165,16,0.9279999999999999,0.9280122378614897,1,0.1875
2356,91184,19,0.9145,0.914501951977396,1,0.15789473684210525
2357,91300,116,0.478,0.47873653411624734,1,0.8706896551724138
2358,91316,16,0.9279999999999999,0.9280015159738524,1,0.0625
2359,91332,16,0.9279999999999999,0.9280008943139155,1,0.0625
2360,91348,16,0.9279999999999999,0.9280010683763332,1,0.0625
2361,91428,80,0.6399999999999999,0.640032345703834,1,0.0875
2362,91444,16,0.9279999999999999,0.9280112056899671,1,0.1875
2363,91469,25,0.8875,0.8875074043454442,1,0.04
2364,91559,90,0.595,0.5956049627024134,1,0.8555555555555555
2365,91577,18,0.919,0.9190134687893006,1,0.05555555555555555
2366,91597,20,0.91,0.910019702464129,1,0.15
2367,91613,16,0.9279999999999999,0.9280002422336571,1,0.0625
2368,91743,130,0.4149999999999999,0.41504075155723336,1,0.007692307692307693
2369,91773,30,0.865,0.8650633284896077,1,0.23333333333333334
2370,91900,127,0.4285,0.42906944151239124,1,0.3700787401574803
2371,91930,30,0.865,0.8651513875593274,1,0.36666666666666664
2372,91997,67,0.6984999999999999,0.6985129206995351,1,0.04477611940298507
2373,92016,19,0.9145,0.9145113782747604,1,0.05263157894736842
2374,92030,14,0.9369999999999999,0.937011527606189,1,0.07142857142857142
2375,92046,16,0.9279999999999999,0.9280125145928644,1,0.0625
2376,92060,14,0.9369999999999999,0.9370019501618432,1,0.07142857142857142
2377,92074,14,0.9369999999999999,0.9370026633716597,1,0.07142857142857142
2378,92088,14,0.9369999999999999,0.9370019604088823,1,0.07142857142857142
2379,92108,20,0.91,0.9100034557388793,1,0.05
2380,92122,14,0.9369999999999999,0.9370015222781408,1,0.07142857142857142
2381,92140,18,0.919,0.9190027635866868,1,0.05555555555555555
2382,92154,14,0.9369999999999999,0.9370081452120094,1,0.07142857142857142
2383,92168,14,0.9369999999999999,0.937001362082387,1,0.07142857142857142
2384,92184,16,0.9279999999999999,0.9280007983487862,1,0.0625
2385,92200,16,0.9279999999999999,0.9280074823519543,1,0.0625
2386,92214,14,0.9369999999999999,0.9370107699669523,1,0.07142857142857142
2387,92230,16,0.9279999999999999,0.9280042083031868,1,0.0625
2388,92244,14,0.9369999999999999,0.9370003811929163,1,0.07142857142857142
2389,92258,14,0.9369999999999999,0.9370015244691827,1,0.07142857142857142
2390,92274,16,0.9279999999999999,0.9280152737916214,1,0.1875
2391,92288,14,0.9369999999999999,0.9370026781016648,1,0.07142857142857142
2392,92302,14,0.9369999999999999,0.9370019873653961,1,0.07142857142857142
2393,92316,14,0.9369999999999999,0.9370022568016322,1,0.07142857142857142
2394,92334,18,0.919,0.9190023273055046,1,0.05555555555555555
2395,92351,17,0.9235,0.9235035391516092,1,0.058823529411764705
2396,92365,14,0.9369999999999999,0.9370114788978043,1,0.07142857142857142
2397,92379,14,0.9369999999999999,0.937020522599262,1,0.07142857142857142
2398,92393,14,0.9369999999999999,0.9370008194352801,1,0.07142857142857142
2399,92419,26,0.883,0.8830080418638938,1,0.038461538461538464
2400,92437,18,0.919,0.9190205909588142,1,0.05555555555555555
2401,92461,24,0.892,0.8920016161202831,1,0.041666666666666664
2402,92475,14,0.9369999999999999,0.9370094518368752,1,0.07142857142857142
2403,92491,16,0.9279999999999999,0.9280042736655932,1,0.0625
2404,92505,14,0.9369999999999999,0.9370011917624647,1,0.07142857142857142
2405,92531,26,0.883,0.883001739342299,1,0.038461538461538464
2406,92551,20,0.91,0.9100569902676446,1,0.35
2407,92567,16,0.9279999999999999,0.9280027555877592,1,0.0625
2408,92581,14,0.9369999999999999,0.9370119742731786,1,0.07142857142857142
2409,92595,14,0.9369999999999999,0.9370112430418945,1,0.07142857142857142
2410,92609,14,0.9369999999999999,0.9370029297898776,1,0.07142857142857142
2411,92631,22,0.901,0.9010092863286048,1,0.045454545454545456
2412,92658,27,0.8785,0.8785035113300875,1,0.037037037037037035
2413,92697,39,0.8245,0.8245126268969832,1,0.02564102564102564
2414,92711,14,0.9369999999999999,0.937000902332094,1,0.07142857142857142
2415,92727,16,0.9279999999999999,0.9280007957169373,1,0.0625
2416,92741,14,0.9369999999999999,0.9370044753394721,1,0.07142857142857142
2417,92759,18,0.919,0.9190074876244849,1,0.2777777777777778
2418,92773,14,0.9369999999999999,0.9370014143587476,1,0.07142857142857142
2419,92787,14,0.9369999999999999,0.9370125724990278,1,0.07142857142857142
2420,92801,14,0.9369999999999999,0.9370032863281866,1,0.07142857142857142
2421,92817,16,0.9279999999999999,0.9280029375868871,1,0.0625
2422,92831,14,0.9369999999999999,0.9370019183588829,1,0.07142857142857142
2423,92857,26,0.883,0.8830153807288311,1,0.038461538461538464
2424,92871,14,0.9369999999999999,0.9370030190310702,1,0.07142857142857142
2425,92889,18,0.919,0.9190280909809683,1,0.05555555555555555
2426,92911,22,0.901,0.9010038210781882,1,0.045454545454545456
2427,92925,14,0.9369999999999999,0.9370162651797806,1,0.07142857142857142
2428,92941,16,0.9279999999999999,0.9280039566027001,1,0.0625
2429,92955,14,0.9369999999999999,0.9370048796104805,1,0.07142857142857142
2430,92971,16,0.9279999999999999,0.9280011293576246,1,0.0625
2431,92987,16,0.9279999999999999,0.9280206663766772,1,0.1875
2432,93001,14,0.9369999999999999,0.937003353207962,1,0.07142857142857142
2433,93015,14,0.9369999999999999,0.937004970223362,1,0.07142857142857142
2434,93077,62,0.721,0.7210909601796809,1,0.016129032258064516
2435,93095,18,0.919,0.9190112475789638,1,0.05555555555555555
2436,93145,50,0.775,0.7750641399217949,1,0.02
2437,93180,35,0.8425,0.8425362323862204,1,0.02857142857142857
2438,93194,14,0.9369999999999999,0.9370071166996581,1,0.07142857142857142
2439,93208,14,0.9369999999999999,0.937008037479674,1,0.07142857142857142
2440,93222,14,0.9369999999999999,0.937002972768316,1,0.07142857142857142
2441,93244,22,0.901,0.9010146613541663,1,0.045454545454545456
2442,93260,16,0.9279999999999999,0.9280142474482609,1,0.0625
2443,93274,14,0.9369999999999999,0.9370061316850553,1,0.07142857142857142
2444,93292,18,0.919,0.9190112474696337,1,0.05555555555555555
2445,93306,14,0.9369999999999999,0.9370116574402239,1,0.07142857142857142
2446,93322,16,0.9279999999999999,0.9280111568632724,1,0.0625
2447,93336,14,0.9369999999999999,0.9370073245114574,1,0.07142857142857142
2448,93360,24,0.892,0.892005495020025,1,0.041666666666666664
2449,93374,14,0.9369999999999999,0.9370066685270542,1,0.07142857142857142
2450,93388,14,0.9369999999999999,0.9370046359715333,1,0.07142857142857142
2451,93404,16,0.9279999999999999,0.9280063354666697,1,0.0625
2452,93420,16,0.9279999999999999,0.9280057258362451,1,0.0625
2453,93440,20,0.91,0.9100130697442693,1,0.05
2454,93454,14,0.9369999999999999,0.9370043640919894,1,0.07142857142857142
2455,93468,14,0.9369999999999999,0.9370057727394868,1,0.07142857142857142
2456,93484,16,0.9279999999999999,0.9280052089235672,1,0.0625
2457,93498,14,0.9369999999999999,0.9370071563296815,1,0.07142857142857142
2458,93522,24,0.892,0.892011156860014,1,0.041666666666666664
2459,93540,18,0.919,0.919009042737702,1,0.05555555555555555
2460,93558,18,0.919,0.9190071431445646,1,0.05555555555555555
2461,93666,108,0.514,0.5140372693637667,1,0.009259259259259259
2462,93710,44,0.802,0.8020107156992814,1,0.022727272727272728
2463,93730,20,0.91,0.9100074078581755,1,0.05
2464,93762,32,0.856,0.856025208477535,1,0.03125
2465,93782,20,0.91,0.9100136330594559,1,0.05
2466,93806,24,0.892,0.892022720660555,1,0.041666666666666664
2467,93834,28,0.874,0.8740288762654698,1,0.03571428571428571
2468,93848,14,0.9369999999999999,0.9370092901084128,1,0.07142857142857142
2469,93862,14,0.9369999999999999,0.9370049904504043,1,0.07142857142857142
2470,93898,36,0.838,0.8380440038791708,1,0.08333333333333333
2471,93915,17,0.9235,0.923506738392584,1,0.058823529411764705
2472,93945,30,0.865,0.8650145401153746,1,0.03333333333333333
2473,93959,14,0.9369999999999999,0.9370036897877299,1,0.07142857142857142
2474,93991,32,0.856,0.8560243454551091,1,0.03125
2475,94015,24,0.892,0.8920051435576054,1,0.041666666666666664
2476,94036,21,0.9055,0.9055107974594072,1,0.047619047619047616
2477,94056,20,0.91,0.9100575841373277,1,0.35
2478,94071,15,0.9325,0.9325022765040151,1,0.06666666666666667
2479,94087,16,0.9279999999999999,0.9280073552345168,1,0.0625
2480,94147,60,0.73,0.7302556106275827,1,0.55
2481,94163,16,0.9279999999999999,0.9280250176378989,1,0.0625
2482,94182,19,0.9145,0.9145044463411166,1,0.05263157894736842
2483,94214,32,0.856,0.8561411213277731,1,0.53125
2484,94236,22,0.901,0.9010979957276746,1,0.4090909090909091
2485,94253,17,0.9235,0.9235280573884519,1,0.058823529411764705
2486,94282,29,0.8694999999999999,0.8695011598670043,1,0.034482758620689655
2487,94304,22,0.901,0.9010010467238647,1,0.045454545454545456
2488,94325,21,0.9055,0.9055312836485474,1,0.14285714285714285
2489,94341,16,0.9279999999999999,0.9280022112930614,1,0.0625
2490,94360,19,0.9145,0.9145141242092971,1,0.05263157894736842
2491,94388,28,0.874,0.8740076781576104,1,0.03571428571428571
2492,94403,15,0.9325,0.9325022913076121,1,0.06666666666666667
2493,94423,20,0.91,0.9100215522034628,1,0.05
2494,94437,14,0.9369999999999999,0.9370023020148947,1,0.07142857142857142
2495,94456,19,0.9145,0.9145021227405744,1,0.05263157894736842
2496,94494,38,0.829,0.8290040270336325,1,0.02631578947368421
2497,94512,18,0.919,0.9190032693640431,1,0.05555555555555555
2498,94532,20,0.91,0.9100137727930435,1,0.05
2499,94563,31,0.8605,0.8605105067218971,1,0.03225806451612903
2500,94577,14,0.9369999999999999,0.9370165494017249,1,0.07142857142857142
2501,94599,22,0.901,0.9010018426731062,1,0.045454545454545456
2502,94621,22,0.901,0.9010026159252036,1,0.045454545454545456
2503,94644,23,0.8965,0.8965007440002599,1,0.043478260869565216
2504,94688,44,0.802,0.8020778983599078,1,0.20454545454545456
2505,94705,17,0.9235,0.9235217755641165,1,0.058823529411764705
2506,94719,14,0.9369999999999999,0.9370082965704503,1,0.07142857142857142
2507,94739,20,0.91,0.9100035388724003,1,0.05
2508,94769,30,0.865,0.8650682025485452,1,0.36666666666666664
2509,94785,16,0.9279999999999999,0.9280094467451661,1,0.1875
2510,94812,27,0.8785,0.8785298692363852,1,0.18518518518518517
2511,94845,33,0.8514999999999999,0.8515032706616822,1,0.030303030303030304
2512,94869,24,0.892,0.8920090540556408,1,0.041666666666666664
2513,94893,24,0.892,0.8920107756247109,1,0.041666666666666664
2514,94917,24,0.892,0.8920045521485134,1,0.041666666666666664
2515,94944,27,0.8785,0.8785026175153073,1,0.037037037037037035
2516,94982,38,0.829,0.8290618347903937,1,0.18421052631578946
2517,95016,34,0.847,0.8470355060857079,1,0.20588235294117646
2518,95030,14,0.9369999999999999,0.9370005239560224,1,0.07142857142857142
2519,95044,14,0.9369999999999999,0.9370103984897658,1,0.07142857142857142
2520,95060,16,0.9279999999999999,0.9280065120557885,1,0.0625
2521,95076,16,0.9279999999999999,0.9280023217776153,1,0.0625
2522,95090,14,0.9369999999999999,0.9370047611607268,1,0.07142857142857142
2523,95104,14,0.9369999999999999,0.9370025561264413,1,0.07142857142857142
2524,95120,16,0.9279999999999999,0.9280054796209044,1,0.0625
2525,95134,14,0.9369999999999999,0.9370005657389608,1,0.07142857142857142
2526,95154,20,0.91,0.9100182915842808,1,0.05
2527,95168,14,0.9369999999999999,0.9370027674336774,1,0.07142857142857142
2528,95182,14,0.9369999999999999,0.9370184175194657,1,0.07142857142857142
2529,95196,14,0.9369999999999999,0.9370025975077452,1,0.07142857142857142
2530,95214,18,0.919,0.9190214844042887,1,0.05555555555555555
2531,95228,14,0.9369999999999999,0.9370119664640958,1,0.07142857142857142
2532,95242,14,0.9369999999999999,0.9370137925259155,1,0.07142857142857142
2533,95256,14,0.9369999999999999,0.9370105690020352,1,0.07142857142857142
2534,95270,14,0.9369999999999999,0.9370066423593298,1,0.07142857142857142
2535,95284,14,0.9369999999999999,0.9370012220875205,1,0.07142857142857142
2536,95306,22,0.901,0.9010168225254371,1,0.045454545454545456
2537,95320,14,0.9369999999999999,0.9370170368831037,1,0.07142857142857142
2538,95338,18,0.919,0.9190043642263257,1,0.05555555555555555
2539,95354,16,0.9279999999999999,0.928001193408359,1,0.0625
2540,95368,14,0.9369999999999999,0.9370013161809139,1,0.07142857142857142
2541,95382,14,0.9369999999999999,0.9370008684721622,1,0.07142857142857142
2542,95396,14,0.9369999999999999,0.9370018546903981,1,0.07142857142857142
2543,95410,14,0.9369999999999999,0.9370228041012787,1,0.07142857142857142
2544,95424,14,0.9369999999999999,0.9370018530861433,1,0.07142857142857142
2545,95440,16,0.9279999999999999,0.9280111816515346,1,0.0625
2546,95454,14,0.9369999999999999,0.9370119418013756,1,0.07142857142857142
2547,95468,14,0.9369999999999999,0.9370195031704812,1,0.07142857142857142
2548,95482,14,0.9369999999999999,0.9370068700356339,1,0.07142857142857142
2549,95501,19,0.9145,0.9145131280070666,1,0.05263157894736842
2550,95521,20,0.91,0.9100047746691091,1,0.15
2551,95535,14,0.9369999999999999,0.9370107985722299,1,0.07142857142857142
2552,95563,28,0.874,0.8740082768062812,1,0.03571428571428571
2553,95577,14,0.9369999999999999,0.9370030028941547,1,0.07142857142857142
2554,95591,14,0.9369999999999999,0.9370098249669545,1,0.07142857142857142
2555,95605,14,0.9369999999999999,0.9370021923980486,1,0.07142857142857142
2556,95619,14,0.9369999999999999,0.9370029975081763,1,0.07142857142857142
2557,95635,16,0.9279999999999999,0.9280067379527783,1,0.0625
2558,95649,14,0.9369999999999999,0.9370012773606119,1,0.07142857142857142
2559,95665,16,0.9279999999999999,0.9280087365715611,1,0.0625
2560,95679,14,0.9369999999999999,0.937001762885699,1,0.07142857142857142
2561,95693,14,0.9369999999999999,0.9370128904292557,1,0.07142857142857142
2562,95707,14,0.9369999999999999,0.9370176409093317,1,0.07142857142857142
2563,95723,16,0.9279999999999999,0.9280016096104252,1,0.0625
2564,95739,16,0.9279999999999999,0.9280008702562402,1,0.0625
2565,95753,14,0.9369999999999999,0.9370033019189378,1,0.07142857142857142
2566,95767,14,0.9369999999999999,0.9370185140048752,1,0.07142857142857142
2567,95783,16,0.9279999999999999,0.9280387184475105,1,0.1875
2568,95797,14,0.9369999999999999,0.9370019381462131,1,0.07142857142857142
2569,95813,16,0.9279999999999999,0.9280179016556085,1,0.0625
2570,95827,14,0.9369999999999999,0.9370033929429731,1,0.07142857142857142
2571,95843,16,0.9279999999999999,0.9280024828366701,1,0.0625
2572,95859,16,0.9279999999999999,0.9280223200124629,1,0.0625
2573,95873,14,0.9369999999999999,0.9370025926839567,1,0.07142857142857142
2574,95889,16,0.9279999999999999,0.9280041757286793,1,0.0625
2575,95903,14,0.9369999999999999,0.9370044112407888,1,0.07142857142857142
2576,95921,18,0.919,0.9190099483113824,1,0.2777777777777778
2577,95937,16,0.9279999999999999,0.9280247693064899,1,0.0625
2578,95951,14,0.9369999999999999,0.9370018337046668,1,0.07142857142857142
2579,95965,14,0.9369999999999999,0.9370021172939239,1,0.07142857142857142
2580,95979,14,0.9369999999999999,0.9370109377610196,1,0.07142857142857142
2581,95993,14,0.9369999999999999,0.9370127322248539,1,0.07142857142857142
2582,96043,50,0.775,0.7750235775340525,1,0.02
2583,96059,16,0.9279999999999999,0.9280044702983608,1,0.0625
2584,96081,22,0.901,0.9010111962443634,1,0.045454545454545456
2585,96160,79,0.6445,0.6447170732634168,1,0.620253164556962
2586,96174,14,0.9369999999999999,0.9370161604759805,1,0.07142857142857142
2587,96218,44,0.802,0.8020097362700588,1,0.022727272727272728
2588,96250,32,0.856,0.8560064481173353,1,0.03125
2589,96264,14,0.9369999999999999,0.9370018878248483,1,0.07142857142857142
2590,96294,30,0.865,0.8650431472251505,1,0.36666666666666664
2591,96356,62,0.721,0.7210231839878745,1,0.016129032258064516
2592,96374,18,0.919,0.9190101009219087,1,0.16666666666666666
2593,96448,74,0.667,0.6673634476140239,1,0.6891891891891891
2594,96486,38,0.829,0.8290224969566272,1,0.02631578947368421
2595,96529,43,0.8065,0.8066703648259451,1,0.5348837209302325
2596,96549,20,0.91,0.9100117080434856,1,0.05
2597,96568,19,0.9145,0.9145076680353473,1,0.05263157894736842
2598,96602,34,0.847,0.847061381306998,1,0.5588235294117647
2599,96649,47,0.7885,0.7886182204080476,1,0.44680851063829785
2600,96752,103,0.5365,0.5368125868501135,1,0.4563106796116505
2601,96803,51,0.7705,0.7705142930817609,1,0.058823529411764705
2602,96820,17,0.9235,0.9235060391457699,1,0.058823529411764705
2603,96894,74,0.667,0.6673853988525867,1,0.8243243243243243
2604,96914,20,0.91,0.9100523742064411,1,0.15
2605,96960,46,0.7929999999999999,0.7930660379498492,1,0.2391304347826087
2606,96984,24,0.892,0.8920059403132662,1,0.041666666666666664
2607,97051,67,0.6984999999999999,0.6986138460490829,1,0.34328358208955223
2608,97251,200,0.0,2.0495887587523363e-06,0,0.005
2609,97315,64,0.712,0.7120027605680818,1,0.015625
2610,97447,132,0.4059999999999999,0.40600241014194366,1,0.007575757575757576
2611,97563,116,0.478,0.47800238063632383,1,0.008620689655172414
2612,97587,24,0.892,0.8920059236919855,1,0.125
2613,97603,16,0.9279999999999999,0.9280009466776071,1,0.0625
2614,97641,38,0.829,0.8290008134351362,1,0.02631578947368421
2615,97667,26,0.883,0.8830010368449421,1,0.038461538461538464
2616,97695,28,0.874,0.8740371498705966,1,0.17857142857142858
2617,97709,14,0.9369999999999999,0.9370058699502599,1,0.07142857142857142
2618,97738,29,0.8694999999999999,0.8695055439636009,1,0.034482758620689655
2619,97752,14,0.9369999999999999,0.9370109231454142,1,0.07142857142857142
2620,97766,14,0.9369999999999999,0.937001170219879,1,0.07142857142857142
2621,97784,18,0.919,0.9190132314442706,1,0.05555555555555555
2622,97838,54,0.757,0.7570015531795878,1,0.018518518518518517
2623,97897,59,0.7344999999999999,0.7345142037100564,1,0.05084745762711865
2624,97921,24,0.892,0.8920035367756636,1,0.041666666666666664
2625,97935,14,0.9369999999999999,0.937001367209892,1,0.07142857142857142
2626,97955,20,0.91,0.9100017033533526,1,0.05
2627,97971,16,0.9279999999999999,0.9280109105418293,1,0.0625
2628,97985,14,0.9369999999999999,0.9370012449288394,1,0.07142857142857142
2629,97999,14,0.9369999999999999,0.9370075532748717,1,0.07142857142857142
2630,98019,20,0.91,0.9100177139738174,1,0.05
2631,98040,21,0.9055,0.9055015124754952,1,0.047619047619047616
2632,98058,18,0.919,0.9190011560755633,1,0.05555555555555555
2633,98090,32,0.856,0.856005745878277,1,0.03125
2634,98110,20,0.91,0.910017092068821,1,0.05
2635,98124,14,0.9369999999999999,0.9370058050191132,1,0.07142857142857142
2636,98140,16,0.9279999999999999,0.9280003910758771,1,0.0625
2637,98166,26,0.883,0.8830095469016302,1,0.038461538461538464
2638,98184,18,0.919,0.9190129870868896,1,0.16666666666666666
2639,98200,16,0.9279999999999999,0.9280007401280822,1,0.0625
2640,98218,18,0.919,0.9190013748116878,1,0.05555555555555555
2641,98236,18,0.919,0.9190006760846176,1,0.05555555555555555
2642,98253,17,0.9235,0.9235035947065631,1,0.058823529411764705
2643,98275,22,0.901,0.9010010807409892,1,0.045454545454545456
2644,98309,34,0.847,0.8470106535509476,1,0.029411764705882353
2645,98329,20,0.91,0.9100022947723428,1,0.05
2646,98343,14,0.9369999999999999,0.9370003505432498,1,0.07142857142857142
2647,98359,16,0.9279999999999999,0.9280016301930507,1,0.0625
2648,98375,16,0.9279999999999999,0.928001006981932,1,0.0625
2649,98393,18,0.919,0.9190180485599664,1,0.05555555555555555
2650,98407,14,0.9369999999999999,0.9370184533091875,1,0.07142857142857142
2651,98423,16,0.9279999999999999,0.9280154989718322,1,0.0625
2652,98499,76,0.6579999999999999,0.6580097089684825,1,0.013157894736842105
2653,98530,31,0.8605,0.8605052819094012,1,0.03225806451612903
2654,98558,28,0.874,0.8740139595763938,1,0.03571428571428571
2655,98585,27,0.8785,0.8785210181587274,1,0.037037037037037035
2656,98612,27,0.8785,0.8785010307138698,1,0.037037037037037035
2657,98638,26,0.883,0.8830007954123502,1,0.038461538461538464
2658,98654,16,0.9279999999999999,0.928006878869187,1,0.0625
2659,98674,20,0.91,0.9100009934455104,1,0.05
2660,98698,24,0.892,0.8920023517245416,1,0.041666666666666664
2661,98715,17,0.9235,0.9235020453092869,1,0.058823529411764705
2662,98733,18,0.919,0.9190007089134087,1,0.05555555555555555
2663,98749,16,0.9279999999999999,0.9280007088614842,1,0.0625
2664,98767,18,0.919,0.9190019494366539,1,0.05555555555555555
2665,98787,20,0.91,0.9100017057044903,1,0.05
2666,98811,24,0.892,0.8920039575139344,1,0.041666666666666664
2667,98835,24,0.892,0.8920181857575379,1,0.125
2668,98861,26,0.883,0.8830085762169081,1,0.038461538461538464
2669,98877,16,0.9279999999999999,0.9280183828526408,1,0.0625
2670,98895,18,0.919,0.9190333613007733,1,0.16666666666666666
2671,98931,36,0.838,0.8380049937356786,1,0.027777777777777776
2672,98951,20,0.91,0.9100098511933902,1,0.05
2673,98991,40,0.82,0.8200036545873242,1,0.025
2674,99009,18,0.919,0.9190175732114774,1,0.05555555555555555
2675,99031,22,0.901,0.9010016030735227,1,0.045454545454545456
2676,99059,28,0.874,0.874006695239701,1,0.03571428571428571
2677,99259,200,0.0,0.001165287314218312,0,1.0
2678,99423,164,0.262,0.26256486526478245,1,0.5670731707317073
2679,99455,32,0.856,0.8560882692931969,1,0.53125
2680,99655,200,0.0,0.0011849734058295576,0,0.975
2681,99829,174,0.21699999999999997,0.21796659580484384,1,0.9252873563218391
2682,99867,38,0.829,0.8291221695335856,1,0.6052631578947368
2683,99961,94,0.577,0.5774464369812116,1,0.7340425531914894
2684,99993,32,0.856,0.8560854726412824,1,0.53125
